x,y,roi_radius,distance_to_left,distance_to_middle
128.984521137478,29.222359922035,1.604228522600,1.604228522600,1.604596264446
128.935758884350,29.518394555731,1.607435086880,1.607435086880,1.617353018760
128.893876734316,29.815480646766,1.615038801784,1.615038801784,1.619863725278
128.849950855694,30.112271445776,1.617703797687,1.617962920782,1.617703797687
128.803850674598,30.408732293387,1.616759493673,1.616759493673,1.620245540042
128.756672487323,30.705023501539,1.616161288161,1.616161288161,1.625194259018
128.708429903225,31.001143265113,1.619332240245,1.621310871094,1.619332240245
128.656096392951,31.296567466472,1.618124563978,1.620645728946,1.618124563978
128.603425537007,31.591931720500,1.617865038804,1.618021889649,1.617865038804
128.550435283252,31.887238839661,1.614816267949,1.618209867995,1.614816267949
128.497550153658,32.182564803196,1.611890037565,1.618122212472,1.611890037565
128.445984498540,32.478124008145,1.614909345179,1.614909345179,1.621813786009
128.399678041411,32.774552671793,1.619707392068,1.619707392068,1.628182140340
128.361828581273,33.072179317418,1.634964469652,1.635318529908,1.634964469652
128.331164609230,33.370631915693,1.631993021942,1.633119858861,1.631993021942
128.290896048699,33.667940921838,1.628971429460,1.628971429460,1.635486527405
128.249730780595,33.965127196513,1.634777482393,1.634777482393,1.637026388177
128.209730065224,34.262472456177,1.636376412929,1.636376412929,1.636468274551
128.164873867029,34.559124042717,1.630272591346,1.630272591346,1.639384537548
128.116392470751,34.855204784001,1.636112019532,1.636112019532,1.642739574019
128.072217483345,35.151958580515,1.639914997159,1.644430658743,1.639914997159
128.028694798731,35.448808773711,1.641149894550,1.641149894550,1.642244602285
127.985895065038,35.745764063165,1.641551151848,1.641551151848,1.643940045755
127.942668486581,36.042657519456,1.642911137100,1.642911137100,1.645656797803
127.899157787944,36.339509470242,1.644965343801,1.644965343801,1.645096777516
127.854310260467,36.636162396533,1.644110737527,1.645277469454,1.644110737527
127.808423241022,36.932656311581,1.639127421947,1.643582353964,1.639127421947
127.760149452644,37.228770976705,1.637949440145,1.640404483024,1.637949440145
127.712082924295,37.524919369345,1.637956124541,1.637956124541,1.638688618350
127.664140796795,37.821087926190,1.638390061791,1.638443871223,1.638390061791
127.617193387998,38.117415786555,1.636286777976,1.639170239847,1.636286777976
127.569766976472,38.413667363364,1.630677209380,1.636939675856,1.630677209380
127.521232771932,38.709739466776,1.626638019796,1.632806479617,1.626638019796
127.470926866017,39.005515685388,1.624918166720,1.626476681795,1.624918166720
127.419699087925,39.301133639421,1.624816585441,1.625352533527,1.624816585441
127.369703599912,39.596962491452,1.623835509299,1.625422475712,1.623835509299
127.320373500915,39.892903029505,1.624005189754,1.624906975764,1.624005189754
127.272310181476,40.189051937035,1.619068664136,1.624501484034,1.619068664136
127.222006196986,40.484828472922,1.612216263215,1.621064862355,1.612216263215
127.170853917527,40.780459500196,1.615388271748,1.615388271748,1.616522209477
127.125618390490,41.077053368657,1.616036107431,1.616036107431,1.617863224772
127.080345362168,41.373641660026,1.613524990961,1.617565214382,1.613524990961
127.034985441299,41.670216674545,1.613136923531,1.614979902881,1.613136923531
126.996046327201,41.967702634680,1.615107101397,1.616266698944,1.615107101397
126.959296075607,42.265467085459,1.606558942643,1.614838158287,1.606558942643
126.916515381578,42.562424951879,1.598774106199,1.607512891731,1.598774106199
126.870872943327,42.858956580293,1.589560658905,1.597501085696,1.589560658905
126.820994519039,43.154805111844,1.587416983557,1.590560574727,1.587416983557
126.772210579197,43.450836166472,1.587430963541,1.587696909403,1.587430963541
126.724216836102,43.746996360351,1.587826831382,1.587826831382,1.591343133908
126.680467621007,44.043813160072,1.591489296223,1.591489296223,1.593008212655
126.635159153398,44.340396026505,1.588964469394,1.591409942617,1.588964469394
126.587774405132,44.636654247502,1.589401236636,1.589401236636,1.590029898924
126.542070222134,44.933176388236,1.589182243750,1.589182243750,1.595127649645
126.497075028103,45.229806953962,1.594356694634,1.594356694634,1.598388954570
126.453673846528,45.526674921892,1.599344452532,1.599347124275,1.599344452532
126.410337263206,45.823552341395,1.598643971829,1.599426217487,1.598643971829
126.367070639187,46.120439964758,1.595490690741,1.598788875152,1.595490690741
126.320703803790,46.416859165797,1.591710935405,1.594766021381,1.591710935405
126.273774529897,46.713189899580,1.592284766387,1.592284766387,1.594357867303
126.228104202265,47.009717262118,1.592889860837,1.592889860837,1.598244376672
126.180628327624,47.305960895171,1.595929193143,1.595929193143,1.599417302846
126.131253932969,47.601894023628,1.598405214021,1.598405214021,1.602682031035
126.082223686944,47.897884388585,1.602293758832,1.602293758832,1.605881196645
126.033544907399,48.193932758938,1.605674712713,1.605674712713,1.608409636947
125.986188946849,48.490195593718,1.609095888612,1.609109069310,1.609095888612
125.937568697771,48.786253571294,1.607054810418,1.608111393285,1.607054810418
125.887759144556,49.082113781384,1.606793833411,1.606971176544,1.606793833411
125.839408022982,49.378215826490,1.605766292961,1.607935716376,1.605766292961
125.791578105068,49.674402523392,1.606378385986,1.606378385986,1.606567043153
125.744838602726,49.970763241285,1.606266975086,1.606266975086,1.606959802746
125.696993481708,50.266947474921,1.605950186370,1.605950186370,1.606634102685
125.648217872818,50.562979901432,1.606193381635,1.606193381635,1.611742240848
125.607952058834,50.860288787162,1.615985069852,1.615985069852,1.620643881504
125.567640308027,51.157592040404,1.621844770902,1.621844770902,1.622286349976
125.523499284628,51.454350796653,1.622230642406,1.622799520784,1.622230642406
125.480800741329,51.751320635797,1.623613333205,1.623613333205,1.623997082103
125.439188855690,52.048444695279,1.624144688369,1.624362643518,1.624144688369
125.395505549047,52.345271257595,1.622645086349,1.622645086349,1.625101366844
125.351620856288,52.642068149808,1.625020344171,1.625020344171,1.625109202762
125.307722379936,52.938863003959,1.623282642228,1.625982458411,1.623282642228
125.260995093828,53.235225584215,1.614892929382,1.621381530970,1.614892929382
125.212391129268,53.531286215287,1.612528829296,1.614844922513,1.612528829296
125.168136176653,53.828027946544,1.610372345287,1.612648985092,1.610372345287
125.124124919946,54.124806097168,1.605514625754,1.609887085264,1.605514625754
125.080037832516,54.421572992838,1.599789412730,1.605268209744,1.599789412730
125.034120930482,54.718062251295,1.594866230877,1.596468572916,1.594866230877
124.987126764156,55.014382691560,1.592664782346,1.593118252942,1.592664782346
124.940412694488,55.310747427795,1.592229756020,1.592558888301,1.592229756020
124.893280278862,55.607045919200,1.587947784087,1.591726057747,1.587947784087
124.845223363372,55.903195863215,1.584034287637,1.588521400425,1.584034287637
124.799997313759,56.199791237752,1.580644064693,1.585364824671,1.580644064693
124.756252236286,56.496608717841,1.573699049575,1.579749361682,1.573699049575
124.711337222889,56.793251422880,1.565675574374,1.571693537266,1.565675574374
124.667000588890,57.089981135520,1.562542903084,1.564157680397,1.562542903084
124.623779747424,57.386875413873,1.559871902174,1.560143250774,1.559871902174
124.584878196181,57.684366269497,1.563843349982,1.564069550361,1.563843349982
124.548013590777,57.982116560930,1.565811267218,1.565839964056,1.565811267218
124.512546257243,58.280036545514,1.564479861361,1.566629230154,1.564479861361
124.473852085468,58.577554532134,1.558822973623,1.559878935771,1.558822973623
124.429843079139,58.874332699316,1.553906162794,1.553906162794,1.555068153230
124.384937208182,59.170976794751,1.553629340241,1.555109316521,1.553629340241
124.340204085173,59.467646997439,1.554162762543,1.554162762543,1.556328967481
124.302824682658,59.765332513328,1.559552868965,1.559552868965,1.562338228793
124.263686530554,60.062792500191,1.564216511151,1.564216511151,1.565691508657
124.221920257422,60.359894825445,1.566601969709,1.566601969709,1.568225068151
124.179631256014,60.656923275617,1.567444990495,1.569121305816,1.567444990495
124.136802412060,60.953874365388,1.564659451661,1.567144499478,1.564659451661
124.090458536049,61.250297064026,1.560642699429,1.560642699429,1.561912778442
124.042803781686,61.546511975458,1.560098567325,1.560098567325,1.560158582936
123.993497001037,61.842456366761,1.548644244965,1.559022037911,1.548644244965
123.933415638464,62.136401265303,1.530901266547,1.549707797684,1.530901266547
123.871612642900,62.429990486641,1.532224291433,1.535940263669,1.532224291433
123.819122901771,62.725385864798,1.528629234450,1.530081243497,1.528629234450
123.766842383177,63.020819459538,1.524575791867,1.528324434273,1.524575791867
123.714722372380,63.316281413021,1.521982087417,1.525093913224,1.521982087417
123.666731912701,63.612441918713,1.521273172145,1.522357157316,1.521273172145
123.619362013388,63.908702533048,1.518732342427,1.520249561041,1.518732342427
123.570026884158,64.204642182477,1.516205891459,1.516205891459,1.517006389881
123.523662880844,64.501061766595,1.519868937837,1.519868937837,1.522197259844
123.480311487593,64.797936903940,1.525784718687,1.525784718687,1.527658111823
123.437342759142,65.094867786495,1.530285306210,1.530285306210,1.536510980465
123.393332659694,65.391646094275,1.539394286323,1.539394286323,1.543154198102
123.344507296285,65.687670005762,1.547420003341,1.547420003341,1.547543462747
123.296410449161,65.983813467776,1.549358849196,1.549358849196,1.550822673171
123.248999185457,66.280067463340,1.551703448041,1.551703448041,1.553568483624
123.203862056533,66.576676394153,1.556962019259,1.556962019259,1.560437105113
123.159394738285,66.873386548478,1.564217712571,1.564217712571,1.567307473682
123.116092366581,67.170268940598,1.573451917987,1.573451917987,1.574577099586
123.071558093984,67.466969036474,1.577232311881,1.577232311881,1.578308075291
123.026041316401,67.763520004057,1.579735392680,1.579735392680,1.580885833641
122.983552417686,68.060519791738,1.585049292677,1.585049292677,1.586330390172
122.938417870972,68.357129081700,1.584614110437,1.586875357432,1.584614110437
122.884116250877,68.652196623937,1.579121011066,1.579121011066,1.581504773935
122.828329882656,68.946988287654,1.580487277478,1.580668886055,1.580487277478
122.771552978607,69.241590792971,1.581297072262,1.581297072262,1.581648897321
122.718287005389,69.536848111709,1.582185175406,1.583097807227,1.582185175406
122.665801608391,69.832245368980,1.582529328881,1.582869331676,1.582529328881
122.614622815182,70.127871783758,1.581995958921,1.582128658011,1.581995958921
122.566469383503,70.424005915247,1.584903219362,1.584903219362,1.585432841657
122.520217192712,70.720443031064,1.588074215832,1.588074215832,1.588551566209
122.475440379563,71.017106609250,1.589822365277,1.589822365277,1.591229499411
122.428628281125,71.313455810645,1.590577771794,1.591047658771,1.590577771794
122.376968041985,71.608998122473,1.588044937400,1.588044937400,1.589319255025
122.327083962290,71.904845732204,1.591791592667,1.591822262782,1.591791592667
122.278214715013,72.200862705808,1.593120441514,1.594338829298,1.593120441514
122.229603323182,72.496922148583,1.590153453915,1.591347075973,1.590153453915
122.185401965056,72.793671723093,1.591386027274,1.592786267363,1.591386027274
122.150136301023,73.091614388044,1.599469419402,1.602359310726,1.599469419402
122.113872228041,73.389438442346,1.603775435540,1.603775435540,1.604814896823
122.076883484352,73.687173373998,1.606339615160,1.607204883521,1.606339615160
122.030225936322,73.983545455584,1.602556568189,1.604183742959,1.602556568189
121.983082791799,74.279842239335,1.597838340343,1.599031751824,1.597838340343
121.935247603800,74.576028079093,1.592793069759,1.592856286640,1.592793069759
121.887654951661,74.872252994496,1.588551333659,1.591748733343,1.588551333659
121.840336615484,75.168521852088,1.584143845063,1.585052298254,1.584143845063
121.796300264795,75.465296093301,1.574725223538,1.574725223538,1.576504808602
121.753768422766,75.762289833251,1.574229642778,1.574247206651,1.574229642778
121.713535380627,76.059603656530,1.577985559876,1.577985559876,1.578067135142
121.669435202420,76.356368338517,1.578293302137,1.578293302137,1.578454433226
121.623852588159,76.652909170234,1.577745429147,1.577745429147,1.577929326316
121.577791960608,76.949376163289,1.577724068262,1.577724068262,1.579138533921
121.531451118474,77.245799487623,1.580970297312,1.580970297312,1.582034038268
121.484727416090,77.542162703529,1.585492971126,1.585492971126,1.587103714132
121.435055539655,77.838045908804,1.589475033940,1.589475033940,1.590260027964
121.384658556191,78.133806623586,1.592594391570,1.592594391570,1.593610383515
121.336116623885,78.429877398603,1.596984854251,1.596984854251,1.599068261604
121.285659294221,78.725627762064,1.602305371594,1.602305371594,1.602315600692
121.232803674440,79.020958900288,1.604029583482,1.607299746118,1.604029583482
121.185312088740,79.317199478925,1.601956142398,1.601956142398,1.602050968616
121.138954259231,79.613620126317,1.598749897587,1.598899366438,1.598749897587
121.090340565570,79.909679092645,1.594943683493,1.594943683493,1.596509014515
121.040849963261,80.205592819222,1.596604470135,1.596604470135,1.596874442903
120.990414287390,80.501346930065,1.599594893091,1.600469691361,1.599594893091
120.945068593948,80.797923606840,1.603026149601,1.603104315731,1.603026149601
120.900826646558,81.094667434005,1.606878221064,1.606937112318,1.606878221064
120.856173029825,81.391349610877,1.610791489460,1.610791489460,1.611149276582
120.809779128537,81.687764576405,1.614775521169,1.614945964621,1.614775521169
120.761669072780,81.983905842963,1.617137330653,1.618139657834,1.617137330653
120.716135685663,82.280454137614,1.616792264784,1.616792264784,1.617754010939
120.670406513912,82.576972440435,1.618431258869,1.618431258869,1.618633791715
120.621745729178,82.873023593085,1.621763070340,1.622891388707,1.621763070340
120.575337739120,83.169436305014,1.622050394044,1.622050394044,1.622640707111
120.530958282873,83.466159536662,1.620412302568,1.620412302568,1.621497120963
120.483171078462,83.762352883256,1.622928957431,1.623553207242,1.622928957431
120.436272481248,84.058688457289,1.623928205899,1.624027882925,1.623928205899
120.394438594742,84.355780813832,1.623855683404,1.623855683404,1.623880367523
120.352148704253,84.652809134826,1.623204262953,1.623204262953,1.623511183311
120.309447798392,84.949778648826,1.622370889962,1.622370889962,1.622573609981
120.265045738412,85.246498520238,1.621565812791,1.621565812791,1.621946195447
120.219733131572,85.543080750289,1.621661330592,1.621686737749,1.621661330592
120.172243056450,85.839322026522,1.622400356724,1.622580089027,1.622400356724
120.126468936053,86.135833328177,1.623075586823,1.623464135528,1.623075586823
120.081934945742,86.432533456245,1.624170881005,1.624170881005,1.624258639423
120.038678870135,86.729422581453,1.620767315200,1.620767315200,1.621496963895
119.997304850370,87.026579789371,1.614233935359,1.614233935359,1.616938966556
119.960656509520,87.324356331807,1.608788448917,1.608788448917,1.611937133256
119.912720340537,87.620522958157,1.605870444562,1.606573691739,1.605870444562
119.857622612664,87.915443050157,1.599563946601,1.599915642292,1.599563946601
119.806284152953,88.211041476303,1.596781729315,1.596781729315,1.596907767240
119.755139490771,88.506673823875,1.594912610345,1.594912610345,1.594917147419
119.703973812722,88.802302535370,1.594958803369,1.594958803369,1.594983756577
119.657776717887,89.098747742977,1.598115361232,1.601736557428,1.598115361232
119.614366111628,89.395614181999,1.608605708965,1.612240977371,1.608605708965
119.562520115035,89.691122715259,1.618823469042,1.619124124739,1.618823469042
119.512411091267,89.986932284487,1.622764959586,1.622764959586,1.623119862155
119.466151163960,90.283367914978,1.619502473828,1.619502473828,1.620272106255
119.417246448938,90.579378880617,1.618996750449,1.618996750449,1.619256404743
119.367155373602,90.875191537090,1.617233208694,1.617233208694,1.618852233048
119.323638543373,91.172041585598,1.610181472201,1.610181472201,1.612579009090
119.280322268579,91.468921968651,1.607899998174,1.609015124304,1.607899998174
119.237204653495,91.765831268621,1.612508149118,1.614387483449,1.612508149118
119.196455509082,92.063074756496,1.615978272079,1.618863252257,1.615978272079
119.156336581809,92.360404082938,1.621017917794,1.623049489575,1.621017917794
119.109438097608,92.656738599856,1.621993769830,1.621993769830,1.622448255179
119.061285018204,92.952872899572,1.621560131283,1.621560131283,1.621970982187
119.011411728145,93.248722312431,1.622270489711,1.622276200599,1.622270489711
118.958241424506,93.543996804946,1.620266629160,1.620266629160,1.620523113444
118.904301896410,93.839131996657,1.617505738136,1.617771820543,1.617505738136
118.853776822162,94.134870576514,1.618826701038,1.619097186084,1.618826701038
118.804489426050,94.430818196179,1.619988971996,1.621082125083,1.619988971996
118.756754379161,94.727020141469,1.622674668461,1.623588759596,1.622674668461
118.708220814551,95.023092336815,1.626568355547,1.627602438394,1.626568355547
118.658692757960,95.318999786794,1.631302505916,1.631552543358,1.631302505916
118.603978719380,95.613991711408,1.624670973407,1.624670973407,1.625012453684
118.553742574194,95.909779269430,1.619972548814,1.620206368203,1.619972548814
118.508712188638,96.206403834277,1.618586888280,1.618586888280,1.619079406882
118.457819311330,96.502078737289,1.619034110003,1.619034110003,1.620170445030
118.405257707853,96.797462389087,1.620649305644,1.620649305644,1.620727465077
118.351465359946,97.092624417167,1.627053591250,1.627514481637,1.627053591250
118.302831812851,97.388679532333,1.629568291216,1.633840791483,1.629568291216
118.259398764142,97.685542187628,1.631324653360,1.631838686015,1.631324653360
118.227683117365,97.983881492787,1.628104972168,1.637122443153,1.628104972168
118.197146088317,98.282347129743,1.637103888413,1.640901032603,1.637103888413
118.162397886556,98.580351419432,1.635897100146,1.635897100146,1.639277046778
118.125624142229,98.878112893156,1.637259899773,1.637259899773,1.637924063724
118.087164769029,99.175661370945,1.640733271670,1.643559370303,1.640733271670
118.043942035420,99.472554808419,1.642637190662,1.642637190662,1.643223273763
117.995032874322,99.768564383145,1.630416021886,1.635217930948,1.630416021886
117.929601205132,100.061359267150,1.606029308249,1.610694669969,1.606029308249
117.879597127471,100.357180315915,1.597660653289,1.597660653289,1.598173851355
117.841219305042,100.654736326607,1.593056967513,1.593056967513,1.595812884377
117.802943327673,100.952308521530,1.595279813742,1.595530288683,1.595279813742
117.762394898232,101.249579464404,1.596436188700,1.596436188700,1.598832100220
117.715623676284,101.545934268043,1.590277788004,1.590277788004,1.593403554537
117.670930518267,101.842610381339,1.586252900546,1.586252900546,1.587917400895
117.627649720426,102.139495892564,1.583685353783,1.583685353783,1.585396753500
117.578183258494,102.435412727323,1.581147226256,1.581147226256,1.583712573180
117.530192606175,102.731573364967,1.578746854695,1.581330119692,1.578746854695
117.486667759322,103.028422756945,1.580485033626,1.581883106400,1.580485033626
117.445985023424,103.325675282366,1.581160509985,1.586890752377,1.581160509985
117.406907927339,103.623143274518,1.588695993639,1.595495680956,1.588695993639
117.362454540378,103.919854798213,1.597385278905,1.600035260156,1.597385278905
117.317473571483,104.216487519116,1.602017810628,1.603571559659,1.602017810628
117.271741889168,104.513005421822,1.599318845138,1.599318845138,1.600558347055
117.226520343125,104.809601560312,1.595807637854,1.595807637854,1.598073684707
117.181472561333,105.106224146464,1.592668483595,1.592668483595,1.595021869859
117.129761035054,105.401756719641,1.588941583906,1.588941583906,1.592061594523
117.079230782312,105.697494661091,1.587006087104,1.588089623471,1.587006087104
117.031040115414,105.993622738572,1.592995759582,1.596464222669,1.592995759582
116.982809821424,106.289744504630,1.599639538206,1.604782108429,1.599639538206
116.934452506504,106.585845554145,1.607867820181,1.612824726725,1.607867820181
116.884001866533,106.881597014082,1.616775063296,1.620703496267,1.616775063296
116.833294985196,107.177304763504,1.624930804157,1.629571801541,1.624930804157
116.782227921375,107.472950522226,1.634607643168,1.639952900003,1.634607643168
116.734663940418,107.769179712893,1.638436150396,1.640993486130,1.638436150396
116.688455476091,108.065623657890,1.627644759748,1.627644759748,1.635870036747
116.642246529453,108.362067573195,1.618473352787,1.618473352787,1.626840565933
116.594519538447,108.658270812395,1.609736813343,1.609736813343,1.617679088962
116.544643221263,108.954119661429,1.606611073815,1.606611073815,1.610612071818
116.499487364704,109.250725195448,1.605891794435,1.610146800107,1.605891794435
116.456003767408,109.547581047703,1.611799788368,1.618247406798,1.611799788368
116.413356021167,109.844558186059,1.616018494535,1.619816464254,1.616018494535
116.366707135208,110.140932743959,1.616568003185,1.616568003185,1.622834798172
116.315054423601,110.436476069902,1.616605853492,1.616605853492,1.618679851848
116.264450969513,110.732201501684,1.615591415613,1.615760042710,1.615591415613
116.214093805191,111.027969006343,1.612443805705,1.612443805705,1.614476246334
116.163275055762,111.323657546468,1.612143529137,1.612143529137,1.613383897606
116.118072332562,111.620255667104,1.606964789926,1.617933596452,1.606964789926
116.079154704528,111.917743558788,1.613856811327,1.622992801248,1.613856811327
116.036646227365,112.214740301003,1.621498055164,1.621498055164,1.623005229494
115.993215682640,112.511603968459,1.616669378643,1.616669378643,1.620833120245
115.949469929072,112.808421368891,1.618496112766,1.618496112766,1.619575236993
115.906913597738,113.105411598151,1.617397558497,1.622158474677,1.617397558497
115.865541155395,113.402569064411,1.620490128031,1.623661909839,1.620490128031
115.821186886255,113.699295886852,1.622068561008,1.622068561008,1.624208921498
115.775115051144,113.995761061927,1.618658328493,1.618658328493,1.623182639730
115.724236179598,114.291438602763,1.611220847120,1.611220847120,1.617377800842
115.676675441744,114.587668306807,1.607125563930,1.607125563930,1.608020775738
115.632137671243,114.884367643628,1.605297192254,1.605297192254,1.606817173436
115.593460940195,115.181887033815,1.603094061838,1.611064614605,1.603094061838
115.553442647704,115.479229869596,1.611914817558,1.617266917913,1.611914817558
115.505524964698,115.775400562390,1.613096822269,1.613096822269,1.616250850911
115.456615446998,116.071410879507,1.605903666995,1.605903666995,1.612402165709
115.407032102270,116.367309081488,1.593029527648,1.593029527648,1.603268524016
115.362733054289,116.664043575770,1.585526072872,1.585526072872,1.593184896875
115.319075178639,116.960873908152,1.578685607247,1.578685607247,1.586364280466
115.275472484514,117.257712360353,1.576687911009,1.576687911009,1.581275958151
115.233415719273,117.554773713566,1.575364742868,1.576708182738,1.575364742868
115.192433407668,117.851985241235,1.576292123868,1.577386754913,1.576292123868
115.149906056569,118.148979588200,1.576539918149,1.576539918149,1.577727372533
115.106274311873,118.445813736431,1.574606951842,1.574606951842,1.577735958781
115.060153900777,118.742271251790,1.572802343838,1.572802343838,1.576013909160
115.012220528294,119.038441128986,1.570242411580,1.570242411580,1.574313825327
114.963199134424,119.334432926281,1.571477731969,1.571477731969,1.572108389105
114.912714188183,119.630178582571,1.572353832220,1.572960175508,1.572353832220
114.863306683635,119.926106170848,1.572626808452,1.578548856786,1.572626808452
114.816469216335,120.222451226655,1.573982734248,1.574690476578,1.573982734248
114.769835673602,120.518828644663,1.568953864438,1.568953864438,1.575791162210
114.723288072868,120.815219573022,1.566977213693,1.566977213693,1.570847225905
114.676713340777,121.111606239376,1.566846971535,1.566846971535,1.567867622924
114.628823187482,121.407783149531,1.567547337246,1.567547337246,1.568567443795
114.578359357589,121.703532265550,1.553346663278,1.553346663278,1.563700535280
114.534918732260,122.000392870407,1.546680266674,1.546680266674,1.551936122044
114.494809472092,122.297723183374,1.548905001751,1.548905001751,1.549317508534
114.451284942387,122.594572719797,1.550491405678,1.552403269186,1.550491405678
114.405239345524,122.891041856555,1.554910465548,1.559332946857,1.554910465548
114.354959895105,123.186822012821,1.552670586371,1.552670586371,1.556472358784
114.309799309871,123.483426566186,1.547450404268,1.547450404268,1.550937298893
114.267298486773,123.780424571693,1.541885412461,1.541885412461,1.547498970263
114.232549179880,124.078427266380,1.540223938737,1.545252428961,1.540223938737
114.194437792167,124.376020187235,1.545914773968,1.545914773968,1.546627860329
114.150992433755,124.672880804853,1.547744210933,1.547744210933,1.549336903940
114.108082639181,124.969820198249,1.546081067087,1.551268727344,1.546081067087
114.065152953737,125.266756729793,1.550168708840,1.556049078187,1.550168708840
114.019485045866,125.563284227144,1.555924715923,1.560244036067,1.555924715923
113.972916029716,125.859671767681,1.560027862759,1.566397772609,1.560027862759
113.925193717125,126.155875779956,1.565224658167,1.572150144664,1.565224658167
113.876325490723,126.451892895850,1.571402085761,1.576653144277,1.571402085761
113.827415797985,126.747903205849,1.574515239429,1.577374554147,1.574515239429
113.780998159045,127.044314304677,1.576438552428,1.582109641416,1.576438552428
113.734086278241,127.340647784333,1.581076409005,1.588278460633,1.581076409005
113.686514248286,127.636875998877,1.586214035195,1.592593918304,1.586214035195
113.638514847361,127.933035273065,1.591618308711,1.596061663414,1.591618308711
113.589556959221,128.229037584511,1.595770348370,1.598404983390,1.595770348370
113.535441152566,128.524139595864,1.593784600478,1.593784600478,1.598414599864
113.481998280643,128.819365117522,1.587796780883,1.587796780883,1.593894252933
113.429400133748,129.114742304048,1.581434443513,1.581434443513,1.588561981648
113.383842281404,129.411285249032,1.578565089513,1.582133343183,1.578565089513
113.339129112171,129.707958442879,1.581728493355,1.584507773844,1.581728493355
113.290537329746,130.004020572876,1.584491026107,1.584491026107,1.584578308811
113.241540216665,130.300016421423,1.585601901711,1.585955819341,1.585601901711
113.192841533371,130.596061515900,1.579275380973,1.579275380973,1.583415063398
113.146872836756,130.892542517545,1.573386542220,1.573386542220,1.578291263226
113.101624332415,131.189134535677,1.567668823083,1.567668823083,1.574945233877
113.055005451386,131.485514192541,1.556125792531,1.556125792531,1.571448620627
113.017940312162,131.783236363565,1.551851489425,1.551851489425,1.556736716537
112.981916674589,132.081089589743,1.554596440680,1.556126576480,1.554596440680
112.935622164442,132.377516417109,1.550701935700,1.550701935700,1.568408445377
112.889824391127,132.674024115246,1.547071652296,1.547071652296,1.560698184712
112.846709000403,132.970933485634,1.544866026948,1.544866026948,1.552646515962
112.806396150941,133.268236321642,1.543952019980,1.544516591284,1.543952019980
112.764219736349,133.565280650810,1.544649525687,1.546530661554,1.544649525687
112.721320785118,133.862221607444,1.548859946419,1.549003863407,1.548859946419
112.677174296708,134.158979617709,1.549973345069,1.553664323912,1.549973345069
112.633821370335,134.455854626781,1.548969642582,1.560202972510,1.548969642582
112.589711582257,134.752618127460,1.546844446195,1.567167509176,1.546844446195
112.544400688659,135.049200585051,1.548772717162,1.576073723918,1.548772717162
112.497863483823,135.345593093030,1.552948146422,1.585644307094,1.552948146422
112.434923558828,135.638930605481,1.573966872662,1.589432916954,1.573966872662
112.372934743903,135.932480619418,1.593258219840,1.599710030073,1.593258219840
112.311832533579,136.226216495824,1.610225745530,1.629883849620,1.610225745530
112.231823096388,136.515361192435,1.616486303340,1.647137412284,1.616486303340
112.122636555975,136.794776412970,1.659308093537,1.676854301669,1.659308093537
111.986032326135,137.061866098984,1.686807705177,1.686807705177,1.737250678253
111.829754868149,137.317957439879,1.691708336045,1.691708336045,1.780999980971
111.636234867178,137.547143741442,1.660845993653,1.660845993653,1.776877718553
111.441432347841,137.775323996177,1.647048458819,1.647048458819,1.730668755526
111.244009952783,138.001240896357,1.639640301796,1.639640301796,1.700753227300
111.035072261601,138.216542813091,1.639215194035,1.639215194035,1.692003114795
110.813446824861,138.418757202675,1.633235643785,1.633235643785,1.683718477964
110.577539115008,138.604104149703,1.626686074900,1.626686074900,1.670731739679
110.331669125027,138.776027535235,1.636548938622,1.636548938622,1.649718174489
110.067555870139,138.918288309655,1.617987722003,1.617987722003,1.639226016505
109.795324506479,139.044380227546,1.621807349592,1.621807349592,1.622814042332
109.514168523915,139.149058691769,1.606215603831,1.609408469807,1.606215603831
109.224064322591,139.225483088138,1.597402421055,1.598659506413,1.597402421055
108.932583607955,139.296566635406,1.597423799818,1.597423799818,1.598242521628
108.637042081860,139.348176515135,1.597727356314,1.597727356314,1.605981550711
108.338521626167,139.378057826782,1.600697696793,1.600697696793,1.615043537989
108.039125607031,139.397416496925,1.603559972220,1.603559972220,1.641255965666
107.739118980432,139.395482630439,1.616875524819,1.616875524819,1.621165775432
107.442133931221,139.353081502062,1.592936335790,1.592936335790,1.640412234513
107.144789138709,139.313078313801,1.608999008514,1.608999008514,1.657107811643
106.847462340766,139.272940593053,1.634008681350,1.634008681350,1.671715113974
106.549040426596,139.241993182170,1.665526361991,1.666138742033,1.665526361991
106.250805537594,139.209279613524,1.657541201183,1.665470617393,1.657541201183
105.953198135036,139.171282092353,1.654156511616,1.654156511616,1.659535735873
105.656378615318,139.127554497063,1.654900818070,1.658326520911,1.654900818070
105.361513509202,139.072170016652,1.652965352238,1.652965352238,1.653020275403
105.067732052094,139.011289696521,1.650811919966,1.651790284422,1.650811919966
104.773700401000,138.951627039122,1.642882618949,1.644020590244,1.642882618949
104.478950297988,138.895622599080,1.632205754372,1.632205754372,1.633628328247
104.183865794042,138.841406690056,1.621488180268,1.621488180268,1.621903764834
103.888915775999,138.786463604693,1.611519818333,1.611568467248,1.611519818333
103.594138544308,138.730600947839,1.603722987632,1.603778360319,1.603722987632
103.299442368116,138.674312196422,1.593372994577,1.593791687993,1.593372994577
103.004825316555,138.617610760926,1.581470913769,1.582454692986,1.581470913769
102.711034192209,138.556776158119,1.568769467620,1.571290545276,1.568769467620
102.417217379426,138.496064199698,1.559955683325,1.560187420308,1.559955683325
102.122524704538,138.439759024525,1.552926085848,1.553028946511,1.552926085848
101.826025527080,138.393919173931,1.547013300903,1.552597389972,1.547013300903
101.528169901186,138.357928974376,1.554846782615,1.560318223618,1.554846782615
101.231910778704,138.310564403420,1.563178390170,1.563357860933,1.563178390170
100.935779817169,138.262390652724,1.563003811894,1.567161048732,1.563003811894
100.638762242001,138.220029550022,1.576159111642,1.583552623068,1.576159111642
100.340723126666,138.185586951298,1.584763896091,1.601003461322,1.584763896091
100.041918332609,138.158579528169,1.601048225446,1.617710584402,1.601048225446
99.743658339184,138.126100005463,1.614733927404,1.614733927404,1.617747904410
99.445741507526,138.090607304027,1.615838265555,1.617220932540,1.615838265555
99.149000152284,138.046357639817,1.619561864844,1.620765598927,1.619561864844
98.852446228228,138.000860193847,1.624220998899,1.625687464852,1.624220998899
98.556061913280,137.954270634258,1.629987560721,1.631462089144,1.629987560721
98.258857846000,137.913238074848,1.628955472842,1.628955472842,1.629729347621
97.961556065053,137.872915523391,1.628497996525,1.628551767251,1.628497996525
97.664445029484,137.831210927732,1.628670891604,1.628755374901,1.628670891604
97.367616767544,137.787539393750,1.627897756683,1.627897756683,1.628656176327
97.071053396785,137.742103776741,1.625565790059,1.625565790059,1.626316779436
96.774813817216,137.694602970906,1.620472504926,1.620472504926,1.621694720292
96.478843108138,137.645454508408,1.616839255913,1.616839255913,1.616929867632
96.183780860308,137.591120088189,1.614882960725,1.614908051625,1.614882960725
95.888524124853,137.537849951349,1.612351133789,1.612351133789,1.612513241625
95.593091240980,137.485565518525,1.609559668883,1.609559668883,1.609752892639
95.296421278111,137.440838135426,1.609467800890,1.610155889779,1.609467800890
94.999551969157,137.397446234264,1.611026712734,1.611133357560,1.611026712734
94.702582380928,137.354745882579,1.611238755935,1.611316398718,1.611238755935
94.406171858441,137.308324964812,1.613622865564,1.613984945178,1.613622865564
94.110280749089,137.258700415264,1.616493553756,1.616931541646,1.616493553756
93.813667911028,137.213591197387,1.611913054723,1.611913054723,1.613372793047
93.516913217168,137.169422158175,1.608577317933,1.608577317933,1.609107973460
93.220024649021,137.126162128499,1.607132389106,1.607132389106,1.607689436659
92.923386152434,137.081219613456,1.609009455831,1.610278735049,1.609009455831
92.626962133542,137.034883451459,1.613723372469,1.614998826289,1.613723372469
92.330184320985,136.990870667805,1.615747623072,1.616316627332,1.615747623072
92.033687666203,136.945001811500,1.618376719496,1.618376719496,1.618532269359
91.738442566510,136.891673452806,1.619598913232,1.619627677523,1.619598913232
91.442927872934,136.839853611848,1.617318423775,1.617318423775,1.617825077069
91.147196605710,136.789284249728,1.613162160477,1.613162160477,1.613670903042
90.851384526359,136.739189611896,1.614247289466,1.614459724839,1.614247289466
90.555558916610,136.689174911812,1.615200627763,1.615200627763,1.615355042612
90.259721108314,136.639232416930,1.614088786976,1.614088786976,1.614237670210
89.963134750472,136.593949775647,1.613431643427,1.614965206653,1.613431643427
89.666008442772,136.552355881172,1.616796138270,1.618083185873,1.616796138270
89.369216352791,136.508439533089,1.616728690511,1.616728690511,1.617291248729
89.072720182380,136.462567592078,1.611636834005,1.612944387692,1.611636834005
88.776495316693,136.414975013684,1.614053956343,1.614320704902,1.614053956343
88.478423963892,136.380837134933,1.602673006885,1.602673006885,1.608926223368
88.179944730144,136.350435676447,1.598163210441,1.598163210441,1.598980817944
87.882469576266,136.311424837751,1.595082027014,1.595082027014,1.595885364325
87.585573071152,136.268221677809,1.595839742594,1.595839742594,1.596229807712
87.289158807164,136.221824277521,1.603779345777,1.603779345777,1.604157384636
86.993912311981,136.168503062714,1.613558733243,1.613558733243,1.620355665566
86.699117177720,136.112735531999,1.632023290987,1.632023290987,1.642507450846
86.407227600579,136.043364864354,1.645417979611,1.645417979611,1.669454262618
86.117296420966,135.966206670426,1.663190888837,1.663190888837,1.698236068111
85.829854683005,135.880238810719,1.679867679526,1.679867679526,1.729337518408
85.546866159407,135.780593602834,1.696470876137,1.696470876137,1.759707311575
85.267282544508,135.671753819499,1.709725685757,1.709725685757,1.789016538571
84.993186849930,135.549756656059,1.725350878976,1.725350878976,1.820598865590
84.723462908851,135.418371894823,1.734937489042,1.734937489042,1.840000799955
84.460319507453,135.274263207917,1.749022640035,1.749022640035,1.837590099501
84.206722534912,135.113955651583,1.746797374343,1.746797374343,1.828482525884
83.961045375854,134.941750562639,1.750158318530,1.750158318530,1.822517752896
83.725711085585,134.755663273020,1.737853600210,1.737853600210,1.823479047200
83.497427072468,134.560985999211,1.733969365534,1.733969365534,1.825016704619
83.275155234846,134.359470425616,1.722613364068,1.722613364068,1.824133578526
83.060619020302,134.149739715112,1.718290184453,1.718290184453,1.822305963751
82.852124120706,133.934000768485,1.707354277323,1.707354277323,1.821821791730
82.650300185050,133.712008928859,1.704083307140,1.704083307140,1.824235697773
82.454639615183,133.484565732847,1.694596249088,1.694596249088,1.834316932505
82.265949097778,133.251307987746,1.691433366628,1.691433366628,1.852767829967
82.082587325541,133.013837611476,1.683293534701,1.683293534701,1.875569135227
81.903824664924,132.772885793760,1.683478046577,1.683478046577,1.901741878791
81.726984177285,132.530519051324,1.682898657119,1.682898657119,1.928677559343
81.553565173065,132.285692797163,1.690527226661,1.690527226661,1.960975192364
81.382386388849,132.039294753179,1.697471100511,1.697471100511,1.994246282003
81.213877324114,131.791063351785,1.710911680365,1.710911680365,2.027062202015
81.047972552576,131.541083856372,1.724261975877,1.724261975877,2.064183338173
80.882551493335,131.290783774198,1.743963583329,1.743963583329,2.102402126492
80.719038100949,131.039233448197,1.765366751582,1.765366751582,2.142672165923
80.558147851052,130.785997457016,1.788110584114,1.788110584114,2.186146810389
80.397692195702,130.532485639855,1.814977241014,1.814977241014,2.230385896445
80.237658240705,130.278707406381,1.843710059209,1.843710059209,2.257494743927
80.077957837529,130.024719137074,1.877033083868,1.877033083868,2.285357861108
79.918629746389,129.770497150263,1.911104220590,1.911104220590,2.318481929209
79.759204409533,129.516336131508,1.949274784671,1.949274784671,2.346163277640
79.604088796666,129.259522836356,1.983590374217,1.983590374217,2.371917893432
79.452830743988,129.000418600618,2.015568261327,2.015568261327,2.390832593675
79.298582045971,128.743083343013,2.052397512999,2.052397512999,2.364191514728
79.143856382483,128.486034267412,2.090594723397,2.090594723397,2.288918918793
78.990849628706,128.227958424463,2.127861737004,2.127861737004,2.214044979123
78.840562763311,127.968289428054,2.153380202351,2.162109425802,2.153380202351
78.691734965173,127.707781248319,2.092604985642,2.194768347478,2.092604985642
78.548439909407,127.444190190236,2.033600100076,2.220570566110,2.033600100076
78.409864753416,127.178087184795,1.953685378525,2.240669400035,1.953685378525
78.291370417083,126.902466154826,1.903904140168,2.236641555658,1.903904140168
78.176705809287,126.625218805654,1.868883624653,2.227224205777,1.868883624653
78.064487872357,126.346971957933,1.844026575287,2.213294161114,1.844026575287
77.945911119943,126.071375906565,1.832338843444,2.202939334435,1.832338843444
77.825614237143,125.796525256865,1.819322748024,2.192531578773,1.819322748024
77.705083050584,125.521777201317,1.807281301833,2.179156368902,1.807281301833
77.590157115560,125.244638618259,1.809829593809,2.156315164343,1.809829593809
77.479706159607,124.965686025382,1.828853798331,2.126532799900,1.828853798331
77.360092897306,124.690539521307,1.836360523719,2.102744669776,1.836360523719
77.235674450719,124.417530435343,1.837448337580,2.081023296776,1.837448337580
77.099081122336,124.150408517094,1.847031146820,2.070491420171,1.847031146820
76.960873810869,123.884113633531,1.879849866669,2.057158541921,1.879849866669
76.820707995440,123.618844446656,1.907281746541,2.042986567274,1.907281746541
76.671010222494,123.358838206104,1.918953222679,2.037183737530,1.918953222679
76.519399594146,123.099939728789,1.938650103939,2.028334850408,1.938650103939
76.366384751525,122.841868644076,1.962239151372,2.018200471018,1.962239151372
76.201369061249,122.591306567280,1.952702739807,2.019480293303,1.952702739807
76.026234180056,122.347708207043,1.937925693712,2.027267645088,1.937925693712
75.851586571244,122.103756435122,1.941501643145,2.031581327142,1.941501643145
75.675170147631,121.861080839216,1.933375748709,2.034922891399,1.933375748709
75.491659091194,121.623726799789,1.908462063518,2.041236207624,1.908462063518
75.310459757585,121.384601427724,1.903866023791,2.041576399794,1.903866023791
75.131761249768,121.143601468516,1.905817853612,2.035320429153,1.905817853612
74.942463505691,120.910839276310,1.912217160037,2.036479834383,1.912217160037
74.751926008674,120.679085749147,1.925574949055,2.036018048447,1.925574949055
74.565080385298,120.444346160494,1.955925081253,2.027107379632,1.955925081253
74.372521493193,120.214270957039,2.007183139216,2.019410725698,2.007183139216
74.175195922455,119.988270116797,2.014678364744,2.014678364744,2.036633449888
73.967459025129,119.771805257094,2.020247208547,2.020247208547,2.037200509848
73.754794488028,119.560174774685,2.026650268362,2.026650268362,2.052432354869
73.529255944581,119.362331175109,2.048672337612,2.048672337612,2.048685313075
73.307234651325,119.160538184960,2.034971085320,2.061615305300,2.034971085320
73.089898687099,118.953707944363,2.023180188996,2.061835532875,2.023180188996
72.863812793153,118.756484133601,1.997869676035,2.071909192714,1.997869676035
72.636131622482,118.561098667621,1.994119320113,2.080644048176,1.994119320113
72.412433518904,118.361166317108,2.001533534381,2.077719824379,2.001533534381
72.188105831862,118.161939469240,2.001511940393,2.072695448909,2.001511940393
71.964127117741,117.962320348113,2.004317752208,2.063372832693,2.004317752208
71.730959056179,117.773523444915,2.019812782715,2.062876046866,2.019812782715
71.495156995609,117.588020242878,2.034374291854,2.063639691391,2.034374291854
71.260349207004,117.401259625660,2.045304899354,2.058965693716,2.045304899354
71.019411865057,117.222480105223,2.040093046272,2.059291416044,2.040093046272
70.772712668834,117.051738952344,2.019624026775,2.066655785149,2.019624026775
70.525912820771,116.881139724200,2.010911771058,2.070285453019,2.010911771058
70.278777390203,116.711027008358,2.004039687149,2.069754540005,2.004039687149
70.033868856578,116.537724172897,2.018049309392,2.062549550662,2.018049309392
69.785705921867,116.369115211700,2.031864372785,2.057007226405,2.031864372785
69.534709501247,116.204753645038,2.040040662670,2.052167348514,2.040040662670
69.278216621499,116.049112158191,2.038142550794,2.054944761923,2.038142550794
69.019288041817,115.897553688824,2.033161613883,2.058283710552,2.033161613883
68.759957041088,115.746683922101,2.032458751028,2.058260934069,2.032458751028
68.499100965276,115.598467038199,2.058571278915,2.058571278915,2.064947098862
68.237317480050,115.451894112473,2.056257195474,2.056257195474,2.106676989621
67.966017638438,115.323812855065,2.070769290843,2.070769290843,2.122014920247
67.690985868402,115.203934598817,2.091501220519,2.091501220519,2.119314783265
67.416978540825,115.081729222920,2.104816633583,2.104816633583,2.107040906275
67.143428641642,114.958503012689,2.113137364756,2.113137364756,2.113479946759
66.871552170948,114.831628127295,2.114532903908,2.114532903908,2.151950657387
66.592650224460,114.721066914145,2.128520260126,2.128520260126,2.171526037319
66.310506459069,114.619046575373,2.147745684143,2.147745684143,2.175916238619
66.029162714321,114.514835815528,2.161587621596,2.161587621596,2.188525064875
65.746360447371,114.414651485215,2.174234800871,2.174234800871,2.201804062979
65.461823988789,114.319504722916,2.188229625877,2.188229625877,2.221022983951
65.173849551641,114.235342466579,2.210497282935,2.210497282935,2.247057513805
64.883908233829,114.158221558853,2.234363989508,2.234363989508,2.255883287462
64.595754380058,114.074669023679,2.247328815376,2.247328815376,2.263883223471
64.307006801690,113.993188766624,2.258980824035,2.258980824035,2.270299844805
64.017568824924,113.914196146066,2.267426833718,2.267426833718,2.269829973788
63.728488803896,113.833903070310,2.267042018606,2.269825227193,2.267042018606
63.438835969763,113.755701828682,2.270658368463,2.270658368463,2.272133297264
63.147329564076,113.684726174352,2.271975696352,2.273171092283,2.271975696352
62.855063982154,113.616940067457,2.273579186612,2.273579186612,2.274069553180
62.561740964735,113.553888035036,2.272440873982,2.274837177641,2.272440873982
62.267356806565,113.495992748319,2.275833524897,2.275833524897,2.276661626947
61.971934821127,113.443650686742,2.276183040999,2.276183040999,2.276396906376
61.675692332223,113.396170913901,2.276876238771,2.277115424048,2.276876238771
61.378251739624,113.356897115349,2.272018562173,2.281193868048,2.272018562173
61.079042190419,113.334898616303,2.279312868748,2.295161503396,2.279312868748
60.779483294412,113.318213858539,2.289277212412,2.309772272574,2.289277212412
60.479666088565,113.307100935429,2.300113130707,2.325183657736,2.300113130707
60.179739253658,113.299485368404,2.312643069214,2.335759687697,2.312643069214
59.879752768065,113.294767340081,2.323933532501,2.343804672908,2.323933532501
59.579733699241,113.296282792309,2.329676910543,2.352849665327,2.329676910543
59.279752531749,113.301322490174,2.337642878502,2.358038210589,2.337642878502
58.979881189089,113.310870572395,2.342172710001,2.360413508873,2.342172710001
58.679904143186,113.316140597247,2.352932244581,2.352932244581,2.356393593276
58.380011407159,113.324996329924,2.343178007090,2.343178007090,2.357962522153
58.080663464845,113.345079507829,2.335750608309,2.335750608309,2.341726043627
57.781236222795,113.363988861451,2.321926324455,2.321926324455,2.342344887023
57.481857819776,113.383656728259,2.303775668093,2.303775668093,2.343726848402
57.183597842353,113.416105625675,2.290849092426,2.290849092426,2.322695703650
56.885778478031,113.452405699926,2.275978241164,2.275978241164,2.304212437048
56.589003231259,113.496426916485,2.264277105932,2.264277105932,2.293203513683
56.292804131484,113.544177978794,2.250226695317,2.250226695317,2.280673714054
55.997253252816,113.595789289465,2.233861330663,2.233861330663,2.271927832957
55.703007987250,113.654383434222,2.220458662262,2.220458662262,2.258471349833
55.409161534986,113.714951343429,2.204005371595,2.204005371595,2.247389048850
55.115990120363,113.778705815652,2.184502938348,2.184502938348,2.237451882121
54.824824327345,113.851063411277,2.170096395960,2.170096395960,2.223271450328
54.535643750995,113.930988460186,2.159128417124,2.159128417124,2.201105361591
54.248967573771,114.019475297780,2.150978891042,2.150978891042,2.170032410642
53.963658600434,114.112280327440,2.144003672797,2.144003672797,2.153383120864
53.682412214939,114.216743643682,2.131324498249,2.145467272481,2.131324498249
53.402651337919,114.325131289782,2.113018719544,2.145382431167,2.113018719544
53.124135143263,114.436678729294,2.096734422989,2.145627632084,2.096734422989
52.845116747426,114.546964575995,2.093593646034,2.140855049907,2.093593646034
52.566113539720,114.657288969091,2.102686052368,2.130870363507,2.102686052368
52.287412636135,114.768374783964,2.114597709463,2.118939334461,2.114597709463
52.009433326946,114.881253972883,2.105416753095,2.105416753095,2.129021204360
51.731859604605,114.995127034946,2.088248988802,2.088248988802,2.133613408157
51.458919271077,115.119689601072,2.080194152760,2.080194152760,2.123520334538
51.187813537769,115.248202964035,2.072943456627,2.072943456627,2.106786775159
50.920268463845,115.383970942602,2.069710665778,2.069710665778,2.081708551611
50.655921874653,115.525866876650,2.049634666586,2.071058388099,2.049634666586
50.394736622374,115.673501260076,2.028098289758,2.075284501157,2.028098289758
50.139000046687,115.830381423712,2.001032324056,2.086776083137,2.001032324056
49.885281605173,115.990509543008,1.980242270909,2.099882802729,1.980242270909
49.633512690134,116.153685784234,1.960655722910,2.112649977762,1.960655722910
49.383102289216,116.318939541580,1.951446822761,2.124720059062,1.951446822761
49.133448443121,116.485334229143,1.948889353430,2.135830916310,1.948889353430
48.882057058854,116.649091612469,1.960002721163,2.139223741766,1.960002721163
48.630721571017,116.812935238787,1.981839145500,2.139708216573,1.981839145500
48.380888867200,116.979060998387,2.003702031089,2.140446261109,2.003702031089
48.132847374971,117.147849403958,2.024772859329,2.139310720203,2.024772859329
47.886003032560,117.318384052422,2.045054977638,2.137357949553,2.045054977638
47.637798435620,117.486932702895,2.064778415634,2.130330607843,2.064778415634
47.389971996790,117.656037138257,2.073916369540,2.118369505057,2.073916369540
47.144628981412,117.828724055657,2.081364536400,2.107901066547,2.081364536400
46.902973395429,118.006533582523,2.083695260774,2.100790824002,2.083695260774
46.665182325582,118.189479041911,2.083517635430,2.094257687054,2.083517635430
46.432567169222,118.378960920747,2.071306052818,2.093034970661,2.071306052818
46.203209644882,118.572374978042,2.046615849046,2.093625784738,2.046615849046
45.980403423233,118.773298107690,2.017520940119,2.098101345643,2.017520940119
45.762146393100,118.979155941462,1.983847947640,2.106064869835,1.983847947640
45.549023878149,119.190324628852,1.956704866847,2.117899917710,1.956704866847
45.342580156355,119.408026020212,1.924628379839,2.132665193324,1.924628379839
45.140283438014,119.629588235654,1.899288020955,2.149627575925,1.899288020955
44.940708765900,119.853606108828,1.875787389732,2.166598716932,1.875787389732
44.738210136359,120.074984315862,1.868450564400,2.172721788268,1.868450564400
44.530389628877,120.291373023453,1.875621313064,2.167803795440,1.875621313064
44.330071741118,120.514723212918,1.883655823673,2.169337322550,1.883655823673
44.134046975725,120.741853275486,1.895014552548,2.169377185995,1.895014552548
43.934389580052,120.965797022915,1.920688376136,2.160411245153,1.920688376136
43.740765852899,121.194976160811,1.950106279185,2.155398374105,1.950106279185
43.555587111285,121.431029689899,1.971295489957,2.154184965781,1.971295489957
43.371194602943,121.667701727991,1.990443349513,2.149063732745,1.990443349513
43.188944944431,121.906027572407,1.978834380069,2.142550066059,1.978834380069
43.002220068443,122.140862747366,1.986038441433,2.124180273192,1.986038441433
42.810499507721,122.371637185986,2.011138691611,2.096782603831,2.011138691611
42.611180726828,122.595879810684,2.035770609281,2.057878553971,2.035770609281
42.416217469888,122.823921560802,2.024126493184,2.024126493184,2.052379232031
42.224417078597,123.054630501942,1.995467699296,1.995467699296,2.088573945429
42.021996638655,123.276073704633,1.954755063453,1.954755063453,2.142633642038
41.817165313698,123.495295608711,1.914430158803,1.914430158803,2.198805591188
41.608838145493,123.711197664649,1.872130002491,1.872130002491,2.252997449784
41.396944375005,123.923600377523,1.832076124820,1.832076124820,2.281723674715
41.184097941814,124.135049265487,1.793465050207,1.793465050207,2.292613373162
40.966573263062,124.341680748767,1.759108706712,1.759108706712,2.320192082863
40.747885913091,124.547082951269,1.725543885846,1.725543885846,2.320025234977
40.526911643768,124.750022491860,1.702340208772,1.702340208772,2.292184392285
40.301666847524,124.948210287057,1.674979989530,1.674979989530,2.255922555021
40.073618875789,125.143166962218,1.657945211354,1.657945211354,2.212548735407
39.839501709833,125.330788869181,1.633320153839,1.633320153839,2.170800886163
39.606249962475,125.519489282784,1.625437440793,1.625437440793,2.121732232747
39.371765179908,125.706655210002,1.617333004437,1.617333004437,2.065765675193
39.132029294119,125.887043079194,1.616588748272,1.616588748272,2.010548808137
38.888598646746,126.062414629233,1.611305553224,1.611305553224,1.952691050941
38.636840923353,126.225598071244,1.607808419183,1.607808419183,1.918427358746
38.383594535653,126.386472016997,1.603302439047,1.603302439047,1.892179734928
38.127986426773,126.543565744602,1.611598177466,1.611598177466,1.863278251380
37.868501560625,126.694167701663,1.614106154678,1.614106154678,1.831307063509
37.606012026590,126.839470569104,1.628727722977,1.628727722977,1.795720682623
37.337182690172,126.972669907770,1.631396769309,1.631396769309,1.776916548245
37.065166543176,127.099242605367,1.645782806669,1.645782806669,1.764944650138
36.790653789922,127.220306390700,1.655779327620,1.655779327620,1.757783465813
36.508063424169,127.321049796341,1.662738792854,1.662738792854,1.757640747553
36.223813501015,127.417049216545,1.666435123326,1.666435123326,1.756715721239
35.936994435760,127.505071767811,1.679326073440,1.679326073440,1.757543509858
35.647813996649,127.584995572225,1.685601825304,1.685601825304,1.741264595604
35.357344320620,127.660103824172,1.703155974687,1.703155974687,1.728614421941
35.064505044182,127.725355488561,1.712303534453,1.712303534453,1.724873290825
34.770018625732,127.782722696078,1.724278425125,1.728444710604,1.724278425125
34.472826491739,127.823794295974,1.729658445280,1.729658445280,1.739516247124
34.174023942618,127.850780179567,1.730470245646,1.730470245646,1.762915988069
33.874595385484,127.869643736240,1.724835515322,1.724835515322,1.766743792639
33.574581473621,127.869176144687,1.711840310987,1.711840310987,1.765600405178
33.274625737038,127.862825177954,1.695384726228,1.695384726228,1.744243424341
32.974955347998,127.848302334307,1.680254437266,1.680254437266,1.720887302673
32.676111517644,127.821761249708,1.656668153695,1.656668153695,1.697239387446
32.377914836151,127.788710016974,1.633640489292,1.633640489292,1.664732512444
32.079282218245,127.759856324815,1.619472688283,1.619472688283,1.641499422796
31.780890475703,127.728606757045,1.607647332186,1.607647332186,1.625965037671
31.482862346813,127.694062142213,1.598161389056,1.598161389056,1.610838032877
31.185029802538,127.657868261005,1.589638581699,1.589638581699,1.598498227258
30.887200086017,127.621650563194,1.587607345957,1.587607345957,1.591766906564
30.589730848039,127.582584144089,1.584248683764,1.584248683764,1.587700484514
30.292637442228,127.540755307795,1.583614970425,1.583614970425,1.586198419875
29.996064982935,127.495380862950,1.581353268634,1.581353268634,1.582648045941
29.699619828122,127.449179973279,1.580447701901,1.581626680607,1.580447701901
29.403107967490,127.403409076518,1.582756569122,1.585115615444,1.582756569122
29.107658668400,127.351223876457,1.583737643008,1.583737643008,1.584691717073
28.812147972720,127.299380968249,1.585882983772,1.585882983772,1.586771613787
28.516342401722,127.249248368277,1.590595508775,1.590595508775,1.595155424632
28.220412536157,127.199854361523,1.598057949434,1.598057949434,1.602475169925
27.924657771745,127.149422600413,1.605228756347,1.605228756347,1.610218542521
27.628892415085,127.099052814118,1.613176063955,1.613176063955,1.614313418930
27.333091473371,127.048892433095,1.614641575246,1.614641575246,1.615171437341
27.037363349687,126.998304535585,1.616789161721,1.616789161721,1.621274583844
26.741674885305,126.947485318278,1.623747743724,1.623747743724,1.628999146297
26.445087508919,126.902212134370,1.633859484951,1.633859484951,1.637576674575
26.148456332641,126.857220953879,1.642365964524,1.642365964524,1.642631956280
25.851776676662,126.812550587160,1.642990398201,1.642990398201,1.643276945977
25.555140459381,126.767592664773,1.642087654839,1.642726078941,1.642087654839
25.258529701404,126.722467068182,1.638775197485,1.641393839855,1.638775197485
24.961433911358,126.680656057297,1.627214337505,1.631559409808,1.627214337505
24.664131425970,126.640339092777,1.615870486263,1.618893292144,1.615870486263
24.366419115875,126.603170951933,1.602244844700,1.605197378992,1.602244844700
24.069593634168,126.559488773590,1.593325802975,1.596141225721,1.593325802975
23.773365780058,126.511917060306,1.590609459669,1.591282536701,1.590609459669
23.476083152816,126.471464802601,1.587289936656,1.588503035745,1.587289936656
23.178799560691,126.431008316901,1.584854782139,1.585070849049,1.584854782139
22.881634068114,126.389693445274,1.584160223916,1.584399371928,1.584160223916
22.584408807689,126.348810653570,1.580559155025,1.581938665504,1.580559155025
22.287150187555,126.308171098509,1.575931960086,1.577625289142,1.575931960086
21.990780550991,126.261495215210,1.575984046204,1.575984046204,1.576214348566
21.694314460531,126.215428855550,1.577044714133,1.577044714133,1.577268512034
21.397615872585,126.170884857002,1.577652814354,1.577652814354,1.577929205520
21.101345673847,126.123576428625,1.577660828657,1.577660828657,1.579001394989
20.805300179090,126.074880498922,1.579935851810,1.579935851810,1.581872841266
20.508897818642,126.028406758989,1.583541980555,1.583541980555,1.585103040514
20.212480668165,125.982026434189,1.586601048314,1.586601048314,1.586658366417
19.916048126120,125.935744585522,1.586726952510,1.586726952510,1.586787756617
19.619732169387,125.888722196384,1.585026041060,1.585841103397,1.585026041060
19.323485482131,125.841265283159,1.584172283352,1.584172283352,1.584373525911
19.028007773625,125.789238477460,1.586312503759,1.586312503759,1.590841806230
18.732218736284,125.739008614422,1.594783648195,1.594783648195,1.595094823421
18.435860104335,125.692258261520,1.595345861906,1.595345861906,1.595526738740
18.139382444579,125.646266417843,1.593728147816,1.594766888277,1.593728147816
17.842864694685,125.600533666915,1.592071016059,1.592439973237,1.592071016059
17.546779106213,125.552083256684,1.593189943459,1.593189943459,1.594693208128
17.250802552823,125.502969773582,1.594222366130,1.595166301666,1.594222366130
16.955015698346,125.452726626012,1.592428023899,1.593626008254,1.592428023899
16.659348001960,125.401786798788,1.587409695604,1.590525396248,1.587409695604
16.363764571606,125.350360220750,1.579246181234,1.585656006684,1.579246181234
16.069312609094,125.292814086056,1.573330619689,1.574404254912,1.573330619689
15.773168716071,125.244738980738,1.572393221016,1.573633280439,1.572393221016
15.476565566966,125.199565009577,1.573993503566,1.573993503566,1.574608013581
15.180196352444,125.152879874876,1.574273558982,1.585326006656,1.574273558982
14.886829355574,125.090071853584,1.588426517036,1.605288274093,1.588426517036
14.595988371611,125.016427410767,1.610531135847,1.619729031586,1.610531135847
14.311102702767,124.922374816274,1.629658545687,1.633638455558,1.629658545687
14.032896409801,124.810086158270,1.632444108987,1.633025534037,1.632444108987
13.769896025688,124.665788118228,1.626646447992,1.628617111966,1.626646447992
13.506342376868,124.522422571911,1.627754834919,1.628997865532,1.627754834919
13.245119363288,124.374854377982,1.650761467879,1.654649588077,1.650761467879
12.992263646765,124.213381445366,1.669085219212,1.669332879235,1.669085219212
12.749374571749,124.037274603744,1.673327585900,1.673541095247,1.673327585900
12.518815897402,123.845311099815,1.662329074794,1.662329074794,1.668145075982
12.304365710188,123.635510551134,1.666314800578,1.666314800578,1.674256713856
12.093126188885,123.422456942270,1.674077551751,1.674077551751,1.680856413859
11.888971408959,123.202608063038,1.675237845969,1.677016156501,1.675237845969
11.697074879439,122.971987678653,1.666879635309,1.666879635309,1.668426541924
11.517745747763,122.731464444824,1.661941921797,1.667755080761,1.661941921797
11.354466506947,122.479773650732,1.652414617362,1.652414617362,1.662380733216
11.195253316142,122.225480299454,1.660634379235,1.660634379235,1.674036390448
11.040678833742,121.968341139285,1.668243493853,1.668243493853,1.692621613718
10.884926127580,121.711913130819,1.698418868287,1.698418868287,1.716009139557
10.751615074721,121.443152485291,1.708274878022,1.708274878022,1.730422143083
10.630732211177,121.168563636454,1.722229362196,1.722229362196,1.732518391488
10.528695914100,120.886434091127,1.719421494184,1.719421494184,1.719860305256
10.450541416462,120.596783724258,1.709497154840,1.715894783995,1.709497154840
10.393592231099,120.302225344465,1.695472384747,1.695472384747,1.710519098913
10.342892910393,120.006517162197,1.694951288516,1.694951288516,1.704336506998
10.302262565619,119.709259673027,1.697600210305,1.697600210305,1.698652937838
10.269344438826,119.411048602102,1.688362120426,1.695231348442,1.688362120426
10.250052750974,119.111649988447,1.674985890040,1.680934105384,1.674985890040
10.242990214208,118.811712692160,1.656060818950,1.675576478635,1.656060818950
10.260018067520,118.512185526431,1.648866637901,1.648866637901,1.653734277140
10.282308014021,118.212991467459,1.645121854028,1.645121854028,1.646403568537
10.313350186003,117.914579660350,1.633971340403,1.639976222524,1.633971340403
10.351590684701,117.617004065632,1.611793023438,1.638757979982,1.611793023438
10.396039530458,117.320292013450,1.584234512120,1.631847016643,1.584234512120
10.449019523853,117.024984745189,1.564640289070,1.604076714091,1.564640289070
10.512030325782,116.731654668371,1.574632185138,1.577890723045,1.574632185138
10.564627085585,116.436279828877,1.574479017651,1.574479017651,1.575637913475
10.616953975644,116.140854444009,1.577415033076,1.577415033076,1.583724378209
10.668486886908,115.845289540823,1.586550011305,1.586550011305,1.587000673775
10.714700420557,115.548847003273,1.582287569450,1.583366362696,1.582287569450
10.755342874840,115.251589477230,1.573114801554,1.583146441784,1.573114801554
10.810124611498,114.956614056487,1.568815632873,1.571411934614,1.568815632873
10.865483074665,114.661741710967,1.568161518387,1.568161518387,1.569598978754
10.921093802040,114.366916834410,1.569257347578,1.569257347578,1.572955062377
10.974658343325,114.071713441063,1.572390567180,1.572390567180,1.575991781919
11.027130728460,113.776313890086,1.576518120896,1.576518120896,1.582449037888
11.077597497422,113.480565159558,1.582337774597,1.582337774597,1.587802207560
11.128567949428,113.184902732536,1.587119769493,1.587119769493,1.593169222547
11.179559337683,112.889243908892,1.591508797575,1.591508797575,1.601159139009
11.227221873892,112.593030493568,1.604317848060,1.604317848060,1.609804552492
11.274440346069,112.296745706059,1.609114609119,1.612089792167,1.609114609119
11.321108876315,112.000373801642,1.605561208517,1.606881535240,1.605561208517
11.368751917672,111.704157008695,1.604434635123,1.605188731743,1.604434635123
11.416489201511,111.407955365696,1.603403513458,1.604756352207,1.603403513458
11.463249806316,111.111597990868,1.601383387842,1.603514293985,1.601383387842
11.508134835870,110.814950817959,1.597465523985,1.600807074564,1.597465523985
11.551419696337,110.518065913863,1.591930128398,1.595403117309,1.591930128398
11.593535327524,110.221012861440,1.585213720278,1.588535057959,1.585213720278
11.636315237404,109.924054726113,1.579168185595,1.581607588818,1.579168185595
11.680910543598,109.627363856939,1.574957348596,1.577323524878,1.574957348596
11.727043901812,109.330908226714,1.572302346926,1.573532454130,1.572302346926
11.773997323722,109.034581332478,1.570477428687,1.571530606602,1.570477428687
11.822355784407,108.738480519428,1.570075612383,1.570330985337,1.570075612383
11.872583348674,108.442691065230,1.568163715305,1.568163715305,1.571568652379
11.925200564243,108.147317396037,1.572097990675,1.572097990675,1.575487146878
11.978688240045,107.852099985638,1.575917720403,1.575917720403,1.580289924029
12.032251799585,107.556896315769,1.581185836571,1.581185836571,1.585169809152
12.085318169274,107.261602871554,1.586103300516,1.586103300516,1.589544524440
12.140151413439,106.966632487682,1.588619795123,1.588619795123,1.595715127296
12.196313194044,106.671912130061,1.596034955908,1.596034955908,1.603237237791
12.253261978445,106.377342803361,1.603664481332,1.603664481332,1.611560434259
12.309189126212,106.082577814480,1.613361109901,1.613361109901,1.618843777926
12.362987208820,105.787416915783,1.621076283345,1.621076283345,1.623962019295
12.413264638428,105.491636176699,1.625505678058,1.628220086725,1.625505678058
12.461799672833,105.195564283122,1.625282787966,1.626284042905,1.625282787966
12.507448078166,104.899033757669,1.622137108689,1.624518629631,1.622137108689
12.554857157957,104.602779495465,1.618088939051,1.618088939051,1.620773594670
12.604297078112,104.306857393410,1.619171071789,1.619171071789,1.621467904204
12.656375946967,104.011388374398,1.621082495731,1.621082495731,1.624839713030
12.707833090501,103.715810268361,1.627015784364,1.627015784364,1.627580333503
12.755605568184,103.419614677054,1.626584921305,1.630740563541,1.626584921305
12.801532677109,103.123127056139,1.623721213221,1.624939697592,1.623721213221
12.846297507819,102.826461671880,1.619681788799,1.621030989503,1.619681788799
12.892104397594,102.529955395889,1.616645634510,1.616645634510,1.616696428006
12.938213779857,102.233495980157,1.614017153917,1.614842366743,1.614017153917
12.984796358878,101.937110553230,1.611816810277,1.612621474866,1.611816810277
13.031360846249,101.640722277177,1.609598152469,1.610502426461,1.609598152469
13.077850778551,101.344322297794,1.607304028749,1.608239341364,1.607304028749
13.123896467607,101.047852986016,1.604560299924,1.606112506096,1.604560299924
13.169896631841,100.751376601555,1.601770502057,1.602316033882,1.601770502057
13.215859260882,100.454894395705,1.598942721920,1.599525508320,1.598942721920
13.263186269697,100.158626976919,1.596464128690,1.596464128690,1.597496089825
13.311253926676,99.862478782589,1.596340221161,1.596340221161,1.596799635564
13.360831001512,99.566579583876,1.596004363598,1.596004363598,1.597632998587
13.411583645115,99.270879723577,1.597813352194,1.597813352194,1.599658697871
13.463030729199,98.975299867878,1.600241460679,1.600241460679,1.602389108278
13.516206293665,98.680026150624,1.604039279189,1.604039279189,1.606874772624
13.569388484364,98.384753537163,1.609229273564,1.609229273564,1.611367154497
13.622535965110,98.089474674143,1.615515558238,1.615515558238,1.615824272208
13.673024765506,97.793729827796,1.617582324906,1.618692698906,1.617582324906
13.722091280045,97.497745530320,1.617898085170,1.618652592804,1.617898085170
13.767835873718,97.201229939851,1.614849742682,1.615854989011,1.614849742682
13.813424554788,96.904690003818,1.611633422562,1.611633422562,1.611643603748
13.858929290237,96.608137174452,1.608051381992,1.608051381992,1.608352539789
13.907188130559,96.312020296191,1.607019087089,1.607019087089,1.607849816627
13.956590811169,96.016091901905,1.607502927836,1.607502927836,1.608506359096
14.008011713577,95.720507603073,1.610974451725,1.610974451725,1.611210213810
14.057947709330,95.424668771144,1.612096672102,1.612096672102,1.612407536776
14.107259375290,95.128725170833,1.612072099605,1.612072099605,1.612971803332
14.158508537103,94.833111042101,1.614899618761,1.614899618761,1.615501352769
14.209023190468,94.537370412223,1.617155272753,1.617155272753,1.617285599989
14.258533914919,94.241460069187,1.617902549518,1.617902549518,1.618051683568
14.307796726186,93.945508322964,1.618477969329,1.618477969329,1.618566421071
14.356888192434,93.649528105583,1.618907464414,1.618985096852,1.618907464414
14.405502407382,93.353469132685,1.618764802050,1.618800072485,1.618764802050
14.453908288694,93.057376019696,1.618411027344,1.618529129153,1.618411027344
14.502163140998,92.761258255144,1.617904225147,1.617971051856,1.617904225147
14.548596495966,92.464849516238,1.615552852668,1.615898258507,1.615552852668
14.595548230869,92.168522348635,1.612948390347,1.612948390347,1.613726225421
14.643788847542,91.872402318359,1.613050140500,1.613050140500,1.613205008625
14.693237052830,91.576481536909,1.613210543893,1.613210543893,1.613907707769
14.743262308848,91.280657722265,1.614865366495,1.614865366495,1.615195544912
14.794064833172,90.984966407851,1.616766009192,1.616766009192,1.617271850636
14.845286385139,90.689347377676,1.618742389279,1.618742389279,1.619773360718
14.896969544955,90.393808702539,1.622123358208,1.622123358208,1.622743400916
14.947073804275,90.097998334797,1.624111376415,1.625144620423,1.624111376415
14.996719899438,89.802110647995,1.625014713071,1.625014842795,1.625014713071
15.045863713661,89.506139125353,1.625392907693,1.625392907693,1.625408821504
15.096072279957,89.210346397527,1.624901409472,1.624901409472,1.626882584075
15.146993244452,88.914675453401,1.628684237462,1.628684237462,1.629079065903
15.199870192004,88.619348157319,1.631627137706,1.631627137706,1.633261375813
15.253135449751,88.324090521601,1.636797888183,1.636797888183,1.637838154540
15.306968184693,88.028935830394,1.641973612530,1.641973612530,1.642991596382
15.362413297099,87.734079853417,1.645917718288,1.645917718288,1.649784526031
15.417791068862,87.439211130321,1.655665753281,1.655665753281,1.656508938841
15.468698100914,87.143538485774,1.658691397092,1.663622458904,1.658691397092
15.515685918131,86.847217550549,1.656901385336,1.658815485267,1.656901385336
15.558848559835,86.550315290018,1.648794260128,1.648794260128,1.651242575041
15.600287460659,86.253167141825,1.640524958392,1.640524958392,1.643842978289
15.641627029326,85.956005062061,1.633707186123,1.633707186123,1.636343105779
15.683375187436,85.658900115282,1.626606382838,1.626606382838,1.629255676035
15.725505892087,85.361849172819,1.619204640868,1.619204640868,1.622554483899
15.767855102719,85.064829299604,1.614173963663,1.614173963663,1.616073942216
15.810393359951,84.767836441751,1.608189792351,1.608189792351,1.609784324409
15.852681317759,84.470807842277,1.599486934330,1.599486934330,1.603241926029
15.894588379050,84.173725266493,1.593607494181,1.593607494181,1.596314922683
15.938199262872,83.876888124832,1.587622214855,1.587622214855,1.591108978498
15.982673322696,83.580179000058,1.585925242081,1.585925242081,1.586775540142
16.028982990375,83.283750925037,1.583366188153,1.583366188153,1.584298982242
16.075781178009,82.987399466722,1.581223162003,1.581223162003,1.582316901357
16.122969023287,82.691109801478,1.580409842554,1.580409842554,1.580729340363
16.171397134811,82.395020379459,1.580398100180,1.580528403226,1.580398100180
16.219745516022,82.098917871099,1.579986062885,1.580095495214,1.579986062885
16.267596683211,81.802734613689,1.579070298551,1.579343851038,1.579070298551
16.314224813509,81.506356399217,1.576067861720,1.576067861720,1.576916072768
16.360271907922,81.209887311745,1.572890474363,1.572890474363,1.574173767070
16.406600606635,80.913462091168,1.568990413367,1.568990413367,1.571716451101
16.454958819707,80.617361345477,1.571314401421,1.571739940088,1.571314401421
16.505957372165,80.321704018488,1.573589652744,1.574227890245,1.573589652744
16.556764177179,80.026013422075,1.575670298936,1.575884397669,1.575670298936
16.607888999238,79.730377646455,1.578073643653,1.578790691417,1.578073643653
16.660576462502,79.435016449417,1.582063478881,1.583180262677,1.582063478881
16.711444651422,79.139336539872,1.584206429718,1.584479800472,1.584206429718
16.760901005494,78.843417147227,1.584917395017,1.585235367576,1.584917395017
16.810895145018,78.547588074757,1.586173674851,1.586587349602,1.586173674851
16.860998043755,78.251777390366,1.587540256395,1.588013519430,1.587540256395
16.911240308059,77.955990345161,1.589048192505,1.589549509521,1.589048192505
16.962516393157,77.660380806049,1.591605053191,1.592335471516,1.591605053191
17.014800537822,77.364947891775,1.595019210049,1.595019210049,1.595185276442
17.072715812579,77.070568325613,1.604492953405,1.604575723373,1.604492953405
17.129249618091,76.775919152120,1.612393711511,1.614705337736,1.612393711511
17.184055812930,76.480943774224,1.618536813035,1.620014902584,1.618536813035
17.240015329237,76.186184957947,1.625853098067,1.626703905556,1.625853098067
17.296289615658,75.891486019428,1.633489699627,1.634836684765,1.633489699627
17.352833135736,75.596838619419,1.641400331370,1.642848620905,1.641400331370
17.405144978645,75.301411311995,1.645008795832,1.648436057097,1.645008795832
17.454650882582,75.005500431904,1.645238062538,1.645238062538,1.645770035698
17.504438319284,74.709636493729,1.646646125041,1.646646125041,1.646816694412
17.554505421044,74.413819751143,1.648146970315,1.648927449770,1.648146970315
17.605036487950,74.118081914859,1.649947866875,1.650782814305,1.649947866875
17.655860525853,73.822394280884,1.652045998304,1.652765481726,1.652045998304
17.706372803110,73.526653230282,1.653827832630,1.655812257306,1.653827832630
17.754052286030,73.230442611469,1.652688588399,1.652688588399,1.652738219736
17.799539721991,72.933887316573,1.647180021632,1.647180021632,1.649429685577
17.842908197934,72.637014732952,1.638487740938,1.638487740938,1.643978796166
17.889294893572,72.340598974916,1.636494677876,1.636494677876,1.641580243921
17.936858845260,72.044369500125,1.640373571277,1.642034124045,1.640373571277
17.986407090317,71.748465568614,1.641177718632,1.641869473899,1.641177718632
18.034538023508,71.452327727865,1.640545382007,1.641016197140,1.640545382007
18.081828213651,71.156054402691,1.637086685276,1.637086685276,1.639061460825
18.129165187887,70.859788521370,1.635853609551,1.635853609551,1.637624911533
18.177481022142,70.563680741145,1.636264501925,1.636264501925,1.637179903201
18.227264601883,70.267816239133,1.638222664595,1.638964610199,1.638222664595
18.277487204193,69.972025861130,1.639710658468,1.642188152513,1.639710658468
18.327586131871,69.676214504584,1.641073212508,1.641398095652,1.641073212508
18.376409173710,69.380189961007,1.641142196186,1.641275610411,1.641142196186
18.425642192359,69.084233264027,1.640030894961,1.640030894961,1.641292362102
18.475261263897,68.788341044191,1.640134774707,1.640134774707,1.640361643304
18.525947510109,68.492629805156,1.639825828696,1.639825828696,1.640513335693
18.576657032457,68.196922507274,1.640688635494,1.642072902760,1.640688635494
18.627249688668,67.901195192919,1.640473004963,1.640473004963,1.640745367379
18.675973233521,67.605154340969,1.636157436893,1.636157436893,1.638906881681
18.724339103999,67.309054692684,1.636382139424,1.636382139424,1.636705928443
18.774176499853,67.013199259049,1.635849640262,1.635849640262,1.635996610789
18.823743896883,66.717298376487,1.634642642496,1.634642642496,1.635013496664
18.873069308101,66.421357057940,1.632961308527,1.632961308527,1.633785043208
18.922083849602,66.125364095335,1.630804425629,1.630804425629,1.632241462848
18.971701452104,65.829471639922,1.631309256322,1.631659766236,1.631309256322
19.022347388794,65.533753491795,1.631420051369,1.631576181907,1.631420051369
19.070502686299,65.237619809635,1.627764299830,1.627764299830,1.629005801182
19.117735251143,64.941337298092,1.623951830210,1.623951830210,1.625656933625
19.164239600824,64.644939603034,1.620073541518,1.620073541518,1.621570854220
19.209143682853,64.348295342798,1.612536119650,1.612536119650,1.615865840560
19.252937970819,64.051485149244,1.607290437194,1.607290437194,1.609038939927
19.299366685332,63.755075900961,1.603416648938,1.603416648938,1.604876360015
19.347499390668,63.458938380327,1.601929101790,1.601929101790,1.602439193907
19.398047636083,63.163203733429,1.602415277349,1.602415277349,1.602450914446
19.446278176691,62.867082272360,1.599714970329,1.599714970329,1.600112890802
19.494149471243,62.570902262195,1.596652627460,1.596652627460,1.597410892040
19.542918513992,62.274868785471,1.595248599807,1.595248599807,1.595618496441
19.592646932678,61.978994958215,1.594381066015,1.594381066015,1.594798660475
19.642963411737,61.683220542924,1.594575227570,1.594576489736,1.594575227570
19.693280181114,61.387446162035,1.594352086629,1.594386745134,1.594352086629
19.743940318871,61.091730405292,1.593985392870,1.593985392870,1.594477282641
19.795056492228,60.796093139623,1.594960823893,1.594960823893,1.595065219412
19.845874513917,60.500404472927,1.595350606542,1.595594821313,1.595350606542
19.897852046952,60.204917486994,1.593897678391,1.594250181401,1.593897678391
19.953621238630,59.910123229640,1.590278862682,1.591370651383,1.590278862682
20.006731910923,59.614838115274,1.588121427891,1.591085673954,1.588121427891
20.059212981034,59.319440095358,1.586383469332,1.586383469332,1.587216596131
20.112865383392,59.024252628197,1.585096005673,1.585096005673,1.589354489577
20.165424297559,58.728868496110,1.591300533848,1.591300533848,1.592851196110
20.216680592937,58.433255561603,1.594512857584,1.594512857584,1.596379384881
20.265190417125,58.137179818428,1.598081173981,1.598081173981,1.598192311856
20.313518118535,57.841073934276,1.597454114703,1.597454114703,1.600975164879
20.361306977630,57.544880621944,1.599720390156,1.599720390156,1.604048232498
20.407560972963,57.248443845724,1.605978465766,1.606209019733,1.605978465766
20.452653317780,56.951828091578,1.606124279304,1.606124279304,1.607056072479
20.497682729956,56.655202715576,1.605281701471,1.605281701471,1.608196563057
20.543757800426,56.358738017148,1.606111162683,1.606111162683,1.610220797782
20.591116457869,56.062475679128,1.606800237911,1.606800237911,1.613274505342
20.638700069722,55.766249312130,1.611086213355,1.611086213355,1.616079294217
20.686467734834,55.470052568562,1.615232633561,1.615232633561,1.618152381508
20.734536552494,55.173904551788,1.618548148971,1.618548148971,1.619684191218
20.783168441647,54.877848489778,1.620499335634,1.620499335634,1.620829742022
20.833325549127,54.582047107155,1.622067032682,1.622079490481,1.622067032682
20.884922252724,54.286493417970,1.623015972954,1.623323112604,1.623015972954
20.940160298447,53.991599153559,1.626086776627,1.628049365376,1.626086776627
20.997712694896,53.697147400836,1.629794631207,1.633030068280,1.629794631207
21.067190647868,53.405286588604,1.643195552855,1.653099502596,1.643195552855
21.140975480090,53.114478109647,1.658349007232,1.672927818978,1.658349007232
21.238457760903,52.830764177847,1.695703135894,1.698841903075,1.695703135894
21.341044874218,52.548825350562,1.735818286439,1.749811813479,1.735818286439
21.453094791263,52.270515925185,1.782432427579,1.794619926868,1.782432427579
21.568619222727,51.993626029577,1.828817166162,1.853264376690,1.828817166162
21.688785347098,51.718719425261,1.876630965381,1.909560972364,1.876630965381
21.817544492399,51.447734589124,1.929906775041,1.961643203046,1.929906775041
21.956331731581,51.181748004151,1.989867348988,2.013641940905,1.989867348988
22.101763911891,50.919331902678,2.050990154948,2.081707970822,2.050990154948
22.253243315099,50.660359093993,2.113694467901,2.145081002331,2.113694467901
22.412656035319,50.406194935357,2.179691140083,2.212743751726,2.179691140083
22.578046071162,50.155877100577,2.246214017401,2.275654597192,2.246214017401
22.751507017917,49.911085657448,2.315098044709,2.341828134683,2.315098044709
22.930705506190,49.670459816400,2.382126988286,2.403366481992,2.382126988286
23.123490119764,49.440590958835,2.456014171381,2.458126682796,2.456014171381
23.323082277463,49.216592947900,2.507394077375,2.507394077375,2.528291728353
23.532725278726,49.001979984575,2.565825162112,2.565825162112,2.602039328080
23.752230522694,48.797465487722,2.613005939480,2.613005939480,2.675819656943
23.984976069467,48.608171049763,2.654956951213,2.654956951213,2.753357849008
24.229727978283,48.434677776236,2.681209889005,2.681209889005,2.831442891198
24.484218731514,48.275805443502,2.706154447259,2.706154447259,2.902025936768
24.747101932920,48.131239684982,2.737180315254,2.737180315254,2.963319831652
25.016027703274,47.998240818758,2.757310290238,2.757310290238,3.006280696322
25.294903202300,47.887668445961,2.777360696694,2.777360696694,3.042681427831
25.578217989219,47.788961973182,2.801212484000,2.801212484000,3.068250515278
25.866430672079,47.705650874912,2.812646523037,2.812646523037,3.089094454023
26.157417874740,47.632590504611,2.827546120520,2.827546120520,3.102459589385
26.450733425842,47.569523371833,2.834829969538,2.834829969538,3.111926970478
26.745724508408,47.514818575963,2.858484224794,2.858484224794,3.117551346461
27.042160733052,47.468581481690,2.882241093580,2.882241093580,3.120885491842
27.339838299689,47.431161940005,2.904404352227,2.904404352227,3.123485491002
27.638523482320,47.402892108545,2.927280539926,2.927280539926,3.126659927140
27.938157286494,47.387753190150,2.939126484120,2.939126484120,3.135181449756
28.238169678246,47.386391395142,2.939332743199,2.939332743199,3.149600944324
28.538124938705,47.392686898845,2.936474134257,2.936474134257,3.165235383652
28.837868233771,47.405612519558,2.928477432082,2.928477432082,3.181594926759
29.137506146227,47.420819750411,2.930035294743,2.930035294743,3.194789237470
29.437024391114,47.438225343387,2.931379430122,2.931379430122,3.205124206026
29.732243219468,47.386032605562,3.017155780201,3.017155780201,3.141471444471
30.030852615507,47.414317123648,3.045591991194,3.045591991194,3.153691660727
30.329199024774,47.445997174759,3.072137493174,3.072137493174,3.164189006923
30.627281642704,47.480070251688,3.105588350468,3.105588350468,3.173254666152
30.925083031832,47.516519590031,3.136620220696,3.136620220696,3.181074209515
31.222809546078,47.553576058514,3.160150399541,3.160150399541,3.186046784431
31.520260348873,47.592783808733,3.174266803580,3.174266803580,3.189892012238
31.817425068299,47.634104003246,3.181879484407,3.181879484407,3.192130323393
32.114306060068,47.677415768119,3.187522929063,3.187522929063,3.193175874108
32.411164552497,47.720881812349,3.191848234282,3.193042566755,3.191848234282
32.707783368528,47.765954196192,3.189904057616,3.191934217425,3.189904057616
33.003581123995,47.816131350022,3.187861500841,3.187861500841,3.191165976635
33.299065240222,47.868125327849,3.190530822249,3.190530822249,3.192054196857
33.594918078925,47.917978336004,3.189638158294,3.190407621923,3.189638158294
33.890775204253,47.967806270634,3.185774295283,3.185774295283,3.186342759623
34.186444016632,48.018739610566,3.182112877188,3.182112877188,3.183522520914
34.482046181798,48.070058422501,3.180716888713,3.180716888713,3.180761164502
34.777217100612,48.123801715532,3.174445321680,3.174445321680,3.180660435220
35.073058066245,48.173724266761,3.172669986250,3.172669986250,3.177006887041
35.368920620646,48.223519954361,3.171474955803,3.171474955803,3.174041133421
35.664830907780,48.273031195098,3.167890207931,3.167890207931,3.172050479156
35.961116905898,48.320241613435,3.167405161583,3.167405161583,3.168827016553
36.257374966331,48.367627507723,3.167401075278,3.168937159006,3.167401075278
36.553615023654,48.415125823560,3.168482495365,3.170872156395,3.168482495365
36.850016682203,48.461604951128,3.170174323115,3.174253933922,3.170174323115
37.146544813989,48.507270287748,3.173412885608,3.178820649676,3.173412885608
37.443189358011,48.552173194758,3.179088025457,3.184277518516,3.179088025457
37.740100466863,48.595278021551,3.184920516319,3.191819912210,3.184920516319
38.036292606533,48.643072118809,3.197127760869,3.197127760869,3.197392705903
38.331564722226,48.696254622265,3.200373357540,3.200373357540,3.200539387517
38.627601598928,48.745001357952,3.202351854433,3.203304725874,3.202351854433
38.923826087165,48.792596555629,3.204985739263,3.206064227002,3.204985739263
39.220059669292,48.840135239639,3.208216687965,3.209411162250,3.208216687965
39.516187266256,48.888329678623,3.211367659601,3.211621476816,3.211367659601
39.812194202553,48.937259733748,3.212416501690,3.212681397458,3.212416501690
40.108301013818,48.985581720301,3.213665065790,3.214164637108,3.213665065790
40.404426791168,49.033787379183,3.215320002729,3.215865986498,3.215320002729
40.700514224216,49.082227993612,3.217236530119,3.217780039806,3.217236530119
40.996599353890,49.130682690619,3.219142444976,3.219654613801,3.219142444976
41.292682274170,49.179150886315,3.220982291466,3.221493406100,3.220982291466
41.588240128784,49.230723359079,3.221111343246,3.221111343246,3.221120086706
41.883726932868,49.282702286172,3.217022985842,3.217022985842,3.218632691538
42.179633819193,49.332233239139,3.208739103186,3.208739103186,3.210381495859
42.475039421583,49.384670857671,3.200009145896,3.202118344147,3.200009145896
42.769837060034,49.440424806093,3.192256186256,3.193714983861,3.192256186256
43.065761495831,49.489847172238,3.192436594162,3.192654276743,3.192436594162
43.362024192647,49.537203636722,3.192554506945,3.193579855132,3.192554506945
43.658744487684,49.581602269525,3.195131985485,3.197096330833,3.195131985485
43.954561359955,49.631665229465,3.195138951006,3.196715861270,3.195138951006
44.249250121695,49.687989242965,3.190062539646,3.191438305695,3.190062539646
44.545156087289,49.737521332937,3.191428052548,3.192096989500,3.191428052548
44.841403479112,49.784973437635,3.187325563230,3.187325563230,3.192400305302
45.138042580117,49.829911618261,3.177202304747,3.177202304747,3.182221324302
45.434251730623,49.877601440081,3.175405385628,3.175405385628,3.175697548148
45.729963877990,49.928281752276,3.172691320133,3.172691320133,3.172903474623
46.026255008018,49.975459011618,3.172503113072,3.172946671191,3.172503113072
46.322674805243,50.021822348228,3.173644028856,3.173860557243,3.173644028856
46.619062439449,50.068390915658,3.174106110634,3.174255676291,3.174106110634
46.915870528068,50.112198868978,3.171436070944,3.171436070944,3.172503733928
47.213090181323,50.153121359286,3.171054803070,3.171054803070,3.171122674285
47.509687802253,50.198330953505,3.173732619362,3.175097024260,3.173732619362
47.806005348148,50.245343073106,3.177799851159,3.178318790106,3.177799851159
48.101603539713,50.296682751884,3.181387884838,3.181605911535,3.181387884838
48.396690236681,50.350886192036,3.183938959758,3.183938959758,3.185295384691
48.691259563721,50.407834318654,3.187923803853,3.187923803853,3.189188545832
48.986541250113,50.460964508896,3.191484683357,3.191521077200,3.191484683357
49.281898064305,50.513677053576,3.193296110355,3.193296110355,3.193371484510
49.577012899569,50.567727721856,3.193711131258,3.193711131258,3.193756815040
49.872307546976,50.620787320757,3.195145911493,3.195230613178,3.195145911493
50.167771764494,50.672894397206,3.197800949118,3.197846615372,3.197800949118
50.463379118818,50.724183246131,3.194749237644,3.194749237644,3.195064161916
50.758907521794,50.775925126299,3.190605836708,3.191225384451,3.190605836708
51.053938650171,50.830430204375,3.186425821526,3.187138655482,3.186425821526
51.349368168545,50.882733176630,3.184700097093,3.184700097093,3.184740827968
51.645174024998,50.932864016475,3.184030720025,3.184030720025,3.184121785868
51.940563832898,50.985390690250,3.183679987305,3.183694296298,3.183679987305
52.236043581347,51.037409690556,3.180969648078,3.180969648078,3.182470863167
52.532256643319,51.085073622942,3.176060838599,3.176060838599,3.177664930636
52.828585920670,51.132012044830,3.175808854542,3.178568865428,3.175808854542
53.125014420703,51.178319724755,3.182340859072,3.185045036681,3.182340859072
53.420203488216,51.231957387207,3.188786700603,3.188786700603,3.189771415233
53.715472342662,51.285160411480,3.192533565463,3.194388364586,3.192533565463
54.012099194487,51.330170735001,3.196929475372,3.199626724078,3.196929475372
54.308786025569,51.374793429887,3.197172899001,3.197172899001,3.199746169113
54.605513588505,51.419144463234,3.193129351424,3.193129351424,3.194938440837
54.901880210967,51.465845811717,3.189560782580,3.189560782580,3.190874597566
55.198119156766,51.513350979260,3.185158303212,3.185158303212,3.186259010170
55.494092532804,51.562483335174,3.179084279287,3.179084279287,3.180123925987
55.790251351817,51.610485400710,3.169614611727,3.169614611727,3.172584387084
56.086591611422,51.657354322127,3.162141615128,3.162141615128,3.163747355345
56.382745045672,51.705389586741,3.162953016669,3.163159243972,3.162953016669
56.678718604131,51.754521031058,3.161192248067,3.161764468277,3.161192248067
56.974033297207,51.807467230529,3.153185528225,3.153805267590,3.153185528225
57.268741427172,51.863692122783,3.150680340334,3.150680340334,3.157219228373
57.562874307719,51.922852887944,3.163736242783,3.163736242783,3.171169526700
57.857076307250,51.981669919046,3.176595733391,3.176595733391,3.180611742270
58.151537813897,52.039173476703,3.185450349574,3.185450349574,3.187413668594
58.447131451238,52.090536369029,3.195820208753,3.195820208753,3.196021586348
58.742690533089,52.142102731032,3.202567879566,3.202567879566,3.204577595136
59.038539228024,52.191980297236,3.206334805324,3.206334805324,3.207992657724
59.334841483923,52.239087939365,3.201819556013,3.207975467736,3.201819556013
59.631237079831,52.285605765430,3.193710534075,3.206959472126,3.193710534075
59.927911015005,52.330313620718,3.184221827592,3.203566231362,3.184221827592
60.224917005728,52.372759265740,3.175445629229,3.197378280425,3.175445629229
60.522336078730,52.412205843517,3.166684334837,3.191102531117,3.166684334837
60.820315180523,52.447169220268,3.153890003795,3.185497640078,3.153890003795
61.118582794633,52.479582249413,3.137510261006,3.177277979064,3.137510261006
61.417119771134,52.509412489711,3.112289686847,3.168637958799,3.112289686847
61.715955784904,52.536080060061,3.086653807442,3.159569959538,3.086653807442
62.014791611073,52.562752342324,3.063427718386,3.145260695538,3.063427718386
62.313720290618,52.588362691652,3.033937487230,3.129075171849,3.033937487230
62.612995942436,52.609530189999,3.000623175083,3.113878891568,3.000623175083
62.912470183812,52.627677195472,2.983499603272,3.096455200504,2.983499603272
63.211983381909,52.645172922296,2.969887385185,3.076787877246,2.969887385185
63.511588863475,52.661008871355,2.964543257290,3.055365993316,2.964543257290
63.811508847637,52.668840269340,2.980950772011,3.036706916069,2.980950772011
64.111529521308,52.669945687907,3.020549264160,3.021880331263,3.020549264160
64.410961111610,52.651255783018,3.023401280675,3.023401280675,3.061019068777
64.708172389583,52.610348555745,3.041994755660,3.041994755660,3.080191890531
65.003319633931,52.556494918034,3.070761900412,3.070761900412,3.103905479118
65.295224487688,52.487192334973,3.111726940235,3.111726940235,3.140605946280
65.587578677273,52.419788823794,3.145531271311,3.145531271311,3.193526186982
65.880999817297,52.357194852537,3.171475367759,3.171475367759,3.223829595105
66.172016691415,52.284242491078,3.204453362196,3.204453362196,3.247907261653
66.458080871823,52.193811072363,3.250058070565,3.250058070565,3.280635710465
66.743464615450,52.101234981494,3.294877255263,3.294877255263,3.333848748034
67.028942796251,52.008950266023,3.335862139546,3.335862139546,3.389541122980
67.313590770735,51.914136185498,3.373872497320,3.373872497320,3.433838957381
67.596712925113,51.814859545629,3.413340186758,3.413340186758,3.475453497317
67.877453211586,51.709036146156,3.456305962276,3.456305962276,3.512561165240
68.152344637516,51.588843656176,3.508522896996,3.508522896996,3.540356910303
68.427541705371,51.469341248199,3.556644470393,3.556644470393,3.592660481913
68.706439730079,51.358756010064,3.591716631507,3.591716631507,3.663881342264
68.984546267435,51.246190660250,3.622792022463,3.622792022463,3.695471846030
69.261851922322,51.131666491971,3.651904798833,3.651904798833,3.724261626792
69.537686828405,51.013644454012,3.681000037429,3.681000037429,3.749106290708
69.812509527529,50.893283860385,3.707151671326,3.707151671326,3.771325729256
70.086288775964,50.770568300217,3.730595417827,3.730595417827,3.795171751647
70.357871113802,50.643065469449,3.755181656245,3.755181656245,3.814441053805
70.627993153378,50.512496662438,3.778627128099,3.778627128099,3.833648348098
70.896391214238,50.378419953491,3.799101449627,3.799101449627,3.850089060481
71.163418979500,50.241634255992,3.818139783294,3.818139783294,3.871669350134
71.426811216078,50.097974700567,3.840361600824,3.840361600824,3.886248692574
71.688783684178,49.951739994614,3.859349435286,3.859349435286,3.907498334430
71.947453154616,49.799740540499,3.878727300194,3.878727300194,3.922849055639
72.203571120394,49.643479360172,3.898062887283,3.898062887283,3.935746061025
72.457532402713,49.483736667867,3.916343517974,3.916343517974,3.945692565233
72.709851339080,49.321411981625,3.930375297848,3.930375297848,3.968644223416
72.956157238190,49.150104592341,3.948914955363,3.948914955363,3.985678167928
73.198889667180,48.973767484057,3.967976475168,3.967976475168,4.001394345769
73.437783932081,48.792264631449,3.987659688190,3.987659688190,4.017450009765
73.673806769152,48.607042561771,4.004315408259,4.004315408259,4.029701862794
73.906365053376,48.417489068666,4.019346197140,4.019346197140,4.037511042009
74.136710639979,48.225252169983,4.031484268706,4.031484268706,4.047293438347
74.363273243089,48.028571662513,4.043019006780,4.043019006780,4.057061826833
74.585548034826,47.827058241716,4.053970648253,4.053970648253,4.061980981322
74.804915064021,47.622382546073,4.061030151814,4.061030151814,4.064278738487
75.021851599711,47.415132347384,4.059922122286,4.065578641660,4.059922122286
75.236735396048,47.205754444409,4.052698820137,4.067187383235,4.052698820137
75.449272716148,46.993995129958,4.051700208168,4.066369383200,4.051700208168
75.658493809343,46.778959046573,4.046774953391,4.062031537588,4.046774953391
75.863838845831,46.560218764162,4.046992806003,4.057709012497,4.046992806003
76.064459208980,46.337137606468,4.043707276569,4.054620877113,4.043707276569
76.260496129836,46.110018013649,4.041863236408,4.052419093383,4.041863236408
76.452535839303,45.879508448776,4.047729469399,4.048143284855,4.047729469399
76.637335385063,45.643156450684,4.045006921639,4.048514111513,4.045006921639
76.818103510276,45.403705369391,4.049450715049,4.049450715049,4.051152188062
76.992496272134,45.159573002978,4.052932184989,4.052932184989,4.053466105424
77.164800781297,44.913960833838,4.049915651408,4.053129919851,4.049915651408
77.335313862947,44.667101584798,4.043831174898,4.051464151360,4.043831174898
77.503915540211,44.418932961298,4.036848146107,4.048178788450,4.036848146107
77.670192274533,44.169200693519,4.029856022565,4.041697502066,4.029856022565
77.832720969221,43.917013428064,4.035695405547,4.035695405547,4.036809830998
77.985184766790,43.658619996213,4.037167375137,4.037995605569,4.037167375137
78.135306859884,43.398855623065,4.038374258974,4.038374258974,4.039526775847
78.274281561272,43.132964510629,4.046893270243,4.046893270243,4.047860062277
78.410598179435,42.865696982633,4.055236608722,4.055236608722,4.056608296095
78.519621628053,42.586204987556,4.042256822490,4.089802855831,4.042256822490
78.625580863199,42.305515146164,4.046333771495,4.122817421967,4.046333771495
78.718815670468,42.020350278931,4.059150770934,4.166405838567,4.059150770934
78.809429586455,41.734337538594,4.088231056042,4.209798897264,4.088231056042
78.890414425658,41.445452948644,4.109760177421,4.258303067479,4.109760177421
78.968092619923,41.155659561821,4.135853623816,4.307670304551,4.135853623816
79.057515185224,40.869275684391,4.192259371330,4.342389959319,4.192259371330
79.147189401782,40.582966766522,4.251298076144,4.372169180278,4.251298076144
79.240099633833,40.297691836751,4.320452340774,4.396126962163,4.320452340774
79.331664610469,40.011982043363,4.402686366218,4.419109079764,4.402686366218
79.420327597120,39.725358588764,4.432493459358,4.440913827755,4.432493459358
79.507163284526,39.438176112755,4.457257328357,4.462159128353,4.457257328357
79.592403568201,39.150516041495,4.482865249627,4.482865249627,4.483742222633
79.676307682505,38.862463383424,4.501122968591,4.501122968591,4.507684694447
79.754936713171,38.572927033186,4.522431330266,4.522431330266,4.525229926945
79.830012068280,38.282448528119,4.545369587146,4.545369587146,4.547432727202
79.903233714680,37.991496984321,4.566645762027,4.566645762027,4.574170946778
79.975168416951,37.700224542908,4.586948451380,4.586948451380,4.599612714336
80.047790004471,37.409122569748,4.604641125693,4.604641125693,4.625142248719
80.118159448275,37.117468114413,4.621245089280,4.621245089280,4.643106025832
80.183164774067,36.824572030097,4.641211506194,4.641211506194,4.658535256556
80.243745391910,36.530728614540,4.663918085338,4.663918085338,4.678250376540
80.305079359665,36.237041033131,4.682547586132,4.682547586132,4.697036756708
80.366837445907,35.943442331220,4.698810499620,4.698810499620,4.712649047002
80.429802305514,35.650100099255,4.712166068690,4.712166068690,4.722920162165
80.492298420326,35.356657611724,4.722729429082,4.722729429082,4.731916999690
80.554329685720,35.063116506584,4.732039960075,4.732039960075,4.739792036851
80.608865342085,34.768092411213,4.747393684383,4.747393684383,4.747782008057
80.662035698835,34.472817709046,4.760883325299,4.760883325299,4.761995718887
80.716338032819,34.177749078467,4.771714226788,4.771714226788,4.773743609282
80.771310817404,33.882804596060,4.780178908421,4.780178908421,4.782194489392
80.827002275535,33.587994971133,4.784958652841,4.784958652841,4.786851808353
80.880342700132,33.292751056689,4.790681865271,4.790681865271,4.791129627595
80.932522209988,32.997299639995,4.795251837739,4.795778038081,4.795251837739
80.980755718524,32.701178827399,4.800021462381,4.802219737342,4.800021462381
81.030437634128,32.405297210711,4.805806053790,4.805806053790,4.805851106763
81.082075996835,32.109750803252,4.805429797668,4.805455039945,4.805429797668
81.130205851225,31.813613049647,4.805607037068,4.806295397409,4.805607037068
81.177112653597,31.517278794424,4.807032793459,4.807032793459,4.807106664300
81.223563463245,31.220872686610,4.806107960928,4.806107960928,4.806522108477
81.269675539235,30.924413690680,4.804570386465,4.804570386465,4.805322136544
81.315280235575,30.627876224120,4.802994594797,4.802994594797,4.803880295096
81.360867722631,30.331336104238,4.800317293932,4.800317293932,4.801746154186
81.406458869376,30.034796546985,4.796468495021,4.796468495021,4.799087687915
81.452143250524,29.738271339208,4.791466439139,4.791466439139,4.794098001755
81.499298086628,29.441976476365,4.791566769944,4.791744902074,4.791566769944
81.548639733752,29.146037999423,4.793504479783,4.793759333798,4.793504479783
81.597575683533,28.850032034840,4.794106915118,4.794106915118,4.794132374854
81.646448179592,28.554015581326,4.793666670448,4.793666670448,4.793851684842
81.696519420982,28.258199579389,4.791259883940,4.791259883940,4.791422675065
81.748924674755,27.962788246269,4.789490961602,4.789490961602,4.793649446953
81.804586238616,27.667973275953,4.800458672420,4.800458672420,4.807443826958
81.860507450836,27.373207133136,4.815494107572,4.815494107572,4.818356625040
81.915270312159,27.078223631475,4.824222103328,4.824544423289,4.824222103328
81.966150285076,26.782546070744,4.829685700219,4.832020712342,4.829685700219
82.017747095421,26.486992319858,4.834029881505,4.834029881505,4.834196160487
82.069835345829,26.191524772261,4.831538304876,4.831538304876,4.833845258220
82.122770905704,25.896207865760,4.824843791842,4.824843791842,4.828210290697
82.172424015680,25.600321687980,4.818089875758,4.818089875758,4.821533854685
82.218201239910,25.303811249295,4.812891191741,4.812891191741,4.819050193221
82.259272776704,25.006612669028,4.811042565532,4.811042565532,4.812535475271
82.299586969141,24.709309760827,4.808807278691,4.808807278691,4.812126794951
82.339896732954,24.412006238114,4.805643534178,4.805643534178,4.811470184803
82.382945874221,24.115087235730,4.799719793640,4.799719793640,4.812204508532
82.427134222832,23.818335438091,4.792677315451,4.792677315451,4.806679951151
82.470057833368,23.521398080320,4.787918666191,4.787918666191,4.799597123904
82.512178106472,23.224345672743,4.784733478049,4.784733478049,4.793579438885
82.553526143466,22.927184789238,4.783725003276,4.783725003276,4.788762397744
82.597427181581,22.630390524408,4.782208178243,4.782208178243,4.788549212166
82.642396810485,22.333756112581,4.780659836790,4.780659836790,4.786460803262
82.689020080898,22.037377164085,4.781221726273,4.781221726273,4.784795082647
82.735654061498,21.740999814203,4.781761108819,4.783006177916,4.781761108819
82.782698361639,21.444687323349,4.781328558624,4.788235806558,4.781328558624
82.832286284363,21.148790087134,4.784998567052,4.793268417491,4.784998567052
82.883088407290,20.853098728894,4.788741008496,4.800449172259,4.788741008496
82.934866537025,20.557576700883,4.793501454480,4.810346313114,4.793501454480
82.990809999070,20.262815357686,4.803338805531,4.818838310702,4.803338805531
83.047340539327,19.968165472993,4.812264962831,4.831650833079,4.812264962831
83.104446481034,19.673626567796,4.820674192228,4.846185913159,4.820674192228
83.166640862064,19.380120863128,4.838365775733,4.861452308674,4.838365775733
83.230791165281,19.087035670807,4.857535129410,4.876637026168,4.857535129410
83.296739474577,18.794349800856,4.873936453849,4.896551175477,4.873936453849
83.365901610555,18.502406910096,4.895569530788,4.914837531666,4.895569530788
83.437387159872,18.211024049498,4.920805448801,4.937627273281,4.920805448801
83.520094132092,17.922629917055,4.950363010434,4.950363010434,4.954857109725
83.593321295389,17.631683113639,4.980005883246,4.980043364886,4.980005883246
83.664508836714,17.340227244169,4.846723343757,5.013335790769,4.846723343757
83.737407316825,17.049194584901,4.653458800332,5.052145129193,4.653458800332
83.829606437856,16.763702802604,4.478915660603,5.072729461952,4.478915660603
83.957085516822,16.492158718030,4.337273208673,5.062650245322,4.337273208673
84.120164166109,16.240369352216,4.237343102238,5.014359373089,4.237343102238
84.295073541651,15.996610389475,4.143850748183,4.958701912258,4.143850748183
84.499877043504,15.777407782565,4.082205230463,4.868835170050,4.082205230463
84.707949167761,15.561259586700,4.027008564383,4.779820235724,4.027008564383
84.935031101322,15.365204070768,3.996788105103,4.670042382463,3.996788105103
85.169041036012,15.177447700584,3.973976243630,4.552756037775,3.973976243630
85.385695005034,14.969916353772,3.918146047783,4.468828677156,3.918146047783
85.600450399753,14.760406623907,3.860294296760,4.388581450992,3.860294296760
85.822056318910,14.558158768489,3.793068564442,4.309205381413,3.793068564442
86.045535242046,14.357980426650,3.703079648297,4.228336316227,3.703079648297
86.270570395324,14.159553125332,3.588831662832,4.155242454058,3.588831662832
86.499664266321,13.965826716398,3.472980020379,4.079888363264,3.472980020379
86.732140559634,13.776172318961,3.325623651013,4.006388710074,3.325623651013
86.967426986110,13.590015442765,3.194434836823,3.936923469415,3.194434836823
87.211199306666,13.415122534142,3.076082231383,3.856775457441,3.076082231383
87.464945698887,13.255046341668,2.958171139151,3.772705825047,2.958171139151
87.723133877688,13.102230956693,2.854440234890,3.681486035002,2.854440234890
87.991188015793,12.967480127291,2.783988429963,3.583793568156,2.783988429963
88.260918594527,12.836104445166,2.673190833138,3.487839899977,2.673190833138
88.540721713719,12.727849184446,2.600527259468,3.373812588612,2.600527259468
88.823722480508,12.628228499093,2.525840428317,3.265643016224,2.525840428317
89.106482836726,12.527924767738,2.418626055614,3.158994030146,2.418626055614
89.394272887687,12.443134041471,2.334645596327,3.052784187503,2.334645596327
89.678262701994,12.346371332886,2.215764788919,2.965205290567,2.215764788919
89.970689433980,12.279328838991,2.123441033726,2.854624685134,2.123441033726
90.263007967928,12.211770468334,2.037049742651,2.762769601531,2.037049742651
90.557278176693,12.153299551793,1.950325964374,2.663311026771,1.950325964374
90.855903598573,12.124423458119,1.887543872525,2.553733382208,1.887543872525
91.154264128682,12.092876249878,1.845787288062,2.454169205905,1.845787288062
91.454017142143,12.080185885225,1.830767643988,2.344410719202,1.830767643988
91.753897366983,12.070908332271,1.810897916063,2.248225820832,1.810897916063
92.053884358179,12.066218793496,1.796223917830,2.149886980671,1.796223917830
92.353904134380,12.067722109804,1.819068656650,2.064907087389,1.819068656650
92.653654458708,12.054944439717,1.824384103788,1.995664638916,1.824384103788
92.953584991219,12.047472375768,1.805455260794,1.939468180177,1.805455260794
93.253157080373,12.031024798040,1.763368843653,1.894814633485,1.763368843653
93.552647501821,12.013143434333,1.717974908019,1.868503344866,1.717974908019
93.852662759134,12.015187105997,1.690217488516,1.825068304793,1.690217488516
94.152388902681,12.028536644171,1.665100672455,1.785648694686,1.665100672455
94.451934038983,12.045476031101,1.647496947801,1.745864447085,1.647496947801
94.751020112423,12.069175642045,1.640995692452,1.711268975297,1.640995692452
95.050014263103,12.094010223900,1.608422785260,1.680588563604,1.608422785260
95.348836411729,12.120835122615,1.586272435802,1.655708455530,1.586272435802
95.645850831392,12.163215586393,1.592127564871,1.622436183481,1.592127564871
95.944017735010,12.196540493796,1.567317539130,1.602232744467,1.567317539130
96.240908832523,12.239780348746,1.559431890323,1.581070317842,1.559431890323
96.538455993294,12.278249771740,1.547906733294,1.567493748345,1.547906733294
96.835608568425,12.319657390645,1.536614393084,1.557231828476,1.536614393084
97.132241808703,12.364634684484,1.526446704235,1.547669456031,1.526446704235
97.428038279548,12.414820869314,1.535736795610,1.535736795610,1.536133942904
97.724389021884,12.461623371712,1.533138242640,1.533138242640,1.547683824676
98.021359683598,12.504315893735,1.536735710888,1.536735710888,1.565787977020
98.318881038789,12.542984601065,1.547754314227,1.547754314227,1.579075051875
98.616184903450,12.583291765728,1.560338993350,1.560338993350,1.577037942351
98.912026196873,12.633211537628,1.564843671650,1.564843671650,1.582705283370
99.207603445150,12.684673626246,1.570668550995,1.570668550995,1.589211657892
99.502984800401,12.737248465052,1.576948020084,1.576948020084,1.597567772340
99.798292436497,12.790235834498,1.583959062795,1.583959062795,1.608484071787
100.093753541758,12.842360636953,1.593677184273,1.593677184273,1.622645602889
100.389534390287,12.892639283654,1.605826961348,1.605826961348,1.630291375490
100.684896288586,12.945323198129,1.616117819678,1.616117819678,1.636090802270
100.979998660907,12.999442010043,1.625306239049,1.625306239049,1.633811302152
101.274133115099,13.058595297833,1.629194761362,1.629194761362,1.641805892597
101.568765437547,13.115217174964,1.635421803705,1.635421803705,1.651753084501
101.863994223117,13.168641844789,1.643695531433,1.643695531433,1.652847668363
102.158931003605,13.223655927793,1.649271875319,1.649271875319,1.655710871153
102.454004189860,13.277933682870,1.654381694707,1.654381694707,1.664129909165
102.749901596594,13.327521141670,1.661038491627,1.661038491627,1.666751011258
103.045945624181,13.376226305103,1.666133417589,1.666133417589,1.667209216528
103.342100126365,13.424255160964,1.659983995919,1.669162287074,1.659983995919
103.638186465753,13.472702459124,1.652619351659,1.666556587065,1.652619351659
103.934532855813,13.519532680028,1.644622290644,1.660072593322,1.644622290644
104.231435767911,13.562693714677,1.633063874337,1.651621197769,1.633063874337
104.528917492277,13.601665786370,1.617382203467,1.640575623548,1.617382203467
104.826534912041,13.639588460832,1.600518086403,1.618769019742,1.600518086403
105.122103828576,13.691091861660,1.594792222599,1.594792222599,1.597330065514
105.417898659041,13.741288206236,1.592700998351,1.598577321540,1.592700998351
105.713987852109,13.789717944212,1.589016487900,1.597597153321,1.589016487900
106.010510891382,13.835416082397,1.584765002972,1.590385597719,1.584765002972
106.307182590987,13.880139237862,1.584052333794,1.585809861786,1.584052333794
106.604068389697,13.923418283683,1.583232265303,1.583414272979,1.583232265303
106.900835724768,13.967502382852,1.582288351966,1.582288351966,1.587166788962
107.197505649562,14.012237331556,1.584716718335,1.584716718335,1.592093375431
107.493974497106,14.058285965981,1.591568965888,1.591568965888,1.599017184350
107.790207394744,14.105828813214,1.597580915482,1.597580915482,1.601381188570
108.085908648747,14.156573119735,1.600684390588,1.600684390588,1.602308883338
108.381222731809,14.209524344111,1.597422226490,1.602382345780,1.597422226490
108.676363737176,14.263432084598,1.596510709453,1.599551059887,1.596510709453
108.971871520375,14.315291432283,1.593863203360,1.593863203360,1.595365492364
109.267039550948,14.369050877670,1.593026683526,1.593026683526,1.594850429189
109.561717505394,14.425434666771,1.591740534768,1.591740534768,1.597343863143
109.856407759944,14.481754428154,1.597785908535,1.597785908535,1.601085515426
110.151419298060,14.536366143259,1.604343409237,1.604343409237,1.608855378066
110.447865558935,14.582556222373,1.614371927060,1.614371927060,1.614834217664
110.744272567776,14.629001311955,1.615842554676,1.615842554676,1.617055252365
111.040640022710,14.675698132107,1.615279168155,1.615279168155,1.617445889240
111.336224803924,14.727115857529,1.617519035466,1.617519035466,1.619173078558
111.631679907001,14.779274663241,1.619748245098,1.619748245098,1.619923437513
111.927012261599,14.832124066838,1.619972549440,1.622823624668,1.619972549440
112.222837618869,14.882139820820,1.613880484739,1.615902818804,1.613880484739
112.518924553637,14.930583348456,1.608281664968,1.608281664968,1.608395665527
112.815447069756,14.976284742393,1.609038016088,1.609038016088,1.609207314416
113.112168633525,15.020675797679,1.611319199435,1.611458411346,1.611319199435
113.409166634041,15.063177905290,1.615792537390,1.616178450914,1.615792537390
113.706208327047,15.105373803046,1.619543980754,1.620008545838,1.619543980754
114.003071490245,15.148807833402,1.622989875733,1.622989875733,1.623695497915
114.298786618025,15.199468630259,1.627009367923,1.627009367923,1.627385348141
114.594914362217,15.247661813476,1.630574031120,1.631363582181,1.630574031120
114.891402087228,15.293588493289,1.633967497926,1.634617846226,1.633967497926
115.187496918534,15.341983480463,1.637659475925,1.637859408180,1.637659475925
115.483195365860,15.392744247862,1.639593708668,1.639593708668,1.640615285914
115.777892456919,15.449026536546,1.640405416045,1.640405416045,1.640690348457
116.072712645063,15.504662095251,1.638857461664,1.639889696700,1.638857461664
116.367623911621,15.559812843612,1.635777504332,1.635777504332,1.635939944911
116.663505354889,15.609494216781,1.625905916595,1.625905916595,1.627864841635
116.959610956431,15.657823535233,1.616081379120,1.616081379120,1.620020302544
117.256042572706,15.704111019465,1.610302392388,1.610302392388,1.613731141277
117.552166480445,15.752327901063,1.608332609433,1.608332609433,1.611351426753
117.848266342046,15.800692490522,1.610626922474,1.613078787378,1.610626922474
118.144799341974,15.846325707858,1.610729550862,1.611778987998,1.610729550862
118.441275503496,15.892327297966,1.608724976822,1.608724976822,1.611619471479
118.737694603940,15.938695149363,1.611049475895,1.611435322971,1.611049475895
119.033807659541,15.986978624925,1.611870499451,1.612264086628,1.611870499451
119.330028183064,16.034598576978,1.611491718267,1.613841894704,1.611491718267
119.626655929565,16.079611827299,1.612092357740,1.613071661467,1.612092357740
119.922999329950,16.126460792952,1.610266378844,1.610266378844,1.614290842654
120.219171111955,16.174382905937,1.611867008298,1.611867008298,1.612105958552
120.515650999417,16.220360177648,1.610845793760,1.612787794176,1.610845793760
120.812026344883,16.267006857574,1.610128745181,1.610128745181,1.613067349078
121.108222341964,16.314779060814,1.612607721020,1.612789069614,1.612607721020
121.404190668334,16.363942021373,1.612938305042,1.615466173136,1.612938305042
121.700081861210,16.413567237337,1.613993419698,1.613993419698,1.614357628454
121.995977367760,16.463166742116,1.611656132429,1.611656132429,1.613995620097
122.292001674210,16.511991601380,1.609128773793,1.609128773793,1.611447543543
122.588154584604,16.560030236259,1.607957827564,1.607957827564,1.609743691368
122.884401142289,16.607487965357,1.608162812386,1.608162812386,1.608186677370
123.180512291663,16.655783338519,1.609772618381,1.615562538633,1.609772618381
123.476140767532,16.706949712925,1.614104968530,1.619743483583,1.614104968530
123.771420598022,16.760091517136,1.620283312036,1.621327192961,1.620283312036
124.066477399838,16.814458170282,1.615282502289,1.615282502289,1.621022603362
124.362204004617,16.865053768562,1.610327970212,1.610327970212,1.612802445239
124.656818240627,16.921766963424,1.602702435637,1.602702435637,1.608776040525
124.949192529636,16.989076382182,1.595223562485,1.595223562485,1.598139018452
125.235559912652,17.078538883526,1.578595991320,1.578595991320,1.584863672654
125.518140274382,17.179343102023,1.560988123045,1.562935934711,1.560988123045
125.788762077555,17.308844190446,1.552996142332,1.557958589852,1.552996142332
126.054087061685,17.448900815120,1.543392424669,1.544629803829,1.543392424669
126.320176580972,17.587503143593,1.536697209780,1.536697209780,1.538786092801
126.586346461196,17.725951171145,1.533885898347,1.533885898347,1.536691609225
126.847759494810,17.873181217622,1.528461179862,1.528461179862,1.532762882540
127.110010564861,18.018915948696,1.529554516286,1.543483462574,1.529554516286
127.365599886975,18.176036742386,1.542811557494,1.575116445836,1.542811557494
127.621790500424,18.332179684773,1.562588913553,1.611362329292,1.562588913553
127.865447477568,18.507226481784,1.609572001075,1.650033366112,1.609572001075
128.098941427891,18.695621256446,1.651116733783,1.675344630044,1.651116733783
128.311888853071,18.906950960590,1.697219339954,1.697974458578,1.697219339954
128.509570975074,19.132634966032,1.702549597625,1.703200828450,1.702549597625
128.686328260738,19.375053602565,1.696329569998,1.697633253019,1.696329569998
128.859669283273,19.619935309539,1.693203346073,1.693203346073,1.697067220871
129.026549597673,19.869264093465,1.694166459259,1.694166459259,1.697489100135
129.177648256892,20.128458067061,1.687317559940,1.687317559940,1.703618349182
129.326313568950,20.389058997270,1.707606658247,1.707606658247,1.722563292386
129.466926743860,20.654090523722,1.721172541717,1.721172541717,1.743203707960
129.591364018260,20.927088710293,1.728462169279,1.736702691354,1.728462169279
129.677370493480,21.214505870243,1.702118648418,1.714628581108,1.702118648418
129.746334835898,21.506494052144,1.665281508635,1.706810888711,1.665281508635
129.798827780034,21.801888718616,1.609200670479,1.687028821457,1.609200670479
129.828381590210,22.100450901642,1.566836122316,1.661897044461,1.566836122316
129.844196304033,22.400056775556,1.571784524891,1.626739405697,1.571784524891
129.845615949825,22.700076607808,1.594702112807,1.597674661714,1.594702112807
129.860390449726,22.999735848992,1.585102329651,1.585102329651,1.599459472692
129.866380316170,23.299699583362,1.568084208352,1.568084208352,1.605979004031
129.863009914014,23.599704207347,1.549566176495,1.549566176495,1.615283713403
129.844931367380,23.899182266692,1.555723798576,1.555723798576,1.640106729540
129.831249352112,24.198893850759,1.570162733695,1.570162733695,1.651631520656
129.818647318219,24.498652834975,1.604331236446,1.604331236446,1.650314297010
129.791272214243,24.797424558232,1.621610827829,1.621610827829,1.639174967943
129.754588181526,25.095196968081,1.584282228050,1.616922423581,1.584282228050
129.705373844200,25.391156409163,1.567082733913,1.613537438243,1.567082733913
129.623547641007,25.679806233667,1.584869258463,1.584869258463,1.588922604430
129.560165562593,25.973058549474,1.583489648588,1.586808070260,1.583489648588
129.502437378248,26.267476119908,1.576000516087,1.601378329860,1.576000516087
129.440100374719,26.560952391509,1.589205543447,1.589205543447,1.590463269651
129.386364746776,26.856124775115,1.587895735618,1.587895735618,1.598272955574
129.336439304648,27.151965453900,1.592472129596,1.592472129596,1.607962546592
129.289609784925,27.448311969537,1.601962660639,1.601962660639,1.610054870532
129.241750874690,27.744493982284,1.609615692304,1.609615692304,1.609838787626
129.191601365166,28.040296762593,1.605823085818,1.607976690420,1.605823085818
129.137958581100,28.335486046603,1.604654411742,1.605510908586,1.604654411742
129.084384498064,28.630687805895,1.602620465507,1.605666209785,1.602620465507
129.033018663688,28.926281804592,1.603788372612,1.603788372612,1.604004119298
128.984521137478,29.222359922035,1.604228522600,1.604228522600,1.604596264446
