x,y,z,stamp,frame_id
30.036999999996624,50.04199999998673,103.796,1789797380.1997404,gps_back
30.089500000001863,50.04250000001048,103.792,1789797399.6997344,gps_back
30.141499999997905,50.05449999999837,103.794,1789797399.9997344,gps_back
30.210999999995693,50.06649999998626,103.793,1789797400.2997344,gps_back
30.27150000000256,50.07850000000326,103.788,1789797400.4997342,gps_back
30.34100000000035,50.101499999989755,103.786,1789797400.6997342,gps_back
30.42750000000524,50.1140000000014,103.783,1789797400.899734,gps_back
30.47950000000128,50.12599999998929,103.783,1789797400.9997342,gps_back
30.575500000006286,50.13850000000093,103.778,1789797401.199734,gps_back
30.635999999998603,50.150499999988824,103.783,1789797401.299734,gps_back
30.68850000000384,50.15150000000722,103.786,1789797401.399734,gps_back
30.74899999999616,50.17399999999907,103.789,1789797401.499734,gps_back
30.801000000006752,50.17499999998836,103.793,1789797401.5997338,gps_back
30.914000000004307,50.19899999999325,103.79,1789797401.7997339,gps_back
30.974499999996624,50.211000000010245,103.796,1789797401.8997338,gps_back
31.026500000007218,50.22250000000349,103.792,1789797401.9997337,gps_back
31.08749999999418,50.22349999999278,103.792,1789797402.0997338,gps_back
31.148499999995693,50.23550000000978,103.791,1789797402.1997337,gps_back
31.20900000000256,50.24749999999767,103.797,1789797402.2997336,gps_back
31.27850000000035,50.259499999985565,103.799,1789797402.3997338,gps_back
31.339000000007218,50.27150000000256,103.797,1789797402.4997337,gps_back
31.408500000005006,50.2840000000142,103.798,1789797402.5997336,gps_back
31.478000000002794,50.296000000002095,103.795,1789797402.6997335,gps_back
31.547500000000582,50.30799999998999,103.796,1789797402.7997336,gps_back
31.625499999994645,50.32050000000163,103.796,1789797402.8997335,gps_back
31.695000000006985,50.34299999999348,103.793,1789797402.9997334,gps_back
31.764500000004773,50.34450000000652,103.791,1789797403.0997334,gps_back
31.84299999999348,50.35699999998906,103.789,1789797403.1997335,gps_back
31.911999999996624,50.369000000006054,103.784,1789797403.2997334,gps_back
31.990499999999884,50.380999999993946,103.783,1789797403.3997333,gps_back
32.068499999993946,50.39350000000559,103.783,1789797403.4997334,gps_back
32.138000000006286,50.40549999999348,103.782,1789797403.5997334,gps_back
32.207500000004075,50.41750000001048,103.781,1789797403.6997333,gps_back
32.28549999999814,50.429999999993015,103.786,1789797403.7997332,gps_back
32.34649999999965,50.43100000001141,103.781,1789797403.8997333,gps_back
32.424499999993714,50.443499999993946,103.778,1789797403.9997332,gps_back
32.494000000006054,50.45550000001094,103.777,1789797404.099733,gps_back
32.56350000000384,50.467499999998836,103.774,1789797404.1997333,gps_back
32.650500000003376,50.48000000001048,103.773,1789797404.2997332,gps_back
32.72849999999744,50.49199999999837,103.772,1789797404.399733,gps_back
32.81549999999697,50.515500000008615,103.77,1789797404.499733,gps_back
32.91099999999278,50.52799999999115,103.77,1789797404.599733,gps_back
33.005999999993946,50.5515000000014,103.767,1789797404.699733,gps_back
33.10199999999895,50.56400000001304,103.765,1789797404.799733,gps_back
33.20600000000559,50.58749999999418,103.769,1789797404.8997328,gps_back
33.30999999999767,50.600500000000466,103.766,1789797404.999733,gps_back
33.41449999999895,50.61300000001211,103.77,1789797405.0997329,gps_back
33.50999999999476,50.62599999998929,103.771,1789797405.1997328,gps_back
33.60550000000512,50.64900000000489,103.769,1789797405.299733,gps_back
33.709499999997206,50.662000000011176,103.771,1789797405.3997328,gps_back
33.804999999993015,50.674499999993714,103.773,1789797405.4997327,gps_back
33.900500000003376,50.687000000005355,103.768,1789797405.5997326,gps_back
34.00500000000466,50.710499999986496,103.769,1789797405.6997328,gps_back
34.091499999994994,50.72299999999814,103.768,1789797405.7997327,gps_back
34.195999999996275,50.736000000004424,103.769,1789797405.8997326,gps_back
34.28299999999581,50.74849999998696,103.768,1789797405.9997325,gps_back
34.387000000002445,50.771999999997206,103.765,1789797406.0997326,gps_back
34.482499999998254,50.78450000000885,103.763,1789797406.1997325,gps_back
34.57799999999406,50.80799999998999,103.761,1789797406.2997324,gps_back
34.6820000000007,50.82050000000163,103.764,1789797406.3997326,gps_back
34.77749999999651,50.833500000007916,103.763,1789797406.4997325,gps_back
34.88199999999779,50.845999999990454,103.761,1789797406.5997324,gps_back
34.986000000004424,50.8695000000007,103.763,1789797406.6997323,gps_back
35.08150000000023,50.88200000001234,103.762,1789797406.7997324,gps_back
35.18600000000151,50.89499999998952,103.761,1789797406.8997324,gps_back
35.28100000000268,50.91849999999977,103.761,1789797406.9997323,gps_back
35.38550000000396,50.93100000001141,103.763,1789797407.0997322,gps_back
35.48099999999977,50.943499999993946,103.759,1789797407.1997323,gps_back
35.59399999999732,50.967499999998836,103.76,1789797407.2997322,gps_back
35.68949999999313,50.98000000001048,103.761,1789797407.399732,gps_back
35.79349999999977,51.00349999999162,103.754,1789797407.4997323,gps_back
35.90649999999732,51.016499999997905,103.752,1789797407.5997322,gps_back
36.01050000000396,51.02950000000419,103.752,1789797407.699732,gps_back
36.11500000000524,51.053000000014435,103.748,1789797407.799732,gps_back
36.21899999999732,51.06549999999697,103.75,1789797407.899732,gps_back
36.31449999999313,51.08900000000722,103.75,1789797407.999732,gps_back
36.41849999999977,51.102000000013504,103.744,1789797408.099732,gps_back
36.52300000000105,51.11449999999604,103.74300000000001,1789797408.1997318,gps_back
36.61849999999686,51.138000000006286,103.744,1789797408.299732,gps_back
36.72250000000349,51.15100000001257,103.747,1789797408.3997319,gps_back
36.8179999999993,51.16349999999511,103.748,1789797408.4997318,gps_back
36.92250000000058,51.187000000005355,103.745,1789797408.599732,gps_back
37.02650000000722,51.19949999998789,103.747,1789797408.6997318,gps_back
37.12200000000303,51.22299999999814,103.745,1789797408.7997317,gps_back
37.217499999998836,51.23550000000978,103.74300000000001,1789797408.8997316,gps_back
37.32150000000547,51.259499999985565,103.744,1789797408.9997318,gps_back
37.42600000000675,51.271999999997206,103.742,1789797409.0997317,gps_back
37.529999999998836,51.29550000000745,103.741,1789797409.1997316,gps_back
37.625499999994645,51.31899999998859,103.735,1789797409.2997315,gps_back
37.72950000000128,51.33199999999488,103.733,1789797409.3997316,gps_back
37.833499999993364,51.35550000000512,103.733,1789797409.4997315,gps_back
37.929000000003725,51.36799999998766,103.735,1789797409.5997314,gps_back
38.033500000005006,51.380999999993946,103.735,1789797409.6997316,gps_back
38.13749999999709,51.40450000000419,103.73400000000001,1789797409.7997315,gps_back
38.2329999999929,51.41699999998673,103.73,1789797409.8997314,gps_back
38.336999999999534,51.44049999999697,103.729,1789797409.9997313,gps_back
38.43249999999534,51.453000000008615,103.729,1789797410.0997314,gps_back
38.536999999996624,51.4659999999858,103.729,1789797410.1997313,gps_back
38.632500000006985,51.48949999999604,103.73,1789797410.2997313,gps_back
38.73649999999907,51.50200000000768,103.732,1789797410.3997312,gps_back
38.83199999999488,51.525499999988824,103.73100000000001,1789797410.4997313,gps_back
38.92750000000524,51.538000000000466,103.73100000000001,1789797410.5997312,gps_back
39.03200000000652,51.55100000000675,103.73100000000001,1789797410.699731,gps_back
39.1359999999986,51.57449999998789,103.72800000000001,1789797410.7997313,gps_back
39.24000000000524,51.586999999999534,103.726,1789797410.8997312,gps_back
39.33550000000105,51.61050000000978,103.726,1789797410.999731,gps_back
39.44000000000233,51.62349999998696,103.724,1789797411.099731,gps_back
39.54399999999441,51.646999999997206,103.721,1789797411.199731,gps_back
39.63950000000477,51.65950000000885,103.718,1789797411.299731,gps_back
39.74349999999686,51.67249999998603,103.71900000000001,1789797411.399731,gps_back
39.84799999999814,51.695999999996275,103.71600000000001,1789797411.499731,gps_back
39.95200000000477,51.708500000007916,103.718,1789797411.599731,gps_back
40.05599999999686,51.732500000012806,103.718,1789797411.6997309,gps_back
40.15150000000722,51.74499999999534,103.721,1789797411.7997308,gps_back
40.255999999993946,51.76850000000559,103.717,1789797411.899731,gps_back
40.35150000000431,51.780999999988126,103.717,1789797411.9997308,gps_back
40.45549999999639,51.79399999999441,103.714,1789797412.0997307,gps_back
40.55100000000675,51.81700000001001,103.714,1789797412.1997306,gps_back
40.65549999999348,51.829999999987194,103.711,1789797412.2997308,gps_back
40.75100000000384,51.842499999998836,103.708,1789797412.3997307,gps_back
40.854999999995925,51.86600000000908,103.70700000000001,1789797412.4997306,gps_back
40.950500000006286,51.87849999999162,103.70700000000001,1789797412.5997307,gps_back
41.046000000002095,51.90200000000186,103.70700000000001,1789797412.6997306,gps_back
41.141499999997905,51.91500000000815,103.705,1789797412.7997305,gps_back
41.236999999993714,51.92749999999069,103.709,1789797412.8997304,gps_back
41.34100000000035,51.95100000000093,103.70700000000001,1789797412.9997306,gps_back
41.44550000000163,51.96350000001257,103.705,1789797413.0997305,gps_back
41.558499999999185,51.976499999989755,103.702,1789797413.1997304,gps_back
41.671000000002095,52.000499999994645,103.699,1789797413.2997303,gps_back
41.775500000003376,52.013000000006286,103.703,1789797413.3997304,gps_back
41.88850000000093,52.02600000001257,103.70400000000001,1789797413.4997303,gps_back
42.00149999999849,52.038999999989755,103.702,1789797413.5997303,gps_back
42.1140000000014,52.0625,103.706,1789797413.6997304,gps_back
42.21850000000268,52.075500000006286,103.706,1789797413.7997303,gps_back
42.33100000000559,52.09899999998743,103.705,1789797413.8997302,gps_back
42.43550000000687,52.111999999993714,103.7,1789797413.99973,gps_back
42.54799999999523,52.13550000000396,103.69500000000001,1789797414.0997303,gps_back
42.65249999999651,52.148500000010245,103.697,1789797414.1997302,gps_back
42.76549999999406,52.171999999991385,103.69500000000001,1789797414.29973,gps_back
42.8695000000007,52.18499999999767,103.69,1789797414.39973,gps_back
42.97349999999278,52.208500000007916,103.69,1789797414.49973,gps_back
43.08650000000489,52.2215000000142,103.683,1789797414.59973,gps_back
43.19100000000617,52.23399999999674,103.682,1789797414.69973,gps_back
43.30349999999453,52.25800000000163,103.683,1789797414.79973,gps_back
43.416500000006636,52.271000000007916,103.68,1789797414.89973,gps_back
43.52950000000419,52.283499999990454,103.681,1789797414.9997299,gps_back
43.642500000001746,52.30749999999534,103.678,1789797415.0997298,gps_back
43.75500000000466,52.33100000000559,103.678,1789797415.19973,gps_back
43.86800000000221,52.35500000001048,103.677,1789797415.2997298,gps_back
43.971999999994296,52.367499999993015,103.678,1789797415.3997297,gps_back
44.0850000000064,52.391499999997905,103.676,1789797415.4997296,gps_back
44.19800000000396,52.40450000000419,103.675,1789797415.5997298,gps_back
44.30199999999604,52.428000000014435,103.674,1789797415.6997297,gps_back
44.4149999999936,52.44099999999162,103.673,1789797415.7997296,gps_back
44.51949999999488,52.45350000000326,103.674,1789797415.8997297,gps_back
44.632500000006985,52.466500000009546,103.675,1789797415.9997296,gps_back
44.74550000000454,52.47949999998673,103.673,1789797416.0997295,gps_back
44.849499999996624,52.49199999999837,103.673,1789797416.1997294,gps_back
44.96249999999418,52.50500000000466,103.671,1789797416.2997296,gps_back
45.066500000000815,52.5284999999858,103.67,1789797416.3997295,gps_back
45.171000000002095,52.541499999992084,103.674,1789797416.4997294,gps_back
45.283500000005006,52.56500000000233,103.672,1789797416.5997295,gps_back
45.39650000000256,52.578000000008615,103.672,1789797416.6997294,gps_back
45.509500000000116,52.602000000013504,103.671,1789797416.7997293,gps_back
45.61350000000675,52.61449999999604,103.671,1789797416.8997293,gps_back
45.72650000000431,52.63850000000093,103.673,1789797416.9997294,gps_back
45.83950000000186,52.65100000001257,103.672,1789797417.0997293,gps_back
45.95249999999942,52.663999999989755,103.673,1789797417.1997292,gps_back
46.06500000000233,52.687999999994645,103.671,1789797417.299729,gps_back
46.177999999999884,52.700500000006286,103.669,1789797417.3997293,gps_back
46.29099999999744,52.724500000011176,103.671,1789797417.4997292,gps_back
46.403999999994994,52.73749999998836,103.666,1789797417.599729,gps_back
46.525500000003376,52.750499999994645,103.665,1789797417.6997292,gps_back
46.63850000000093,52.77400000000489,103.664,1789797417.799729,gps_back
46.75999999999476,52.78750000000582,103.663,1789797417.899729,gps_back
46.87300000000687,52.79999999998836,103.659,1789797417.999729,gps_back
46.9945000000007,52.82399999999325,103.658,1789797418.099729,gps_back
47.107499999998254,52.84799999999814,103.658,1789797418.199729,gps_back
47.229000000006636,52.861000000004424,103.653,1789797418.2997289,gps_back
47.34200000000419,52.884499999985565,103.652,1789797418.3997288,gps_back
47.4545000000071,52.908499999990454,103.65,1789797418.499729,gps_back
47.57600000000093,52.93249999999534,103.644,1789797418.5997288,gps_back
47.68899999999849,52.945000000006985,103.638,1789797418.6997287,gps_back
47.80199999999604,52.969000000011874,103.636,1789797418.7997289,gps_back
47.923500000004424,52.99299999998766,103.636,1789797418.8997288,gps_back
48.03599999999278,53.016499999997905,103.637,1789797418.9997287,gps_back
48.14900000000489,53.040500000002794,103.638,1789797419.0997286,gps_back
48.26149999999325,53.06400000001304,103.639,1789797419.1997287,gps_back
48.38300000000163,53.087999999988824,103.643,1789797419.2997286,gps_back
48.495999999999185,53.111999999993714,103.645,1789797419.3997285,gps_back
48.60899999999674,53.125,103.645,1789797419.4997284,gps_back
48.72149999999965,53.148500000010245,103.644,1789797419.5997286,gps_back
48.84299999999348,53.17249999998603,103.641,1789797419.6997285,gps_back
48.95600000000559,53.195999999996275,103.639,1789797419.7997284,gps_back
49.068499999993946,53.220000000001164,103.633,1789797419.8997285,gps_back
49.181500000006054,53.23300000000745,103.631,1789797419.9997284,gps_back
49.302999999999884,53.25700000001234,103.634,1789797420.0997283,gps_back
49.41599999999744,53.28049999999348,103.631,1789797420.1997283,gps_back
49.52850000000035,53.30449999999837,103.633,1789797420.2997284,gps_back
49.641499999997905,53.31700000001001,103.635,1789797420.3997283,gps_back
49.75449999999546,53.3409999999858,103.63,1789797420.4997282,gps_back
49.87600000000384,53.353999999992084,103.631,1789797420.599728,gps_back
49.9890000000014,53.37750000000233,103.629,1789797420.6997283,gps_back
50.09299999999348,53.390500000008615,103.631,1789797420.7997282,gps_back
50.21450000000186,53.414500000013504,103.634,1789797420.899728,gps_back
50.32749999999942,53.42749999999069,103.632,1789797420.9997282,gps_back
50.44049999999697,53.45100000000093,103.624,1789797421.099728,gps_back
50.55349999999453,53.46400000000722,103.628,1789797421.199728,gps_back
50.66599999999744,53.48749999998836,103.629,1789797421.299728,gps_back
50.778999999994994,53.51149999999325,103.628,1789797421.399728,gps_back
50.900500000003376,53.53549999999814,103.63,1789797421.499728,gps_back
51.01350000000093,53.548500000004424,103.628,1789797421.5997279,gps_back
51.12649999999849,53.571999999985565,103.625,1789797421.699728,gps_back
51.2390000000014,53.58499999999185,103.623,1789797421.799728,gps_back
51.35199999999895,53.608500000002095,103.622,1789797421.8997278,gps_back
51.46499999999651,53.632500000006985,103.623,1789797421.9997277,gps_back
51.57799999999406,53.64550000001327,103.624,1789797422.0997279,gps_back
51.699500000002445,53.66949999998906,103.619,1789797422.1997278,gps_back
51.812000000005355,53.6820000000007,103.622,1789797422.2997277,gps_back
51.92500000000291,53.70600000000559,103.629,1789797422.3997276,gps_back
52.038000000000466,53.719000000011874,103.629,1789797422.4997277,gps_back
52.159499999994296,53.73199999998906,103.628,1789797422.5997276,gps_back
52.2725000000064,53.7554999999993,103.626,1789797422.6997275,gps_back
52.39400000000023,53.77950000000419,103.624,1789797422.7997277,gps_back
52.51549999999406,53.79250000001048,103.619,1789797422.8997276,gps_back
52.637000000002445,53.81649999998626,103.614,1789797422.9997275,gps_back
52.75,53.84049999999115,103.616,1789797423.0997274,gps_back
52.87149999999383,53.8640000000014,103.611,1789797423.1997275,gps_back
53.01050000000396,53.88850000000093,103.605,1789797423.2997274,gps_back
53.13150000000314,53.92300000000978,103.60900000000001,1789797423.3997273,gps_back
53.262000000002445,53.93650000001071,103.601,1789797423.4997272,gps_back
53.3920000000071,53.960499999986496,103.601,1789797423.5997274,gps_back
53.51350000000093,53.984499999991385,103.60000000000001,1789797423.6997273,gps_back
53.64400000000023,54.008499999996275,103.596,1789797423.7997272,gps_back
53.76549999999406,54.02150000000256,103.60000000000001,1789797423.8997273,gps_back
53.89549999999872,54.04550000000745,103.599,1789797423.9997272,gps_back
54.017500000001746,54.05850000001374,103.60600000000001,1789797424.0997272,gps_back
54.138999999995576,54.07149999999092,103.607,1789797424.199727,gps_back
54.278000000005704,54.095999999990454,103.604,1789797424.2997272,gps_back
54.399499999999534,54.10899999999674,103.596,1789797424.399727,gps_back
54.520999999993364,54.13300000000163,103.59,1789797424.499727,gps_back
54.64299999999639,54.146000000007916,103.581,1789797424.599727,gps_back
55.14650000000256,54.220000000001164,103.578,1789797424.999727,gps_back
55.26850000000559,54.233500000002095,103.568,1789797425.099727,gps_back
55.39849999999569,54.24650000000838,103.57000000000001,1789797425.1997268,gps_back
55.528999999994994,54.259499999985565,103.57300000000001,1789797425.2997267,gps_back
55.650500000003376,54.283499999990454,103.57600000000001,1789797425.3997269,gps_back
56.163000000000466,54.369000000006054,103.586,1789797425.7997267,gps_back
56.284499999994296,54.38200000001234,103.583,1789797425.8997266,gps_back
56.40600000000268,54.405999999988126,103.57900000000001,1789797425.9997265,gps_back
56.53599999999278,54.429999999993015,103.577,1789797426.0997267,gps_back
56.65799999999581,54.4429999999993,103.58,1789797426.1997266,gps_back
56.79649999999674,54.46700000000419,103.57900000000001,1789797426.2997265,gps_back
56.92699999999604,54.491500000003725,103.58200000000001,1789797426.3997264,gps_back
57.06600000000617,54.515500000008615,103.57600000000001,1789797426.4997265,gps_back
57.1875,54.5284999999858,103.563,1789797426.5997264,gps_back
57.32600000000093,54.56349999998929,103.558,1789797426.6997263,gps_back
57.465500000005704,54.57699999999022,103.553,1789797426.7997262,gps_back
57.59549999999581,54.60099999999511,103.555,1789797426.8997264,gps_back
57.725500000000466,54.6359999999986,103.553,1789797426.9997263,gps_back
57.87350000000151,54.649499999999534,103.55,1789797427.0997262,gps_back
58.00350000000617,54.673500000004424,103.543,1789797427.1997263,gps_back
58.1420000000071,54.708500000007916,103.539,1789797427.2997262,gps_back
58.2725000000064,54.73300000000745,103.537,1789797427.3997262,gps_back
58.40249999999651,54.75700000001234,103.541,1789797427.499726,gps_back
58.53299999999581,54.780999999988126,103.55,1789797427.5997262,gps_back
58.67149999999674,54.804999999993015,103.551,1789797427.699726,gps_back
58.81050000000687,54.82949999999255,103.554,1789797427.799726,gps_back
58.949500000002445,54.85349999999744,103.551,1789797427.899726,gps_back
59.0795000000071,54.87750000000233,103.551,1789797427.999726,gps_back
59.2100000000064,54.90200000000186,103.548,1789797428.099726,gps_back
59.33999999999651,54.92600000000675,103.548,1789797428.1997259,gps_back
59.479000000006636,54.95000000001164,103.549,1789797428.299726,gps_back
59.61800000000221,54.974500000011176,103.549,1789797428.399726,gps_back
59.74800000000687,54.99849999998696,103.546,1789797428.4997258,gps_back
59.887000000002445,55.02249999999185,103.543,1789797428.5997257,gps_back
60.02599999999802,55.046999999991385,103.543,1789797428.6997259,gps_back
60.15600000000268,55.05999999999767,103.546,1789797428.7997258,gps_back
60.294999999998254,55.084499999997206,103.543,1789797428.8997257,gps_back
60.425499999997555,55.09750000000349,103.543,1789797428.9997258,gps_back
60.56449999999313,55.12150000000838,103.543,1789797429.0997257,gps_back
60.695000000006985,55.13500000000931,103.541,1789797429.1997256,gps_back
60.82499999999709,55.1590000000142,103.546,1789797429.2997255,gps_back
60.955000000001746,55.18299999998999,103.549,1789797429.3997257,gps_back
61.09450000000652,55.19649999999092,103.552,1789797429.4997256,gps_back
61.233500000002095,55.20999999999185,103.553,1789797429.5997255,gps_back
61.36350000000675,55.23399999999674,103.549,1789797429.6997254,gps_back
61.494000000006054,55.24700000000303,103.55,1789797429.7997255,gps_back
61.63300000000163,55.27150000000256,103.546,1789797429.8997254,gps_back
61.763000000006286,55.28450000000885,103.546,1789797429.9997253,gps_back
61.89350000000559,55.29800000000978,103.542,1789797430.0997255,gps_back
62.02400000000489,55.321999999985565,103.541,1789797430.1997254,gps_back
62.153999999994994,55.33499999999185,103.541,1789797430.2997253,gps_back
62.284499999994296,55.34849999999278,103.541,1789797430.3997252,gps_back
62.423500000004424,55.36149999999907,103.543,1789797430.4997253,gps_back
62.554000000003725,55.375,103.543,1789797430.5997252,gps_back
62.693499999993946,55.37750000000233,103.541,1789797430.6997252,gps_back
62.8234999999986,55.390500000008615,103.539,1789797430.799725,gps_back
62.9545000000071,55.38200000001234,103.54,1789797430.8997252,gps_back
63.0850000000064,55.384499999985565,103.538,1789797430.999725,gps_back
63.224499999996624,55.37599999998929,103.538,1789797431.099725,gps_back
63.35550000000512,55.367499999993015,103.538,1789797431.1997252,gps_back
63.49499999999534,55.35899999999674,103.536,1789797431.299725,gps_back
63.625499999994645,55.36149999999907,103.533,1789797431.399725,gps_back
63.76499999999942,55.353000000002794,103.531,1789797431.4997249,gps_back
63.89549999999872,55.34450000000652,103.532,1789797431.599725,gps_back
64.02650000000722,55.336000000010245,103.532,1789797431.699725,gps_back
64.15700000000652,55.32750000001397,103.529,1789797431.7997248,gps_back
64.28800000000047,55.30799999998999,103.53,1789797431.8997247,gps_back
64.42750000000524,55.29999999998836,103.53,1789797431.9997249,gps_back
64.55849999999919,55.28049999999348,103.533,1789797432.0997248,gps_back
64.68949999999313,55.2609999999986,103.537,1789797432.1997247,gps_back
64.8295000000071,55.24199999999837,103.536,1789797432.2997248,gps_back
64.96050000000105,55.22250000000349,103.534,1789797432.3997247,gps_back
65.091499999995,55.203000000008615,103.532,1789797432.4997246,gps_back
65.2219999999943,55.18400000000838,103.534,1789797432.5997245,gps_back
65.3530000000028,55.164500000013504,103.531,1789797432.6997247,gps_back
65.48450000000594,55.13399999999092,103.532,1789797432.7997246,gps_back
65.62450000000536,55.103999999992084,103.527,1789797432.8997245,gps_back
65.7554999999993,55.07399999999325,103.525,1789797432.9997244,gps_back
65.88649999999325,55.04349999999977,103.524,1789797433.0997245,gps_back
66.01799999999639,55.01350000000093,103.521,1789797433.1997244,gps_back
66.14900000000489,54.97250000000349,103.522,1789797433.2997243,gps_back
66.28049999999348,54.94200000001001,103.518,1789797433.3997245,gps_back
66.41150000000198,54.90100000001257,103.517,1789797433.4997244,gps_back
66.53399999999965,54.87049999998999,103.515,1789797433.5997243,gps_back
66.6655000000028,54.82949999999255,103.514,1789797433.6997242,gps_back
66.79700000000594,54.78849999999511,103.513,1789797433.7997243,gps_back
66.92799999999988,54.75800000000163,103.51,1789797433.8997242,gps_back
67.05950000000303,54.71700000000419,103.509,1789797433.9997241,gps_back
67.19100000000617,54.67600000000675,103.511,1789797434.099724,gps_back
67.32200000000012,54.63500000000931,103.51,1789797434.1997242,gps_back
67.44500000000698,54.593499999988126,103.51,1789797434.299724,gps_back
67.57600000000093,54.55249999999069,103.514,1789797434.399724,gps_back
67.69899999999325,54.500499999994645,103.514,1789797434.4997241,gps_back
67.83049999999639,54.45900000000256,103.512,1789797434.599724,gps_back
67.95299999999406,54.41800000000512,103.51,1789797434.699724,gps_back
68.0844999999972,54.36600000000908,103.511,1789797434.7997239,gps_back
68.20750000000407,54.32500000001164,103.509,1789797434.899724,gps_back
68.33900000000722,54.272999999986496,103.508,1789797434.999724,gps_back
68.46150000000489,54.22049999999581,103.507,1789797435.0997238,gps_back
68.5844999999972,54.16849999999977,103.504,1789797435.1997237,gps_back
68.71600000000035,54.12750000000233,103.506,1789797435.2997239,gps_back
68.83900000000722,54.06450000000768,103.505,1789797435.3997238,gps_back
68.96199999999953,54.01250000001164,103.507,1789797435.4997237,gps_back
69.09350000000268,53.960499999986496,103.504,1789797435.5997238,gps_back
69.21600000000035,53.908499999990454,103.504,1789797435.6997237,gps_back
69.33950000000186,53.84549999999581,103.508,1789797435.7997236,gps_back
69.46199999999953,53.79300000000512,103.507,1789797435.8997235,gps_back
69.70799999999872,53.678000000014435,103.508,1789797436.0997236,gps_back
69.83100000000559,53.61499999999069,103.504,1789797436.1997235,gps_back
69.9539999999979,53.55199999999604,103.504,1789797436.2997234,gps_back
70.07700000000477,53.5,103.505,1789797436.3997235,gps_back
70.19150000000081,53.437000000005355,103.503,1789797436.4997234,gps_back
70.31449999999313,53.37400000001071,103.501,1789797436.5997233,gps_back
70.4375,53.31099999998696,103.503,1789797436.6997235,gps_back
70.56050000000687,53.24799999999232,103.5,1789797436.7997234,gps_back
70.67500000000291,53.18499999999767,103.5,1789797436.8997233,gps_back
70.79799999999523,53.12200000000303,103.504,1789797436.9997232,gps_back
70.91199999999662,53.05850000001374,103.504,1789797437.0997233,gps_back
71.02650000000722,52.99549999998999,103.506,1789797437.1997232,gps_back
71.14949999999953,52.93249999999534,103.504,1789797437.2997231,gps_back
71.26399999999558,52.858500000002095,103.5,1789797437.399723,gps_back
71.37850000000617,52.79550000000745,103.5,1789797437.4997232,gps_back
71.50149999999849,52.732500000012806,103.497,1789797437.599723,gps_back
71.61599999999453,52.658499999990454,103.494,1789797437.699723,gps_back
71.73050000000512,52.584499999997206,103.49300000000001,1789797437.7997231,gps_back
71.84500000000116,52.51050000000396,103.494,1789797437.899723,gps_back
71.9594999999972,52.44750000000931,103.492,1789797437.999723,gps_back
72.07399999999325,52.37349999998696,103.49000000000001,1789797438.0997229,gps_back
72.18850000000384,52.299499999993714,103.489,1789797438.199723,gps_back
72.30299999999988,52.225500000000466,103.486,1789797438.299723,gps_back
72.40899999999965,52.15100000001257,103.486,1789797438.3997228,gps_back
72.53200000000652,52.087999999988824,103.48400000000001,1789797438.499723,gps_back
72.64650000000256,52.013999999995576,103.482,1789797438.5997229,gps_back
72.86699999999837,51.85500000001048,103.479,1789797438.7997227,gps_back
72.98149999999441,51.780999999988126,103.48100000000001,1789797438.8997228,gps_back
73.096000000005,51.70699999999488,103.48,1789797438.9997227,gps_back
73.20200000000477,51.63300000000163,103.47800000000001,1789797439.0997226,gps_back
73.31699999999546,51.54800000000978,103.479,1789797439.1997225,gps_back
73.43150000000605,51.47399999998743,103.479,1789797439.2997227,gps_back
73.53750000000582,51.388999999995576,103.476,1789797439.3997226,gps_back
73.65200000000186,51.30449999999837,103.47500000000001,1789797439.4997225,gps_back
73.75800000000163,51.23000000001048,103.474,1789797439.5997226,gps_back
73.8640000000014,51.14499999998952,103.476,1789797439.6997225,gps_back
73.97849999999744,51.06049999999232,103.47500000000001,1789797439.7997224,gps_back
74.0844999999972,50.986000000004424,103.47200000000001,1789797439.8997223,gps_back
74.19049999999697,50.90100000001257,103.467,1789797439.9997225,gps_back
74.29649999999674,50.81599999999162,103.468,1789797440.0997224,gps_back
74.40249999999651,50.73099999999977,103.47,1789797440.1997223,gps_back
74.61449999999604,50.56099999998696,103.46900000000001,1789797440.3997223,gps_back
74.72950000000128,50.47599999999511,103.47,1789797440.4997222,gps_back
74.83550000000105,50.39100000000326,103.46600000000001,1789797440.5997221,gps_back
74.94150000000081,50.29550000000745,103.46600000000001,1789797440.699722,gps_back
75.04750000000058,50.210499999986496,103.46300000000001,1789797440.7997222,gps_back
75.15350000000035,50.125499999994645,103.46300000000001,1789797440.899722,gps_back
75.25999999999476,50.02950000000419,103.46000000000001,1789797440.999722,gps_back
75.36599999999453,49.94450000001234,103.455,1789797441.0997221,gps_back
75.4719999999943,49.84849999999278,103.453,1789797441.199722,gps_back
75.56949999999779,49.76350000000093,103.447,1789797441.299722,gps_back
75.68450000000303,49.66750000001048,103.446,1789797441.3997219,gps_back
75.78200000000652,49.58249999998952,103.443,1789797441.499722,gps_back
75.88800000000629,49.49749999999767,103.44,1789797441.599722,gps_back
75.98549999999523,49.40150000000722,103.437,1789797441.6997218,gps_back
76.091499999995,49.30549999998766,103.434,1789797441.7997217,gps_back
76.18899999999849,49.209499999997206,103.432,1789797441.8997219,gps_back
76.2954999999929,49.11350000000675,103.432,1789797441.9997218,gps_back
76.39299999999639,49.017499999987194,103.433,1789797442.0997217,gps_back
76.49049999999988,48.92149999999674,103.434,1789797442.1997218,gps_back
76.59649999999965,48.825500000006286,103.431,1789797442.2997217,gps_back
76.69400000000314,48.72949999998673,103.432,1789797442.3997216,gps_back
76.79150000000664,48.633499999996275,103.426,1789797442.4997215,gps_back
76.88899999999558,48.53750000000582,103.425,1789797442.5997217,gps_back
76.98649999999907,48.44149999998626,103.421,1789797442.6997216,gps_back
77.07550000000629,48.334499999997206,103.417,1789797442.7997215,gps_back
77.17299999999523,48.23850000000675,103.415,1789797442.8997214,gps_back
77.27099999999336,48.13149999998859,103.411,1789797442.9997215,gps_back
77.37750000000233,48.024499999999534,103.409,1789797443.0997214,gps_back
77.5905000000057,47.80050000001211,103.408,1789797443.2997215,gps_back
77.69700000000012,47.68299999998999,103.405,1789797443.3997214,gps_back
77.79450000000361,47.57600000000093,103.402,1789797443.4997213,gps_back
77.90150000000722,47.458500000007916,103.4,1789797443.5997212,gps_back
77.99899999999616,47.34049999999115,103.398,1789797443.6997213,gps_back
78.10599999999977,47.22299999999814,103.394,1789797443.7997212,gps_back
78.21249999999418,47.10550000000512,103.39,1789797443.8997211,gps_back
78.31050000000687,46.98749999998836,103.389,1789797443.999721,gps_back
78.40799999999581,46.86999999999534,103.383,1789797444.0997212,gps_back
78.61299999999756,46.634499999985565,103.383,1789797444.299721,gps_back
78.80899999999383,46.388000000006286,103.381,1789797444.499721,gps_back
79.00449999999546,46.15249999999651,103.37,1789797444.6997209,gps_back
79.11100000000442,46.03500000000349,103.367,1789797444.799721,gps_back
79.20900000000256,45.91699999998673,103.36,1789797444.899721,gps_back
79.29850000000442,45.799499999993714,103.354,1789797444.9997208,gps_back
79.38749999999709,45.681500000006054,103.354,1789797445.0997207,gps_back
79.48549999999523,45.56349999998929,103.351,1789797445.1997209,gps_back
79.57450000000244,45.44550000000163,103.35000000000001,1789797445.2997208,gps_back
79.67250000000058,45.328000000008615,103.34700000000001,1789797445.3997207,gps_back
79.76200000000244,45.20999999999185,103.34100000000001,1789797445.4997208,gps_back
79.94000000000233,44.97399999998743,103.33800000000001,1789797445.6997206,gps_back
80.02950000000419,44.85649999999441,103.33200000000001,1789797445.7997205,gps_back
80.11849999999686,44.73850000000675,103.328,1789797445.8997207,gps_back
80.20799999999872,44.609499999991385,103.325,1789797445.9997206,gps_back
80.29700000000594,44.491500000003725,103.32300000000001,1789797446.0997205,gps_back
80.37750000000233,44.37349999998696,103.325,1789797446.1997204,gps_back
80.55650000000605,44.12700000000768,103.319,1789797446.3997204,gps_back
80.64549999999872,44.00899999999092,103.315,1789797446.4997203,gps_back
80.73450000000594,43.89100000000326,103.312,1789797446.5997205,gps_back
80.81549999999697,43.76199999998789,103.307,1789797446.6997204,gps_back
80.90450000000419,43.64400000000023,103.309,1789797446.7997203,gps_back
80.99400000000605,43.515500000008615,103.306,1789797446.8997202,gps_back
81.08299999999872,43.39749999999185,103.299,1789797446.9997203,gps_back
81.16400000000431,43.26850000000559,103.292,1789797447.0997202,gps_back
81.25299999999697,43.150499999988824,103.291,1789797447.1997201,gps_back
81.33400000000256,43.02150000000256,103.285,1789797447.29972,gps_back
81.42299999999523,42.904000000009546,103.276,1789797447.3997202,gps_back
81.49499999999534,42.774499999999534,103.274,1789797447.49972,gps_back
81.5844999999972,42.646000000007916,103.269,1789797447.59972,gps_back
81.6649999999936,42.51699999999255,103.264,1789797447.6997201,gps_back
81.74599999999919,42.388000000006286,103.261,1789797447.79972,gps_back
81.82649999999558,42.25899999999092,103.261,1789797447.89972,gps_back
81.91599999999744,42.1304999999993,103.257,1789797447.9997199,gps_back
81.98799999999756,42.00150000001304,103.255,1789797448.09972,gps_back
82.06849999999395,41.87249999999767,103.249,1789797448.19972,gps_back
82.22999999999593,41.625499999994645,103.239,1789797448.3997197,gps_back
82.30199999999604,41.49600000001374,103.239,1789797448.4997199,gps_back
82.38250000000698,41.35649999999441,103.23,1789797448.5997198,gps_back
82.46300000000338,41.23850000000675,103.227,1789797448.6997197,gps_back
82.54399999999441,41.109499999991385,103.227,1789797448.7997198,gps_back
82.61599999999453,40.98050000000512,103.22200000000001,1789797448.8997197,gps_back
82.68799999999464,40.84049999999115,103.221,1789797448.9997196,gps_back
82.75999999999476,40.71150000000489,103.217,1789797449.0997195,gps_back
82.83199999999488,40.58199999999488,103.211,1789797449.1997197,gps_back
82.903999999995,40.44250000000466,103.208,1789797449.2997196,gps_back
82.96749999999884,40.312999999994645,103.20400000000001,1789797449.3997195,gps_back
83.03100000000268,40.18400000000838,103.2,1789797449.4997194,gps_back
83.1030000000028,40.05449999999837,103.199,1789797449.5997195,gps_back
83.22950000000128,39.78549999999814,103.18900000000001,1789797449.7997193,gps_back
83.29300000000512,39.64499999998952,103.18900000000001,1789797449.8997192,gps_back
83.35649999999441,39.51600000000326,103.186,1789797449.9997194,gps_back
83.41099999999278,39.38649999999325,103.186,1789797450.0997193,gps_back
83.47400000000198,39.257500000006985,103.183,1789797450.1997192,gps_back
83.58299999999872,39.009499999985565,103.177,1789797450.3997192,gps_back
83.70100000000093,38.73999999999069,103.168,1789797450.599719,gps_back
83.8015000000014,38.48099999999977,103.159,1789797450.799719,gps_back
83.91099999999278,38.211000000010245,103.152,1789797450.999719,gps_back
84.01200000000244,37.93049999998766,103.153,1789797451.199719,gps_back
84.12149999999383,37.64999999999418,103.15,1789797451.399719,gps_back
84.2219999999943,37.3695000000007,103.141,1789797451.5997188,gps_back
84.26850000000559,37.228999999992084,103.139,1789797451.6997187,gps_back
84.31449999999313,37.08850000001257,103.137,1789797451.7997189,gps_back
84.36049999999523,36.94800000000396,103.135,1789797451.8997188,gps_back
84.4149999999936,36.80799999998999,103.13,1789797451.9997187,gps_back
84.46099999999569,36.66750000001048,103.131,1789797452.0997186,gps_back
84.50750000000698,36.52700000000186,103.125,1789797452.1997187,gps_back
84.54450000000361,36.38649999999325,103.121,1789797452.2997186,gps_back
84.5905000000057,36.24600000001374,103.123,1789797452.3997185,gps_back
84.63700000000244,36.10550000000512,103.122,1789797452.4997187,gps_back
84.68300000000454,35.96499999999651,103.121,1789797452.5997186,gps_back
84.72000000000116,35.835499999986496,103.121,1789797452.6997185,gps_back
84.74850000000151,35.716500000009546,103.121,1789797452.7997184,gps_back
84.78549999999814,35.58650000000489,103.121,1789797452.8997185,gps_back
84.82249999999476,35.45699999999488,103.12,1789797452.9997184,gps_back
84.85099999999511,35.32699999999022,103.121,1789797453.0997183,gps_back
84.88800000000629,35.20800000001327,103.11500000000001,1789797453.1997182,gps_back
84.91650000000664,35.07850000000326,103.11,1789797453.2997184,gps_back
84.93600000000151,34.95900000000256,103.108,1789797453.3997183,gps_back
84.96450000000186,34.828999999997905,103.10600000000001,1789797453.4997182,gps_back
84.99300000000221,34.70999999999185,103.10300000000001,1789797453.599718,gps_back
85.02150000000256,34.58050000001094,103.102,1789797453.6997182,gps_back
85.04099999999744,34.461000000010245,103.102,1789797453.7997181,gps_back
85.06949999999779,34.33150000000023,103.104,1789797453.899718,gps_back
85.08900000000722,34.201499999995576,103.10300000000001,1789797453.9997182,gps_back
85.11749999999302,34.07149999999092,103.10000000000001,1789797454.099718,gps_back
85.13749999999709,33.93049999998766,103.101,1789797454.199718,gps_back
85.18550000000687,33.67050000000745,103.10300000000001,1789797454.399718,gps_back
85.20549999999639,33.540500000002794,103.102,1789797454.499718,gps_back
85.22500000000582,33.41049999999814,103.10300000000001,1789797454.5997179,gps_back
85.25350000000617,33.28049999999348,103.098,1789797454.6997178,gps_back
85.27349999999569,33.150499999988824,103.096,1789797454.799718,gps_back
85.29300000000512,33.02050000001327,103.095,1789797454.8997178,gps_back
85.32150000000547,32.890500000008615,103.09100000000001,1789797454.9997177,gps_back
85.341499999995,32.75,103.093,1789797455.0997179,gps_back
85.36149999999907,32.61999999999534,103.09,1789797455.1997178,gps_back
85.38099999999395,32.48999999999069,103.089,1789797455.2997177,gps_back
85.40099999999802,32.34899999998743,103.089,1789797455.3997176,gps_back
85.4210000000021,32.219000000011874,103.089,1789797455.4997177,gps_back
85.44950000000244,32.078000000008615,103.08800000000001,1789797455.5997176,gps_back
85.46899999999732,31.948000000003958,103.089,1789797455.6997175,gps_back
85.4890000000014,31.8179999999993,103.086,1789797455.7997174,gps_back
85.50900000000547,31.676999999996042,103.087,1789797455.8997176,gps_back
85.53750000000582,31.54749999998603,103.087,1789797455.9997175,gps_back
85.5570000000007,31.417500000010477,103.087,1789797456.0997174,gps_back
85.56849999999395,31.276000000012573,103.086,1789797456.1997175,gps_back
85.58800000000338,31.146000000007916,103.087,1789797456.2997174,gps_back
85.6079999999929,31.01600000000326,103.08500000000001,1789797456.3997173,gps_back
85.61900000000605,30.875,103.086,1789797456.4997172,gps_back
85.6475000000064,30.755999999993946,103.083,1789797456.5997174,gps_back
85.658500000005,30.614999999990687,103.081,1789797456.6997173,gps_back
85.67849999999453,30.48499999998603,103.08200000000001,1789797456.7997172,gps_back
85.71799999999348,30.22500000000582,103.081,1789797456.9997172,gps_back
85.74649999999383,30.095000000001164,103.081,1789797457.0997171,gps_back
85.76600000000326,29.97599999999511,103.07900000000001,1789797457.199717,gps_back
85.78549999999814,29.845999999990454,103.077,1789797457.299717,gps_back
85.80550000000221,29.726499999989755,103.08,1789797457.399717,gps_back
85.82499999999709,29.607500000012806,103.07600000000001,1789797457.499717,gps_back
85.84450000000652,29.488500000006752,103.07600000000001,1789797457.599717,gps_back
85.8640000000014,29.369000000006054,103.078,1789797457.699717,gps_back
85.88349999999627,29.25,103.074,1789797457.799717,gps_back
85.9030000000057,29.130999999993946,103.071,1789797457.8997169,gps_back
85.92250000000058,29.011499999993248,103.074,1789797457.9997168,gps_back
85.94250000000466,28.88149999998859,103.074,1789797458.099717,gps_back
85.96199999999953,28.76250000001164,103.072,1789797458.1997168,gps_back
86.00149999999849,28.51350000000093,103.069,1789797458.3997166,gps_back
86.02099999999336,28.383499999996275,103.06700000000001,1789797458.4997168,gps_back
86.0405000000028,28.263999999995576,103.06400000000001,1789797458.5997167,gps_back
86.06900000000314,28.13399999999092,103.06400000000001,1789797458.6997166,gps_back
86.08849999999802,28.01500000001397,103.06400000000001,1789797458.7997167,gps_back
86.09949999999662,27.885000000009313,103.058,1789797458.8997166,gps_back
86.12799999999697,27.76600000000326,103.055,1789797458.9997165,gps_back
86.15649999999732,27.635999999998603,103.053,1789797459.0997164,gps_back
86.17600000000675,27.505999999993946,103.049,1789797459.1997166,gps_back
86.19550000000163,27.386999999987893,103.044,1789797459.2997165,gps_back
86.22400000000198,27.25700000001234,103.041,1789797459.3997164,gps_back
86.24400000000605,27.127000000007683,103.04,1789797459.4997163,gps_back
86.2719999999972,27.00800000000163,103.04,1789797459.5997164,gps_back
86.30049999999756,26.877999999996973,103.039,1789797459.6997163,gps_back
86.3289999999979,26.747999999992317,103.036,1789797459.7997162,gps_back
86.34849999999278,26.628999999986263,103.034,1789797459.8997161,gps_back
86.37699999999313,26.49900000001071,103.034,1789797459.9997163,gps_back
86.39650000000256,26.380000000004657,103.034,1789797460.0997162,gps_back
86.40799999999581,26.249500000005355,103.03,1789797460.199716,gps_back
86.43600000000151,26.1304999999993,103.031,1789797460.2997162,gps_back
86.45549999999639,26.011499999993248,103.031,1789797460.3997161,gps_back
86.48399999999674,25.88149999998859,103.029,1789797460.499716,gps_back
86.50350000000617,25.76250000001164,103.029,1789797460.599716,gps_back
86.52300000000105,25.643500000005588,103.029,1789797460.699716,gps_back
86.54249999999593,25.52400000000489,103.027,1789797460.799716,gps_back
86.55349999999453,25.404999999998836,103.023,1789797460.899716,gps_back
86.57300000000396,25.285499999998137,103.022,1789797460.9997158,gps_back
86.58400000000256,25.176999999996042,103.023,1789797461.099716,gps_back
86.60349999999744,25.05799999998999,103.021,1789797461.1997159,gps_back
86.61449999999604,24.928000000014435,103.02,1789797461.2997158,gps_back
86.63400000000547,24.808500000013737,103.02,1789797461.399716,gps_back
86.65350000000035,24.689500000007683,103.02,1789797461.4997158,gps_back
86.67350000000442,24.559500000003027,103.02,1789797461.5997157,gps_back
86.6929999999993,24.42949999999837,103.02,1789797461.6997156,gps_back
86.7039999999979,24.30999999999767,103.018,1789797461.7997158,gps_back
86.72349999999278,24.190999999991618,103.016,1789797461.8997157,gps_back
86.75199999999313,24.06099999998696,103.017,1789797461.9997156,gps_back
86.77150000000256,23.94200000001001,103.018,1789797462.0997155,gps_back
86.79099999999744,23.822500000009313,103.019,1789797462.1997156,gps_back
86.83900000000722,23.573499999998603,103.019,1789797462.3997154,gps_back
86.8585000000021,23.45449999999255,103.019,1789797462.4997153,gps_back
86.87799999999697,23.335499999986496,103.019,1789797462.5997155,gps_back
86.89800000000105,23.205500000010943,103.019,1789797462.6997154,gps_back
86.92600000000675,23.08650000000489,103.02,1789797462.7997153,gps_back
86.94599999999627,22.96700000000419,103.019,1789797462.8997154,gps_back
86.9655000000057,22.847999999998137,103.018,1789797462.9997153,gps_back
86.98500000000058,22.728999999992084,103.017,1789797463.0997152,gps_back
87.00449999999546,22.609499999991385,103.013,1789797463.1997151,gps_back
87.02400000000489,22.490500000014435,103.008,1789797463.2997153,gps_back
87.05250000000524,22.371500000008382,103.005,1789797463.3997152,gps_back
87.07200000000012,22.25250000000233,102.999,1789797463.499715,gps_back
87.10000000000582,22.133499999996275,102.999,1789797463.599715,gps_back
87.11999999999534,22.002999999996973,103.001,1789797463.6997151,gps_back
87.13950000000477,21.88399999999092,103.0,1789797463.799715,gps_back
87.16749999999593,21.76500000001397,102.999,1789797463.899715,gps_back
87.19599999999627,21.646000000007916,102.996,1789797463.9997149,gps_back
87.2155000000057,21.51600000000326,102.995,1789797464.099715,gps_back
87.23549999999523,21.396999999997206,102.99300000000001,1789797464.199715,gps_back
87.25500000000466,21.26699999999255,102.991,1789797464.2997148,gps_back
87.26600000000326,21.136499999993248,103.005,1789797464.399715,gps_back
87.28549999999814,21.017499999987194,103.016,1789797464.4997149,gps_back
87.30499999999302,20.909000000014203,103.038,1789797464.5997148,gps_back
87.32450000000244,20.79000000000815,103.051,1789797464.6997147,gps_back
87.3530000000028,20.671000000002095,103.051,1789797464.7997148,gps_back
87.38099999999395,20.551999999996042,103.056,1789797464.8997147,gps_back
87.40050000000338,20.43299999998999,103.058,1789797464.9997146,gps_back
87.41999999999825,20.31349999998929,103.057,1789797465.0997145,gps_back
87.4484999999986,20.19450000001234,103.053,1789797465.1997147,gps_back
87.47699999999895,20.075500000006286,103.043,1789797465.2997146,gps_back
87.50500000000466,19.94550000000163,103.026,1789797465.3997145,gps_back
87.51600000000326,19.83749999999418,103.055,1789797465.4997146,gps_back
87.54399999999441,19.71799999999348,103.054,1789797465.5997145,gps_back
87.58100000000559,19.61050000000978,103.0,1789797465.6997144,gps_back
87.60000000000582,19.513000000006286,102.997,1789797465.7997143,gps_back
87.59949999999662,19.056500000006054,102.991,1789797466.0997143,gps_back
87.66199999999662,18.97049999999581,102.998,1789797466.1997142,gps_back
87.69049999999697,18.840999999985797,103.005,1789797466.2997143,gps_back
87.7100000000064,18.732500000012806,102.979,1789797466.3997142,gps_back
87.73850000000675,18.60250000000815,102.986,1789797466.4997141,gps_back
87.7844999999943,18.451499999995576,103.008,1789797466.599714,gps_back
87.82150000000547,18.343499999988126,102.976,1789797466.6997142,gps_back
87.84100000000035,18.213500000012573,102.95100000000001,1789797466.799714,gps_back
87.8695000000007,18.083500000007916,102.98100000000001,1789797466.899714,gps_back
87.89849999999569,17.921000000002095,103.033,1789797466.9997141,gps_back
87.94449999999779,17.791499999992084,103.037,1789797467.099714,gps_back
87.99000000000524,17.67249999998603,103.028,1789797467.199714,gps_back
88.01900000000023,17.53200000000652,102.999,1789797467.2997139,gps_back
88.07550000000629,17.28299999999581,103.025,1789797467.499714,gps_back
88.05199999999604,17.141499999997905,103.014,1789797467.5997138,gps_back
88.0460000000021,17.0,103.015,1789797467.6997137,gps_back
88.02499999999418,16.71700000000419,103.018,1789797467.8997138,gps_back
88.02850000000035,16.52150000000256,103.072,1789797468.0997136,gps_back
88.06549999999697,16.402999999991152,103.121,1789797468.1997137,gps_back
88.11049999999523,16.30600000001141,103.111,1789797468.2997136,gps_back
88.09450000000652,16.240500000014435,102.927,1789797468.3997135,gps_back
88.14100000000326,16.056500000006054,102.962,1789797468.5997136,gps_back
88.20299999999406,16.013999999995576,102.904,1789797468.6997135,gps_back
88.25650000000314,15.950000000011642,102.894,1789797468.7997134,gps_back
88.38199999999779,15.745499999989988,102.935,1789797468.9997134,gps_back
88.49000000000524,15.551999999996042,102.93,1789797469.1997132,gps_back
88.55250000000524,15.465999999985797,102.925,1789797469.2997134,gps_back
88.61500000000524,15.391499999997905,102.925,1789797469.3997133,gps_back
88.66849999999977,15.30549999998766,102.84100000000001,1789797469.4997132,gps_back
88.74000000000524,15.21950000000652,102.857,1789797469.599713,gps_back
88.8640000000014,15.080500000010943,102.767,1789797469.7997131,gps_back
88.93550000000687,14.994999999995343,102.791,1789797469.899713,gps_back
89.00650000000314,14.909500000008848,102.789,1789797469.9997132,gps_back
89.07799999999406,14.823999999993248,102.793,1789797470.099713,gps_back
89.15750000000116,14.738500000006752,102.798,1789797470.199713,gps_back
89.24649999999383,14.652999999991152,102.794,1789797470.299713,gps_back
89.3350000000064,14.567500000004657,102.792,1789797470.399713,gps_back
89.43249999999534,14.482500000012806,102.796,1789797470.499713,gps_back
89.528999999995,14.418999999994412,102.793,1789797470.5997128,gps_back
89.61749999999302,14.34450000000652,102.791,1789797470.6997128,gps_back
89.71450000000186,14.280999999988126,102.791,1789797470.799713,gps_back
89.81149999999616,14.217499999998836,102.786,1789797470.8997128,gps_back
89.90799999999581,14.165000000008149,102.788,1789797470.9997127,gps_back
89.99649999999383,14.101499999989755,102.78,1789797471.0997128,gps_back
90.09299999999348,14.048999999999069,102.777,1789797471.1997128,gps_back
90.18099999999686,13.996000000013737,102.776,1789797471.2997127,gps_back
90.2780000000057,13.943499999993946,102.778,1789797471.3997126,gps_back
90.3920000000071,13.89100000000326,102.77,1789797471.4997127,gps_back
90.49800000000687,13.828000000008615,102.775,1789797471.5997126,gps_back
90.90649999999732,13.86799999998766,102.824,1789797471.6997125,gps_back
91.02950000000419,13.804999999993015,102.818,1789797471.7997124,gps_back
91.14400000000023,13.730999999999767,102.825,1789797471.8997126,gps_back
91.25849999999627,13.65700000000652,102.821,1789797471.9997125,gps_back
91.37300000000687,13.583000000013271,102.82000000000001,1789797472.0997124,gps_back
91.50500000000466,13.519999999989523,102.819,1789797472.1997125,gps_back
91.75900000000547,13.415999999997439,102.81400000000001,1789797472.3997123,gps_back
91.89049999999406,13.375,102.81400000000001,1789797472.4997122,gps_back
92.15350000000035,13.292500000010477,102.808,1789797472.6997123,gps_back
92.4155000000028,13.231999999989057,102.8,1789797472.899712,gps_back
92.69500000000698,13.182999999989988,102.789,1789797473.0997121,gps_back
92.95699999999488,13.144000000000233,102.785,1789797473.299712,gps_back
93.09649999999965,13.135999999998603,102.782,1789797473.399712,gps_back
93.2274999999936,13.116500000003725,102.786,1789797473.499712,gps_back
93.36699999999837,13.10800000000745,102.79,1789797473.599712,gps_back
93.63649999999325,13.145500000013271,102.764,1789797473.799712,gps_back
93.77599999999802,13.126500000013039,102.769,1789797473.8997118,gps_back
94.03750000000582,13.119999999995343,102.759,1789797474.099712,gps_back
94.30749999999534,13.125,102.762,1789797474.2997117,gps_back
94.42900000000373,13.127000000007683,102.767,1789797474.3997116,gps_back
94.56849999999395,13.140500000008615,102.768,1789797474.4997118,gps_back
94.69000000000233,13.164500000013504,102.763,1789797474.5997117,gps_back
94.82000000000698,13.177499999990687,102.762,1789797474.6997116,gps_back
94.94150000000081,13.201499999995576,102.76,1789797474.7997117,gps_back
95.06299999999464,13.225500000000466,102.763,1789797474.8997116,gps_back
95.18450000000303,13.249500000005355,102.758,1789797474.9997115,gps_back
95.30599999999686,13.273500000010245,102.751,1789797475.0997114,gps_back
95.42799999999988,13.286499999987427,102.75,1789797475.1997116,gps_back
95.61100000000442,13.279000000009546,102.753,1789797475.2997115,gps_back
95.72349999999278,13.302499999990687,102.746,1789797475.3997114,gps_back
95.87200000000303,13.294499999989057,102.74000000000001,1789797475.4997113,gps_back
96.01900000000023,13.32949999999255,102.74300000000001,1789797475.5997114,gps_back
96.26300000000629,13.334000000002561,102.735,1789797475.7997112,gps_back
96.39299999999639,13.35800000000745,102.739,1789797475.8997111,gps_back
96.53200000000652,13.382500000006985,102.749,1789797475.9997113,gps_back
96.6710000000021,13.406500000011874,102.748,1789797476.0997112,gps_back
96.80100000000675,13.43049999998766,102.74300000000001,1789797476.199711,gps_back
96.94000000000233,13.454999999987194,102.742,1789797476.2997112,gps_back
97.07050000000163,13.46799999999348,102.741,1789797476.3997111,gps_back
97.20050000000629,13.502999999996973,102.74000000000001,1789797476.499711,gps_back
97.33049999999639,13.527000000001863,102.741,1789797476.599711,gps_back
97.46099999999569,13.540500000002794,102.73100000000001,1789797476.699711,gps_back
97.59100000000035,13.564500000007683,102.736,1789797476.799711,gps_back
97.71249999999418,13.588500000012573,102.723,1789797476.899711,gps_back
97.83400000000256,13.611999999993714,102.71900000000001,1789797476.9997108,gps_back
97.96450000000186,13.625499999994645,102.72,1789797477.099711,gps_back
98.08650000000489,13.627500000002328,102.702,1789797477.1997108,gps_back
98.21700000000419,13.64100000000326,102.7,1789797477.2997108,gps_back
98.3469999999943,13.665000000008149,102.699,1789797477.399711,gps_back
98.4774999999936,13.678000000014435,102.693,1789797477.4997108,gps_back
98.60749999999825,13.701999999990221,102.691,1789797477.5997107,gps_back
98.74649999999383,13.726499999989755,102.68900000000001,1789797477.6997106,gps_back
98.86800000000221,13.750499999994645,102.685,1789797477.7997108,gps_back
98.99850000000151,13.763500000000931,102.682,1789797477.8997107,gps_back
99.12850000000617,13.78750000000582,102.677,1789797477.9997106,gps_back
99.25849999999627,13.81150000001071,102.672,1789797478.0997105,gps_back
99.38899999999558,13.825000000011642,102.669,1789797478.1997106,gps_back
99.51050000000396,13.848999999987427,102.666,1789797478.2997105,gps_back
99.64100000000326,13.872999999992317,102.662,1789797478.3997104,gps_back
99.77099999999336,13.896999999997206,102.658,1789797478.4997106,gps_back
99.89250000000175,13.921000000002095,102.657,1789797478.5997105,gps_back
100.0225000000064,13.945000000006985,102.656,1789797478.6997104,gps_back
100.14449999999488,13.958000000013271,102.655,1789797478.7997103,gps_back
100.27449999999953,13.981999999989057,102.655,1789797478.8997104,gps_back
100.40499999999884,14.005999999993946,102.653,1789797478.9997103,gps_back
100.53500000000349,14.019499999994878,102.65,1789797479.0997102,gps_back
100.6655000000028,14.043499999999767,102.649,1789797479.1997101,gps_back
100.7954999999929,14.056500000006054,102.642,1789797479.2997103,gps_back
100.92600000000675,14.081000000005588,102.637,1789797479.3997102,gps_back
101.05599999999686,14.105000000010477,102.634,1789797479.49971,gps_back
101.18649999999616,14.128999999986263,102.631,1789797479.59971,gps_back
101.32499999999709,14.152999999991152,102.628,1789797479.6997101,gps_back
101.45549999999639,14.176999999996042,102.627,1789797479.79971,gps_back
101.58550000000105,14.201499999995576,102.623,1789797479.89971,gps_back
101.71600000000035,14.214500000001863,102.619,1789797479.99971,gps_back
101.92399999999907,14.261499999993248,102.616,1789797480.19971,gps_back
102.03699999999662,14.274499999999534,102.616,1789797480.2997098,gps_back
102.14100000000326,14.298000000009779,102.614,1789797480.39971,gps_back
102.24550000000454,14.321999999985565,102.614,1789797480.4997098,gps_back
102.3579999999929,14.334499999997206,102.616,1789797480.5997097,gps_back
102.46249999999418,14.358500000002095,102.613,1789797480.6997097,gps_back
102.58400000000256,14.38200000001234,102.61500000000001,1789797480.7997098,gps_back
102.70549999999639,14.395500000013271,102.617,1789797480.8997097,gps_back
102.82700000000477,14.418999999994412,102.611,1789797480.9997096,gps_back
102.95699999999488,14.443499999993946,102.60900000000001,1789797481.0997097,gps_back
103.07850000000326,14.467000000004191,102.60900000000001,1789797481.1997097,gps_back
103.33900000000722,14.515500000008615,102.604,1789797481.3997095,gps_back
103.46899999999732,14.539500000013504,102.60000000000001,1789797481.4997096,gps_back
103.5905000000057,14.56349999998929,102.59400000000001,1789797481.5997095,gps_back
103.72049999999581,14.598499999992782,102.592,1789797481.6997094,gps_back
103.85099999999511,14.622499999997672,102.58800000000001,1789797481.7997093,gps_back
103.98149999999441,14.635500000003958,102.58800000000001,1789797481.8997095,gps_back
104.1030000000028,14.659500000008848,102.586,1789797481.9997094,gps_back
104.2329999999929,14.683500000013737,102.581,1789797482.0997093,gps_back
104.37200000000303,14.696999999985565,102.578,1789797482.1997094,gps_back
104.50250000000233,14.709999999991851,102.575,1789797482.2997093,gps_back
104.62399999999616,14.722999999998137,102.575,1789797482.3997092,gps_back
104.75449999999546,14.747000000003027,102.574,1789797482.4997091,gps_back
104.88450000000012,14.760500000003958,102.57000000000001,1789797482.5997093,gps_back
105.01499999999942,14.784500000008848,102.565,1789797482.6997092,gps_back
105.14500000000407,14.808500000013737,102.565,1789797482.799709,gps_back
105.27550000000338,14.832499999989523,102.562,1789797482.899709,gps_back
105.3969999999972,14.856499999994412,102.56,1789797482.9997091,gps_back
105.52700000000186,14.869999999995343,102.557,1789797483.099709,gps_back
105.65750000000116,14.894000000000233,102.553,1789797483.199709,gps_back
105.78750000000582,14.918000000005122,102.553,1789797483.2997088,gps_back
105.91800000000512,14.92050000000745,102.552,1789797483.399709,gps_back
106.04850000000442,14.94450000001234,102.553,1789797483.499709,gps_back
106.17849999999453,14.957499999989523,102.552,1789797483.5997088,gps_back
106.30049999999756,14.970499999995809,102.551,1789797483.699709,gps_back
106.43050000000221,14.994500000000698,102.548,1789797483.7997088,gps_back
106.56100000000151,15.00800000000163,102.547,1789797483.8997087,gps_back
106.69100000000617,15.03200000000652,102.541,1789797483.9997087,gps_back
106.81299999999464,15.045000000012806,102.538,1789797484.0997088,gps_back
106.9429999999993,15.068999999988591,102.538,1789797484.1997087,gps_back
107.06449999999313,15.09299999999348,102.531,1789797484.2997086,gps_back
107.19500000000698,15.11699999999837,102.53,1789797484.3997085,gps_back
107.31600000000617,15.14100000000326,102.527,1789797484.4997087,gps_back
107.44650000000547,15.154500000004191,102.524,1789797484.5997086,gps_back
107.5679999999993,15.178000000014435,102.525,1789797484.6997085,gps_back
107.68949999999313,15.201999999990221,102.524,1789797484.7997086,gps_back
107.82000000000698,15.22599999999511,102.52,1789797484.8997085,gps_back
107.94150000000081,15.25,102.518,1789797484.9997084,gps_back
108.06299999999464,15.27400000000489,102.517,1789797485.0997083,gps_back
108.18450000000303,15.298000000009779,102.515,1789797485.1997085,gps_back
108.30599999999686,15.321999999985565,102.513,1789797485.2997084,gps_back
108.42750000000524,15.334999999991851,102.514,1789797485.3997083,gps_back
108.54899999999907,15.35899999999674,102.513,1789797485.4997082,gps_back
108.6704999999929,15.372000000003027,102.512,1789797485.5997083,gps_back
108.79249999999593,15.385000000009313,102.511,1789797485.6997082,gps_back
108.91349999999511,15.419499999989057,102.51,1789797485.7997081,gps_back
109.02650000000722,15.432499999995343,102.509,1789797485.8997083,gps_back
109.14800000000105,15.456500000000233,102.507,1789797485.9997082,gps_back
109.26949999999488,15.480500000005122,102.505,1789797486.099708,gps_back
109.39100000000326,15.504500000010012,102.504,1789797486.199708,gps_back
109.50400000000081,15.527999999991152,102.501,1789797486.2997081,gps_back
109.61650000000373,15.5625,102.498,1789797486.399708,gps_back
109.74700000000303,15.576000000000931,102.5,1789797486.499708,gps_back
109.87699999999313,15.611000000004424,102.5,1789797486.5997078,gps_back
109.99850000000151,15.635000000009313,102.498,1789797486.699708,gps_back
110.13700000000244,15.659000000014203,102.498,1789797486.799708,gps_back
110.26750000000175,15.682999999989988,102.494,1789797486.8997078,gps_back
110.3975000000064,15.706999999994878,102.489,1789797486.999708,gps_back
110.53650000000198,15.731499999994412,102.48100000000001,1789797487.0997078,gps_back
110.66700000000128,15.744500000000698,102.479,1789797487.1997077,gps_back
110.80550000000221,15.769000000000233,102.477,1789797487.2997077,gps_back
110.93600000000151,15.78200000000652,102.479,1789797487.3997078,gps_back
111.4655000000057,15.889499999990221,102.47,1789797487.7997077,gps_back
111.59549999999581,15.91349999999511,102.468,1789797487.8997076,gps_back
111.72599999999511,15.9375,102.46600000000001,1789797487.9997075,gps_back
111.85599999999977,15.96150000000489,102.46300000000001,1789797488.0997074,gps_back
111.98649999999907,15.97500000000582,102.465,1789797488.1997075,gps_back
112.23850000000675,16.011999999987893,102.464,1789797488.3997073,gps_back
112.36000000000058,16.02499999999418,102.464,1789797488.4997075,gps_back
112.49000000000524,16.04899999999907,102.458,1789797488.5997074,gps_back
112.62050000000454,16.073000000003958,102.453,1789797488.6997073,gps_back
112.75049999999464,16.08650000000489,102.444,1789797488.7997072,gps_back
112.87200000000303,16.11050000000978,102.44,1789797488.8997073,gps_back
113.00250000000233,16.134499999985565,102.434,1789797488.9997072,gps_back
113.13300000000163,16.14749999999185,102.425,1789797489.0997071,gps_back
113.25449999999546,16.17149999999674,102.424,1789797489.199707,gps_back
113.38450000000012,16.184500000003027,102.423,1789797489.2997072,gps_back
113.50599999999395,16.208500000007916,102.422,1789797489.399707,gps_back
113.63649999999325,16.222000000008848,102.418,1789797489.499707,gps_back
113.75800000000163,16.24549999998999,102.42,1789797489.5997071,gps_back
113.88800000000629,16.269999999989523,102.416,1789797489.699707,gps_back
114.01850000000559,16.293999999994412,102.415,1789797489.799707,gps_back
114.14849999999569,16.3179999999993,102.41,1789797489.8997068,gps_back
114.278999999995,16.34200000000419,102.407,1789797489.999707,gps_back
114.40899999999965,16.36600000000908,102.403,1789797490.099707,gps_back
114.53049999999348,16.378999999986263,102.402,1789797490.1997068,gps_back
114.79099999999744,16.427499999990687,102.395,1789797490.3997068,gps_back
114.92999999999302,16.451499999995576,102.394,1789797490.4997067,gps_back
115.06900000000314,16.47599999999511,102.39,1789797490.5997066,gps_back
115.19899999999325,16.5,102.388,1789797490.6997068,gps_back
115.33800000000338,16.52400000000489,102.387,1789797490.7997067,gps_back
115.47699999999895,16.548500000004424,102.382,1789797490.8997066,gps_back
115.62399999999616,16.583500000007916,102.381,1789797490.9997065,gps_back
115.76300000000629,16.60800000000745,102.378,1789797491.0997066,gps_back
115.90200000000186,16.63200000001234,102.376,1789797491.1997066,gps_back
116.04099999999744,16.655999999988126,102.376,1789797491.2997065,gps_back
116.17999999999302,16.68049999998766,102.379,1789797491.3997064,gps_back
116.32749999999942,16.704999999987194,102.375,1789797491.4997065,gps_back
116.466499999995,16.71799999999348,102.373,1789797491.5997064,gps_back
116.6140000000014,16.742499999993015,102.37,1789797491.6997063,gps_back
116.75299999999697,16.755999999993946,102.366,1789797491.7997065,gps_back
116.90099999999802,16.769499999994878,102.363,1789797491.8997064,gps_back
117.03100000000268,16.793499999999767,102.361,1789797491.9997063,gps_back
117.30049999999756,16.831000000005588,102.36500000000001,1789797492.1997063,gps_back
117.43050000000221,16.855000000010477,102.35600000000001,1789797492.2997062,gps_back
117.56050000000687,16.89000000001397,102.349,1789797492.3997061,gps_back
117.69100000000617,16.902999999991152,102.348,1789797492.499706,gps_back
117.82150000000547,16.927499999990687,102.34400000000001,1789797492.5997062,gps_back
117.95149999999558,16.940499999996973,102.342,1789797492.699706,gps_back
118.08199999999488,16.95350000000326,102.339,1789797492.799706,gps_back
118.21249999999418,16.978000000002794,102.33500000000001,1789797492.8997061,gps_back
118.34249999999884,17.002000000007683,102.334,1789797492.999706,gps_back
118.47250000000349,17.026000000012573,102.33200000000001,1789797493.099706,gps_back
118.6030000000028,17.04999999998836,102.331,1789797493.1997058,gps_back
118.7329999999929,17.062999999994645,102.331,1789797493.299706,gps_back
118.86350000000675,17.08749999999418,102.328,1789797493.399706,gps_back
118.99349999999686,17.11149999999907,102.32600000000001,1789797493.4997058,gps_back
119.12399999999616,17.135500000003958,102.32300000000001,1789797493.5997057,gps_back
119.25400000000081,17.148500000010245,102.32000000000001,1789797493.6997058,gps_back
119.38450000000012,17.162000000011176,102.32000000000001,1789797493.7997057,gps_back
119.51499999999942,17.18599999998696,102.318,1789797493.8997056,gps_back
119.64500000000407,17.20999999999185,102.316,1789797493.9997058,gps_back
119.77550000000338,17.222999999998137,102.315,1789797494.0997057,gps_back
119.90549999999348,17.24749999999767,102.313,1789797494.1997056,gps_back
120.03549999999814,17.27150000000256,102.312,1789797494.2997055,gps_back
120.16599999999744,17.29550000000745,102.311,1789797494.3997056,gps_back
120.29649999999674,17.308500000013737,102.312,1789797494.4997056,gps_back
120.4265000000014,17.33300000001327,102.31,1789797494.5997055,gps_back
120.55650000000605,17.356999999989057,102.308,1789797494.6997054,gps_back
120.68700000000536,17.369999999995343,102.309,1789797494.7997055,gps_back
120.82600000000093,17.394499999994878,102.304,1789797494.8997054,gps_back
120.96499999999651,17.418499999999767,102.301,1789797494.9997053,gps_back
121.09500000000116,17.442500000004657,102.3,1789797495.0997052,gps_back
121.23399999999674,17.46700000000419,102.296,1789797495.1997054,gps_back
121.37300000000687,17.49100000000908,102.295,1789797495.2997053,gps_back
121.50299999999697,17.51500000001397,102.294,1789797495.3997052,gps_back
121.625,17.527999999991152,102.291,1789797495.4997053,gps_back
121.74649999999383,17.551999999996042,102.288,1789797495.5997052,gps_back
121.86749999999302,17.57600000000093,102.289,1789797495.6997051,gps_back
121.98949999999604,17.589000000007218,102.29,1789797495.799705,gps_back
122.1024999999936,17.602000000013504,102.288,1789797495.8997052,gps_back
122.22400000000198,17.62599999998929,102.287,1789797495.999705,gps_back
122.33699999999953,17.638999999995576,102.286,1789797496.099705,gps_back
122.45849999999336,17.66250000000582,102.283,1789797496.199705,gps_back
122.70149999999558,17.699499999987893,102.278,1789797496.399705,gps_back
122.82300000000396,17.723499999992782,102.279,1789797496.4997048,gps_back
122.95299999999406,17.74749999999767,102.276,1789797496.599705,gps_back
123.07450000000244,17.77150000000256,102.276,1789797496.699705,gps_back
123.20500000000175,17.79550000000745,102.275,1789797496.7997048,gps_back
123.3350000000064,17.81950000001234,102.272,1789797496.8997047,gps_back
123.4655000000057,17.844000000011874,102.269,1789797496.9997048,gps_back
123.59549999999581,17.86799999998766,102.267,1789797497.0997047,gps_back
123.72550000000047,17.89199999999255,102.266,1789797497.1997046,gps_back
123.85599999999977,17.904999999998836,102.265,1789797497.2997046,gps_back
123.98600000000442,17.929000000003725,102.267,1789797497.3997047,gps_back
124.11650000000373,17.95350000000326,102.267,1789797497.4997046,gps_back
124.24700000000303,17.966500000009546,102.266,1789797497.5997045,gps_back
124.37699999999313,17.990500000014435,102.265,1789797497.6997046,gps_back
124.49850000000151,18.01449999999022,102.265,1789797497.7997046,gps_back
124.62850000000617,18.03849999999511,102.265,1789797497.8997045,gps_back
124.74150000000373,18.0625,102.266,1789797497.9997044,gps_back
124.85450000000128,18.086000000010245,102.267,1789797498.0997045,gps_back
124.95799999999872,18.12049999998999,102.267,1789797498.1997044,gps_back
125.06200000000536,18.144000000000233,102.266,1789797498.2997043,gps_back
125.15750000000116,18.17850000000908,102.268,1789797498.3997042,gps_back
125.2609999999986,18.223999999987427,102.262,1789797498.4997044,gps_back
125.35599999999977,18.269000000000233,102.257,1789797498.5997043,gps_back
125.44250000000466,18.31400000001304,102.255,1789797498.6997042,gps_back
125.528999999995,18.347999999998137,102.256,1789797498.7997043,gps_back
125.61500000000524,18.404000000009546,102.251,1789797498.8997042,gps_back
125.70100000000093,18.448999999993248,102.246,1789797498.9997041,gps_back
125.78750000000582,18.494000000006054,102.246,1789797499.099704,gps_back
125.89100000000326,18.539500000013504,102.242,1789797499.1997042,gps_back
125.99499999999534,18.584499999997206,102.239,1789797499.299704,gps_back
126.09849999999278,18.630000000004657,102.238,1789797499.399704,gps_back
126.21050000000105,18.68650000001071,102.23700000000001,1789797499.499704,gps_back
126.32249999999476,18.753499999991618,102.23700000000001,1789797499.599704,gps_back
126.43450000000303,18.820999999996275,102.236,1789797499.699704,gps_back
126.54649999999674,18.888000000006286,102.24000000000001,1789797499.7997038,gps_back
126.64999999999418,18.965999999985797,102.244,1789797499.899704,gps_back
126.75250000000233,19.05449999999837,102.23700000000001,1789797499.999704,gps_back
126.8469999999943,19.132500000006985,102.239,1789797500.0997038,gps_back
127.03549999999814,19.29899999999907,102.23400000000001,1789797500.2997038,gps_back
127.12099999999919,19.38750000001164,102.232,1789797500.3997037,gps_back
127.20699999999488,19.464999999996508,102.23100000000001,1789797500.4997036,gps_back
127.29249999999593,19.55350000000908,102.23100000000001,1789797500.5997036,gps_back
127.36900000000605,19.652499999996508,102.233,1789797500.6997037,gps_back
127.44550000000163,19.74100000000908,102.236,1789797500.7997036,gps_back
127.5225000000064,19.828999999997905,102.238,1789797500.8997035,gps_back
127.59949999999662,19.917500000010477,102.236,1789797500.9997034,gps_back
127.75250000000233,20.11600000000908,102.235,1789797501.1997035,gps_back
127.8969999999972,20.32500000001164,102.241,1789797501.3997035,gps_back
128.04099999999744,20.534000000014203,102.242,1789797501.5997033,gps_back
128.1085000000021,20.643500000005588,102.242,1789797501.6997032,gps_back
128.16749999999593,20.76449999999022,102.24300000000001,1789797501.7997034,gps_back
128.21799999999348,20.87400000001071,102.24300000000001,1789797501.8997033,gps_back
128.27700000000186,20.983500000002095,102.241,1789797501.9997032,gps_back
128.32700000000477,21.09299999999348,102.239,1789797502.099703,gps_back
128.37699999999313,21.213500000012573,102.236,1789797502.1997032,gps_back
128.41849999999977,21.323000000003958,102.229,1789797502.2997031,gps_back
128.46899999999732,21.432499999995343,102.22500000000001,1789797502.399703,gps_back
128.51050000000396,21.54199999998673,102.22,1789797502.4997032,gps_back
128.5350000000035,21.64000000001397,102.214,1789797502.599703,gps_back
128.5679999999993,21.749500000005355,102.20400000000001,1789797502.699703,gps_back
128.60050000000047,21.858500000002095,102.197,1789797502.799703,gps_back
128.62450000000536,21.97849999999744,102.19200000000001,1789797502.899703,gps_back
128.6484999999957,22.098499999992782,102.191,1789797502.999703,gps_back
128.67250000000058,22.22949999998673,102.19500000000001,1789797503.0997028,gps_back
128.69599999999627,22.35999999998603,102.199,1789797503.1997027,gps_back
128.72000000000116,22.480000000010477,102.20100000000001,1789797503.299703,gps_back
128.73500000000058,22.611000000004424,102.199,1789797503.3997028,gps_back
128.74150000000373,22.730500000005122,102.196,1789797503.4997027,gps_back
128.7569999999978,22.85000000000582,102.19500000000001,1789797503.5997028,gps_back
128.7719999999972,22.970000000001164,102.193,1789797503.6997027,gps_back
128.77850000000035,23.100500000000466,102.194,1789797503.7997026,gps_back
128.80250000000524,23.22049999999581,102.196,1789797503.8997025,gps_back
128.80899999999383,23.339999999996508,102.19800000000001,1789797503.9997027,gps_back
128.81549999999697,23.45999999999185,102.199,1789797504.0997026,gps_back
128.81350000000384,23.589999999996508,102.19500000000001,1789797504.1997025,gps_back
128.81149999999616,23.698499999998603,102.2,1789797504.2997024,gps_back
128.80049999999756,23.828999999997905,102.20400000000001,1789797504.3997025,gps_back
128.78949999999895,23.9375,102.205,1789797504.4997025,gps_back
128.77000000000407,24.056500000006054,102.211,1789797504.5997024,gps_back
128.75049999999464,24.175500000012107,102.212,1789797504.6997023,gps_back
128.73099999999977,24.295000000012806,102.215,1789797504.7997024,gps_back
128.7115000000049,24.402999999991152,102.22,1789797504.8997023,gps_back
128.69199999999546,24.52249999999185,102.22,1789797504.9997022,gps_back
128.68099999999686,24.641499999997905,102.217,1789797505.0997024,gps_back
128.6704999999929,24.760999999998603,102.217,1789797505.1997023,gps_back
128.6594999999943,24.8804999999993,102.218,1789797505.2997022,gps_back
128.63999999999942,24.999500000005355,102.22200000000001,1789797505.399702,gps_back
128.62900000000081,25.119000000006054,102.223,1789797505.4997022,gps_back
128.60950000000594,25.238000000012107,102.224,1789797505.5997021,gps_back
128.5810000000056,25.356999999989057,102.224,1789797505.699702,gps_back
128.56149999999616,25.47599999999511,102.22200000000001,1789797505.799702,gps_back
128.533500000005,25.595000000001164,102.223,1789797505.899702,gps_back
128.5054999999993,25.70350000000326,102.22,1789797505.999702,gps_back
128.47699999999895,25.822500000009313,102.22,1789797506.099702,gps_back
128.44899999999325,25.93049999998766,102.221,1789797506.199702,gps_back
128.4204999999929,26.049499999993714,102.22200000000001,1789797506.299702,gps_back
128.40150000000722,26.15799999999581,102.223,1789797506.3997018,gps_back
128.3819999999978,26.277000000001863,102.22500000000001,1789797506.4997017,gps_back
128.3619999999937,26.396000000007916,102.224,1789797506.599702,gps_back
128.34299999999348,26.50450000001001,102.223,1789797506.6997018,gps_back
128.33199999999488,26.62400000001071,102.223,1789797506.7997017,gps_back
128.3125,26.74299999998766,102.224,1789797506.8997016,gps_back
128.29300000000512,26.851499999989755,102.224,1789797506.9997017,gps_back
128.26499999999942,26.959499999997206,102.224,1789797507.0997016,gps_back
128.2369999999937,27.067500000004657,102.227,1789797507.1997015,gps_back
128.21749999999884,27.176000000006752,102.229,1789797507.2997015,gps_back
128.19800000000396,27.284000000014203,102.23,1789797507.3997016,gps_back
128.17900000000373,27.38149999998859,102.233,1789797507.4997015,gps_back
128.1594999999943,27.489999999990687,102.238,1789797507.5997014,gps_back
128.14049999999406,27.58749999999418,102.236,1789797507.6997015,gps_back
128.13000000000466,27.68499999999767,102.238,1789797507.7997015,gps_back
128.11049999999523,27.793499999999767,102.23700000000001,1789797507.8997014,gps_back
128.091499999995,27.901500000007218,102.236,1789797507.9997013,gps_back
128.07200000000012,28.021000000007916,102.236,1789797508.0997014,gps_back
128.05199999999604,28.14000000001397,102.23700000000001,1789797508.1997013,gps_back
128.0240000000049,28.25899999999092,102.24000000000001,1789797508.2997012,gps_back
128.00449999999546,28.377999999996973,102.241,1789797508.399701,gps_back
127.98500000000058,28.49749999999767,102.24000000000001,1789797508.4997013,gps_back
127.96499999999651,28.616500000003725,102.245,1789797508.5997012,gps_back
127.94550000000163,28.73550000000978,102.247,1789797508.699701,gps_back
127.92600000000675,28.855000000010477,102.246,1789797508.7997012,gps_back
127.90649999999732,28.973999999987427,102.25,1789797508.899701,gps_back
127.88700000000244,29.09299999999348,102.249,1789797508.999701,gps_back
127.8585000000021,29.211999999999534,102.252,1789797509.099701,gps_back
127.84799999999814,29.32050000000163,102.259,1789797509.199701,gps_back
127.8289999999979,29.418000000005122,102.265,1789797509.299701,gps_back
127.80950000000303,29.526500000007218,102.267,1789797509.3997009,gps_back
127.7899999999936,29.634499999985565,102.267,1789797509.4997008,gps_back
127.77950000000419,29.732500000012806,102.269,1789797509.599701,gps_back
127.76050000000396,29.82949999999255,102.27,1789797509.6997008,gps_back
127.75,29.927499999990687,102.27,1789797509.7997007,gps_back
127.73099999999977,30.013999999995576,102.272,1789797509.8997009,gps_back
127.72049999999581,30.11149999999907,102.273,1789797509.9997008,gps_back
127.70149999999558,30.198000000003958,102.273,1789797510.0997007,gps_back
127.69100000000617,30.29550000000745,102.271,1789797510.1997006,gps_back
127.68050000000221,30.393500000005588,102.268,1789797510.2997007,gps_back
127.66150000000198,30.480000000010477,102.272,1789797510.3997006,gps_back
127.65099999999802,30.598999999987427,102.268,1789797510.4997005,gps_back
127.59649999999965,30.717499999998836,102.239,1789797510.5997005,gps_back
127.59549999999581,30.78299999999581,102.254,1789797510.6997006,gps_back
127.5844999999972,30.891499999997905,102.26,1789797510.7997005,gps_back
127.57399999999325,30.989000000001397,102.267,1789797510.8997004,gps_back
127.55499999999302,31.097500000003492,102.271,1789797510.9997003,gps_back
127.53549999999814,31.205500000010943,102.277,1789797511.0997005,gps_back
127.51600000000326,31.324499999987893,102.286,1789797511.1997004,gps_back
127.49649999999383,31.43299999998999,102.29,1789797511.2997003,gps_back
127.47699999999895,31.541499999992084,102.291,1789797511.3997004,gps_back
127.45799999999872,31.649499999999534,102.294,1789797511.4997003,gps_back
127.43850000000384,31.75800000000163,102.296,1789797511.5997002,gps_back
127.41950000000361,31.855500000005122,102.296,1789797511.6997,gps_back
127.39999999999418,31.963500000012573,102.298,1789797511.7997003,gps_back
127.38099999999395,32.05050000001211,102.303,1789797511.8997002,gps_back
127.37050000000454,32.1590000000142,102.305,1789797511.9997,gps_back
127.35099999999511,32.255999999993946,102.31,1789797512.0997,gps_back
127.3405000000057,32.353999999992084,102.318,1789797512.1997,gps_back
127.32150000000547,32.44049999999697,102.321,1789797512.2997,gps_back
127.30250000000524,32.538000000000466,102.322,1789797512.3997,gps_back
127.283500000005,32.63550000000396,102.325,1789797512.4997,gps_back
127.27300000000105,32.73300000000745,102.32900000000001,1789797512.5997,gps_back
127.25400000000081,32.81950000001234,102.327,1789797512.6996999,gps_back
127.23450000000594,32.91699999998673,102.33,1789797512.7996998,gps_back
127.22449999999662,33.00349999999162,102.324,1789797512.8997,gps_back
127.20549999999639,33.10099999999511,102.319,1789797512.9996998,gps_back
127.21249999999418,33.17749999999069,102.319,1789797513.0996997,gps_back
127.20100000000093,33.328999999997905,102.31400000000001,1789797513.2996998,gps_back
127.19100000000617,33.404999999998836,102.313,1789797513.3996997,gps_back
127.17250000000058,33.48099999999977,102.31700000000001,1789797513.4996996,gps_back
127.16199999999662,33.556500000006054,102.321,1789797513.5996997,gps_back
127.16099999999278,33.632500000006985,102.322,1789797513.6996996,gps_back
127.1420000000071,33.708500000007916,102.318,1789797513.7996995,gps_back
127.12300000000687,33.795000000012806,102.33,1789797513.8996994,gps_back
127.11299999999756,33.88200000001234,102.32600000000001,1789797513.9996996,gps_back
127.1024999999936,33.968499999988126,102.324,1789797514.0996995,gps_back
127.08349999999336,34.06599999999162,102.33,1789797514.1996994,gps_back
127.07300000000396,34.16349999999511,102.328,1789797514.2996993,gps_back
127.07099999999627,34.26149999999325,102.33,1789797514.3996994,gps_back
127.06100000000151,34.336999999999534,102.35900000000001,1789797514.4996994,gps_back
127.03299999999581,34.45600000000559,102.363,1789797514.5996993,gps_back
126.99599999999919,34.57500000001164,102.379,1789797514.6996992,gps_back
126.99400000000605,34.67300000000978,102.37,1789797514.7996993,gps_back
126.96600000000035,34.76999999998952,102.395,1789797514.8996992,gps_back
126.95549999999639,34.87849999999162,102.388,1789797514.999699,gps_back
126.93649999999616,34.97599999999511,102.393,1789797515.0996993,gps_back
126.91700000000128,35.0734999999986,102.391,1789797515.1996992,gps_back
126.90700000000652,35.171000000002095,102.391,1789797515.299699,gps_back
126.88800000000629,35.257500000006985,102.397,1789797515.399699,gps_back
126.8859999999986,35.35550000000512,102.394,1789797515.499699,gps_back
126.88450000000012,35.44250000000466,102.398,1789797515.599699,gps_back
126.86549999999988,35.529000000009546,102.392,1789797515.699699,gps_back
126.85550000000512,35.60449999998673,102.402,1789797515.7996988,gps_back
126.83650000000489,35.68049999998766,102.33200000000001,1789797515.899699,gps_back
126.82649999999558,35.75649999998859,102.336,1789797515.9996989,gps_back
126.81650000000081,35.84299999999348,102.334,1789797516.0996988,gps_back
126.80599999999686,35.91899999999441,102.33800000000001,1789797516.199699,gps_back
126.7960000000021,36.0054999999993,102.336,1789797516.2996988,gps_back
126.77700000000186,36.092499999998836,102.337,1789797516.3996987,gps_back
126.7664999999979,36.179000000003725,102.33500000000001,1789797516.4996986,gps_back
126.75650000000314,36.26600000000326,102.337,1789797516.5996988,gps_back
126.73750000000291,36.35250000000815,102.336,1789797516.6996987,gps_back
126.72699999999895,36.45000000001164,102.34,1789797516.7996986,gps_back
126.70799999999872,36.54749999998603,102.342,1789797516.8996985,gps_back
126.69749999999476,36.64499999998952,102.345,1789797516.9996986,gps_back
126.67849999999453,36.73149999999441,102.351,1789797517.0996985,gps_back
126.66749999999593,36.83999999999651,102.35300000000001,1789797517.1996984,gps_back
126.64849999999569,36.9375,102.355,1789797517.2996986,gps_back
126.63800000000629,37.046000000002095,102.357,1789797517.3996985,gps_back
126.61900000000605,37.132500000006985,102.35900000000001,1789797517.4996984,gps_back
126.60000000000582,37.23000000001048,102.361,1789797517.5996983,gps_back
126.58950000000186,37.32750000001397,102.361,1789797517.6996984,gps_back
126.5789999999979,37.42499999998836,102.364,1789797517.7996984,gps_back
126.55999999999767,37.51199999998789,102.36500000000001,1789797517.8996983,gps_back
126.5405000000028,37.60899999999674,102.36800000000001,1789797517.9996982,gps_back
126.53049999999348,37.695999999996275,102.366,1789797518.0996983,gps_back
126.52000000000407,37.782500000001164,102.364,1789797518.1996982,gps_back
126.50100000000384,37.8695000000007,102.367,1789797518.299698,gps_back
126.49099999999453,37.95600000000559,102.366,1789797518.3996983,gps_back
126.47149999999965,38.05350000000908,102.367,1789797518.4996982,gps_back
126.46150000000489,38.14000000001397,102.367,1789797518.599698,gps_back
126.45100000000093,38.227000000013504,102.369,1789797518.699698,gps_back
126.4320000000007,38.32449999998789,102.372,1789797518.799698,gps_back
126.42149999999674,38.421999999991385,102.372,1789797518.899698,gps_back
126.40249999999651,38.508499999996275,102.375,1789797518.999698,gps_back
126.3920000000071,38.60599999999977,102.377,1789797519.0996978,gps_back
126.38199999999779,38.6929999999993,102.379,1789797519.199698,gps_back
126.36299999999756,38.77950000000419,102.377,1789797519.2996979,gps_back
126.3524999999936,38.87700000000768,102.377,1789797519.3996978,gps_back
126.33299999999872,38.974500000011176,102.376,1789797519.4996977,gps_back
126.32300000000396,39.071999999985565,102.375,1789797519.5996978,gps_back
126.3125,39.16949999998906,102.375,1789797519.6996977,gps_back
126.2844999999943,39.26699999999255,102.374,1789797519.7996976,gps_back
126.26499999999942,39.375499999994645,102.373,1789797519.8996978,gps_back
126.23699999999371,39.4945000000007,102.361,1789797519.9996977,gps_back
126.22599999999511,39.61350000000675,102.358,1789797520.0996976,gps_back
126.20650000000023,39.73300000000745,102.357,1789797520.1996975,gps_back
126.18700000000536,39.852000000013504,102.358,1789797520.2996976,gps_back
126.16700000000128,39.98199999998906,102.357,1789797520.3996975,gps_back
126.1475000000064,40.10099999999511,102.357,1789797520.4996974,gps_back
126.12750000000233,40.23099999999977,102.363,1789797520.5996974,gps_back
126.1079999999929,40.350500000000466,102.358,1789797520.6996975,gps_back
126.09750000000349,40.46950000000652,102.364,1789797520.7996974,gps_back
126.06900000000314,40.58850000001257,102.36200000000001,1789797520.8996973,gps_back
126.04949999999371,40.696999999985565,102.36800000000001,1789797520.9996974,gps_back
126.03900000000431,40.81649999998626,102.366,1789797521.0996974,gps_back
126.0109999999986,40.924499999993714,102.372,1789797521.1996973,gps_back
125.99099999999453,41.05449999999837,102.36800000000001,1789797521.2996972,gps_back
125.97149999999965,41.173500000004424,102.373,1789797521.3996973,gps_back
125.96050000000105,41.304000000003725,102.374,1789797521.4996972,gps_back
125.94049999999697,41.43400000000838,102.381,1789797521.599697,gps_back
125.9210000000021,41.553000000014435,102.383,1789797521.699697,gps_back
125.90150000000722,41.68299999998999,102.382,1789797521.7996972,gps_back
125.88999999999942,41.82399999999325,102.411,1789797521.899697,gps_back
125.87050000000454,41.943499999993946,102.411,1789797521.999697,gps_back
125.85950000000594,42.0734999999986,102.432,1789797522.099697,gps_back
125.84849999999278,42.1929999999993,102.446,1789797522.199697,gps_back
125.8289999999979,42.32300000000396,102.456,1789797522.299697,gps_back
125.80899999999383,42.453000000008615,102.464,1789797522.3996968,gps_back
125.79799999999523,42.58300000001327,102.468,1789797522.499697,gps_back
125.78699999999662,42.70250000001397,102.46900000000001,1789797522.5996969,gps_back
125.76750000000175,42.83249999998952,102.471,1789797522.6996968,gps_back
125.75650000000314,42.95199999999022,102.473,1789797522.7996967,gps_back
125.7280000000028,43.08150000000023,102.473,1789797522.8996968,gps_back
125.70849999999336,43.21150000000489,102.474,1789797522.9996967,gps_back
125.68850000000384,43.341500000009546,102.47,1789797523.0996966,gps_back
125.66000000000349,43.4715000000142,102.47,1789797523.1996968,gps_back
125.63999999999942,43.61249999998836,102.47,1789797523.2996967,gps_back
125.61999999999534,43.75349999999162,102.47200000000001,1789797523.3996966,gps_back
125.60000000000582,43.904999999998836,102.47200000000001,1789797523.4996965,gps_back
125.57099999999627,44.056500000006054,102.47200000000001,1789797523.5996966,gps_back
125.5515000000014,44.19750000000931,102.471,1789797523.6996965,gps_back
125.53100000000268,44.349500000011176,102.474,1789797523.7996964,gps_back
125.50250000000233,44.50099999998929,102.479,1789797523.8996964,gps_back
125.48200000000361,44.65249999999651,102.479,1789797523.9996965,gps_back
125.46199999999953,44.79349999999977,102.471,1789797524.0996964,gps_back
125.43349999999919,44.945000000006985,102.468,1789797524.1996963,gps_back
125.40450000000419,45.09700000000885,102.46300000000001,1789797524.2996964,gps_back
125.38450000000012,45.23749999998836,102.462,1789797524.3996964,gps_back
125.36449999999604,45.38949999999022,102.46300000000001,1789797524.4996963,gps_back
125.34450000000652,45.53049999999348,102.464,1789797524.5996962,gps_back
125.32450000000244,45.6820000000007,102.46600000000001,1789797524.6996963,gps_back
125.2954999999929,45.82300000000396,102.468,1789797524.7996962,gps_back
125.27550000000338,45.974500000011176,102.46900000000001,1789797524.899696,gps_back
125.2554999999993,46.12650000001304,102.473,1789797524.999696,gps_back
125.23500000000058,46.27799999999115,102.473,1789797525.0996962,gps_back
125.20650000000023,46.42949999999837,102.47500000000001,1789797525.199696,gps_back
125.18600000000151,46.58150000000023,102.479,1789797525.299696,gps_back
125.16599999999744,46.73300000000745,102.482,1789797525.399696,gps_back
125.14599999999336,46.88500000000931,102.486,1789797525.499696,gps_back
125.11699999999837,47.025499999988824,102.489,1789797525.599696,gps_back
125.08849999999802,47.17749999999069,102.491,1789797525.6996958,gps_back
125.0679999999993,47.328999999997905,102.489,1789797525.799696,gps_back
125.03949999999895,47.48050000000512,102.48700000000001,1789797525.8996959,gps_back
125.01949999999488,47.62150000000838,102.488,1789797525.9996958,gps_back
124.98200000000361,47.772999999986496,102.496,1789797526.0996957,gps_back
124.95299999999406,47.924499999993714,102.509,1789797526.1996958,gps_back
124.903999999995,48.228000000002794,102.52,1789797526.3996956,gps_back
124.89250000000175,48.38000000000466,102.528,1789797526.4996955,gps_back
124.85499999999593,48.531500000011874,102.534,1789797526.5996957,gps_back
124.8350000000064,48.671999999991385,102.536,1789797526.6996956,gps_back
124.80599999999686,48.82399999999325,102.541,1789797526.7996955,gps_back
124.78599999999278,48.96450000000186,102.543,1789797526.8996956,gps_back
124.75750000000698,49.116500000003725,102.542,1789797526.9996955,gps_back
124.73750000000291,49.25700000001234,102.543,1789797527.0996954,gps_back
124.71749999999884,49.4090000000142,102.547,1789797527.1996953,gps_back
124.68850000000384,49.549499999993714,102.546,1789797527.2996955,gps_back
124.66849999999977,49.701499999995576,102.549,1789797527.3996954,gps_back
124.63999999999942,49.84200000000419,102.556,1789797527.4996953,gps_back
124.61999999999534,49.98300000000745,102.558,1789797527.5996952,gps_back
124.60000000000582,50.11300000001211,102.56400000000001,1789797527.6996953,gps_back
124.58000000000175,50.25399999998626,102.561,1789797527.7996953,gps_back
124.55999999999767,50.39499999998952,102.563,1789797527.8996952,gps_back
124.53149999999732,50.53549999999814,102.566,1789797527.9996953,gps_back
124.4829999999929,50.81700000001001,102.575,1789797528.199695,gps_back
124.4545000000071,50.95800000001327,102.57600000000001,1789797528.299695,gps_back
124.43399999999383,51.109499999991385,102.581,1789797528.3996952,gps_back
124.42299999999523,51.25099999998929,102.583,1789797528.499695,gps_back
124.39400000000023,51.40249999999651,102.587,1789797528.599695,gps_back
124.38300000000163,51.54349999999977,102.59,1789797528.6996949,gps_back
124.35400000000664,51.68400000000838,102.593,1789797528.799695,gps_back
124.33400000000256,51.836000000010245,102.596,1789797528.899695,gps_back
124.31399999999849,51.977000000013504,102.59700000000001,1789797528.9996948,gps_back
124.29399999999441,52.117499999993015,102.604,1789797529.099695,gps_back
124.27400000000489,52.258499999996275,102.608,1789797529.1996949,gps_back
124.24550000000454,52.41000000000349,102.613,1789797529.2996948,gps_back
124.22550000000047,52.55100000000675,102.622,1789797529.3996947,gps_back
124.20549999999639,52.69200000001001,102.623,1789797529.4996948,gps_back
124.18550000000687,52.83300000001327,102.625,1789797529.5996947,gps_back
124.1655000000028,52.97399999998743,102.627,1789797529.6996946,gps_back
124.14549999999872,53.11449999999604,102.631,1789797529.7996945,gps_back
124.12549999999464,53.2554999999993,102.637,1789797529.8996947,gps_back
124.10550000000512,53.39650000000256,102.638,1789797529.9996946,gps_back
124.08550000000105,53.54800000000978,102.646,1789797530.0996945,gps_back
124.06549999999697,53.678000000014435,102.648,1789797530.1996946,gps_back
124.03699999999662,53.829999999987194,102.65,1789797530.2996945,gps_back
124.02550000000338,53.970999999990454,102.653,1789797530.3996944,gps_back
124.0054999999993,54.111999999993714,102.653,1789797530.4996943,gps_back
123.98549999999523,54.25250000000233,102.656,1789797530.5996945,gps_back
123.9655000000057,54.40450000000419,102.657,1789797530.6996944,gps_back
123.94550000000163,54.54550000000745,102.659,1789797530.7996943,gps_back
123.93399999999383,54.696999999985565,102.661,1789797530.8996942,gps_back
123.90549999999348,54.837999999988824,102.665,1789797530.9996943,gps_back
123.89400000000023,54.978999999992084,102.664,1789797531.0996943,gps_back
123.86549999999988,55.1195000000007,102.667,1789797531.1996942,gps_back
123.83699999999953,55.26050000000396,102.671,1789797531.2996943,gps_back
123.81699999999546,55.40150000000722,102.67,1789797531.3996942,gps_back
123.79700000000594,55.54250000001048,102.671,1789797531.499694,gps_back
123.77700000000186,55.68299999998999,102.676,1789797531.599694,gps_back
123.75699999999779,55.82399999999325,102.682,1789797531.6996942,gps_back
123.73699999999371,55.96499999999651,102.683,1789797531.799694,gps_back
123.71700000000419,56.10599999999977,102.688,1789797531.899694,gps_back
123.69749999999476,56.24650000000838,102.69500000000001,1789797531.9996939,gps_back
123.68600000000151,56.388000000006286,102.697,1789797532.099694,gps_back
123.66599999999744,56.5284999999858,102.7,1789797532.199694,gps_back
123.64599999999336,56.66949999998906,102.706,1789797532.2996938,gps_back
123.62600000000384,56.81049999999232,102.70700000000001,1789797532.399694,gps_back
123.60599999999977,56.951499999995576,102.709,1789797532.4996939,gps_back
123.59500000000116,57.092499999998836,102.71300000000001,1789797532.5996938,gps_back
123.57499999999709,57.233500000002095,102.712,1789797532.6996937,gps_back
123.55499999999302,57.37400000001071,102.71300000000001,1789797532.7996938,gps_back
123.53549999999814,57.50399999998626,102.71900000000001,1789797532.8996937,gps_back
123.51549999999406,57.64499999998952,102.71900000000001,1789797532.9996936,gps_back
123.49550000000454,57.78599999999278,102.72200000000001,1789797533.0996935,gps_back
123.48399999999674,57.92699999999604,102.724,1789797533.1996937,gps_back
123.46400000000722,58.0679999999993,102.724,1789797533.2996936,gps_back
123.44400000000314,58.20900000000256,102.724,1789797533.3996935,gps_back
123.42399999999907,58.36050000000978,102.72500000000001,1789797533.4996936,gps_back
123.41300000000047,58.50150000001304,102.726,1789797533.5996935,gps_back
123.40150000000722,58.642499999987194,102.726,1789797533.6996934,gps_back
123.37300000000687,58.783499999990454,102.73,1789797533.7996933,gps_back
123.3530000000028,58.924499999993714,102.733,1789797533.8996935,gps_back
123.33299999999872,59.06500000000233,102.732,1789797533.9996934,gps_back
123.31299999999464,59.20600000000559,102.73400000000001,1789797534.0996933,gps_back
123.29300000000512,59.34700000000885,102.741,1789797534.1996932,gps_back
123.27300000000105,59.48800000001211,102.744,1789797534.2996933,gps_back
123.25350000000617,59.61799999998766,102.744,1789797534.3996933,gps_back
123.2335000000021,59.74799999999232,102.747,1789797534.4996932,gps_back
123.20500000000175,59.88850000000093,102.751,1789797534.599693,gps_back
123.19400000000314,60.01900000000023,102.753,1789797534.6996932,gps_back
123.17399999999907,60.16000000000349,102.756,1789797534.799693,gps_back
123.14549999999872,60.289500000013504,102.759,1789797534.899693,gps_back
123.13450000000012,60.420000000012806,102.76,1789797534.9996932,gps_back
123.11449999999604,60.54999999998836,102.761,1789797535.099693,gps_back
123.09500000000116,60.679999999993015,102.762,1789797535.199693,gps_back
123.07499999999709,60.820999999996275,102.763,1789797535.2996929,gps_back
123.05550000000221,60.95100000000093,102.769,1789797535.399693,gps_back
123.04399999999441,61.08100000000559,102.771,1789797535.499693,gps_back
123.02449999999953,61.211000000010245,102.771,1789797535.5996928,gps_back
123.00500000000466,61.329999999987194,102.773,1789797535.6996927,gps_back
122.98549999999523,61.44949999998789,102.776,1789797535.7996929,gps_back
122.96600000000035,61.568499999993946,102.775,1789797535.8996928,gps_back
122.94599999999627,61.6875,102.777,1789797535.9996927,gps_back
122.9265000000014,61.8070000000007,102.775,1789797536.0996928,gps_back
122.90750000000116,61.91500000000815,102.777,1789797536.1996927,gps_back
122.88800000000629,62.023500000010245,102.777,1789797536.2996926,gps_back
122.86849999999686,62.13200000001234,102.777,1789797536.3996925,gps_back
122.84900000000198,62.25099999998929,102.779,1789797536.4996927,gps_back
122.83849999999802,62.359499999991385,102.783,1789797536.5996926,gps_back
122.81900000000314,62.467499999998836,102.783,1789797536.6996925,gps_back
122.79949999999371,62.57600000000093,102.786,1789797536.7996924,gps_back
122.77999999999884,62.695000000006985,102.788,1789797536.8996925,gps_back
122.76050000000396,62.80350000000908,102.792,1789797536.9996924,gps_back
122.74099999999453,62.92249999998603,102.791,1789797537.0996923,gps_back
122.7219999999943,63.030999999988126,102.791,1789797537.1996925,gps_back
122.70249999999942,63.13949999999022,102.793,1789797537.2996924,gps_back
122.69150000000081,63.258499999996275,102.795,1789797537.3996923,gps_back
122.66349999999511,63.36699999999837,102.799,1789797537.4996922,gps_back
122.65249999999651,63.486000000004424,102.797,1789797537.5996923,gps_back
122.63300000000163,63.60550000000512,102.797,1789797537.6996922,gps_back
122.61350000000675,63.71350000001257,102.801,1789797537.7996922,gps_back
122.59399999999732,63.83249999998952,102.8,1789797537.899692,gps_back
122.58349999999336,63.94099999999162,102.8,1789797537.9996922,gps_back
122.56399999999849,64.06049999999232,102.804,1789797538.099692,gps_back
122.54450000000361,64.16849999999977,102.805,1789797538.199692,gps_back
122.52499999999418,64.28800000000047,102.808,1789797538.2996922,gps_back
122.5054999999993,64.39600000000792,102.812,1789797538.399692,gps_back
122.48600000000442,64.50450000001001,102.81400000000001,1789797538.499692,gps_back
122.47550000000047,64.62400000001071,102.815,1789797538.5996919,gps_back
122.44749999999476,64.73199999998906,102.819,1789797538.699692,gps_back
122.43649999999616,64.84049999999115,102.82000000000001,1789797538.799692,gps_back
122.41700000000128,64.9594999999972,102.819,1789797538.8996918,gps_back
122.3975000000064,65.0679999999993,102.82000000000001,1789797538.9996917,gps_back
122.3695000000007,65.17600000000675,102.819,1789797539.0996919,gps_back
122.35899999999674,65.28450000000885,102.822,1789797539.1996918,gps_back
122.33049999999639,65.4034999999858,102.82300000000001,1789797539.2996917,gps_back
122.31149999999616,65.51199999998789,102.825,1789797539.3996918,gps_back
122.29200000000128,65.61999999999534,102.82600000000001,1789797539.4996917,gps_back
122.2725000000064,65.73949999999604,102.827,1789797539.5996916,gps_back
122.25299999999697,65.84750000000349,102.828,1789797539.6996915,gps_back
122.24249999999302,65.95600000000559,102.82900000000001,1789797539.7996917,gps_back
122.21450000000186,66.06400000001304,102.833,1789797539.8996916,gps_back
122.20350000000326,66.17249999998603,102.834,1789797539.9996915,gps_back
122.17549999999756,66.28099999998813,102.83800000000001,1789797540.0996914,gps_back
122.1649999999936,66.38949999999022,102.839,1789797540.1996915,gps_back
122.14549999999872,66.49749999999767,102.83500000000001,1789797540.2996914,gps_back
122.12649999999849,66.59500000000116,102.83,1789797540.3996913,gps_back
122.10700000000361,66.70350000000326,102.82900000000001,1789797540.4996912,gps_back
122.08800000000338,66.80100000000675,102.83,1789797540.5996914,gps_back
122.06849999999395,66.8979999999865,102.83200000000001,1789797540.6996913,gps_back
122.05800000000454,66.99600000001374,102.833,1789797540.7996912,gps_back
122.03949999999895,67.08249999998952,102.836,1789797540.8996913,gps_back
122.028999999995,67.17999999999302,102.834,1789797540.9996912,gps_back
122.00950000000012,67.27749999999651,102.834,1789797541.0996912,gps_back
121.99049999999988,67.375,102.836,1789797541.199691,gps_back
121.97999999999593,67.47250000000349,102.82900000000001,1789797541.2996912,gps_back
121.96099999999569,67.57000000000698,102.831,1789797541.399691,gps_back
121.95050000000629,67.66750000001048,102.831,1789797541.499691,gps_back
121.93099999999686,67.76500000001397,102.83,1789797541.599691,gps_back
121.9204999999929,67.86249999998836,102.83,1789797541.699691,gps_back
121.90150000000722,67.95999999999185,102.83200000000001,1789797541.799691,gps_back
121.88250000000698,68.05749999999534,102.834,1789797541.8996909,gps_back
121.87200000000303,68.15499999999884,102.834,1789797541.999691,gps_back
121.8524999999936,68.25250000000233,102.83500000000001,1789797542.099691,gps_back
121.84200000000419,68.36100000000442,102.83500000000001,1789797542.1996908,gps_back
121.82300000000396,68.45850000000792,102.837,1789797542.2996907,gps_back
121.7844999999943,68.6534999999858,102.83800000000001,1789797542.4996908,gps_back
121.76499999999942,68.76149999999325,102.834,1789797542.5996907,gps_back
121.74599999999919,68.84799999999814,102.837,1789797542.6996906,gps_back
121.72699999999895,68.94550000000163,102.836,1789797542.7996907,gps_back
121.70799999999872,69.04300000000512,102.837,1789797542.8996906,gps_back
121.68850000000384,69.14050000000861,102.836,1789797542.9996905,gps_back
121.66950000000361,69.2270000000135,102.83800000000001,1789797543.0996907,gps_back
121.65050000000338,69.32449999998789,102.837,1789797543.1996906,gps_back
121.64049999999406,69.41149999998743,102.836,1789797543.2996905,gps_back
121.62099999999919,69.50899999999092,102.83800000000001,1789797543.3996904,gps_back
121.60199999999895,69.59549999999581,102.83800000000001,1789797543.4996905,gps_back
121.591499999995,69.6929999999993,102.84,1789797543.5996904,gps_back
121.58150000000023,69.77950000000419,102.843,1789797543.6996903,gps_back
121.5625,69.87700000000768,102.842,1789797543.7996902,gps_back
121.54349999999977,69.96350000001257,102.839,1789797543.8996904,gps_back
121.53299999999581,70.06150000001071,102.84,1789797543.9996903,gps_back
121.51399999999558,70.1479999999865,102.839,1789797544.0996902,gps_back
121.50350000000617,70.24549999998999,102.839,1789797544.19969,gps_back
121.48450000000594,70.33199999999488,102.843,1789797544.2996902,gps_back
121.46499999999651,70.42949999999837,102.84400000000001,1789797544.3996902,gps_back
121.44599999999627,70.52700000000186,102.84400000000001,1789797544.49969,gps_back
121.43550000000687,70.62450000000536,102.84400000000001,1789797544.5996902,gps_back
121.41650000000664,70.71100000001024,102.845,1789797544.69969,gps_back
121.40600000000268,70.81950000001234,102.843,1789797544.79969,gps_back
121.38649999999325,70.92800000001444,102.845,1789797544.89969,gps_back
121.36699999999837,71.03599999999278,102.84400000000001,1789797544.99969,gps_back
121.35649999999441,71.14449999999488,102.845,1789797545.09969,gps_back
121.33699999999953,71.26399999999558,102.843,1789797545.1996899,gps_back
121.31750000000466,71.37200000000303,102.84,1789797545.2996898,gps_back
121.28949999999895,71.49100000000908,102.84,1789797545.39969,gps_back
121.27000000000407,71.59950000001118,102.839,1789797545.4996898,gps_back
121.25049999999464,71.70800000001327,102.84,1789797545.5996897,gps_back
121.23099999999977,71.82699999999022,102.84100000000001,1789797545.6996899,gps_back
121.21150000000489,71.93549999999232,102.842,1789797545.7996898,gps_back
121.19250000000466,72.04349999999977,102.846,1789797545.8996897,gps_back
121.17299999999523,72.16250000000582,102.845,1789797545.9996896,gps_back
121.16199999999662,72.27100000000792,102.848,1789797546.0996897,gps_back
121.14250000000175,72.39050000000861,102.85000000000001,1789797546.1996896,gps_back
121.12300000000687,72.49849999998696,102.852,1789797546.2996895,gps_back
121.10349999999744,72.61799999998766,102.85600000000001,1789797546.3996894,gps_back
121.0844999999972,72.72599999999511,102.857,1789797546.4996896,gps_back
121.0734999999986,72.84549999999581,102.858,1789797546.5996895,gps_back
121.05400000000373,72.9539999999979,102.86,1789797546.6996894,gps_back
121.0344999999943,73.06200000000536,102.86200000000001,1789797546.7996893,gps_back
121.02400000000489,73.17050000000745,102.86500000000001,1789797546.8996894,gps_back
121.01350000000093,73.27900000000955,102.86500000000001,1789797546.9996893,gps_back
121.00250000000233,73.38750000001164,102.869,1789797547.0996892,gps_back
120.9835000000021,73.49600000001374,102.87,1789797547.1996894,gps_back
120.96400000000722,73.60399999999208,102.867,1789797547.2996893,gps_back
120.95350000000326,73.71249999999418,102.86800000000001,1789797547.3996892,gps_back
120.93399999999383,73.82099999999627,102.869,1789797547.499689,gps_back
120.92350000000442,73.92949999999837,102.871,1789797547.5996892,gps_back
120.91250000000582,74.03800000000047,102.873,1789797547.6996891,gps_back
120.89350000000559,74.14600000000792,102.875,1789797547.799689,gps_back
120.87399999999616,74.25450000001001,102.879,1789797547.899689,gps_back
120.86299999999756,74.36300000001211,102.878,1789797547.999689,gps_back
120.84399999999732,74.47099999999045,102.882,1789797548.099689,gps_back
120.83299999999872,74.57949999999255,102.885,1789797548.199689,gps_back
120.81399999999849,74.68799999999464,102.887,1789797548.299689,gps_back
120.79450000000361,74.8070000000007,102.887,1789797548.399689,gps_back
120.77499999999418,74.9155000000028,102.89,1789797548.4996889,gps_back
120.76399999999558,75.03500000000349,102.892,1789797548.5996888,gps_back
120.7445000000007,75.15400000000955,102.893,1789797548.699689,gps_back
120.7335000000021,75.2729999999865,102.893,1789797548.7996888,gps_back
120.72299999999814,75.3924999999872,102.899,1789797548.8996887,gps_back
120.71199999999953,75.50099999998929,102.902,1789797548.9996886,gps_back
120.69250000000466,75.61999999999534,102.903,1789797549.0996888,gps_back
120.67299999999523,75.72849999999744,102.905,1789797549.1996887,gps_back
120.65350000000035,75.84750000000349,102.904,1789797549.2996886,gps_back
120.64299999999639,75.95600000000559,102.903,1789797549.3996885,gps_back
120.62350000000151,76.07550000000629,102.904,1789797549.4996886,gps_back
120.60400000000664,76.18350000001374,102.905,1789797549.5996885,gps_back
120.5844999999972,76.29199999998673,102.907,1789797549.6996884,gps_back
120.57399999999325,76.40049999998882,102.909,1789797549.7996886,gps_back
120.55449999999837,76.50849999999627,102.908,1789797549.8996885,gps_back
120.53549999999814,76.61699999999837,102.909,1789797549.9996884,gps_back
120.52449999999953,76.72550000000047,102.909,1789797550.0996883,gps_back
120.5054999999993,76.83400000000256,102.911,1789797550.1996884,gps_back
120.48549999999523,76.95300000000861,102.911,1789797550.2996883,gps_back
120.466499999995,77.06099999998696,102.911,1789797550.3996882,gps_back
120.44700000000012,77.16949999998906,102.911,1789797550.4996881,gps_back
120.42750000000524,77.28849999999511,102.909,1789797550.5996883,gps_back
120.40799999999581,77.3969999999972,102.91,1789797550.6996882,gps_back
120.38899999999558,77.4945000000007,102.911,1789797550.799688,gps_back
120.3695000000007,77.6030000000028,102.91,1789797550.8996882,gps_back
120.35000000000582,77.71100000001024,102.913,1789797550.9996881,gps_back
120.33100000000559,77.81950000001234,102.916,1789797551.099688,gps_back
120.31149999999616,77.92749999999069,102.915,1789797551.199688,gps_back
120.29200000000128,78.03599999999278,102.918,1789797551.299688,gps_back
120.2725000000064,78.14449999999488,102.924,1789797551.399688,gps_back
120.25350000000617,78.25250000000233,102.926,1789797551.499688,gps_back
120.23399999999674,78.36100000000442,102.925,1789797551.5996878,gps_back
120.21450000000186,78.46900000001187,102.927,1789797551.699688,gps_back
120.18649999999616,78.57750000001397,102.928,1789797551.7996879,gps_back
120.16700000000128,78.68549999999232,102.925,1789797551.8996878,gps_back
120.14800000000105,78.79399999999441,102.926,1789797551.9996877,gps_back
120.12850000000617,78.90249999999651,102.926,1789797552.0996878,gps_back
120.11800000000221,79.0109999999986,102.93,1789797552.1996877,gps_back
120.09849999999278,79.11900000000605,102.933,1789797552.2996876,gps_back
120.08749999999418,79.22750000000815,102.934,1789797552.3996878,gps_back
120.06849999999395,79.33600000001024,102.93900000000001,1789797552.4996877,gps_back
120.05749999999534,79.44450000001234,102.94,1789797552.5996876,gps_back
120.03800000000047,79.56349999998929,102.94,1789797552.6996875,gps_back
120.01900000000023,79.67199999999139,102.941,1789797552.7996876,gps_back
119.99899999999616,79.79099999999744,102.941,1789797552.8996875,gps_back
119.98850000000675,79.89949999999953,102.94200000000001,1789797552.9996874,gps_back
119.96050000000105,80.00750000000698,102.95,1789797553.0996873,gps_back
119.94100000000617,80.11600000000908,102.956,1789797553.1996875,gps_back
119.92200000000594,80.22399999998743,102.96000000000001,1789797553.2996874,gps_back
119.90249999999651,80.33249999998952,102.96300000000001,1789797553.3996873,gps_back
119.88300000000163,80.44099999999162,102.96300000000001,1789797553.4996872,gps_back
119.86350000000675,80.54899999999907,102.965,1789797553.5996873,gps_back
119.84450000000652,80.65750000000116,102.97,1789797553.6996872,gps_back
119.83349999999336,80.76600000000326,102.97,1789797553.7996871,gps_back
119.81449999999313,80.87400000001071,102.971,1789797553.8996873,gps_back
119.79499999999825,80.9825000000128,102.971,1789797553.9996872,gps_back
119.77550000000338,81.0909999999858,102.97,1789797554.099687,gps_back
119.75599999999395,81.19899999999325,102.97200000000001,1789797554.199687,gps_back
119.74550000000454,81.30749999999534,102.97,1789797554.2996871,gps_back
119.72599999999511,81.41599999999744,102.971,1789797554.399687,gps_back
119.70699999999488,81.52400000000489,102.973,1789797554.499687,gps_back
119.68700000000536,81.64350000000559,102.974,1789797554.5996869,gps_back
119.66800000000512,81.75150000001304,102.97500000000001,1789797554.699687,gps_back
119.64849999999569,81.84899999998743,102.977,1789797554.799687,gps_back
119.63800000000629,81.95749999998952,102.98,1789797554.8996868,gps_back
119.61849999999686,82.06599999999162,102.982,1789797554.9996867,gps_back
119.59949999999662,82.17399999999907,102.98400000000001,1789797555.0996869,gps_back
119.58900000000722,82.2719999999972,102.986,1789797555.1996868,gps_back
119.56949999999779,82.38000000000466,102.988,1789797555.2996867,gps_back
119.55000000000291,82.48850000000675,102.989,1789797555.3996868,gps_back
119.53100000000268,82.58600000001024,102.992,1789797555.4996867,gps_back
119.51149999999325,82.69399999998859,102.99300000000001,1789797555.5996866,gps_back
119.49199999999837,82.81349999998929,102.996,1789797555.6996865,gps_back
119.47250000000349,82.92149999999674,102.998,1789797555.7996867,gps_back
119.46199999999953,83.02999999999884,103.0,1789797555.8996866,gps_back
119.45149999999558,83.13850000000093,102.997,1789797555.9996865,gps_back
119.4320000000007,83.24700000000303,102.999,1789797556.0996864,gps_back
119.41250000000582,83.35500000001048,103.002,1789797556.1996865,gps_back
119.40200000000186,83.45250000001397,102.997,1789797556.2996864,gps_back
119.38300000000163,83.54999999998836,102.994,1789797556.3996863,gps_back
119.36350000000675,83.65849999999045,102.995,1789797556.4996862,gps_back
119.34450000000652,83.75599999999395,102.992,1789797556.5996864,gps_back
119.32499999999709,83.85349999999744,102.99300000000001,1789797556.6996863,gps_back
119.31500000000233,83.95100000000093,102.99300000000001,1789797556.7996862,gps_back
119.30449999999837,84.04850000000442,102.994,1789797556.8996863,gps_back
119.29399999999441,84.14600000000792,102.998,1789797556.9996862,gps_back
119.27449999999953,84.24350000001141,102.998,1789797557.0996861,gps_back
119.26399999999558,84.3409999999858,102.999,1789797557.199686,gps_back
119.25350000000617,84.44949999998789,103.0,1789797557.2996862,gps_back
119.23450000000594,84.53649999998743,103.005,1789797557.399686,gps_back
119.22400000000198,84.63399999999092,103.004,1789797557.499686,gps_back
119.2045000000071,84.74199999999837,103.004,1789797557.599686,gps_back
119.19449999999779,84.83999999999651,103.006,1789797557.699686,gps_back
119.17549999999756,84.9265000000014,103.009,1789797557.799686,gps_back
119.1649999999936,85.02400000000489,103.008,1789797557.8996859,gps_back
119.14549999999872,85.13250000000698,103.005,1789797557.999686,gps_back
119.13499999999476,85.23000000001048,103.005,1789797558.099686,gps_back
119.11599999999453,85.32750000001397,103.006,1789797558.1996858,gps_back
119.0969999999943,85.41399999998976,103.004,1789797558.2996857,gps_back
119.08650000000489,85.51149999999325,103.005,1789797558.3996859,gps_back
119.06699999999546,85.60899999999674,103.009,1789797558.4996858,gps_back
119.0570000000007,85.70650000000023,103.011,1789797558.5996857,gps_back
119.03750000000582,85.81500000000233,103.011,1789797558.6996856,gps_back
119.02700000000186,85.91250000000582,103.01,1789797558.7996857,gps_back
119.00800000000163,85.99900000001071,103.012,1789797558.8996856,gps_back
118.99749999999767,86.0965000000142,103.012,1789797558.9996855,gps_back
118.97849999999744,86.19399999998859,103.014,1789797559.0996854,gps_back
118.96799999999348,86.29149999999208,103.014,1789797559.1996856,gps_back
118.9484999999986,86.38899999999558,103.015,1789797559.2996855,gps_back
118.93799999999464,86.48649999999907,103.018,1789797559.3996854,gps_back
118.92799999999988,86.5734999999986,103.018,1789797559.4996855,gps_back
118.90899999999965,86.6710000000021,103.021,1789797559.5996854,gps_back
118.90700000000652,86.75800000000163,103.023,1789797559.6996853,gps_back
118.88800000000629,86.85550000000512,103.026,1789797559.7996852,gps_back
118.87750000000233,86.95300000000861,103.025,1789797559.8996854,gps_back
118.87600000000384,87.04000000000815,103.026,1789797559.9996853,gps_back
118.8344999999972,87.41949999998906,103.024,1789797560.3996851,gps_back
118.81549999999697,87.50599999999395,103.027,1789797560.499685,gps_back
118.7960000000021,87.60349999999744,103.029,1789797560.599685,gps_back
118.77700000000186,87.70100000000093,103.032,1789797560.699685,gps_back
118.7670000000071,87.78750000000582,103.034,1789797560.799685,gps_back
118.74800000000687,87.87400000001071,103.035,1789797560.899685,gps_back
118.73750000000291,87.96100000001024,103.036,1789797560.999685,gps_back
118.72699999999895,88.05850000001374,103.032,1789797561.099685,gps_back
118.70799999999872,88.14499999998952,103.033,1789797561.1996849,gps_back
118.68899999999849,88.24249999999302,103.027,1789797561.2996848,gps_back
118.67849999999453,88.3289999999979,103.026,1789797561.399685,gps_back
118.6594999999943,88.4265000000014,103.024,1789797561.4996848,gps_back
118.64900000000489,88.51350000000093,103.022,1789797561.5996847,gps_back
118.63000000000466,88.61100000000442,103.026,1789797561.6996846,gps_back
118.61100000000442,88.69750000000931,103.025,1789797561.7996848,gps_back
118.59200000000419,88.7950000000128,103.027,1789797561.8996847,gps_back
118.58150000000023,88.88149999998859,103.028,1789797561.9996846,gps_back
118.5625,88.96799999999348,103.028,1789797562.0996845,gps_back
118.54349999999977,89.06549999999697,103.029,1789797562.1996846,gps_back
118.52449999999953,89.15200000000186,103.034,1789797562.2996845,gps_back
118.51399999999558,89.25,103.036,1789797562.3996844,gps_back
118.49499999999534,89.33650000000489,103.04,1789797562.4996846,gps_back
118.47599999999511,89.42300000000978,103.041,1789797562.5996845,gps_back
118.45699999999488,89.52050000001327,103.041,1789797562.6996844,gps_back
118.43799999999464,89.60699999998906,103.041,1789797562.7996843,gps_back
118.41899999999441,89.69349999999395,103.041,1789797562.8996844,gps_back
118.408500000005,89.78049999999348,103.044,1789797562.9996843,gps_back
118.39800000000105,89.87799999999697,103.044,1789797563.0996842,gps_back
118.37949999999546,89.96450000000186,103.046,1789797563.1996841,gps_back
118.36900000000605,90.0515000000014,103.045,1789797563.2996843,gps_back
118.35000000000582,90.13800000000629,103.046,1789797563.3996842,gps_back
118.34849999999278,90.22450000001118,103.046,1789797563.499684,gps_back
118.3295000000071,90.31150000001071,103.05,1789797563.599684,gps_back
118.31900000000314,90.3979999999865,103.048,1789797563.6996841,gps_back
118.30049999999756,90.47399999998743,103.052,1789797563.799684,gps_back
118.2905000000028,90.54949999999371,103.054,1789797563.899684,gps_back
118.27150000000256,90.62549999999464,103.056,1789797563.999684,gps_back
118.26149999999325,90.71199999999953,103.059,1789797564.099684,gps_back
118.25100000000384,90.79899999999907,103.06,1789797564.199684,gps_back
118.24099999999453,90.88550000000396,103.062,1789797564.2996838,gps_back
118.23050000000512,90.96150000000489,103.063,1789797564.399684,gps_back
118.22049999999581,91.04800000000978,103.065,1789797564.4996839,gps_back
118.2100000000064,91.13500000000931,103.066,1789797564.5996838,gps_back
118.19999999999709,91.21100000001024,103.06700000000001,1789797564.6996837,gps_back
118.18099999999686,91.29749999998603,103.07000000000001,1789797564.7996838,gps_back
118.1710000000021,91.38399999999092,103.072,1789797564.8996837,gps_back
118.16049999999814,91.47099999999045,103.07300000000001,1789797564.9996836,gps_back
118.15050000000338,91.54699999999139,103.077,1789797565.0996838,gps_back
118.13150000000314,91.63349999999627,103.078,1789797565.1996837,gps_back
118.11250000000291,91.72000000000116,103.08,1789797565.2996836,gps_back
118.1024999999936,91.80650000000605,103.08200000000001,1789797565.3996835,gps_back
118.09200000000419,91.89350000000559,103.081,1789797565.4996836,gps_back
118.08199999999488,91.96950000000652,103.083,1789797565.5996835,gps_back
118.07150000000547,92.05600000001141,103.08500000000001,1789797565.6996834,gps_back
118.05250000000524,92.1424999999872,103.087,1789797565.7996833,gps_back
118.04249999999593,92.22949999998673,103.087,1789797565.8996835,gps_back
118.03200000000652,92.31599999999162,103.087,1789797565.9996834,gps_back
118.0219999999972,92.40299999999115,103.084,1789797566.0996833,gps_back
118.00299999999697,92.48949999999604,103.084,1789797566.1996832,gps_back
117.98399999999674,92.57600000000093,103.084,1789797566.2996833,gps_back
117.97349999999278,92.66250000000582,103.086,1789797566.3996832,gps_back
117.96349999999802,92.73850000000675,103.08800000000001,1789797566.4996831,gps_back
117.94449999999779,92.82500000001164,103.08800000000001,1789797566.5996833,gps_back
117.92549999999756,92.91200000001118,103.09,1789797566.6996832,gps_back
117.9149999999936,93.00949999998556,103.089,1789797566.799683,gps_back
117.89599999999336,93.09599999999045,103.093,1789797566.899683,gps_back
117.8859999999986,93.18249999999534,103.093,1789797566.9996831,gps_back
117.87549999999464,93.28049999999348,103.09700000000001,1789797567.099683,gps_back
117.85649999999441,93.35599999999977,103.099,1789797567.199683,gps_back
117.83749999999418,93.44250000000466,103.098,1789797567.2996829,gps_back
117.81849999999395,93.52900000000955,103.09700000000001,1789797567.399683,gps_back
117.80849999999919,93.60500000001048,103.099,1789797567.499683,gps_back
117.79850000000442,93.69200000001001,103.098,1789797567.5996828,gps_back
117.77950000000419,93.7674999999872,103.099,1789797567.6996827,gps_back
117.76949999999488,93.84349999998813,103.101,1789797567.7996829,gps_back
117.75100000000384,93.91899999999441,103.10300000000001,1789797567.8996828,gps_back
117.74049999999988,93.99499999999534,103.10000000000001,1789797567.9996827,gps_back
117.73050000000512,94.08150000000023,103.09700000000001,1789797568.0996828,gps_back
117.71150000000489,94.15750000000116,103.09700000000001,1789797568.1996827,gps_back
117.70149999999558,94.2335000000021,103.098,1789797568.2996826,gps_back
117.69150000000081,94.30900000000838,103.099,1789797568.3996825,gps_back
117.67250000000058,94.38500000000931,103.099,1789797568.4996827,gps_back
117.66250000000582,94.46100000001024,103.099,1789797568.5996826,gps_back
117.65249999999651,94.53649999998743,103.102,1789797568.6996825,gps_back
117.63349999999627,94.62349999998696,103.107,1789797568.7996824,gps_back
117.62350000000151,94.69899999999325,103.11200000000001,1789797568.8996825,gps_back
117.60450000000128,94.77499999999418,103.119,1789797568.9996824,gps_back
117.59450000000652,94.86149999999907,103.121,1789797569.0996823,gps_back
117.57550000000629,94.9375,103.11800000000001,1789797569.1996822,gps_back
117.56549999999697,95.01300000000629,103.117,1789797569.2996824,gps_back
117.54649999999674,95.10000000000582,103.113,1789797569.3996823,gps_back
117.53650000000198,95.18650000001071,103.116,1789797569.4996822,gps_back
117.52650000000722,95.26250000001164,103.113,1789797569.5996823,gps_back
117.50750000000698,95.34899999998743,103.119,1789797569.6996822,gps_back
117.49749999999767,95.42499999998836,103.119,1789797569.7996821,gps_back
117.48699999999371,95.50049999999464,103.121,1789797569.899682,gps_back
117.46799999999348,95.58749999999418,103.12,1789797569.9996822,gps_back
117.45799999999872,95.66300000000047,103.127,1789797570.099682,gps_back
117.44800000000396,95.75,103.132,1789797570.199682,gps_back
117.43799999999464,95.82600000000093,103.134,1789797570.299682,gps_back
117.42750000000524,95.90150000000722,103.138,1789797570.399682,gps_back
117.408500000005,95.98850000000675,103.137,1789797570.499682,gps_back
117.39849999999569,96.06400000001304,103.14,1789797570.5996819,gps_back
117.38850000000093,96.14000000001397,103.141,1789797570.699682,gps_back
117.3695000000007,96.22649999998976,103.143,1789797570.799682,gps_back
117.35950000000594,96.30249999999069,103.144,1789797570.8996818,gps_back
117.34100000000035,96.37799999999697,103.145,1789797570.9996817,gps_back
117.33049999999639,96.4539999999979,103.144,1789797571.0996819,gps_back
117.32099999999627,96.51900000000023,103.142,1789797571.1996818,gps_back
117.30199999999604,96.59500000000116,103.14,1789797571.2996817,gps_back
117.29249999999593,96.64900000000489,103.139,1789797571.3996816,gps_back
117.27349999999569,96.73550000000978,103.136,1789797571.5996816,gps_back
117.25449999999546,96.81150000001071,103.146,1789797571.7996814,gps_back
117.2445000000007,96.88699999998789,103.146,1789797571.9996815,gps_back
117.22599999999511,96.95199999999022,103.152,1789797572.1996815,gps_back
117.21600000000035,97.01699999999255,103.154,1789797572.3996813,gps_back
117.19749999999476,97.09249999999884,103.155,1789797572.5996814,gps_back
117.18700000000536,97.16849999999977,103.156,1789797572.7996812,gps_back
117.17699999999604,97.2445000000007,103.155,1789797572.9996812,gps_back
117.16749999999593,97.30950000000303,103.156,1789797573.199681,gps_back
117.15700000000652,97.38550000000396,103.156,1789797573.399681,gps_back
117.1469999999972,97.46150000000489,103.155,1789797573.599681,gps_back
117.13700000000244,97.53700000001118,103.154,1789797573.799681,gps_back
117.12699999999313,97.61300000001211,103.157,1789797573.9996808,gps_back
117.11699999999837,97.67800000001444,103.16,1789797574.1996808,gps_back
117.10700000000361,97.75399999998626,103.164,1789797574.3996806,gps_back
117.10599999999977,97.81899999998859,103.171,1789797574.5996807,gps_back
117.096000000005,97.89499999998952,103.177,1789797574.7996807,gps_back
117.08550000000105,97.97099999999045,103.175,1789797574.9996805,gps_back
117.07600000000093,98.03599999999278,103.172,1789797575.1996806,gps_back
117.06549999999697,98.11149999999907,103.168,1789797575.3996804,gps_back
117.06449999999313,98.18799999999464,103.169,1789797575.5996804,gps_back
117.05449999999837,98.26350000000093,103.17,1789797575.7996802,gps_back
117.04450000000361,98.32850000000326,103.176,1789797575.9996803,gps_back
117.04300000000512,98.40450000000419,103.173,1789797576.19968,gps_back
117.03299999999581,98.48050000000512,103.168,1789797576.3996801,gps_back
117.02300000000105,98.55650000000605,103.163,1789797576.59968,gps_back
117.01249999999709,98.65400000000955,103.174,1789797576.79968,gps_back
117.00299999999697,98.70800000001327,103.175,1789797576.89968,gps_back
116.99300000000221,98.7729999999865,103.174,1789797576.9996798,gps_back
116.9829999999929,98.83799999998882,103.175,1789797577.09968,gps_back
116.97299999999814,98.91399999998976,103.176,1789797577.1996799,gps_back
116.96300000000338,98.98999999999069,103.18,1789797577.2996798,gps_back
116.94400000000314,99.07649999999558,103.185,1789797577.3996797,gps_back
116.93349999999919,99.16349999999511,103.186,1789797577.4996798,gps_back
116.92350000000442,99.25,103.186,1789797577.5996797,gps_back
116.903999999995,99.34750000000349,103.188,1789797577.6996796,gps_back
116.89400000000023,99.43400000000838,103.187,1789797577.7996798,gps_back
116.88349999999627,99.53200000000652,103.187,1789797577.8996797,gps_back
116.86449999999604,99.62950000001001,103.19,1789797577.9996796,gps_back
116.85400000000664,99.7270000000135,103.191,1789797578.0996795,gps_back
116.84350000000268,99.82449999998789,103.19,1789797578.1996796,gps_back
116.82399999999325,99.92199999999139,103.18900000000001,1789797578.2996795,gps_back
116.81399999999849,100.00849999999627,103.18900000000001,1789797578.3996794,gps_back
116.80349999999453,100.10649999999441,103.19,1789797578.4996793,gps_back
116.79300000000512,100.2039999999979,103.18900000000001,1789797578.5996795,gps_back
116.79099999999744,100.3015000000014,103.191,1789797578.6996794,gps_back
116.78100000000268,100.38850000000093,103.193,1789797578.7996793,gps_back
116.76200000000244,100.47500000000582,103.193,1789797578.8996792,gps_back
116.75149999999849,100.56150000001071,103.197,1789797578.9996793,gps_back
116.74150000000373,100.64850000001024,103.2,1789797579.0996792,gps_back
116.73099999999977,100.73499999998603,103.20100000000001,1789797579.1996791,gps_back
116.721000000005,100.82199999998556,103.20100000000001,1789797579.2996793,gps_back
116.71050000000105,100.90849999999045,103.203,1789797579.3996792,gps_back
116.69150000000081,101.00599999999395,103.20400000000001,1789797579.499679,gps_back
116.67250000000058,101.10349999999744,103.205,1789797579.599679,gps_back
116.66199999999662,101.20100000000093,103.209,1789797579.6996791,gps_back
116.65150000000722,101.29850000000442,103.209,1789797579.799679,gps_back
116.63250000000698,101.38550000000396,103.205,1789797579.899679,gps_back
116.62200000000303,101.48300000000745,103.205,1789797579.9996789,gps_back
116.61149999999907,101.58050000001094,103.203,1789797580.099679,gps_back
116.60099999999511,101.67800000001444,103.2,1789797580.199679,gps_back
116.5905000000057,101.77549999998882,103.2,1789797580.2996788,gps_back
116.57150000000547,101.87299999999232,103.199,1789797580.399679,gps_back
116.56100000000151,101.97099999999045,103.20100000000001,1789797580.4996789,gps_back
116.54150000000664,102.0679999999993,103.202,1789797580.5996788,gps_back
116.53100000000268,102.16599999999744,103.2,1789797580.6996787,gps_back
116.51200000000244,102.26350000000093,103.202,1789797580.7996788,gps_back
116.50149999999849,102.36100000000442,103.20700000000001,1789797580.8996787,gps_back
116.48249999999825,102.44750000000931,103.20700000000001,1789797580.9996786,gps_back
116.46349999999802,102.5450000000128,103.209,1789797581.0996785,gps_back
116.45299999999406,102.6424999999872,103.212,1789797581.1996787,gps_back
116.43399999999383,102.73999999999069,103.214,1789797581.2996786,gps_back
116.42350000000442,102.83749999999418,103.21600000000001,1789797581.3996785,gps_back
116.403999999995,102.93499999999767,103.21900000000001,1789797581.4996784,gps_back
116.39350000000559,103.03250000000116,103.223,1789797581.5996785,gps_back
116.37450000000536,103.13000000000466,103.22800000000001,1789797581.6996784,gps_back
116.3640000000014,103.22750000000815,103.22800000000001,1789797581.7996783,gps_back
116.34500000000116,103.32500000001164,103.229,1789797581.8996785,gps_back
116.32600000000093,103.42249999998603,103.23,1789797581.9996784,gps_back
116.31549999999697,103.51999999998952,103.23,1789797582.0996783,gps_back
116.29649999999674,103.60649999999441,103.233,1789797582.1996782,gps_back
116.2664999999979,103.8015000000014,103.23400000000001,1789797582.3996782,gps_back
116.24749999999767,103.88850000000093,103.239,1789797582.4996781,gps_back
116.23699999999371,103.98600000000442,103.245,1789797582.599678,gps_back
116.21799999999348,104.08350000000792,103.247,1789797582.6996782,gps_back
116.20699999999488,104.20250000001397,103.25,1789797582.799678,gps_back
116.1875,104.32199999998556,103.252,1789797582.899678,gps_back
116.16800000000512,104.44099999999162,103.255,1789797582.999678,gps_back
116.15700000000652,104.57099999999627,103.252,1789797583.099678,gps_back
116.13700000000244,104.71199999999953,103.252,1789797583.199678,gps_back
116.1085000000021,104.84200000000419,103.249,1789797583.2996778,gps_back
116.09750000000349,104.98300000000745,103.245,1789797583.399678,gps_back
116.06900000000314,105.11300000001211,103.24300000000001,1789797583.499678,gps_back
116.05800000000454,105.24299999998766,103.24300000000001,1789797583.5996778,gps_back
116.02950000000419,105.37299999999232,103.245,1789797583.6996777,gps_back
116.00950000000012,105.50299999999697,103.247,1789797583.7996778,gps_back
115.98099999999977,105.63300000000163,103.247,1789797583.8996778,gps_back
115.96150000000489,105.76300000000629,103.249,1789797583.9996777,gps_back
115.93300000000454,105.88200000001234,103.254,1789797584.0996776,gps_back
115.91349999999511,106.00099999998929,103.256,1789797584.1996777,gps_back
115.89400000000023,106.13099999999395,103.258,1789797584.2996776,gps_back
115.86549999999988,106.25,103.259,1789797584.3996775,gps_back
115.846000000005,106.3695000000007,103.259,1789797584.4996774,gps_back
115.81750000000466,106.49900000001071,103.26,1789797584.5996776,gps_back
115.78949999999895,106.61799999998766,103.259,1789797584.6996775,gps_back
115.76949999999488,106.73749999998836,103.257,1789797584.7996774,gps_back
115.74150000000373,106.86699999999837,103.259,1789797584.8996775,gps_back
115.7219999999943,106.97550000000047,103.261,1789797584.9996774,gps_back
115.69349999999395,107.10550000000512,103.262,1789797585.0996773,gps_back
115.6649999999936,107.22450000001118,103.265,1789797585.1996772,gps_back
115.64549999999872,107.34349999998813,103.265,1789797585.2996774,gps_back
115.61749999999302,107.46249999999418,103.264,1789797585.3996773,gps_back
115.60649999999441,107.59299999999348,103.264,1789797585.4996772,gps_back
115.59500000000116,107.72299999999814,103.264,1789797585.599677,gps_back
115.57550000000629,107.84200000000419,103.265,1789797585.6996772,gps_back
115.56500000000233,107.96150000000489,103.267,1789797585.7996771,gps_back
115.55400000000373,108.09150000000955,103.267,1789797585.899677,gps_back
115.53399999999965,108.21100000001024,103.272,1789797585.999677,gps_back
115.51450000000477,108.3409999999858,103.276,1789797586.099677,gps_back
115.50350000000617,108.45999999999185,103.276,1789797586.199677,gps_back
115.48399999999674,108.58999999999651,103.278,1789797586.299677,gps_back
115.46450000000186,108.7094999999972,103.279,1789797586.399677,gps_back
115.43600000000151,108.83950000000186,103.285,1789797586.499677,gps_back
115.42500000000291,108.95850000000792,103.288,1789797586.5996768,gps_back
115.40549999999348,109.07800000000861,103.284,1789797586.6996768,gps_back
115.37699999999313,109.20749999998952,103.288,1789797586.799677,gps_back
115.35749999999825,109.32699999999022,103.29,1789797586.8996768,gps_back
115.33800000000338,109.44599999999627,103.289,1789797586.9996767,gps_back
115.32700000000477,109.57600000000093,103.296,1789797587.0996766,gps_back
115.3070000000007,109.69550000000163,103.303,1789797587.1996768,gps_back
115.28750000000582,109.82550000000629,103.305,1789797587.2996767,gps_back
115.26799999999639,109.94450000001234,103.307,1789797587.3996766,gps_back
115.23949999999604,110.07449999998789,103.308,1789797587.4996765,gps_back
115.22000000000116,110.19349999999395,103.311,1789797587.5996766,gps_back
115.19999999999709,110.3234999999986,103.31,1789797587.6996765,gps_back
115.18050000000221,110.4429999999993,103.311,1789797587.7996764,gps_back
115.16099999999278,110.57300000000396,103.313,1789797587.8996766,gps_back
115.14100000000326,110.69200000001001,103.316,1789797587.9996765,gps_back
115.12149999999383,110.81099999998696,103.319,1789797588.0996764,gps_back
115.10199999999895,110.94099999999162,103.321,1789797588.1996763,gps_back
115.0734999999986,111.07099999999627,103.324,1789797588.2996764,gps_back
115.05400000000373,111.19000000000233,103.32900000000001,1789797588.3996763,gps_back
115.0344999999943,111.30950000000303,103.33200000000001,1789797588.4996762,gps_back
115.01450000000477,111.43950000000768,103.334,1789797588.5996761,gps_back
114.99499999999534,111.56950000001234,103.334,1789797588.6996763,gps_back
114.97500000000582,111.7104999999865,103.33500000000001,1789797588.7996762,gps_back
114.95500000000175,111.84049999999115,103.33500000000001,1789797588.899676,gps_back
114.93499999999767,111.98099999999977,103.334,1789797588.999676,gps_back
114.92399999999907,112.11149999999907,103.334,1789797589.0996761,gps_back
114.903999999995,112.25250000000233,103.336,1789797589.199676,gps_back
114.88450000000012,112.38250000000698,103.336,1789797589.299676,gps_back
114.86500000000524,112.50150000001304,103.336,1789797589.399676,gps_back
114.83650000000489,112.63149999998859,103.337,1789797589.499676,gps_back
114.81650000000081,112.76149999999325,103.336,1789797589.599676,gps_back
114.80599999999686,112.88099999999395,103.34100000000001,1789797589.6996758,gps_back
114.78599999999278,113.02150000000256,103.34400000000001,1789797589.799676,gps_back
114.75750000000698,113.15150000000722,103.34700000000001,1789797589.8996758,gps_back
114.74599999999919,113.29250000001048,103.34700000000001,1789797589.9996758,gps_back
114.72599999999511,113.43350000001374,103.351,1789797590.0996757,gps_back
114.69749999999476,113.57399999999325,103.351,1789797590.1996758,gps_back
114.67750000000524,113.7039999999979,103.352,1789797590.2996757,gps_back
114.66650000000664,113.84549999999581,103.354,1789797590.3996756,gps_back
114.64650000000256,113.98600000000442,103.35600000000001,1789797590.4996755,gps_back
114.62649999999849,114.12700000000768,103.357,1789797590.5996757,gps_back
114.59799999999814,114.26800000001094,103.358,1789797590.6996756,gps_back
114.58699999999953,114.3979999999865,103.36,1789797590.7996755,gps_back
114.56699999999546,114.53899999998976,103.364,1789797590.8996756,gps_back
114.54700000000594,114.69049999999697,103.366,1789797590.9996755,gps_back
114.52700000000186,114.82050000000163,103.37,1789797591.0996754,gps_back
114.49800000000687,114.97250000000349,103.37,1789797591.1996753,gps_back
114.47849999999744,115.10250000000815,103.375,1789797591.2996755,gps_back
114.45849999999336,115.24299999998766,103.375,1789797591.3996754,gps_back
114.43850000000384,115.37299999999232,103.378,1789797591.4996753,gps_back
114.42750000000524,115.51449999999022,103.378,1789797591.5996752,gps_back
114.39900000000489,115.65499999999884,103.38,1789797591.6996753,gps_back
114.37900000000081,115.78500000000349,103.379,1789797591.7996752,gps_back
114.35899999999674,115.92600000000675,103.38,1789797591.8996751,gps_back
114.33900000000722,116.06700000001001,103.381,1789797591.999675,gps_back
114.32799999999406,116.20800000001327,103.386,1789797592.0996752,gps_back
114.30800000000454,116.34899999998743,103.388,1789797592.199675,gps_back
114.28800000000047,116.48949999999604,103.394,1789797592.299675,gps_back
114.26799999999639,116.6304999999993,103.395,1789797592.3996751,gps_back
114.25699999999779,116.77150000000256,103.396,1789797592.499675,gps_back
114.23699999999371,116.91250000000582,103.398,1789797592.599675,gps_back
114.21700000000419,117.05350000000908,103.398,1789797592.6996748,gps_back
114.19700000000012,117.19450000001234,103.4,1789797592.799675,gps_back
114.17699999999604,117.33499999999185,103.402,1789797592.899675,gps_back
114.15700000000652,117.47599999999511,103.408,1789797592.9996748,gps_back
114.13700000000244,117.61699999999837,103.408,1789797593.0996747,gps_back
114.11699999999837,117.75800000000163,103.412,1789797593.1996748,gps_back
114.0969999999943,117.90950000000885,103.411,1789797593.2996747,gps_back
114.07700000000477,118.05050000001211,103.41,1789797593.3996747,gps_back
114.0570000000007,118.19149999998626,103.41,1789797593.4996746,gps_back
114.03699999999662,118.33249999998952,103.413,1789797593.5996747,gps_back
114.0170000000071,118.47299999999814,103.411,1789797593.6996746,gps_back
113.99700000000303,118.6140000000014,103.414,1789797593.7996745,gps_back
113.9774999999936,118.75500000000466,103.418,1789797593.8996747,gps_back
113.9484999999986,118.89550000001327,103.422,1789797593.9996746,gps_back
113.92849999999453,119.03649999998743,103.424,1789797594.0996745,gps_back
113.89999999999418,119.17749999999069,103.427,1789797594.1996744,gps_back
113.88000000000466,119.3179999999993,103.428,1789797594.2996745,gps_back
113.85150000000431,119.45900000000256,103.43,1789797594.3996744,gps_back
113.82249999999476,119.59950000001118,103.432,1789797594.4996743,gps_back
113.80299999999988,119.74050000001444,103.434,1789797594.5996742,gps_back
113.77449999999953,119.87049999998999,103.434,1789797594.6996744,gps_back
113.75449999999546,120.01149999999325,103.437,1789797594.7996743,gps_back
113.74349999999686,120.1414999999979,103.43900000000001,1789797594.8996742,gps_back
113.72349999999278,120.27150000000256,103.44200000000001,1789797594.999674,gps_back
113.71249999999418,120.40150000000722,103.44200000000001,1789797595.0996742,gps_back
113.6929999999993,120.52100000000792,103.44500000000001,1789797595.1996741,gps_back
113.67350000000442,120.64000000001397,103.45100000000001,1789797595.299674,gps_back
113.65350000000035,120.76999999998952,103.452,1789797595.3996742,gps_back
113.625,120.89999999999418,103.455,1789797595.499674,gps_back
113.60550000000512,121.02999999999884,103.459,1789797595.599674,gps_back
113.58550000000105,121.16000000000349,103.46300000000001,1789797595.699674,gps_back
113.56600000000617,121.29000000000815,103.467,1789797595.799674,gps_back
113.5460000000021,121.43100000001141,103.46600000000001,1789797595.899674,gps_back
113.53500000000349,121.56099999998696,103.468,1789797595.9996738,gps_back
113.51499999999942,121.70199999999022,103.471,1789797596.0996737,gps_back
113.50400000000081,121.83199999999488,103.473,1789797596.199674,gps_back
113.48399999999674,121.97299999999814,103.47500000000001,1789797596.2996738,gps_back
113.46400000000722,122.1030000000028,103.476,1789797596.3996737,gps_back
113.44449999999779,122.23300000000745,103.473,1789797596.4996736,gps_back
113.42449999999371,122.37400000001071,103.476,1789797596.5996737,gps_back
113.39599999999336,122.50399999998626,103.476,1789797596.6996737,gps_back
113.37649999999849,122.63399999999092,103.477,1789797596.7996736,gps_back
113.34750000000349,122.77449999999953,103.48100000000001,1789797596.8996737,gps_back
113.33650000000489,122.90499999999884,103.486,1789797596.9996736,gps_back
113.31650000000081,123.0460000000021,103.489,1789797597.0996735,gps_back
113.28800000000047,123.17550000001211,103.49000000000001,1789797597.1996734,gps_back
113.27700000000186,123.31649999998626,103.49300000000001,1789797597.2996736,gps_back
113.25699999999779,123.44699999998556,103.495,1789797597.3996735,gps_back
113.24599999999919,123.58799999998882,103.495,1789797597.4996734,gps_back
113.22599999999511,123.71799999999348,103.496,1789797597.5996733,gps_back
113.20600000000559,123.8585000000021,103.496,1789797597.6996734,gps_back
113.18649999999616,123.9890000000014,103.497,1789797597.7996733,gps_back
113.16650000000664,124.12950000001001,103.497,1789797597.8996732,gps_back
113.15499999999884,124.27050000001327,103.5,1789797597.9996731,gps_back
113.12649999999849,124.41149999998743,103.5,1789797598.0996733,gps_back
113.10649999999441,124.55249999999069,103.507,1789797598.1996732,gps_back
113.06650000000081,124.83400000000256,103.509,1789797598.3996732,gps_back
113.04700000000594,124.97500000000582,103.512,1789797598.4996731,gps_back
113.01799999999639,125.11550000001444,103.514,1789797598.599673,gps_back
112.99800000000687,125.25649999998859,103.52,1789797598.699673,gps_back
112.96950000000652,125.39749999999185,103.52,1789797598.799673,gps_back
112.94950000000244,125.53849999999511,103.522,1789797598.899673,gps_back
112.9210000000021,125.66800000000512,103.521,1789797598.999673,gps_back
112.90099999999802,125.80900000000838,103.52,1789797599.0996728,gps_back
112.87249999999767,125.93900000001304,103.525,1789797599.199673,gps_back
112.84399999999732,126.07949999999255,103.525,1789797599.2996728,gps_back
112.82450000000244,126.2094999999972,103.528,1789797599.3996727,gps_back
112.80449999999837,126.35050000000047,103.532,1789797599.4996727,gps_back
112.77599999999802,126.48050000000512,103.533,1789797599.5996728,gps_back
112.75599999999395,126.61050000000978,103.534,1789797599.6996727,gps_back
112.73649999999907,126.74050000001444,103.535,1789797599.7996726,gps_back
112.71700000000419,126.85949999999139,103.536,1789797599.8996727,gps_back
112.68850000000384,126.98949999999604,103.538,1789797599.9996727,gps_back
112.64900000000489,127.2280000000028,103.547,1789797600.1996725,gps_back
112.60099999999511,127.4770000000135,103.548,1789797600.3996725,gps_back
112.58150000000023,127.60699999998906,103.548,1789797600.4996724,gps_back
112.56200000000536,127.72599999999511,103.553,1789797600.5996723,gps_back
112.54200000000128,127.85599999999977,103.555,1789797600.6996725,gps_back
112.51399999999558,127.97500000000582,103.555,1789797600.7996724,gps_back
112.50299999999697,128.09450000000652,103.554,1789797600.8996723,gps_back
112.47449999999662,128.22450000001118,103.56,1789797600.9996722,gps_back
112.45500000000175,128.34349999998813,103.561,1789797601.0996723,gps_back
112.44400000000314,128.47349999999278,103.562,1789797601.1996722,gps_back
112.4155000000028,128.59249999999884,103.56400000000001,1789797601.2996721,gps_back
112.39599999999336,128.72299999999814,103.563,1789797601.3996723,gps_back
112.37600000000384,128.8530000000028,103.566,1789797601.4996722,gps_back
112.35649999999441,128.98300000000745,103.565,1789797601.599672,gps_back
112.33699999999953,129.1020000000135,103.565,1789797601.699672,gps_back
112.31699999999546,129.23199999998906,103.56700000000001,1789797601.7996721,gps_back
112.28849999999511,129.3619999999937,103.571,1789797601.899672,gps_back
112.26900000000023,129.48099999999977,103.572,1789797601.999672,gps_back
112.25800000000163,129.61100000000442,103.575,1789797602.0996718,gps_back
112.23850000000675,129.71950000000652,103.57900000000001,1789797602.199672,gps_back
112.21899999999732,129.83850000001257,103.58,1789797602.299672,gps_back
112.19950000000244,129.95800000001327,103.581,1789797602.3996718,gps_back
112.1710000000021,130.07699999999022,103.58200000000001,1789797602.499672,gps_back
112.16049999999814,130.18549999999232,103.58200000000001,1789797602.5996718,gps_back
112.14100000000326,130.29349999999977,103.583,1789797602.6996717,gps_back
112.1304999999993,130.40200000000186,103.583,1789797602.7996716,gps_back
112.11149999999907,130.49950000000536,103.583,1789797602.8996718,gps_back
112.10050000000047,130.60800000000745,103.584,1789797602.9996717,gps_back
112.08999999999651,130.70550000001094,103.58200000000001,1789797603.0996716,gps_back
112.07099999999627,130.80300000001444,103.584,1789797603.1996715,gps_back
112.06050000000687,130.91149999998743,103.583,1789797603.2996716,gps_back
112.04099999999744,131.01999999998952,103.583,1789797603.3996716,gps_back
112.02999999999884,131.13899999999558,103.587,1789797603.4996715,gps_back
112.01949999999488,131.24749999999767,103.59,1789797603.5996714,gps_back
112.00849999999627,131.36699999999837,103.58800000000001,1789797603.6996715,gps_back
111.99800000000687,131.47550000000047,103.59,1789797603.7996714,gps_back
111.98750000000291,131.58400000000256,103.593,1789797603.8996713,gps_back
111.96799999999348,131.69200000001,103.593,1789797603.9996715,gps_back
111.9484999999986,131.8115000000107,103.595,1789797604.0996714,gps_back
111.93799999999464,131.9200000000128,103.601,1789797604.1996713,gps_back
111.91849999999977,132.02799999999115,103.595,1789797604.2996712,gps_back
111.90750000000116,132.13649999999325,103.59400000000001,1789797604.3996713,gps_back
111.8975000000064,132.23399999999674,103.596,1789797604.4996712,gps_back
111.87799999999697,132.34249999999884,103.595,1789797604.5996711,gps_back
111.86749999999302,132.44000000000233,103.598,1789797604.699671,gps_back
111.85700000000361,132.52700000000186,103.598,1789797604.7996712,gps_back
111.83800000000338,132.62450000000536,103.601,1789797604.899671,gps_back
111.82749999999942,132.72200000000885,103.602,1789797604.999671,gps_back
111.81750000000466,132.80850000001374,103.60000000000001,1789797605.099671,gps_back
111.79850000000442,132.89499999998952,103.602,1789797605.199671,gps_back
111.78800000000047,132.98199999998906,103.604,1789797605.299671,gps_back
111.77749999999651,133.06849999999395,103.607,1789797605.3996708,gps_back
111.76750000000175,133.15549999999348,103.60900000000001,1789797605.499671,gps_back
111.75699999999779,133.25299999999697,103.61200000000001,1789797605.599671,gps_back
111.73799999999756,133.35050000000047,103.613,1789797605.6996708,gps_back
111.71850000000268,133.45900000000256,103.614,1789797605.7996707,gps_back
111.70799999999872,133.56750000000466,103.616,1789797605.8996708,gps_back
111.68850000000384,133.6755000000121,103.62,1789797605.9996707,gps_back
111.66899999999441,133.7840000000142,103.61800000000001,1789797606.0996706,gps_back
111.658500000005,133.8924999999872,103.621,1789797606.1996706,gps_back
111.63950000000477,133.9899999999907,103.624,1789797606.2996707,gps_back
111.61999999999534,134.09799999999814,103.627,1789797606.3996706,gps_back
111.60050000000047,134.20650000000023,103.63,1789797606.4996705,gps_back
111.58999999999651,134.30400000000373,103.63,1789797606.5996704,gps_back
111.57099999999627,134.40150000000722,103.634,1789797606.6996706,gps_back
111.5515000000014,134.4990000000107,103.635,1789797606.7996705,gps_back
111.53250000000116,134.60699999998906,103.638,1789797606.8996704,gps_back
111.51300000000629,134.70449999999255,103.637,1789797606.9996705,gps_back
111.49400000000605,134.81299999999464,103.643,1789797607.0996704,gps_back
111.47449999999662,134.91049999999814,103.644,1789797607.1996703,gps_back
111.45549999999639,135.0185000000056,103.645,1789797607.2996702,gps_back
111.43600000000151,135.11600000000908,103.651,1789797607.3996704,gps_back
111.41700000000128,135.21350000001257,103.652,1789797607.4996703,gps_back
111.3975000000064,135.32199999998556,103.652,1789797607.5996702,gps_back
111.3695000000007,135.4189999999944,103.651,1789797607.69967,gps_back
111.34200000000419,135.5164999999979,103.655,1789797607.7996702,gps_back
111.32249999999476,135.6140000000014,103.655,1789797607.8996701,gps_back
111.28599999999278,135.71100000001024,103.655,1789797607.99967,gps_back
111.2664999999979,135.8299999999872,103.659,1789797608.09967,gps_back
111.22999999999593,135.9274999999907,103.66,1789797608.19967,gps_back
111.20200000000477,136.02449999999953,103.673,1789797608.29967,gps_back
111.14800000000105,136.12150000000838,103.679,1789797608.39967,gps_back
111.1030000000028,136.20749999998952,103.69200000000001,1789797608.4996698,gps_back
111.05749999999534,136.30449999999837,103.696,1789797608.59967,gps_back
111.00350000000617,136.40150000000722,103.70400000000001,1789797608.6996698,gps_back
110.94999999999709,136.48749999998836,103.715,1789797608.7996697,gps_back
110.89599999999336,136.5734999999986,103.71300000000001,1789797608.89967,gps_back
110.85099999999511,136.6700000000128,103.714,1789797608.9996698,gps_back
110.77950000000419,136.7664999999979,103.68900000000001,1789797609.0996697,gps_back
110.71700000000419,136.84150000000955,103.688,1789797609.1996696,gps_back
110.66349999999511,136.91699999998673,103.69,1789797609.2996697,gps_back
110.60099999999511,136.99150000000373,103.69500000000001,1789797609.3996696,gps_back
110.53900000000431,137.06649999998626,103.69800000000001,1789797609.4996696,gps_back
110.47650000000431,137.1414999999979,103.70100000000001,1789797609.5996695,gps_back
110.41449999999895,137.21650000000955,103.705,1789797609.6996696,gps_back
110.35199999999895,137.29149999999208,103.70700000000001,1789797609.7996695,gps_back
110.28100000000268,137.36600000000908,103.709,1789797609.8996694,gps_back
110.2100000000064,137.44099999999162,103.712,1789797609.9996696,gps_back
110.13000000000466,137.51550000000861,103.717,1789797610.0996695,gps_back
110.04200000000128,137.5899999999965,103.718,1789797610.1996694,gps_back
109.94449999999779,137.6755000000121,103.717,1789797610.2996693,gps_back
109.85649999999441,137.7390000000014,103.718,1789797610.3996694,gps_back
109.75049999999464,137.81299999999464,103.718,1789797610.4996693,gps_back
109.64500000000407,137.87650000001304,103.715,1789797610.5996692,gps_back
109.54799999999523,137.92900000000373,103.71300000000001,1789797610.6996691,gps_back
109.44250000000466,137.9814999999944,103.71600000000001,1789797610.7996693,gps_back
109.346000000005,138.0229999999865,103.721,1789797610.8996692,gps_back
109.24950000000536,138.06500000000233,103.72200000000001,1789797610.999669,gps_back
109.14449999999488,138.1064999999944,103.733,1789797611.099669,gps_back
109.04799999999523,138.1369999999879,103.744,1789797611.1996691,gps_back
108.94250000000466,138.17900000000373,103.751,1789797611.299669,gps_back
108.8289999999979,138.2094999999972,103.758,1789797611.399669,gps_back
108.7155000000057,138.22899999999208,103.766,1789797611.499669,gps_back
108.60199999999895,138.24849999998696,103.77,1789797611.599669,gps_back
108.48850000000675,138.25750000000698,103.773,1789797611.699669,gps_back
108.375,138.27700000000186,103.774,1789797611.7996688,gps_back
108.25299999999697,138.28599999999278,103.778,1789797611.899669,gps_back
108.13950000000477,138.29449999998906,103.777,1789797611.9996688,gps_back
108.01750000000175,138.29250000001048,103.775,1789797612.0996687,gps_back
107.89549999999872,138.2905000000028,103.771,1789797612.1996686,gps_back
107.77400000000489,138.28800000000047,103.77,1789797612.2996688,gps_back
107.65200000000186,138.27499999999418,103.767,1789797612.3996687,gps_back
107.53049999999348,138.2619999999879,103.768,1789797612.4996686,gps_back
107.40899999999965,138.2380000000121,103.771,1789797612.5996685,gps_back
107.278999999995,138.21400000000722,103.778,1789797612.6996686,gps_back
107.15750000000116,138.17949999999837,103.78,1789797612.7996686,gps_back
107.03599999999278,138.14449999999488,103.784,1789797612.8996685,gps_back
106.9149999999936,138.10949999999139,103.783,1789797612.9996686,gps_back
106.79349999999977,138.08600000001024,103.786,1789797613.0996685,gps_back
106.66300000000047,138.0725000000093,103.783,1789797613.1996684,gps_back
106.54150000000664,138.04850000000442,103.785,1789797613.2996683,gps_back
106.41950000000361,138.04649999999674,103.788,1789797613.3996685,gps_back
106.28900000000431,138.0439999999944,103.79,1789797613.4996684,gps_back
106.16749999999593,138.03099999998813,103.791,1789797613.5996683,gps_back
106.03699999999662,138.0284999999858,103.795,1789797613.6996682,gps_back
105.9149999999936,138.01550000000861,103.793,1789797613.7996683,gps_back
105.78500000000349,137.99150000000373,103.789,1789797613.8996682,gps_back
105.65499999999884,137.95650000000023,103.786,1789797613.9996681,gps_back
105.533500000005,137.92199999999139,103.782,1789797614.099668,gps_back
105.40350000000035,137.8979999999865,103.778,1789797614.1996682,gps_back
105.14299999999639,137.84950000001118,103.777,1789797614.399668,gps_back
105.01249999999709,137.8365000000049,103.778,1789797614.4996681,gps_back
104.88250000000698,137.8125,103.776,1789797614.599668,gps_back
104.7609999999986,137.7884999999951,103.778,1789797614.699668,gps_back
104.6304999999993,137.77499999999418,103.778,1789797614.7996678,gps_back
104.51799999999639,137.75150000001304,103.778,1789797614.899668,gps_back
104.38749999999709,137.73850000000675,103.78,1789797614.999668,gps_back
104.26600000000326,137.72500000000582,103.782,1789797615.0996678,gps_back
104.14449999999488,137.70149999999558,103.783,1789797615.1996677,gps_back
104.02300000000105,137.6774999999907,103.788,1789797615.2996678,gps_back
103.89250000000175,137.66399999998976,103.791,1789797615.3996677,gps_back
103.76249999999709,137.64000000001397,103.791,1789797615.4996676,gps_back
103.61449999999604,137.61550000001444,103.791,1789797615.5996675,gps_back
103.48450000000594,137.59150000000955,103.794,1789797615.6996677,gps_back
103.34549999999581,137.56750000000466,103.793,1789797615.7996676,gps_back
103.20650000000023,137.55400000000373,103.792,1789797615.8996675,gps_back
103.05899999999383,137.5295000000042,103.794,1789797615.9996676,gps_back
102.7725000000064,137.48099999999977,103.801,1789797616.1996675,gps_back
102.63349999999627,137.45699999999488,103.806,1789797616.2996674,gps_back
102.48600000000442,137.43249999999534,103.808,1789797616.3996675,gps_back
102.33849999999802,137.4079999999958,103.808,1789797616.4996674,gps_back
102.19049999999697,137.38349999999627,103.812,1789797616.5996673,gps_back
102.04300000000512,137.35949999999139,103.811,1789797616.6996672,gps_back
101.89549999999872,137.33499999999185,103.813,1789797616.7996674,gps_back
101.75650000000314,137.32149999999092,103.812,1789797616.8996673,gps_back
101.61749999999302,137.29749999998603,103.812,1789797616.9996672,gps_back
101.47000000000116,137.2729999999865,103.81400000000001,1789797617.099667,gps_back
101.33100000000559,137.24849999998696,103.815,1789797617.1996672,gps_back
101.04450000000361,137.20000000001164,103.81700000000001,1789797617.399667,gps_back
100.91449999999895,137.16500000000815,103.81700000000001,1789797617.4996672,gps_back
100.77550000000338,137.14100000000326,103.819,1789797617.599667,gps_back
100.64549999999872,137.11699999999837,103.818,1789797617.699667,gps_back
100.51499999999942,137.09249999999884,103.818,1789797617.799667,gps_back
100.38499999999476,137.06849999999395,103.82000000000001,1789797617.899667,gps_back
100.25449999999546,137.05549999998766,103.822,1789797617.999667,gps_back
99.98500000000058,137.02900000000955,103.825,1789797618.1996667,gps_back
99.846000000005,137.02650000000722,103.82600000000001,1789797618.299667,gps_back
99.7155000000057,137.00250000000233,103.827,1789797618.3996668,gps_back
99.58550000000105,136.9780000000028,103.827,1789797618.4996667,gps_back
99.45500000000175,136.9649999999965,103.82900000000001,1789797618.5996666,gps_back
99.32499999999709,136.94099999999162,103.82900000000001,1789797618.6996667,gps_back
99.18600000000151,136.91649999999208,103.82900000000001,1789797618.7996666,gps_back
99.05599999999686,136.8924999999872,103.828,1789797618.8996665,gps_back
98.91700000000128,136.8685000000114,103.83,1789797618.9996667,gps_back
98.7780000000057,136.84400000001187,103.83,1789797619.0996666,gps_back
98.63899999999558,136.82000000000698,103.83,1789797619.1996665,gps_back
98.36100000000442,136.79300000000512,103.83500000000001,1789797619.3996665,gps_back
98.2219999999943,136.76900000000023,103.83500000000001,1789797619.4996665,gps_back
98.091499999995,136.7554999999993,103.833,1789797619.5996664,gps_back
97.96150000000489,136.7314999999944,103.836,1789797619.6996663,gps_back
97.83100000000559,136.71849999998813,103.834,1789797619.7996664,gps_back
97.70100000000093,136.69450000001234,103.83500000000001,1789797619.8996663,gps_back
97.5789999999979,136.68150000000605,103.837,1789797619.9996662,gps_back
97.44899999999325,136.65750000000116,103.83800000000001,1789797620.099666,gps_back
97.31849999999395,136.64400000000023,103.839,1789797620.1996663,gps_back
97.06699999999546,136.59599999999045,103.84,1789797620.399666,gps_back
96.93649999999616,136.58300000001327,103.839,1789797620.499666,gps_back
96.80599999999686,136.56950000001234,103.83800000000001,1789797620.599666,gps_back
96.67600000000675,136.54550000000745,103.839,1789797620.699666,gps_back
96.5460000000021,136.52150000000256,103.83800000000001,1789797620.799666,gps_back
96.40700000000652,136.49749999999767,103.843,1789797620.899666,gps_back
96.27650000000722,136.47299999999814,103.843,1789797620.999666,gps_back
96.14650000000256,136.45999999999185,103.85000000000001,1789797621.0996659,gps_back
96.01600000000326,136.43599999998696,103.851,1789797621.1996658,gps_back
95.8859999999986,136.41200000001118,103.854,1789797621.299666,gps_back
95.76450000000477,136.3880000000063,103.858,1789797621.3996658,gps_back
95.63400000000547,136.37450000000536,103.857,1789797621.4996657,gps_back
95.51249999999709,136.3509999999951,103.858,1789797621.5996656,gps_back
95.39100000000326,136.32699999999022,103.858,1789797621.6996658,gps_back
95.26050000000396,136.3134999999893,103.86,1789797621.7996657,gps_back
95.1304999999993,136.2895000000135,103.861,1789797621.8996656,gps_back
95.00049999999464,136.26550000000861,103.863,1789797621.9996655,gps_back
94.86999999999534,136.25250000000233,103.86200000000001,1789797622.0996656,gps_back
94.73949999999604,136.2390000000014,103.866,1789797622.1996655,gps_back
94.60950000000594,136.2149999999965,103.866,1789797622.2996655,gps_back
94.47900000000664,136.19099999999162,103.867,1789797622.3996656,gps_back
94.34900000000198,136.16699999998673,103.86800000000001,1789797622.4996655,gps_back
94.21899999999732,136.14300000001094,103.867,1789797622.5996654,gps_back
94.08000000000175,136.1185000000114,103.86800000000001,1789797622.6996653,gps_back
93.95799999999872,136.10550000000512,103.871,1789797622.7996655,gps_back
93.82799999999406,136.09249999999884,103.873,1789797622.8996654,gps_back
93.70600000000559,136.0789999999979,103.873,1789797622.9996653,gps_back
93.5844999999972,136.06599999999162,103.873,1789797623.0996652,gps_back
93.46300000000338,136.04250000001048,103.872,1789797623.1996653,gps_back
93.35000000000582,136.0295000000042,103.875,1789797623.2996652,gps_back
93.22849999999744,136.0054999999993,103.877,1789797623.399665,gps_back
93.11549999999988,135.9814999999944,103.878,1789797623.499665,gps_back
93.01149999999325,135.96900000001187,103.877,1789797623.5996652,gps_back
92.89849999999569,135.94500000000698,103.877,1789797623.699665,gps_back
92.79450000000361,135.93249999999534,103.88,1789797623.799665,gps_back
92.67250000000058,135.91949999998906,103.882,1789797623.8996649,gps_back
92.55100000000675,135.90650000001187,103.884,1789797623.999665,gps_back
92.30800000000454,135.8585000000021,103.885,1789797624.1996648,gps_back
92.19550000000163,135.8344999999972,103.886,1789797624.299665,gps_back
92.0734999999986,135.82149999999092,103.889,1789797624.3996649,gps_back
91.96099999999569,135.79800000000978,103.89,1789797624.4996648,gps_back
91.84799999999814,135.7740000000049,103.892,1789797624.5996647,gps_back
91.73549999999523,135.75049999999464,103.895,1789797624.6996648,gps_back
91.62249999999767,135.73749999998836,103.897,1789797624.7996647,gps_back
91.51799999999639,135.72500000000582,103.9,1789797624.8996646,gps_back
91.41400000000431,135.70100000000093,103.901,1789797624.9996645,gps_back
91.30950000000303,135.6884999999893,103.901,1789797625.0996647,gps_back
91.20549999999639,135.6755000000121,103.9,1789797625.1996646,gps_back
90.98850000000675,135.63899999999558,103.901,1789797625.3996644,gps_back
90.88450000000012,135.61550000001444,103.9,1789797625.4996645,gps_back
90.77150000000256,135.5920000000042,103.901,1789797625.5996644,gps_back
90.658500000005,135.5789999999979,103.904,1789797625.6996644,gps_back
90.5460000000021,135.55499999999302,103.903,1789797625.7996643,gps_back
90.43300000000454,135.54250000001048,103.905,1789797625.8996644,gps_back
90.32000000000698,135.5185000000056,103.905,1789797625.9996643,gps_back
90.20699999999488,135.5054999999993,103.907,1789797626.0996642,gps_back
90.09399999999732,135.49249999999302,103.908,1789797626.1996644,gps_back
89.87699999999313,135.4560000000056,103.91,1789797626.3996642,gps_back
89.77300000000105,135.43249999999534,103.91,1789797626.499664,gps_back
89.67750000000524,135.4200000000128,103.91,1789797626.5996642,gps_back
89.58199999999488,135.40750000000116,103.913,1789797626.699664,gps_back
89.4774999999936,135.39449999999488,103.916,1789797626.799664,gps_back
89.39049999999406,135.38250000000698,103.918,1789797626.899664,gps_back
89.28650000000198,135.3695000000007,103.921,1789797626.999664,gps_back
89.1820000000007,135.35699999998906,103.92,1789797627.099664,gps_back
89.06949999999779,135.33300000001327,103.923,1789797627.1996639,gps_back
88.96499999999651,135.32050000000163,103.921,1789797627.2996638,gps_back
88.86100000000442,135.29649999999674,103.922,1789797627.399664,gps_back
88.75650000000314,135.2840000000142,103.925,1789797627.4996638,gps_back
88.65249999999651,135.27100000000792,103.927,1789797627.5996637,gps_back
88.5570000000007,135.24749999999767,103.927,1789797627.6996636,gps_back
88.46150000000489,135.22450000001118,103.927,1789797627.7996638,gps_back
88.36599999999453,135.2115000000049,103.927,1789797627.8996637,gps_back
88.27049999999872,135.19899999999325,103.925,1789797627.9996636,gps_back
88.08849999999802,135.1634999999951,103.923,1789797628.1996636,gps_back
87.99300000000221,135.14000000001397,103.925,1789797628.2996635,gps_back
87.8975000000064,135.11650000000373,103.926,1789797628.3996634,gps_back
87.79349999999977,135.10349999999744,103.923,1789797628.4996636,gps_back
87.68949999999313,135.0799999999872,103.923,1789797628.5996635,gps_back
87.5850000000064,135.05650000000605,103.923,1789797628.6996634,gps_back
87.48099999999977,135.0329999999958,103.922,1789797628.7996633,gps_back
87.37699999999313,135.01999999998952,103.924,1789797628.8996634,gps_back
87.27300000000105,134.98550000000978,103.922,1789797628.9996634,gps_back
87.17799999999988,134.95149999999558,103.923,1789797629.0996633,gps_back
87.08250000000407,134.92800000001444,103.923,1789797629.1996632,gps_back
86.97849999999744,134.90400000000955,103.925,1789797629.2996633,gps_back
86.88300000000163,134.86999999999534,103.926,1789797629.3996632,gps_back
86.79649999999674,134.83600000001024,103.927,1789797629.499663,gps_back
86.70149999999558,134.8015000000014,103.925,1789797629.599663,gps_back
86.59750000000349,134.76699999999255,103.926,1789797629.6996632,gps_back
86.50250000000233,134.7325000000128,103.926,1789797629.799663,gps_back
86.40750000000116,134.6875,103.926,1789797629.899663,gps_back
86.30400000000373,134.64199999999255,103.926,1789797629.9996629,gps_back
86.09649999999965,134.5515000000014,103.928,1789797630.199663,gps_back
85.99300000000221,134.50599999999395,103.924,1789797630.2996628,gps_back
85.88899999999558,134.46100000001024,103.921,1789797630.399663,gps_back
85.78549999999814,134.4045000000042,103.92,1789797630.4996629,gps_back
85.67299999999523,134.35899999999674,103.921,1789797630.5996628,gps_back
85.56949999999779,134.31400000001304,103.92,1789797630.6996627,gps_back
85.46600000000035,134.25750000000698,103.918,1789797630.7996628,gps_back
85.36250000000291,134.20149999999558,103.921,1789797630.8996627,gps_back
85.25900000000547,134.15599999998813,103.919,1789797630.9996626,gps_back
85.15549999999348,134.10000000000582,103.916,1789797631.0996625,gps_back
85.0515000000014,134.05449999999837,103.915,1789797631.1996627,gps_back
84.94800000000396,133.99849999998696,103.916,1789797631.2996626,gps_back
84.85349999999744,133.94250000000466,103.917,1789797631.3996625,gps_back
84.75849999999627,133.88649999999325,103.916,1789797631.4996624,gps_back
84.67250000000058,133.83050000001094,103.919,1789797631.5996625,gps_back
84.59500000000116,133.78549999999814,103.921,1789797631.6996624,gps_back
84.51750000000175,133.73000000001048,103.92,1789797631.7996624,gps_back
84.36299999999756,133.6185000000114,103.919,1789797631.9996624,gps_back
84.21700000000419,133.50700000001234,103.922,1789797632.1996622,gps_back
84.07099999999627,133.39600000000792,103.923,1789797632.3996623,gps_back
83.90799999999581,133.26250000001164,103.923,1789797632.599662,gps_back
83.7274999999936,133.12899999998626,103.92,1789797632.799662,gps_back
83.63300000000163,133.05100000000675,103.919,1789797632.899662,gps_back
83.53849999999511,132.97349999999278,103.915,1789797632.999662,gps_back
83.341499999995,132.7960000000021,103.919,1789797633.199662,gps_back
83.1530000000057,132.61900000000605,103.915,1789797633.3996618,gps_back
82.98200000000361,132.44200000001,103.915,1789797633.5996618,gps_back
82.81100000000151,132.26500000001397,103.91,1789797633.7996616,gps_back
82.71700000000419,132.1765000000014,103.911,1789797633.8996618,gps_back
82.55449999999837,131.99950000000536,103.906,1789797634.0996616,gps_back
82.39250000000175,131.81200000000536,103.917,1789797634.2996616,gps_back
82.2390000000014,131.62450000000536,103.919,1789797634.4996614,gps_back
82.10349999999744,131.4155000000028,103.918,1789797634.6996615,gps_back
82.03549999999814,131.31649999998626,103.923,1789797634.7996614,gps_back
81.89999999999418,131.1075000000128,103.921,1789797634.9996614,gps_back
81.84100000000035,130.99799999999232,103.921,1789797635.0996614,gps_back
81.71400000000722,130.7895000000135,103.927,1789797635.2996612,gps_back
81.58749999999418,130.56950000001234,103.925,1789797635.4996612,gps_back
81.46950000000652,130.35050000000047,103.921,1789797635.699661,gps_back
81.3344999999972,130.1195000000007,103.921,1789797635.899661,gps_back
81.20750000000407,129.89999999999418,103.921,1789797636.0996609,gps_back
81.08999999999651,129.68049999998766,103.918,1789797636.299661,gps_back
80.98949999999604,129.4505000000063,103.916,1789797636.4996607,gps_back
80.94800000000396,129.34150000000955,103.918,1789797636.5996609,gps_back
80.85599999999977,129.11149999999907,103.915,1789797636.7996607,gps_back
80.76450000000477,128.87100000001374,103.913,1789797636.9996607,gps_back
80.66449999999895,128.63000000000466,103.909,1789797637.1996605,gps_back
80.58150000000023,128.39999999999418,103.905,1789797637.3996606,gps_back
80.5399999999936,128.27999999999884,103.906,1789797637.4996605,gps_back
80.45750000000407,128.0284999999858,103.905,1789797637.6996605,gps_back
80.375,127.77700000000186,103.9,1789797637.8996603,gps_back
80.33349999999336,127.65700000000652,103.899,1789797637.9996603,gps_back
80.29249999999593,127.53649999998743,103.897,1789797638.0996604,gps_back
80.24249999999302,127.40549999999348,103.897,1789797638.1996603,gps_back
80.20100000000093,127.28500000000349,103.896,1789797638.2996602,gps_back
80.1594999999943,127.16500000000815,103.895,1789797638.39966,gps_back
80.11849999999686,127.04449999998906,103.893,1789797638.4996603,gps_back
80.06849999999395,126.91349999999511,103.895,1789797638.5996602,gps_back
80.02700000000186,126.79300000000512,103.894,1789797638.69966,gps_back
79.98549999999523,126.67300000000978,103.892,1789797638.79966,gps_back
79.94449999999779,126.55249999999069,103.89,1789797638.89966,gps_back
79.9030000000057,126.4320000000007,103.89,1789797638.99966,gps_back
79.86149999999907,126.32300000000396,103.89,1789797639.09966,gps_back
79.82000000000698,126.20250000001397,103.887,1789797639.1996598,gps_back
79.77850000000035,126.08249999998952,103.886,1789797639.29966,gps_back
79.73699999999371,125.96199999999953,103.883,1789797639.3996599,gps_back
79.69599999999627,125.84200000000419,103.885,1789797639.4996598,gps_back
79.61299999999756,125.61199999999371,103.881,1789797639.6996598,gps_back
79.51249999999709,125.39300000001094,103.88,1789797639.8996596,gps_back
79.4210000000021,125.15249999999651,103.877,1789797640.0996597,gps_back
79.33800000000338,124.92249999998603,103.875,1789797640.2996595,gps_back
79.25500000000466,124.6820000000007,103.871,1789797640.4996595,gps_back
79.15499999999884,124.45199999999022,103.871,1789797640.6996593,gps_back
79.0454999999929,124.22200000000885,103.867,1789797640.8996594,gps_back
78.99550000000454,124.10149999998976,103.861,1789797640.9996593,gps_back
78.87750000000233,123.88200000001234,103.857,1789797641.1996593,gps_back
78.75999999999476,123.65200000000186,103.854,1789797641.3996592,gps_back
78.70100000000093,123.54199999998673,103.855,1789797641.499659,gps_back
78.6420000000071,123.43249999999534,103.854,1789797641.5996592,gps_back
78.58299999999872,123.31200000000536,103.852,1789797641.699659,gps_back
78.51549999999406,123.21299999998882,103.85300000000001,1789797641.799659,gps_back
78.45650000000023,123.1030000000028,103.849,1789797641.899659,gps_back
78.3975000000064,122.99350000001141,103.848,1789797641.999659,gps_back
78.33849999999802,122.88349999999627,103.846,1789797642.099659,gps_back
78.27049999999872,122.77400000000489,103.846,1789797642.1996589,gps_back
78.21150000000489,122.67499999998836,103.848,1789797642.2996588,gps_back
78.14400000000023,122.56500000000233,103.846,1789797642.399659,gps_back
78.0844999999972,122.4659999999858,103.84400000000001,1789797642.4996588,gps_back
78.0170000000071,122.35649999999441,103.842,1789797642.5996587,gps_back
77.94899999999325,122.24650000000838,103.842,1789797642.6996589,gps_back
77.88150000000314,122.14749999999185,103.84400000000001,1789797642.7996588,gps_back
77.81350000000384,122.03750000000582,103.84400000000001,1789797642.8996587,gps_back
77.74550000000454,121.93849999998929,103.84400000000001,1789797642.9996586,gps_back
77.67799999999988,121.83950000000186,103.84400000000001,1789797643.0996587,gps_back
77.60150000000431,121.74050000001444,103.845,1789797643.1996586,gps_back
77.4655000000057,121.54250000001048,103.842,1789797643.3996584,gps_back
77.32050000000163,121.36600000000908,103.842,1789797643.5996585,gps_back
77.24400000000605,121.26699999999255,103.84700000000001,1789797643.6996584,gps_back
77.1079999999929,121.09049999999115,103.846,1789797643.8996584,gps_back
76.96300000000338,120.90299999999115,103.84100000000001,1789797644.0996583,gps_back
76.81849999999395,120.72649999998976,103.842,1789797644.2996583,gps_back
76.67350000000442,120.54999999998836,103.842,1789797644.499658,gps_back
76.60550000000512,120.46199999999953,103.84400000000001,1789797644.599658,gps_back
76.52850000000035,120.37400000001071,103.84400000000001,1789797644.6996582,gps_back
76.45200000000477,120.28549999999814,103.845,1789797644.799658,gps_back
76.38349999999627,120.19750000000931,103.845,1789797644.899658,gps_back
76.3070000000007,120.10899999999674,103.843,1789797644.9996579,gps_back
76.15350000000035,119.93249999999534,103.842,1789797645.199658,gps_back
76.0,119.75599999999395,103.84100000000001,1789797645.3996577,gps_back
75.846000000005,119.58999999999651,103.83800000000001,1789797645.5996578,gps_back
75.76949999999488,119.50150000001304,103.83800000000001,1789797645.6996577,gps_back
75.69250000000466,119.41349999999511,103.839,1789797645.7996578,gps_back
75.62450000000536,119.32550000000629,103.836,1789797645.8996577,gps_back
75.54750000000058,119.24799999999232,103.84,1789797645.9996576,gps_back
75.39400000000023,119.07099999999627,103.846,1789797646.1996577,gps_back
75.24000000000524,118.91649999999208,103.84700000000001,1789797646.3996575,gps_back
75.16300000000047,118.82800000000861,103.84700000000001,1789797646.4996574,gps_back
75.07749999999942,118.73949999999604,103.849,1789797646.5996575,gps_back
75.00049999999464,118.66200000001118,103.851,1789797646.6996574,gps_back
74.92350000000442,118.5844999999972,103.849,1789797646.7996573,gps_back
74.8469999999943,118.49650000000838,103.849,1789797646.8996572,gps_back
74.77000000000407,118.41899999999441,103.852,1789797646.9996574,gps_back
74.68399999999383,118.34150000000955,103.852,1789797647.0996573,gps_back
74.60749999999825,118.25299999999697,103.854,1789797647.1996572,gps_back
74.52150000000256,118.17550000001211,103.852,1789797647.299657,gps_back
74.43600000000151,118.09799999999814,103.849,1789797647.3996572,gps_back
74.35899999999674,118.02050000001327,103.848,1789797647.4996572,gps_back
74.27349999999569,117.9429999999993,103.846,1789797647.599657,gps_back
74.1875,117.86499999999069,103.848,1789797647.699657,gps_back
74.10199999999895,117.78750000000582,103.85000000000001,1789797647.799657,gps_back
74.0164999999979,117.70999999999185,103.845,1789797647.899657,gps_back
73.93050000000221,117.63250000000698,103.848,1789797647.999657,gps_back
73.84500000000116,117.55499999999302,103.848,1789797648.0996568,gps_back
73.75900000000547,117.4770000000135,103.848,1789797648.199657,gps_back
73.58800000000338,117.32199999998556,103.849,1789797648.3996568,gps_back
73.41650000000664,117.16699999998673,103.848,1789797648.5996568,gps_back
73.33100000000559,117.08900000000722,103.848,1789797648.6996567,gps_back
73.24499999999534,117.01149999999325,103.84700000000001,1789797648.7996566,gps_back
73.15899999999965,116.94500000000698,103.84400000000001,1789797648.8996565,gps_back
73.0734999999986,116.86749999999302,103.84400000000001,1789797648.9996567,gps_back
72.98799999999756,116.7895000000135,103.845,1789797649.0996566,gps_back
72.90200000000186,116.71199999999953,103.845,1789797649.1996565,gps_back
72.80749999999534,116.64499999998952,103.84400000000001,1789797649.2996566,gps_back
72.7219999999943,116.56750000000466,103.846,1789797649.3996565,gps_back
72.6359999999986,116.50099999998929,103.848,1789797649.4996564,gps_back
72.54150000000664,116.43400000000838,103.849,1789797649.5996563,gps_back
72.45549999999639,116.36699999999837,103.84700000000001,1789797649.6996565,gps_back
72.36100000000442,116.2895000000135,103.85000000000001,1789797649.7996564,gps_back
72.2664999999979,116.22250000000349,103.85300000000001,1789797649.8996563,gps_back
72.18050000000221,116.15599999998813,103.85300000000001,1789797649.9996562,gps_back
72.09500000000116,116.08900000000722,103.854,1789797650.0996563,gps_back
72.0,116.0219999999972,103.85600000000001,1789797650.1996562,gps_back
71.91449999999895,115.95550000001094,103.858,1789797650.2996562,gps_back
71.81949999999779,115.88850000000093,103.86,1789797650.399656,gps_back
71.73399999999674,115.82199999998556,103.86200000000001,1789797650.4996562,gps_back
71.63899999999558,115.76600000000326,103.863,1789797650.599656,gps_back
71.55299999999988,115.69899999999325,103.864,1789797650.699656,gps_back
71.45849999999336,115.63200000001234,103.867,1789797650.799656,gps_back
71.37249999999767,115.56549999999697,103.867,1789797650.899656,gps_back
71.2780000000057,115.49849999998696,103.87,1789797650.999656,gps_back
71.18349999999919,115.44250000000466,103.872,1789797651.0996559,gps_back
71.09750000000349,115.37549999999464,103.871,1789797651.1996558,gps_back
71.00299999999697,115.30900000000838,103.874,1789797651.299656,gps_back
70.91700000000128,115.25299999999697,103.877,1789797651.3996558,gps_back
70.82200000000012,115.18599999998696,103.879,1789797651.4996557,gps_back
70.73600000000442,115.13000000000466,103.88,1789797651.5996556,gps_back
70.6414999999979,115.06349999998929,103.882,1789797651.6996558,gps_back
70.54700000000594,115.00750000000698,103.885,1789797651.7996557,gps_back
70.46050000000105,114.95149999999558,103.884,1789797651.8996556,gps_back
70.37450000000536,114.89550000001327,103.886,1789797651.9996555,gps_back
70.27999999999884,114.82850000000326,103.885,1789797652.0996556,gps_back
70.18499999999767,114.78349999999045,103.884,1789797652.1996555,gps_back
70.0905000000057,114.71650000000955,103.885,1789797652.2996554,gps_back
70.00449999999546,114.66049999999814,103.887,1789797652.3996553,gps_back
69.9094999999943,114.60449999998673,103.891,1789797652.4996555,gps_back
69.8234999999986,114.54899999999907,103.892,1789797652.5996554,gps_back
69.73699999999371,114.50399999998626,103.894,1789797652.6996553,gps_back
69.65099999999802,114.44800000000396,103.895,1789797652.7996554,gps_back
69.5734999999986,114.40299999999115,103.896,1789797652.8996553,gps_back
69.47900000000664,114.34700000000885,103.899,1789797652.9996552,gps_back
69.38400000000547,114.29099999999744,103.898,1789797653.0996552,gps_back
69.28900000000431,114.23499999998603,103.898,1789797653.1996553,gps_back
69.19449999999779,114.17900000000373,103.9,1789797653.2996552,gps_back
69.09100000000035,114.12249999999767,103.904,1789797653.399655,gps_back
68.99599999999919,114.07750000001397,103.907,1789797653.499655,gps_back
68.89250000000175,114.02150000000256,103.912,1789797653.5996552,gps_back
68.79750000000058,113.96549999999115,103.916,1789797653.699655,gps_back
68.70249999999942,113.9200000000128,103.917,1789797653.799655,gps_back
68.6079999999929,113.8640000000014,103.921,1789797653.8996549,gps_back
68.52150000000256,113.81899999998859,103.923,1789797653.999655,gps_back
68.43550000000687,113.77400000000489,103.926,1789797654.099655,gps_back
68.34900000000198,113.72899999999208,103.928,1789797654.1996548,gps_back
68.27150000000256,113.68400000000838,103.931,1789797654.2996547,gps_back
68.18550000000687,113.63899999999558,103.933,1789797654.3996549,gps_back
68.09900000000198,113.59400000001187,103.936,1789797654.4996548,gps_back
68.01249999999709,113.55999999999767,103.938,1789797654.5996547,gps_back
67.9265000000014,113.51500000001397,103.94200000000001,1789797654.6996546,gps_back
67.83150000000023,113.47000000000116,103.94500000000001,1789797654.7996547,gps_back
67.74499999999534,113.43549999999232,103.946,1789797654.8996546,gps_back
67.64999999999418,113.39050000000861,103.946,1789797654.9996545,gps_back
67.55499999999302,113.34549999999581,103.95,1789797655.0996544,gps_back
67.4600000000064,113.29999999998836,103.952,1789797655.1996546,gps_back
67.36500000000524,113.25500000000466,103.955,1789797655.2996545,gps_back
67.2609999999986,113.2094999999972,103.958,1789797655.3996544,gps_back
67.15750000000116,113.17499999998836,103.961,1789797655.4996543,gps_back
67.05400000000373,113.11900000000605,103.96300000000001,1789797655.5996544,gps_back
66.95849999999336,113.0844999999972,103.967,1789797655.6996543,gps_back
66.85499999999593,113.0395000000135,103.97,1789797655.7996542,gps_back
66.75149999999849,112.99400000000605,103.974,1789797655.8996542,gps_back
66.54399999999441,112.9034999999858,103.98100000000001,1789797656.0996542,gps_back
66.32749999999942,112.8234999999986,103.988,1789797656.299654,gps_back
66.12900000000081,112.74400000000605,103.99300000000001,1789797656.499654,gps_back
65.92999999999302,112.66399999998976,103.999,1789797656.699654,gps_back
65.73949999999604,112.59549999999581,104.006,1789797656.899654,gps_back
65.54099999999744,112.51600000000326,104.016,1789797657.099654,gps_back
65.341499999995,112.44699999998556,104.019,1789797657.2996538,gps_back
65.15099999999802,112.38949999999022,104.016,1789797657.4996538,gps_back
64.95200000000477,112.33150000000023,104.025,1789797657.6996536,gps_back
64.77000000000407,112.27400000000489,104.028,1789797657.8996537,gps_back
64.5795000000071,112.2159999999858,104.036,1789797658.0996535,gps_back
64.38899999999558,112.15849999999045,104.034,1789797658.2996535,gps_back
64.18949999999313,112.11149999999907,104.034,1789797658.4996533,gps_back
64.08550000000105,112.08749999999418,104.032,1789797658.5996532,gps_back
63.98149999999441,112.05350000000908,104.032,1789797658.6996534,gps_back
63.87750000000233,112.02950000000419,104.039,1789797658.7996533,gps_back
63.76499999999942,111.99499999999534,104.043,1789797658.8996532,gps_back
63.65200000000186,111.9715000000142,104.047,1789797658.999653,gps_back
63.53049999999348,111.94750000000931,104.05,1789797659.0996532,gps_back
63.29649999999674,111.88899999999558,104.053,1789797659.299653,gps_back
63.0625,111.83050000001094,104.063,1789797659.499653,gps_back
62.82799999999406,111.78250000000116,104.074,1789797659.699653,gps_back
62.6024999999936,111.74600000001374,104.07900000000001,1789797659.899653,gps_back
62.48949999999604,111.72200000000885,104.078,1789797659.9996529,gps_back
62.25500000000466,111.69649999999092,104.077,1789797660.1996527,gps_back
62.02049999999872,111.65950000000885,104.068,1789797660.3996527,gps_back
61.78599999999278,111.63349999999627,104.06400000000001,1789797660.5996525,gps_back
61.67299999999523,111.60949999999139,104.065,1789797660.6996527,gps_back
61.43850000000384,111.58400000000256,104.068,1789797660.8996525,gps_back
61.21249999999418,111.55799999998999,104.065,1789797661.0996525,gps_back
60.99499999999534,111.54300000000512,104.069,1789797661.2996523,gps_back
60.89100000000326,111.53049999999348,104.06700000000001,1789797661.3996525,gps_back
60.78650000000198,111.5284999999858,104.065,1789797661.4996524,gps_back
60.69100000000617,111.51600000000326,104.063,1789797661.5996523,gps_back
60.58650000000489,111.50349999999162,104.061,1789797661.6996522,gps_back
60.47349999999278,111.50099999998929,104.059,1789797661.7996523,gps_back
60.36000000000058,111.49900000001071,104.057,1789797661.8996522,gps_back
60.24700000000303,111.48649999999907,104.054,1789797661.9996521,gps_back
60.125499999994645,111.48399999999674,104.053,1789797662.099652,gps_back
60.012000000002445,111.48199999998906,104.051,1789797662.1996522,gps_back
59.89049999999406,111.46900000001187,104.056,1789797662.299652,gps_back
59.77749999999651,111.46700000000419,104.057,1789797662.399652,gps_back
59.66400000000431,111.46499999999651,104.059,1789797662.499652,gps_back
59.542499999995925,111.46299999998882,104.057,1789797662.599652,gps_back
59.429000000003725,111.4604999999865,104.057,1789797662.699652,gps_back
59.31600000000617,111.45850000000792,104.056,1789797662.7996519,gps_back
59.19400000000314,111.45650000000023,104.053,1789797662.8996518,gps_back
59.08100000000559,111.45449999999255,104.05,1789797662.999652,gps_back
58.95900000000256,111.45250000001397,104.047,1789797663.0996518,gps_back
58.846000000005006,111.45000000001164,104.048,1789797663.1996517,gps_back
58.732499999998254,111.45900000000256,104.041,1789797663.2996516,gps_back
58.61049999999523,111.45699999999488,104.039,1789797663.3996518,gps_back
58.48850000000675,111.45449999999255,104.04,1789797663.4996517,gps_back
58.375499999994645,111.46350000001257,104.037,1789797663.5996516,gps_back
58.25350000000617,111.46150000000489,104.038,1789797663.6996515,gps_back
58.13999999999942,111.47000000000116,104.039,1789797663.7996516,gps_back
58.02700000000186,111.46799999999348,104.037,1789797663.8996515,gps_back
57.92250000000058,111.4770000000135,104.039,1789797663.9996514,gps_back
57.80899999999383,111.48600000000442,104.035,1789797664.0996516,gps_back
57.69550000000163,111.4945000000007,104.032,1789797664.1996515,gps_back
57.4774999999936,111.51250000001164,104.029,1789797664.3996513,gps_back
57.37300000000687,111.52150000000256,104.031,1789797664.4996514,gps_back
57.26799999999639,111.53049999999348,104.029,1789797664.5996513,gps_back
57.16349999999511,111.5395000000135,104.03,1789797664.6996512,gps_back
57.058499999999185,111.55950000000303,104.028,1789797664.7996511,gps_back
56.953999999997905,111.56849999999395,104.03,1789797664.8996513,gps_back
56.8579999999929,111.57750000001397,104.031,1789797664.9996512,gps_back
56.75350000000617,111.58650000000489,104.031,1789797665.099651,gps_back
56.657500000001164,111.59549999999581,104.031,1789797665.199651,gps_back
56.54399999999441,111.61550000001444,104.031,1789797665.2996511,gps_back
56.43899999999849,111.62400000001071,104.032,1789797665.399651,gps_back
56.334499999997206,111.64400000000023,104.033,1789797665.499651,gps_back
56.22950000000128,111.66399999998976,104.033,1789797665.5996509,gps_back
56.124500000005355,111.68400000000838,104.029,1789797665.699651,gps_back
56.020000000004075,111.6929999999993,104.033,1789797665.799651,gps_back
55.9149999999936,111.71249999999418,104.035,1789797665.8996508,gps_back
55.81050000000687,111.7325000000128,104.039,1789797665.9996507,gps_back
55.70549999999639,111.75250000000233,104.045,1789797666.0996509,gps_back
55.600500000000466,111.7719999999972,104.054,1789797666.1996508,gps_back
55.486999999993714,111.80249999999069,104.054,1789797666.2996507,gps_back
55.38199999999779,111.82250000000931,104.055,1789797666.3996506,gps_back
55.17200000000594,111.87299999999232,104.054,1789797666.5996506,gps_back
55.06699999999546,111.90400000000955,104.051,1789797666.6996505,gps_back
54.961999999999534,111.92350000000442,104.051,1789797666.7996504,gps_back
54.85700000000361,111.95449999999255,104.05,1789797666.8996506,gps_back
54.75199999999313,111.97399999998743,104.054,1789797666.9996505,gps_back
54.646999999997206,112.00500000000466,104.053,1789797667.0996504,gps_back
54.55100000000675,112.03599999999278,104.053,1789797667.1996505,gps_back
54.437000000005355,112.06649999998626,104.054,1789797667.2996504,gps_back
54.33199999999488,112.09700000000885,104.05,1789797667.3996503,gps_back
54.22699999999895,112.13850000000093,104.055,1789797667.4996502,gps_back
54.112999999997555,112.16899999999441,104.055,1789797667.5996504,gps_back
54.00800000000163,112.20000000001164,104.057,1789797667.6996503,gps_back
53.90249999999651,112.24150000000373,104.054,1789797667.7996502,gps_back
53.79750000000058,112.29399999999441,104.055,1789797667.89965,gps_back
53.69199999999546,112.3354999999865,104.05,1789797667.9996502,gps_back
53.586999999999534,112.37700000000768,104.053,1789797668.0996501,gps_back
53.49000000000524,112.42949999999837,104.055,1789797668.19965,gps_back
53.38499999999476,112.47099999999045,104.056,1789797668.29965,gps_back
53.27950000000419,112.51250000001164,104.06,1789797668.39965,gps_back
53.18300000000454,112.56549999999697,104.062,1789797668.49965,gps_back
53.08599999999569,112.60699999998906,104.062,1789797668.59965,gps_back
52.99800000000687,112.66000000000349,104.065,1789797668.6996498,gps_back
52.90150000000722,112.71249999999418,104.065,1789797668.79965,gps_back
52.80449999999837,112.76500000001397,104.06400000000001,1789797668.8996499,gps_back
52.70799999999872,112.81750000000466,104.06400000000001,1789797668.9996498,gps_back
52.61149999999907,112.86999999999534,104.061,1789797669.0996497,gps_back
52.51450000000477,112.92249999998603,104.062,1789797669.1996498,gps_back
52.417499999995925,112.98600000000442,104.056,1789797669.2996497,gps_back
52.320999999996275,113.03849999999511,104.056,1789797669.3996496,gps_back
52.22400000000198,113.09150000000955,104.058,1789797669.4996495,gps_back
52.12750000000233,113.14400000000023,104.057,1789797669.5996497,gps_back
52.03900000000431,113.20749999998952,104.057,1789797669.6996496,gps_back
51.94250000000466,113.26000000000931,104.059,1789797669.7996495,gps_back
51.84549999999581,113.3125,104.058,1789797669.8996496,gps_back
51.74899999999616,113.37599999998929,104.06,1789797669.9996495,gps_back
51.65200000000186,113.41800000000512,104.063,1789797670.0996494,gps_back
51.55550000000221,113.47049999999581,104.062,1789797670.1996493,gps_back
51.467499999998836,113.51250000001164,104.06400000000001,1789797670.2996495,gps_back
51.370999999999185,113.56500000000233,104.066,1789797670.3996494,gps_back
51.27400000000489,113.61749999999302,104.071,1789797670.4996493,gps_back
51.17750000000524,113.6700000000128,104.068,1789797670.5996492,gps_back
51.08100000000559,113.71199999999953,104.069,1789797670.6996493,gps_back
50.98399999999674,113.76449999999022,104.07000000000001,1789797670.7996492,gps_back
50.88749999999709,113.81700000001001,104.07000000000001,1789797670.8996491,gps_back
50.799499999993714,113.85899999999674,104.071,1789797670.999649,gps_back
50.70299999999406,113.90049999998882,104.071,1789797671.0996492,gps_back
50.60649999999441,113.94250000000466,104.069,1789797671.199649,gps_back
50.51900000000023,113.97349999999278,104.068,1789797671.299649,gps_back
50.42250000000058,114.01500000001397,104.07000000000001,1789797671.399649,gps_back
50.32600000000093,114.0460000000021,104.068,1789797671.499649,gps_back
50.237999999997555,114.08799999998882,104.069,1789797671.599649,gps_back
50.1420000000071,114.11850000001141,104.07000000000001,1789797671.6996489,gps_back
50.03650000000198,114.14949999999953,104.07300000000001,1789797671.7996488,gps_back
49.94899999999325,114.19149999998626,104.07300000000001,1789797671.899649,gps_back
49.8524999999936,114.23300000000745,104.075,1789797671.9996488,gps_back
49.74700000000303,114.27449999999953,104.074,1789797672.0996487,gps_back
49.650500000003376,114.31649999998626,104.078,1789797672.1996486,gps_back
49.544999999998254,114.36850000001141,104.084,1789797672.2996488,gps_back
49.44000000000233,114.39949999999953,104.086,1789797672.3996487,gps_back
49.34350000000268,114.45199999999022,104.087,1789797672.4996486,gps_back
49.237999999997555,114.49350000001141,104.089,1789797672.5996487,gps_back
49.141499999997905,114.5460000000021,104.09,1789797672.6996486,gps_back
49.04450000000361,114.59899999998743,104.09100000000001,1789797672.7996485,gps_back
48.93949999999313,114.64050000000861,104.09,1789797672.8996484,gps_back
48.842499999998836,114.7039999999979,104.09,1789797672.9996486,gps_back
48.736999999993714,114.74549999998999,104.093,1789797673.0996485,gps_back
48.64049999999406,114.79800000000978,104.092,1789797673.1996484,gps_back
48.53500000000349,114.85050000000047,104.093,1789797673.2996483,gps_back
48.43850000000384,114.90299999999115,104.095,1789797673.3996484,gps_back
48.33299999999872,114.95550000001094,104.095,1789797673.4996483,gps_back
48.24499999999534,115.00800000000163,104.099,1789797673.5996482,gps_back
48.14800000000105,115.07149999999092,104.099,1789797673.6996481,gps_back
48.05100000000675,115.13500000000931,104.10000000000001,1789797673.7996483,gps_back
47.953999999997905,115.1984999999986,104.10000000000001,1789797673.8996482,gps_back
47.86599999999453,115.26199999998789,104.102,1789797673.999648,gps_back
47.76900000000023,115.32550000000629,104.104,1789797674.099648,gps_back
47.67200000000594,115.37799999999697,104.108,1789797674.1996481,gps_back
47.58400000000256,115.44149999998626,104.108,1789797674.299648,gps_back
47.21349999999802,115.69599999999627,104.117,1789797674.699648,gps_back
47.125499999994645,115.75949999998556,104.125,1789797674.7996478,gps_back
47.03750000000582,115.81200000000536,104.127,1789797674.899648,gps_back
46.94899999999325,115.87599999998929,104.132,1789797674.9996479,gps_back
46.8695000000007,115.92850000000908,104.13,1789797675.0996478,gps_back
46.78149999999732,115.99249999999302,104.133,1789797675.1996477,gps_back
46.68450000000303,116.05600000001141,104.137,1789797675.2996478,gps_back
46.59649999999965,116.1195000000007,104.138,1789797675.3996477,gps_back
46.50800000000163,116.19399999998859,104.138,1789797675.4996476,gps_back
46.41099999999278,116.25750000000698,104.141,1789797675.5996475,gps_back
46.32249999999476,116.33199999999488,104.145,1789797675.6996477,gps_back
46.23399999999674,116.40599999998813,104.147,1789797675.7996476,gps_back
46.14549999999872,116.48050000000512,104.149,1789797675.8996475,gps_back
46.04899999999907,116.54399999999441,104.152,1789797675.9996474,gps_back
45.96950000000652,116.60800000000745,104.153,1789797676.0996475,gps_back
45.88950000000477,116.68249999999534,104.152,1789797676.1996474,gps_back
45.8015000000014,116.74600000001374,104.153,1789797676.2996473,gps_back
45.721999999994296,116.80999999999767,104.157,1789797676.3996472,gps_back
45.6420000000071,116.88449999998556,104.157,1789797676.4996474,gps_back
45.57150000000547,116.9484999999986,104.16,1789797676.5996473,gps_back
45.491500000003725,117.0229999999865,104.163,1789797676.6996472,gps_back
45.4204999999929,117.08699999999953,104.165,1789797676.7996473,gps_back
45.34100000000035,117.16149999998743,104.168,1789797676.8996472,gps_back
45.27049999999872,117.21450000000186,104.166,1789797676.9996471,gps_back
45.199500000002445,117.2784999999858,104.166,1789797677.099647,gps_back
45.11999999999534,117.34249999999884,104.168,1789797677.1996472,gps_back
45.049499999993714,117.40650000001187,104.169,1789797677.299647,gps_back
44.97849999999744,117.4594999999972,104.165,1789797677.399647,gps_back
44.90799999999581,117.52350000001024,104.164,1789797677.499647,gps_back
44.836999999999534,117.59799999999814,104.164,1789797677.599647,gps_back
44.76600000000326,117.66200000001118,104.163,1789797677.699647,gps_back
44.695000000006985,117.72599999999511,104.167,1789797677.7996469,gps_back
44.624500000005355,117.79000000000815,104.169,1789797677.8996468,gps_back
44.55349999999453,117.86449999999604,104.171,1789797677.999647,gps_back
44.482499999998254,117.92850000000908,104.176,1789797678.0996468,gps_back
44.41150000000198,117.99249999999302,104.173,1789797678.1996467,gps_back
44.34100000000035,118.05650000000605,104.174,1789797678.2996466,gps_back
44.270000000004075,118.13099999999395,104.173,1789797678.3996468,gps_back
44.19899999999325,118.19500000000698,104.177,1789797678.4996467,gps_back
44.1195000000007,118.25899999999092,104.176,1789797678.5996466,gps_back
44.05749999999534,118.32300000000396,104.178,1789797678.6996465,gps_back
43.978000000002794,118.38649999999325,104.178,1789797678.7996466,gps_back
43.90700000000652,118.46150000000489,104.179,1789797678.8996465,gps_back
43.845000000001164,118.52549999998882,104.181,1789797678.9996464,gps_back
43.77400000000489,118.60050000000047,104.18,1789797679.0996466,gps_back
43.70299999999406,118.67499999998836,104.179,1789797679.1996465,gps_back
43.63199999999779,118.7390000000014,104.182,1789797679.2996464,gps_back
43.56949999999779,118.81400000001304,104.184,1789797679.3996463,gps_back
43.49850000000151,118.88850000000093,104.184,1789797679.4996464,gps_back
43.427999999999884,118.95250000001397,104.185,1789797679.5996463,gps_back
43.35700000000361,119.02749999999651,104.187,1789797679.6996462,gps_back
43.28599999999278,119.1020000000135,104.18900000000001,1789797679.7996461,gps_back
43.22349999999278,119.17699999999604,104.19,1789797679.8996463,gps_back
43.15249999999651,119.25200000000768,104.187,1789797679.9996462,gps_back
43.08999999999651,119.32699999999022,104.187,1789797680.099646,gps_back
43.01949999999488,119.39100000000326,104.187,1789797680.199646,gps_back
42.95699999999488,119.47649999998976,104.185,1789797680.2996461,gps_back
42.8859999999986,119.5515000000014,104.187,1789797680.399646,gps_back
42.8234999999986,119.62650000001304,104.187,1789797680.499646,gps_back
42.7609999999986,119.70100000000093,104.187,1789797680.5996459,gps_back
42.69899999999325,119.77600000001257,104.191,1789797680.699646,gps_back
42.63649999999325,119.86199999999371,104.2,1789797680.799646,gps_back
42.58299999999872,119.93700000000536,104.202,1789797680.8996458,gps_back
42.52049999999872,120.0229999999865,104.206,1789797680.999646,gps_back
42.45799999999872,120.09799999999814,104.202,1789797681.0996459,gps_back
42.40450000000419,120.17300000000978,104.2,1789797681.1996458,gps_back
42.34200000000419,120.24799999999232,104.20100000000001,1789797681.2996457,gps_back
42.27950000000419,120.33350000000792,104.20100000000001,1789797681.3996458,gps_back
42.22599999999511,120.40849999999045,104.20100000000001,1789797681.4996457,gps_back
42.11000000000058,120.56950000001234,104.20100000000001,1789797681.6996455,gps_back
42.05599999999686,120.65549999999348,104.199,1789797681.7996457,gps_back
42.00250000000233,120.74150000000373,104.20100000000001,1789797681.8996456,gps_back
41.9484999999986,120.81649999998626,104.20400000000001,1789797681.9996455,gps_back
41.8859999999986,120.90249999999651,104.208,1789797682.0996454,gps_back
41.832500000004075,120.97750000000815,104.209,1789797682.1996455,gps_back
41.778999999994994,121.06349999998929,104.214,1789797682.2996454,gps_back
41.72500000000582,121.14949999999953,104.214,1789797682.3996453,gps_back
41.67149999999674,121.22450000001118,104.214,1789797682.4996452,gps_back
41.617499999993015,121.31049999999232,104.21300000000001,1789797682.5996454,gps_back
41.56399999999849,121.39650000000256,104.217,1789797682.6996453,gps_back
41.50999999999476,121.4715000000142,104.217,1789797682.7996452,gps_back
41.46499999999651,121.55749999999534,104.217,1789797682.8996453,gps_back
41.41150000000198,121.64350000000559,104.217,1789797682.9996452,gps_back
41.357499999998254,121.72949999998673,104.22,1789797683.0996451,gps_back
41.3125,121.80499999999302,104.22200000000001,1789797683.199645,gps_back
41.267500000001746,121.89100000000326,104.22500000000001,1789797683.2996452,gps_back
41.21400000000722,121.9659999999858,104.226,1789797683.399645,gps_back
41.16899999999441,122.04149999999208,104.23,1789797683.499645,gps_back
41.12399999999616,122.11650000000373,104.229,1789797683.599645,gps_back
41.0795000000071,122.18100000001141,104.23,1789797683.699645,gps_back
41.02599999999802,122.25599999999395,104.232,1789797683.799645,gps_back
40.98099999999977,122.32050000000163,104.235,1789797683.8996449,gps_back
40.945000000006985,122.38500000000931,104.23400000000001,1789797683.9996448,gps_back
40.8920000000071,122.44899999999325,104.238,1789797684.099645,gps_back
40.846999999994296,122.51350000000093,104.24000000000001,1789797684.1996448,gps_back
40.80199999999604,122.58900000000722,104.24300000000001,1789797684.2996447,gps_back
40.757500000006985,122.65299999999115,104.24300000000001,1789797684.3996446,gps_back
40.580000000001746,122.84549999999581,104.251,1789797684.6996446,gps_back
40.52650000000722,122.91000000000349,104.25,1789797684.7996447,gps_back
40.46450000000186,122.96299999998882,104.251,1789797684.8996446,gps_back
40.41099999999278,123.03800000000047,104.255,1789797684.9996445,gps_back
40.357499999998254,123.10250000000815,104.255,1789797685.0996444,gps_back
40.304000000003725,123.16649999999208,104.257,1789797685.1996446,gps_back
40.250499999994645,123.24150000000373,104.26,1789797685.2996445,gps_back
40.197000000000116,123.31700000001001,104.258,1789797685.3996444,gps_back
40.14350000000559,123.39199999999255,104.261,1789797685.4996443,gps_back
40.08100000000559,123.46700000000419,104.268,1789797685.5996444,gps_back
40.00999999999476,123.54149999999208,104.266,1789797685.6996443,gps_back
39.94749999999476,123.61650000000373,104.265,1789797685.7996442,gps_back
39.87699999999313,123.68049999998766,104.264,1789797685.8996441,gps_back
39.81449999999313,123.7554999999993,104.267,1789797685.9996443,gps_back
39.75250000000233,123.81950000001234,104.27,1789797686.0996442,gps_back
39.69000000000233,123.89449999999488,104.269,1789797686.199644,gps_back
39.62799999999697,123.96950000000652,104.274,1789797686.299644,gps_back
39.56600000000617,124.03349999999045,104.276,1789797686.3996441,gps_back
39.50350000000617,124.1085000000021,104.28,1789797686.499644,gps_back
39.43249999999534,124.18299999998999,104.284,1789797686.599644,gps_back
39.37050000000454,124.24700000000303,104.288,1789797686.699644,gps_back
39.30800000000454,124.32199999998556,104.292,1789797686.799644,gps_back
39.236999999993714,124.3969999999972,104.298,1789797686.899644,gps_back
39.16599999999744,124.46100000001024,104.304,1789797686.9996438,gps_back
39.095000000001164,124.53549999999814,104.309,1789797687.099644,gps_back
39.01549999999406,124.59950000001118,104.308,1789797687.1996439,gps_back
38.945000000006985,124.65249999999651,104.312,1789797687.2996438,gps_back
38.865499999999884,124.7159999999858,104.308,1789797687.3996437,gps_back
38.794999999998254,124.76949999999488,104.303,1789797687.4996438,gps_back
38.715500000005704,124.83300000001327,104.301,1789797687.5996437,gps_back
38.645000000004075,124.8859999999986,104.304,1789797687.6996436,gps_back
38.57399999999325,124.93900000001304,104.303,1789797687.7996435,gps_back
38.4945000000007,125.00299999999697,104.304,1789797687.8996437,gps_back
38.415500000002794,125.05600000001141,104.304,1789797687.9996436,gps_back
38.33599999999569,125.1085000000021,104.303,1789797688.0996435,gps_back
38.25650000000314,125.17249999998603,104.306,1789797688.1996434,gps_back
38.17699999999604,125.22550000000047,104.304,1789797688.2996435,gps_back
38.09799999999814,125.2784999999858,104.303,1789797688.3996434,gps_back
38.01850000000559,125.33100000000559,104.303,1789797688.4996433,gps_back
37.93899999999849,125.39499999998952,104.305,1789797688.5996435,gps_back
37.86849999999686,125.43700000000536,104.305,1789797688.6996434,gps_back
37.78949999999895,125.47899999999208,104.307,1789797688.7996433,gps_back
37.7100000000064,125.53200000000652,104.31,1789797688.8996432,gps_back
37.630999999993946,125.57399999999325,104.309,1789797688.9996433,gps_back
37.55199999999604,125.61600000000908,104.308,1789797689.0996432,gps_back
37.46400000000722,125.65799999999581,104.309,1789797689.1996431,gps_back
37.37649999999849,125.68900000001304,104.313,1789797689.299643,gps_back
37.29700000000594,125.73099999999977,104.31700000000001,1789797689.3996432,gps_back
37.209499999997206,125.7729999999865,104.316,1789797689.499643,gps_back
37.12149999999383,125.82550000000629,104.315,1789797689.599643,gps_back
37.02499999999418,125.86749999999302,104.316,1789797689.699643,gps_back
36.91950000000361,125.9200000000128,104.315,1789797689.799643,gps_back
36.82300000000396,125.96150000000489,104.32000000000001,1789797689.899643,gps_back
36.708499999993364,126.01399999999558,104.316,1789797689.9996428,gps_back
36.59450000000652,126.05549999998766,104.325,1789797690.099643,gps_back
36.48050000000512,126.1075000000128,104.331,1789797690.199643,gps_back
35.96400000000722,126.26149999999325,104.328,1789797690.5996428,gps_back
35.832500000004075,126.30249999999069,104.333,1789797690.6996427,gps_back
35.7100000000064,126.33249999998952,104.33800000000001,1789797690.7996426,gps_back
35.578999999997905,126.36300000001211,104.33800000000001,1789797690.8996427,gps_back
35.45650000000023,126.39350000000559,104.34,1789797690.9996426,gps_back
35.325500000006286,126.42350000000442,104.34,1789797691.0996425,gps_back
35.19400000000314,126.4539999999979,104.336,1789797691.1996424,gps_back
35.07150000000547,126.49499999999534,104.34400000000001,1789797691.2996426,gps_back
34.94000000000233,126.53599999999278,104.34700000000001,1789797691.3996425,gps_back
34.80899999999383,126.56649999998626,104.354,1789797691.4996424,gps_back
34.66899999999441,126.5965000000142,104.354,1789797691.5996425,gps_back
34.538000000000466,126.61600000000908,104.361,1789797691.6996424,gps_back
34.39849999999569,126.62450000000536,104.361,1789797691.7996423,gps_back
34.25900000000547,126.64350000000559,104.36200000000001,1789797691.8996422,gps_back
34.1195000000007,126.65200000000186,104.369,1789797691.9996424,gps_back
33.98050000000512,126.64949999999953,104.369,1789797692.0996423,gps_back
33.84100000000035,126.65750000000116,104.377,1789797692.1996422,gps_back
33.71850000000268,126.66649999999208,104.378,1789797692.299642,gps_back
33.578999999997905,126.68549999999232,104.376,1789797692.3996422,gps_back
33.43949999999313,126.68299999998999,104.384,1789797692.4996421,gps_back
33.31750000000466,126.70250000001397,104.38,1789797692.599642,gps_back
33.19550000000163,126.71150000000489,104.381,1789797692.699642,gps_back
33.0734999999986,126.70900000000256,104.377,1789797692.799642,gps_back
32.9429999999993,126.70650000000023,104.375,1789797692.899642,gps_back
32.820999999996275,126.70449999999255,104.373,1789797692.999642,gps_back
32.6820000000007,126.70199999999022,104.375,1789797693.0996418,gps_back
32.5515000000014,126.67800000001444,104.381,1789797693.199642,gps_back
32.41250000000582,126.67550000001211,104.38,1789797693.2996418,gps_back
32.28200000000652,126.65150000000722,104.383,1789797693.3996418,gps_back
32.14299999999639,126.63800000000629,104.381,1789797693.499642,gps_back
32.013000000006286,126.6140000000014,104.383,1789797693.5996418,gps_back
31.882500000006985,126.60050000000047,104.385,1789797693.6996417,gps_back
31.75199999999313,126.59849999999278,104.386,1789797693.7996416,gps_back
31.62149999999383,126.58499999999185,104.393,1789797693.8996418,gps_back
31.49099999999453,126.57199999998556,104.393,1789797693.9996417,gps_back
31.3695000000007,126.55900000000838,104.39,1789797694.0996416,gps_back
31.24749999999767,126.5460000000021,104.39,1789797694.1996415,gps_back
31.117499999993015,126.5219999999972,104.39,1789797694.2996416,gps_back
31.005000000004657,126.48699999999371,104.387,1789797694.3996415,gps_back
30.883499999996275,126.47399999998743,104.383,1789797694.4996414,gps_back
30.77049999999872,126.45050000000629,104.383,1789797694.5996413,gps_back
30.657500000001164,126.4265000000014,104.389,1789797694.6996415,gps_back
30.544999999998254,126.40299999999115,104.39,1789797694.7996414,gps_back
30.4320000000007,126.37899999998626,104.391,1789797694.8996413,gps_back
30.319000000003143,126.36600000000908,104.397,1789797694.9996414,gps_back
30.19749999999476,126.3530000000028,104.399,1789797695.0996413,gps_back
30.084499999997206,126.32949999999255,104.402,1789797695.1996412,gps_back
29.97149999999965,126.31649999998626,104.404,1789797695.2996411,gps_back
29.858500000002095,126.30350000000908,104.399,1789797695.3996413,gps_back
29.745999999999185,126.2905000000028,104.402,1789797695.4996412,gps_back
29.63300000000163,126.26699999999255,104.406,1789797695.599641,gps_back
29.511499999993248,126.25399999998626,104.407,1789797695.699641,gps_back
29.398499999995693,126.23000000001048,104.41,1789797695.7996411,gps_back
29.277000000001863,126.21700000000419,104.413,1789797695.899641,gps_back
29.15549999999348,126.1929999999993,104.412,1789797695.999641,gps_back
29.02499999999418,126.17999999999302,104.415,1789797696.0996408,gps_back
28.90350000000035,126.15599999998813,104.413,1789797696.199641,gps_back
28.773000000001048,126.14300000001094,104.416,1789797696.299641,gps_back
28.63400000000547,126.11850000001141,104.419,1789797696.3996408,gps_back
28.494999999995343,126.10500000001048,104.423,1789797696.4996407,gps_back
28.36500000000524,126.08100000000559,104.428,1789797696.5996408,gps_back
28.22599999999511,126.0679999999993,104.429,1789797696.6996408,gps_back
28.09549999999581,126.04349999999977,104.43,1789797696.7996407,gps_back
27.965500000005704,126.01949999999488,104.433,1789797696.8996408,gps_back
27.843999999997322,126.00649999998859,104.432,1789797696.9996407,gps_back
27.71349999999802,125.9825000000128,104.434,1789797697.0996406,gps_back
27.59200000000419,125.95850000000792,104.44,1789797697.1996405,gps_back
27.47049999999581,125.93450000000303,104.441,1789797697.2996407,gps_back
27.34900000000198,125.92149999999674,104.44,1789797697.3996406,gps_back
27.227499999993597,125.89749999999185,104.443,1789797697.4996405,gps_back
27.105999999999767,125.87400000001071,104.443,1789797697.5996404,gps_back
26.984500000005937,125.85000000000582,104.447,1789797697.6996405,gps_back
26.862999999997555,125.82600000000093,104.45,1789797697.7996404,gps_back
26.741500000003725,125.80199999999604,104.455,1789797697.8996403,gps_back
26.619999999995343,125.78899999998976,104.459,1789797697.9996402,gps_back
26.506999999997788,125.76500000001397,104.461,1789797698.0996404,gps_back
26.394000000000233,125.74150000000373,104.464,1789797698.1996403,gps_back
26.273000000001048,125.71749999999884,104.464,1789797698.2996402,gps_back
26.168499999999767,125.7049999999872,104.462,1789797698.3996403,gps_back
26.055500000002212,125.68100000001141,104.465,1789797698.4996402,gps_back
25.951499999995576,125.66849999999977,104.46300000000001,1789797698.5996401,gps_back
25.846999999994296,125.65549999999348,104.467,1789797698.69964,gps_back
25.743000000002212,125.64300000001094,104.471,1789797698.7996402,gps_back
25.63850000000093,125.63000000000466,104.473,1789797698.89964,gps_back
25.543499999999767,125.60649999999441,104.476,1789797698.99964,gps_back
25.44749999999476,125.59400000001187,104.473,1789797699.09964,gps_back
25.343500000002678,125.58150000000023,104.47200000000001,1789797699.19964,gps_back
25.239000000001397,125.56849999999395,104.473,1789797699.29964,gps_back
25.143500000005588,125.56700000001001,104.47200000000001,1789797699.3996398,gps_back
25.039499999998952,125.54300000000512,104.473,1789797699.4996397,gps_back
24.926000000006752,125.54099999999744,104.46900000000001,1789797699.59964,gps_back
24.822000000000116,125.5284999999858,104.47200000000001,1789797699.6996398,gps_back
24.717499999998836,125.52650000000722,104.473,1789797699.7996397,gps_back
24.612999999997555,125.51399999999558,104.479,1789797699.8996398,gps_back
24.508499999996275,125.51199999998789,104.482,1789797699.9996397,gps_back
24.40450000000419,125.49900000001071,104.489,1789797700.0996397,gps_back
24.30000000000291,125.48649999999907,104.492,1789797700.1996396,gps_back
24.195999999996275,125.47399999998743,104.49300000000001,1789797700.2996397,gps_back
24.091499999994994,125.46100000001024,104.496,1789797700.3996396,gps_back
23.98750000000291,125.4375,104.492,1789797700.4996395,gps_back
23.88300000000163,125.42449999999371,104.492,1789797700.5996394,gps_back
23.778999999994994,125.41200000001118,104.498,1789797700.6996396,gps_back
23.674499999993714,125.39900000000489,104.505,1789797700.7996395,gps_back
23.57050000000163,125.38649999999325,104.509,1789797700.8996394,gps_back
23.46600000000035,125.37349999998696,104.515,1789797700.9996393,gps_back
23.361999999993714,125.36100000000442,104.516,1789797701.0996394,gps_back
23.257500000006985,125.34799999999814,104.516,1789797701.1996393,gps_back
23.15350000000035,125.3354999999865,104.515,1789797701.2996392,gps_back
23.04899999999907,125.32250000000931,104.515,1789797701.3996394,gps_back
22.95350000000326,125.30999999999767,104.522,1789797701.4996393,gps_back
22.831999999994878,125.28599999999278,104.505,1789797701.5996392,gps_back
22.605999999999767,125.26050000000396,104.479,1789797701.7996392,gps_back
22.50199999999313,125.24749999999767,104.465,1789797701.8996391,gps_back
22.388999999995576,125.23499999998603,104.46000000000001,1789797701.999639,gps_back
22.284499999994296,125.22200000000885,104.459,1789797702.099639,gps_back
22.172000000005937,125.1984999999986,104.45700000000001,1789797702.199639,gps_back
22.07600000000093,125.18549999999232,104.458,1789797702.299639,gps_back
21.963000000003376,125.17300000000978,104.45700000000001,1789797702.399639,gps_back
21.85899999999674,125.14900000000489,104.46000000000001,1789797702.4996388,gps_back
21.745999999999185,125.13649999999325,104.461,1789797702.599639,gps_back
21.6420000000071,125.12349999998696,104.467,1789797702.6996388,gps_back
21.528999999994994,125.11050000000978,104.465,1789797702.7996387,gps_back
21.42500000000291,125.08699999999953,104.464,1789797702.8996387,gps_back
21.312000000005355,125.06349999998929,104.465,1789797702.9996388,gps_back
21.20799999999872,125.05050000001211,104.46600000000001,1789797703.0996387,gps_back
21.095000000001164,125.02700000000186,104.46300000000001,1789797703.1996386,gps_back
20.99099999999453,125.01399999999558,104.467,1789797703.2996387,gps_back
20.877999999996973,124.99050000001444,104.471,1789797703.3996387,gps_back
20.773499999995693,124.97750000000815,104.47500000000001,1789797703.4996386,gps_back
20.66950000000361,124.9539999999979,104.477,1789797703.5996385,gps_back
20.556500000006054,124.94099999999162,104.47500000000001,1789797703.6996386,gps_back
20.452499999999418,124.91750000001048,104.473,1789797703.7996385,gps_back
20.339500000001863,124.90450000000419,104.473,1789797703.8996384,gps_back
20.235499999995227,124.89199999999255,104.47,1789797703.9996383,gps_back
20.12249999999767,124.86799999998766,104.47,1789797704.0996385,gps_back
20.009500000000116,124.85500000001048,104.471,1789797704.1996384,gps_back
19.896999999997206,124.83150000000023,104.47500000000001,1789797704.2996383,gps_back
19.792499999995925,124.81849999999395,104.476,1789797704.3996382,gps_back
19.679999999993015,124.7950000000128,104.48100000000001,1789797704.4996383,gps_back
19.575500000006286,124.78200000000652,104.483,1789797704.5996382,gps_back
19.46249999999418,124.76949999999488,104.485,1789797704.6996381,gps_back
19.358500000002095,124.74549999998999,104.497,1789797704.7996383,gps_back
19.263000000006286,124.73300000000745,104.51,1789797704.8996382,gps_back
19.167499999995925,124.72049999999581,104.522,1789797704.999638,gps_back
19.072000000000116,124.69699999998556,104.531,1789797705.099638,gps_back
18.976500000004307,124.67350000000442,104.542,1789797705.1996381,gps_back
18.880999999993946,124.64999999999418,104.548,1789797705.299638,gps_back
18.785499999998137,124.63750000001164,104.558,1789797705.399638,gps_back
18.681500000006054,124.625,104.563,1789797705.4996378,gps_back
18.585999999995693,124.60149999998976,104.56400000000001,1789797705.599638,gps_back
18.481499999994412,124.58850000001257,104.566,1789797705.699638,gps_back
18.37750000000233,124.57600000000093,104.56700000000001,1789797705.7996378,gps_back
17.96950000000652,124.51449999999022,104.56400000000001,1789797706.1996377,gps_back
17.873500000001513,124.50150000001304,104.565,1789797706.2996378,gps_back
17.77850000000035,124.47849999999744,104.568,1789797706.3996377,gps_back
17.68300000000454,124.46549999999115,104.569,1789797706.4996376,gps_back
17.57850000000326,124.45300000000861,104.568,1789797706.5996375,gps_back
17.4829999999929,124.42949999999837,104.57000000000001,1789797706.6996377,gps_back
17.379000000000815,124.41649999999208,104.57000000000001,1789797706.7996376,gps_back
17.27499999999418,124.39300000001094,104.569,1789797706.8996375,gps_back
17.1704999999929,124.3804999999993,104.56700000000001,1789797706.9996374,gps_back
17.066500000000815,124.36749999999302,104.568,1789797707.0996375,gps_back
16.961999999999534,124.34400000001187,104.563,1789797707.1996374,gps_back
16.84900000000198,124.33100000000559,104.561,1789797707.2996373,gps_back
16.744999999995343,124.30749999999534,104.559,1789797707.3996372,gps_back
16.64100000000326,124.2950000000128,104.553,1789797707.4996374,gps_back
16.528000000005704,124.28200000000652,104.553,1789797707.5996373,gps_back
16.42399999999907,124.25849999999627,104.548,1789797707.6996372,gps_back
16.311000000001513,124.24549999998999,104.537,1789797707.7996373,gps_back
16.18949999999313,124.2215000000142,104.527,1789797707.8996372,gps_back
16.076499999995576,124.20850000000792,104.517,1789797707.9996371,gps_back
15.963499999998021,124.18499999999767,104.505,1789797708.099637,gps_back
15.83299999999872,124.17149999999674,104.48700000000001,1789797708.1996372,gps_back
15.599000000001979,124.12400000001071,104.48700000000001,1789797708.399637,gps_back
15.486000000004424,124.11100000000442,104.485,1789797708.499637,gps_back
15.373000000006869,124.08749999999418,104.488,1789797708.599637,gps_back
15.278000000005704,124.06400000001304,104.488,1789797708.699637,gps_back
15.208499999993364,124.04099999999744,104.489,1789797708.7996368,gps_back
15.139500000004773,124.01800000001094,104.49300000000001,1789797708.8996367,gps_back
15.070000000006985,123.99499999999534,104.498,1789797708.999637,gps_back
15.001000000003842,123.97200000000885,104.502,1789797709.0996368,gps_back
14.931500000006054,123.94899999999325,104.503,1789797709.1996367,gps_back
14.853499999997439,123.92600000000675,104.507,1789797709.2996368,gps_back
14.784499999994296,123.89199999999255,104.511,1789797709.3996367,gps_back
14.689499999993131,123.8575000000128,104.51,1789797709.4996367,gps_back
14.59450000000652,123.8125,104.513,1789797709.5996366,gps_back
14.490499999999884,123.77799999999115,104.509,1789797709.6996367,gps_back
14.387000000002445,123.72200000000885,104.507,1789797709.7996366,gps_back
14.29200000000128,123.6765000000014,104.507,1789797709.8996365,gps_back
14.197000000000116,123.62049999998999,104.504,1789797709.9996364,gps_back
14.102499999993597,123.56450000000768,104.504,1789797710.0996366,gps_back
14.016499999997905,123.50899999999092,104.498,1789797710.1996365,gps_back
13.930500000002212,123.45300000000861,104.506,1789797710.2996364,gps_back
13.843999999997322,123.3969999999972,104.509,1789797710.3996363,gps_back
13.767000000007101,123.33050000001094,104.505,1789797710.4996364,gps_back
13.689499999993131,123.27449999999953,104.502,1789797710.5996363,gps_back
13.61250000000291,123.21900000001187,104.51,1789797710.6996362,gps_back
13.535000000003492,123.16349999999511,104.507,1789797710.7996364,gps_back
13.45799999999872,123.0965000000142,104.506,1789797710.8996363,gps_back
13.380499999999302,123.04099999999744,104.501,1789797710.9996362,gps_back
13.311499999996158,122.99650000000838,104.498,1789797711.099636,gps_back
13.251499999998487,122.94099999999162,104.495,1789797711.1996362,gps_back
13.18300000000454,122.87450000000536,104.497,1789797711.2996361,gps_back
13.131999999997788,122.81899999998859,104.496,1789797711.399636,gps_back
13.072000000000116,122.75299999999697,104.49300000000001,1789797711.499636,gps_back
13.01249999999709,122.68650000001071,104.497,1789797711.599636,gps_back
12.952499999999418,122.62049999998999,104.499,1789797711.699636,gps_back
12.884000000005472,122.55400000000373,104.501,1789797711.799636,gps_back
12.824500000002445,122.48749999998836,104.504,1789797711.8996358,gps_back
12.755999999993946,122.41049999999814,104.508,1789797711.999636,gps_back
12.6875,122.33300000001327,104.513,1789797712.0996358,gps_back
12.611000000004424,122.24499999999534,104.514,1789797712.1996357,gps_back
12.542499999995925,122.16750000001048,104.517,1789797712.299636,gps_back
12.46600000000035,122.06849999999395,104.522,1789797712.3996358,gps_back
12.398000000001048,121.96950000000652,104.524,1789797712.4996357,gps_back
12.330499999996391,121.87049999998999,104.524,1789797712.5996356,gps_back
12.270999999993364,121.77150000000256,104.521,1789797712.6996357,gps_back
12.211999999999534,121.67249999998603,104.516,1789797712.7996356,gps_back
12.153000000005704,121.57399999999325,104.512,1789797712.8996356,gps_back
12.093999999997322,121.46400000000722,104.509,1789797712.9996355,gps_back
12.043499999999767,121.36550000001444,104.51,1789797713.0996356,gps_back
11.993000000002212,121.2664999999979,104.508,1789797713.1996355,gps_back
11.942500000004657,121.15700000000652,104.506,1789797713.2996354,gps_back
11.900999999998021,121.05850000001374,104.502,1789797713.3996353,gps_back
11.85899999999674,120.95999999999185,104.497,1789797713.4996355,gps_back
11.81699999999546,120.86149999999907,104.499,1789797713.5996354,gps_back
11.775500000003376,120.75200000000768,104.5,1789797713.6996353,gps_back
11.73399999999674,120.6534999999858,104.502,1789797713.7996352,gps_back
11.701000000000931,120.55499999999302,104.498,1789797713.8996353,gps_back
11.668000000005122,120.44599999999627,104.499,1789797713.9996352,gps_back
11.634999999994761,120.34750000000349,104.499,1789797714.0996351,gps_back
11.610499999995227,120.24950000000536,104.49300000000001,1789797714.1996353,gps_back
11.585999999995693,120.15100000001257,104.496,1789797714.2996352,gps_back
11.562000000005355,120.05300000001444,104.49300000000001,1789797714.399635,gps_back
11.53750000000582,119.94399999998859,104.49000000000001,1789797714.499635,gps_back
11.521999999997206,119.84549999999581,104.49300000000001,1789797714.5996351,gps_back
11.515499999994063,119.73699999999371,104.496,1789797714.699635,gps_back
11.499500000005355,119.63899999999558,104.496,1789797714.799635,gps_back
11.48399999999674,119.52999999999884,104.494,1789797714.8996348,gps_back
11.477499999993597,119.4210000000021,104.495,1789797714.999635,gps_back
11.46150000000489,119.32300000000396,104.49300000000001,1789797715.099635,gps_back
11.446500000005472,119.21400000000722,104.491,1789797715.1996348,gps_back
11.430999999996857,119.09450000000652,104.494,1789797715.2996347,gps_back
11.424499999993714,118.97450000001118,104.492,1789797715.3996348,gps_back
11.417499999995925,118.86600000000908,104.494,1789797715.4996347,gps_back
11.410999999992782,118.74650000000838,104.492,1789797715.5996346,gps_back
11.404500000004191,118.63750000001164,104.49300000000001,1789797715.6996348,gps_back
11.406499999997322,118.51800000001094,104.48700000000001,1789797715.7996347,gps_back
11.417499999995925,118.39850000001024,104.486,1789797715.8996346,gps_back
11.419500000003609,118.29000000000815,104.48400000000001,1789797715.9996345,gps_back
11.429999999993015,118.1710000000021,104.482,1789797716.0996346,gps_back
11.44100000000617,118.0515000000014,104.486,1789797716.1996346,gps_back
11.460500000001048,117.9429999999993,104.483,1789797716.2996345,gps_back
11.47149999999965,117.82399999999325,104.479,1789797716.3996344,gps_back
11.499500000005355,117.69399999998859,104.48100000000001,1789797716.4996345,gps_back
11.510500000003958,117.57449999998789,104.48400000000001,1789797716.5996344,gps_back
11.521500000002561,117.44450000001234,104.482,1789797716.6996343,gps_back
11.532500000001164,117.31400000001304,104.477,1789797716.7996342,gps_back
11.552500000005239,117.18400000000838,104.476,1789797716.8996344,gps_back
11.55449999999837,117.06450000000768,104.47500000000001,1789797716.9996343,gps_back
11.56600000000617,116.92350000000442,104.471,1789797717.0996342,gps_back
11.585500000001048,116.79349999999977,104.476,1789797717.1996343,gps_back
11.614000000001397,116.67449999999371,104.477,1789797717.2996342,gps_back
11.633499999996275,116.54449999998906,104.47500000000001,1789797717.3996341,gps_back
11.661999999996624,116.42550000001211,104.47500000000001,1789797717.499634,gps_back
11.690000000002328,116.30650000000605,104.471,1789797717.5996342,gps_back
11.718500000002678,116.1765000000014,104.467,1789797717.699634,gps_back
11.738500000006752,116.04649999999674,104.465,1789797717.799634,gps_back
11.75800000000163,115.91649999999208,104.458,1789797717.899634,gps_back
11.778000000005704,115.78649999998743,104.464,1789797717.999634,gps_back
11.78849999999511,115.66750000001048,104.458,1789797718.099634,gps_back
11.808499999999185,115.53750000000582,104.452,1789797718.1996338,gps_back
11.827999999994063,115.40700000000652,104.455,1789797718.2996337,gps_back
11.847999999998137,115.28800000000047,104.456,1789797718.399634,gps_back
11.85899999999674,115.15799999999581,104.456,1789797718.4996338,gps_back
11.877999999996973,115.04949999999371,104.462,1789797718.5996337,gps_back
11.896999999997206,114.96299999998882,104.46300000000001,1789797718.6996338,gps_back
11.92500000000291,114.86550000001444,104.464,1789797718.7996337,gps_back
11.944000000003143,114.77900000000955,104.46900000000001,1789797718.8996336,gps_back
11.954500000007101,114.68150000000605,104.468,1789797718.9996336,gps_back
11.964999999996508,114.59500000000116,104.465,1789797719.0996337,gps_back
11.983500000002095,114.50800000000163,104.46300000000001,1789797719.1996336,gps_back
12.002500000002328,114.42149999999674,104.462,1789797719.2996335,gps_back
12.021999999997206,114.31349999998929,104.462,1789797719.3996334,gps_back
12.040999999997439,114.2159999999858,104.464,1789797719.4996336,gps_back
12.060500000006869,114.1075000000128,104.465,1789797719.5996335,gps_back
12.080000000001746,113.99900000001071,104.468,1789797719.6996334,gps_back
12.099499999996624,113.89100000000326,104.462,1789797719.7996333,gps_back
12.118499999996857,113.78250000000116,104.459,1789797719.8996334,gps_back
12.138000000006286,113.66349999999511,104.453,1789797719.9996333,gps_back
12.166500000006636,113.55549999998766,104.456,1789797720.0996332,gps_back
12.186000000001513,113.43599999998696,104.45400000000001,1789797720.1996334,gps_back
12.205000000001746,113.32800000000861,104.45100000000001,1789797720.2996333,gps_back
12.22500000000582,113.20850000000792,104.45,1789797720.3996332,gps_back
12.252999999996973,113.08950000000186,104.447,1789797720.499633,gps_back
12.272500000006403,112.98149999999441,104.447,1789797720.5996332,gps_back
12.29200000000128,112.86199999999371,104.446,1789797720.6996331,gps_back
12.320000000006985,112.75399999998626,104.44500000000001,1789797720.799633,gps_back
12.348499999992782,112.63500000000931,104.441,1789797720.899633,gps_back
12.367499999993015,112.52650000000722,104.443,1789797720.999633,gps_back
12.395999999993364,112.40750000000116,104.44800000000001,1789797721.099633,gps_back
12.40700000000652,112.28849999999511,104.44500000000001,1789797721.199633,gps_back
12.417499999995925,112.17999999999302,104.44800000000001,1789797721.299633,gps_back
12.427999999999884,112.07149999999092,104.447,1789797721.399633,gps_back
12.447499999994761,111.96299999998882,104.446,1789797721.4996328,gps_back
12.45799999999872,111.85449999998673,104.453,1789797721.5996327,gps_back
12.477499999993597,111.74650000000838,104.449,1789797721.699633,gps_back
12.497000000003027,111.63800000000629,104.45100000000001,1789797721.7996328,gps_back
12.51600000000326,111.5405000000028,104.449,1789797721.8996327,gps_back
12.535000000003492,111.4429999999993,104.44500000000001,1789797721.9996326,gps_back
12.545499999992899,111.34549999999581,104.43900000000001,1789797722.0996327,gps_back
12.555999999996857,111.25899999999092,104.435,1789797722.1996326,gps_back
12.57499999999709,111.16149999998743,104.432,1789797722.2996325,gps_back
12.585500000001048,111.06400000001304,104.43,1789797722.3996325,gps_back
12.596000000005006,110.9770000000135,104.432,1789797722.4996326,gps_back
12.606499999994412,110.87950000001001,104.433,1789797722.5996325,gps_back
12.616500000003725,110.79250000001048,104.436,1789797722.6996324,gps_back
12.635500000003958,110.69550000000163,104.437,1789797722.7996325,gps_back
12.646500000002561,110.58699999999953,104.435,1789797722.8996325,gps_back
12.65700000000652,110.4890000000014,104.433,1789797722.9996324,gps_back
12.667499999995925,110.3804999999993,104.43,1789797723.0996323,gps_back
12.687000000005355,110.27249999999185,104.431,1789797723.1996324,gps_back
12.697499999994761,110.16399999998976,104.435,1789797723.2996323,gps_back
12.70799999999872,110.05549999998766,104.434,1789797723.3996322,gps_back
12.727499999993597,109.94699999998556,104.437,1789797723.4996321,gps_back
12.737999999997555,109.83850000001257,104.438,1789797723.5996323,gps_back
12.748999999996158,109.73050000000512,104.441,1789797723.6996322,gps_back
12.767999999996391,109.62200000000303,104.441,1789797723.799632,gps_back
12.78750000000582,109.52449999999953,104.43900000000001,1789797723.899632,gps_back
12.797999999995227,109.41599999999744,104.438,1789797723.9996321,gps_back
12.81699999999546,109.31849999999395,104.438,1789797724.099632,gps_back
12.827999999994063,109.20999999999185,104.436,1789797724.199632,gps_back
12.846999999994296,109.11249999998836,104.437,1789797724.299632,gps_back
12.857499999998254,109.01500000001397,104.437,1789797724.399632,gps_back
12.876999999993131,108.90700000000652,104.44,1789797724.499632,gps_back
12.895999999993364,108.82000000000698,104.441,1789797724.5996318,gps_back
12.914999999993597,108.72299999999814,104.437,1789797724.699632,gps_back
12.925499999997555,108.61449999999604,104.43900000000001,1789797724.7996318,gps_back
12.945000000006985,108.51699999999255,104.43900000000001,1789797724.8996317,gps_back
12.964000000007218,108.40849999999045,104.436,1789797724.9996316,gps_back
12.983500000002095,108.29999999998836,104.437,1789797725.0996318,gps_back
13.012000000002445,108.18100000001141,104.433,1789797725.1996317,gps_back
13.031499999997322,108.06200000000536,104.441,1789797725.2996316,gps_back
13.059500000003027,107.9429999999993,104.444,1789797725.3996315,gps_back
13.078999999997905,107.82399999999325,104.44800000000001,1789797725.4996316,gps_back
13.107499999998254,107.7049999999872,104.44800000000001,1789797725.5996315,gps_back
13.126999999993131,107.5854999999865,104.446,1789797725.6996315,gps_back
13.15549999999348,107.45600000000559,104.443,1789797725.7996316,gps_back
13.175499999997555,107.32600000000093,104.435,1789797725.8996315,gps_back
13.20350000000326,107.19599999999627,104.429,1789797725.9996314,gps_back
13.317500000004657,106.6765000000014,104.44,1789797726.3996313,gps_back
13.346000000005006,106.54649999999674,104.44200000000001,1789797726.4996312,gps_back
13.374500000005355,106.41649999999208,104.44,1789797726.5996313,gps_back
13.403000000005704,106.29749999998603,104.44200000000001,1789797726.6996312,gps_back
13.430999999996857,106.16800000000512,104.44,1789797726.799631,gps_back
13.459499999997206,106.04899999999907,104.438,1789797726.899631,gps_back
13.487999999997555,105.91899999999441,104.436,1789797726.9996312,gps_back
13.507500000006985,105.79949999999371,104.432,1789797727.099631,gps_back
13.527499999996508,105.66949999998906,104.43,1789797727.199631,gps_back
13.547000000005937,105.55050000001211,104.426,1789797727.2996309,gps_back
13.566500000000815,105.42050000000745,104.423,1789797727.399631,gps_back
13.58650000000489,105.2905000000028,104.42,1789797727.499631,gps_back
13.605999999999767,105.17149999999674,104.42,1789797727.5996308,gps_back
13.625499999994645,105.04149999999208,104.416,1789797727.699631,gps_back
13.636499999993248,104.91099999999278,104.414,1789797727.7996309,gps_back
13.656499999997322,104.79199999998673,104.413,1789797727.8996308,gps_back
13.676000000006752,104.66200000001118,104.411,1789797727.9996307,gps_back
13.695999999996275,104.53200000000652,104.411,1789797728.0996308,gps_back
13.724000000001979,104.40200000000186,104.415,1789797728.1996307,gps_back
13.744000000006054,104.28299999999581,104.418,1789797728.2996306,gps_back
13.771999999997206,104.15299999999115,104.422,1789797728.3996305,gps_back
13.800499999997555,104.0229999999865,104.425,1789797728.4996307,gps_back
13.82050000000163,103.89300000001094,104.426,1789797728.5996306,gps_back
13.849000000001979,103.76300000000629,104.423,1789797728.6996305,gps_back
13.868499999996857,103.64400000000023,104.42,1789797728.7996304,gps_back
13.888500000000931,103.50299999999697,104.418,1789797728.8996305,gps_back
13.899499999999534,103.37299999999232,104.418,1789797728.9996305,gps_back
13.918999999994412,103.25349999999162,104.413,1789797729.0996304,gps_back
13.938999999998487,103.11300000001211,104.409,1789797729.1996305,gps_back
13.958499999993364,102.99350000001141,104.408,1789797729.2996304,gps_back
13.96950000000652,102.86350000000675,104.406,1789797729.3996303,gps_back
13.989499999996042,102.7335000000021,104.411,1789797729.4996302,gps_back
14.017999999996391,102.60349999999744,104.407,1789797729.5996304,gps_back
14.028999999994994,102.47349999999278,104.404,1789797729.6996303,gps_back
14.048500000004424,102.34349999998813,104.408,1789797729.7996302,gps_back
14.068499999993946,102.21350000001257,104.409,1789797729.89963,gps_back
14.088000000003376,102.08350000000792,104.407,1789797729.9996302,gps_back
14.107999999992899,101.95350000000326,104.406,1789797730.09963,gps_back
14.118499999996857,101.83400000000256,104.402,1789797730.19963,gps_back
14.146999999997206,101.7039999999979,104.405,1789797730.29963,gps_back
14.16700000000128,101.56299999999464,104.404,1789797730.39963,gps_back
14.177999999999884,101.44399999998859,104.4,1789797730.49963,gps_back
14.198000000003958,101.31400000001304,104.397,1789797730.5996299,gps_back
14.22599999999511,101.18400000000838,104.398,1789797730.69963,gps_back
14.23750000000291,101.05400000000373,104.391,1789797730.79963,gps_back
14.256999999997788,100.92350000000442,104.387,1789797730.8996298,gps_back
14.277000000001863,100.79349999999977,104.38,1789797730.9996297,gps_back
14.29649999999674,100.66349999999511,104.376,1789797731.0996299,gps_back
14.316500000000815,100.53349999999045,104.37,1789797731.1996298,gps_back
14.335999999995693,100.4034999999858,104.373,1789797731.2996297,gps_back
14.355999999999767,100.26250000001164,104.372,1789797731.3996296,gps_back
14.375499999994645,100.14350000000559,104.375,1789797731.4996297,gps_back
14.39549999999872,100.00250000000233,104.372,1789797731.5996296,gps_back
14.414999999993597,99.87249999999767,104.373,1789797731.6996295,gps_back
14.443499999993946,99.74249999999302,104.375,1789797731.7996294,gps_back
14.463499999998021,99.61249999998836,104.373,1789797731.8996296,gps_back
14.482999999992899,99.49350000001141,104.372,1789797731.9996295,gps_back
14.511499999993248,99.36350000000675,104.372,1789797732.0996294,gps_back
14.531000000002678,99.2445000000007,104.366,1789797732.1996295,gps_back
14.551000000006752,99.11449999999604,104.363,1789797732.2996294,gps_back
14.579500000007101,98.98449999999139,104.36,1789797732.3996294,gps_back
14.607499999998254,98.86550000001444,104.358,1789797732.4996293,gps_back
14.626999999993131,98.74650000000838,104.355,1789797732.5996294,gps_back
14.65549999999348,98.61650000000373,104.355,1789797732.6996293,gps_back
14.67500000000291,98.49749999999767,104.357,1789797732.7996292,gps_back
14.694499999997788,98.37799999999697,104.35600000000001,1789797732.899629,gps_back
14.732000000003609,98.24849999998696,104.357,1789797732.9996293,gps_back
14.751499999998487,98.11850000001141,104.357,1789797733.0996292,gps_back
14.779999999998836,97.98850000000675,104.357,1789797733.199629,gps_back
14.80000000000291,97.8585000000021,104.35600000000001,1789797733.299629,gps_back
14.819499999997788,97.72849999999744,104.357,1789797733.399629,gps_back
14.839500000001863,97.59849999999278,104.35600000000001,1789797733.499629,gps_back
14.85899999999674,97.46849999998813,104.352,1789797733.599629,gps_back
14.879000000000815,97.32750000001397,104.349,1789797733.699629,gps_back
14.889999999999418,97.19750000000931,104.35000000000001,1789797733.799629,gps_back
14.910000000003492,97.06750000000466,104.34700000000001,1789797733.8996289,gps_back
14.92949999999837,96.94800000000396,104.34700000000001,1789797733.9996288,gps_back
14.948999999993248,96.8179999999993,104.343,1789797734.099629,gps_back
14.960000000006403,96.68799999999464,104.35000000000001,1789797734.1996288,gps_back
14.988500000006752,96.55799999998999,104.354,1789797734.2996287,gps_back
15.00800000000163,96.43900000001304,104.358,1789797734.3996286,gps_back
15.028000000005704,96.30900000000838,104.35900000000001,1789797734.4996288,gps_back
15.056500000006054,96.17900000000373,104.355,1789797734.5996287,gps_back
15.076000000000931,96.04899999999907,104.35300000000001,1789797734.6996286,gps_back
15.095499999995809,95.92999999999302,104.352,1789797734.7996285,gps_back
15.123999999996158,95.79999999998836,104.35000000000001,1789797734.8996286,gps_back
15.143500000005588,95.68100000001141,104.349,1789797734.9996285,gps_back
15.19199999999546,95.43150000000605,104.349,1789797735.1996286,gps_back
15.202499999999418,95.3125,104.343,1789797735.2996285,gps_back
15.230999999999767,95.19349999999395,104.339,1789797735.3996284,gps_back
15.250499999994645,95.07399999999325,104.34100000000001,1789797735.4996283,gps_back
15.270000000004075,94.9659999999858,104.34,1789797735.5996284,gps_back
15.289499999998952,94.8465000000142,104.336,1789797735.6996284,gps_back
15.308499999999185,94.73850000000675,104.33500000000001,1789797735.7996283,gps_back
15.32850000000326,94.6195000000007,104.333,1789797735.8996282,gps_back
15.347500000003492,94.5109999999986,104.336,1789797735.9996283,gps_back
15.36699999999837,94.39199999999255,104.33800000000001,1789797736.0996282,gps_back
15.387000000002445,94.27249999999185,104.334,1789797736.199628,gps_back
15.406000000002678,94.1645000000135,104.339,1789797736.2996283,gps_back
15.425499999997555,94.0450000000128,104.336,1789797736.3996282,gps_back
15.44550000000163,93.92600000000675,104.334,1789797736.499628,gps_back
15.464999999996508,93.8070000000007,104.333,1789797736.599628,gps_back
15.484500000005937,93.6875,104.33,1789797736.699628,gps_back
15.504000000000815,93.56849999999395,104.32300000000001,1789797736.799628,gps_back
15.523499999995693,93.44949999998789,104.32600000000001,1789797736.899628,gps_back
15.543000000005122,93.3299999999872,104.32300000000001,1789797736.9996278,gps_back
15.571500000005472,93.21100000001024,104.32300000000001,1789797737.099628,gps_back
15.582500000004075,93.08100000000559,104.321,1789797737.1996279,gps_back
15.601999999998952,92.96199999999953,104.321,1789797737.2996278,gps_back
15.62149999999383,92.84249999999884,104.321,1789797737.3996277,gps_back
15.64100000000326,92.72349999999278,104.325,1789797737.4996278,gps_back
15.652000000001863,92.60399999999208,104.32300000000001,1789797737.5996277,gps_back
15.67149999999674,92.48499999998603,104.319,1789797737.6996276,gps_back
15.69100000000617,92.36600000000908,104.319,1789797737.7996278,gps_back
15.710500000001048,92.24650000000838,104.31700000000001,1789797737.8996277,gps_back
15.729999999995925,92.13850000000093,104.316,1789797737.9996276,gps_back
15.749500000005355,92.01900000000023,104.316,1789797738.0996275,gps_back
15.769000000000233,91.89999999999418,104.313,1789797738.1996276,gps_back
15.779500000004191,91.79149999999208,104.307,1789797738.2996275,gps_back
15.80800000000454,91.67249999998603,104.309,1789797738.3996274,gps_back
15.827499999999418,91.55350000000908,104.309,1789797738.4996274,gps_back
15.846999999994296,91.44500000000698,104.302,1789797738.5996275,gps_back
15.866500000003725,91.32600000000093,104.302,1789797738.6996274,gps_back
15.885999999998603,91.20650000000023,104.302,1789797738.7996273,gps_back
15.90549999999348,91.08749999999418,104.293,1789797738.8996272,gps_back
15.92500000000291,90.97899999999208,104.289,1789797738.9996274,gps_back
15.952999999994063,90.85999999998603,104.294,1789797739.0996273,gps_back
15.972999999998137,90.74100000000908,104.291,1789797739.1996272,gps_back
15.992499999993015,90.62200000000303,104.298,1789797739.2996273,gps_back
16.02049999999872,90.50299999999697,104.301,1789797739.3996272,gps_back
16.039999999993597,90.38349999999627,104.303,1789797739.499627,gps_back
16.068499999993946,90.26449999999022,104.306,1789797739.599627,gps_back
16.088000000003376,90.15650000001187,104.299,1789797739.6996272,gps_back
16.098499999992782,90.03700000001118,104.292,1789797739.799627,gps_back
16.118000000002212,89.91800000000512,104.289,1789797739.899627,gps_back
16.138000000006286,89.79850000000442,104.287,1789797739.9996269,gps_back
16.15700000000652,89.69049999999697,104.286,1789797740.099627,gps_back
16.176500000001397,89.57099999999627,104.285,1789797740.199627,gps_back
16.195999999996275,89.45199999999022,104.281,1789797740.2996268,gps_back
16.21600000000035,89.33300000001327,104.279,1789797740.3996267,gps_back
16.235499999995227,89.21350000001257,104.281,1789797740.4996269,gps_back
16.26350000000093,89.10550000000512,104.279,1789797740.5996268,gps_back
16.28299999999581,88.98649999999907,104.277,1789797740.6996267,gps_back
16.30250000000524,88.86699999999837,104.273,1789797740.7996268,gps_back
16.331000000005588,88.74799999999232,104.269,1789797740.8996267,gps_back
16.350500000000466,88.62899999998626,104.268,1789797740.9996266,gps_back
16.3695000000007,88.52050000001327,104.266,1789797741.0996265,gps_back
16.398000000001048,88.40150000000722,104.26,1789797741.1996267,gps_back
16.417499999995925,88.28250000000116,104.265,1789797741.2996266,gps_back
16.445999999996275,88.16349999999511,104.269,1789797741.3996265,gps_back
16.465500000005704,88.04449999998906,104.27,1789797741.4996264,gps_back
16.493499999996857,87.92550000001211,104.277,1789797741.5996265,gps_back
16.521999999997206,87.80650000000605,104.279,1789797741.6996264,gps_back
16.55000000000291,87.6875,104.277,1789797741.7996264,gps_back
16.577999999994063,87.5789999999979,104.276,1789797741.8996263,gps_back
16.597999999998137,87.45999999999185,104.271,1789797741.9996264,gps_back
16.62600000000384,87.3409999999858,104.266,1789797742.0996263,gps_back
16.637000000002445,87.2215000000142,104.266,1789797742.1996262,gps_back
16.656499999997322,87.11350000000675,104.266,1789797742.2996264,gps_back
16.66700000000128,86.99400000000605,104.265,1789797742.3996263,gps_back
16.677999999999884,86.87450000000536,104.263,1789797742.4996262,gps_back
16.69749999999476,86.7554999999993,104.259,1789797742.599626,gps_back
16.708499999993364,86.6359999999986,104.257,1789797742.6996262,gps_back
16.71950000000652,86.51699999999255,104.255,1789797742.799626,gps_back
16.729999999995925,86.39749999999185,104.258,1789797742.899626,gps_back
16.75,86.2674999999872,104.258,1789797742.999626,gps_back
16.760500000003958,86.1479999999865,104.257,1789797743.099626,gps_back
16.77150000000256,86.02900000000955,104.255,1789797743.199626,gps_back
16.79099999999744,85.90950000000885,104.255,1789797743.2996259,gps_back
16.801999999996042,85.7905000000028,104.255,1789797743.3996258,gps_back
16.812999999994645,85.6710000000021,104.251,1789797743.499626,gps_back
16.832500000004075,85.54099999999744,104.253,1789797743.5996258,gps_back
16.843500000002678,85.43249999999534,104.253,1789797743.6996257,gps_back
16.854000000006636,85.31299999999464,104.254,1789797743.7996259,gps_back
16.873500000001513,85.19399999998859,104.253,1789797743.8996258,gps_back
16.884500000000116,85.0854999999865,104.254,1789797743.9996257,gps_back
16.903999999994994,84.96650000000955,104.255,1789797744.0996256,gps_back
16.914499999998952,84.85800000000745,104.256,1789797744.1996257,gps_back
16.925499999997555,84.73850000000675,104.252,1789797744.2996256,gps_back
16.93649999999616,84.6195000000007,104.249,1789797744.3996255,gps_back
16.95549999999639,84.5109999999986,104.246,1789797744.4996254,gps_back
16.966499999994994,84.3914999999979,104.242,1789797744.5996256,gps_back
16.986000000004424,84.27249999999185,104.24000000000001,1789797744.6996255,gps_back
16.997000000003027,84.15299999999115,104.23700000000001,1789797744.7996254,gps_back
17.016499999997905,84.0340000000142,104.236,1789797744.8996253,gps_back
17.027499999996508,83.9145000000135,104.236,1789797744.9996254,gps_back
17.047000000005937,83.79550000000745,104.236,1789797745.0996253,gps_back
17.066500000000815,83.6765000000014,104.232,1789797745.1996253,gps_back
17.077499999999418,83.5570000000007,104.229,1789797745.2996254,gps_back
17.105500000005122,83.43799999999464,104.22500000000001,1789797745.3996253,gps_back
17.116500000003725,83.31849999999395,104.22200000000001,1789797745.4996252,gps_back
17.135999999998603,83.19949999998789,104.21900000000001,1789797745.599625,gps_back
17.15549999999348,83.06950000001234,104.217,1789797745.6996253,gps_back
17.175499999997555,82.95050000000629,104.214,1789797745.7996252,gps_back
17.195000000006985,82.83100000000559,104.214,1789797745.899625,gps_back
17.214500000001863,82.71199999999953,104.22200000000001,1789797745.999625,gps_back
17.23399999999674,82.59299999999348,104.223,1789797746.099625,gps_back
17.25350000000617,82.47349999999278,104.22200000000001,1789797746.199625,gps_back
17.273000000001048,82.35449999998673,104.224,1789797746.299625,gps_back
17.293000000005122,82.22450000001118,104.224,1789797746.3996248,gps_back
17.3125,82.10550000000512,104.221,1789797746.499625,gps_back
17.331999999994878,81.98600000000442,104.218,1789797746.5996249,gps_back
17.351500000004307,81.86699999999837,104.21600000000001,1789797746.6996248,gps_back
17.36250000000291,81.74749999999767,104.21000000000001,1789797746.799625,gps_back
17.381999999997788,81.62849999999162,104.212,1789797746.8996248,gps_back
17.401500000007218,81.50949999998556,104.209,1789797746.9996247,gps_back
17.421000000002095,81.37899999998626,104.208,1789797747.0996246,gps_back
17.4320000000007,81.26000000000931,104.205,1789797747.1996248,gps_back
17.451499999995576,81.14050000000861,104.199,1789797747.2996247,gps_back
17.471000000005006,81.02150000000256,104.19800000000001,1789797747.3996246,gps_back
17.49099999999453,80.90249999999651,104.196,1789797747.4996245,gps_back
17.510500000003958,80.78299999999581,104.19200000000001,1789797747.5996246,gps_back
17.529999999998836,80.66399999998976,104.193,1789797747.6996245,gps_back
17.55800000000454,80.5450000000128,104.197,1789797747.7996244,gps_back
17.577499999999418,80.42600000000675,104.191,1789797747.8996243,gps_back
17.596999999994296,80.31750000000466,104.18900000000001,1789797747.9996245,gps_back
17.616500000003725,80.1984999999986,104.184,1789797748.0996244,gps_back
17.635999999998603,80.0789999999979,104.176,1789797748.1996243,gps_back
17.664499999998952,79.97099999999045,104.177,1789797748.2996244,gps_back
17.68399999999383,79.8520000000135,104.176,1789797748.3996243,gps_back
17.70350000000326,79.73300000000745,104.18,1789797748.4996243,gps_back
17.731499999994412,79.61350000000675,104.178,1789797748.5996242,gps_back
17.75100000000384,79.4945000000007,104.176,1789797748.6996243,gps_back
17.77950000000419,79.36449999999604,104.187,1789797748.7996242,gps_back
17.79899999999907,79.25649999998859,104.187,1789797748.899624,gps_back
17.818499999993946,79.13699999998789,104.183,1789797748.999624,gps_back
17.8295000000071,79.01800000001094,104.177,1789797749.0996242,gps_back
17.8579999999929,78.88800000000629,104.177,1789797749.199624,gps_back
17.87750000000233,78.76900000000023,104.168,1789797749.299624,gps_back
17.896999999997206,78.64949999999953,104.162,1789797749.3996239,gps_back
17.916500000006636,78.53049999999348,104.159,1789797749.499624,gps_back
17.936000000001513,78.41149999998743,104.155,1789797749.599624,gps_back
17.956000000005588,78.28150000001187,104.151,1789797749.6996238,gps_back
17.975500000000466,78.16200000001118,104.15,1789797749.799624,gps_back
18.00350000000617,78.04300000000512,104.147,1789797749.8996239,gps_back
18.023499999995693,77.92399999999907,104.147,1789797749.9996238,gps_back
18.043000000005122,77.80499999999302,104.142,1789797750.0996237,gps_back
18.070999999996275,77.68599999998696,104.138,1789797750.1996238,gps_back
18.090500000005704,77.56649999998626,104.145,1789797750.2996237,gps_back
18.119000000006054,77.44750000000931,104.141,1789797750.3996236,gps_back
18.146999999997206,77.32850000000326,104.147,1789797750.4996235,gps_back
18.175499999997555,77.2094999999972,104.154,1789797750.5996237,gps_back
18.20350000000326,77.09049999999115,104.158,1789797750.6996236,gps_back
18.223499999992782,76.9715000000142,104.155,1789797750.7996235,gps_back
18.251499999998487,76.85250000000815,104.153,1789797750.8996234,gps_back
18.270999999993364,76.73300000000745,104.152,1789797750.9996235,gps_back
18.299499999993714,76.6140000000014,104.15,1789797751.0996234,gps_back
18.327499999999418,76.49499999999534,104.148,1789797751.1996233,gps_back
18.355999999999767,76.37599999998929,104.15,1789797751.2996235,gps_back
18.375499999994645,76.25700000001234,104.15,1789797751.3996234,gps_back
18.40350000000035,76.13800000000629,104.144,1789797751.4996233,gps_back
18.4320000000007,76.01900000000023,104.149,1789797751.5996232,gps_back
18.460500000001048,75.89999999999418,104.147,1789797751.6996233,gps_back
18.479999999995925,75.78099999998813,104.145,1789797751.7996233,gps_back
18.50800000000163,75.66200000001118,104.146,1789797751.8996232,gps_back
18.53650000000198,75.54300000000512,104.141,1789797751.999623,gps_back
18.555999999996857,75.42350000000442,104.138,1789797752.0996232,gps_back
18.56699999999546,75.29349999999977,104.137,1789797752.199623,gps_back
18.58650000000489,75.17449999999371,104.136,1789797752.299623,gps_back
18.605999999999767,75.06599999999162,104.139,1789797752.399623,gps_back
18.625499999994645,74.94699999998556,104.136,1789797752.499623,gps_back
18.645000000004075,74.82750000001397,104.133,1789797752.599623,gps_back
18.664499999998952,74.70850000000792,104.134,1789797752.6996229,gps_back
18.6929999999993,74.58950000000186,104.138,1789797752.799623,gps_back
18.70350000000326,74.48099999999977,104.134,1789797752.899623,gps_back
18.731499999994412,74.36199999999371,104.135,1789797752.9996228,gps_back
18.75100000000384,74.25349999999162,104.13,1789797753.0996227,gps_back
18.77049999999872,74.13449999998556,104.127,1789797753.1996229,gps_back
18.79899999999907,74.01550000000861,104.122,1789797753.2996228,gps_back
18.818499999993946,73.89650000000256,104.12,1789797753.3996227,gps_back
18.838000000003376,73.78800000000047,104.116,1789797753.4996226,gps_back
18.857499999998254,73.66899999999441,104.116,1789797753.5996227,gps_back
18.868499999996857,73.53849999999511,104.116,1789797753.6996226,gps_back
18.888000000006286,73.43049999998766,104.12,1789797753.7996225,gps_back
18.907500000001164,73.30050000001211,104.128,1789797753.8996224,gps_back
18.926999999996042,73.18100000001141,104.132,1789797753.9996226,gps_back
18.937999999994645,73.06200000000536,104.13,1789797754.0996225,gps_back
18.957500000004075,72.94250000000466,104.129,1789797754.1996224,gps_back
18.968500000002678,72.8234999999986,104.121,1789797754.2996225,gps_back
18.97950000000128,72.7039999999979,104.117,1789797754.3996224,gps_back
18.99899999999616,72.58499999999185,104.11200000000001,1789797754.4996223,gps_back
19.018500000005588,72.46549999999115,104.108,1789797754.5996222,gps_back
19.04649999999674,72.3465000000142,104.10600000000001,1789797754.6996224,gps_back
19.06600000000617,72.22750000000815,104.11,1789797754.7996223,gps_back
19.085999999995693,72.09750000000349,104.111,1789797754.8996222,gps_back
19.105500000005122,71.97849999999744,104.107,1789797754.999622,gps_back
19.125,71.85899999999674,104.10600000000001,1789797755.0996222,gps_back
19.144499999994878,71.73999999999069,104.108,1789797755.1996222,gps_back
19.164000000004307,71.62100000001374,104.113,1789797755.299622,gps_back
19.17500000000291,71.50150000001304,104.11500000000001,1789797755.399622,gps_back
19.194499999997788,71.38250000000698,104.114,1789797755.499622,gps_back
19.214000000007218,71.26300000000629,104.10600000000001,1789797755.599622,gps_back
19.233500000002095,71.14400000000023,104.105,1789797755.699622,gps_back
19.25350000000617,71.02499999999418,104.098,1789797755.799622,gps_back
19.273000000001048,70.90549999999348,104.09700000000001,1789797755.899622,gps_back
19.292499999995925,70.78649999998743,104.09400000000001,1789797755.9996219,gps_back
19.312000000005355,70.66699999998673,104.096,1789797756.0996218,gps_back
19.331500000000233,70.54800000000978,104.092,1789797756.199622,gps_back
19.360000000000582,70.42900000000373,104.095,1789797756.2996218,gps_back
19.37949999999546,70.30999999999767,104.096,1789797756.3996217,gps_back
19.39900000000489,70.19049999999697,104.093,1789797756.4996216,gps_back
19.418499999999767,70.07149999999092,104.093,1789797756.5996218,gps_back
19.437999999994645,69.95250000001397,104.089,1789797756.6996217,gps_back
19.457500000004075,69.83300000001327,104.089,1789797756.7996216,gps_back
19.476999999998952,69.71400000000722,104.08800000000001,1789797756.8996215,gps_back
19.5054999999993,69.59500000000116,104.087,1789797756.9996216,gps_back
19.52499999999418,69.47599999999511,104.086,1789797757.0996215,gps_back
19.54450000000361,69.35649999999441,104.083,1789797757.1996214,gps_back
19.555500000002212,69.23749999998836,104.077,1789797757.2996213,gps_back
19.57499999999709,69.11799999998766,104.075,1789797757.3996215,gps_back
19.59450000000652,68.99900000001071,104.075,1789797757.4996214,gps_back
19.614000000001397,68.88000000000466,104.069,1789797757.5996213,gps_back
19.70100000000093,68.4034999999858,104.069,1789797757.9996212,gps_back
19.72049999999581,68.2950000000128,104.066,1789797758.0996213,gps_back
19.74000000000524,68.17600000000675,104.06400000000001,1789797758.1996212,gps_back
19.759500000000116,68.05650000000605,104.072,1789797758.299621,gps_back
19.778999999994994,67.9375,104.07900000000001,1789797758.399621,gps_back
19.789499999998952,67.8289999999979,104.084,1789797758.4996212,gps_back
19.809500000003027,67.70999999999185,104.084,1789797758.599621,gps_back
19.828999999997905,67.59049999999115,104.08200000000001,1789797758.699621,gps_back
19.848499999992782,67.4715000000142,104.08800000000001,1789797758.7996209,gps_back
19.868000000002212,67.35250000000815,104.092,1789797758.899621,gps_back
19.88749999999709,67.24400000000605,104.09400000000001,1789797758.999621,gps_back
19.90700000000652,67.125,104.09700000000001,1789797759.0996208,gps_back
19.926500000001397,67.00599999999395,104.09,1789797759.199621,gps_back
19.9375,66.88649999999325,104.078,1789797759.2996209,gps_back
19.965500000005704,66.7674999999872,104.07600000000001,1789797759.3996208,gps_back
19.985000000000582,66.6479999999865,104.075,1789797759.4996207,gps_back
19.995999999999185,66.54000000000815,104.07000000000001,1789797759.5996208,gps_back
20.015499999994063,66.42050000000745,104.068,1789797759.6996207,gps_back
20.035000000003492,66.3015000000014,104.071,1789797759.7996206,gps_back
20.062999999994645,66.18249999999534,104.078,1789797759.8996205,gps_back
20.073999999993248,66.06299999999464,104.077,1789797759.9996207,gps_back
20.093500000002678,65.94399999998859,104.07600000000001,1789797760.0996206,gps_back
20.122000000003027,65.82500000001164,104.078,1789797760.1996205,gps_back
20.141499999997905,65.70600000000559,104.074,1789797760.2996204,gps_back
20.160999999992782,65.58650000000489,104.069,1789797760.3996205,gps_back
20.172000000005937,65.45650000000023,104.062,1789797760.4996204,gps_back
20.200500000006286,65.33749999999418,104.06400000000001,1789797760.5996203,gps_back
20.210999999995693,65.21799999999348,104.061,1789797760.6996202,gps_back
20.230500000005122,65.09899999998743,104.06400000000001,1789797760.7996204,gps_back
20.25,64.97949999998673,104.065,1789797760.8996203,gps_back
20.270000000004075,64.86050000000978,104.07000000000001,1789797760.9996202,gps_back
20.28049999999348,64.74100000000908,104.075,1789797761.0996203,gps_back
20.291500000006636,64.62200000000303,104.07000000000001,1789797761.1996202,gps_back
20.30250000000524,64.50250000000233,104.07000000000001,1789797761.2996202,gps_back
20.322000000000116,64.38349999999627,104.072,1789797761.39962,gps_back
20.341499999994994,64.26399999999558,104.072,1789797761.4996202,gps_back
20.352499999993597,64.13399999999092,104.069,1789797761.59962,gps_back
20.372000000003027,64.02549999998882,104.063,1789797761.69962,gps_back
20.391499999997905,63.89550000001327,104.06400000000001,1789797761.79962,gps_back
20.410999999992782,63.77650000000722,104.056,1789797761.89962,gps_back
20.430999999996857,63.657500000001164,104.054,1789797761.99962,gps_back
20.470000000001164,63.41899999999441,104.059,1789797762.1996198,gps_back
20.51799999999639,63.170000000012806,104.062,1789797762.3996198,gps_back
20.528999999994994,63.05050000001211,104.058,1789797762.4996197,gps_back
20.548500000004424,62.931500000006054,104.052,1789797762.5996199,gps_back
20.5679999999993,62.8125,104.042,1789797762.6996198,gps_back
20.57850000000326,62.6929999999993,104.037,1789797762.7996197,gps_back
20.60700000000361,62.57399999999325,104.034,1789797762.8996196,gps_back
20.618000000002212,62.44399999998859,104.032,1789797762.9996197,gps_back
20.64650000000256,62.32500000001164,104.029,1789797763.0996196,gps_back
20.65700000000652,62.20550000001094,104.029,1789797763.1996195,gps_back
20.68550000000687,62.08650000000489,104.024,1789797763.2996194,gps_back
20.705000000001746,61.967499999998836,104.024,1789797763.3996196,gps_back
20.724499999996624,61.85899999999674,104.025,1789797763.4996195,gps_back
20.744000000006054,61.728999999992084,104.025,1789797763.5996194,gps_back
20.76350000000093,61.60999999998603,104.021,1789797763.6996193,gps_back
20.78299999999581,61.490500000014435,104.013,1789797763.7996194,gps_back
20.81149999999616,61.36050000000978,104.014,1789797763.8996193,gps_back
20.82249999999476,61.241500000003725,104.012,1789797763.9996192,gps_back
20.85099999999511,61.12249999999767,104.01,1789797764.0996194,gps_back
20.87050000000454,60.992499999993015,104.013,1789797764.1996193,gps_back
20.889999999999418,60.87299999999232,104.013,1789797764.2996192,gps_back
20.918499999999767,60.75399999998626,104.014,1789797764.399619,gps_back
20.937999999994645,60.63500000000931,104.009,1789797764.4996192,gps_back
20.957500000004075,60.50500000000466,104.001,1789797764.5996192,gps_back
20.977499999993597,60.3859999999986,104.002,1789797764.699619,gps_back
20.997000000003027,60.266499999997905,104.0,1789797764.799619,gps_back
21.016499999997905,60.14749999999185,103.994,1789797764.899619,gps_back
21.04450000000361,60.0284999999858,103.997,1789797764.999619,gps_back
21.063999999998487,59.90950000000885,103.997,1789797765.099619,gps_back
21.08400000000256,59.79000000000815,103.99300000000001,1789797765.1996188,gps_back
21.10349999999744,59.671000000002095,103.998,1789797765.299619,gps_back
21.12300000000687,59.55199999999604,103.999,1789797765.3996189,gps_back
21.142500000001746,59.43249999999534,103.998,1789797765.4996188,gps_back
21.161999999996624,59.30249999999069,103.999,1789797765.5996187,gps_back
21.190499999996973,59.18350000001374,104.0,1789797765.6996188,gps_back
21.210000000006403,59.06450000000768,103.995,1789797765.7996187,gps_back
21.238500000006752,58.94550000000163,103.992,1789797765.8996186,gps_back
21.25800000000163,58.82600000000093,103.991,1789797765.9996188,gps_back
21.285999999992782,58.70699999999488,103.989,1789797766.0996187,gps_back
21.305999999996857,58.57699999999022,103.983,1789797766.1996186,gps_back
21.325500000006286,58.45800000001327,103.97500000000001,1789797766.2996185,gps_back
21.345000000001164,58.33900000000722,103.96900000000001,1789797766.3996186,gps_back
21.364499999996042,58.21950000000652,103.967,1789797766.4996185,gps_back
21.38400000000547,58.100500000000466,103.961,1789797766.5996184,gps_back
21.403999999994994,57.97049999999581,103.962,1789797766.6996183,gps_back
21.423500000004424,57.851499999989755,103.96300000000001,1789797766.7996185,gps_back
21.4429999999993,57.73199999998906,103.965,1789797766.8996184,gps_back
21.471000000005006,57.61300000001211,103.96600000000001,1789797766.9996183,gps_back
21.49099999999453,57.48300000000745,103.96900000000001,1789797767.0996182,gps_back
21.510500000003958,57.3640000000014,103.96600000000001,1789797767.1996183,gps_back
21.529999999998836,57.24499999999534,103.967,1789797767.2996182,gps_back
21.54099999999744,57.125499999994645,103.96300000000001,1789797767.3996181,gps_back
21.56050000000687,57.00649999998859,103.961,1789797767.499618,gps_back
21.580000000001746,56.88699999998789,103.964,1789797767.5996182,gps_back
21.599499999996624,56.76800000001094,103.962,1789797767.699618,gps_back
21.6195000000007,56.638000000006286,103.96300000000001,1789797767.799618,gps_back
21.638999999995576,56.51850000000559,103.96300000000001,1789797767.8996181,gps_back
21.658500000005006,56.399499999999534,103.96000000000001,1789797767.999618,gps_back
21.66950000000361,56.279999999998836,103.959,1789797768.099618,gps_back
21.69749999999476,56.16099999999278,103.95700000000001,1789797768.1996179,gps_back
21.71700000000419,56.04199999998673,103.955,1789797768.299618,gps_back
21.804000000003725,55.576499999995576,103.94800000000001,1789797768.6996179,gps_back
21.81449999999313,55.46799999999348,103.94,1789797768.7996178,gps_back
21.84299999999348,55.34899999998743,103.941,1789797768.8996177,gps_back
21.85349999999744,55.22949999998673,103.94,1789797768.9996176,gps_back
21.873500000001513,55.11050000000978,103.938,1789797769.0996177,gps_back
21.901500000007218,54.991500000003725,103.94,1789797769.1996176,gps_back
21.921000000002095,54.87200000000303,103.94200000000001,1789797769.2996175,gps_back
21.940499999996973,54.75299999999697,103.938,1789797769.3996174,gps_back
21.968999999997322,54.63399999999092,103.941,1789797769.4996176,gps_back
21.988500000006752,54.51500000001397,103.94,1789797769.5996175,gps_back
22.00800000000163,54.39550000001327,103.936,1789797769.6996174,gps_back
22.03650000000198,54.27650000000722,103.937,1789797769.7996175,gps_back
22.055999999996857,54.157500000001164,103.935,1789797769.8996174,gps_back
22.075500000006286,54.03849999999511,103.936,1789797769.9996173,gps_back
22.11250000000291,53.91949999998906,103.93900000000001,1789797770.0996172,gps_back
22.131999999997788,53.80050000001211,103.934,1789797770.1996174,gps_back
22.168999999994412,53.681500000006054,103.935,1789797770.2996173,gps_back
22.214500000001863,53.5734999999986,103.934,1789797770.3996172,gps_back
22.25999999999476,53.4659999999858,103.932,1789797770.499617,gps_back
22.313999999998487,53.35800000000745,103.931,1789797770.5996172,gps_back
22.37699999999313,53.250499999994645,103.929,1789797770.6996171,gps_back
22.430999999996857,53.154000000009546,103.929,1789797770.799617,gps_back
22.494000000006054,53.04649999999674,103.936,1789797770.899617,gps_back
22.565499999996973,52.93900000001304,103.929,1789797770.999617,gps_back
22.637000000002445,52.83150000000023,103.926,1789797771.099617,gps_back
22.69999999999709,52.72399999998743,103.924,1789797771.199617,gps_back
22.78049999999348,52.61699999999837,103.923,1789797771.299617,gps_back
22.861000000004424,52.49849999998696,103.917,1789797771.399617,gps_back
22.941500000000815,52.3804999999993,103.911,1789797771.4996169,gps_back
23.02150000000256,52.273500000010245,103.907,1789797771.5996168,gps_back
23.111000000004424,52.15549999999348,103.902,1789797771.699617,gps_back
23.208499999993364,52.05950000000303,103.905,1789797771.7996168,gps_back
23.305999999996857,51.94149999998626,103.905,1789797771.8996167,gps_back
23.395000000004075,51.84549999999581,103.899,1789797771.9996166,gps_back
23.501499999998487,51.7390000000014,103.894,1789797772.0996168,gps_back
23.589999999996508,51.642499999987194,103.895,1789797772.1996167,gps_back
23.687999999994645,51.54649999999674,103.892,1789797772.2996166,gps_back
23.793999999994412,51.450500000006286,103.894,1789797772.3996165,gps_back
23.891499999997905,51.365500000014435,103.891,1789797772.4996166,gps_back
23.988500000006752,51.28049999999348,103.892,1789797772.5996165,gps_back
24.077499999999418,51.195000000006985,103.896,1789797772.6996164,gps_back
24.174499999993714,51.10999999998603,103.895,1789797772.7996163,gps_back
24.271999999997206,51.024499999999534,103.899,1789797772.8996165,gps_back
24.369000000006054,50.950500000006286,103.899,1789797772.9996164,gps_back
24.46600000000035,50.87599999998929,103.896,1789797773.0996163,gps_back
24.56350000000384,50.79099999999744,103.892,1789797773.1996162,gps_back
24.668999999994412,50.72750000000815,103.889,1789797773.2996163,gps_back
24.77499999999418,50.6534999999858,103.883,1789797773.3996162,gps_back
24.872000000003027,50.58999999999651,103.876,1789797773.4996161,gps_back
24.98649999999907,50.51600000000326,103.872,1789797773.5996163,gps_back
25.09200000000419,50.45250000001397,103.867,1789797773.6996162,gps_back
25.188999999998487,50.388999999995576,103.86500000000001,1789797773.799616,gps_back
25.302999999999884,50.336999999999534,103.861,1789797773.899616,gps_back
25.40899999999965,50.273500000010245,103.85900000000001,1789797773.9996161,gps_back
25.513999999995576,50.220999999990454,103.851,1789797774.099616,gps_back
25.6195000000007,50.17949999999837,103.84700000000001,1789797774.199616,gps_back
25.74199999999837,50.13850000000093,103.84700000000001,1789797774.2996159,gps_back
25.847500000003492,50.09700000000885,103.84400000000001,1789797774.399616,gps_back
25.960999999995693,50.07699999999022,103.839,1789797774.499616,gps_back
26.083499999993364,50.03599999999278,103.83500000000001,1789797774.5996158,gps_back
26.19749999999476,50.0054999999993,103.834,1789797774.6996157,gps_back
26.311000000001513,49.97500000000582,103.831,1789797774.7996159,gps_back
26.424499999993714,49.954999999987194,103.82900000000001,1789797774.8996158,gps_back
26.52950000000419,49.93499999999767,103.828,1789797774.9996157,gps_back
26.643500000005588,49.90450000000419,103.82300000000001,1789797775.0996156,gps_back
26.756999999997788,49.88500000000931,103.82000000000001,1789797775.1996157,gps_back
26.879000000000815,49.865500000014435,103.822,1789797775.2996156,gps_back
27.00999999999476,49.85699999998906,103.824,1789797775.3996155,gps_back
27.140499999994063,49.84849999999278,103.824,1789797775.4996157,gps_back
27.27150000000256,49.83999999999651,103.821,1789797775.5996156,gps_back
27.402000000001863,49.83150000000023,103.818,1789797775.6996155,gps_back
27.53299999999581,49.82300000000396,103.813,1789797775.7996154,gps_back
27.654999999998836,49.82500000001164,103.812,1789797775.8996155,gps_back
27.793999999994412,49.82750000001397,103.81,1789797775.9996154,gps_back
27.92500000000291,49.829999999987194,103.811,1789797776.0996153,gps_back
28.055500000002212,49.82149999999092,103.806,1789797776.1996152,gps_back
28.17750000000524,49.8234999999986,103.811,1789797776.2996154,gps_back
28.316500000000815,49.82600000000093,103.811,1789797776.3996153,gps_back
28.43850000000384,49.82850000000326,103.811,1789797776.4996152,gps_back
28.569000000003143,49.841500000009546,103.807,1789797776.599615,gps_back
28.69100000000617,49.83300000001327,103.803,1789797776.6996152,gps_back
28.82150000000547,49.83499999999185,103.808,1789797776.7996151,gps_back
28.952000000004773,49.83749999999418,103.801,1789797776.899615,gps_back
29.073999999993248,49.83950000000186,103.8,1789797776.999615,gps_back
29.17849999999453,49.85250000000815,103.798,1789797777.099615,gps_back
29.291500000006636,49.865500000014435,103.797,1789797777.199615,gps_back
29.40450000000419,49.87849999999162,103.801,1789797777.299615,gps_back
29.508499999996275,49.90200000000186,103.802,1789797777.399615,gps_back
29.620999999999185,49.92550000001211,103.806,1789797777.499615,gps_back
29.73399999999674,49.94949999998789,103.807,1789797777.5996149,gps_back
29.838000000003376,49.97299999999814,103.806,1789797777.6996148,gps_back
29.94199999999546,49.99650000000838,103.807,1789797777.799615,gps_back
30.046000000002095,50.01999999998952,103.809,1789797777.8996148,gps_back
30.150500000003376,50.04399999999441,103.812,1789797777.9996147,gps_back
30.25449999999546,50.06750000000466,103.813,1789797778.0996146,gps_back
30.3579999999929,50.102000000013504,103.81400000000001,1789797778.1996148,gps_back
30.45350000000326,50.125499999994645,103.816,1789797778.2996147,gps_back
30.55800000000454,50.12700000000768,103.819,1789797778.3996146,gps_back
30.65350000000035,50.150499999988824,103.818,1789797778.4996145,gps_back
30.74899999999616,50.17399999999907,103.816,1789797778.5996146,gps_back
30.853000000002794,50.187000000005355,103.812,1789797778.6996145,gps_back
30.922500000000582,50.19899999999325,103.803,1789797778.7996144,gps_back
