x,y,z,stamp,frame_id
30.036999999997,50.041999999987,0.000000000000,,gps_back
30.086999105186,50.042476308219,0.000000000000,,gps_back
30.135839003645,50.053190728016,0.000000000000,,gps_back
30.185054500987,50.062020984561,0.000000000000,,gps_back
30.234223110069,50.071108349920,0.000000000000,,gps_back
30.282957200798,50.082291591631,0.000000000000,,gps_back
30.330431504940,50.097982302546,0.000000000000,,gps_back
30.379598365240,50.107078415118,0.000000000000,,gps_back
30.429065589907,50.114361289978,0.000000000000,,gps_back
30.477791225571,50.125578632470,0.000000000000,,gps_back
30.527348151474,50.132230677688,0.000000000000,,gps_back
30.576917971155,50.138781250477,0.000000000000,,gps_back
30.625969085383,50.148468372218,0.000000000000,,gps_back
30.675876963998,50.151364978341,0.000000000000,,gps_back
30.724097624674,50.164582922252,0.000000000000,,gps_back
30.773077167403,50.174592571280,0.000000000000,,gps_back
30.822812313852,50.179632703815,0.000000000000,,gps_back
30.871723228968,50.190018315109,0.000000000000,,gps_back
30.920651883800,50.200319381905,0.000000000000,,gps_back
30.969690520562,50.210082492989,0.000000000000,,gps_back
31.018584523324,50.220438357531,0.000000000000,,gps_back
31.068494231206,50.223400096812,0.000000000000,,gps_back
31.118113105981,50.229523455358,0.000000000000,,gps_back
31.167169763463,50.239197276425,0.000000000000,,gps_back
31.216249277370,50.248751673786,0.000000000000,,gps_back
31.265514687573,50.257297217480,0.000000000000,,gps_back
31.314633902136,50.266648229687,0.000000000000,,gps_back
31.363761819618,50.275952832611,0.000000000000,,gps_back
31.412979014710,50.284773355070,0.000000000000,,gps_back
31.462251339222,50.293280806776,0.000000000000,,gps_back
31.511524699385,50.301782211464,0.000000000000,,gps_back
31.560823356465,50.310135153272,0.000000000000,,gps_back
31.610148147350,50.318267514636,0.000000000000,,gps_back
31.658489158603,50.331045818118,0.000000000000,,gps_back
31.706901528698,50.343256867521,0.000000000000,,gps_back
31.756869029602,50.344629144572,0.000000000000,,gps_back
31.806437337383,50.351186156195,0.000000000000,,gps_back
31.855788263831,50.359224045877,0.000000000000,,gps_back
31.905057738091,50.367745888988,0.000000000000,,gps_back
31.954455100051,50.375494340995,0.000000000000,,gps_back
32.003868082720,50.383142320945,0.000000000000,,gps_back
32.053236027455,50.391075602833,0.000000000000,,gps_back
32.102543295426,50.399377979066,0.000000000000,,gps_back
32.151815619937,50.407885430776,0.000000000000,,gps_back
32.201092499807,50.416365703891,0.000000000000,,gps_back
32.250460262320,50.424290065303,0.000000000000,,gps_back
32.300089989540,50.430244832678,0.000000000000,,gps_back
32.350046846038,50.431568404824,0.000000000000,,gps_back
32.399415822976,50.439495513982,0.000000000000,,gps_back
32.448741821855,50.447685638306,0.000000000000,,gps_back
32.498014146364,50.456193090029,0.000000000000,,gps_back
32.547294615651,50.464650803833,0.000000000000,,gps_back
32.596711645553,50.472271788157,0.000000000000,,gps_back
32.646201158367,50.479407395444,0.000000000000,,gps_back
32.695616416243,50.487031626592,0.000000000000,,gps_back
32.744726345420,50.496382978362,0.000000000000,,gps_back
32.793041174443,50.509238068554,0.000000000000,,gps_back
32.842077311963,50.518978705759,0.000000000000,,gps_back
32.891625309962,50.525655902263,0.000000000000,,gps_back
32.940675868786,50.535340872801,0.000000000000,,gps_back
32.989258193579,50.547140638828,0.000000000000,,gps_back
33.038512418080,50.555733387777,0.000000000000,,gps_back
33.088063854809,50.562384243330,0.000000000000,,gps_back
33.137141899566,50.571940717697,0.000000000000,,gps_back
33.185946622664,50.582795915446,0.000000000000,,gps_back
33.235240841498,50.591155105183,0.000000000000,,gps_back
33.284857044701,50.597349479808,0.000000000000,,gps_back
33.334487430934,50.603429118536,0.000000000000,,gps_back
33.384132766502,50.609385215227,0.000000000000,,gps_back
33.433743777608,50.615619571829,0.000000000000,,gps_back
33.483267566824,50.622495982546,0.000000000000,,gps_back
33.532461932500,50.631409680072,0.000000000000,,gps_back
33.581108066177,50.642956294666,0.000000000000,,gps_back
33.630260438303,50.652095054794,0.000000000000,,gps_back
33.679874863544,50.658303669704,0.000000000000,,gps_back
33.729476346326,50.664614705025,0.000000000000,,gps_back
33.779054842354,50.671104036957,0.000000000000,,gps_back
33.828633338381,50.677593368895,0.000000000000,,gps_back
33.878188612355,50.684234283499,0.000000000000,,gps_back
33.927402966530,50.693049949411,0.000000000000,,gps_back
33.976205369646,50.703928833514,0.000000000000,,gps_back
34.025290843006,50.713432202735,0.000000000000,,gps_back
34.074783934945,50.720542046778,0.000000000000,,gps_back
34.124354979306,50.727087222307,0.000000000000,,gps_back
34.173969670891,50.733292626729,0.000000000000,,gps_back
34.223525082525,50.739954753236,0.000000000000,,gps_back
34.272982702185,50.747270830666,0.000000000000,,gps_back
34.321966142003,50.757304849386,0.000000000000,,gps_back
34.370776408555,50.768130404835,0.000000000000,,gps_back
34.420098111346,50.776332213528,0.000000000000,,gps_back
34.469631068975,50.783091272514,0.000000000000,,gps_back
34.518561354772,50.793373736517,0.000000000000,,gps_back
34.567177548734,50.805007394893,0.000000000000,,gps_back
34.616590838391,50.812638321917,0.000000000000,,gps_back
34.666230409524,50.818641297088,0.000000000000,,gps_back
34.715812478967,50.825102745832,0.000000000000,,gps_back
34.765362410336,50.831805096312,0.000000000000,,gps_back
34.814980586028,50.837983323690,0.000000000000,,gps_back
34.864594408278,50.844146689901,0.000000000000,,gps_back
34.913769726408,50.853178736249,0.000000000000,,gps_back
34.962573310749,50.864043917190,0.000000000000,,gps_back
35.011783779523,50.872874840255,0.000000000000,,gps_back
35.061363943098,50.879351267432,0.000000000000,,gps_back
35.110965025174,50.885665505530,0.000000000000,,gps_back
35.160555606163,50.892028215745,0.000000000000,,gps_back
35.209758439187,50.900877087580,0.000000000000,,gps_back
35.258344845759,50.912663634025,0.000000000000,,gps_back
35.307519164645,50.921672148883,0.000000000000,,gps_back
35.357164705393,50.927626657423,0.000000000000,,gps_back
35.406785174725,50.933786017641,0.000000000000,,gps_back
35.456343514660,50.940411691316,0.000000000000,,gps_back
35.505643357085,50.948733987341,0.000000000000,,gps_back
35.554561149992,50.959086464552,0.000000000000,,gps_back
35.603608595387,50.968757669554,0.000000000000,,gps_back
35.653177289172,50.975317274767,0.000000000000,,gps_back
35.702580704255,50.982955736067,0.000000000000,,gps_back
35.751357548535,50.993953567962,0.000000000000,,gps_back
35.800260724004,51.004277782400,0.000000000000,,gps_back
35.849934471022,51.009992461263,0.000000000000,,gps_back
35.899604394355,51.015739297461,0.000000000000,,gps_back
35.949232016287,51.021841502036,0.000000000000,,gps_back
35.998803412939,51.028320035273,0.000000000000,,gps_back
36.047875582597,51.037905035328,0.000000000000,,gps_back
36.096703989427,51.048644592891,0.000000000000,,gps_back
36.146042696940,51.056731093391,0.000000000000,,gps_back
36.195652400462,51.062930861685,0.000000000000,,gps_back
36.244840801857,51.071858731348,0.000000000000,,gps_back
36.293446407463,51.083563620747,0.000000000000,,gps_back
36.342631864437,51.092516483064,0.000000000000,,gps_back
36.392248262116,51.098709296590,0.000000000000,,gps_back
36.441877728049,51.104796378963,0.000000000000,,gps_back
36.491504494055,51.110886493377,0.000000000000,,gps_back
36.540844319758,51.118891010619,0.000000000000,,gps_back
36.589434191868,51.130676214122,0.000000000000,,gps_back
36.638448126722,51.140493515848,0.000000000000,,gps_back
36.688062677330,51.146701151803,0.000000000000,,gps_back
36.737667555729,51.152985282173,0.000000000000,,gps_back
36.787228614843,51.159595590317,0.000000000000,,gps_back
36.836563789512,51.167674632088,0.000000000000,,gps_back
36.885361547450,51.178577475192,0.000000000000,,gps_back
36.934366696081,51.188426285590,0.000000000000,,gps_back
36.984007341387,51.194421076878,0.000000000000,,gps_back
37.033514204234,51.201226008359,0.000000000000,,gps_back
37.082077388520,51.213131387524,0.000000000000,,gps_back
37.130825195958,51.224155130360,0.000000000000,,gps_back
37.180393769847,51.230716088632,0.000000000000,,gps_back
37.229796120483,51.238337566272,0.000000000000,,gps_back
37.278519450705,51.249570317588,0.000000000000,,gps_back
37.327352904868,51.260200108223,0.000000000000,,gps_back
37.377000368416,51.266138800041,0.000000000000,,gps_back
37.426571824560,51.272530306802,0.000000000000,,gps_back
37.475428177027,51.283168866926,0.000000000000,,gps_back
37.524183365710,51.294260359632,0.000000000000,,gps_back
37.572780464998,51.306027130130,0.000000000000,,gps_back
37.621423140979,51.317517154094,0.000000000000,,gps_back
37.670908359051,51.324676044873,0.000000000000,,gps_back
37.720468307363,51.331221604042,0.000000000000,,gps_back
37.769495054839,51.341037344121,0.000000000000,,gps_back
37.818319181114,51.351793066209,0.000000000000,,gps_back
37.867644270163,51.359969145309,0.000000000000,,gps_back
37.917225484181,51.366437365392,0.000000000000,,gps_back
37.966832305335,51.372706411179,0.000000000000,,gps_back
38.016409708358,51.379151691602,0.000000000000,,gps_back
38.065572429992,51.388247135620,0.000000000000,,gps_back
38.114384229373,51.399072996478,0.000000000000,,gps_back
38.163590984651,51.407915050347,0.000000000000,,gps_back
38.213133532071,51.414637460653,0.000000000000,,gps_back
38.262315609003,51.423624200102,0.000000000000,,gps_back
38.311123043052,51.434473641830,0.000000000000,,gps_back
38.360285945317,51.443547898602,0.000000000000,,gps_back
38.409866330599,51.450022638028,0.000000000000,,gps_back
38.459465151017,51.456354516398,0.000000000000,,gps_back
38.509054761412,51.462730331643,0.000000000000,,gps_back
38.558311093886,51.471244091154,0.000000000000,,gps_back
38.606915616994,51.482960266033,0.000000000000,,gps_back
38.656017230750,51.492326590232,0.000000000000,,gps_back
38.705637143543,51.498470033270,0.000000000000,,gps_back
38.754962932762,51.506543234768,0.000000000000,,gps_back
38.803557165837,51.518310198173,0.000000000000,,gps_back
38.852557479548,51.528190769566,0.000000000000,,gps_back
38.902137698577,51.534666813496,0.000000000000,,gps_back
38.951734449495,51.541014811900,0.000000000000,,gps_back
39.001333070617,51.547334585130,0.000000000000,,gps_back
39.050695058195,51.555224364114,0.000000000000,,gps_back
39.099483868167,51.566166960242,0.000000000000,,gps_back
39.148488691722,51.576001044668,0.000000000000,,gps_back
39.198129128639,51.581997600479,0.000000000000,,gps_back
39.247620933611,51.588875308270,0.000000000000,,gps_back
39.296185891422,51.600773342981,0.000000000000,,gps_back
39.344953738218,51.611676063135,0.000000000000,,gps_back
39.394572652172,51.617848750985,0.000000000000,,gps_back
39.444098726491,51.624557287474,0.000000000000,,gps_back
39.492898515317,51.635453029896,0.000000000000,,gps_back
39.541750624523,51.646041042501,0.000000000000,,gps_back
39.591238742120,51.653183081432,0.000000000000,,gps_back
39.640821089205,51.659642374672,0.000000000000,,gps_back
39.690433552155,51.665866694017,0.000000000000,,gps_back
39.739974954608,51.672515341436,0.000000000000,,gps_back
39.788924158634,51.682715002172,0.000000000000,,gps_back
39.837780622126,51.693297531038,0.000000000000,,gps_back
39.887225969013,51.700714659738,0.000000000000,,gps_back
39.936815830850,51.707038757588,0.000000000000,,gps_back
39.985940533028,51.716332430708,0.000000000000,,gps_back
40.034713043716,51.727327973237,0.000000000000,,gps_back
40.083921491794,51.736154645530,0.000000000000,,gps_back
40.133456992804,51.742921459906,0.000000000000,,gps_back
40.182622337837,51.751998803243,0.000000000000,,gps_back
40.231447075658,51.762767952674,0.000000000000,,gps_back
40.280631099706,51.771723965932,0.000000000000,,gps_back
40.330211623221,51.778197649544,0.000000000000,,gps_back
40.379809280147,51.784538660008,0.000000000000,,gps_back
40.429390135594,51.790977696098,0.000000000000,,gps_back
40.478633173650,51.799571340249,0.000000000000,,gps_back
40.527301718754,51.811016723003,0.000000000000,,gps_back
40.576445899262,51.820165518573,0.000000000000,,gps_back
40.626063420281,51.826349321632,0.000000000000,,gps_back
40.675667490991,51.832639723942,0.000000000000,,gps_back
40.725216238791,51.839330590228,0.000000000000,,gps_back
40.774484231793,51.847806533146,0.000000000000,,gps_back
40.823283144058,51.858700962742,0.000000000000,,gps_back
40.872345948239,51.868270412079,0.000000000000,,gps_back
40.921894012078,51.874965728619,0.000000000000,,gps_back
40.971131159544,51.883576777472,0.000000000000,,gps_back
41.019733635298,51.895306960294,0.000000000000,,gps_back
41.068752813080,51.905097241574,0.000000000000,,gps_back
41.118299056995,51.911828304416,0.000000000000,,gps_back
41.167859986770,51.918450260052,0.000000000000,,gps_back
41.217395713311,51.925218606969,0.000000000000,,gps_back
41.266580125166,51.934183970585,0.000000000000,,gps_back
41.315398668682,51.944978989760,0.000000000000,,gps_back
41.364598514242,51.953822788788,0.000000000000,,gps_back
41.414246814068,51.959754457145,0.000000000000,,gps_back
41.463903270934,51.965617190470,0.000000000000,,gps_back
41.513577017953,51.971331869321,0.000000000000,,gps_back
41.563154154759,51.977642637815,0.000000000000,,gps_back
41.612085467922,51.987931566482,0.000000000000,,gps_back
41.661057466968,51.997973416823,0.000000000000,,gps_back
41.710527050853,52.005228116130,0.000000000000,,gps_back
41.760176472042,52.011150265166,0.000000000000,,gps_back
41.809840272646,52.016950650843,0.000000000000,,gps_back
41.859514019663,52.022665329706,0.000000000000,,gps_back
41.909187766682,52.028380008565,0.000000000000,,gps_back
41.958860856548,52.034100377866,0.000000000000,,gps_back
42.008433962787,52.040448427773,0.000000000000,,gps_back
42.057378905359,52.050672482448,0.000000000000,,gps_back
42.106391724678,52.060516443954,0.000000000000,,gps_back
42.155871468551,52.067708890827,0.000000000000,,gps_back
42.205441477200,52.074208219619,0.000000000000,,gps_back
42.254651510270,52.083051648811,0.000000000000,,gps_back
42.303628785304,52.093110566422,0.000000000000,,gps_back
42.352873602398,52.101721117990,0.000000000000,,gps_back
42.402477961388,52.108003438290,0.000000000000,,gps_back
42.451912250853,52.115428336839,0.000000000000,,gps_back
42.500857193425,52.125652391515,0.000000000000,,gps_back
42.549886221112,52.135383288524,0.000000000000,,gps_back
42.599460695922,52.141901809070,0.000000000000,,gps_back
42.649011551201,52.148506929291,0.000000000000,,gps_back
42.698105704411,52.157984372160,0.000000000000,,gps_back
42.747108949514,52.167902366368,0.000000000000,,gps_back
42.796466200196,52.175870775018,0.000000000000,,gps_back
42.846044031742,52.182331794391,0.000000000000,,gps_back
42.895307000621,52.190831389564,0.000000000000,,gps_back
42.944118503599,52.201663992083,0.000000000000,,gps_back
42.993263645608,52.210773693752,0.000000000000,,gps_back
43.042937392626,52.216488372615,0.000000000000,,gps_back
43.092607543563,52.222233710334,0.000000000000,,gps_back
43.142255377644,52.228169303550,0.000000000000,,gps_back
43.191814559793,52.234658144903,0.000000000000,,gps_back
43.240811842029,52.244626526298,0.000000000000,,gps_back
43.289782926599,52.254679013799,0.000000000000,,gps_back
43.339224105485,52.262109852847,0.000000000000,,gps_back
43.388898913101,52.267815258507,0.000000000000,,gps_back
43.438582583296,52.273442763643,0.000000000000,,gps_back
43.488278508463,52.278961013504,0.000000000000,,gps_back
43.537851600798,52.285273791310,0.000000000000,,gps_back
43.586761999776,52.295661840653,0.000000000000,,gps_back
43.635675909187,52.306033263079,0.000000000000,,gps_back
43.684612574734,52.316296848943,0.000000000000,,gps_back
43.733555477099,52.326530636257,0.000000000000,,gps_back
43.782483116589,52.336837122113,0.000000000000,,gps_back
43.831407682298,52.347156805573,0.000000000000,,gps_back
43.880508095726,52.356503376898,0.000000000000,,gps_back
43.930150996927,52.362480036776,0.000000000000,,gps_back
43.979684074336,52.369132015783,0.000000000000,,gps_back
44.028594473314,52.379520065124,0.000000000000,,gps_back
44.077587582510,52.389442671054,0.000000000000,,gps_back
44.127107967960,52.396344279499,0.000000000000,,gps_back
44.176736405733,52.402385893546,0.000000000000,,gps_back
44.226008081979,52.410828749300,0.000000000000,,gps_back
44.274827103224,52.421623428158,0.000000000000,,gps_back
44.324010434883,52.430532173935,0.000000000000,,gps_back
44.373684095430,52.436247604088,0.000000000000,,gps_back
44.423353517957,52.441999224629,0.000000000000,,gps_back
44.473000981505,52.447937916447,0.000000000000,,gps_back
44.522651954403,52.453846745803,0.000000000000,,gps_back
44.572323896808,52.459577085480,0.000000000000,,gps_back
44.621997643826,52.465291764341,0.000000000000,,gps_back
44.671671390845,52.471006443196,0.000000000000,,gps_back
44.721343572304,52.476734619154,0.000000000000,,gps_back
44.771003797472,52.482565360262,0.000000000000,,gps_back
44.820649083184,52.488522180300,0.000000000000,,gps_back
44.870304523707,52.494393440780,0.000000000000,,gps_back
44.919978270725,52.500108119644,0.000000000000,,gps_back
44.969521190452,52.506592724474,0.000000000000,,gps_back
45.018294301475,52.517607366194,0.000000000000,,gps_back
45.067176769919,52.528018144527,0.000000000000,,gps_back
45.116722673643,52.534747796710,0.000000000000,,gps_back
45.166271237969,52.541370712517,0.000000000000,,gps_back
45.215379913088,52.550770470729,0.000000000000,,gps_back
45.264381668605,52.560690660467,0.000000000000,,gps_back
45.313764621551,52.568481770624,0.000000000000,,gps_back
45.363422305376,52.574325978476,0.000000000000,,gps_back
45.412890161668,52.581481096292,0.000000000000,,gps_back
45.461800560646,52.591869145635,0.000000000000,,gps_back
45.510809542867,52.601682836413,0.000000000000,,gps_back
45.560394815918,52.608117165379,0.000000000000,,gps_back
45.609958603740,52.614599070697,0.000000000000,,gps_back
45.659034016230,52.624170941497,0.000000000000,,gps_back
45.708008931183,52.634216018187,0.000000000000,,gps_back
45.757404567853,52.641918646890,0.000000000000,,gps_back
45.807102091514,52.647422700057,0.000000000000,,gps_back
45.856792598221,52.652989413964,0.000000000000,,gps_back
45.906466345240,52.658704092814,0.000000000000,,gps_back
45.956035013255,52.665075498672,0.000000000000,,gps_back
46.005000446519,52.675200095249,0.000000000000,,gps_back
46.053985170085,52.685169786074,0.000000000000,,gps_back
46.103477172577,52.692256324398,0.000000000000,,gps_back
46.153142027604,52.698014518530,0.000000000000,,gps_back
46.202533842514,52.705710727621,0.000000000000,,gps_back
46.251449890437,52.716071944045,0.000000000000,,gps_back
46.300508734241,52.725593925188,0.000000000000,,gps_back
46.350182481260,52.731308604038,0.000000000000,,gps_back
46.399861414667,52.736976964498,0.000000000000,,gps_back
46.449570463689,52.742375852073,0.000000000000,,gps_back
46.499258635795,52.747934954317,0.000000000000,,gps_back
46.548696181855,52.755323984718,0.000000000000,,gps_back
46.597651753417,52.765497006641,0.000000000000,,gps_back
46.646729258893,52.774914362104,0.000000000000,,gps_back
46.696424824097,52.780436091572,0.000000000000,,gps_back
46.746120624020,52.785955705924,0.000000000000,,gps_back
46.795817884481,52.791462155363,0.000000000000,,gps_back
46.845492668942,52.797150180814,0.000000000000,,gps_back
46.894962699822,52.804338311064,0.000000000000,,gps_back
46.944016247594,52.814027900750,0.000000000000,,gps_back
46.993051745733,52.823806153106,0.000000000000,,gps_back
47.041985117184,52.834085334619,0.000000000000,,gps_back
47.090969100861,52.844076581877,0.000000000000,,gps_back
47.140404601277,52.851520656927,0.000000000000,,gps_back
47.190117064198,52.856887018798,0.000000000000,,gps_back
47.239686899365,52.863222496772,0.000000000000,,gps_back
47.288640879265,52.873403191699,0.000000000000,,gps_back
47.337588602541,52.883613682409,0.000000000000,,gps_back
47.386500745282,52.893993492313,0.000000000000,,gps_back
47.435412817385,52.904372910553,0.000000000000,,gps_back
47.484397109836,52.914405601933,0.000000000000,,gps_back
47.533450657608,52.924095191619,0.000000000000,,gps_back
47.582603882771,52.933141164793,0.000000000000,,gps_back
47.632292266092,52.938727020587,0.000000000000,,gps_back
47.681911403897,52.944766574142,0.000000000000,,gps_back
47.731062319764,52.953933590048,0.000000000000,,gps_back
47.779981785727,52.964278355617,0.000000000000,,gps_back
47.828962985509,52.974326021836,0.000000000000,,gps_back
47.878016533283,52.984015611509,0.000000000000,,gps_back
47.927054362928,52.993782738978,0.000000000000,,gps_back
47.976007348082,53.003968201592,0.000000000000,,gps_back
48.024948925930,53.014208281374,0.000000000000,,gps_back
48.073870551725,53.024543303022,0.000000000000,,gps_back
48.122782633498,53.034923409215,0.000000000000,,gps_back
48.171707434034,53.045243330669,0.000000000000,,gps_back
48.220652494290,53.055466821854,0.000000000000,,gps_back
48.269615305796,53.065603023380,0.000000000000,,gps_back
48.318668853571,53.075292613053,0.000000000000,,gps_back
48.367710555343,53.085041004083,0.000000000000,,gps_back
48.416678622325,53.095152981723,0.000000000000,,gps_back
48.465621616478,53.105379316951,0.000000000000,,gps_back
48.514826300694,53.114165857597,0.000000000000,,gps_back
48.564500047712,53.119880536460,0.000000000000,,gps_back
48.614065598715,53.126275603668,0.000000000000,,gps_back
48.663053538375,53.136291183577,0.000000000000,,gps_back
48.712009806161,53.146460051174,0.000000000000,,gps_back
48.761031612891,53.156308713660,0.000000000000,,gps_back
48.810082523853,53.166011592974,0.000000000000,,gps_back
48.859106295729,53.175849539366,0.000000000000,,gps_back
48.908060275627,53.186030234304,0.000000000000,,gps_back
48.957006971736,53.196245568812,0.000000000000,,gps_back
49.005914233530,53.206648369818,0.000000000000,,gps_back
49.054893399562,53.216659144888,0.000000000000,,gps_back
49.104328692704,53.224121885005,0.000000000000,,gps_back
49.153979195578,53.230020041113,0.000000000000,,gps_back
49.203431688700,53.237332185429,0.000000000000,,gps_back
49.252485236472,53.247021775115,0.000000000000,,gps_back
49.301525817864,53.256775636640,0.000000000000,,gps_back
49.350496110945,53.266877509803,0.000000000000,,gps_back
49.399445827905,53.277078571779,0.000000000000,,gps_back
49.448369162173,53.287405421259,0.000000000000,,gps_back
49.497302251315,53.297679502110,0.000000000000,,gps_back
49.546498919067,53.306491030870,0.000000000000,,gps_back
49.596197160163,53.311988623917,0.000000000000,,gps_back
49.645779390989,53.318223603330,0.000000000000,,gps_back
49.694752637599,53.328310294711,0.000000000000,,gps_back
49.743754127169,53.338191090599,0.000000000000,,gps_back
49.793263827913,53.345147570053,0.000000000000,,gps_back
49.842965525956,53.350604877798,0.000000000000,,gps_back
49.892476250858,53.357426476941,0.000000000000,,gps_back
49.941430230756,53.367607171881,0.000000000000,,gps_back
49.990481607364,53.377221208135,0.000000000000,,gps_back
50.040037250011,53.383879656257,0.000000000000,,gps_back
50.089584835542,53.390525030058,0.000000000000,,gps_back
50.138765850333,53.399540167978,0.000000000000,,gps_back
50.187854716650,53.409039293376,0.000000000000,,gps_back
50.237188934661,53.417110231430,0.000000000000,,gps_back
50.286861364520,53.422836290553,0.000000000000,,gps_back
50.336408492176,53.429352651019,0.000000000000,,gps_back
50.385362472074,53.439533345959,0.000000000000,,gps_back
50.434408320781,53.449188469194,0.000000000000,,gps_back
50.483941420577,53.455997685557,0.000000000000,,gps_back
50.533570863531,53.462040319504,0.000000000000,,gps_back
50.582901998546,53.470141750811,0.000000000000,,gps_back
50.631846168510,53.480369500011,0.000000000000,,gps_back
50.680781475888,53.490639428497,0.000000000000,,gps_back
50.729691874866,53.501027477840,0.000000000000,,gps_back
50.778622280196,53.511318533131,0.000000000000,,gps_back
50.827655383647,53.521110939975,0.000000000000,,gps_back
50.876751272487,53.530569281996,0.000000000000,,gps_back
50.926118285262,53.538447236357,0.000000000000,,gps_back
50.975785609608,53.544216201054,0.000000000000,,gps_back
51.025305668244,53.550955161097,0.000000000000,,gps_back
51.074259648145,53.561135856024,0.000000000000,,gps_back
51.123312697827,53.570741832870,0.000000000000,,gps_back
51.172872722033,53.577358625645,0.000000000000,,gps_back
51.222491185342,53.583477128827,0.000000000000,,gps_back
51.271784619660,53.591818040366,0.000000000000,,gps_back
51.320737191679,53.602005491482,0.000000000000,,gps_back
51.369676896283,53.612254385054,0.000000000000,,gps_back
51.418587295260,53.622642434397,0.000000000000,,gps_back
51.467616997304,53.632325408046,0.000000000000,,gps_back
51.517234057118,53.638509227820,0.000000000000,,gps_back
51.566849824057,53.644638738960,0.000000000000,,gps_back
51.616137816612,53.653033395880,0.000000000000,,gps_back
51.665208901383,53.662631622875,0.000000000000,,gps_back
51.714457571275,53.671161952354,0.000000000000,,gps_back
51.764153136479,53.676683681826,0.000000000000,,gps_back
51.813735949466,53.682935344915,0.000000000000,,gps_back
51.862757865383,53.692780431588,0.000000000000,,gps_back
51.911751307231,53.702719930724,0.000000000000,,gps_back
51.961189025563,53.710163339231,0.000000000000,,gps_back
52.010864967726,53.715858749339,0.000000000000,,gps_back
52.060556735685,53.721413477900,0.000000000000,,gps_back
52.110274345938,53.726733057589,0.000000000000,,gps_back
52.159886036984,53.732764605810,0.000000000000,,gps_back
52.208971099215,53.742288237441,0.000000000000,,gps_back
52.257934405453,53.752423485578,0.000000000000,,gps_back
52.306949596954,53.762304858657,0.000000000000,,gps_back
52.356010510058,53.771956728105,0.000000000000,,gps_back
52.405215506712,53.780700013069,0.000000000000,,gps_back
52.454933116964,53.786019592769,0.000000000000,,gps_back
52.504588003236,53.791806677018,0.000000000000,,gps_back
52.553894985202,53.800084194611,0.000000000000,,gps_back
52.602945368765,53.809789726140,0.000000000000,,gps_back
52.651958859081,53.819677102800,0.000000000000,,gps_back
52.700869258059,53.830065152143,0.000000000000,,gps_back
52.749806136229,53.840323787765,0.000000000000,,gps_back
52.798871622173,53.849952535972,0.000000000000,,gps_back
52.847972634153,53.859398037217,0.000000000000,,gps_back
52.897134765710,53.868518357987,0.000000000000,,gps_back
52.946377091658,53.877197760761,0.000000000000,,gps_back
52.995524118514,53.886344050773,0.000000000000,,gps_back
53.044118165393,53.898085344681,0.000000000000,,gps_back
53.092204940676,53.911789378821,0.000000000000,,gps_back
53.140593051650,53.923940660525,0.000000000000,,gps_back
53.190329020933,53.929085760796,0.000000000000,,gps_back
53.240033151453,53.934498992909,0.000000000000,,gps_back
53.289521454852,53.941580883978,0.000000000000,,gps_back
53.338691927778,53.950658509739,0.000000000000,,gps_back
53.387847078480,53.959817049912,0.000000000000,,gps_back
53.436926526798,53.969374375651,0.000000000000,,gps_back
53.485985955847,53.979033922025,0.000000000000,,gps_back
53.535088487640,53.988470296570,0.000000000000,,gps_back
53.584265159166,53.997514282139,0.000000000000,,gps_back
53.633506696777,54.006153939829,0.000000000000,,gps_back
53.683076947349,54.012681072554,0.000000000000,,gps_back
53.732782093209,54.018110746754,0.000000000000,,gps_back
53.782344194285,54.024609697411,0.000000000000,,gps_back
53.831514667210,54.033687323183,0.000000000000,,gps_back
53.880743091933,54.042412069111,0.000000000000,,gps_back
53.930275736209,54.049205611245,0.000000000000,,gps_back
53.979995621405,54.054503885786,0.000000000000,,gps_back
54.029714994908,54.059806954199,0.000000000000,,gps_back
54.079432605161,54.065126533888,0.000000000000,,gps_back
54.129101563818,54.070825186506,0.000000000000,,gps_back
54.178513414369,54.078464594610,0.000000000000,,gps_back
54.227755740317,54.087143997384,0.000000000000,,gps_back
54.277070455245,54.095335846158,0.000000000000,,gps_back
54.326724494517,54.101213320394,0.000000000000,,gps_back
54.376407315062,54.106816115195,0.000000000000,,gps_back
54.425847464874,54.114204437504,0.000000000000,,gps_back
54.474901012646,54.123894027190,0.000000000000,,gps_back
54.524065614545,54.132877780749,0.000000000000,,gps_back
54.573735804254,54.138619388983,0.000000000000,,gps_back
54.623438034205,54.144071072308,0.000000000000,,gps_back
54.673033472977,54.150414055619,0.000000000000,,gps_back
54.722503425714,54.157684714015,0.000000000000,,gps_back
54.771973378451,54.164955372410,0.000000000000,,gps_back
54.821443331188,54.172226030806,0.000000000000,,gps_back
54.870913283925,54.179496689201,0.000000000000,,gps_back
54.920383236662,54.186767347597,0.000000000000,,gps_back
54.969853189399,54.194038005993,0.000000000000,,gps_back
55.019323142136,54.201308664388,0.000000000000,,gps_back
55.068793094873,54.208579322784,0.000000000000,,gps_back
55.118274417636,54.215770193863,0.000000000000,,gps_back
55.167836763599,54.222361035317,0.000000000000,,gps_back
55.217534807684,54.227860409048,0.000000000000,,gps_back
55.267240976187,54.233283456366,0.000000000000,,gps_back
55.316985142151,54.238348514219,0.000000000000,,gps_back
55.366738443387,54.243323221413,0.000000000000,,gps_back
55.416492303075,54.248292336710,0.000000000000,,gps_back
55.466247426529,54.253248785781,0.000000000000,,gps_back
55.515941141814,54.258690699632,0.000000000000,,gps_back
55.565294887113,54.266669360405,0.000000000000,,gps_back
55.614352547389,54.276338003836,0.000000000000,,gps_back
55.663473557363,54.285664369072,0.000000000000,,gps_back
55.712793320565,54.293892349081,0.000000000000,,gps_back
55.762113083766,54.302120329090,0.000000000000,,gps_back
55.811432846968,54.310348309099,0.000000000000,,gps_back
55.860752610170,54.318576289108,0.000000000000,,gps_back
55.910072373371,54.326804269117,0.000000000000,,gps_back
55.959392136573,54.335032249125,0.000000000000,,gps_back
56.008711899775,54.343260229134,0.000000000000,,gps_back
56.058031662977,54.351488209143,0.000000000000,,gps_back
56.107351426178,54.359716189152,0.000000000000,,gps_back
56.156725299635,54.367574048380,0.000000000000,,gps_back
56.206356208177,54.373638935863,0.000000000000,,gps_back
56.256050513705,54.379156297993,0.000000000000,,gps_back
56.305542226998,54.386156489293,0.000000000000,,gps_back
56.354595774772,54.395846078966,0.000000000000,,gps_back
56.403666171857,54.405448177123,0.000000000000,,gps_back
56.452814878189,54.414642746733,0.000000000000,,gps_back
56.502000671262,54.423635180707,0.000000000000,,gps_back
56.551340638640,54.431634658210,0.000000000000,,gps_back
56.601060550599,54.436932681618,0.000000000000,,gps_back
56.650728261736,54.442636312346,0.000000000000,,gps_back
56.700136768111,54.450301678230,0.000000000000,,gps_back
56.749403934718,54.458838948980,0.000000000000,,gps_back
56.798651220702,54.467486997072,0.000000000000,,gps_back
56.847809054688,54.476632734410,0.000000000000,,gps_back
56.896956933988,54.485831722456,0.000000000000,,gps_back
56.946145888965,54.494805765006,0.000000000000,,gps_back
56.995418213475,54.503313216721,0.000000000000,,gps_back
57.044726834399,54.511593962406,0.000000000000,,gps_back
57.094239836774,54.518521546324,0.000000000000,,gps_back
57.143957447027,54.523841126013,0.000000000000,,gps_back
57.193461854875,54.530384047903,0.000000000000,,gps_back
57.242027340211,54.542279472243,0.000000000000,,gps_back
57.290531592339,54.554421230733,0.000000000000,,gps_back
57.339369182270,54.564793791822,0.000000000000,,gps_back
57.389138063452,54.569610135162,0.000000000000,,gps_back
57.438882582493,54.574650467720,0.000000000000,,gps_back
57.488433544520,54.581233885133,0.000000000000,,gps_back
57.537604017445,54.590311510906,0.000000000000,,gps_back
57.586674442225,54.599863239692,0.000000000000,,gps_back
57.635250582541,54.611702079912,0.000000000000,,gps_back
57.683532709732,54.624701114156,0.000000000000,,gps_back
57.732094869156,54.636180045395,0.000000000000,,gps_back
57.781849225318,54.641139963119,0.000000000000,,gps_back
57.831643885694,54.645682043627,0.000000000000,,gps_back
57.881323705900,54.651067992822,0.000000000000,,gps_back
57.930516068168,54.660026043355,0.000000000000,,gps_back
57.979647775475,54.669301967811,0.000000000000,,gps_back
58.028521988281,54.679823246139,0.000000000000,,gps_back
58.076999417627,54.692073860055,0.000000000000,,gps_back
58.125541208192,54.704053367863,0.000000000000,,gps_back
58.174416348645,54.714585827913,0.000000000000,,gps_back
58.223559188327,54.723811878275,0.000000000000,,gps_back
58.272706369139,54.733014648412,0.000000000000,,gps_back
58.321872648946,54.742114950583,0.000000000000,,gps_back
58.371043322166,54.751191491079,0.000000000000,,gps_back
58.420215829432,54.760258083583,0.000000000000,,gps_back
58.469392500959,54.769302069143,0.000000000000,,gps_back
58.518578284459,54.778295762233,0.000000000000,,gps_back
58.567810435620,54.787032133238,0.000000000000,,gps_back
58.617077602227,54.795569403988,0.000000000000,,gps_back
58.666341402036,54.804125987715,0.000000000000,,gps_back
58.715589736976,54.812771212625,0.000000000000,,gps_back
58.764832062924,54.821450615400,0.000000000000,,gps_back
58.814079501146,54.830100751272,0.000000000000,,gps_back
58.863348922857,54.838624993868,0.000000000000,,gps_back
58.912620141291,54.847138838828,0.000000000000,,gps_back
58.961868132695,54.855783347572,0.000000000000,,gps_back
59.011038605620,54.864860973344,0.000000000000,,gps_back
59.060206873160,54.873950503276,0.000000000000,,gps_back
59.109362813847,54.883106428654,0.000000000000,,gps_back
59.158505653529,54.892332479016,0.000000000000,,gps_back
59.207652561755,54.901536720493,0.000000000000,,gps_back
59.256817684944,54.910643264916,0.000000000000,,gps_back
59.305990482432,54.919708252363,0.000000000000,,gps_back
59.355190365476,54.928622796924,0.000000000000,,gps_back
59.404462689986,54.937130248639,0.000000000000,,gps_back
59.453733320551,54.945647481238,0.000000000000,,gps_back
59.502992784774,54.954228944089,0.000000000000,,gps_back
59.552235110722,54.962908346865,0.000000000000,,gps_back
59.601470959173,54.971624094537,0.000000000000,,gps_back
59.650672420009,54.980531831391,0.000000000000,,gps_back
59.699842892936,54.989609457152,0.000000000000,,gps_back
59.749029785221,54.998595695909,0.000000000000,,gps_back
59.798288263067,55.007182865553,0.000000000000,,gps_back
59.847560555306,55.015690504157,0.000000000000,,gps_back
59.896826927168,55.024232084276,0.000000000000,,gps_back
59.946069253116,55.032911487051,0.000000000000,,gps_back
59.995333695424,55.041460195539,0.000000000000,,gps_back
60.044767195959,55.048876719588,0.000000000000,,gps_back
60.094520435540,55.053852043549,0.000000000000,,gps_back
60.144223661909,55.059238741322,0.000000000000,,gps_back
60.193670178739,55.066639707761,0.000000000000,,gps_back
60.242912504687,55.075319110536,0.000000000000,,gps_back
60.292234768355,55.083456332260,0.000000000000,,gps_back
60.341906887749,55.089172716787,0.000000000000,,gps_back
60.391652995205,55.094215765320,0.000000000000,,gps_back
60.441276447861,55.100223991002,0.000000000000,,gps_back
60.490548772371,55.108731442718,0.000000000000,,gps_back
60.539853362446,55.117039830953,0.000000000000,,gps_back
60.589349051278,55.124070591521,0.000000000000,,gps_back
60.639085020561,55.129215691791,0.000000000000,,gps_back
60.688752172988,55.134886857469,0.000000000000,,gps_back
60.738095549252,55.142956101411,0.000000000000,,gps_back
60.787266022177,55.152033727184,0.000000000000,,gps_back
60.836436495102,55.161111352954,0.000000000000,,gps_back
60.885606968028,55.170188978716,0.000000000000,,gps_back
60.934832265589,55.178938802045,0.000000000000,,gps_back
60.984344132645,55.185839754762,0.000000000000,,gps_back
61.034113013828,55.190656098102,0.000000000000,,gps_back
61.083881701065,55.195474443423,0.000000000000,,gps_back
61.133649467953,55.200302286447,0.000000000000,,gps_back
61.183416685177,55.205135793156,0.000000000000,,gps_back
61.233095645706,55.210639560081,0.000000000000,,gps_back
61.282387571582,55.219025397823,0.000000000000,,gps_back
61.331580025449,55.227979608173,0.000000000000,,gps_back
61.380955533703,55.235738865423,0.000000000000,,gps_back
61.430710657156,55.240695314505,0.000000000000,,gps_back
61.480418688326,55.246045095171,0.000000000000,,gps_back
61.529882265346,55.253324571951,0.000000000000,,gps_back
61.579124591294,55.262003974727,0.000000000000,,gps_back
61.628444846338,55.270160922638,0.000000000000,,gps_back
61.678100981189,55.276010098123,0.000000000000,,gps_back
61.727853903744,55.280988587280,0.000000000000,,gps_back
61.777602414226,55.286010594583,0.000000000000,,gps_back
61.827338383509,55.291155694854,0.000000000000,,gps_back
61.877029377805,55.296668960552,0.000000000000,,gps_back
61.926473748201,55.304064137603,0.000000000000,,gps_back
61.975650419729,55.313108123162,0.000000000000,,gps_back
62.024926930704,55.321484106954,0.000000000000,,gps_back
62.074615341044,55.327061534092,0.000000000000,,gps_back
62.124367883904,55.332043801054,0.000000000000,,gps_back
62.174114882287,55.337080849884,0.000000000000,,gps_back
62.223850851570,55.342225950155,0.000000000000,,gps_back
62.273592570546,55.347313882979,0.000000000000,,gps_back
62.323360970433,55.352134479244,0.000000000000,,gps_back
62.373145101551,55.356790549063,0.000000000000,,gps_back
62.422921657113,55.361524377176,0.000000000000,,gps_back
62.472666157635,55.366586154237,0.000000000000,,gps_back
62.522415550166,55.371592104774,0.000000000000,,gps_back
62.572256621747,55.375327179601,0.000000000000,,gps_back
62.622249981224,55.376223117944,0.000000000000,,gps_back
62.672233131286,55.377427160657,0.000000000000,,gps_back
62.722137510705,55.380363751075,0.000000000000,,gps_back
62.771890750286,55.385339075035,0.000000000000,,gps_back
62.821691259650,55.389044607382,0.000000000000,,gps_back
62.871658372233,55.387375220132,0.000000000000,,gps_back
62.921561667844,55.384252982758,0.000000000000,,gps_back
62.971504216282,55.382325751278,0.000000000000,,gps_back
63.021496430655,55.383283456524,0.000000000000,,gps_back
63.071487876719,55.383808918831,0.000000000000,,gps_back
63.121459853816,55.382278431833,0.000000000000,,gps_back
63.171368678447,55.379237392341,0.000000000000,,gps_back
63.221275652672,55.376166685078,0.000000000000,,gps_back
63.271174839936,55.372971479842,0.000000000000,,gps_back
63.321071572436,55.369738104513,0.000000000000,,gps_back
63.370971632019,55.366557284064,0.000000000000,,gps_back
63.420880456650,55.363516244572,0.000000000000,,gps_back
63.470801661960,55.360729966663,0.000000000000,,gps_back
63.520775111024,55.359493776071,0.000000000000,,gps_back
63.570767325397,55.360451481328,0.000000000000,,gps_back
63.620754470312,55.360828822156,0.000000000000,,gps_back
63.670710000228,55.358745268803,0.000000000000,,gps_back
63.720618824859,55.355704229311,0.000000000000,,gps_back
63.770525177783,55.352623848111,0.000000000000,,gps_back
63.820421889027,55.349390145163,0.000000000000,,gps_back
63.870317596160,55.346140975285,0.000000000000,,gps_back
63.920213605126,55.342896445476,0.000000000000,,gps_back
63.970110067164,55.339658888781,0.000000000000,,gps_back
64.020006418400,55.336419626581,0.000000000000,,gps_back
64.069902293077,55.333173030731,0.000000000000,,gps_back
64.119795327072,55.329883954672,0.000000000000,,gps_back
64.169589220264,55.325626032111,0.000000000000,,gps_back
64.219045686012,55.318264191780,0.000000000000,,gps_back
64.268550722942,55.311274366775,0.000000000000,,gps_back
64.318287920356,55.306263058321,0.000000000000,,gps_back
64.368207288397,55.303400298863,0.000000000000,,gps_back
64.418078329909,55.299967182749,0.000000000000,,gps_back
64.467718536533,55.294013271270,0.000000000000,,gps_back
64.517175002282,55.286651430950,0.000000000000,,gps_back
64.566631468031,55.279289590630,0.000000000000,,gps_back
64.616087933780,55.271927750310,0.000000000000,,gps_back
64.665550414996,55.264606872905,0.000000000000,,gps_back
64.715048509706,55.257532702252,0.000000000000,,gps_back
64.764595689477,55.250808442141,0.000000000000,,gps_back
64.814133911079,55.244019667919,0.000000000000,,gps_back
64.863628475450,55.236919807090,0.000000000000,,gps_back
64.913084941199,55.229557966770,0.000000000000,,gps_back
64.962541406948,55.222196126450,0.000000000000,,gps_back
65.011997872697,55.214834286131,0.000000000000,,gps_back
65.061455236252,55.207478489217,0.000000000000,,gps_back
65.110919965363,55.200172572101,0.000000000000,,gps_back
65.160399677428,55.192968629348,0.000000000000,,gps_back
65.209876731596,55.185746541475,0.000000000000,,gps_back
65.259341612192,55.178441515752,0.000000000000,,gps_back
65.308798077942,55.171079675433,0.000000000000,,gps_back
65.358116156704,55.162972706556,0.000000000000,,gps_back
65.406898169515,55.151998903654,0.000000000000,,gps_back
65.455614355863,55.140735360934,0.000000000000,,gps_back
65.504390525076,55.129737744619,0.000000000000,,gps_back
65.553282001946,55.119260999576,0.000000000000,,gps_back
65.602163044262,55.108736106922,0.000000000000,,gps_back
65.650983527464,55.097935070040,0.000000000000,,gps_back
65.699723182430,55.086773316994,0.000000000000,,gps_back
65.748457293758,55.075587485828,0.000000000000,,gps_back
65.797167686163,55.064298744819,0.000000000000,,gps_back
65.845866575804,55.052960453722,0.000000000000,,gps_back
65.894575570238,55.041665984503,0.000000000000,,gps_back
65.943322640068,55.030536660060,0.000000000000,,gps_back
65.992021708245,55.019206680486,0.000000000000,,gps_back
66.040366593088,55.006499768576,0.000000000000,,gps_back
66.088085429703,54.991564865515,0.000000000000,,gps_back
66.135919004079,54.977022968875,0.000000000000,,gps_back
66.184273620804,54.964318665903,0.000000000000,,gps_back
66.232982016386,54.953021281378,0.000000000000,,gps_back
66.281523672682,54.941093297186,0.000000000000,,gps_back
66.329405841311,54.926693591661,0.000000000000,,gps_back
66.377137066321,54.911798543890,0.000000000000,,gps_back
66.425072819002,54.897620645075,0.000000000000,,gps_back
66.473592916651,54.885540130957,0.000000000000,,gps_back
66.522026482614,54.873134034618,0.000000000000,,gps_back
66.570060441798,54.859256820419,0.000000000000,,gps_back
66.617795443163,54.844373664101,0.000000000000,,gps_back
66.665530444528,54.829490507783,0.000000000000,,gps_back
66.713265445893,54.814607351465,0.000000000000,,gps_back
66.761007793875,54.799747854266,0.000000000000,,gps_back
66.808976423742,54.785711595996,0.000000000000,,gps_back
66.857675313383,54.774373304898,0.000000000000,,gps_back
66.906309917666,54.762773783799,0.000000000000,,gps_back
66.954566217342,54.749716996877,0.000000000000,,gps_back
67.002301218707,54.734833840559,0.000000000000,,gps_back
67.050036220072,54.719950684241,0.000000000000,,gps_back
67.097771221437,54.705067527923,0.000000000000,,gps_back
67.145506222802,54.690184371605,0.000000000000,,gps_back
67.193238332093,54.675291954186,0.000000000000,,gps_back
67.240959305749,54.660363881416,0.000000000000,,gps_back
67.288671983731,54.645409366515,0.000000000000,,gps_back
67.336294875144,54.630176932377,0.000000000000,,gps_back
67.383672261840,54.614191879135,0.000000000000,,gps_back
67.431086305962,54.598317446832,0.000000000000,,gps_back
67.478670852869,54.582961794131,0.000000000000,,gps_back
67.526389689483,54.568026891068,0.000000000000,,gps_back
67.573850453212,54.552360873318,0.000000000000,,gps_back
67.620270143384,54.533784167016,0.000000000000,,gps_back
67.666354149092,54.514383589872,0.000000000000,,gps_back
67.712867391689,54.496123598814,0.000000000000,,gps_back
67.760550586857,54.481075290076,0.000000000000,,gps_back
67.808215808262,54.465970566138,0.000000000000,,gps_back
67.855776131567,54.450540233518,0.000000000000,,gps_back
67.903192223210,54.434670357949,0.000000000000,,gps_back
67.950465367943,54.418399713152,0.000000000000,,gps_back
67.997165617766,54.400535269025,0.000000000000,,gps_back
68.043663537667,54.382148258876,0.000000000000,,gps_back
68.090346844273,54.364266344480,0.000000000000,,gps_back
68.137717231694,54.348260922779,0.000000000000,,gps_back
68.185092548744,54.332273616719,0.000000000000,,gps_back
68.232107313356,54.315269351382,0.000000000000,,gps_back
68.278605233253,54.296882341224,0.000000000000,,gps_back
68.325047424561,54.278357176795,0.000000000000,,gps_back
68.371227492201,54.259188217620,0.000000000000,,gps_back
68.417186018515,54.239491706346,0.000000000000,,gps_back
68.463161705589,54.219835460315,0.000000000000,,gps_back
68.509202878891,54.200332929247,0.000000000000,,gps_back
68.555317635650,54.181007305723,0.000000000000,,gps_back
68.601954491812,54.163057915100,0.000000000000,,gps_back
68.649689493177,54.148174758782,0.000000000000,,gps_back
68.697183082080,54.132599916659,0.000000000000,,gps_back
68.743340700196,54.113496226733,0.000000000000,,gps_back
68.787844102889,54.090701800967,0.000000000000,,gps_back
68.832570198848,54.068368047771,0.000000000000,,gps_back
68.878199344474,54.047927919420,0.000000000000,,gps_back
68.924254150529,54.028457594909,0.000000000000,,gps_back
68.970403507638,54.009218102227,0.000000000000,,gps_back
69.016887333991,53.990795502910,0.000000000000,,gps_back
69.063371990857,53.972375110273,0.000000000000,,gps_back
69.109718600230,53.953615369686,0.000000000000,,gps_back
69.155744871619,53.934077687139,0.000000000000,,gps_back
69.201622522815,53.914205308683,0.000000000000,,gps_back
69.246798564940,53.892788991156,0.000000000000,,gps_back
69.291339383592,53.870067763830,0.000000000000,,gps_back
69.336105122555,53.847813977346,0.000000000000,,gps_back
69.381745238617,53.827394897735,0.000000000000,,gps_back
69.427699475745,53.807688391783,0.000000000000,,gps_back
69.473494936716,53.787626350727,0.000000000000,,gps_back
69.518791228209,53.766451255113,0.000000000000,,gps_back
69.564087519702,53.745276159498,0.000000000000,,gps_back
69.609383811195,53.724101063883,0.000000000000,,gps_back
69.654680102687,53.702925968268,0.000000000000,,gps_back
69.699871651406,53.681532980226,0.000000000000,,gps_back
69.744627196152,53.659239728808,0.000000000000,,gps_back
69.789130598841,53.636445303033,0.000000000000,,gps_back
69.833634001530,53.613650877259,0.000000000000,,gps_back
69.878137404222,53.590856451490,0.000000000000,,gps_back
69.922667370428,53.568114223661,0.000000000000,,gps_back
69.967610628414,53.546245913187,0.000000000000,,gps_back
70.013665434469,53.526775588678,0.000000000000,,gps_back
70.059531342143,53.506882955360,0.000000000000,,gps_back
70.104427043610,53.484909137580,0.000000000000,,gps_back
70.148235014711,53.460805188417,0.000000000000,,gps_back
70.192167151224,53.436933273877,0.000000000000,,gps_back
70.236558290243,53.413921363540,0.000000000000,,gps_back
70.281061692935,53.391126937772,0.000000000000,,gps_back
70.325565095627,53.368332512001,0.000000000000,,gps_back
70.370068498316,53.345538086227,0.000000000000,,gps_back
70.414571901005,53.322743660452,0.000000000000,,gps_back
70.459075303696,53.299949234681,0.000000000000,,gps_back
70.503578706389,53.277154808914,0.000000000000,,gps_back
70.548005461329,53.254213407431,0.000000000000,,gps_back
70.592088943162,53.230619184108,0.000000000000,,gps_back
70.635896914264,53.206515234945,0.000000000000,,gps_back
70.679843822444,53.182671803553,0.000000000000,,gps_back
70.724285019787,53.159756453280,0.000000000000,,gps_back
70.768767219220,53.136920839004,0.000000000000,,gps_back
70.813012315976,53.113637876629,0.000000000000,,gps_back
70.856694253526,53.089306271068,0.000000000000,,gps_back
70.900390693266,53.065000782054,0.000000000000,,gps_back
70.944150772786,53.040810055155,0.000000000000,,gps_back
70.987958743884,53.016706105985,0.000000000000,,gps_back
71.031907722050,52.992866675111,0.000000000000,,gps_back
71.076355576748,52.969964216782,0.000000000000,,gps_back
71.120790772903,52.947038742691,0.000000000000,,gps_back
71.164492072654,52.922810800202,0.000000000000,,gps_back
71.206486498756,52.895670297744,0.000000000000,,gps_back
71.248652779553,52.868804222962,0.000000000000,,gps_back
71.291645088963,52.843289165027,0.000000000000,,gps_back
71.335453060065,52.819185215866,0.000000000000,,gps_back
71.379386698897,52.795316135025,0.000000000000,,gps_back
71.423779761597,52.772307926998,0.000000000000,,gps_back
71.468269566329,52.749487038176,0.000000000000,,gps_back
71.512155636205,52.725613387964,0.000000000000,,gps_back
71.554150062303,52.698472885499,0.000000000000,,gps_back
71.596144488400,52.671332383035,0.000000000000,,gps_back
71.638138914501,52.644191880574,0.000000000000,,gps_back
71.680133340604,52.617051378119,0.000000000000,,gps_back
71.722127766708,52.589910875664,0.000000000000,,gps_back
71.764122192811,52.562770373207,0.000000000000,,gps_back
71.806116618913,52.535629870750,0.000000000000,,gps_back
71.848463835521,52.509072846499,0.000000000000,,gps_back
71.892067623646,52.484602530227,0.000000000000,,gps_back
71.935783790002,52.460334931533,0.000000000000,,gps_back
71.978866772716,52.434983483139,0.000000000000,,gps_back
72.020861198814,52.407842980674,0.000000000000,,gps_back
72.062855624912,52.380702478210,0.000000000000,,gps_back
72.104850051013,52.353561975751,0.000000000000,,gps_back
72.146844477117,52.326421473296,0.000000000000,,gps_back
72.188838903220,52.299280970840,0.000000000000,,gps_back
72.230833329323,52.272140468383,0.000000000000,,gps_back
72.272814990024,52.244980258478,0.000000000000,,gps_back
72.314517954487,52.217404833876,0.000000000000,,gps_back
72.355426220651,52.188653269454,0.000000000000,,gps_back
72.396737617206,52.160516369494,0.000000000000,,gps_back
72.439832022396,52.135207988536,0.000000000000,,gps_back
72.484335425085,52.112413562761,0.000000000000,,gps_back
72.528444625332,52.088911733640,0.000000000000,,gps_back
72.571056095301,52.062758506088,0.000000000000,,gps_back
72.613050521404,52.035618003630,0.000000000000,,gps_back
72.654721014677,52.008002499833,0.000000000000,,gps_back
72.695310815541,51.978803085392,0.000000000000,,gps_back
72.735867715617,51.949557973775,0.000000000000,,gps_back
72.776424615693,51.920312862158,0.000000000000,,gps_back
72.816981515769,51.891067750540,0.000000000000,,gps_back
72.857720005566,51.862081835617,0.000000000000,,gps_back
72.899211055632,51.834182374529,0.000000000000,,gps_back
72.941205481729,51.807041872064,0.000000000000,,gps_back
72.983199907827,51.779901369600,0.000000000000,,gps_back
73.025194333930,51.752760867144,0.000000000000,,gps_back
73.067170419103,51.725592075785,0.000000000000,,gps_back
73.108872655966,51.698013428853,0.000000000000,,gps_back
73.149871697395,51.669391456537,0.000000000000,,gps_back
73.190780525640,51.640642088242,0.000000000000,,gps_back
73.231298546232,51.611344552791,0.000000000000,,gps_back
73.271508468660,51.581624175344,0.000000000000,,gps_back
73.311987049725,51.552282866519,0.000000000000,,gps_back
73.353497564273,51.524412054533,0.000000000000,,gps_back
73.395491990372,51.497271552070,0.000000000000,,gps_back
73.436856678415,51.469249305535,0.000000000000,,gps_back
73.476086173542,51.438246936307,0.000000000000,,gps_back
73.515150767008,51.407036845982,0.000000000000,,gps_back
73.554629024739,51.376358929341,0.000000000000,,gps_back
73.594860843151,51.346668198723,0.000000000000,,gps_back
73.635147968287,51.317053041325,0.000000000000,,gps_back
73.675719130894,51.287829478761,0.000000000000,,gps_back
73.716627397058,51.259077914339,0.000000000000,,gps_back
73.757203467208,51.229876892864,0.000000000000,,gps_back
73.796580280173,51.199062982884,0.000000000000,,gps_back
73.835599781613,51.167796128055,0.000000000000,,gps_back
73.874930939280,51.136933062269,0.000000000000,,gps_back
73.915162757691,51.107242331651,0.000000000000,,gps_back
73.955425291200,51.077593414097,0.000000000000,,gps_back
73.995916047290,51.048259476189,0.000000000000,,gps_back
74.036824313455,51.019507911767,0.000000000000,,gps_back
74.077469608288,50.990396884588,0.000000000000,,gps_back
74.117074172738,50.959879201111,0.000000000000,,gps_back
74.156082767462,50.928598724213,0.000000000000,,gps_back
74.195091362184,50.897318247313,0.000000000000,,gps_back
74.234099956903,50.866037770409,0.000000000000,,gps_back
74.273108551622,50.834757293505,0.000000000000,,gps_back
74.312117146342,50.803476816602,0.000000000000,,gps_back
74.351125741066,50.772196339704,0.000000000000,,gps_back
74.390134335790,50.740915862806,0.000000000000,,gps_back
74.429142930512,50.709635385906,0.000000000000,,gps_back
74.468151525233,50.678354909004,0.000000000000,,gps_back
74.507160119954,50.647074432103,0.000000000000,,gps_back
74.546168714675,50.615793955201,0.000000000000,,gps_back
74.585181059420,50.584518157241,0.000000000000,,gps_back
74.624484594220,50.553620082518,0.000000000000,,gps_back
74.664694516650,50.523899705074,0.000000000000,,gps_back
74.704862143002,50.494122462485,0.000000000000,,gps_back
74.744651778650,50.463849988816,0.000000000000,,gps_back
74.783660373374,50.432569511917,0.000000000000,,gps_back
74.822481787050,50.401061500525,0.000000000000,,gps_back
74.860444244273,50.368526647854,0.000000000000,,gps_back
74.897592551481,50.335058125795,0.000000000000,,gps_back
74.934999998469,50.301887089509,0.000000000000,,gps_back
74.973426629961,50.269898457109,0.000000000000,,gps_back
75.012435224679,50.238617980204,0.000000000000,,gps_back
75.051443819399,50.207337503301,0.000000000000,,gps_back
75.090452414122,50.176057026402,0.000000000000,,gps_back
75.129397834521,50.144698449580,0.000000000000,,gps_back
75.167760183659,50.112645749937,0.000000000000,,gps_back
75.204899900421,50.079167695392,0.000000000000,,gps_back
75.242166336132,50.045832521160,0.000000000000,,gps_back
75.280157524248,50.013335947538,0.000000000000,,gps_back
75.319166118972,49.982055470640,0.000000000000,,gps_back
75.357919111814,49.950467042974,0.000000000000,,gps_back
75.395643047020,49.917653466851,0.000000000000,,gps_back
75.432704293709,49.884088564183,0.000000000000,,gps_back
75.469870691047,49.850641327012,0.000000000000,,gps_back
75.507418744324,49.817622120325,0.000000000000,,gps_back
75.545127664907,49.784786571790,0.000000000000,,gps_back
75.583044249975,49.752193495673,0.000000000000,,gps_back
75.621429006358,49.720150568611,0.000000000000,,gps_back
75.659794290548,49.688084375918,0.000000000000,,gps_back
75.697951372855,49.655773162137,0.000000000000,,gps_back
75.735641054795,49.622915490695,0.000000000000,,gps_back
75.773499537731,49.590255776372,0.000000000000,,gps_back
75.812044169849,49.558407977005,0.000000000000,,gps_back
75.851052764573,49.527127500107,0.000000000000,,gps_back
75.889412814645,49.495103623882,0.000000000000,,gps_back
75.925539928410,49.460537608954,0.000000000000,,gps_back
75.961196575206,49.425484258367,0.000000000000,,gps_back
75.997254996587,49.390853965356,0.000000000000,,gps_back
76.034316243276,49.357289062687,0.000000000000,,gps_back
76.071304170279,49.323643939429,0.000000000000,,gps_back
76.107789569549,49.289461039199,0.000000000000,,gps_back
76.143418898821,49.254379853459,0.000000000000,,gps_back
76.179224233158,49.219481257442,0.000000000000,,gps_back
76.215775069527,49.185364726057,0.000000000000,,gps_back
76.252914786290,49.151886671512,0.000000000000,,gps_back
76.289834527723,49.118171121182,0.000000000000,,gps_back
76.325913481507,49.083554418203,0.000000000000,,gps_back
76.361542810774,49.048473232458,0.000000000000,,gps_back
76.397172140042,49.013392046713,0.000000000000,,gps_back
76.432801469313,48.978310860973,0.000000000000,,gps_back
76.468480066956,48.943280008482,0.000000000000,,gps_back
76.504609003370,48.908722034681,0.000000000000,,gps_back
76.541670250064,48.875157132018,0.000000000000,,gps_back
76.578636639032,48.841488715357,0.000000000000,,gps_back
76.615053598260,48.807231841716,0.000000000000,,gps_back
76.650682927527,48.772150655970,0.000000000000,,gps_back
76.686312256795,48.737069470225,0.000000000000,,gps_back
76.721941586065,48.701988284484,0.000000000000,,gps_back
76.757570915337,48.666907098744,0.000000000000,,gps_back
76.793200244608,48.631825913003,0.000000000000,,gps_back
76.828829573878,48.596744727261,0.000000000000,,gps_back
76.864458903148,48.561663541518,0.000000000000,,gps_back
76.900088232416,48.526582355775,0.000000000000,,gps_back
76.935717561683,48.491501170029,0.000000000000,,gps_back
76.971062384959,48.456140476121,0.000000000000,,gps_back
77.004911043835,48.419365374255,0.000000000000,,gps_back
77.036885800452,48.380923812936,0.000000000000,,gps_back
77.069356419860,48.342918204472,0.000000000000,,gps_back
77.103774501518,48.306660490816,0.000000000000,,gps_back
77.139403830788,48.271579305073,0.000000000000,,gps_back
77.174667885532,48.236142417260,0.000000000000,,gps_back
77.208705505010,48.199515417993,0.000000000000,,gps_back
77.242477065724,48.162642387411,0.000000000000,,gps_back
77.276581910578,48.126086430354,0.000000000000,,gps_back
77.311757883988,48.090550764433,0.000000000000,,gps_back
77.347031305360,48.055111740151,0.000000000000,,gps_back
77.382127486194,48.019499864865,0.000000000000,,gps_back
77.416649589564,47.983328600652,0.000000000000,,gps_back
77.451105019400,47.947093782423,0.000000000000,,gps_back
77.485560449236,47.910858964194,0.000000000000,,gps_back
77.520015879073,47.874624145964,0.000000000000,,gps_back
77.554471308909,47.838389327735,0.000000000000,,gps_back
77.588775865101,47.802013467889,0.000000000000,,gps_back
77.622548306093,47.765141540236,0.000000000000,,gps_back
77.656127913601,47.728093616450,0.000000000000,,gps_back
77.689720373903,47.691057358950,0.000000000000,,gps_back
77.723363815314,47.654067402675,0.000000000000,,gps_back
77.757041346240,47.617108471305,0.000000000000,,gps_back
77.790717051972,47.580147877129,0.000000000000,,gps_back
77.824386067147,47.543181187954,0.000000000000,,gps_back
77.858051948835,47.506211644982,0.000000000000,,gps_back
77.891514184469,47.469060790489,0.000000000000,,gps_back
77.924104050832,47.431143302592,0.000000000000,,gps_back
77.955953227176,47.392597632751,0.000000000000,,gps_back
77.987983709070,47.354204766510,0.000000000000,,gps_back
78.020838950672,47.316517974719,0.000000000000,,gps_back
78.054504832359,47.279548431747,0.000000000000,,gps_back
78.088165951719,47.242574554319,0.000000000000,,gps_back
78.121796027934,47.205572457442,0.000000000000,,gps_back
78.155375635447,47.168524533660,0.000000000000,,gps_back
78.188933713316,47.131457142420,0.000000000000,,gps_back
78.222048203194,47.094003183908,0.000000000000,,gps_back
78.253994139471,47.055537668798,0.000000000000,,gps_back
78.285940075748,47.017072153688,0.000000000000,,gps_back
78.317882056782,46.978603355123,0.000000000000,,gps_back
78.349811723202,46.940124333571,0.000000000000,,gps_back
78.381741232351,46.901645181517,0.000000000000,,gps_back
78.413875871774,46.863340100022,0.000000000000,,gps_back
78.446660843654,46.825587177157,0.000000000000,,gps_back
78.479490509118,46.787873098050,0.000000000000,,gps_back
78.512320174581,46.750159018944,0.000000000000,,gps_back
78.545149840044,46.712444939837,0.000000000000,,gps_back
78.577979505508,46.674730860730,0.000000000000,,gps_back
78.610523167477,46.636775428726,0.000000000000,,gps_back
78.642049214439,46.597966166519,0.000000000000,,gps_back
78.673168520362,46.558828876165,0.000000000000,,gps_back
78.704287826284,46.519691585812,0.000000000000,,gps_back
78.735407132206,46.480554295458,0.000000000000,,gps_back
78.766526438128,46.441417005105,0.000000000000,,gps_back
78.797724292148,46.402342701008,0.000000000000,,gps_back
78.829286561030,46.363562735944,0.000000000000,,gps_back
78.861224303366,46.325090417170,0.000000000000,,gps_back
78.893162045701,46.286618098396,0.000000000000,,gps_back
78.925099788037,46.248145779623,0.000000000000,,gps_back
78.957037530372,46.209673460849,0.000000000000,,gps_back
78.989084887142,46.171293228194,0.000000000000,,gps_back
79.021763027099,46.133453937233,0.000000000000,,gps_back
79.055342634615,46.096406013453,0.000000000000,,gps_back
79.088883798149,46.059323392659,0.000000000000,,gps_back
79.121944916169,46.021821427477,0.000000000000,,gps_back
79.153890852443,45.983355912365,0.000000000000,,gps_back
79.185824823664,45.944880473009,0.000000000000,,gps_back
79.217330425768,45.906063407502,0.000000000000,,gps_back
79.247628327121,45.866286833104,0.000000000000,,gps_back
79.277922713331,45.826507582216,0.000000000000,,gps_back
79.308163518982,45.786687693934,0.000000000000,,gps_back
79.338272498291,45.746767923615,0.000000000000,,gps_back
79.368436386574,45.706889810695,0.000000000000,,gps_back
79.399164695610,45.667454754266,0.000000000000,,gps_back
79.431110631885,45.628989239153,0.000000000000,,gps_back
79.463033391147,45.590504523396,0.000000000000,,gps_back
79.494457733482,45.551623454470,0.000000000000,,gps_back
79.524566712794,45.511703684154,0.000000000000,,gps_back
79.554721801834,45.471818862585,0.000000000000,,gps_back
79.585442894801,45.432379692463,0.000000000000,,gps_back
79.617469071909,45.393980959708,0.000000000000,,gps_back
79.649479369345,45.355569005303,0.000000000000,,gps_back
79.681012785466,45.316776439282,0.000000000000,,gps_back
79.711229253013,45.276937968098,0.000000000000,,gps_back
79.741443759424,45.237098009752,0.000000000000,,gps_back
79.771627824597,45.197235019068,0.000000000000,,gps_back
79.801736803905,45.157315248749,0.000000000000,,gps_back
79.831845783213,45.117395478430,0.000000000000,,gps_back
79.861954762521,45.077475708111,0.000000000000,,gps_back
79.892063741829,45.037555937791,0.000000000000,,gps_back
79.922180266382,44.997641862939,0.000000000000,,gps_back
79.952358809646,44.957774747104,0.000000000000,,gps_back
79.982656710999,44.917998172705,0.000000000000,,gps_back
80.012944959896,44.878214253545,0.000000000000,,gps_back
80.043166815980,44.838379951847,0.000000000000,,gps_back
80.073275795289,44.798460181528,0.000000000000,,gps_back
80.103286294819,44.758466904677,0.000000000000,,gps_back
80.132698071613,44.718035740356,0.000000000000,,gps_back
80.161200746122,44.676953673184,0.000000000000,,gps_back
80.189748332014,44.635902913961,0.000000000000,,gps_back
80.218783634752,44.595202596613,0.000000000000,,gps_back
80.248892614064,44.555282826297,0.000000000000,,gps_back
80.278928457207,44.515308319258,0.000000000000,,gps_back
80.308338279052,44.474879913945,0.000000000000,,gps_back
80.336516762339,44.433574808002,0.000000000000,,gps_back
80.364784433194,44.392331123304,0.000000000000,,gps_back
80.393531982600,44.351422437362,0.000000000000,,gps_back
80.422912097459,44.310963228915,0.000000000000,,gps_back
80.452292212318,44.270504020468,0.000000000000,,gps_back
80.481672327177,44.230044812021,0.000000000000,,gps_back
80.511052442036,44.189585603574,0.000000000000,,gps_back
80.540469884675,44.149153608456,0.000000000000,,gps_back
80.570143746393,44.108910538501,0.000000000000,,gps_back
80.600252725697,44.068990768179,0.000000000000,,gps_back
80.630361705002,44.029070997858,0.000000000000,,gps_back
80.660470684309,43.989151227538,0.000000000000,,gps_back
80.690579663621,43.949231457222,0.000000000000,,gps_back
80.720438377558,43.909127833219,0.000000000000,,gps_back
80.748912598433,43.868046602503,0.000000000000,,gps_back
80.775501742593,43.825700928460,0.000000000000,,gps_back
80.802311728512,43.783497217254,0.000000000000,,gps_back
80.830445351408,43.742184814974,0.000000000000,,gps_back
80.860554330720,43.702265044658,0.000000000000,,gps_back
80.890553340501,43.662263282554,0.000000000000,,gps_back
80.919948787394,43.621819338778,0.000000000000,,gps_back
80.948526187468,43.580789216888,0.000000000000,,gps_back
80.977165343092,43.539802387209,0.000000000000,,gps_back
81.006309927606,43.499178972401,0.000000000000,,gps_back
81.036418906910,43.459259202079,0.000000000000,,gps_back
81.066353369485,43.419210186102,0.000000000000,,gps_back
81.095058506127,43.378295712458,0.000000000000,,gps_back
81.121647650295,43.335950038420,0.000000000000,,gps_back
81.148378794476,43.293694873552,0.000000000000,,gps_back
81.176273739288,43.252226952412,0.000000000000,,gps_back
81.206382718592,43.212307182090,0.000000000000,,gps_back
81.236318400020,43.172259041718,0.000000000000,,gps_back
81.265026412418,43.131346824655,0.000000000000,,gps_back
81.291615556586,43.089001150617,0.000000000000,,gps_back
81.318348580240,43.046747195490,0.000000000000,,gps_back
81.346271036348,43.005299474490,0.000000000000,,gps_back
81.376461492645,42.965441287805,0.000000000000,,gps_back
81.406356722600,42.925366206800,0.000000000000,,gps_back
81.434179977988,42.883891567368,0.000000000000,,gps_back
81.458477122953,42.840190452464,0.000000000000,,gps_back
81.483044349986,42.796643894672,0.000000000000,,gps_back
81.509224853060,42.754076607612,0.000000000000,,gps_back
81.537802253134,42.713046485722,0.000000000000,,gps_back
81.566320405694,42.671975348141,0.000000000000,,gps_back
81.594189697233,42.630472410647,0.000000000000,,gps_back
81.620660814784,42.588052855806,0.000000000000,,gps_back
81.647134079660,42.545634641261,0.000000000000,,gps_back
81.673641415126,42.503237746266,0.000000000000,,gps_back
81.700230559294,42.460892072228,0.000000000000,,gps_back
81.726818944766,42.418545921837,0.000000000000,,gps_back
81.753375963019,42.376180133798,0.000000000000,,gps_back
81.779847080571,42.333760578957,0.000000000000,,gps_back
81.806318198122,42.291341024116,0.000000000000,,gps_back
81.833314555315,42.249267651433,0.000000000000,,gps_back
81.861867712464,42.208220658630,0.000000000000,,gps_back
81.890445112538,42.167190536739,0.000000000000,,gps_back
81.918117647178,42.125585466244,0.000000000000,,gps_back
81.942961495205,42.082193987758,0.000000000000,,gps_back
81.967330479124,42.038532891574,0.000000000000,,gps_back
81.992179550698,41.995153727384,0.000000000000,,gps_back
82.018492600921,41.952636080513,0.000000000000,,gps_back
82.044963718472,41.910216525672,0.000000000000,,gps_back
82.071629259940,41.867920761391,0.000000000000,,gps_back
82.098897723528,41.826009364005,0.000000000000,,gps_back
82.126260950686,41.784159722468,0.000000000000,,gps_back
82.153624177845,41.742310080931,0.000000000000,,gps_back
82.180987405004,41.700460439395,0.000000000000,,gps_back
82.208350632162,41.658610797858,0.000000000000,,gps_back
82.234970454272,41.616310595388,0.000000000000,,gps_back
82.259373462338,41.572668564262,0.000000000000,,gps_back
82.283670607307,41.528967449359,0.000000000000,,gps_back
82.308142790237,41.485365472940,0.000000000000,,gps_back
82.333129568766,41.442054970902,0.000000000000,,gps_back
82.358120863713,41.398747074691,0.000000000000,,gps_back
82.383740103361,41.355826232570,0.000000000000,,gps_back
82.411382853350,41.314162401307,0.000000000000,,gps_back
82.439561336641,41.272857295367,0.000000000000,,gps_back
82.467370147784,41.231309287428,0.000000000000,,gps_back
82.494063146388,41.189029063161,0.000000000000,,gps_back
82.520652290548,41.146683389118,0.000000000000,,gps_back
82.546751539519,41.104045178863,0.000000000000,,gps_back
82.571343509021,41.060509546324,0.000000000000,,gps_back
82.595712492940,41.016848450140,0.000000000000,,gps_back
82.619732263177,40.972999498778,0.000000000000,,gps_back
82.642699184872,40.928584918294,0.000000000000,,gps_back
82.665567219822,40.884119294776,0.000000000000,,gps_back
82.688728572401,40.839809377063,0.000000000000,,gps_back
82.712835357429,40.796003317926,0.000000000000,,gps_back
82.737204341348,40.752342221742,0.000000000000,,gps_back
82.761558477653,40.708672851468,0.000000000000,,gps_back
82.785865837197,40.664977417811,0.000000000000,,gps_back
82.810162982161,40.621276302907,0.000000000000,,gps_back
82.834165668717,40.577416484155,0.000000000000,,gps_back
82.857256198850,40.533066114717,0.000000000000,,gps_back
82.880188980956,40.488633849389,0.000000000000,,gps_back
82.902956181464,40.444117639875,0.000000000000,,gps_back
82.925171869137,40.399322723564,0.000000000000,,gps_back
82.947185820927,40.354428128968,0.000000000000,,gps_back
82.969214206132,40.309540623025,0.000000000000,,gps_back
82.991287742385,40.264675294997,0.000000000000,,gps_back
83.013370403014,40.219814456877,0.000000000000,,gps_back
83.035989133738,40.175233435758,0.000000000000,,gps_back
83.060198321947,40.131483573729,0.000000000000,,gps_back
83.084495466912,40.087782458825,0.000000000000,,gps_back
83.108033983578,40.043692074507,0.000000000000,,gps_back
83.129352024110,39.998462889445,0.000000000000,,gps_back
83.150630314729,39.953214982912,0.000000000000,,gps_back
83.171908605347,39.907967076378,0.000000000000,,gps_back
83.193186895966,39.862719169845,0.000000000000,,gps_back
83.214458634366,39.817468184327,0.000000000000,,gps_back
83.235542466134,39.772130448948,0.000000000000,,gps_back
83.256135405860,39.726566542940,0.000000000000,,gps_back
83.276728345586,39.681002636932,0.000000000000,,gps_back
83.297685162400,39.635610123308,0.000000000000,,gps_back
83.319717080891,39.590724355352,0.000000000000,,gps_back
83.341746596647,39.545837509170,0.000000000000,,gps_back
83.362986482595,39.500587165197,0.000000000000,,gps_back
83.382381915571,39.454500769407,0.000000000000,,gps_back
83.401953991993,39.408490279297,0.000000000000,,gps_back
83.422515377664,39.362920893340,0.000000000000,,gps_back
83.444457751238,39.317991271271,0.000000000000,,gps_back
83.466215423534,39.272973265033,0.000000000000,,gps_back
83.487154508186,39.227570476796,0.000000000000,,gps_back
83.507273439118,39.181795294487,0.000000000000,,gps_back
83.527392370050,39.136020112177,0.000000000000,,gps_back
83.547511300982,39.090244929868,0.000000000000,,gps_back
83.567630231914,39.044469747559,0.000000000000,,gps_back
83.587733053452,38.998687498074,0.000000000000,,gps_back
83.607788911864,38.952884646194,0.000000000000,,gps_back
83.627843782257,38.907081361696,0.000000000000,,gps_back
83.647898652650,38.861278077198,0.000000000000,,gps_back
83.667953523043,38.815474792700,0.000000000000,,gps_back
83.687960634791,38.769650712494,0.000000000000,,gps_back
83.707371974782,38.723578691850,0.000000000000,,gps_back
83.725460043900,38.676963667954,0.000000000000,,gps_back
83.743548113019,38.630348644057,0.000000000000,,gps_back
83.761636182138,38.583733620161,0.000000000000,,gps_back
83.779724251257,38.537118596265,0.000000000000,,gps_back
83.797909956442,38.490541917380,0.000000000000,,gps_back
83.816461144906,38.444109505713,0.000000000000,,gps_back
83.835252896546,38.397773679750,0.000000000000,,gps_back
83.854044648185,38.351437853788,0.000000000000,,gps_back
83.872836399825,38.305102027826,0.000000000000,,gps_back
83.891628151464,38.258766201863,0.000000000000,,gps_back
83.910081520910,38.212298676545,0.000000000000,,gps_back
83.927419229651,38.165400060217,0.000000000000,,gps_back
83.944358642312,38.118355453768,0.000000000000,,gps_back
83.961298054974,38.071310847318,0.000000000000,,gps_back
83.978237467635,38.024266240869,0.000000000000,,gps_back
83.995176880296,37.977221634419,0.000000000000,,gps_back
84.012356451344,37.930266212521,0.000000000000,,gps_back
84.030308934644,37.883599030425,0.000000000000,,gps_back
84.048491835258,37.837020915150,0.000000000000,,gps_back
84.066674735872,37.790442799875,0.000000000000,,gps_back
84.084857636486,37.743864684600,0.000000000000,,gps_back
84.103040537101,37.697286569326,0.000000000000,,gps_back
84.120977001056,37.650615146298,0.000000000000,,gps_back
84.138109921172,37.603640966258,0.000000000000,,gps_back
84.154975036664,37.556569673767,0.000000000000,,gps_back
84.171840152156,37.509498381277,0.000000000000,,gps_back
84.188705267648,37.462427088786,0.000000000000,,gps_back
84.205570383140,37.415355796295,0.000000000000,,gps_back
84.222207187159,37.368205111296,0.000000000000,,gps_back
84.238116949653,37.320802549966,0.000000000000,,gps_back
84.253827382820,37.273333391695,0.000000000000,,gps_back
84.269506049654,37.225853765729,0.000000000000,,gps_back
84.285085693549,37.178341522967,0.000000000000,,gps_back
84.300643632318,37.130822166505,0.000000000000,,gps_back
84.316201571087,37.083302810043,0.000000000000,,gps_back
84.331759509856,37.035783453581,0.000000000000,,gps_back
84.347317448627,36.988264097120,0.000000000000,,gps_back
84.363471475542,36.940956228450,0.000000000000,,gps_back
84.381410885833,36.894283962983,0.000000000000,,gps_back
84.399549761692,36.847688685542,0.000000000000,,gps_back
84.417096474390,36.800879378000,0.000000000000,,gps_back
84.432866301546,36.753430100694,0.000000000000,,gps_back
84.448424240319,36.705910744234,0.000000000000,,gps_back
84.464018932384,36.658403481894,0.000000000000,,gps_back
84.479721847738,36.610931836411,0.000000000000,,gps_back
84.495432280906,36.563462678140,0.000000000000,,gps_back
84.510394453862,36.515770739478,0.000000000000,,gps_back
84.523186579444,36.467433394293,0.000000000000,,gps_back
84.535969965143,36.419093802927,0.000000000000,,gps_back
84.549576574401,36.370994376021,0.000000000000,,gps_back
84.565134513174,36.323475019560,0.000000000000,,gps_back
84.580696835138,36.275957099032,0.000000000000,,gps_back
84.596306762379,36.228454836281,0.000000000000,,gps_back
84.612017195542,36.180985678009,0.000000000000,,gps_back
84.627721667229,36.133514548327,0.000000000000,,gps_back
84.643375580679,36.086026759025,0.000000000000,,gps_back
84.658933519449,36.038507402563,0.000000000000,,gps_back
84.674400278724,35.990958567508,0.000000000000,,gps_back
84.689225626320,35.943210307888,0.000000000000,,gps_back
84.702962063738,35.895132776916,0.000000000000,,gps_back
84.716428352609,35.846981215353,0.000000000000,,gps_back
84.728849488946,35.798549502294,0.000000000000,,gps_back
84.740523816442,35.749930099703,0.000000000000,,gps_back
84.752780049678,35.701461987632,0.000000000000,,gps_back
84.766467620749,35.653370521701,0.000000000000,,gps_back
84.780159628353,35.605280319329,0.000000000000,,gps_back
84.793872549217,35.557196077735,0.000000000000,,gps_back
84.807608986635,35.509118546763,0.000000000000,,gps_back
84.820831362999,35.460905488332,0.000000000000,,gps_back
84.832312267093,35.412242290421,0.000000000000,,gps_back
84.843019815449,35.363400841778,0.000000000000,,gps_back
84.854796148145,35.314841913992,0.000000000000,,gps_back
84.869627256180,35.267090716615,0.000000000000,,gps_back
84.883940913412,35.219190989731,0.000000000000,,gps_back
84.896203297111,35.170725369308,0.000000000000,,gps_back
84.906950281005,35.121892582837,0.000000000000,,gps_back
84.917100492240,35.072942995279,0.000000000000,,gps_back
84.925451361933,35.023644217930,0.000000000000,,gps_back
84.933802091847,34.974347722835,0.000000000000,,gps_back
84.943392596565,34.925279384099,0.000000000000,,gps_back
84.954100144921,34.876437935457,0.000000000000,,gps_back
84.964995841610,34.827639194193,0.000000000000,,gps_back
84.976480827386,34.778974790919,0.000000000000,,gps_back
84.988051525692,34.730330769756,0.000000000000,,gps_back
84.999250117422,34.681600343651,0.000000000000,,gps_back
85.009997101319,34.632767557181,0.000000000000,,gps_back
85.020274408826,34.583840401044,0.000000000000,,gps_back
85.028988993443,34.534605911995,0.000000000000,,gps_back
85.037216326365,34.485286938704,0.000000000000,,gps_back
85.046467336573,34.436157189954,0.000000000000,,gps_back
85.057214320467,34.387324403484,0.000000000000,,gps_back
85.067443760422,34.338388603742,0.000000000000,,gps_back
85.075859369240,34.289104205068,0.000000000000,,gps_back
85.083276597632,34.239656015816,0.000000000000,,gps_back
85.091528244207,34.190360710129,0.000000000000,,gps_back
85.102153554421,34.141501330707,0.000000000000,,gps_back
85.112568238804,34.092599164711,0.000000000000,,gps_back
85.121484044996,34.043412482727,0.000000000000,,gps_back
85.128506150727,33.993906637331,0.000000000000,,gps_back
85.135775420109,33.944438248439,0.000000000000,,gps_back
85.144030664454,33.895125567524,0.000000000000,,gps_back
85.153108290227,33.845955094599,0.000000000000,,gps_back
85.162185916000,33.796784621675,0.000000000000,,gps_back
85.171263541773,33.747614148750,0.000000000000,,gps_back
85.180275964659,33.698431807871,0.000000000000,,gps_back
85.188782706293,33.649162409137,0.000000000000,,gps_back
85.196385776398,33.599742453428,0.000000000000,,gps_back
85.203962512188,33.550318473525,0.000000000000,,gps_back
85.211443025022,33.500879833184,0.000000000000,,gps_back
85.218860253413,33.451431643932,0.000000000000,,gps_back
85.227066155906,33.402126395861,0.000000000000,,gps_back
85.237553718596,33.353237423970,0.000000000000,,gps_back
85.248060012805,33.304353495741,0.000000000000,,gps_back
85.257386041758,33.255240728592,0.000000000000,,gps_back
85.264989111863,33.205820772883,0.000000000000,,gps_back
85.272561916965,33.156396196906,0.000000000000,,gps_back
85.280031612535,33.106955916424,0.000000000000,,gps_back
85.287448840928,33.057507727172,0.000000000000,,gps_back
85.295724713852,33.008217496109,0.000000000000,,gps_back
85.306401716261,32.959369364461,0.000000000000,,gps_back
85.316795706079,32.910463144123,0.000000000000,,gps_back
85.325661356131,32.861266473209,0.000000000000,,gps_back
85.332707956106,32.811764108355,0.000000000000,,gps_back
85.339826444492,32.762272177860,0.000000000000,,gps_back
85.347219908667,32.712820593639,0.000000000000,,gps_back
85.354822978777,32.663400637931,0.000000000000,,gps_back
85.362383849882,32.613974259618,0.000000000000,,gps_back
85.369820648307,32.564529011259,0.000000000000,,gps_back
85.377214038753,32.515077268474,0.000000000000,,gps_back
85.384460433608,32.465603943018,0.000000000000,,gps_back
85.391482539339,32.416098097621,0.000000000000,,gps_back
85.398563130836,32.366600681096,0.000000000000,,gps_back
85.405901388875,32.317140972300,0.000000000000,,gps_back
85.413504458987,32.267721016592,0.000000000000,,gps_back
85.421565471906,32.218379751352,0.000000000000,,gps_back
85.431048467115,32.169286531136,0.000000000000,,gps_back
85.440954791816,32.120276293142,0.000000000000,,gps_back
85.450285346987,32.071162828525,0.000000000000,,gps_back
85.457937403908,32.021750640618,0.000000000000,,gps_back
85.465366625273,31.972304255913,0.000000000000,,gps_back
85.472866376090,31.922868555403,0.000000000000,,gps_back
85.480469446201,31.873448599695,0.000000000000,,gps_back
85.487978047673,31.824014457945,0.000000000000,,gps_back
85.495165607723,31.774532465570,0.000000000000,,gps_back
85.502187713454,31.725026620174,0.000000000000,,gps_back
85.509967422678,31.675650698065,0.000000000000,,gps_back
85.520073652043,31.626682879332,0.000000000000,,gps_back
85.530721750984,31.577828724190,0.000000000000,,gps_back
85.540309037845,31.528773081056,0.000000000000,,gps_back
85.547726266232,31.479324891803,0.000000000000,,gps_back
85.554710839917,31.429819033590,0.000000000000,,gps_back
85.560038895550,31.380108372142,0.000000000000,,gps_back
85.564089257896,31.330271304992,0.000000000000,,gps_back
85.568719550265,31.280494138039,0.000000000000,,gps_back
85.575261190582,31.230925396113,0.000000000000,,gps_back
85.582679159664,31.181477317986,0.000000000000,,gps_back
85.590148155460,31.132036989531,0.000000000000,,gps_back
85.597751225565,31.082617033822,0.000000000000,,gps_back
85.604973294442,31.033144055518,0.000000000000,,gps_back
85.610538285872,30.983463790134,0.000000000000,,gps_back
85.614427286608,30.933613871673,0.000000000000,,gps_back
85.619480066731,30.883906118079,0.000000000000,,gps_back
85.628633890687,30.834774281013,0.000000000000,,gps_back
85.640054631809,30.786096131758,0.000000000000,,gps_back
85.648982486229,30.736997222053,0.000000000000,,gps_back
85.652871486959,30.687147303591,0.000000000000,,gps_back
85.657044837621,30.637322565916,0.000000000000,,gps_back
85.662706577102,30.587657248848,0.000000000000,,gps_back
85.670309647206,30.538237293138,0.000000000000,,gps_back
85.677896232894,30.488814811662,0.000000000000,,gps_back
85.685430083777,30.439384258633,0.000000000000,,gps_back
85.692940272829,30.389950102853,0.000000000000,,gps_back
85.700450461881,30.340515947072,0.000000000000,,gps_back
85.707960650932,30.291081791292,0.000000000000,,gps_back
85.715812795006,30.241704030944,0.000000000000,,gps_back
85.725107021104,30.192582008975,0.000000000000,,gps_back
85.735814569460,30.143740560333,0.000000000000,,gps_back
85.745999902091,30.094795222746,0.000000000000,,gps_back
85.754604649005,30.045540859904,0.000000000000,,gps_back
85.762632354690,29.996188195198,0.000000000000,,gps_back
85.770381300018,29.946791333219,0.000000000000,,gps_back
85.777798528404,29.897343143966,0.000000000000,,gps_back
85.785373507281,29.847919557138,0.000000000000,,gps_back
85.793437594495,29.798572872883,0.000000000000,,gps_back
85.801679059226,29.749255365306,0.000000000000,,gps_back
85.809854418187,29.699926883886,0.000000000000,,gps_back
85.817940084079,29.650583589465,0.000000000000,,gps_back
85.826025749972,29.601240295043,0.000000000000,,gps_back
85.834111415868,29.551897000622,0.000000000000,,gps_back
85.842193096562,29.502553053766,0.000000000000,,gps_back
85.850259181348,29.453206555368,0.000000000000,,gps_back
85.858312069260,29.403857900944,0.000000000000,,gps_back
85.866374285298,29.354510771784,0.000000000000,,gps_back
85.874459951188,29.305167477362,0.000000000000,,gps_back
85.882545617079,29.255824182940,0.000000000000,,gps_back
85.890631282973,29.206480888519,0.000000000000,,gps_back
85.898715177916,29.157137304018,0.000000000000,,gps_back
85.906787118040,29.107791763831,0.000000000000,,gps_back
85.914839831970,29.058443081015,0.000000000000,,gps_back
85.922797001455,29.009079152809,0.000000000000,,gps_back
85.930473752290,28.959670610121,0.000000000000,,gps_back
85.938095873559,28.910253599057,0.000000000000,,gps_back
85.945881779897,28.860862471413,0.000000000000,,gps_back
85.953967445789,28.811519176991,0.000000000000,,gps_back
85.962002535128,28.762167691698,0.000000000000,,gps_back
85.969885467023,28.712791612952,0.000000000000,,gps_back
85.977719455563,28.663407735817,0.000000000000,,gps_back
85.985553444104,28.614023858682,0.000000000000,,gps_back
85.993387432645,28.564639981548,0.000000000000,,gps_back
86.001142486157,28.515243817869,0.000000000000,,gps_back
86.008653526120,28.465809825845,0.000000000000,,gps_back
86.016081369964,28.416363233153,0.000000000000,,gps_back
86.023701183720,28.366946592040,0.000000000000,,gps_back
86.031753897656,28.317597909225,0.000000000000,,gps_back
86.040273663589,28.268333749188,0.000000000000,,gps_back
86.050289170734,28.219347642273,0.000000000000,,gps_back
86.060996719090,28.170506193630,0.000000000000,,gps_back
86.070999367356,28.121529383302,0.000000000000,,gps_back
86.079128011905,28.072193158122,0.000000000000,,gps_back
86.086612502566,28.022764928389,0.000000000000,,gps_back
86.092048290906,27.973065652911,0.000000000000,,gps_back
86.096264112270,27.923242309511,0.000000000000,,gps_back
86.102442314656,27.873728565478,0.000000000000,,gps_back
86.113858243501,27.825048035902,0.000000000000,,gps_back
86.125372103556,27.776390850829,0.000000000000,,gps_back
86.136413162542,27.727624170852,0.000000000000,,gps_back
86.147120710898,27.678782722209,0.000000000000,,gps_back
86.157057831373,27.629795139440,0.000000000000,,gps_back
86.164839472958,27.580403513617,0.000000000000,,gps_back
86.172297164092,27.530961454957,0.000000000000,,gps_back
86.180005149156,27.481558320564,0.000000000000,,gps_back
86.188090815046,27.432215026142,0.000000000000,,gps_back
86.196762759930,27.382980818517,0.000000000000,,gps_back
86.207105765858,27.334061418901,0.000000000000,,gps_back
86.217689195721,27.285193354962,0.000000000000,,gps_back
86.227211993659,27.236122041247,0.000000000000,,gps_back
86.234815063769,27.186702085538,0.000000000000,,gps_back
86.242969578119,27.137378396652,0.000000000000,,gps_back
86.253078364818,27.088416949541,0.000000000000,,gps_back
86.264516255843,27.039741362446,0.000000000000,,gps_back
86.275724006327,26.991013304461,0.000000000000,,gps_back
86.286431554683,26.942171855818,0.000000000000,,gps_back
86.297139103039,26.893330407175,0.000000000000,,gps_back
86.307846651395,26.844488958533,0.000000000000,,gps_back
86.318554199751,26.795647509890,0.000000000000,,gps_back
86.328718011782,26.746698162602,0.000000000000,,gps_back
86.337285504299,26.697437178855,0.000000000000,,gps_back
86.345616244420,26.648136293922,0.000000000000,,gps_back
86.355067552075,26.599042744878,0.000000000000,,gps_back
86.365775100434,26.550201296236,0.000000000000,,gps_back
86.375991452741,26.501261373906,0.000000000000,,gps_back
86.384697532087,26.452025316995,0.000000000000,,gps_back
86.392514787699,26.402640715524,0.000000000000,,gps_back
86.398873955834,26.353060762077,0.000000000000,,gps_back
86.403263198742,26.303252396876,0.000000000000,,gps_back
86.408925192979,26.253615355286,0.000000000000,,gps_back
86.418572450172,26.204567086765,0.000000000000,,gps_back
86.429839621635,26.155852634617,0.000000000000,,gps_back
86.439869948007,26.106883394215,0.000000000000,,gps_back
86.447955613897,26.057540099793,0.000000000000,,gps_back
86.456623143694,26.008304709450,0.000000000000,,gps_back
86.466926926781,25.959377176062,0.000000000000,,gps_back
86.477543981835,25.910516198659,0.000000000000,,gps_back
86.487280062363,25.861483209153,0.000000000000,,gps_back
86.495365728261,25.812139914733,0.000000000000,,gps_back
86.503451394157,25.762796620312,0.000000000000,,gps_back
86.511537060049,25.713453325890,0.000000000000,,gps_back
86.519619934856,25.664109574392,0.000000000000,,gps_back
86.527689203837,25.614763597005,0.000000000000,,gps_back
86.535741917767,25.565414914189,0.000000000000,,gps_back
86.542937630717,25.515953126305,0.000000000000,,gps_back
86.547843471214,25.466193356813,0.000000000000,,gps_back
86.552923652373,25.416456587129,0.000000000000,,gps_back
86.559713104186,25.366924823049,0.000000000000,,gps_back
86.567709696966,25.317567097651,0.000000000000,,gps_back
86.574765818259,25.268082610845,0.000000000000,,gps_back
86.579809230430,25.218336227148,0.000000000000,,gps_back
86.585618116642,25.168688516293,0.000000000000,,gps_back
86.593454185597,25.119305226352,0.000000000000,,gps_back
86.601020427200,25.069886630687,0.000000000000,,gps_back
86.606697007873,25.020217179642,0.000000000000,,gps_back
86.610912829238,24.970393836242,0.000000000000,,gps_back
86.616074793122,24.920682490683,0.000000000000,,gps_back
86.623756341032,24.871275243437,0.000000000000,,gps_back
86.631813217706,24.821927240528,0.000000000000,,gps_back
86.639885755888,24.772581797437,0.000000000000,,gps_back
86.647967203531,24.723237812438,0.000000000000,,gps_back
86.655904477781,24.673870894437,0.000000000000,,gps_back
86.663507547891,24.624450938729,0.000000000000,,gps_back
86.671089383309,24.575027732490,0.000000000000,,gps_back
86.678586262594,24.525591582728,0.000000000000,,gps_back
86.686003490980,24.476143393475,0.000000000000,,gps_back
86.692796900730,24.426615629093,0.000000000000,,gps_back
86.697844551700,24.376870551969,0.000000000000,,gps_back
86.702800383149,24.327118888130,0.000000000000,,gps_back
86.709316762243,24.277554117568,0.000000000000,,gps_back
86.717402428133,24.228210823146,0.000000000000,,gps_back
86.726209127615,24.179004726908,0.000000000000,,gps_back
86.736840904127,24.130146753063,0.000000000000,,gps_back
86.747325632627,24.081258307135,0.000000000000,,gps_back
86.756726546541,24.032155946712,0.000000000000,,gps_back
86.764812212439,23.982812652291,0.000000000000,,gps_back
86.772889499750,23.933467987453,0.000000000000,,gps_back
86.780944895597,23.884119742377,0.000000000000,,gps_back
86.789186028941,23.834803095120,0.000000000000,,gps_back
86.798112075609,23.785606107778,0.000000000000,,gps_back
86.807576646255,23.736508647560,0.000000000000,,gps_back
86.817041216901,23.687411187343,0.000000000000,,gps_back
86.826505787547,23.638313727126,0.000000000000,,gps_back
86.835815081525,23.589187218855,0.000000000000,,gps_back
86.844498172830,23.539947047888,0.000000000000,,gps_back
86.852583838721,23.490603753466,0.000000000000,,gps_back
86.860669504611,23.441260459044,0.000000000000,,gps_back
86.868755170501,23.391917164622,0.000000000000,,gps_back
86.876761914086,23.342561162876,0.000000000000,,gps_back
86.884513180610,23.293164326020,0.000000000000,,gps_back
86.892116250722,23.243744370312,0.000000000000,,gps_back
86.900758444405,23.194523685620,0.000000000000,,gps_back
86.912044073796,23.145812686393,0.000000000000,,gps_back
86.923043609957,23.097041618985,0.000000000000,,gps_back
86.932453660235,23.047939380121,0.000000000000,,gps_back
86.940703882382,22.998623333014,0.000000000000,,gps_back
86.948900677522,22.949298429470,0.000000000000,,gps_back
86.956986343418,22.899955135049,0.000000000000,,gps_back
86.965072009313,22.850611840628,0.000000000000,,gps_back
86.973157675205,22.801268546206,0.000000000000,,gps_back
86.981240993813,22.751924867344,0.000000000000,,gps_back
86.989311365078,22.702579070408,0.000000000000,,gps_back
86.997364079008,22.653230387592,0.000000000000,,gps_back
87.005424635455,22.603882986737,0.000000000000,,gps_back
87.013506210642,22.554539022234,0.000000000000,,gps_back
87.022018430762,22.505272225931,0.000000000000,,gps_back
87.032184820152,22.456324786065,0.000000000000,,gps_back
87.043830607971,22.407698514119,0.000000000000,,gps_back
87.054482147338,22.358870741882,0.000000000000,,gps_back
87.062652865016,22.309541490436,0.000000000000,,gps_back
87.071280262975,22.260297600155,0.000000000000,,gps_back
87.081672247106,22.211392949809,0.000000000000,,gps_back
87.093002015658,22.162692474651,0.000000000000,,gps_back
87.103029446191,22.113732863626,0.000000000000,,gps_back
87.110604055521,22.064308537725,0.000000000000,,gps_back
87.118248288060,22.014895055221,0.000000000000,,gps_back
87.126141553659,21.965520775094,0.000000000000,,gps_back
87.134283967181,21.916186895240,0.000000000000,,gps_back
87.143485552752,21.867061400814,0.000000000000,,gps_back
87.154937837104,21.818389192313,0.000000000000,,gps_back
87.166424546910,21.769725128211,0.000000000000,,gps_back
87.178017178074,21.721086168738,0.000000000000,,gps_back
87.189461371573,21.672413132886,0.000000000000,,gps_back
87.199384960892,21.623433594049,0.000000000000,,gps_back
87.206802189283,21.573985404797,0.000000000000,,gps_back
87.214355276096,21.524558251440,0.000000000000,,gps_back
87.222356873440,21.475201603047,0.000000000000,,gps_back
87.230613099976,21.425886585140,0.000000000000,,gps_back
87.238571424074,21.376523839481,0.000000000000,,gps_back
87.245988652465,21.327075650229,0.000000000000,,gps_back
87.252944221236,21.277565751672,0.000000000000,,gps_back
87.258299364536,21.227857538954,0.000000000000,,gps_back
87.262499147500,21.178032841059,0.000000000000,,gps_back
87.267690730253,21.128326085511,0.000000000000,,gps_back
87.275434000995,21.078928404182,0.000000000000,,gps_back
87.283622358534,21.029602313788,0.000000000000,,gps_back
87.292178737291,20.980338820691,0.000000000000,,gps_back
87.300966236383,20.931115753277,0.000000000000,,gps_back
87.309450567515,20.881840126433,0.000000000000,,gps_back
87.317536233411,20.832496832012,0.000000000000,,gps_back
87.326503205307,20.783325940349,0.000000000000,,gps_back
87.337765645889,20.734610110164,0.000000000000,,gps_back
87.349388840274,20.685978446163,0.000000000000,,gps_back
87.360923366501,20.637325692373,0.000000000000,,gps_back
87.372375650850,20.588653483871,0.000000000000,,gps_back
87.382888581930,20.539792505546,0.000000000000,,gps_back
87.391083102120,20.490467222948,0.000000000000,,gps_back
87.399163535809,20.441123072123,0.000000000000,,gps_back
87.407226907635,20.391776130132,0.000000000000,,gps_back
87.415407799888,20.342448948503,0.000000000000,,gps_back
87.424822538274,20.293363787543,0.000000000000,,gps_back
87.436468326095,20.244737515598,0.000000000000,,gps_back
87.448114113916,20.196111243652,0.000000000000,,gps_back
87.459759901735,20.147484971706,0.000000000000,,gps_back
87.471331620619,20.098841163967,0.000000000000,,gps_back
87.482471178338,20.050098100580,0.000000000000,,gps_back
87.492999274168,20.001217655661,0.000000000000,,gps_back
87.502623172130,19.952171960019,0.000000000000,,gps_back
87.509365447099,19.902639246708,0.000000000000,,gps_back
87.515175818809,19.852990167021,0.000000000000,,gps_back
87.523899142195,19.803787589556,0.000000000000,,gps_back
87.535306007809,19.755104716653,0.000000000000,,gps_back
87.548072359278,19.706809611687,0.000000000000,,gps_back
87.564147633906,19.659462955547,0.000000000000,,gps_back
87.579098692117,19.611796302730,0.000000000000,,gps_back
87.590243876123,19.563064319932,0.000000000000,,gps_back
87.597853297765,19.513737518308,0.000000000000,,gps_back
87.599946111771,19.463800042364,0.000000000000,,gps_back
87.599891345771,19.413798685403,0.000000000000,,gps_back
87.599836579771,19.363797328441,0.000000000000,,gps_back
87.599781813771,19.313795971480,0.000000000000,,gps_back
87.599727047771,19.263794614518,0.000000000000,,gps_back
87.599672281771,19.213793257557,0.000000000000,,gps_back
87.599617515772,19.163791900596,0.000000000000,,gps_back
87.599562749772,19.113790543634,0.000000000000,,gps_back
87.604678373177,19.064692208973,0.000000000000,,gps_back
87.626038990780,19.019982348684,0.000000000000,,gps_back
87.652806479918,18.977954758689,0.000000000000,,gps_back
87.670568446478,18.931566181773,0.000000000000,,gps_back
87.681315430372,18.882733395303,0.000000000000,,gps_back
87.691515234815,18.833788761480,0.000000000000,,gps_back
87.700631742774,18.784625944061,0.000000000000,,gps_back
87.709871505695,18.735488451757,0.000000000000,,gps_back
87.720075636018,18.686540958557,0.000000000000,,gps_back
87.730783184374,18.637699509914,0.000000000000,,gps_back
87.742797922567,18.589194665946,0.000000000000,,gps_back
87.757144890317,18.541296120924,0.000000000000,,gps_back
87.771715979172,18.493464937928,0.000000000000,,gps_back
87.786744811987,18.445779666316,0.000000000000,,gps_back
87.802694779694,18.398390913317,0.000000000000,,gps_back
87.817389116732,18.350641093582,0.000000000000,,gps_back
87.827757596106,18.301782692648,0.000000000000,,gps_back
87.835174824493,18.252334503395,0.000000000000,,gps_back
87.843632886061,18.203072392128,0.000000000000,,gps_back
87.854009110997,18.154160195466,0.000000000000,,gps_back
87.864589591849,18.105291347651,0.000000000000,,gps_back
87.874361231126,18.056260342837,0.000000000000,,gps_back
87.883145764773,18.007036662906,0.000000000000,,gps_back
87.891930298420,17.957812982976,0.000000000000,,gps_back
87.903350797260,17.909258529728,0.000000000000,,gps_back
87.919481287376,17.861933114874,0.000000000000,,gps_back
87.936271544557,17.814835124999,0.000000000000,,gps_back
87.953521189824,17.767906118912,0.000000000000,,gps_back
87.971378558472,17.721202231683,0.000000000000,,gps_back
87.987553113990,17.673943493661,0.000000000000,,gps_back
87.999707233513,17.625470127302,0.000000000000,,gps_back
88.009814743403,17.576500984557,0.000000000000,,gps_back
88.020181893996,17.527587313843,0.000000000000,,gps_back
88.031074438757,17.478786986729,0.000000000000,,gps_back
88.042138872258,17.430025147053,0.000000000000,,gps_back
88.053203305760,17.381263307377,0.000000000000,,gps_back
88.064267739261,17.332501467701,0.000000000000,,gps_back
88.070890743499,17.283266239202,0.000000000000,,gps_back
88.067285354122,17.233537345011,0.000000000000,,gps_back
88.059093442304,17.184211578133,0.000000000000,,gps_back
88.052684346897,17.134671279629,0.000000000000,,gps_back
88.049594565410,17.084771834281,0.000000000000,,gps_back
88.047476268751,17.034815338041,0.000000000000,,gps_back
88.044784676164,16.984891354814,0.000000000000,,gps_back
88.041178181942,16.935020261408,0.000000000000,,gps_back
88.037478004966,16.885155971705,0.000000000000,,gps_back
88.033777827990,16.835291682001,0.000000000000,,gps_back
88.030077651014,16.785427392297,0.000000000000,,gps_back
88.026793334231,16.735536570849,0.000000000000,,gps_back
88.025562490512,16.685580886837,0.000000000000,,gps_back
88.026457512589,16.635587510948,0.000000000000,,gps_back
88.027352534665,16.585594135059,0.000000000000,,gps_back
88.030044026066,16.535713294137,0.000000000000,,gps_back
88.039329348405,16.486816816590,0.000000000000,,gps_back
88.054232044403,16.439087911833,0.000000000000,,gps_back
88.071248891054,16.392148646683,0.000000000000,,gps_back
88.091700113649,16.346524199462,0.000000000000,,gps_back
88.103278141311,16.299262033023,0.000000000000,,gps_back
88.100593405254,16.249340680927,0.000000000000,,gps_back
88.104697057495,16.200150353175,0.000000000000,,gps_back
88.116948118426,16.151673036795,0.000000000000,,gps_back
88.129199179358,16.103195720416,0.000000000000,,gps_back
88.150149800609,16.058885667346,0.000000000000,,gps_back
88.186196245871,16.025103222017,0.000000000000,,gps_back
88.222207085533,15.991023299547,0.000000000000,,gps_back
88.253082014457,15.951716744369,0.000000000000,,gps_back
88.280904951044,15.910232569824,0.000000000000,,gps_back
88.307058207725,15.867616306939,0.000000000000,,gps_back
88.333211464406,15.825000044054,0.000000000000,,gps_back
88.359364721087,15.782383781169,0.000000000000,,gps_back
88.384946992094,15.739426450588,0.000000000000,,gps_back
88.409652031712,15.695956776508,0.000000000000,,gps_back
88.434021015631,15.652295680323,0.000000000000,,gps_back
88.458389999550,15.608634584138,0.000000000000,,gps_back
88.483182202444,15.565214591184,0.000000000000,,gps_back
88.510687090007,15.523534564151,0.000000000000,,gps_back
88.540115071713,15.483110174256,0.000000000000,,gps_back
88.571062602289,15.443873378067,0.000000000000,,gps_back
88.602969282532,15.405376215233,0.000000000000,,gps_back
88.631731520101,15.364604472361,0.000000000000,,gps_back
88.658305899266,15.322249875479,0.000000000000,,gps_back
88.687945914374,15.282110508579,0.000000000000,,gps_back
88.719912026360,15.243661758510,0.000000000000,,gps_back
88.752478914855,15.205727060364,0.000000000000,,gps_back
88.785657248887,15.168319696824,0.000000000000,,gps_back
88.818942954911,15.131007494104,0.000000000000,,gps_back
88.852169893339,15.093643014142,0.000000000000,,gps_back
88.884733947036,15.055706259148,0.000000000000,,gps_back
88.916810197072,15.017349344766,0.000000000000,,gps_back
88.948822882084,14.978939433602,0.000000000000,,gps_back
88.980774824109,14.940478909005,0.000000000000,,gps_back
89.012765628188,14.902050739943,0.000000000000,,gps_back
89.044820605695,14.863676058923,0.000000000000,,gps_back
89.077351386150,14.825707595947,0.000000000000,,gps_back
89.110888536974,14.788629309288,0.000000000000,,gps_back
89.145019952794,14.752089264201,0.000000000000,,gps_back
89.180257039992,14.716637899785,0.000000000000,,gps_back
89.216315260015,14.681997699641,0.000000000000,,gps_back
89.252340535164,14.647323264312,0.000000000000,,gps_back
89.288318174524,14.612599390712,0.000000000000,,gps_back
89.324420190450,14.578005313557,0.000000000000,,gps_back
89.361458947977,14.544433224851,0.000000000000,,gps_back
89.399148629920,14.511575553412,0.000000000000,,gps_back
89.438156882244,14.480350219070,0.000000000000,,gps_back
89.479171246118,14.451788869136,0.000000000000,,gps_back
89.520485002498,14.423632201370,0.000000000000,,gps_back
89.559920604545,14.392970790518,0.000000000000,,gps_back
89.598172829031,14.360769765391,0.000000000000,,gps_back
89.638314335574,14.331086522004,0.000000000000,,gps_back
89.680050836740,14.303551771818,0.000000000000,,gps_back
89.721885276364,14.276165308763,0.000000000000,,gps_back
89.763719715990,14.248778845711,0.000000000000,,gps_back
89.805917111522,14.221961595105,0.000000000000,,gps_back
89.849209728683,14.196984344499,0.000000000000,,gps_back
89.892966987201,14.172790315568,0.000000000000,,gps_back
89.934900887227,14.145698233458,0.000000000000,,gps_back
89.975526563304,14.116548737054,0.000000000000,,gps_back
90.017876914900,14.090117862021,0.000000000000,,gps_back
90.061693999563,14.066031761889,0.000000000000,,gps_back
90.105176262204,14.041357564407,0.000000000000,,gps_back
90.148144277465,14.015788105623,0.000000000000,,gps_back
90.191413485829,13.990741448892,0.000000000000,,gps_back
90.235226905911,13.966650385980,0.000000000000,,gps_back
90.279590508075,13.943596870583,0.000000000000,,gps_back
90.324680222976,13.922002528893,0.000000000000,,gps_back
90.370096926071,13.901086941946,0.000000000000,,gps_back
90.414208533993,13.877672917652,0.000000000000,,gps_back
90.457247167934,13.852221022843,0.000000000000,,gps_back
90.503467001202,13.834719200952,0.000000000000,,gps_back
90.552821287697,13.833368057552,0.000000000000,,gps_back
90.602584673811,13.838240849336,0.000000000000,,gps_back
90.652348059925,13.843113641119,0.000000000000,,gps_back
90.702111446039,13.847986432903,0.000000000000,,gps_back
90.751874832153,13.852859224686,0.000000000000,,gps_back
90.801638218267,13.857732016470,0.000000000000,,gps_back
90.851401604381,13.862604808253,0.000000000000,,gps_back
90.901260897880,13.862706217846,0.000000000000,,gps_back
90.947667519945,13.846914197091,0.000000000000,,gps_back
90.992170922638,13.824119771324,0.000000000000,,gps_back
91.035875490405,13.799859923601,0.000000000000,,gps_back
91.078317157240,13.773450046847,0.000000000000,,gps_back
91.120311583342,13.746309544389,0.000000000000,,gps_back
91.162306009444,13.719169041932,0.000000000000,,gps_back
91.204300435546,13.692028539474,0.000000000000,,gps_back
91.246294861649,13.664888037017,0.000000000000,,gps_back
91.288289287752,13.637747534561,0.000000000000,,gps_back
91.330283713856,13.610607032106,0.000000000000,,gps_back
91.373006787490,13.584648620191,0.000000000000,,gps_back
91.417432267001,13.561793690758,0.000000000000,,gps_back
91.462557570586,13.540256614038,0.000000000000,,gps_back
91.507999299216,13.519402712731,0.000000000000,,gps_back
91.554041867978,13.499919865073,0.000000000000,,gps_back
91.600314693453,13.480973511337,0.000000000000,,gps_back
91.646587518928,13.462027157600,0.000000000000,,gps_back
91.692860344402,13.443080803864,0.000000000000,,gps_back
91.739133169877,13.424134450128,0.000000000000,,gps_back
91.786290582216,13.407619335972,0.000000000000,,gps_back
91.833988746125,13.392619478393,0.000000000000,,gps_back
91.881720995325,13.377727499408,0.000000000000,,gps_back
91.929437664767,13.362785713524,0.000000000000,,gps_back
91.977146820432,13.347819913745,0.000000000000,,gps_back
92.024855976097,13.332854113966,0.000000000000,,gps_back
92.072565131762,13.317888314188,0.000000000000,,gps_back
92.120274287427,13.302922514409,0.000000000000,,gps_back
92.168433887069,13.289529724116,0.000000000000,,gps_back
92.217042294203,13.277827065657,0.000000000000,,gps_back
92.265761637940,13.266576988187,0.000000000000,,gps_back
92.314480981678,13.255326910717,0.000000000000,,gps_back
92.363200325416,13.244076833247,0.000000000000,,gps_back
92.412023446378,13.233291601745,0.000000000000,,gps_back
92.461144854045,13.223997860998,0.000000000000,,gps_back
92.510395123307,13.215363645636,0.000000000000,,gps_back
92.559645392569,13.206729430273,0.000000000000,,gps_back
92.608895661831,13.198095214911,0.000000000000,,gps_back
92.658145931093,13.189460999549,0.000000000000,,gps_back
92.707479382360,13.181323751171,0.000000000000,,gps_back
92.756908516100,13.173784610192,0.000000000000,,gps_back
92.806364981850,13.166422769872,0.000000000000,,gps_back
92.855821447599,13.159060929552,0.000000000000,,gps_back
92.905277913348,13.151699089232,0.000000000000,,gps_back
92.954853185219,13.145217290712,0.000000000000,,gps_back
93.004675468906,13.141265922930,0.000000000000,,gps_back
93.054594836946,13.138403163472,0.000000000000,,gps_back
93.104394231057,13.134047050531,0.000000000000,,gps_back
93.153946954876,13.127448735725,0.000000000000,,gps_back
93.203403420625,13.120086895405,0.000000000000,,gps_back
93.253129256142,13.115152280334,0.000000000000,,gps_back
93.303023770295,13.111898193213,0.000000000000,,gps_back
93.352954565485,13.109258126804,0.000000000000,,gps_back
93.402621997661,13.112956678718,0.000000000000,,gps_back
93.452146244637,13.119847807705,0.000000000000,,gps_back
93.501670491614,13.126738936692,0.000000000000,,gps_back
93.551194738590,13.133630065679,0.000000000000,,gps_back
93.600718985567,13.140521194665,0.000000000000,,gps_back
93.650540596919,13.141843251957,0.000000000000,,gps_back
93.700228857109,13.136820083991,0.000000000000,,gps_back
93.749772819703,13.130072160770,0.000000000000,,gps_back
93.799585644013,13.126273313031,0.000000000000,,gps_back
93.849558775509,13.124671579202,0.000000000000,,gps_back
93.899544722928,13.123429098670,0.000000000000,,gps_back
93.949530670348,13.122186618138,0.000000000000,,gps_back
93.999516617767,13.120944137606,0.000000000000,,gps_back
94.049512869832,13.120530429922,0.000000000000,,gps_back
94.099508533971,13.121148306181,0.000000000000,,gps_back
94.149501349503,13.122074099062,0.000000000000,,gps_back
94.199494165035,13.122999891943,0.000000000000,,gps_back
94.249486980568,13.123925684824,0.000000000000,,gps_back
94.299480012532,13.124839677727,0.000000000000,,gps_back
94.349474136719,13.125690932294,0.000000000000,,gps_back
94.399468750826,13.126513888908,0.000000000000,,gps_back
94.449372007739,13.129315823224,0.000000000000,,gps_back
94.499170376806,13.133790681635,0.000000000000,,gps_back
94.548939257988,13.138607024976,0.000000000000,,gps_back
94.598268567139,13.146482299034,0.000000000000,,gps_back
94.647341226194,13.156073575556,0.000000000000,,gps_back
94.696648114384,13.164313510513,0.000000000000,,gps_back
94.746295427572,13.170129542760,0.000000000000,,gps_back
94.796048667154,13.175104866710,0.000000000000,,gps_back
94.845423329217,13.182763929596,0.000000000000,,gps_back
94.894521212865,13.192220239571,0.000000000000,,gps_back
94.943574760637,13.201909829257,0.000000000000,,gps_back
94.992628308409,13.211599418943,0.000000000000,,gps_back
95.041681856181,13.221289008629,0.000000000000,,gps_back
95.090735403953,13.230978598314,0.000000000000,,gps_back
95.139788951726,13.240668187999,0.000000000000,,gps_back
95.188842499498,13.250357777684,0.000000000000,,gps_back
95.237896047270,13.260047367369,0.000000000000,,gps_back
95.286949595042,13.269736957055,0.000000000000,,gps_back
95.336430948336,13.276656042768,0.000000000000,,gps_back
95.386141512124,13.282039669320,0.000000000000,,gps_back
95.436030316297,13.284939687885,0.000000000000,,gps_back
95.485993757683,13.284123206647,0.000000000000,,gps_back
95.535953204898,13.282075688324,0.000000000000,,gps_back
95.585912652113,13.280028170002,0.000000000000,,gps_back
95.635455131616,13.284817930893,0.000000000000,,gps_back
95.684527419492,13.294359060958,0.000000000000,,gps_back
95.734107188274,13.299999673487,0.000000000000,,gps_back
95.784021211175,13.299239598041,0.000000000000,,gps_back
95.833950198711,13.296549820934,0.000000000000,,gps_back
95.883740329566,13.299299142081,0.000000000000,,gps_back
95.932711130994,13.308955031179,0.000000000000,,gps_back
95.981352790966,13.320536378793,0.000000000000,,gps_back
96.030692277535,13.328210744857,0.000000000000,,gps_back
96.080581149559,13.330635717917,0.000000000000,,gps_back
96.130574035187,13.331557717859,0.000000000000,,gps_back
96.180566920815,13.332479717801,0.000000000000,,gps_back
96.230559806443,13.333401717743,0.000000000000,,gps_back
96.280284873449,13.338053178191,0.000000000000,,gps_back
96.329585234788,13.346292658735,0.000000000000,,gps_back
96.378755950987,13.355368966629,0.000000000000,,gps_back
96.427977225948,13.364165050624,0.000000000000,,gps_back
96.477219551896,13.372844453398,0.000000000000,,gps_back
96.526465759502,13.381501792733,0.000000000000,,gps_back
96.575730873187,13.390050654371,0.000000000000,,gps_back
96.625003197697,13.398558106087,0.000000000000,,gps_back
96.674250128050,13.407210821163,0.000000000000,,gps_back
96.723439985041,13.416181228009,0.000000000000,,gps_back
96.772610457967,13.425258853770,0.000000000000,,gps_back
96.821817514767,13.434135045598,0.000000000000,,gps_back
96.871053951376,13.442847638898,0.000000000000,,gps_back
96.920296277324,13.451527041673,0.000000000000,,gps_back
96.969871576130,13.457858185474,0.000000000000,,gps_back
97.019614643957,13.462930960692,0.000000000000,,gps_back
97.069180157900,13.469440870566,0.000000000000,,gps_back
97.117813113652,13.480738145977,0.000000000000,,gps_back
97.166095240842,13.493737180221,0.000000000000,,gps_back
97.214769000036,13.505133926347,0.000000000000,,gps_back
97.263841946190,13.514693897757,0.000000000000,,gps_back
97.313012419115,13.523771523531,0.000000000000,,gps_back
97.362564770024,13.530241479866,0.000000000000,,gps_back
97.412292811345,13.535461325314,0.000000000000,,gps_back
97.461927810196,13.541477250857,0.000000000000,,gps_back
97.511220820447,13.549771536088,0.000000000000,,gps_back
97.560391293371,13.558849161860,0.000000000000,,gps_back
97.609506957016,13.568216913017,0.000000000000,,gps_back
97.658572020844,13.577847559684,0.000000000000,,gps_back
97.707630745870,13.587510887489,0.000000000000,,gps_back
97.756713419369,13.597051566715,0.000000000000,,gps_back
97.805804988966,13.606546643954,0.000000000000,,gps_back
97.855251769325,13.613834978611,0.000000000000,,gps_back
97.904946029611,13.619339244436,0.000000000000,,gps_back
97.954709802718,13.624204793320,0.000000000000,,gps_back
98.004641161252,13.626158051821,0.000000000000,,gps_back
98.054635830749,13.626977636570,0.000000000000,,gps_back
98.104540950648,13.629803332185,0.000000000000,,gps_back
98.154315109086,13.634515356115,0.000000000000,,gps_back
98.204043133226,13.639736463018,0.000000000000,,gps_back
98.253372859592,13.647714989467,0.000000000000,,gps_back
98.302543332516,13.656792615241,0.000000000000,,gps_back
98.351902317523,13.664749282155,0.000000000000,,gps_back
98.401565738452,13.670435667443,0.000000000000,,gps_back
98.451320861905,13.675392116525,0.000000000000,,gps_back
98.500781054656,13.682587975612,0.000000000000,,gps_back
98.550000492080,13.691384706232,0.000000000000,,gps_back
98.599177054103,13.700429262197,0.000000000000,,gps_back
98.648401285479,13.709209219374,0.000000000000,,gps_back
98.697643611427,13.717888622149,0.000000000000,,gps_back
98.746847895365,13.726780110741,0.000000000000,,gps_back
98.795940154117,13.736265956361,0.000000000000,,gps_back
98.844993701890,13.745955546046,0.000000000000,,gps_back
98.894480863322,13.752886807990,0.000000000000,,gps_back
98.944209034527,13.758091704587,0.000000000000,,gps_back
98.993902389197,13.763621332176,0.000000000000,,gps_back
99.043214549785,13.771754993808,0.000000000000,,gps_back
99.092385022709,13.780832619581,0.000000000000,,gps_back
99.141555495634,13.789910245353,0.000000000000,,gps_back
99.190725968559,13.798987871126,0.000000000000,,gps_back
99.239896441483,13.808065496900,0.000000000000,,gps_back
99.289443144380,13.814594376602,0.000000000000,,gps_back
99.339167804871,13.819844945343,0.000000000000,,gps_back
99.388796333522,13.825911763233,0.000000000000,,gps_back
99.438000612398,13.834679133315,0.000000000000,,gps_back
99.487054160172,13.844368722989,0.000000000000,,gps_back
99.536179252458,13.853685759596,0.000000000000,,gps_back
99.585349320974,13.862765392353,0.000000000000,,gps_back
99.634525320682,13.871813029861,0.000000000000,,gps_back
99.683697282935,13.880882575305,0.000000000000,,gps_back
99.732867755859,13.889960201078,0.000000000000,,gps_back
99.781996366135,13.899260634416,0.000000000000,,gps_back
99.831066479938,13.908864983692,0.000000000000,,gps_back
99.880122674352,13.918541161299,0.000000000000,,gps_back
99.929261104689,13.927786665484,0.000000000000,,gps_back
99.978431577614,13.936864291256,0.000000000000,,gps_back
100.027778927980,13.944897662737,0.000000000000,,gps_back
100.077413385317,13.950851426314,0.000000000000,,gps_back
100.127133297276,13.956149449723,0.000000000000,,gps_back
100.176491733586,13.963979590050,0.000000000000,,gps_back
100.225675133135,13.972986178424,0.000000000000,,gps_back
100.274846894113,13.982056823377,0.000000000000,,gps_back
100.324022323520,13.991107553742,0.000000000000,,gps_back
100.373198995046,14.000151539312,0.000000000000,,gps_back
100.422655209878,14.007429294062,0.000000000000,,gps_back
100.472341914941,14.012993198854,0.000000000000,,gps_back
100.522069593050,14.018217690397,0.000000000000,,gps_back
100.571400499938,14.026194344812,0.000000000000,,gps_back
100.620577171463,14.035238330382,0.000000000000,,gps_back
100.669934123775,14.043211325549,0.000000000000,,gps_back
100.719596032871,14.048909603290,0.000000000000,,gps_back
100.769349272452,14.053884927250,0.000000000000,,gps_back
100.818795219400,14.061173052440,0.000000000000,,gps_back
100.867989346376,14.070109111011,0.000000000000,,gps_back
100.917134174229,14.079324562567,0.000000000000,,gps_back
100.966297692590,14.088439574023,0.000000000000,,gps_back
101.015468165515,14.097517199796,0.000000000000,,gps_back
101.064640673497,14.106583792718,0.000000000000,,gps_back
101.113816401838,14.115632901488,0.000000000000,,gps_back
101.162993073365,14.124676887047,0.000000000000,,gps_back
101.212222302089,14.133428312973,0.000000000000,,gps_back
101.261484564336,14.141993715109,0.000000000000,,gps_back
101.310751730943,14.150530985858,0.000000000000,,gps_back
101.359954346432,14.159429806188,0.000000000000,,gps_back
101.409131270609,14.168472417578,0.000000000000,,gps_back
101.458298251273,14.177568878715,0.000000000000,,gps_back
101.507442142032,14.186789095994,0.000000000000,,gps_back
101.556578535520,14.196049416305,0.000000000000,,gps_back
101.606051804386,14.203170968076,0.000000000000,,gps_back
101.655764797053,14.208499558326,0.000000000000,,gps_back
101.705488864140,14.213755119765,0.000000000000,,gps_back
101.754522142040,14.223204522480,0.000000000000,,gps_back
101.803293919397,14.234225068324,0.000000000000,,gps_back
101.852065696755,14.245245614167,0.000000000000,,gps_back
101.900837474112,14.256266160010,0.000000000000,,gps_back
101.950165004737,14.264214733574,0.000000000000,,gps_back
101.999802124082,14.270220598343,0.000000000000,,gps_back
102.049182882381,14.277970362904,0.000000000000,,gps_back
102.098091569166,14.288304344961,0.000000000000,,gps_back
102.146852186309,14.299374121083,0.000000000000,,gps_back
102.195591391712,14.310537735892,0.000000000000,,gps_back
102.244543736205,14.320705784955,0.000000000000,,gps_back
102.294058322696,14.327395369179,0.000000000000,,gps_back
102.343753887900,14.332917098652,0.000000000000,,gps_back
102.392762184909,14.342503586547,0.000000000000,,gps_back
102.441499192673,14.353676848081,0.000000000000,,gps_back
102.490454353422,14.363830912217,0.000000000000,,gps_back
102.539531573871,14.373399111004,0.000000000000,,gps_back
102.588811544034,14.381836364469,0.000000000000,,gps_back
102.638412950826,14.388045883438,0.000000000000,,gps_back
102.688108516030,14.393567612906,0.000000000000,,gps_back
102.737406974183,14.401756917020,0.000000000000,,gps_back
102.786514250875,14.411169423009,0.000000000000,,gps_back
102.835620530956,14.420588004338,0.000000000000,,gps_back
102.884750210479,14.429883693508,0.000000000000,,gps_back
102.933886603968,14.439144013819,0.000000000000,,gps_back
102.982996907731,14.448541324987,0.000000000000,,gps_back
103.032090916816,14.458023757574,0.000000000000,,gps_back
103.081198187800,14.467437154179,0.000000000000,,gps_back
103.130342990298,14.476652149830,0.000000000000,,gps_back
103.179499672218,14.485804161627,0.000000000000,,gps_back
103.228656354138,14.494956173425,0.000000000000,,gps_back
103.277813036058,14.504108185222,0.000000000000,,gps_back
103.326970001912,14.513258671789,0.000000000000,,gps_back
103.376136817325,14.522356027823,0.000000000000,,gps_back
103.425307290249,14.531433653596,0.000000000000,,gps_back
103.474445747304,14.540682402664,0.000000000000,,gps_back
103.523519186113,14.550269221951,0.000000000000,,gps_back
103.572572733887,14.559958811624,0.000000000000,,gps_back
103.621124120338,14.571833777141,0.000000000000,,gps_back
103.669428284316,14.584749922692,0.000000000000,,gps_back
103.717869781911,14.597135783843,0.000000000000,,gps_back
103.766862685397,14.607026470873,0.000000000000,,gps_back
103.816039356923,14.616070456443,0.000000000000,,gps_back
103.865482592835,14.623448931876,0.000000000000,,gps_back
103.915180150044,14.628893424910,0.000000000000,,gps_back
103.964935273497,14.633849873992,0.000000000000,,gps_back
104.014220142161,14.642044757625,0.000000000000,,gps_back
104.063288956254,14.651655843218,0.000000000000,,gps_back
104.112382524237,14.661139722352,0.000000000000,,gps_back
104.161536194521,14.670306682077,0.000000000000,,gps_back
104.210706667445,14.679384307850,0.000000000000,,gps_back
104.260252698395,14.685934459685,0.000000000000,,gps_back
104.309997835318,14.690978207026,0.000000000000,,gps_back
104.359764839866,14.695813902815,0.000000000000,,gps_back
104.409523152785,14.700737938579,0.000000000000,,gps_back
104.459278276238,14.705694387661,0.000000000000,,gps_back
104.509022639966,14.710757266051,0.000000000000,,gps_back
104.558746402465,14.716018133592,0.000000000000,,gps_back
104.608464012717,14.721337713292,0.000000000000,,gps_back
104.657807657951,14.729261198522,0.000000000000,,gps_back
104.706992035742,14.738262903127,0.000000000000,,gps_back
104.756315785507,14.746449887473,0.000000000000,,gps_back
104.805953888294,14.752343288403,0.000000000000,,gps_back
104.855687828359,14.757507966795,0.000000000000,,gps_back
104.905164528310,14.764632216311,0.000000000000,,gps_back
104.954396332294,14.773354497900,0.000000000000,,gps_back
105.003572839620,14.782399376240,0.000000000000,,gps_back
105.052744917491,14.791468292470,0.000000000000,,gps_back
105.101915390416,14.800545918242,0.000000000000,,gps_back
105.151087644245,14.809613890195,0.000000000000,,gps_back
105.200263304817,14.818663366406,0.000000000000,,gps_back
105.249439976344,14.827707351965,0.000000000000,,gps_back
105.298550727333,14.837100249991,0.000000000000,,gps_back
105.347613136471,14.846744570160,0.000000000000,,gps_back
105.396826120484,14.855572889703,0.000000000000,,gps_back
105.446436258307,14.861633765281,0.000000000000,,gps_back
105.496170198372,14.866798443672,0.000000000000,,gps_back
105.545665144362,14.873807351293,0.000000000000,,gps_back
105.594903465398,14.882487993634,0.000000000000,,gps_back
105.644080136923,14.891531979204,0.000000000000,,gps_back
105.693252291632,14.900600478105,0.000000000000,,gps_back
105.742422774381,14.909678050658,0.000000000000,,gps_back
105.791914591293,14.916685197786,0.000000000000,,gps_back
105.841805634420,14.919040337830,0.000000000000,,gps_back
105.891797848793,14.919998043087,0.000000000000,,gps_back
105.941438780369,14.925372144732,0.000000000000,,gps_back
105.990703863607,14.933870825500,0.000000000000,,gps_back
106.039926825172,14.942658013209,0.000000000000,,gps_back
106.089545926501,14.948604592655,0.000000000000,,gps_back
106.139299166083,14.953579916605,0.000000000000,,gps_back
106.189040946829,14.958668079568,0.000000000000,,gps_back
106.238765509872,14.963921734652,0.000000000000,,gps_back
106.288479611756,14.969273904680,0.000000000000,,gps_back
106.337791380013,14.977384562461,0.000000000000,,gps_back
106.386961852938,14.986462188234,0.000000000000,,gps_back
106.436316284792,14.994452793060,0.000000000000,,gps_back
106.485969897900,15.000238265301,0.000000000000,,gps_back
106.535705867183,15.005383365572,0.000000000000,,gps_back
106.585148915116,15.012718707159,0.000000000000,,gps_back
106.634363399551,15.021544012229,0.000000000000,,gps_back
106.683587881397,15.030322203667,0.000000000000,,gps_back
106.733184289330,15.036495047232,0.000000000000,,gps_back
106.782904201289,15.041793070641,0.000000000000,,gps_back
106.832382135104,15.048925728863,0.000000000000,,gps_back
106.881610202429,15.057666498911,0.000000000000,,gps_back
106.930779840063,15.066748647605,0.000000000000,,gps_back
106.979863317661,15.076281642985,0.000000000000,,gps_back
107.028916865433,15.085971232671,0.000000000000,,gps_back
107.078019865002,15.095405776033,0.000000000000,,gps_back
107.127181952719,15.104527715438,0.000000000000,,gps_back
107.176358624245,15.113571701007,0.000000000000,,gps_back
107.225450406791,15.123061891041,0.000000000000,,gps_back
107.274500536014,15.132768701358,0.000000000000,,gps_back
107.323795553828,15.141101792154,0.000000000000,,gps_back
107.373440394754,15.146942109805,0.000000000000,,gps_back
107.423176364037,15.152087210076,0.000000000000,,gps_back
107.472558651221,15.159783369482,0.000000000000,,gps_back
107.521693384937,15.169043576521,0.000000000000,,gps_back
107.570776160076,15.178583972025,0.000000000000,,gps_back
107.619836428243,15.188239294473,0.000000000000,,gps_back
107.668889976018,15.197928884147,0.000000000000,,gps_back
107.718020516175,15.207217106901,0.000000000000,,gps_back
107.767192169482,15.216288215070,0.000000000000,,gps_back
107.816352590491,15.225419970348,0.000000000000,,gps_back
107.865432112814,15.234974244503,0.000000000000,,gps_back
107.914485660586,15.244663834188,0.000000000000,,gps_back
107.963539208358,15.254353423874,0.000000000000,,gps_back
108.012592756130,15.264043013560,0.000000000000,,gps_back
108.061646303902,15.273732603246,0.000000000000,,gps_back
108.110699851674,15.283422192931,0.000000000000,,gps_back
108.159753399447,15.293111782615,0.000000000000,,gps_back
108.208806947220,15.302801372294,0.000000000000,,gps_back
108.257860494994,15.312490961969,0.000000000000,,gps_back
108.307078401500,15.321291798469,0.000000000000,,gps_back
108.356682774150,15.327422848251,0.000000000000,,gps_back
108.406400384402,15.332742427951,0.000000000000,,gps_back
108.455727187039,15.340769627191,0.000000000000,,gps_back
108.504816203230,15.350272336435,0.000000000000,,gps_back
108.554077881887,15.358813990161,0.000000000000,,gps_back
108.603697745174,15.364852433640,0.000000000000,,gps_back
108.653415355425,15.370172013340,0.000000000000,,gps_back
108.703134529101,15.375476953727,0.000000000000,,gps_back
108.752854388781,15.380775467665,0.000000000000,,gps_back
108.802151239285,15.388964046026,0.000000000000,,gps_back
108.850503603236,15.401538217453,0.000000000000,,gps_back
108.898588625102,15.415248409629,0.000000000000,,gps_back
108.947821246863,15.423326403147,0.000000000000,,gps_back
108.997480549890,15.429161479184,0.000000000000,,gps_back
109.046871293721,15.436865399813,0.000000000000,,gps_back
109.095985329656,15.446225497213,0.000000000000,,gps_back
109.145038877428,15.455915086899,0.000000000000,,gps_back
109.194092425200,15.465604676585,0.000000000000,,gps_back
109.243145972972,15.475294266271,0.000000000000,,gps_back
109.292199520744,15.484983855956,0.000000000000,,gps_back
109.341253068516,15.494673445641,0.000000000000,,gps_back
109.390289398589,15.504449664079,0.000000000000,,gps_back
109.439262445063,15.514536880169,0.000000000000,,gps_back
109.488216424963,15.524717575097,0.000000000000,,gps_back
109.536380654253,15.538018545197,0.000000000000,,gps_back
109.584209216137,15.552597492945,0.000000000000,,gps_back
109.633015897066,15.563192439842,0.000000000000,,gps_back
109.682606112820,15.569338563395,0.000000000000,,gps_back
109.732342082103,15.574483663666,0.000000000000,,gps_back
109.781057206163,15.585271472902,0.000000000000,,gps_back
109.829364608387,15.598175086877,0.000000000000,,gps_back
109.877812669757,15.610535680763,0.000000000000,,gps_back
109.926732224702,15.620823649331,0.000000000000,,gps_back
109.975785772475,15.630513239016,0.000000000000,,gps_back
110.024967206537,15.639522780865,0.000000000000,,gps_back
110.074223514971,15.648121764339,0.000000000000,,gps_back
110.123490681578,15.656659035088,0.000000000000,,gps_back
110.172691533027,15.665567978397,0.000000000000,,gps_back
110.221868918740,15.674608077008,0.000000000000,,gps_back
110.271044114943,15.683660079792,0.000000000000,,gps_back
110.320215618760,15.692732114224,0.000000000000,,gps_back
110.369386091685,15.701809739996,0.000000000000,,gps_back
110.418593341215,15.710685085630,0.000000000000,,gps_back
110.467830016741,15.719396297909,0.000000000000,,gps_back
110.517072342689,15.728075700684,0.000000000000,,gps_back
110.566657774349,15.734365226566,0.000000000000,,gps_back
110.616398401095,15.739459227693,0.000000000000,,gps_back
110.666083997895,15.745058052961,0.000000000000,,gps_back
110.715423958859,15.753065971062,0.000000000000,,gps_back
110.764660919598,15.761775758340,0.000000000000,,gps_back
110.814085946845,15.769316232279,0.000000000000,,gps_back
110.863776001325,15.774805272165,0.000000000000,,gps_back
110.913531124777,15.779761721247,0.000000000000,,gps_back
110.962866519950,15.787714926624,0.000000000000,,gps_back
111.011916352781,15.797412668415,0.000000000000,,gps_back
111.060918064990,15.807361080241,0.000000000000,,gps_back
111.109919777199,15.817309492067,0.000000000000,,gps_back
111.158921489409,15.827257903892,0.000000000000,,gps_back
111.207923201618,15.837206315718,0.000000000000,,gps_back
111.256924913827,15.847154727543,0.000000000000,,gps_back
111.305926626037,15.857103139369,0.000000000000,,gps_back
111.354928338246,15.867051551195,0.000000000000,,gps_back
111.403930050456,15.876999963020,0.000000000000,,gps_back
111.452931762665,15.886948374846,0.000000000000,,gps_back
111.502059722681,15.896245878170,0.000000000000,,gps_back
111.551229550757,15.905326993980,0.000000000000,,gps_back
111.600401625095,15.914395939787,0.000000000000,,gps_back
111.649577315501,15.923445253423,0.000000000000,,gps_back
111.698753987027,15.932489238993,0.000000000000,,gps_back
111.747927429081,15.941550761691,0.000000000000,,gps_back
111.797098369650,15.950625852862,0.000000000000,,gps_back
111.846291539057,15.959579386442,0.000000000000,,gps_back
111.895899183857,15.965627501784,0.000000000000,,gps_back
111.945635153140,15.970772602055,0.000000000000,,gps_back
111.995295284360,15.976591969767,0.000000000000,,gps_back
112.044805821046,15.983560775314,0.000000000000,,gps_back
112.094276810984,15.990824373039,0.000000000000,,gps_back
112.143747800921,15.998087970764,0.000000000000,,gps_back
112.193218790858,16.005351568489,0.000000000000,,gps_back
112.242756898820,16.012136935790,0.000000000000,,gps_back
112.292436640223,16.017770998533,0.000000000000,,gps_back
112.342154250474,16.023090578233,0.000000000000,,gps_back
112.391516841363,16.030928980344,0.000000000000,,gps_back
112.440706553268,16.039899671369,0.000000000000,,gps_back
112.489878142443,16.048971248049,0.000000000000,,gps_back
112.539053684292,16.058021367226,0.000000000000,,gps_back
112.588230355817,16.067065352796,0.000000000000,,gps_back
112.637682333989,16.074392910148,0.000000000000,,gps_back
112.687369723752,16.079944163625,0.000000000000,,gps_back
112.737103663817,16.085108842017,0.000000000000,,gps_back
112.786340162705,16.093614387755,0.000000000000,,gps_back
112.835400287579,16.103270427184,0.000000000000,,gps_back
112.884500783491,16.112718235238,0.000000000000,,gps_back
112.933662827610,16.121840290133,0.000000000000,,gps_back
112.982839499137,16.130884275692,0.000000000000,,gps_back
113.032403185464,16.137319392613,0.000000000000,,gps_back
113.082141522969,16.142433638293,0.000000000000,,gps_back
113.131810851596,16.148169933257,0.000000000000,,gps_back
113.181003676503,16.156982207698,0.000000000000,,gps_back
113.230057224275,16.166671797384,0.000000000000,,gps_back
113.279538413510,16.173708501427,0.000000000000,,gps_back
113.329258762190,16.178975876220,0.000000000000,,gps_back
113.378963942776,16.184404478179,0.000000000000,,gps_back
113.428167136183,16.193125607152,0.000000000000,,gps_back
113.477220683955,16.202815196838,0.000000000000,,gps_back
113.526649195454,16.210255932055,0.000000000000,,gps_back
113.576340169884,16.215776569307,0.000000000000,,gps_back
113.626067609566,16.221003268462,0.000000000000,,gps_back
113.675307279933,16.229505934805,0.000000000000,,gps_back
113.724398849530,16.239001012044,0.000000000000,,gps_back
113.773509392398,16.248397297895,0.000000000000,,gps_back
113.822641095361,16.257682360269,0.000000000000,,gps_back
113.871777488850,16.266942680579,0.000000000000,,gps_back
113.920941801534,16.276053222391,0.000000000000,,gps_back
113.970117575462,16.285102082835,0.000000000000,,gps_back
114.019293061644,16.294152510617,0.000000000000,,gps_back
114.068464621956,16.303224237896,0.000000000000,,gps_back
114.117635094881,16.312301863669,0.000000000000,,gps_back
114.166808448364,16.321363868280,0.000000000000,,gps_back
114.215984549742,16.330410951679,0.000000000000,,gps_back
114.265161221267,16.339454937249,0.000000000000,,gps_back
114.314333369833,16.348523471458,0.000000000000,,gps_back
114.363503911984,16.357600722220,0.000000000000,,gps_back
114.412826972671,16.365793936761,0.000000000000,,gps_back
114.462463476081,16.371720371926,0.000000000000,,gps_back
114.512181086334,16.377039951614,0.000000000000,,gps_back
114.561540017982,16.384903139589,0.000000000000,,gps_back
114.610718401195,16.393935095796,0.000000000000,,gps_back
114.659875083114,16.403087107594,0.000000000000,,gps_back
114.709031765034,16.412239119392,0.000000000000,,gps_back
114.758188446954,16.421391131189,0.000000000000,,gps_back
114.807396075149,16.430263762016,0.000000000000,,gps_back
114.856656944291,16.438836450807,0.000000000000,,gps_back
114.905929268801,16.447343902523,0.000000000000,,gps_back
114.955184507986,16.455949546020,0.000000000000,,gps_back
115.004428632867,16.464618715861,0.000000000000,,gps_back
115.053670958815,16.473298118635,0.000000000000,,gps_back
115.102862573017,16.482259089080,0.000000000000,,gps_back
115.152034389229,16.491329425703,0.000000000000,,gps_back
115.201227048843,16.500285782858,0.000000000000,,gps_back
115.250482416321,16.508889050302,0.000000000000,,gps_back
115.299754740831,16.517396502017,0.000000000000,,gps_back
115.349016617429,16.525964178476,0.000000000000,,gps_back
115.398262752094,16.534621851992,0.000000000000,,gps_back
115.447505078042,16.543301254767,0.000000000000,,gps_back
115.496470656744,16.553394918006,0.000000000000,,gps_back
115.545168022447,16.564730481541,0.000000000000,,gps_back
115.593809682418,16.576311829155,0.000000000000,,gps_back
115.642749069181,16.586533880111,0.000000000000,,gps_back
115.691942074494,16.595475401627,0.000000000000,,gps_back
115.741184400442,16.604154804401,0.000000000000,,gps_back
115.790444942214,16.612730021707,0.000000000000,,gps_back
115.839715809409,16.621245895159,0.000000000000,,gps_back
115.888988133919,16.629753346875,0.000000000000,,gps_back
115.938260458430,16.638260798584,0.000000000000,,gps_back
115.987532782941,16.646768250290,0.000000000000,,gps_back
116.036801763370,16.655295040354,0.000000000000,,gps_back
116.086050024857,16.663940471996,0.000000000000,,gps_back
116.135292350805,16.672619874771,0.000000000000,,gps_back
116.184555778578,16.681178428988,0.000000000000,,gps_back
116.233868444611,16.689447639941,0.000000000000,,gps_back
116.283194020496,16.697640701697,0.000000000000,,gps_back
116.332658518237,16.704931185170,0.000000000000,,gps_back
116.382378534801,16.710132524827,0.000000000000,,gps_back
116.432162665919,16.714788594647,0.000000000000,,gps_back
116.481780049883,16.720919886445,0.000000000000,,gps_back
116.531161263514,16.728740345459,0.000000000000,,gps_back
116.580486839399,16.736933407215,0.000000000000,,gps_back
116.630021352954,16.743704945856,0.000000000000,,gps_back
116.679749493933,16.748885742210,0.000000000000,,gps_back
116.729516711156,16.753719248919,0.000000000000,,gps_back
116.779300069229,16.758382644714,0.000000000000,,gps_back
116.829093239197,16.762940937354,0.000000000000,,gps_back
116.878887899573,16.767483017861,0.000000000000,,gps_back
116.928331690555,16.774774318760,0.000000000000,,gps_back
116.977540781613,16.783630605834,0.000000000000,,gps_back
117.026754382764,16.792470449834,0.000000000000,,gps_back
117.076210546636,16.799790892389,0.000000000000,,gps_back
117.125734793612,16.806682021376,0.000000000000,,gps_back
117.175259040589,16.813573150363,0.000000000000,,gps_back
117.224783287565,16.820464279350,0.000000000000,,gps_back
117.274307534541,16.827355408337,0.000000000000,,gps_back
117.323648671366,16.835428047086,0.000000000000,,gps_back
117.372845724016,16.844356133673,0.000000000000,,gps_back
117.421984440330,16.853603642567,0.000000000000,,gps_back
117.470459813933,16.865758411454,0.000000000000,,gps_back
117.518741941123,16.878757445698,0.000000000000,,gps_back
117.567554100934,16.889525853105,0.000000000000,,gps_back
117.617132319575,16.895641533754,0.000000000000,,gps_back
117.666887443029,16.900597982825,0.000000000000,,gps_back
117.716318608331,16.908008776371,0.000000000000,,gps_back
117.765505013901,16.916987531335,0.000000000000,,gps_back
117.814698914123,16.925936043171,0.000000000000,,gps_back
117.864330219250,16.931783021918,0.000000000000,,gps_back
117.914083458831,16.936758345878,0.000000000000,,gps_back
117.963837388973,16.941726757975,0.000000000000,,gps_back
118.013592289877,16.946685438839,0.000000000000,,gps_back
118.063347413330,16.951641887921,0.000000000000,,gps_back
118.112717335510,16.959414847495,0.000000000000,,gps_back
118.161886082146,16.968497770215,0.000000000000,,gps_back
118.211033099564,16.977701531856,0.000000000000,,gps_back
118.260198602523,16.986805895856,0.000000000000,,gps_back
118.309369075448,16.995883521628,0.000000000000,,gps_back
118.358539548373,17.004961147400,0.000000000000,,gps_back
118.407710021298,17.014038773173,0.000000000000,,gps_back
118.456880494222,17.023116398945,0.000000000000,,gps_back
118.506055328094,17.032170361866,0.000000000000,,gps_back
118.555231869211,17.041215056403,0.000000000000,,gps_back
118.604545746910,17.049466992788,0.000000000000,,gps_back
118.654209965311,17.055120996522,0.000000000000,,gps_back
118.703963204892,17.060096320483,0.000000000000,,gps_back
118.753445928406,17.067188236294,0.000000000000,,gps_back
118.802646951970,17.076075481399,0.000000000000,,gps_back
118.851789791652,17.085301531759,0.000000000000,,gps_back
118.900953784463,17.094413979569,0.000000000000,,gps_back
118.950124156459,17.103492151959,0.000000000000,,gps_back
118.999296269335,17.112560888880,0.000000000000,,gps_back
119.048472033981,17.121609799355,0.000000000000,,gps_back
119.097648705506,17.130653784924,0.000000000000,,gps_back
119.147161252597,17.137529518747,0.000000000000,,gps_back
119.196882450935,17.142788245101,0.000000000000,,gps_back
119.246634725669,17.147773205429,0.000000000000,,gps_back
119.296374235653,17.152883541630,0.000000000000,,gps_back
119.346110204936,17.158028641901,0.000000000000,,gps_back
119.395680156665,17.164541735534,0.000000000000,,gps_back
119.444933015105,17.173114117721,0.000000000000,,gps_back
119.494109686633,17.182158103280,0.000000000000,,gps_back
119.543282514922,17.191222954540,0.000000000000,,gps_back
119.592453267530,17.200299064764,0.000000000000,,gps_back
119.641709857334,17.208893192513,0.000000000000,,gps_back
119.691360864508,17.214618323661,0.000000000000,,gps_back
119.741115987961,17.219574772743,0.000000000000,,gps_back
119.790652319621,17.226311649933,0.000000000000,,gps_back
119.839862674717,17.235129888695,0.000000000000,,gps_back
119.888999068206,17.244390209007,0.000000000000,,gps_back
119.938158997518,17.253524509818,0.000000000000,,gps_back
119.987328604696,17.262606819330,0.000000000000,,gps_back
120.036500236137,17.271678166935,0.000000000000,,gps_back
120.085675877185,17.280727747533,0.000000000000,,gps_back
120.134852548711,17.289771733103,0.000000000000,,gps_back
120.184325783211,17.296950944713,0.000000000000,,gps_back
120.234037600613,17.302277692026,0.000000000000,,gps_back
120.283792724066,17.307234141108,0.000000000000,,gps_back
120.333087340141,17.315431634918,0.000000000000,,gps_back
120.382230287728,17.324656861931,0.000000000000,,gps_back
120.431375178973,17.333871945932,0.000000000000,,gps_back
120.480540602988,17.342976726708,0.000000000000,,gps_back
120.529711075915,17.352054352470,0.000000000000,,gps_back
120.579218916805,17.358966520818,0.000000000000,,gps_back
120.628940774127,17.364216322319,0.000000000000,,gps_back
120.678681127172,17.369318288662,0.000000000000,,gps_back
120.728030379817,17.377231973415,0.000000000000,,gps_back
120.777272705765,17.385911376191,0.000000000000,,gps_back
120.826520406339,17.394560215386,0.000000000000,,gps_back
120.875787722645,17.403096441317,0.000000000000,,gps_back
120.925060047155,17.411603893033,0.000000000000,,gps_back
120.974300608251,17.420292763595,0.000000000000,,gps_back
121.023484348949,17.429297110577,0.000000000000,,gps_back
121.072654821874,17.438374736350,0.000000000000,,gps_back
121.121868424970,17.447214637424,0.000000000000,,gps_back
121.171107113179,17.455914563119,0.000000000000,,gps_back
121.220349439127,17.464593965894,0.000000000000,,gps_back
121.269613856273,17.473146821885,0.000000000000,,gps_back
121.318885789356,17.481656539176,0.000000000000,,gps_back
121.368148963400,17.490216772143,0.000000000000,,gps_back
121.417338938894,17.499185650267,0.000000000000,,gps_back
121.466509411818,17.508263276041,0.000000000000,,gps_back
121.515912261387,17.515940594809,0.000000000000,,gps_back
121.565577661290,17.521668111451,0.000000000000,,gps_back
121.615290005636,17.527036550630,0.000000000000,,gps_back
121.664485013784,17.535799508889,0.000000000000,,gps_back
121.713538561556,17.545489098575,0.000000000000,,gps_back
121.762588860675,17.555195116124,0.000000000000,,gps_back
121.811635533130,17.564919444588,0.000000000000,,gps_back
121.860732727129,17.574384353614,0.000000000000,,gps_back
121.910321743560,17.580562972678,0.000000000000,,gps_back
121.960041655520,17.585860996086,0.000000000000,,gps_back
122.009739329921,17.591362664940,0.000000000000,,gps_back
122.059416911852,17.597043538543,0.000000000000,,gps_back
122.108949924026,17.603847155426,0.000000000000,,gps_back
122.158097941310,17.612982309397,0.000000000000,,gps_back
122.207151489084,17.622671899071,0.000000000000,,gps_back
122.256643588553,17.629643581675,0.000000000000,,gps_back
122.306304059238,17.635468608579,0.000000000000,,gps_back
122.355732430406,17.642958673312,0.000000000000,,gps_back
122.404881556001,17.652129354455,0.000000000000,,gps_back
122.454008756092,17.661437798534,0.000000000000,,gps_back
122.503377612999,17.669333216798,0.000000000000,,gps_back
122.552809268130,17.676859847410,0.000000000000,,gps_back
122.602240923260,17.684386478023,0.000000000000,,gps_back
122.651672578390,17.691913108636,0.000000000000,,gps_back
122.701049348019,17.699789616658,0.000000000000,,gps_back
122.750168516122,17.709113534039,0.000000000000,,gps_back
122.799222063894,17.718803123723,0.000000000000,,gps_back
122.848343219476,17.728142090952,0.000000000000,,gps_back
122.897507087896,17.737255154684,0.000000000000,,gps_back
122.946670047207,17.746373360037,0.000000000000,,gps_back
122.995746436510,17.755943740545,0.000000000000,,gps_back
123.044799984282,17.765633330230,0.000000000000,,gps_back
123.093913191223,17.775014424512,0.000000000000,,gps_back
123.143079793913,17.784112375897,0.000000000000,,gps_back
123.192256465438,17.793156361466,0.000000000000,,gps_back
123.241428483763,17.802225602504,0.000000000000,,gps_back
123.290599018089,17.811302895657,0.000000000000,,gps_back
123.339762792431,17.820416710666,0.000000000000,,gps_back
123.388909698179,17.829620977830,0.000000000000,,gps_back
123.438052537861,17.838847028192,0.000000000000,,gps_back
123.487209648921,17.847996645529,0.000000000000,,gps_back
123.536378100596,17.857085187801,0.000000000000,,gps_back
123.585548573522,17.866162813564,0.000000000000,,gps_back
123.634719046447,17.875240439334,0.000000000000,,gps_back
123.683889519372,17.884318065106,0.000000000000,,gps_back
123.733259932285,17.892211863588,0.000000000000,,gps_back
123.782945037919,17.897722494194,0.000000000000,,gps_back
123.832700161371,17.902678943276,0.000000000000,,gps_back
123.882138391017,17.910054691917,0.000000000000,,gps_back
123.931347406192,17.918910290375,0.000000000000,,gps_back
123.980515726055,17.927999568759,0.000000000000,,gps_back
124.029663819755,17.937197422102,0.000000000000,,gps_back
124.078806659437,17.946423472464,0.000000000000,,gps_back
124.128199830052,17.954159295026,0.000000000000,,gps_back
124.177892993778,17.959615777164,0.000000000000,,gps_back
124.227648117231,17.964572226246,0.000000000000,,gps_back
124.277043850540,17.972205168083,0.000000000000,,gps_back
124.326241498203,17.981129199681,0.000000000000,,gps_back
124.375396036339,17.990292608488,0.000000000000,,gps_back
124.424469850236,17.999876760546,0.000000000000,,gps_back
124.473523398011,18.009566350220,0.000000000000,,gps_back
124.522642308474,18.018917276483,0.000000000000,,gps_back
124.571805610301,18.028033343432,0.000000000000,,gps_back
124.620965236951,18.037169473214,0.000000000000,,gps_back
124.669927206045,18.047298698625,0.000000000000,,gps_back
124.718837605023,18.057686747968,0.000000000000,,gps_back
124.767773774935,18.067952508396,0.000000000000,,gps_back
124.816725455105,18.078144231820,0.000000000000,,gps_back
124.865218046117,18.090290365230,0.000000000000,,gps_back
124.912847625108,18.105449208368,0.000000000000,,gps_back
124.960589574592,18.120301109569,0.000000000000,,gps_back
125.009165150723,18.132061356168,0.000000000000,,gps_back
125.057798474223,18.143673522183,0.000000000000,,gps_back
125.105148433691,18.159587654059,0.000000000000,,gps_back
125.152090287334,18.176809301823,0.000000000000,,gps_back
125.198099449737,18.196348067276,0.000000000000,,gps_back
125.243872989669,18.216470734580,0.000000000000,,gps_back
125.289261886666,18.237441249424,0.000000000000,,gps_back
125.334470834000,18.258801973998,0.000000000000,,gps_back
125.379182930158,18.281177517694,0.000000000000,,gps_back
125.423588252641,18.304161518724,0.000000000000,,gps_back
125.469329092252,18.324290511316,0.000000000000,,gps_back
125.515775293761,18.342801849573,0.000000000000,,gps_back
125.558968509626,18.367709231147,0.000000000000,,gps_back
125.600957575220,18.394856095497,0.000000000000,,gps_back
125.644538205866,18.419312497572,0.000000000000,,gps_back
125.688781417265,18.442606555540,0.000000000000,,gps_back
125.733124948512,18.465710407537,0.000000000000,,gps_back
125.777482004026,18.488788325795,0.000000000000,,gps_back
125.822944396003,18.509564747462,0.000000000000,,gps_back
125.868711629220,18.529701730730,0.000000000000,,gps_back
125.914551625476,18.549672370840,0.000000000000,,gps_back
125.960434745513,18.569543880273,0.000000000000,,gps_back
126.006283045987,18.589495554239,0.000000000000,,gps_back
126.052069570903,18.609588555329,0.000000000000,,gps_back
126.097681510541,18.630073909439,0.000000000000,,gps_back
126.142511507578,18.652202233743,0.000000000000,,gps_back
126.187154104532,18.674722829528,0.000000000000,,gps_back
126.230877221010,18.698960577539,0.000000000000,,gps_back
126.273903753151,18.724429030904,0.000000000000,,gps_back
126.316808733789,18.750105894289,0.000000000000,,gps_back
126.359649709410,18.775889333791,0.000000000000,,gps_back
126.402474854590,18.801699131109,0.000000000000,,gps_back
126.445330632916,18.827458014473,0.000000000000,,gps_back
126.488230959794,18.853142627735,0.000000000000,,gps_back
126.531140563197,18.878811765490,0.000000000000,,gps_back
126.572068482081,18.907478684638,0.000000000000,,gps_back
126.612099703737,18.937437457886,0.000000000000,,gps_back
126.651625422982,18.968060076004,0.000000000000,,gps_back
126.689787238867,19.000352884283,0.000000000000,,gps_back
126.727633589765,19.033029977499,0.000000000000,,gps_back
126.765792748169,19.065340335994,0.000000000000,,gps_back
126.804290036204,19.097247331475,0.000000000000,,gps_back
126.842773464931,19.129171626275,0.000000000000,,gps_back
126.880446422250,19.162042861043,0.000000000000,,gps_back
126.917921944352,19.195144582154,0.000000000000,,gps_back
126.955397466453,19.228246303265,0.000000000000,,gps_back
126.992872988555,19.261348024376,0.000000000000,,gps_back
127.030217741345,19.294597061228,0.000000000000,,gps_back
127.065472240944,19.330023898526,0.000000000000,,gps_back
127.100213805660,19.365984465517,0.000000000000,,gps_back
127.136128298734,19.400763728870,0.000000000000,,gps_back
127.173086071686,19.434438029723,0.000000000000,,gps_back
127.209694355368,19.468494108689,0.000000000000,,gps_back
127.244779905497,19.504105516223,0.000000000000,,gps_back
127.279521470213,19.540066083215,0.000000000000,,gps_back
127.311529064143,19.578437481606,0.000000000000,,gps_back
127.342251940700,19.617884864433,0.000000000000,,gps_back
127.373383661681,19.657010691513,0.000000000000,,gps_back
127.405800439508,19.695073057468,0.000000000000,,gps_back
127.438499029014,19.732900837492,0.000000000000,,gps_back
127.471377221639,19.770572434724,0.000000000000,,gps_back
127.504302605667,19.808202977900,0.000000000000,,gps_back
127.537174059256,19.845880623021,0.000000000000,,gps_back
127.570001873070,19.883596308663,0.000000000000,,gps_back
127.602282008878,19.921780173872,0.000000000000,,gps_back
127.633126099876,19.961126018480,0.000000000000,,gps_back
127.663651035996,20.000728631679,0.000000000000,,gps_back
127.694175972115,20.040331244878,0.000000000000,,gps_back
127.724700908235,20.079933858077,0.000000000000,,gps_back
127.754752504991,20.119895762289,0.000000000000,,gps_back
127.783482750861,20.160812421669,0.000000000000,,gps_back
127.811918451468,20.201940874451,0.000000000000,,gps_back
127.840354152075,20.243069327234,0.000000000000,,gps_back
127.868789852681,20.284197780017,0.000000000000,,gps_back
127.897214612840,20.325333794214,0.000000000000,,gps_back
127.925594047934,20.366501083476,0.000000000000,,gps_back
127.953963065460,20.407675560302,0.000000000000,,gps_back
127.982332082986,20.448850037128,0.000000000000,,gps_back
128.010701100512,20.490024513955,0.000000000000,,gps_back
128.038853799412,20.531346995342,0.000000000000,,gps_back
128.065456996359,20.573674682995,0.000000000000,,gps_back
128.091695118665,20.616238748063,0.000000000000,,gps_back
128.116025153192,20.659907985548,0.000000000000,,gps_back
128.138319625068,20.704655502259,0.000000000000,,gps_back
128.160234096480,20.749598740238,0.000000000000,,gps_back
128.181471935141,20.794864146578,0.000000000000,,gps_back
128.202438333900,20.840257377483,0.000000000000,,gps_back
128.224397201393,20.885175508517,0.000000000000,,gps_back
128.247820999866,20.929345753999,0.000000000000,,gps_back
128.271538633751,20.973364074505,0.000000000000,,gps_back
128.292967192284,21.018523550901,0.000000000000,,gps_back
128.313757042933,21.063997924011,0.000000000000,,gps_back
128.333808301878,21.109801166827,0.000000000000,,gps_back
128.353110274404,21.155925761320,0.000000000000,,gps_back
128.372273520984,21.202109185595,0.000000000000,,gps_back
128.390335340659,21.248730760261,0.000000000000,,gps_back
128.408070493874,21.295481182642,0.000000000000,,gps_back
128.427371318475,21.341599705342,0.000000000000,,gps_back
128.448068204448,21.387113235390,0.000000000000,,gps_back
128.468511613623,21.432743646264,0.000000000000,,gps_back
128.486734312885,21.479292946037,0.000000000000,,gps_back
128.504454643793,21.526048999868,0.000000000000,,gps_back
128.518339043404,21.574043570363,0.000000000000,,gps_back
128.530627550361,21.622510201440,0.000000000000,,gps_back
128.544302197095,21.670598992113,0.000000000000,,gps_back
128.558656182062,21.718495513213,0.000000000000,,gps_back
128.573022201442,21.766388677569,0.000000000000,,gps_back
128.587321628542,21.814301769576,0.000000000000,,gps_back
128.600642000234,21.862493746456,0.000000000000,,gps_back
128.611075304082,21.911376520399,0.000000000000,,gps_back
128.620881382846,21.960406914203,0.000000000000,,gps_back
128.630687461605,22.009437308008,0.000000000000,,gps_back
128.640493540363,22.058467701813,0.000000000000,,gps_back
128.650058874019,22.107545485843,0.000000000000,,gps_back
128.659164496844,22.156710378608,0.000000000000,,gps_back
128.668175086450,22.205893180198,0.000000000000,,gps_back
128.677099955043,22.255091591021,0.000000000000,,gps_back
128.685969728163,22.304299979796,0.000000000000,,gps_back
128.694876369915,22.353501706747,0.000000000000,,gps_back
128.704512884143,22.402564420720,0.000000000000,,gps_back
128.714318962904,22.451594814525,0.000000000000,,gps_back
128.722092456719,22.500978094020,0.000000000000,,gps_back
128.728085679902,22.550614937810,0.000000000000,,gps_back
128.733773861755,22.600291725996,0.000000000000,,gps_back
128.737115940547,22.650168270195,0.000000000000,,gps_back
128.739846174422,22.700095052781,0.000000000000,,gps_back
128.744313225417,22.749889242856,0.000000000000,,gps_back
128.750450921302,22.799508715850,0.000000000000,,gps_back
128.756850757840,22.849098841374,0.000000000000,,gps_back
128.763088692243,22.898709537970,0.000000000000,,gps_back
128.769290601003,22.948324808049,0.000000000000,,gps_back
128.773228158366,22.998158809153,0.000000000000,,gps_back
128.775889441413,23.048088016078,0.000000000000,,gps_back
128.779206154499,23.097977671736,0.000000000000,,gps_back
128.787833354241,23.147166771195,0.000000000000,,gps_back
128.797639433005,23.196197164999,0.000000000000,,gps_back
128.803468926857,23.245820071779,0.000000000000,,gps_back
128.806591275931,23.295716534448,0.000000000000,,gps_back
128.809304261762,23.345644266256,0.000000000000,,gps_back
128.812010170689,23.395572382030,0.000000000000,,gps_back
128.814714614599,23.445500577275,0.000000000000,,gps_back
128.814886388505,23.495487103697,0.000000000000,,gps_back
128.814184871274,23.545483367278,0.000000000000,,gps_back
128.813379152759,23.595478259139,0.000000000000,,gps_back
128.812477483905,23.645471498172,0.000000000000,,gps_back
128.811224417378,23.695456932168,0.000000000000,,gps_back
128.807554248324,23.745310963021,0.000000000000,,gps_back
128.803354465360,23.795135660916,0.000000000000,,gps_back
128.798807262988,23.844929577647,0.000000000000,,gps_back
128.793840849262,23.894683441358,0.000000000000,,gps_back
128.787992319238,23.944340113343,0.000000000000,,gps_back
128.780284641626,23.993737315216,0.000000000000,,gps_back
128.772198975736,24.043080609638,0.000000000000,,gps_back
128.764113309841,24.092423904060,0.000000000000,,gps_back
128.756027643945,24.141767198481,0.000000000000,,gps_back
128.747955430394,24.191112694971,0.000000000000,,gps_back
128.739899688520,24.240460883168,0.000000000000,,gps_back
128.731793517268,24.289800806394,0.000000000000,,gps_back
128.723049982819,24.339030864402,0.000000000000,,gps_back
128.714165609858,24.388236622342,0.000000000000,,gps_back
128.705881039418,24.437546065194,0.000000000000,,gps_back
128.697810538584,24.486891827631,0.000000000000,,gps_back
128.691056328038,24.536431019918,0.000000000000,,gps_back
128.686113407664,24.586182226130,0.000000000000,,gps_back
128.681524343650,24.635972578095,0.000000000000,,gps_back
128.677109411155,24.685778606330,0.000000000000,,gps_back
128.672732845898,24.735588087093,0.000000000000,,gps_back
128.668242652146,24.785387423840,0.000000000000,,gps_back
128.663671766891,24.835179441434,0.000000000000,,gps_back
128.658305602229,24.884890649381,0.000000000000,,gps_back
128.650684385716,24.934297851250,0.000000000000,,gps_back
128.642598719826,24.983641145672,0.000000000000,,gps_back
128.636977326694,25.033311647173,0.000000000000,,gps_back
128.632305163014,25.083093910899,0.000000000000,,gps_back
128.626398153464,25.132741175658,0.000000000000,,gps_back
128.618654536362,25.182133855050,0.000000000000,,gps_back
128.610424196109,25.231453176068,0.000000000000,,gps_back
128.599392265183,25.280204226108,0.000000000000,,gps_back
128.587746477361,25.328830498054,0.000000000000,,gps_back
128.577850454489,25.377835570473,0.000000000000,,gps_back
128.569507633912,25.427132900735,0.000000000000,,gps_back
128.560894245613,25.476386174809,0.000000000000,,gps_back
128.549933032485,25.525159611936,0.000000000000,,gps_back
128.538480748136,25.573831820438,0.000000000000,,gps_back
128.526391391329,25.622348740565,0.000000000000,,gps_back
128.513944870383,25.670776127274,0.000000000000,,gps_back
128.501801037334,25.719280119652,0.000000000000,,gps_back
128.490079375191,25.767887872013,0.000000000000,,gps_back
128.478391236617,25.816503977337,0.000000000000,,gps_back
128.465996132148,25.864943490275,0.000000000000,,gps_back
128.453447676131,25.913344677749,0.000000000000,,gps_back
128.441510046060,25.961899229721,0.000000000000,,gps_back
128.429835868621,26.010518653789,0.000000000000,,gps_back
128.419123631314,26.059357012844,0.000000000000,,gps_back
128.410160671684,26.108543006435,0.000000000000,,gps_back
128.401613454949,26.157808434745,0.000000000000,,gps_back
128.393447930048,26.207138273059,0.000000000000,,gps_back
128.385362264152,26.256481567480,0.000000000000,,gps_back
128.377150204702,26.305803947630,0.000000000000,,gps_back
128.368871394867,26.355115200518,0.000000000000,,gps_back
128.360486991519,26.404408591125,0.000000000000,,gps_back
128.351901575863,26.453667316756,0.000000000000,,gps_back
128.343762967160,26.503001367337,0.000000000000,,gps_back
128.338561923951,26.552713644297,0.000000000000,,gps_back
128.333978662403,26.602504531123,0.000000000000,,gps_back
128.327243801420,26.652039933722,0.000000000000,,gps_back
128.319315563715,26.701407585519,0.000000000000,,gps_back
128.311020429988,26.750715999089,0.000000000000,,gps_back
128.302265716780,26.799944601508,0.000000000000,,gps_back
128.293020115432,26.849083399087,0.000000000000,,gps_back
128.281044734724,26.897613166067,0.000000000000,,gps_back
128.268496278711,26.946014353542,0.000000000000,,gps_back
128.255947822697,26.994415541017,0.000000000000,,gps_back
128.243399366683,27.042816728492,0.000000000000,,gps_back
128.232879500876,27.091689326547,0.000000000000,,gps_back
128.223815490832,27.140859961260,0.000000000000,,gps_back
128.214955658009,27.190070143222,0.000000000000,,gps_back
128.206075061553,27.239276582187,0.000000000000,,gps_back
128.197040430696,27.288454922022,0.000000000000,,gps_back
128.187564646747,27.337549839081,0.000000000000,,gps_back
128.178167308147,27.386660148730,0.000000000000,,gps_back
128.169230934955,27.435856079852,0.000000000000,,gps_back
128.160340502366,27.485060738578,0.000000000000,,gps_back
128.150894256860,27.534161050288,0.000000000000,,gps_back
128.141641577157,27.583298662823,0.000000000000,,gps_back
128.135609387174,27.632912833369,0.000000000000,,gps_back
128.129882827855,27.682584907521,0.000000000000,,gps_back
128.121575034778,27.731877370598,0.000000000000,,gps_back
128.112730319688,27.781090272486,0.000000000000,,gps_back
128.104023540523,27.830327722467,0.000000000000,,gps_back
128.095357629073,27.879572424193,0.000000000000,,gps_back
128.087061831825,27.928880522710,0.000000000000,,gps_back
128.078980115028,27.978224423285,0.000000000000,,gps_back
128.070867524498,28.027563290138,0.000000000000,,gps_back
128.062608761639,28.076877868251,0.000000000000,,gps_back
128.054321397039,28.126187687611,0.000000000000,,gps_back
128.043696024261,28.175034609075,0.000000000000,,gps_back
128.032301147526,28.223720123020,0.000000000000,,gps_back
128.022096097100,28.272665465080,0.000000000000,,gps_back
128.013684813772,28.321949085180,0.000000000000,,gps_back
128.005600229639,28.371292556850,0.000000000000,,gps_back
127.997541954458,28.420640330351,0.000000000000,,gps_back
127.989489240528,28.469989013167,0.000000000000,,gps_back
127.981316929947,28.519317999621,0.000000000000,,gps_back
127.973045302651,28.568630449216,0.000000000000,,gps_back
127.964791997475,28.617945978178,0.000000000000,,gps_back
127.956678152476,28.667284607965,0.000000000000,,gps_back
127.948592486586,28.716627902387,0.000000000000,,gps_back
127.940528366442,28.765974721555,0.000000000000,,gps_back
127.932474455450,28.815323208950,0.000000000000,,gps_back
127.924411646083,28.864670243107,0.000000000000,,gps_back
127.916329616916,28.914014132679,0.000000000000,,gps_back
127.908243951018,28.963357427100,0.000000000000,,gps_back
127.900158285126,29.012700721521,0.000000000000,,gps_back
127.892072619236,29.062044015943,0.000000000000,,gps_back
127.882372499446,29.111089630857,0.000000000000,,gps_back
127.871006909780,29.159778166190,0.000000000000,,gps_back
127.859922144955,29.208534666944,0.000000000000,,gps_back
127.854035596778,29.258132166633,0.000000000000,,gps_back
127.849219253436,29.307901047815,0.000000000000,,gps_back
127.840789227165,29.357158201520,0.000000000000,,gps_back
127.831289986161,29.406248755219,0.000000000000,,gps_back
127.822281224742,29.455431209999,0.000000000000,,gps_back
127.813428283214,29.504642629315,0.000000000000,,gps_back
127.804559660885,29.553851227256,0.000000000000,,gps_back
127.795677150324,29.603057321252,0.000000000000,,gps_back
127.788360737231,29.652515172290,0.000000000000,,gps_back
127.782746816569,29.702196378701,0.000000000000,,gps_back
127.775417580681,29.751649063806,0.000000000000,,gps_back
127.766126646644,29.800774488206,0.000000000000,,gps_back
127.758590830567,29.850195431691,0.000000000000,,gps_back
127.752959911262,29.899874161552,0.000000000000,,gps_back
127.744868067941,29.949200136158,0.000000000000,,gps_back
127.734491057895,29.998106499577,0.000000000000,,gps_back
127.727526527366,30.047590406683,0.000000000000,,gps_back
127.722030543446,30.097287810824,0.000000000000,,gps_back
127.712728123595,30.146383226786,0.000000000000,,gps_back
127.702599951719,30.195348099003,0.000000000000,,gps_back
127.696445316092,30.244936350583,0.000000000000,,gps_back
127.691094889624,30.294650650655,0.000000000000,,gps_back
127.685764242002,30.344367074691,0.000000000000,,gps_back
127.679626903334,30.393989022963,0.000000000000,,gps_back
127.669637326939,30.442953748426,0.000000000000,,gps_back
127.661049989662,30.492202574927,0.000000000000,,gps_back
127.656035414730,30.541931966396,0.000000000000,,gps_back
127.651376737959,30.591715714687,0.000000000000,,gps_back
127.633130178575,30.637854565839,0.000000000000,,gps_back
127.612237482617,30.683281803846,0.000000000000,,gps_back
127.598027631752,30.731118557045,0.000000000000,,gps_back
127.595164786135,30.780866147173,0.000000000000,,gps_back
127.590669449073,30.830646797746,0.000000000000,,gps_back
127.585626036901,30.880393181443,0.000000000000,,gps_back
127.580337947268,30.930114049959,0.000000000000,,gps_back
127.574987713987,30.979828370061,0.000000000000,,gps_back
127.566946113639,31.029166486840,0.000000000000,,gps_back
127.558340882156,31.078421804496,0.000000000000,,gps_back
127.549548004368,31.127643945523,0.000000000000,,gps_back
127.540672676426,31.176851330553,0.000000000000,,gps_back
127.532171704675,31.226124518712,0.000000000000,,gps_back
127.524036058174,31.275459439866,0.000000000000,,gps_back
127.515853784783,31.324786790413,0.000000000000,,gps_back
127.507100887784,31.374015573084,0.000000000000,,gps_back
127.498256172694,31.423228474972,0.000000000000,,gps_back
127.489411457609,31.472441376861,0.000000000000,,gps_back
127.480566742525,31.521654278751,0.000000000000,,gps_back
127.471836881059,31.570887661366,0.000000000000,,gps_back
127.463166662543,31.620131602378,0.000000000000,,gps_back
127.454418320217,31.669361714865,0.000000000000,,gps_back
127.445585292271,31.718576707119,0.000000000000,,gps_back
127.436530032058,31.767751226776,0.000000000000,,gps_back
127.427033316635,31.816842190972,0.000000000000,,gps_back
127.417675740425,31.865960081417,0.000000000000,,gps_back
127.408729083596,31.915154306240,0.000000000000,,gps_back
127.399600117109,31.964315169199,0.000000000000,,gps_back
127.389144187907,32.013208192198,0.000000000000,,gps_back
127.380363981620,32.062426436378,0.000000000000,,gps_back
127.375036124738,32.112126711051,0.000000000000,,gps_back
127.369356823111,32.161803280614,0.000000000000,,gps_back
127.360063851208,32.210913150403,0.000000000000,,gps_back
127.351058972188,32.260095767580,0.000000000000,,gps_back
127.345241900851,32.309742258724,0.000000000000,,gps_back
127.338753632431,32.359318675584,0.000000000000,,gps_back
127.328582886115,32.408254229021,0.000000000000,,gps_back
127.318333761825,32.457193539427,0.000000000000,,gps_back
127.308686222861,32.506254909032,0.000000000000,,gps_back
127.299122266492,32.555333106186,0.000000000000,,gps_back
127.289558310124,32.604411303340,0.000000000000,,gps_back
127.281818364181,32.653804492494,0.000000000000,,gps_back
127.276178910603,32.703481544430,0.000000000000,,gps_back
127.268296749526,32.752847348723,0.000000000000,,gps_back
127.257899210871,32.801748329472,0.000000000000,,gps_back
127.247786425383,32.850715755567,0.000000000000,,gps_back
127.237951919930,32.899740400364,0.000000000000,,gps_back
127.230894769376,32.949229047691,0.000000000000,,gps_back
127.224896636422,32.998868733718,0.000000000000,,gps_back
127.215823563461,33.048023819058,0.000000000000,,gps_back
127.206910826856,33.097223757291,0.000000000000,,gps_back
127.209703782059,33.146941332553,0.000000000000,,gps_back
127.210508762311,33.196914803927,0.000000000000,,gps_back
127.207240279311,33.246791102952,0.000000000000,,gps_back
127.203455682187,33.296649056399,0.000000000000,,gps_back
127.198524929805,33.346404773273,0.000000000000,,gps_back
127.192184186701,33.396000181116,0.000000000000,,gps_back
127.181281548212,33.444768623411,0.000000000000,,gps_back
127.171126913849,33.493724984918,0.000000000000,,gps_back
127.163851960762,33.543183520224,0.000000000000,,gps_back
127.161629935368,33.593103736209,0.000000000000,,gps_back
127.157451998577,33.642920264141,0.000000000000,,gps_back
127.146229438739,33.691582245069,0.000000000000,,gps_back
127.135051615478,33.740316891617,0.000000000000,,gps_back
127.124285970436,33.789145450429,0.000000000000,,gps_back
127.117975079948,33.838719579719,0.000000000000,,gps_back
127.112196109946,33.888385882109,0.000000000000,,gps_back
127.106199122401,33.938026277315,0.000000000000,,gps_back
127.098594423694,33.987442496347,0.000000000000,,gps_back
127.089237560910,34.036557253180,0.000000000000,,gps_back
127.081592506984,34.085965567124,0.000000000000,,gps_back
127.075999364902,34.135648754488,0.000000000000,,gps_back
127.072774641753,34.185539944711,0.000000000000,,gps_back
127.071530162622,34.235522031451,0.000000000000,,gps_back
127.067579813415,34.285355706593,0.000000000000,,gps_back
127.060949451410,34.334908541256,0.000000000000,,gps_back
127.050016929651,34.383678048980,0.000000000000,,gps_back
127.038564645297,34.432350257481,0.000000000000,,gps_back
127.025216274564,34.480531808022,0.000000000000,,gps_back
127.010513662656,34.528320922811,0.000000000000,,gps_back
126.997287677980,34.576537569989,0.000000000000,,gps_back
126.994952231162,34.626340673218,0.000000000000,,gps_back
126.991901445397,34.676243807683,0.000000000000,,gps_back
126.979140455388,34.724477708130,0.000000000000,,gps_back
126.966520972940,34.772858404337,0.000000000000,,gps_back
126.960920400724,34.822489192498,0.000000000000,,gps_back
126.956104057382,34.872258073680,0.000000000000,,gps_back
126.947123467070,34.921425831013,0.000000000000,,gps_back
126.937570591568,34.970506174826,0.000000000000,,gps_back
126.927791375450,35.019541877588,0.000000000000,,gps_back
126.917992800330,35.068573771491,0.000000000000,,gps_back
126.912411097585,35.118241798578,0.000000000000,,gps_back
126.907098487707,35.167960102526,0.000000000000,,gps_back
126.896920816570,35.216886808808,0.000000000000,,gps_back
126.888522533188,35.266171381990,0.000000000000,,gps_back
126.886804122186,35.316098012960,0.000000000000,,gps_back
126.885828135067,35.366089871631,0.000000000000,,gps_back
126.884955454621,35.416083631946,0.000000000000,,gps_back
126.878996049086,35.465699981238,0.000000000000,,gps_back
126.868661700842,35.514605940910,0.000000000000,,gps_back
126.860944004974,35.563998378293,0.000000000000,,gps_back
126.852901676113,35.613348328422,0.000000000000,,gps_back
126.841141813928,35.661932744295,0.000000000000,,gps_back
126.832613003971,35.711187596860,0.000000000000,,gps_back
126.826066713302,35.760755927324,0.000000000000,,gps_back
126.820266541312,35.810419417629,0.000000000000,,gps_back
126.814089146996,35.860037554554,0.000000000000,,gps_back
126.807302022591,35.909575836460,0.000000000000,,gps_back
126.801360121326,35.959222095235,0.000000000000,,gps_back
126.794895137575,36.008803393491,0.000000000000,,gps_back
126.784596084227,36.057717930127,0.000000000000,,gps_back
126.775514099398,36.106884993619,0.000000000000,,gps_back
126.769233233977,36.156483358180,0.000000000000,,gps_back
126.763390506950,36.206142173843,0.000000000000,,gps_back
126.757670653523,36.255815314375,0.000000000000,,gps_back
126.747915544364,36.304839347524,0.000000000000,,gps_back
126.737781909726,36.353803090558,0.000000000000,,gps_back
126.732012876392,36.403451862095,0.000000000000,,gps_back
126.726077765276,36.453099425816,0.000000000000,,gps_back
126.716822572593,36.502226272213,0.000000000000,,gps_back
126.707885010263,36.551422006462,0.000000000000,,gps_back
126.702228511501,36.601092393164,0.000000000000,,gps_back
126.695873614917,36.650687337635,0.000000000000,,gps_back
126.685509604022,36.699587855340,0.000000000000,,gps_back
126.677014095193,36.748857376201,0.000000000000,,gps_back
126.671700539939,36.798567401456,0.000000000000,,gps_back
126.665615170579,36.848196094259,0.000000000000,,gps_back
126.656330184037,36.897318792420,0.000000000000,,gps_back
126.647908149394,36.946604561380,0.000000000000,,gps_back
126.642806234239,36.996335579545,0.000000000000,,gps_back
126.637533367894,37.046057977833,0.000000000000,,gps_back
126.627244367435,37.094966432501,0.000000000000,,gps_back
126.616850532353,37.143875497567,0.000000000000,,gps_back
126.607221845290,37.192940530787,0.000000000000,,gps_back
126.598912381817,37.242245181442,0.000000000000,,gps_back
126.593330835868,37.291927952697,0.000000000000,,gps_back
126.587977027374,37.341641888690,0.000000000000,,gps_back
126.582623218879,37.391355824683,0.000000000000,,gps_back
126.575288164344,37.440812761333,0.000000000000,,gps_back
126.564868210292,37.489708721272,0.000000000000,,gps_back
126.554666069058,37.538658038230,0.000000000000,,gps_back
126.544787235406,37.587673752084,0.000000000000,,gps_back
126.537384955650,37.637118843769,0.000000000000,,gps_back
126.531559981293,37.686778162698,0.000000000000,,gps_back
126.525590612099,37.736421889086,0.000000000000,,gps_back
126.518924782324,37.785976570555,0.000000000000,,gps_back
126.508560611930,37.834880355919,0.000000000000,,gps_back
126.499557554421,37.884062088384,0.000000000000,,gps_back
126.493578306630,37.933697647629,0.000000000000,,gps_back
126.485475762661,37.983033442826,0.000000000000,,gps_back
126.475783058601,38.032084706997,0.000000000000,,gps_back
126.468370949607,38.081528818649,0.000000000000,,gps_back
126.462519068683,38.131185055946,0.000000000000,,gps_back
126.456570154485,38.180831260663,0.000000000000,,gps_back
126.450101970344,38.230412312470,0.000000000000,,gps_back
126.440763908482,38.279527311739,0.000000000000,,gps_back
126.431810304628,38.328720206449,0.000000000000,,gps_back
126.426195755420,38.378396556787,0.000000000000,,gps_back
126.419858935929,38.427993994018,0.000000000000,,gps_back
126.409444214299,38.476885550670,0.000000000000,,gps_back
126.400824361805,38.526134679390,0.000000000000,,gps_back
126.395250379690,38.575817902917,0.000000000000,,gps_back
126.389743176651,38.625515061717,0.000000000000,,gps_back
126.384047021627,38.675190911839,0.000000000000,,gps_back
126.375007150882,38.724359529913,0.000000000000,,gps_back
126.364380053776,38.773217123593,0.000000000000,,gps_back
126.358355291167,38.822837018779,0.000000000000,,gps_back
126.352979391840,38.872548504292,0.000000000000,,gps_back
126.343565060276,38.921642788067,0.000000000000,,gps_back
126.333765119267,38.970674403668,0.000000000000,,gps_back
126.328299095249,39.020361668372,0.000000000000,,gps_back
126.323187363265,39.070101077525,0.000000000000,,gps_back
126.317850498875,39.119816796164,0.000000000000,,gps_back
126.311941510106,39.169467569481,0.000000000000,,gps_back
126.298676631528,39.217634943768,0.000000000000,,gps_back
126.285062547672,39.265747235666,0.000000000000,,gps_back
126.275893863335,39.314885427062,0.000000000000,,gps_back
126.267049148251,39.364098328951,0.000000000000,,gps_back
126.256169949752,39.412898603831,0.000000000000,,gps_back
126.244746480013,39.461577459926,0.000000000000,,gps_back
126.235774818074,39.510762627403,0.000000000000,,gps_back
126.230897810030,39.560514600531,0.000000000000,,gps_back
126.226291088745,39.610303322295,0.000000000000,,gps_back
126.218464213657,39.659680844500,0.000000000000,,gps_back
126.210411499727,39.709029527316,0.000000000000,,gps_back
126.202340932339,39.758375293258,0.000000000000,,gps_back
126.194256173488,39.807718736182,0.000000000000,,gps_back
126.186246255803,39.857074379255,0.000000000000,,gps_back
126.178616895264,39.906490180810,0.000000000000,,gps_back
126.171013825152,39.955910136518,0.000000000000,,gps_back
126.163168239861,40.005292129885,0.000000000000,,gps_back
126.155097170137,40.054637782258,0.000000000000,,gps_back
126.147068211948,40.103990333323,0.000000000000,,gps_back
126.139437550244,40.153405923441,0.000000000000,,gps_back
126.131834480134,40.202825879149,0.000000000000,,gps_back
126.124023197499,40.252213321427,0.000000000000,,gps_back
126.115985308987,40.301564388494,0.000000000000,,gps_back
126.108183201084,40.350953266863,0.000000000000,,gps_back
126.103567585458,40.400734031444,0.000000000000,,gps_back
126.099172773044,40.450541905532,0.000000000000,,gps_back
126.090117480361,40.499700813889,0.000000000000,,gps_back
126.078613916767,40.548357680893,0.000000000000,,gps_back
126.067587843952,40.597127931180,0.000000000000,,gps_back
126.058609502606,40.646313793179,0.000000000000,,gps_back
126.049899829379,40.695550761370,0.000000000000,,gps_back
126.045253898584,40.745324677987,0.000000000000,,gps_back
126.040877333333,40.795134158750,0.000000000000,,gps_back
126.031618923427,40.844254484853,0.000000000000,,gps_back
126.019245626482,40.892695440705,0.000000000000,,gps_back
126.008555328523,40.941538324736,0.000000000000,,gps_back
126.000780534799,40.990926523781,0.000000000000,,gps_back
125.993177464689,41.040346479490,0.000000000000,,gps_back
125.985223573824,41.089711108344,0.000000000000,,gps_back
125.977144276785,41.139055439097,0.000000000000,,gps_back
125.970371122770,41.188594869278,0.000000000000,,gps_back
125.966029166126,41.238403983695,0.000000000000,,gps_back
125.961829383162,41.288228681590,0.000000000000,,gps_back
125.955250373167,41.337791863356,0.000000000000,,gps_back
125.947697073307,41.387219023504,0.000000000000,,gps_back
125.940043922136,41.436631246896,0.000000000000,,gps_back
125.931982529370,41.485978410518,0.000000000000,,gps_back
125.923896863480,41.535321704940,0.000000000000,,gps_back
125.916251406980,41.584735000691,0.000000000000,,gps_back
125.908822781518,41.634181456580,0.000000000000,,gps_back
125.901623357063,41.683661796970,0.000000000000,,gps_back
125.897383016514,41.733477797564,0.000000000000,,gps_back
125.893318385923,41.783313703049,0.000000000000,,gps_back
125.888348252244,41.833066966068,0.000000000000,,gps_back
125.880464109429,41.882437893505,0.000000000000,,gps_back
125.872411395499,41.931786576321,0.000000000000,,gps_back
125.867321568018,41.981522944521,0.000000000000,,gps_back
125.863067152010,42.031342749033,0.000000000000,,gps_back
125.858778746353,42.081159894318,0.000000000000,,gps_back
125.854211512113,42.130952209316,0.000000000000,,gps_back
125.849628250559,42.180743096141,0.000000000000,,gps_back
125.842877177492,42.230283825782,0.000000000000,,gps_back
125.835489556320,42.279736291178,0.000000000000,,gps_back
125.828040720033,42.329179728316,0.000000000000,,gps_back
125.820446006690,42.378600956497,0.000000000000,,gps_back
125.812842936580,42.428020912205,0.000000000000,,gps_back
125.806995561397,42.477677381171,0.000000000000,,gps_back
125.802696795222,42.527492420057,0.000000000000,,gps_back
125.798480973858,42.577315763457,0.000000000000,,gps_back
125.793938433731,42.627110320009,0.000000000000,,gps_back
125.789356364188,42.676901316294,0.000000000000,,gps_back
125.783323207852,42.726536162201,0.000000000000,,gps_back
125.775975914327,42.775993904487,0.000000000000,,gps_back
125.768558685939,42.825442093739,0.000000000000,,gps_back
125.763583867418,42.875191927926,0.000000000000,,gps_back
125.758987055567,42.924981532725,0.000000000000,,gps_back
125.751409019084,42.974400117774,0.000000000000,,gps_back
125.740816845795,43.023262051571,0.000000000000,,gps_back
125.730069861901,43.072094838042,0.000000000000,,gps_back
125.722033463395,43.121441985389,0.000000000000,,gps_back
125.714592036008,43.170886426595,0.000000000000,,gps_back
125.707134257748,43.220328515445,0.000000000000,,gps_back
125.699538524757,43.269749589071,0.000000000000,,gps_back
125.691935454653,43.319169544780,0.000000000000,,gps_back
125.682562644001,43.368282830759,0.000000000000,,gps_back
125.671917990533,43.417137236192,0.000000000000,,gps_back
125.661210442177,43.465978684835,0.000000000000,,gps_back
125.653782232760,43.515419219692,0.000000000000,,gps_back
125.646748456467,43.564923381913,0.000000000000,,gps_back
125.639726350734,43.614429227310,0.000000000000,,gps_back
125.632704245003,43.663935072706,0.000000000000,,gps_back
125.625682139271,43.713440918102,0.000000000000,,gps_back
125.618769510994,43.762962162204,0.000000000000,,gps_back
125.612207131680,43.812530977515,0.000000000000,,gps_back
125.605663065528,43.862102278643,0.000000000000,,gps_back
125.598615310823,43.911604340354,0.000000000000,,gps_back
125.589331520872,43.960733606494,0.000000000000,,gps_back
125.579930973004,44.009843365169,0.000000000000,,gps_back
125.570771920373,44.058998703250,0.000000000000,,gps_back
125.563807121367,44.108510045493,0.000000000000,,gps_back
125.556957232198,44.158040013347,0.000000000000,,gps_back
125.550147473119,44.207575513670,0.000000000000,,gps_back
125.543458144816,44.257127414074,0.000000000000,,gps_back
125.536775043900,44.306680162327,0.000000000000,,gps_back
125.529638415164,44.356169516697,0.000000000000,,gps_back
125.520498038255,44.405326217713,0.000000000000,,gps_back
125.511253982196,44.454465673600,0.000000000000,,gps_back
125.502256795679,44.503650895290,0.000000000000,,gps_back
125.495438967618,44.553182751518,0.000000000000,,gps_back
125.488734206210,44.602732573635,0.000000000000,,gps_back
125.482015814334,44.652280549355,0.000000000000,,gps_back
125.475008726511,44.701788478108,0.000000000000,,gps_back
125.467986620780,44.751294323504,0.000000000000,,gps_back
125.460547358970,44.800739109040,0.000000000000,,gps_back
125.451391325397,44.849893480784,0.000000000000,,gps_back
125.442147269339,44.899032936671,0.000000000000,,gps_back
125.432889497186,44.948169810218,0.000000000000,,gps_back
125.423524320494,44.997286320181,0.000000000000,,gps_back
125.414153607679,45.046401780462,0.000000000000,,gps_back
125.404824918835,45.095525238879,0.000000000000,,gps_back
125.397665985055,45.145008955007,0.000000000000,,gps_back
125.390619385074,45.194511319859,0.000000000000,,gps_back
125.383662761142,45.244026404965,0.000000000000,,gps_back
125.377118733851,45.293597622712,0.000000000000,,gps_back
125.370595827287,45.343171712590,0.000000000000,,gps_back
125.364018464513,45.392738605171,0.000000000000,,gps_back
125.357018094356,45.442247434785,0.000000000000,,gps_back
125.349995988629,45.491753280182,0.000000000000,,gps_back
125.343094949197,45.541276139341,0.000000000000,,gps_back
125.336533649726,45.590845103360,0.000000000000,,gps_back
125.329989583569,45.640416404487,0.000000000000,,gps_back
125.322737062027,45.689888752312,0.000000000000,,gps_back
125.312799450241,45.738888879856,0.000000000000,,gps_back
125.302726325446,45.787865107295,0.000000000000,,gps_back
125.293760537462,45.837055434524,0.000000000000,,gps_back
125.287102779112,45.886608948212,0.000000000000,,gps_back
125.280558712960,45.936180249340,0.000000000000,,gps_back
125.274020186297,45.985752281422,0.000000000000,,gps_back
125.267496542868,46.035326274228,0.000000000000,,gps_back
125.260973636304,46.084900364107,0.000000000000,,gps_back
125.254414564284,46.134469681274,0.000000000000,,gps_back
125.247716707828,46.184020427520,0.000000000000,,gps_back
125.241011946419,46.233570249636,0.000000000000,,gps_back
125.233940291039,46.283068971570,0.000000000000,,gps_back
125.224799168374,46.332225473376,0.000000000000,,gps_back
125.215555112316,46.381364929264,0.000000000000,,gps_back
125.206476613831,46.430535226598,0.000000000000,,gps_back
125.199679728429,46.480069818478,0.000000000000,,gps_back
125.192996627514,46.529622566731,0.000000000000,,gps_back
125.186313621422,46.579175327773,0.000000000000,,gps_back
125.179762937839,46.628745745874,0.000000000000,,gps_back
125.173218871683,46.678317047001,0.000000000000,,gps_back
125.166674805526,46.727888348129,0.000000000000,,gps_back
125.160149772917,46.777462158032,0.000000000000,,gps_back
125.153626810449,46.827036240554,0.000000000000,,gps_back
125.147103903885,46.876610330432,0.000000000000,,gps_back
125.137579693919,46.925691551187,0.000000000000,,gps_back
125.127492668992,46.974664827792,0.000000000000,,gps_back
125.117392911167,47.023635569936,0.000000000000,,gps_back
125.108136440653,47.072772316497,0.000000000000,,gps_back
125.098921758301,47.121917289042,0.000000000000,,gps_back
125.089707075949,47.171062261587,0.000000000000,,gps_back
125.082682798190,47.220565334226,0.000000000000,,gps_back
125.075968100976,47.270113790337,0.000000000000,,gps_back
125.069263339568,47.319663612453,0.000000000000,,gps_back
125.060479498867,47.368885193547,0.000000000000,,gps_back
125.051252207309,47.418027740090,0.000000000000,,gps_back
125.042008151252,47.467167195977,0.000000000000,,gps_back
125.034405274305,47.516585802745,0.000000000000,,gps_back
125.027359827388,47.566088216898,0.000000000000,,gps_back
125.020337721657,47.615594062294,0.000000000000,,gps_back
125.008898447866,47.664259166511,0.000000000000,,gps_back
124.996901035328,47.712799817270,0.000000000000,,gps_back
124.984887023689,47.761336424296,0.000000000000,,gps_back
124.974879787569,47.810324062530,0.000000000000,,gps_back
124.965455795315,47.859429207215,0.000000000000,,gps_back
124.956055247447,47.908538965889,0.000000000000,,gps_back
124.947638322375,47.957826346547,0.000000000000,,gps_back
124.939650447557,48.007185493154,0.000000000000,,gps_back
124.931680934575,48.056547680709,0.000000000000,,gps_back
124.923711421593,48.105909868263,0.000000000000,,gps_back
124.915741908611,48.155272055817,0.000000000000,,gps_back
124.907772395629,48.204634243371,0.000000000000,,gps_back
124.902090966156,48.254309225076,0.000000000000,,gps_back
124.898237855091,48.304160523997,0.000000000000,,gps_back
124.894465636327,48.354019415510,0.000000000000,,gps_back
124.886542994555,48.403380821040,0.000000000000,,gps_back
124.874690436249,48.451950637557,0.000000000000,,gps_back
124.862676424608,48.500487244582,0.000000000000,,gps_back
124.852566916463,48.549454292986,0.000000000000,,gps_back
124.845400583489,48.598935900995,0.000000000000,,gps_back
124.838353983513,48.648438265849,0.000000000000,,gps_back
124.830046640250,48.697744032743,0.000000000000,,gps_back
124.820716211985,48.746866750976,0.000000000000,,gps_back
124.811345499166,48.795982211256,0.000000000000,,gps_back
124.803020026875,48.845285136352,0.000000000000,,gps_back
124.795924566323,48.894779921545,0.000000000000,,gps_back
124.788877966342,48.944282286398,0.000000000000,,gps_back
124.780515352314,48.993578659214,0.000000000000,,gps_back
124.771332016271,49.042729246559,0.000000000000,,gps_back
124.762117333923,49.091874219104,0.000000000000,,gps_back
124.754021783997,49.141215358274,0.000000000000,,gps_back
124.746936050298,49.190711746699,0.000000000000,,gps_back
124.739889450318,49.240214111552,0.000000000000,,gps_back
124.733195012819,49.289765277799,0.000000000000,,gps_back
124.726665980041,49.339338551708,0.000000000000,,gps_back
124.720143073477,49.388912641587,0.000000000000,,gps_back
124.711431747904,49.438147312464,0.000000000000,,gps_back
124.701374328004,49.487126100544,0.000000000000,,gps_back
124.691266818114,49.536095243289,0.000000000000,,gps_back
124.683791595575,49.585531821019,0.000000000000,,gps_back
124.677236655689,49.635101416772,0.000000000000,,gps_back
124.670713749125,49.684675506651,0.000000000000,,gps_back
124.661890064424,49.733890020922,0.000000000000,,gps_back
124.651988105775,49.782900741702,0.000000000000,,gps_back
124.642047918135,49.831904122881,0.000000000000,,gps_back
124.634441168181,49.881321315076,0.000000000000,,gps_back
124.627400783756,49.930824474504,0.000000000000,,gps_back
124.620378678025,49.980330319900,0.000000000000,,gps_back
124.612806564551,50.029754908279,0.000000000000,,gps_back
124.605203858473,50.079174919955,0.000000000000,,gps_back
124.597797888674,50.128624781280,0.000000000000,,gps_back
124.590761900201,50.178128603609,0.000000000000,,gps_back
124.583739794469,50.227634449005,0.000000000000,,gps_back
124.576717688737,50.277140294401,0.000000000000,,gps_back
124.569695583005,50.326646139797,0.000000000000,,gps_back
124.562673477274,50.376151985194,0.000000000000,,gps_back
124.553803915528,50.425359054259,0.000000000000,,gps_back
124.543900149561,50.474369438109,0.000000000000,,gps_back
124.533959961921,50.523372819288,0.000000000000,,gps_back
124.525121810883,50.572586417411,0.000000000000,,gps_back
124.516620950316,50.621859845052,0.000000000000,,gps_back
124.508131230707,50.671135227935,0.000000000000,,gps_back
124.499641511098,50.720410610818,0.000000000000,,gps_back
124.491151791489,50.769685993700,0.000000000000,,gps_back
124.482557994940,50.818943327554,0.000000000000,,gps_back
124.472699070912,50.867962491278,0.000000000000,,gps_back
124.462792746216,50.916972729273,0.000000000000,,gps_back
124.453497686466,50.966102414727,0.000000000000,,gps_back
124.446700888504,51.015637336195,0.000000000000,,gps_back
124.439996127091,51.065187158310,0.000000000000,,gps_back
124.433676203452,51.114787477513,0.000000000000,,gps_back
124.429714306778,51.164629599098,0.000000000000,,gps_back
124.425838965405,51.214480581300,0.000000000000,,gps_back
124.420341975813,51.264177903995,0.000000000000,,gps_back
124.411073132440,51.313307601197,0.000000000000,,gps_back
124.401672584577,51.362417359872,0.000000000000,,gps_back
124.393424294819,51.411733237990,0.000000000000,,gps_back
124.389392038901,51.461565683191,0.000000000000,,gps_back
124.385503038170,51.511415601652,0.000000000000,,gps_back
124.379260612226,51.561023856241,0.000000000000,,gps_back
124.369271396375,51.610012717584,0.000000000000,,gps_back
124.359163886487,51.658981860328,0.000000000000,,gps_back
124.350858030753,51.708287470109,0.000000000000,,gps_back
124.344282409697,51.757853686346,0.000000000000,,gps_back
124.337759503133,51.807427776224,0.000000000000,,gps_back
124.331016713284,51.856972422072,0.000000000000,,gps_back
124.324002918719,51.906479423050,0.000000000000,,gps_back
124.316980812987,51.955985268446,0.000000000000,,gps_back
124.309944316256,52.005489070365,0.000000000000,,gps_back
124.302898010380,52.054991477054,0.000000000000,,gps_back
124.295851410399,52.104493841906,0.000000000000,,gps_back
124.288823042136,52.153998798489,0.000000000000,,gps_back
124.281800763219,52.203504619309,0.000000000000,,gps_back
124.274778657492,52.253010464706,0.000000000000,,gps_back
124.265774890235,52.302193230173,0.000000000000,,gps_back
124.256536236137,52.351333692140,0.000000000000,,gps_back
124.247292180079,52.400473148027,0.000000000000,,gps_back
124.239849311170,52.449916430048,0.000000000000,,gps_back
124.232816216260,52.499420675385,0.000000000000,,gps_back
124.225794110529,52.548926520781,0.000000000000,,gps_back
124.218772004798,52.598432366178,0.000000000000,,gps_back
124.211749899066,52.647938211574,0.000000000000,,gps_back
124.204727793336,52.697444056970,0.000000000000,,gps_back
124.197705687610,52.746949902367,0.000000000000,,gps_back
124.190683581883,52.796455747764,0.000000000000,,gps_back
124.183661476155,52.845961593161,0.000000000000,,gps_back
124.176639370423,52.895467438557,0.000000000000,,gps_back
124.169617264690,52.944973283953,0.000000000000,,gps_back
124.162584617199,52.994477632884,0.000000000000,,gps_back
124.155538426206,53.043980055898,0.000000000000,,gps_back
124.148491826226,53.093482420751,0.000000000000,,gps_back
124.141459610338,53.142986830963,0.000000000000,,gps_back
124.134437214857,53.192492635231,0.000000000000,,gps_back
124.127415109126,53.241998480628,0.000000000000,,gps_back
124.120393003398,53.291504326025,0.000000000000,,gps_back
124.113370897672,53.341010171422,0.000000000000,,gps_back
124.106348791946,53.390516016819,0.000000000000,,gps_back
124.099748218788,53.440079769180,0.000000000000,,gps_back
124.093202851754,53.489650897993,0.000000000000,,gps_back
124.086658785597,53.539222199120,0.000000000000,,gps_back
124.079238374988,53.588669667014,0.000000000000,,gps_back
124.071639949268,53.638090329759,0.000000000000,,gps_back
124.063688665134,53.687455418215,0.000000000000,,gps_back
124.054511209638,53.736606881918,0.000000000000,,gps_back
124.045296527284,53.785751854462,0.000000000000,,gps_back
124.036723038758,53.835012599488,0.000000000000,,gps_back
124.032527895761,53.884831886736,0.000000000000,,gps_back
124.028463265174,53.934667792220,0.000000000000,,gps_back
124.023535368667,53.984425525848,0.000000000000,,gps_back
124.016572549763,54.033938524176,0.000000000000,,gps_back
124.009550444031,54.083444369572,0.000000000000,,gps_back
124.002517588078,54.132948688888,0.000000000000,,gps_back
123.995471372466,54.182451108402,0.000000000000,,gps_back
123.988424772486,54.231953473255,0.000000000000,,gps_back
123.981690200571,54.281499222985,0.000000000000,,gps_back
123.975161507960,54.331072539514,0.000000000000,,gps_back
123.968638601400,54.380646629393,0.000000000000,,gps_back
123.961850161961,54.430185035479,0.000000000000,,gps_back
123.954834499323,54.479691779806,0.000000000000,,gps_back
123.947812393591,54.529197625202,0.000000000000,,gps_back
123.942987359637,54.578964221736,0.000000000000,,gps_back
123.939175392611,54.628819827744,0.000000000000,,gps_back
123.935390795481,54.678677781190,0.000000000000,,gps_back
123.927662866484,54.728073766947,0.000000000000,,gps_back
123.917810828251,54.777093797032,0.000000000000,,gps_back
123.907904503550,54.826104035026,0.000000000000,,gps_back
123.902449015500,54.875801411317,0.000000000000,,gps_back
123.898352520968,54.925634308090,0.000000000000,,gps_back
123.894287890382,54.975470213575,0.000000000000,,gps_back
123.884754221142,55.024546323095,0.000000000000,,gps_back
123.874820611590,55.073551020052,0.000000000000,,gps_back
123.864883298223,55.122554984178,0.000000000000,,gps_back
123.854976209752,55.171565067542,0.000000000000,,gps_back
123.845069885051,55.220575305536,0.000000000000,,gps_back
123.835751862264,55.269700696681,0.000000000000,,gps_back
123.828674136698,55.319197336268,0.000000000000,,gps_back
123.821652030967,55.368703181664,0.000000000000,,gps_back
123.814629925237,55.418209027060,0.000000000000,,gps_back
123.807607819511,55.467714872457,0.000000000000,,gps_back
123.800585713785,55.517220717854,0.000000000000,,gps_back
123.793551331574,55.566724820315,0.000000000000,,gps_back
123.786505021164,55.616227226352,0.000000000000,,gps_back
123.779458421182,55.665729591204,0.000000000000,,gps_back
123.772427962690,55.715234251026,0.000000000000,,gps_back
123.765405663965,55.764740069032,0.000000000000,,gps_back
123.758383558234,55.814245914428,0.000000000000,,gps_back
123.751361452503,55.863751759824,0.000000000000,,gps_back
123.744339346772,55.913257605221,0.000000000000,,gps_back
123.737317241041,55.962763450617,0.000000000000,,gps_back
123.730295135314,56.012269296014,0.000000000000,,gps_back
123.723273029588,56.061775141411,0.000000000000,,gps_back
123.716269856017,56.111283668436,0.000000000000,,gps_back
123.709392933952,56.160809886145,0.000000000000,,gps_back
123.702519127836,56.210336540451,0.000000000000,,gps_back
123.696453278100,56.259968462997,0.000000000000,,gps_back
123.692355419381,56.309800709337,0.000000000000,,gps_back
123.688305057035,56.359637776487,0.000000000000,,gps_back
123.682922399406,56.409348158406,0.000000000000,,gps_back
123.675913836149,56.458855301045,0.000000000000,,gps_back
123.668867236168,56.508357665897,0.000000000000,,gps_back
123.661835382334,56.557862127552,0.000000000000,,gps_back
123.654813057880,56.607367941902,0.000000000000,,gps_back
123.647790952148,56.656873787299,0.000000000000,,gps_back
123.640768846421,56.706379632695,0.000000000000,,gps_back
123.633746740695,56.755885478092,0.000000000000,,gps_back
123.626724634968,56.805391323489,0.000000000000,,gps_back
123.619702529238,56.854897168886,0.000000000000,,gps_back
123.612680423506,56.904403014282,0.000000000000,,gps_back
123.605877292896,56.953939414541,0.000000000000,,gps_back
123.601921252710,57.003782124355,0.000000000000,,gps_back
123.598032251979,57.053632042817,0.000000000000,,gps_back
123.593396813886,57.103417966384,0.000000000000,,gps_back
123.586428351841,57.152930119520,0.000000000000,,gps_back
123.579406246109,57.202435964916,0.000000000000,,gps_back
123.572374680700,57.251940467571,0.000000000000,,gps_back
123.565328415647,57.301442880049,0.000000000000,,gps_back
123.558281815667,57.350945244902,0.000000000000,,gps_back
123.551033444189,57.400418458341,0.000000000000,,gps_back
123.543619920445,57.449867197004,0.000000000000,,gps_back
123.536202692058,57.499315386257,0.000000000000,,gps_back
123.529143781157,57.548815966562,0.000000000000,,gps_back
123.522121032536,57.598321720579,0.000000000000,,gps_back
123.515098926805,57.647827565975,0.000000000000,,gps_back
123.508076821079,57.697333411372,0.000000000000,,gps_back
123.501054715352,57.746839256769,0.000000000000,,gps_back
123.494699728727,57.796435047158,0.000000000000,,gps_back
123.490584713988,57.846265680683,0.000000000000,,gps_back
123.486520083396,57.896101586167,0.000000000000,,gps_back
123.481290337025,57.945828414651,0.000000000000,,gps_back
123.474306525064,57.995338998312,0.000000000000,,gps_back
123.467284419337,58.044844843709,0.000000000000,,gps_back
123.460262313608,58.094350689106,0.000000000000,,gps_back
123.453240207877,58.143856534502,0.000000000000,,gps_back
123.446218102146,58.193362379898,0.000000000000,,gps_back
123.439526012163,58.242913890228,0.000000000000,,gps_back
123.432978906184,58.292484785667,0.000000000000,,gps_back
123.426434840028,58.342056086794,0.000000000000,,gps_back
123.421576509310,58.391820248959,0.000000000000,,gps_back
123.417667710638,58.441668436382,0.000000000000,,gps_back
123.413778709907,58.491518354843,0.000000000000,,gps_back
123.409748576153,58.541357057523,0.000000000000,,gps_back
123.405684612080,58.591193017157,0.000000000000,,gps_back
123.401619981493,58.641028922642,0.000000000000,,gps_back
123.391884507332,58.690066150414,0.000000000000,,gps_back
123.381979199218,58.739076593369,0.000000000000,,gps_back
123.372395008023,58.788150819314,0.000000000000,,gps_back
123.365319479540,58.837647669273,0.000000000000,,gps_back
123.358297373809,58.887153514669,0.000000000000,,gps_back
123.351268876782,58.936658453069,0.000000000000,,gps_back
123.344222651783,58.986160871230,0.000000000000,,gps_back
123.337176051803,59.035663236083,0.000000000000,,gps_back
123.330139721545,59.085167061708,0.000000000000,,gps_back
123.323117324015,59.134672865672,0.000000000000,,gps_back
123.316095218284,59.184178711069,0.000000000000,,gps_back
123.309073112556,59.233684556465,0.000000000000,,gps_back
123.302051006829,59.283190401862,0.000000000000,,gps_back
123.295028901103,59.332696247259,0.000000000000,,gps_back
123.288006795373,59.382202092656,0.000000000000,,gps_back
123.280984689642,59.431707938052,0.000000000000,,gps_back
123.273962583911,59.481213783448,0.000000000000,,gps_back
123.266598542262,59.530669895910,0.000000000000,,gps_back
123.259182265877,59.580118227510,0.000000000000,,gps_back
123.251718690680,59.629559442060,0.000000000000,,gps_back
123.244118486981,59.678979834644,0.000000000000,,gps_back
123.236515416870,59.728399790352,0.000000000000,,gps_back
123.227481645102,59.777577887402,0.000000000000,,gps_back
123.217559325765,59.826584727376,0.000000000000,,gps_back
123.207619138124,59.875588108555,0.000000000000,,gps_back
123.201928430031,59.925260734570,0.000000000000,,gps_back
123.197701833689,59.975082791271,0.000000000000,,gps_back
123.193120090732,60.024873789103,0.000000000000,,gps_back
123.186143969960,60.074385011792,0.000000000000,,gps_back
123.179121864229,60.123890857188,0.000000000000,,gps_back
123.171037160632,60.173234084003,0.000000000000,,gps_back
123.160338455365,60.222076141414,0.000000000000,,gps_back
123.149591471471,60.270908927885,0.000000000000,,gps_back
123.142929275021,60.320461264259,0.000000000000,,gps_back
123.138690809148,60.370281764207,0.000000000000,,gps_back
123.134429505561,60.420101237571,0.000000000000,,gps_back
123.126880362918,60.469527641027,0.000000000000,,gps_back
123.119277292806,60.518947596735,0.000000000000,,gps_back
123.111745113120,60.568378405774,0.000000000000,,gps_back
123.104326052297,60.617826318004,0.000000000000,,gps_back
123.096908823911,60.667274507257,0.000000000000,,gps_back
123.089786524162,60.716766022605,0.000000000000,,gps_back
123.082762886633,60.766271649220,0.000000000000,,gps_back
123.075740780902,60.815777494616,0.000000000000,,gps_back
123.068364649813,60.865231809913,0.000000000000,,gps_back
123.060947987422,60.914680083858,0.000000000000,,gps_back
123.054362432669,60.964245774492,0.000000000000,,gps_back
123.049922595361,61.014048921989,0.000000000000,,gps_back
123.045516601576,61.063855808221,0.000000000000,,gps_back
123.039117886387,61.113445438838,0.000000000000,,gps_back
123.031715641524,61.162895723167,0.000000000000,,gps_back
123.024270516251,61.212339719716,0.000000000000,,gps_back
123.016194550309,61.261684539153,0.000000000000,,gps_back
123.008108884417,61.311027833575,0.000000000000,,gps_back
123.000043684252,61.360374477200,0.000000000000,,gps_back
122.991990786320,61.409723129967,0.000000000000,,gps_back
122.983931287293,61.459070705105,0.000000000000,,gps_back
122.975846014740,61.508414063874,0.000000000000,,gps_back
122.967760348849,61.557757358296,0.000000000000,,gps_back
122.959516270215,61.607074429077,0.000000000000,,gps_back
122.951229520744,61.656384351558,0.000000000000,,gps_back
122.943030887469,61.705709000427,0.000000000000,,gps_back
122.934976001277,61.755057325506,0.000000000000,,gps_back
122.926923287346,61.804406008321,0.000000000000,,gps_back
122.918291530638,61.853656655226,0.000000000000,,gps_back
122.909628379505,61.902901842826,0.000000000000,,gps_back
122.900827549298,61.952122608660,0.000000000000,,gps_back
122.891983459529,62.001335622659,0.000000000000,,gps_back
122.883138744442,62.050548524548,0.000000000000,,gps_back
122.874294029352,62.099761426436,0.000000000000,,gps_back
122.865718137663,62.149021873551,0.000000000000,,gps_back
122.857625235807,62.198363945584,0.000000000000,,gps_back
122.849539569915,62.247707240006,0.000000000000,,gps_back
122.844507051949,62.297453289178,0.000000000000,,gps_back
122.839688200963,62.347221923358,0.000000000000,,gps_back
122.831788825704,62.396593920788,0.000000000000,,gps_back
122.822917705030,62.445801941380,0.000000000000,,gps_back
122.814055740004,62.495011739853,0.000000000000,,gps_back
122.805210786382,62.544224598829,0.000000000000,,gps_back
122.796641533539,62.593486201379,0.000000000000,,gps_back
122.788549134479,62.642828358807,0.000000000000,,gps_back
122.780463468588,62.692171653229,0.000000000000,,gps_back
122.771661759101,62.741392188643,0.000000000000,,gps_back
122.762817503484,62.790605172951,0.000000000000,,gps_back
122.754535400450,62.839915829428,0.000000000000,,gps_back
122.746447105757,62.889258687921,0.000000000000,,gps_back
122.738180457393,62.938571979704,0.000000000000,,gps_back
122.729560642284,62.987824753227,0.000000000000,,gps_back
122.720906098122,63.037071454129,0.000000000000,,gps_back
122.712064017748,63.086284824298,0.000000000000,,gps_back
122.703219302664,63.135497726188,0.000000000000,,gps_back
122.698274785062,63.185251846860,0.000000000000,,gps_back
122.693668516036,63.235040599243,0.000000000000,,gps_back
122.684815602688,63.284249447839,0.000000000000,,gps_back
122.672358624608,63.332672829629,0.000000000000,,gps_back
122.662190849688,63.381628882898,0.000000000000,,gps_back
122.657545980977,63.431411660295,0.000000000000,,gps_back
122.652943624842,63.481200785768,0.000000000000,,gps_back
122.645219651096,63.530601217596,0.000000000000,,gps_back
122.637169203927,63.579950263124,0.000000000000,,gps_back
122.628711967375,63.629231218760,0.000000000000,,gps_back
122.619830724139,63.678437527883,0.000000000000,,gps_back
122.611179832989,63.727684866513,0.000000000000,,gps_back
122.603090038057,63.777027460072,0.000000000000,,gps_back
122.595004372159,63.826370754493,0.000000000000,,gps_back
122.589783553500,63.876098214566,0.000000000000,,gps_back
122.584964500990,63.925866823029,0.000000000000,,gps_back
122.577885964728,63.975364258757,0.000000000000,,gps_back
122.569839571146,64.024713910131,0.000000000000,,gps_back
122.561554126069,64.074024048321,0.000000000000,,gps_back
122.552673661966,64.123230487578,0.000000000000,,gps_back
122.543860671822,64.172449080278,0.000000000000,,gps_back
122.535803013528,64.221796917095,0.000000000000,,gps_back
122.527750299592,64.271145599910,0.000000000000,,gps_back
122.519147894644,64.320401414781,0.000000000000,,gps_back
122.510265314102,64.369607491121,0.000000000000,,gps_back
122.501399461801,64.418816589446,0.000000000000,,gps_back
122.492554611912,64.468029467078,0.000000000000,,gps_back
122.484881743855,64.517438542131,0.000000000000,,gps_back
122.480486771688,64.567245788926,0.000000000000,,gps_back
122.476110206431,64.617055269689,0.000000000000,,gps_back
122.464676837051,64.665728984225,0.000000000000,,gps_back
122.452132644881,64.714131226865,0.000000000000,,gps_back
122.444308331641,64.763515702498,0.000000000000,,gps_back
122.439261492509,64.813261642023,0.000000000000,,gps_back
122.432836577620,64.862848503059,0.000000000000,,gps_back
122.424752154570,64.912191979796,0.000000000000,,gps_back
122.416634614465,64.961530040552,0.000000000000,,gps_back
122.407790422730,65.010743032519,0.000000000000,,gps_back
122.398945707647,65.059955934408,0.000000000000,,gps_back
122.386997553039,65.108508723168,0.000000000000,,gps_back
122.374449271030,65.156909954611,0.000000000000,,gps_back
122.366569081610,65.206286156700,0.000000000000,,gps_back
122.361744853657,65.256054039374,0.000000000000,,gps_back
122.353982925179,65.305448487841,0.000000000000,,gps_back
122.342337137358,65.354074759786,0.000000000000,,gps_back
122.330706361031,65.402704150994,0.000000000000,,gps_back
122.322016604936,65.451944650726,0.000000000000,,gps_back
122.313390808086,65.501196392949,0.000000000000,,gps_back
122.304564395188,65.550412580476,0.000000000000,,gps_back
122.295682517446,65.599618776328,0.000000000000,,gps_back
122.287282545126,65.648909531164,0.000000000000,,gps_back
122.279229138648,65.698258100015,0.000000000000,,gps_back
122.271040324870,65.747584354592,0.000000000000,,gps_back
122.262155951906,65.796790112531,0.000000000000,,gps_back
122.253292308038,65.845998771017,0.000000000000,,gps_back
122.248330321796,65.895753341393,0.000000000000,,gps_back
122.243480953962,65.945516956420,0.000000000000,,gps_back
122.232567128093,65.994312505920,0.000000000000,,gps_back
122.220049770513,66.042720370181,0.000000000000,,gps_back
122.211660107417,66.092011667776,0.000000000000,,gps_back
122.206587559216,66.141754266909,0.000000000000,,gps_back
122.198693397362,66.191125585218,0.000000000000,,gps_back
122.186212116576,66.239544000476,0.000000000000,,gps_back
122.174801368565,66.288219191454,0.000000000000,,gps_back
122.169985025223,66.337988072636,0.000000000000,,gps_back
122.165112346875,66.387749272369,0.000000000000,,gps_back
122.156425370319,66.436990256663,0.000000000000,,gps_back
122.147533422117,66.486194605948,0.000000000000,,gps_back
122.138132992042,66.535304382934,0.000000000000,,gps_back
122.128577212861,66.584384125891,0.000000000000,,gps_back
122.119568553921,66.633567276905,0.000000000000,,gps_back
122.110717815872,66.682779070641,0.000000000000,,gps_back
122.101462448609,66.731916382163,0.000000000000,,gps_back
122.091895992523,66.780994087751,0.000000000000,,gps_back
122.082162283469,66.830038897621,0.000000000000,,gps_back
122.072347941207,66.879066510101,0.000000000000,,gps_back
122.065225976488,66.928557552750,0.000000000000,,gps_back
122.059847653079,66.978267162888,0.000000000000,,gps_back
122.051257757824,67.027524537756,0.000000000000,,gps_back
122.040875758992,67.076432810280,0.000000000000,,gps_back
122.034808425294,67.126064622235,0.000000000000,,gps_back
122.029383012645,67.175767904090,0.000000000000,,gps_back
122.020022929587,67.224885352047,0.000000000000,,gps_back
122.010220878478,67.273916541994,0.000000000000,,gps_back
122.000635184984,67.322990498105,0.000000000000,,gps_back
121.991142367952,67.372079679216,0.000000000000,,gps_back
121.985464562473,67.421757634159,0.000000000000,,gps_back
121.980035416719,67.471460322940,0.000000000000,,gps_back
121.970632583205,67.520569638798,0.000000000000,,gps_back
121.961145639814,67.569659552032,0.000000000000,,gps_back
121.955683036022,67.619361650633,0.000000000000,,gps_back
121.950188689595,67.669056552067,0.000000000000,,gps_back
121.940384637117,67.718087348833,0.000000000000,,gps_back
121.930768286674,67.767151623729,0.000000000000,,gps_back
121.925409396609,67.816864998700,0.000000000000,,gps_back
121.919713141370,67.866537827136,0.000000000000,,gps_back
121.910149185009,67.915616024291,0.000000000000,,gps_back
121.900585228647,67.964694221447,0.000000000000,,gps_back
121.891028522713,68.013773802813,0.000000000000,,gps_back
121.881914731055,68.062934640265,0.000000000000,,gps_back
121.876549625181,68.112647293504,0.000000000000,,gps_back
121.870543289052,68.162283554753,0.000000000000,,gps_back
121.860751153800,68.211316635187,0.000000000000,,gps_back
121.851726487641,68.260492960986,0.000000000000,,gps_back
121.846910144306,68.310261842168,0.000000000000,,gps_back
121.841999018765,68.360017121166,0.000000000000,,gps_back
121.832620605409,68.409131103848,0.000000000000,,gps_back
121.823054173746,68.458208815550,0.000000000000,,gps_back
121.813372259810,68.507263878893,0.000000000000,,gps_back
121.803687153762,68.556318312109,0.000000000000,,gps_back
121.794002047713,68.605372745325,0.000000000000,,gps_back
121.784333757817,68.654430356807,0.000000000000,,gps_back
121.775447700848,68.703635810660,0.000000000000,,gps_back
121.766532123637,68.752835446862,0.000000000000,,gps_back
121.756159955273,68.801749192641,0.000000000000,,gps_back
121.745493461481,68.850599342396,0.000000000000,,gps_back
121.735929505112,68.899677539550,0.000000000000,,gps_back
121.726365548744,68.948755736704,0.000000000000,,gps_back
121.716801291477,68.997833875176,0.000000000000,,gps_back
121.707218329326,69.046908353368,0.000000000000,,gps_back
121.697410878839,69.095938471889,0.000000000000,,gps_back
121.687522084926,69.144952087074,0.000000000000,,gps_back
121.676802245899,69.193790812720,0.000000000000,,gps_back
121.666439269226,69.242706381631,0.000000000000,,gps_back
121.656900927625,69.291789247623,0.000000000000,,gps_back
121.648592647022,69.341093970906,0.000000000000,,gps_back
121.642832111875,69.390761246071,0.000000000000,,gps_back
121.634778204015,69.440108979891,0.000000000000,,gps_back
121.624960024051,69.489136885629,0.000000000000,,gps_back
121.614617558095,69.538056906558,0.000000000000,,gps_back
121.603989222248,69.586911275975,0.000000000000,,gps_back
121.597584561137,69.636500503696,0.000000000000,,gps_back
121.592222929577,69.686213571228,0.000000000000,,gps_back
121.586532456969,69.735890051070,0.000000000000,,gps_back
121.580330304488,69.785502384868,0.000000000000,,gps_back
121.570763194248,69.834579963090,0.000000000000,,gps_back
121.561044262598,69.883627436073,0.000000000000,,gps_back
121.550361462420,69.932473461431,0.000000000000,,gps_back
121.541551155485,69.981689215478,0.000000000000,,gps_back
121.536172849849,70.031399479939,0.000000000000,,gps_back
121.528751072262,70.080843802581,0.000000000000,,gps_back
121.518110704971,70.129697066754,0.000000000000,,gps_back
121.510646797026,70.179136884736,0.000000000000,,gps_back
121.505194875600,70.228836798634,0.000000000000,,gps_back
121.496350591915,70.278048621039,0.000000000000,,gps_back
121.485647252974,70.326890794843,0.000000000000,,gps_back
121.475720616384,70.375896918087,0.000000000000,,gps_back
121.465920911221,70.424928572275,0.000000000000,,gps_back
121.456327987762,70.474001115411,0.000000000000,,gps_back
121.446876588333,70.523096847829,0.000000000000,,gps_back
121.441071988960,70.572760102526,0.000000000000,,gps_back
121.435566168563,70.622449837818,0.000000000000,,gps_back
121.425234162924,70.671372012196,0.000000000000,,gps_back
121.415587797021,70.720426097526,0.000000000000,,gps_back
121.410771453679,70.770194978708,0.000000000000,,gps_back
121.405829770581,70.819946677802,0.000000000000,,gps_back
121.397072206185,70.869175160460,0.000000000000,,gps_back
121.388226512770,70.918387886206,0.000000000000,,gps_back
121.379350863340,70.967595218403,0.000000000000,,gps_back
121.370541420303,71.016812676041,0.000000000000,,gps_back
121.364058925303,71.066391105164,0.000000000000,,gps_back
121.359200261882,71.116155335581,0.000000000000,,gps_back
121.353028652496,71.165773129545,0.000000000000,,gps_back
121.344975938565,71.215121812361,0.000000000000,,gps_back
121.336896154184,71.264465848579,0.000000000000,,gps_back
121.328030893152,71.313675053319,0.000000000000,,gps_back
121.319079483168,71.362867283203,0.000000000000,,gps_back
121.308167448567,71.411663343609,0.000000000000,,gps_back
121.296744546488,71.460342188422,0.000000000000,,gps_back
121.286224828758,71.509223388714,0.000000000000,,gps_back
121.277380113674,71.558436290604,0.000000000000,,gps_back
121.268535398590,71.607649192493,0.000000000000,,gps_back
121.259690683500,71.656862094382,0.000000000000,,gps_back
121.250869892632,71.706079119941,0.000000000000,,gps_back
121.242730546665,71.755413587003,0.000000000000,,gps_back
121.234631560795,71.804754644436,0.000000000000,,gps_back
121.226142070105,71.854030020182,0.000000000000,,gps_back
121.217299272707,71.903243265594,0.000000000000,,gps_back
121.208515065114,71.952466998320,0.000000000000,,gps_back
121.199853881128,72.001712530438,0.000000000000,,gps_back
121.191275519724,72.050972469401,0.000000000000,,gps_back
121.183189853828,72.100315763822,0.000000000000,,gps_back
121.175177448144,72.149669439301,0.000000000000,,gps_back
121.169267095736,72.199320010204,0.000000000000,,gps_back
121.164168995104,72.249059968176,0.000000000000,,gps_back
121.157494094922,72.298613110603,0.000000000000,,gps_back
121.149438375500,72.347961300303,0.000000000000,,gps_back
121.141273775258,72.397291398589,0.000000000000,,gps_back
121.132389402297,72.446497156528,0.000000000000,,gps_back
121.123531544714,72.495707492457,0.000000000000,,gps_back
121.115404944249,72.545044059606,0.000000000000,,gps_back
121.107341780082,72.594391004806,0.000000000000,,gps_back
121.098980752806,72.643688352448,0.000000000000,,gps_back
121.090359197771,72.692940336988,0.000000000000,,gps_back
121.082991030436,72.742392896598,0.000000000000,,gps_back
121.078407768887,72.792183783423,0.000000000000,,gps_back
121.073687607747,72.841956741634,0.000000000000,,gps_back
121.065278395123,72.891245852777,0.000000000000,,gps_back
121.056432688465,72.940458576174,0.000000000000,,gps_back
121.047560218576,72.989666481736,0.000000000000,,gps_back
121.038748605653,73.038883858752,0.000000000000,,gps_back
121.031943378808,73.088418418956,0.000000000000,,gps_back
121.027127035473,73.138187300138,0.000000000000,,gps_back
121.022310692135,73.187956181321,0.000000000000,,gps_back
121.017493220599,73.237724952976,0.000000000000,,gps_back
121.012639246050,73.287490163981,0.000000000000,,gps_back
121.007595833879,73.337236547679,0.000000000000,,gps_back
121.002425273355,73.386965599774,0.000000000000,,gps_back
120.993963861999,73.436245840716,0.000000000000,,gps_back
120.985331821785,73.485496476986,0.000000000000,,gps_back
120.976510062951,73.534713497528,0.000000000000,,gps_back
120.967709929337,73.583932491802,0.000000000000,,gps_back
120.961145179284,73.633499814126,0.000000000000,,gps_back
120.956270893964,73.683262196242,0.000000000000,,gps_back
120.949843295181,73.732846280665,0.000000000000,,gps_back
120.941025146128,73.782063768230,0.000000000000,,gps_back
120.932992452817,73.831411320829,0.000000000000,,gps_back
120.928176109482,73.881180202012,0.000000000000,,gps_back
120.923350868476,73.930948201848,0.000000000000,,gps_back
120.918309742038,73.980694817223,0.000000000000,,gps_back
120.913150234664,74.030425953149,0.000000000000,,gps_back
120.905149310222,74.079782868249,0.000000000000,,gps_back
120.896481347895,74.129027204300,0.000000000000,,gps_back
120.887703542767,74.178252082578,0.000000000000,,gps_back
120.878921184446,74.227475179663,0.000000000000,,gps_back
120.871723579118,74.276953787770,0.000000000000,,gps_back
120.866646139015,74.326696433136,0.000000000000,,gps_back
120.860654146144,74.376334327179,0.000000000000,,gps_back
120.851996053130,74.425580397328,0.000000000000,,gps_back
120.843607835973,74.474868163326,0.000000000000,,gps_back
120.838564423801,74.524614547024,0.000000000000,,gps_back
120.833393930648,74.574344062379,0.000000000000,,gps_back
120.825263431471,74.623679878162,0.000000000000,,gps_back
120.816653364633,74.672934323155,0.000000000000,,gps_back
120.808387963237,74.722247814088,0.000000000000,,gps_back
120.800294650189,74.771589840852,0.000000000000,,gps_back
120.792002086497,74.820898646944,0.000000000000,,gps_back
120.783163717571,74.870112679309,0.000000000000,,gps_back
120.774643238549,74.919375726615,0.000000000000,,gps_back
120.770059977001,74.969166613441,0.000000000000,,gps_back
120.765382914740,75.018946737146,0.000000000000,,gps_back
120.758514845723,75.068473505578,0.000000000000,,gps_back
120.750462333828,75.117821965334,0.000000000000,,gps_back
120.743270555741,75.167300351546,0.000000000000,,gps_back
120.738668199605,75.217089477018,0.000000000000,,gps_back
120.734073962483,75.266879337510,0.000000000000,,gps_back
120.729661511789,75.316685651544,0.000000000000,,gps_back
120.725272433187,75.366493996077,0.000000000000,,gps_back
120.720589575061,75.416275555057,0.000000000000,,gps_back
120.715512740011,75.466018287211,0.000000000000,,gps_back
120.709596706261,75.515666254091,0.000000000000,,gps_back
120.701511040371,75.565009548513,0.000000000000,,gps_back
120.693397512610,75.614348091614,0.000000000000,,gps_back
120.684667390150,75.663581444549,0.000000000000,,gps_back
120.675843766999,75.712798030391,0.000000000000,,gps_back
120.667494546825,75.762097380894,0.000000000000,,gps_back
120.659440964407,75.811445688064,0.000000000000,,gps_back
120.652201537671,75.860917444069,0.000000000000,,gps_back
120.647378693644,75.910685686428,0.000000000000,,gps_back
120.642278394098,75.960422148971,0.000000000000,,gps_back
120.634225680168,76.009770831787,0.000000000000,,gps_back
120.626150014698,76.059115645224,0.000000000000,,gps_back
120.617564351948,76.108374358470,0.000000000000,,gps_back
120.608680732071,76.157580252248,0.000000000000,,gps_back
120.599814372807,76.206789259028,0.000000000000,,gps_back
120.591009465300,76.256008941265,0.000000000000,,gps_back
120.583203903429,76.305392997850,0.000000000000,,gps_back
120.578379470366,76.355161081369,0.000000000000,,gps_back
120.573207789543,76.404887627101,0.000000000000,,gps_back
120.564323416584,76.454093385041,0.000000000000,,gps_back
120.555448980535,76.503300914178,0.000000000000,,gps_back
120.546786827124,76.552546276675,0.000000000000,,gps_back
120.538266278446,76.601813951260,0.000000000000,,gps_back
120.532010241771,76.651421706155,0.000000000000,,gps_back
120.526890460535,76.701159047347,0.000000000000,,gps_back
120.520088164303,76.750693903846,0.000000000000,,gps_back
120.511467505430,76.799946544197,0.000000000000,,gps_back
120.502942715420,76.849215843246,0.000000000000,,gps_back
120.494655350821,76.898525662606,0.000000000000,,gps_back
120.486353157888,76.947832940389,0.000000000000,,gps_back
120.477743853614,76.997087568900,0.000000000000,,gps_back
120.469074836824,77.046331717789,0.000000000000,,gps_back
120.460289605593,77.095555271415,0.000000000000,,gps_back
120.451460793760,77.144770974511,0.000000000000,,gps_back
120.442977528770,77.194047388528,0.000000000000,,gps_back
120.434890474521,77.243390455015,0.000000000000,,gps_back
120.426741026044,77.292723008959,0.000000000000,,gps_back
120.417896310954,77.341935910847,0.000000000000,,gps_back
120.409023625213,77.391143609239,0.000000000000,,gps_back
120.399573012533,77.440243751454,0.000000000000,,gps_back
120.390037485932,77.489327305907,0.000000000000,,gps_back
120.381088334534,77.538521318097,0.000000000000,,gps_back
120.372242429146,77.587734005742,0.000000000000,,gps_back
120.363371547652,77.636942197637,0.000000000000,,gps_back
120.354492606802,77.686148929747,0.000000000000,,gps_back
120.345731263349,77.735376733025,0.000000000000,,gps_back
120.337103526406,77.784628135709,0.000000000000,,gps_back
120.328405916610,77.833867231117,0.000000000000,,gps_back
120.319521636996,77.883073005908,0.000000000000,,gps_back
120.310641022018,77.932279441561,0.000000000000,,gps_back
120.301796306935,77.981492343451,0.000000000000,,gps_back
120.292951591851,78.030705245340,0.000000000000,,gps_back
120.284106876767,78.079918147230,0.000000000000,,gps_back
120.275267597632,78.129132019469,0.000000000000,,gps_back
120.266542059289,78.178366189340,0.000000000000,,gps_back
120.257874763640,78.227610644665,0.000000000000,,gps_back
120.249125424324,78.276840587763,0.000000000000,,gps_back
120.240280257568,78.326053408431,0.000000000000,,gps_back
120.231424497142,78.375264323511,0.000000000000,,gps_back
120.222531925154,78.424468586017,0.000000000000,,gps_back
120.213311155035,78.473606774257,0.000000000000,,gps_back
120.200816907513,78.522021983398,0.000000000000,,gps_back
120.188459541113,78.570468193058,0.000000000000,,gps_back
120.178907899905,78.619548554368,0.000000000000,,gps_back
120.170031074482,78.668755662480,0.000000000000,,gps_back
120.161310386285,78.717990688848,0.000000000000,,gps_back
120.152681346544,78.767241861343,0.000000000000,,gps_back
120.143960384320,78.816476835970,0.000000000000,,gps_back
120.135154630467,78.865696406289,0.000000000000,,gps_back
120.127283593230,78.915069536677,0.000000000000,,gps_back
120.122462464189,78.964837949899,0.000000000000,,gps_back
120.117355339608,79.014570426796,0.000000000000,,gps_back
120.108470966643,79.063776184735,0.000000000000,,gps_back
120.099740145202,79.113004591969,0.000000000000,,gps_back
120.094071269897,79.162683383235,0.000000000000,,gps_back
120.088914597764,79.212415594536,0.000000000000,,gps_back
120.081482893605,79.261860844389,0.000000000000,,gps_back
120.072936553049,79.311125204715,0.000000000000,,gps_back
120.066001790213,79.360641432852,0.000000000000,,gps_back
120.060918088449,79.410383401503,0.000000000000,,gps_back
120.054955890405,79.460025591870,0.000000000000,,gps_back
120.046870224513,79.509368886292,0.000000000000,,gps_back
120.038761400111,79.558708274889,0.000000000000,,gps_back
120.030212041464,79.607973342159,0.000000000000,,gps_back
120.021598326679,79.657227177011,0.000000000000,,gps_back
120.013198658276,79.706517983244,0.000000000000,,gps_back
120.004952491420,79.755834376710,0.000000000000,,gps_back
119.997616974783,79.805291260548,0.000000000000,,gps_back
119.992778352205,79.855057886716,0.000000000000,,gps_back
119.987148165406,79.904714219171,0.000000000000,,gps_back
119.974599709393,79.953115406646,0.000000000000,,gps_back
119.962208670581,80.001552191145,0.000000000000,,gps_back
119.952745002106,80.050649603694,0.000000000000,,gps_back
119.943906133602,80.099863549465,0.000000000000,,gps_back
119.935177354239,80.149097144365,0.000000000000,,gps_back
119.926509830911,80.198341559601,0.000000000000,,gps_back
119.917763549488,80.247572045169,0.000000000000,,gps_back
119.908918834398,80.296784947057,0.000000000000,,gps_back
119.900074119309,80.345997848946,0.000000000000,,gps_back
119.891229368177,80.395210744356,0.000000000000,,gps_back
119.882381930166,80.444423156007,0.000000000000,,gps_back
119.873497557207,80.493628913947,0.000000000000,,gps_back
119.864624320182,80.542836657611,0.000000000000,,gps_back
119.855955877005,80.592080912930,0.000000000000,,gps_back
119.847446688659,80.641350418410,0.000000000000,,gps_back
119.841109001773,80.690947573446,0.000000000000,,gps_back
119.835981517212,80.740684070098,0.000000000000,,gps_back
119.829237935631,80.790226471115,0.000000000000,,gps_back
119.820572061726,80.839471178683,0.000000000000,,gps_back
119.811856778244,80.888707156929,0.000000000000,,gps_back
119.803012063160,80.937920058818,0.000000000000,,gps_back
119.794167348076,80.987132960708,0.000000000000,,gps_back
119.785322632990,81.036345862597,0.000000000000,,gps_back
119.776476142251,81.085558444742,0.000000000000,,gps_back
119.767597929326,81.134765314489,0.000000000000,,gps_back
119.758853031937,81.183992479999,0.000000000000,,gps_back
119.752650973735,81.233606604704,0.000000000000,,gps_back
119.747733350828,81.283363764627,0.000000000000,,gps_back
119.740935320626,81.332898344216,0.000000000000,,gps_back
119.732093168917,81.382111705557,0.000000000000,,gps_back
119.723302308559,81.431334246054,0.000000000000,,gps_back
119.714640239955,81.480579623796,0.000000000000,,gps_back
119.706023778773,81.529832921807,0.000000000000,,gps_back
119.697770142603,81.579148397951,0.000000000000,,gps_back
119.689502000799,81.628461406682,0.000000000000,,gps_back
119.680977907259,81.677730842988,0.000000000000,,gps_back
119.672286138471,81.726970844579,0.000000000000,,gps_back
119.663076684646,81.776116576788,0.000000000000,,gps_back
119.653396765587,81.825169183397,0.000000000000,,gps_back
119.646020695011,81.874619484854,0.000000000000,,gps_back
119.641140620300,81.924381470586,0.000000000000,,gps_back
119.635033871834,81.974003841350,0.000000000000,,gps_back
119.626189918351,82.023216880011,0.000000000000,,gps_back
119.617368114050,82.072433878003,0.000000000000,,gps_back
119.608704619441,82.121679005259,0.000000000000,,gps_back
119.600209729644,82.170948663294,0.000000000000,,gps_back
119.594504633304,82.220623422508,0.000000000000,,gps_back
119.588991131099,82.270314061544,0.000000000000,,gps_back
119.580410321439,82.319573604357,0.000000000000,,gps_back
119.571527589219,82.368779658054,0.000000000000,,gps_back
119.562672189417,82.417990638378,0.000000000000,,gps_back
119.553806226067,82.467199639658,0.000000000000,,gps_back
119.544574507490,82.516341343166,0.000000000000,,gps_back
119.535031145717,82.565423476431,0.000000000000,,gps_back
119.525840989597,82.614572980698,0.000000000000,,gps_back
119.516972428765,82.663781548472,0.000000000000,,gps_back
119.508392860520,82.713041188046,0.000000000000,,gps_back
119.500340146590,82.762389870862,0.000000000000,,gps_back
119.492243612817,82.811731058728,0.000000000000,,gps_back
119.483432637267,82.860950008978,0.000000000000,,gps_back
119.474716348892,82.910181068783,0.000000000000,,gps_back
119.468790712157,82.959829307726,0.000000000000,,gps_back
119.463974368815,83.009598188908,0.000000000000,,gps_back
119.459158025474,83.059367070090,0.000000000000,,gps_back
119.454258084002,83.109126654686,0.000000000000,,gps_back
119.447867073055,83.158713978110,0.000000000000,,gps_back
119.439022011525,83.207926817714,0.000000000000,,gps_back
119.430169471455,83.257138311952,0.000000000000,,gps_back
119.421285098497,83.306344069892,0.000000000000,,gps_back
119.412601332923,83.355579057167,0.000000000000,,gps_back
119.407085738363,83.405275286675,0.000000000000,,gps_back
119.401482303181,83.454951635120,0.000000000000,,gps_back
119.391956983558,83.504037344825,0.000000000000,,gps_back
119.382438529042,83.553124081995,0.000000000000,,gps_back
119.373593813958,83.602336983885,0.000000000000,,gps_back
119.364714640519,83.651543484655,0.000000000000,,gps_back
119.355286553089,83.700647951281,0.000000000000,,gps_back
119.345710796952,83.749723824434,0.000000000000,,gps_back
119.335947451155,83.798762744232,0.000000000000,,gps_back
119.326373713251,83.847830201990,0.000000000000,,gps_back
119.320488854242,83.897483671129,0.000000000000,,gps_back
119.315374048589,83.947222737530,0.000000000000,,gps_back
119.310052599550,83.996940147046,0.000000000000,,gps_back
119.304698791056,84.046654083039,0.000000000000,,gps_back
119.299344982563,84.096368019032,0.000000000000,,gps_back
119.293736512658,84.146043550930,0.000000000000,,gps_back
119.284175542285,84.195122288569,0.000000000000,,gps_back
119.274628080321,84.244192955409,0.000000000000,,gps_back
119.269073935826,84.293884881594,0.000000000000,,gps_back
119.263752736340,84.343602152806,0.000000000000,,gps_back
119.258931877728,84.393370596806,0.000000000000,,gps_back
119.253824251702,84.443097076583,0.000000000000,,gps_back
119.244193372438,84.492161638293,0.000000000000,,gps_back
119.234004867587,84.541097658165,0.000000000000,,gps_back
119.228635831085,84.590809916465,0.000000000000,,gps_back
119.222832376201,84.640466839509,0.000000000000,,gps_back
119.213948003242,84.689672597449,0.000000000000,,gps_back
119.205272272512,84.738908824603,0.000000000000,,gps_back
119.199744532481,84.788603581708,0.000000000000,,gps_back
119.194346198608,84.838296788398,0.000000000000,,gps_back
119.184168075080,84.887251285399,0.000000000000,,gps_back
119.174446257506,84.936284751709,0.000000000000,,gps_back
119.169053840262,84.985994293901,0.000000000000,,gps_back
119.162913059053,85.035611953446,0.000000000000,,gps_back
119.154068343970,85.084824855335,0.000000000000,,gps_back
119.145442083415,85.134069374398,0.000000000000,,gps_back
119.139977030830,85.183771198720,0.000000000000,,gps_back
119.134329319719,85.233441648794,0.000000000000,,gps_back
119.124763956412,85.282519571453,0.000000000000,,gps_back
119.115104217993,85.331578165441,0.000000000000,,gps_back
119.104462612804,85.380432897807,0.000000000000,,gps_back
119.095322028723,85.429581161814,0.000000000000,,gps_back
119.089883710524,85.479284893423,0.000000000000,,gps_back
119.083038210358,85.528808948220,0.000000000000,,gps_back
119.073325253681,85.577856599297,0.000000000000,,gps_back
119.065135834671,85.627175611922,0.000000000000,,gps_back
119.059948263094,85.676906134836,0.000000000000,,gps_back
119.053410170002,85.726474182308,0.000000000000,,gps_back
119.044597021072,85.775692605156,0.000000000000,,gps_back
119.036421461197,85.825015003223,0.000000000000,,gps_back
119.031003887309,85.874721470072,0.000000000000,,gps_back
119.024413942521,85.924273366960,0.000000000000,,gps_back
119.013835766585,85.973139847679,0.000000000000,,gps_back
119.005476725071,86.022430410070,0.000000000000,,gps_back
118.999990951520,86.072127633837,0.000000000000,,gps_back
118.992613035810,86.121577842551,0.000000000000,,gps_back
118.983185837386,86.170679965767,0.000000000000,,gps_back
118.975687910640,86.220112258299,0.000000000000,,gps_back
118.970173938871,86.269805352228,0.000000000000,,gps_back
118.962459132140,86.319204339270,0.000000000000,,gps_back
118.952818122696,86.368263877365,0.000000000000,,gps_back
118.945408193462,86.417709632107,0.000000000000,,gps_back
118.940039920818,86.467421982062,0.000000000000,,gps_back
118.934481217664,86.517113406288,0.000000000000,,gps_back
118.928542542151,86.566754230495,0.000000000000,,gps_back
118.919723547262,86.615971270630,0.000000000000,,gps_back
118.910670328979,86.665113316603,0.000000000000,,gps_back
118.907946363756,86.715039522662,0.000000000000,,gps_back
118.905647154020,86.764942235987,0.000000000000,,gps_back
118.896108231071,86.814025227450,0.000000000000,,gps_back
118.887169722218,86.863209722327,0.000000000000,,gps_back
118.881856523164,86.912927819685,0.000000000000,,gps_back
118.877332543803,86.962712459559,0.000000000000,,gps_back
118.876334178683,87.012701721573,0.000000000000,,gps_back
118.873526607811,87.062618128608,0.000000000000,,gps_back
118.868091138595,87.112323202511,0.000000000000,,gps_back
118.862655669380,87.162028276414,0.000000000000,,gps_back
118.857220200164,87.211733350317,0.000000000000,,gps_back
118.851784730948,87.261438424220,0.000000000000,,gps_back
118.846349261732,87.311143498123,0.000000000000,,gps_back
118.840913792516,87.360848572026,0.000000000000,,gps_back
118.835162144027,87.410506312781,0.000000000000,,gps_back
118.825691656970,87.459601140614,0.000000000000,,gps_back
118.815037309756,87.508453584377,0.000000000000,,gps_back
118.805204283923,87.557478580380,0.000000000000,,gps_back
118.795417596349,87.606512803690,0.000000000000,,gps_back
118.785849105417,87.655590116949,0.000000000000,,gps_back
118.776595480957,87.704716502468,0.000000000000,,gps_back
118.770725306972,87.754370944387,0.000000000000,,gps_back
118.763414388681,87.803823967359,0.000000000000,,gps_back
118.752874680693,87.852697772464,0.000000000000,,gps_back
118.744619704866,87.902008159740,0.000000000000,,gps_back
118.738667470466,87.951653832672,0.000000000000,,gps_back
118.733154577130,88.001350355242,0.000000000000,,gps_back
118.727453913306,88.051012211263,0.000000000000,,gps_back
118.717865849443,88.100084422270,0.000000000000,,gps_back
118.707237142538,88.148941974928,0.000000000000,,gps_back
118.697670614296,88.198019669781,0.000000000000,,gps_back
118.688435452400,88.247150796875,0.000000000000,,gps_back
118.682329725442,88.296777282999,0.000000000000,,gps_back
118.675137824534,88.346253268807,0.000000000000,,gps_back
118.665658966428,88.395347158964,0.000000000000,,gps_back
118.657310539618,88.444641243134,0.000000000000,,gps_back
118.651156656835,88.494259610924,0.000000000000,,gps_back
118.643132301998,88.543610555565,0.000000000000,,gps_back
118.633513686396,88.592677736773,0.000000000000,,gps_back
118.623274384506,88.641619249511,0.000000000000,,gps_back
118.612624925349,88.690472718715,0.000000000000,,gps_back
118.602814942204,88.739502270303,0.000000000000,,gps_back
118.593491754366,88.788620418366,0.000000000000,,gps_back
118.586743857855,88.838164101535,0.000000000000,,gps_back
118.580135957556,88.887709982695,0.000000000000,,gps_back
118.569436050791,88.936553022795,0.000000000000,,gps_back
118.559095049571,88.985472771934,0.000000000000,,gps_back
118.549502280262,89.034545254157,0.000000000000,,gps_back
118.539536818369,89.083542905844,0.000000000000,,gps_back
118.529050793706,89.132425994274,0.000000000000,,gps_back
118.521305225300,89.181817897188,0.000000000000,,gps_back
118.515716957930,89.231498886717,0.000000000000,,gps_back
118.507240986011,89.280771300509,0.000000000000,,gps_back
118.496513755255,89.329608430007,0.000000000000,,gps_back
118.485786524499,89.378445559505,0.000000000000,,gps_back
118.475164756037,89.427304548428,0.000000000000,,gps_back
118.465596270187,89.476381862642,0.000000000000,,gps_back
118.455915782761,89.525436041629,0.000000000000,,gps_back
118.445188552001,89.574273171127,0.000000000000,,gps_back
118.434461321243,89.623110300624,0.000000000000,,gps_back
118.423934799823,89.671986811014,0.000000000000,,gps_back
118.415645934935,89.721290824803,0.000000000000,,gps_back
118.409696771156,89.770936857233,0.000000000000,,gps_back
118.404178014288,89.820632724492,0.000000000000,,gps_back
118.398468505753,89.870294259082,0.000000000000,,gps_back
118.389142081165,89.919416755625,0.000000000000,,gps_back
118.379094739428,89.968381113876,0.000000000000,,gps_back
118.372938184888,90.018001099999,0.000000000000,,gps_back
118.365499960816,90.067434388947,0.000000000000,,gps_back
118.355197852346,90.116344668823,0.000000000000,,gps_back
118.349514516899,90.165996192239,0.000000000000,,gps_back
118.347934711943,90.215926008220,0.000000000000,,gps_back
118.339606611862,90.265222356219,0.000000000000,,gps_back
118.329392146976,90.314150419856,0.000000000000,,gps_back
118.323031358740,90.363744669722,0.000000000000,,gps_back
118.315317817956,90.413126801905,0.000000000000,,gps_back
118.303843433084,90.461782431030,0.000000000000,,gps_back
118.295516143055,90.511084056921,0.000000000000,,gps_back
118.287760894071,90.560456423720,0.000000000000,,gps_back
118.276007341621,90.609044157211,0.000000000000,,gps_back
118.267703136162,90.658342872190,0.000000000000,,gps_back
118.261938963289,90.708010859961,0.000000000000,,gps_back
118.255991249537,90.757657242463,0.000000000000,,gps_back
118.250040097150,90.807303159679,0.000000000000,,gps_back
118.244259906010,90.856969205471,0.000000000000,,gps_back
118.238086597866,90.906587482097,0.000000000000,,gps_back
118.231337077018,90.956130489902,0.000000000000,,gps_back
118.225380287596,91.005775733370,0.000000000000,,gps_back
118.219601822238,91.055442044296,0.000000000000,,gps_back
118.213593957532,91.105081161338,0.000000000000,,gps_back
118.207408119004,91.154698295610,0.000000000000,,gps_back
118.200539090672,91.204215430134,0.000000000000,,gps_back
118.190721321900,91.253242402915,0.000000000000,,gps_back
118.180531023658,91.302169738571,0.000000000000,,gps_back
118.174712203174,91.351831393731,0.000000000000,,gps_back
118.168888838477,91.401492481193,0.000000000000,,gps_back
118.162869096586,91.451130114804,0.000000000000,,gps_back
118.156587463050,91.500735280812,0.000000000000,,gps_back
118.149623362717,91.550232866025,0.000000000000,,gps_back
118.139055058940,91.599104600096,0.000000000000,,gps_back
118.128327828184,91.647941729594,0.000000000000,,gps_back
118.117826374858,91.696823511792,0.000000000000,,gps_back
118.109480951294,91.746114771309,0.000000000000,,gps_back
118.103720079198,91.795783154001,0.000000000000,,gps_back
118.097801192561,91.845432975915,0.000000000000,,gps_back
118.091755642577,91.895067298569,0.000000000000,,gps_back
118.085291637966,91.944649080148,0.000000000000,,gps_back
118.078995376916,91.994252371113,0.000000000000,,gps_back
118.072632071406,92.043837770937,0.000000000000,,gps_back
118.063378852042,92.092972594678,0.000000000000,,gps_back
118.053143023751,92.141894963002,0.000000000000,,gps_back
118.046863395708,92.191500089251,0.000000000000,,gps_back
118.041083865098,92.241166254155,0.000000000000,,gps_back
118.035072071401,92.290804904192,0.000000000000,,gps_back
118.029188631445,92.340458906450,0.000000000000,,gps_back
118.023122117539,92.390080607578,0.000000000000,,gps_back
118.014038390189,92.439246276223,0.000000000000,,gps_back
118.003311159433,92.488083405721,0.000000000000,,gps_back
117.992629482854,92.536930346457,0.000000000000,,gps_back
117.982793995084,92.585935183327,0.000000000000,,gps_back
117.976749145509,92.635569803204,0.000000000000,,gps_back
117.970515657271,92.685181004707,0.000000000000,,gps_back
117.963602220905,92.734689899579,0.000000000000,,gps_back
117.953577365588,92.783675350479,0.000000000000,,gps_back
117.942858922835,92.832514405967,0.000000000000,,gps_back
117.932347004702,92.881396326877,0.000000000000,,gps_back
117.923497812731,92.930591738903,0.000000000000,,gps_back
117.917957817885,92.980282578167,0.000000000000,,gps_back
117.910559022637,93.029718133743,0.000000000000,,gps_back
117.900138233923,93.078614089497,0.000000000000,,gps_back
117.892301567865,93.127991437919,0.000000000000,,gps_back
117.886597984090,93.177666346994,0.000000000000,,gps_back
117.881192004115,93.227374628223,0.000000000000,,gps_back
117.875199375967,93.276981581306,0.000000000000,,gps_back
117.864161042825,93.325748417004,0.000000000000,,gps_back
117.852466800475,93.374361671497,0.000000000000,,gps_back
117.841739569719,93.423198800995,0.000000000000,,gps_back
117.831012338962,93.472035930493,0.000000000000,,gps_back
117.820645564197,93.520940801853,0.000000000000,,gps_back
117.813075433130,93.570363785761,0.000000000000,,gps_back
117.806779683810,93.619966750862,0.000000000000,,gps_back
117.800730323869,93.669592253942,0.000000000000,,gps_back
117.791763820288,93.718767450979,0.000000000000,,gps_back
117.780171439825,93.767378208070,0.000000000000,,gps_back
117.772777495319,93.816828529379,0.000000000000,,gps_back
117.763978191346,93.866034948813,0.000000000000,,gps_back
117.752574968680,93.914700295565,0.000000000000,,gps_back
117.744805488055,93.964092204716,0.000000000000,,gps_back
117.738341247920,94.013673205494,0.000000000000,,gps_back
117.732186250693,94.063282201808,0.000000000000,,gps_back
117.722780186892,94.112379252454,0.000000000000,,gps_back
117.711331364634,94.161019055055,0.000000000000,,gps_back
117.704516961976,94.210553803206,0.000000000000,,gps_back
117.697973485892,94.260125181498,0.000000000000,,gps_back
117.690771971251,94.309576707894,0.000000000000,,gps_back
117.679424668470,94.358271927377,0.000000000000,,gps_back
117.669569106107,94.407274793615,0.000000000000,,gps_back
117.663041827723,94.456848306759,0.000000000000,,gps_back
117.656342744044,94.506397504932,0.000000000000,,gps_back
117.648298889534,94.555736663682,0.000000000000,,gps_back
117.637889722202,94.604637873068,0.000000000000,,gps_back
117.629470867438,94.653919950822,0.000000000000,,gps_back
117.622197897638,94.703355322282,0.000000000000,,gps_back
117.610601183027,94.751987050146,0.000000000000,,gps_back
117.601479108372,94.801130712606,0.000000000000,,gps_back
117.595174149597,94.850712034524,0.000000000000,,gps_back
117.585024008505,94.899668418525,0.000000000000,,gps_back
117.574053809375,94.948418739254,0.000000000000,,gps_back
117.567171674764,94.997937726917,0.000000000000,,gps_back
117.558053608429,95.047096635078,0.000000000000,,gps_back
117.547915196580,95.096040961438,0.000000000000,,gps_back
117.541225224518,95.145591382410,0.000000000000,,gps_back
117.535349260959,95.195245616746,0.000000000000,,gps_back
117.528530075404,95.244774216306,0.000000000000,,gps_back
117.519588794574,95.293964172107,0.000000000000,,gps_back
117.509292839659,95.342881977009,0.000000000000,,gps_back
117.501790093324,95.392315869569,0.000000000000,,gps_back
117.495153184652,95.441874719851,0.000000000000,,gps_back
117.487904853925,95.491339712521,0.000000000000,,gps_back
117.478285098325,95.540405076058,0.000000000000,,gps_back
117.468136121451,95.589348403653,0.000000000000,,gps_back
117.461241659947,95.638871476150,0.000000000000,,gps_back
117.455070095539,95.688490168815,0.000000000000,,gps_back
117.449288792424,95.738155889503,0.000000000000,,gps_back
117.443026559470,95.787763436846,0.000000000000,,gps_back
117.436424730290,95.837326939320,0.000000000000,,gps_back
117.429234220418,95.886802860930,0.000000000000,,gps_back
117.419979329988,95.935936752191,0.000000000000,,gps_back
117.409768190716,95.984871139480,0.000000000000,,gps_back
117.402431364985,96.034330264872,0.000000000000,,gps_back
117.395881474278,96.083900795482,0.000000000000,,gps_back
117.388920237780,96.133403346566,0.000000000000,,gps_back
117.379176926899,96.182444517018,0.000000000000,,gps_back
117.369027914861,96.231384178727,0.000000000000,,gps_back
117.362008915766,96.280884940323,0.000000000000,,gps_back
117.352759006820,96.330010539743,0.000000000000,,gps_back
117.341497297136,96.378701754290,0.000000000000,,gps_back
117.334052791849,96.428145447942,0.000000000000,,gps_back
117.327030215522,96.477651071532,0.000000000000,,gps_back
117.319006500832,96.526973996655,0.000000000000,,gps_back
117.307107514932,96.575535643870,0.000000000000,,gps_back
117.296708892617,96.624441949912,0.000000000000,,gps_back
117.287115838434,96.673512103959,0.000000000000,,gps_back
117.276267994677,96.722321678173,0.000000000000,,gps_back
117.264650539151,96.770954394987,0.000000000000,,gps_back
117.253422036943,96.819638621062,0.000000000000,,gps_back
117.246333582416,96.869118609554,0.000000000000,,gps_back
117.235817252427,96.917991283258,0.000000000000,,gps_back
117.223771959103,96.966482265798,0.000000000000,,gps_back
117.215630359964,97.015799282246,0.000000000000,,gps_back
117.204564960560,97.064560364096,0.000000000000,,gps_back
117.194593331285,97.113538744968,0.000000000000,,gps_back
117.187786369295,97.163074556364,0.000000000000,,gps_back
117.181170054728,97.212636261277,0.000000000000,,gps_back
117.174416148332,97.262178985068,0.000000000000,,gps_back
117.167237964678,97.311662281121,0.000000000000,,gps_back
117.160376316388,97.361190588631,0.000000000000,,gps_back
117.153678772349,97.410741330180,0.000000000000,,gps_back
117.147150515159,97.460314714110,0.000000000000,,gps_back
117.140593466910,97.509884299664,0.000000000000,,gps_back
117.134045385607,97.559455069397,0.000000000000,,gps_back
117.127395573688,97.609011379945,0.000000000000,,gps_back
117.120080261777,97.658474674980,0.000000000000,,gps_back
117.113055309620,97.707979646893,0.000000000000,,gps_back
117.107342427584,97.757616891595,0.000000000000,,gps_back
117.105627086825,97.807576341488,0.000000000000,,gps_back
117.100949386455,97.857351886895,0.000000000000,,gps_back
117.094353679078,97.906916227647,0.000000000000,,gps_back
117.087477371044,97.956442472911,0.000000000000,,gps_back
117.080406111042,98.005941309497,0.000000000000,,gps_back
117.073297165586,98.055434666492,0.000000000000,,gps_back
117.067099572844,98.105024183073,0.000000000000,,gps_back
117.064762078817,98.154970220612,0.000000000000,,gps_back
117.062264524399,98.204877840744,0.000000000000,,gps_back
117.055590910985,98.254431226101,0.000000000000,,gps_back
117.048643612341,98.303942631521,0.000000000000,,gps_back
117.044002582917,98.353702465750,0.000000000000,,gps_back
117.042284399710,98.403646138353,0.000000000000,,gps_back
117.036576401282,98.453319350257,0.000000000000,,gps_back
117.030053494717,98.502893440136,0.000000000000,,gps_back
117.023673279231,98.552485011977,0.000000000000,,gps_back
117.018081409856,98.602172622765,0.000000000000,,gps_back
117.012302174546,98.651829250718,0.000000000000,,gps_back
117.004321526273,98.701189632288,0.000000000000,,gps_back
116.996451141693,98.750567578991,0.000000000000,,gps_back
116.988860124211,98.799989379649,0.000000000000,,gps_back
116.981494233130,98.849443828150,0.000000000000,,gps_back
116.974971326571,98.899017918029,0.000000000000,,gps_back
116.968446400100,98.948591741871,0.000000000000,,gps_back
116.961232840557,98.998045225893,0.000000000000,,gps_back
116.950681901950,99.046919026802,0.000000000000,,gps_back
116.941637293866,99.096076707981,0.000000000000,,gps_back
116.935665513855,99.145720182644,0.000000000000,,gps_back
116.929814675973,99.195378052837,0.000000000000,,gps_back
116.923583857090,99.244977050764,0.000000000000,,gps_back
116.914665009175,99.294174954125,0.000000000000,,gps_back
116.905355465946,99.343288828196,0.000000000000,,gps_back
116.898757572527,99.392851511021,0.000000000000,,gps_back
116.893086074725,99.442529969243,0.000000000000,,gps_back
116.887733876029,99.492244045124,0.000000000000,,gps_back
116.881582077364,99.541841971407,0.000000000000,,gps_back
116.872052226803,99.590926739959,0.000000000000,,gps_back
116.863353844258,99.640142874729,0.000000000000,,gps_back
116.858000035772,99.689856810723,0.000000000000,,gps_back
116.852646227284,99.739570746717,0.000000000000,,gps_back
116.847198852835,99.789274063885,0.000000000000,,gps_back
116.840635726523,99.838821367380,0.000000000000,,gps_back
116.830921925960,99.887869670295,0.000000000000,,gps_back
116.822254734417,99.937096547234,0.000000000000,,gps_back
116.816539739325,99.986770219591,0.000000000000,,gps_back
116.811003844217,100.036464120617,0.000000000000,,gps_back
116.805675138416,100.086180753380,0.000000000000,,gps_back
116.800334268231,100.135896080689,0.000000000000,,gps_back
116.795312555169,100.185639021667,0.000000000000,,gps_back
116.792352917969,100.235545249122,0.000000000000,,gps_back
116.790926123250,100.285518181301,0.000000000000,,gps_back
116.787107327102,100.335366254211,0.000000000000,,gps_back
116.780755167939,100.384941323506,0.000000000000,,gps_back
116.771009790572,100.433981742937,0.000000000000,,gps_back
116.761067781484,100.482952774963,0.000000000000,,gps_back
116.755023049280,100.532587419475,0.000000000000,,gps_back
116.749116252022,100.582238607413,0.000000000000,,gps_back
116.743380095115,100.631909843533,0.000000000000,,gps_back
116.737486613749,100.681562658183,0.000000000000,,gps_back
116.731501456909,100.731204460422,0.000000000000,,gps_back
116.725727246957,100.780871314265,0.000000000000,,gps_back
116.719963444400,100.830539243777,0.000000000000,,gps_back
116.713781993010,100.880155833996,0.000000000000,,gps_back
116.706388665622,100.929597636936,0.000000000000,,gps_back
116.696824709254,100.978675834090,0.000000000000,,gps_back
116.687260752886,101.027754031244,0.000000000000,,gps_back
116.677900440585,101.076869331429,0.000000000000,,gps_back
116.670051329102,101.126237658334,0.000000000000,,gps_back
116.664697520609,101.175951594327,0.000000000000,,gps_back
116.659343712119,101.225665530321,0.000000000000,,gps_back
116.653658648533,101.275337190916,0.000000000000,,gps_back
116.645778825355,101.324696957620,0.000000000000,,gps_back
116.635640190705,101.373645317488,0.000000000000,,gps_back
116.628448659512,101.423119590298,0.000000000000,,gps_back
116.623094851019,101.472833526291,0.000000000000,,gps_back
116.617741042526,101.522547462284,0.000000000000,,gps_back
116.612387234032,101.572261398277,0.000000000000,,gps_back
116.607033425539,101.621975334270,0.000000000000,,gps_back
116.601679617046,101.671689270263,0.000000000000,,gps_back
116.596325808557,101.721403206256,0.000000000000,,gps_back
116.590433391101,101.771041921058,0.000000000000,,gps_back
116.581772527425,101.820285714550,0.000000000000,,gps_back
116.572760928308,101.869453166861,0.000000000000,,gps_back
116.566564201424,101.919067453397,0.000000000000,,gps_back
116.560620083368,101.968695696122,0.000000000000,,gps_back
116.551577450583,102.017871143269,0.000000000000,,gps_back
116.542357696498,102.066995304094,0.000000000000,,gps_back
116.536290073406,102.116625981590,0.000000000000,,gps_back
116.530343852883,102.166254031317,0.000000000000,,gps_back
116.521365168829,102.215441896809,0.000000000000,,gps_back
116.512427172489,102.264618853391,0.000000000000,,gps_back
116.506532363992,102.314270905795,0.000000000000,,gps_back
116.500338842747,102.363853285924,0.000000000000,,gps_back
116.490145226064,102.412804202424,0.000000000000,,gps_back
116.479731368068,102.461707453337,0.000000000000,,gps_back
116.470260480253,102.510803271522,0.000000000000,,gps_back
116.461876412085,102.560076173479,0.000000000000,,gps_back
116.456399131952,102.609775938667,0.000000000000,,gps_back
116.449724004105,102.659311031526,0.000000000000,,gps_back
116.440292533506,102.708414008388,0.000000000000,,gps_back
116.432091689560,102.757720025463,0.000000000000,,gps_back
116.426564818308,102.807413616394,0.000000000000,,gps_back
116.419617701631,102.856911491850,0.000000000000,,gps_back
116.409992590569,102.905976152612,0.000000000000,,gps_back
116.401815331088,102.955286211295,0.000000000000,,gps_back
116.396258373857,103.004975934956,0.000000000000,,gps_back
116.389219678265,103.054464808935,0.000000000000,,gps_back
116.379867930052,103.103581740838,0.000000000000,,gps_back
116.372028400151,103.152950570077,0.000000000000,,gps_back
116.366429761353,103.202634774563,0.000000000000,,gps_back
116.359206359403,103.252098945184,0.000000000000,,gps_back
116.349642403035,103.301177142338,0.000000000000,,gps_back
116.340078446665,103.350255339491,0.000000000000,,gps_back
116.330778797661,103.399381019904,0.000000000000,,gps_back
116.323168968457,103.448788150032,0.000000000000,,gps_back
116.317434584648,103.498453029418,0.000000000000,,gps_back
116.309396516649,103.547786911022,0.000000000000,,gps_back
116.299022535960,103.596694449043,0.000000000000,,gps_back
116.290430796116,103.645949825220,0.000000000000,,gps_back
116.282827726008,103.695369780928,0.000000000000,,gps_back
116.275224655900,103.744789736637,0.000000000000,,gps_back
116.267241661397,103.794143125067,0.000000000000,,gps_back
116.257400773140,103.843164880874,0.000000000000,,gps_back
116.247607079766,103.892162593624,0.000000000000,,gps_back
116.241757835272,103.941820101010,0.000000000000,,gps_back
116.235677445107,103.991426698150,0.000000000000,,gps_back
116.226368995563,104.040553838530,0.000000000000,,gps_back
116.217674166828,104.089759316876,0.000000000000,,gps_back
116.212821264693,104.139524500090,0.000000000000,,gps_back
116.207864393501,104.189274024921,0.000000000000,,gps_back
116.201075175218,104.238808541596,0.000000000000,,gps_back
116.193021678859,104.288157096701,0.000000000000,,gps_back
116.184959393282,104.337504215349,0.000000000000,,gps_back
116.176873727391,104.386847509771,0.000000000000,,gps_back
116.169306776350,104.436261015860,0.000000000000,,gps_back
116.164192455048,104.485998258581,0.000000000000,,gps_back
116.159920712211,104.535816702304,0.000000000000,,gps_back
116.154934882922,104.585559075439,0.000000000000,,gps_back
116.147912777191,104.635064920835,0.000000000000,,gps_back
116.140711005850,104.684543513179,0.000000000000,,gps_back
116.132219340378,104.733806517583,0.000000000000,,gps_back
116.121511792022,104.782647966226,0.000000000000,,gps_back
116.111569594482,104.831624513727,0.000000000000,,gps_back
116.105438994869,104.881236520358,0.000000000000,,gps_back
116.101549994138,104.931086438820,0.000000000000,,gps_back
116.096656444745,104.980804214880,0.000000000000,,gps_back
116.087217522897,105.029902527160,0.000000000000,,gps_back
116.076640608589,105.078771669952,0.000000000000,,gps_back
116.067737609128,105.127919164897,0.000000000000,,gps_back
116.063521787763,105.177742508297,0.000000000000,,gps_back
116.058677801919,105.227492011513,0.000000000000,,gps_back
116.050586308367,105.276816839039,0.000000000000,,gps_back
116.039878760011,105.325658287681,0.000000000000,,gps_back
116.029679169731,105.374597142077,0.000000000000,,gps_back
116.021661373384,105.423951073017,0.000000000000,,gps_back
116.013933358702,105.473350982224,0.000000000000,,gps_back
116.005208529904,105.522575126751,0.000000000000,,gps_back
115.994500981548,105.571416575393,0.000000000000,,gps_back
115.984143748137,105.620328187835,0.000000000000,,gps_back
115.975513688544,105.669575409716,0.000000000000,,gps_back
115.968096460158,105.719023598969,0.000000000000,,gps_back
115.959915947056,105.768326385784,0.000000000000,,gps_back
115.948562096329,105.817021422376,0.000000000000,,gps_back
115.937243122236,105.865720140403,0.000000000000,,gps_back
115.927628117074,105.914782259923,0.000000000000,,gps_back
115.919549632607,105.964126728430,0.000000000000,,gps_back
115.911625661906,106.013495587255,0.000000000000,,gps_back
115.904208433520,106.062943776507,0.000000000000,,gps_back
115.896432616380,106.112331442271,0.000000000000,,gps_back
115.886726115499,106.161371658090,0.000000000000,,gps_back
115.875080327680,106.209997930036,0.000000000000,,gps_back
115.864135366233,106.258765698911,0.000000000000,,gps_back
115.856018613947,106.308103878647,0.000000000000,,gps_back
115.847666070077,106.357398925240,0.000000000000,,gps_back
115.837872672326,106.406429436301,0.000000000000,,gps_back
115.827125688431,106.455262222771,0.000000000000,,gps_back
115.816251127132,106.504066056117,0.000000000000,,gps_back
115.804852728413,106.552750904253,0.000000000000,,gps_back
115.793693299805,106.601487402854,0.000000000000,,gps_back
115.784053040342,106.650545583930,0.000000000000,,gps_back
115.775782547752,106.699858224146,0.000000000000,,gps_back
115.766997634601,106.749073439938,0.000000000000,,gps_back
115.756430701870,106.797945503839,0.000000000000,,gps_back
115.745996995083,106.846845428750,0.000000000000,,gps_back
115.736306546447,106.895896908239,0.000000000000,,gps_back
115.727393681010,106.945097319035,0.000000000000,,gps_back
115.717903480236,106.994185879601,0.000000000000,,gps_back
115.707195931880,107.043027328243,0.000000000000,,gps_back
115.696390244896,107.091846746528,0.000000000000,,gps_back
115.685103911508,107.140557351932,0.000000000000,,gps_back
115.673509730297,107.189195839589,0.000000000000,,gps_back
115.662785368662,107.238014929679,0.000000000000,,gps_back
115.654699702770,107.287358224100,0.000000000000,,gps_back
115.646165120581,107.336617453589,0.000000000000,,gps_back
115.635619552901,107.385491900147,0.000000000000,,gps_back
115.624479760677,107.434232427549,0.000000000000,,gps_back
115.615737560967,107.483408935716,0.000000000000,,gps_back
115.611537778003,107.533233633612,0.000000000000,,gps_back
115.607312929085,107.583056187483,0.000000000000,,gps_back
115.602973138027,107.632868874434,0.000000000000,,gps_back
115.598567144248,107.682675760665,0.000000000000,,gps_back
115.593421512058,107.732389832642,0.000000000000,,gps_back
115.585374625964,107.781739462088,0.000000000000,,gps_back
115.577722689149,107.831144286302,0.000000000000,,gps_back
115.572088763205,107.880823123583,0.000000000000,,gps_back
115.567717975692,107.930633110362,0.000000000000,,gps_back
115.563396758928,107.980447394524,0.000000000000,,gps_back
115.559180937564,108.030270737924,0.000000000000,,gps_back
115.554496186283,108.080043486553,0.000000000000,,gps_back
115.547629129728,108.129565949898,0.000000000000,,gps_back
115.539400085800,108.178885511214,0.000000000000,,gps_back
115.531413392229,108.228244051813,0.000000000000,,gps_back
115.523996163842,108.277692241066,0.000000000000,,gps_back
115.516875805082,108.327180542983,0.000000000000,,gps_back
115.511185764945,108.376853997456,0.000000000000,,gps_back
115.506511272734,108.426636198664,0.000000000000,,gps_back
115.501050743668,108.476328375573,0.000000000000,,gps_back
115.493633515277,108.525776564825,0.000000000000,,gps_back
115.486151421061,108.575214812863,0.000000000000,,gps_back
115.478353291104,108.624604190402,0.000000000000,,gps_back
115.470260152012,108.673946194106,0.000000000000,,gps_back
115.461504308028,108.723164559879,0.000000000000,,gps_back
115.450796759672,108.772006008521,0.000000000000,,gps_back
115.440604634041,108.820946776169,0.000000000000,,gps_back
115.433146764722,108.870366818033,0.000000000000,,gps_back
115.428528733599,108.920154482597,0.000000000000,,gps_back
115.423148500952,108.969846365984,0.000000000000,,gps_back
115.415095787016,109.019195048799,0.000000000000,,gps_back
115.406705694922,109.068482958947,0.000000000000,,gps_back
115.396808487457,109.117493013107,0.000000000000,,gps_back
115.386061503560,109.166325799577,0.000000000000,,gps_back
115.375847291746,109.215261384803,0.000000000000,,gps_back
115.367683761085,109.264591823058,0.000000000000,,gps_back
115.359627425384,109.313939914219,0.000000000000,,gps_back
115.351554101128,109.363285229007,0.000000000000,,gps_back
115.343560798391,109.412643233869,0.000000000000,,gps_back
115.336634085753,109.462142622962,0.000000000000,,gps_back
115.332418264389,109.511965966362,0.000000000000,,gps_back
115.327774471215,109.561744206665,0.000000000000,,gps_back
115.321093642308,109.611290487231,0.000000000000,,gps_back
115.312854474328,109.660608374437,0.000000000000,,gps_back
115.304830882094,109.709960786049,0.000000000000,,gps_back
115.297413653709,109.759408975302,0.000000000000,,gps_back
115.289932748249,109.808847413132,0.000000000000,,gps_back
115.282135552757,109.858236883204,0.000000000000,,gps_back
115.274026794134,109.907576367090,0.000000000000,,gps_back
115.265303482417,109.956799904759,0.000000000000,,gps_back
115.254595934059,110.005641353401,0.000000000000,,gps_back
115.244097052855,110.054526334321,0.000000000000,,gps_back
115.234725451045,110.103636991029,0.000000000000,,gps_back
115.226639785155,110.152980285451,0.000000000000,,gps_back
115.218652473541,110.202339219236,0.000000000000,,gps_back
115.211037335923,110.251757316494,0.000000000000,,gps_back
115.203402278470,110.301172300706,0.000000000000,,gps_back
115.195584578910,110.350558606154,0.000000000000,,gps_back
115.187531864980,110.399907288970,0.000000000000,,gps_back
115.179601728507,110.449275233043,0.000000000000,,gps_back
115.172142436561,110.498717089586,0.000000000000,,gps_back
115.164672537570,110.548157241930,0.000000000000,,gps_back
115.156874594986,110.597546159809,0.000000000000,,gps_back
115.148587230392,110.646855979170,0.000000000000,,gps_back
115.140336990123,110.696171969734,0.000000000000,,gps_back
115.132231232384,110.745511966473,0.000000000000,,gps_back
115.124210605736,110.794865709865,0.000000000000,,gps_back
115.116509461785,110.844270254722,0.000000000000,,gps_back
115.109092233399,110.893718443975,0.000000000000,,gps_back
115.101096712083,110.943063330077,0.000000000000,,gps_back
115.090819953481,110.991996703409,0.000000000000,,gps_back
115.080206805969,111.040858395506,0.000000000000,,gps_back
115.070405969283,111.089881520778,0.000000000000,,gps_back
115.062320303393,111.139224815200,0.000000000000,,gps_back
115.054239926901,111.188568974995,0.000000000000,,gps_back
115.046180967008,111.237916638081,0.000000000000,,gps_back
115.038160364612,111.287270510124,0.000000000000,,gps_back
115.030322519673,111.336653622107,0.000000000000,,gps_back
115.022719449568,111.386073577816,0.000000000000,,gps_back
115.015144171128,111.435497771336,0.000000000000,,gps_back
115.007684074074,111.484939506191,0.000000000000,,gps_back
115.000273399697,111.534388676445,0.000000000000,,gps_back
114.992964153982,111.583852714411,0.000000000000,,gps_back
114.985942048254,111.633358559807,0.000000000000,,gps_back
114.978891631555,111.682860350392,0.000000000000,,gps_back
114.971641090571,111.732332911306,0.000000000000,,gps_back
114.964038020461,111.781752867014,0.000000000000,,gps_back
114.956505512143,111.831183434805,0.000000000000,,gps_back
114.949283219037,111.880660386266,0.000000000000,,gps_back
114.942236619057,111.930162751119,0.000000000000,,gps_back
114.935648290991,111.979720177958,0.000000000000,,gps_back
114.930912216349,112.029495978750,0.000000000000,,gps_back
114.926627168016,112.079313142473,0.000000000000,,gps_back
114.921511744549,112.129042200920,0.000000000000,,gps_back
114.914489638818,112.178548046317,0.000000000000,,gps_back
114.907442876947,112.228050364847,0.000000000000,,gps_back
114.900245368139,112.277530879051,0.000000000000,,gps_back
114.892828139753,112.326979068304,0.000000000000,,gps_back
114.885316572653,112.376412672402,0.000000000000,,gps_back
114.877407171518,112.425784440502,0.000000000000,,gps_back
114.869180065452,112.475103574498,0.000000000000,,gps_back
114.860012374855,112.524250570871,0.000000000000,,gps_back
114.849304826496,112.573092019513,0.000000000000,,gps_back
114.838986654567,112.622011235738,0.000000000000,,gps_back
114.830382472224,112.671263930555,0.000000000000,,gps_back
114.822779402114,112.720683886263,0.000000000000,,gps_back
114.815836787902,112.770184423737,0.000000000000,,gps_back
114.811361144243,112.819985072644,0.000000000000,,gps_back
114.806664392688,112.869761539587,0.000000000000,,gps_back
114.800536140137,112.919383615506,0.000000000000,,gps_back
114.793489540157,112.968885980359,0.000000000000,,gps_back
114.785876178427,113.018292032320,0.000000000000,,gps_back
114.775959585993,113.067298379674,0.000000000000,,gps_back
114.765338948561,113.116158503989,0.000000000000,,gps_back
114.756375944636,113.165281896292,0.000000000000,,gps_back
114.752311314044,113.215117801776,0.000000000000,,gps_back
114.748098701042,113.264940606159,0.000000000000,,gps_back
114.742857071989,113.314657642481,0.000000000000,,gps_back
114.735834966257,113.364163487877,0.000000000000,,gps_back
114.728570953927,113.413632206534,0.000000000000,,gps_back
114.720037450103,113.462894324917,0.000000000000,,gps_back
114.710097262460,113.511897706095,0.000000000000,,gps_back
114.700416991105,113.560950495531,0.000000000000,,gps_back
114.691927138438,113.610223600134,0.000000000000,,gps_back
114.684324068333,113.659643555843,0.000000000000,,gps_back
114.677433923553,113.709149017174,0.000000000000,,gps_back
114.673226498973,113.758972763287,0.000000000000,,gps_back
114.669318052029,113.808821120718,0.000000000000,,gps_back
114.664637051002,113.858587216754,0.000000000000,,gps_back
114.657590451022,113.908089581607,0.000000000000,,gps_back
114.650544962661,113.957592104639,0.000000000000,,gps_back
114.643507688588,114.007095795473,0.000000000000,,gps_back
114.636485582857,114.056601640869,0.000000000000,,gps_back
114.629237179860,114.106072939799,0.000000000000,,gps_back
114.620770435680,114.155346265585,0.000000000000,,gps_back
114.610864110979,114.204356503579,0.000000000000,,gps_back
114.601552908577,114.253469855903,0.000000000000,,gps_back
114.595035955831,114.303029612890,0.000000000000,,gps_back
114.590820134466,114.352852956289,0.000000000000,,gps_back
114.586067563996,114.402617483198,0.000000000000,,gps_back
114.579317595158,114.452160954108,0.000000000000,,gps_back
114.572298340685,114.501667203555,0.000000000000,,gps_back
114.565390917400,114.551188800654,0.000000000000,,gps_back
114.558846851249,114.600760101782,0.000000000000,,gps_back
114.552302785097,114.650331402910,0.000000000000,,gps_back
114.545533893885,114.699870644618,0.000000000000,,gps_back
114.537954727654,114.749294270273,0.000000000000,,gps_back
114.530219793003,114.798693113896,0.000000000000,,gps_back
114.521758819713,114.847971013936,0.000000000000,,gps_back
114.512388106898,114.897086474217,0.000000000000,,gps_back
114.503122154338,114.946221393479,0.000000000000,,gps_back
114.494553124890,114.995479167437,0.000000000000,,gps_back
114.487135896499,115.044927356688,0.000000000000,,gps_back
114.479768714477,115.094382934736,0.000000000000,,gps_back
114.472611126268,115.143869337941,0.000000000000,,gps_back
114.465564526287,115.193371702794,0.000000000000,,gps_back
114.458423024343,115.242860134233,0.000000000000,,gps_back
114.450916188843,115.292294772490,0.000000000000,,gps_back
114.443433321179,115.341732539003,0.000000000000,,gps_back
114.437076565778,115.391310540266,0.000000000000,,gps_back
114.433201224406,115.441161522469,0.000000000000,,gps_back
114.428912066030,115.490972436172,0.000000000000,,gps_back
114.422227232309,115.540493819688,0.000000000000,,gps_back
114.412287044668,115.589497200867,0.000000000000,,gps_back
114.402574817479,115.638544336875,0.000000000000,,gps_back
114.393954766514,115.687794017681,0.000000000000,,gps_back
114.386351696404,115.737213973390,0.000000000000,,gps_back
114.378853021946,115.786649480967,0.000000000000,,gps_back
114.371745654431,115.836143136259,0.000000000000,,gps_back
114.364723548700,115.885648981656,0.000000000000,,gps_back
114.357701442970,115.935154827052,0.000000000000,,gps_back
114.350679337244,115.984660672449,0.000000000000,,gps_back
114.343736921732,116.034177526339,0.000000000000,,gps_back
114.337689491263,116.083798339346,0.000000000000,,gps_back
114.333800490528,116.133648257807,0.000000000000,,gps_back
114.329711848901,116.183480784970,0.000000000000,,gps_back
114.324426488257,116.233193257765,0.000000000000,,gps_back
114.317404382530,116.282699103162,0.000000000000,,gps_back
114.310379890002,116.332204609742,0.000000000000,,gps_back
114.303343986380,116.381708495692,0.000000000000,,gps_back
114.296297386400,116.431210860545,0.000000000000,,gps_back
114.289254053796,116.480713690009,0.000000000000,,gps_back
114.282224332702,116.530218454444,0.000000000000,,gps_back
114.275202226971,116.579724299840,0.000000000000,,gps_back
114.268703470009,116.629291760701,0.000000000000,,gps_back
114.264209313529,116.679089708363,0.000000000000,,gps_back
114.260320312798,116.728939626825,0.000000000000,,gps_back
114.255786776530,116.778720334012,0.000000000000,,gps_back
114.248950067869,116.828252021503,0.000000000000,,gps_back
114.241927962138,116.877757866899,0.000000000000,,gps_back
114.234905856408,116.927263712295,0.000000000000,,gps_back
114.227883750681,116.976769557692,0.000000000000,,gps_back
114.220861644955,117.026275403089,0.000000000000,,gps_back
114.213839539227,117.075781248486,0.000000000000,,gps_back
114.206817433495,117.125287093882,0.000000000000,,gps_back
114.199793258334,117.174792645544,0.000000000000,,gps_back
114.192758478139,117.224296691076,0.000000000000,,gps_back
114.185711878158,117.273799055929,0.000000000000,,gps_back
114.178668230983,117.323301840707,0.000000000000,,gps_back
114.171637383665,117.372806445149,0.000000000000,,gps_back
114.164615277938,117.422312290546,0.000000000000,,gps_back
114.157593172211,117.471818135942,0.000000000000,,gps_back
114.150571066481,117.521323981339,0.000000000000,,gps_back
114.143548960750,117.570829826735,0.000000000000,,gps_back
114.136526855019,117.620335672132,0.000000000000,,gps_back
114.129504749288,117.669841517528,0.000000000000,,gps_back
114.122482643556,117.719347362924,0.000000000000,,gps_back
114.115566760227,117.768867754857,0.000000000000,,gps_back
114.109021271527,117.818438868163,0.000000000000,,gps_back
114.102477205371,117.868010169290,0.000000000000,,gps_back
114.095832892845,117.917567773747,0.000000000000,,gps_back
114.088833081576,117.967076774887,0.000000000000,,gps_back
114.081810975850,118.016582620284,0.000000000000,,gps_back
114.074788870122,118.066088465681,0.000000000000,,gps_back
114.067766764389,118.115594311077,0.000000000000,,gps_back
114.060744658657,118.165100156473,0.000000000000,,gps_back
114.053722552925,118.214606001869,0.000000000000,,gps_back
114.046700447193,118.264111847265,0.000000000000,,gps_back
114.039676179859,118.313617385835,0.000000000000,,gps_back
114.032641083770,118.363121386497,0.000000000000,,gps_back
114.025594483795,118.412623751351,0.000000000000,,gps_back
114.018550929947,118.462126549388,0.000000000000,,gps_back
114.011520397375,118.511631198546,0.000000000000,,gps_back
114.004498291644,118.561137043942,0.000000000000,,gps_back
113.997503442360,118.610646721231,0.000000000000,,gps_back
113.990614609770,118.660171283203,0.000000000000,,gps_back
113.983764720596,118.709701251056,0.000000000000,,gps_back
113.976287118958,118.759126095860,0.000000000000,,gps_back
113.966526405482,118.808165173426,0.000000000000,,gps_back
113.956418895594,118.857134316170,0.000000000000,,gps_back
113.946996398741,118.906222772417,0.000000000000,,gps_back
113.939957276552,118.955726200288,0.000000000000,,gps_back
113.932841452405,119.005218347169,0.000000000000,,gps_back
113.924848421818,119.054565702544,0.000000000000,,gps_back
113.914942097117,119.103575940538,0.000000000000,,gps_back
113.905206535008,119.152619315638,0.000000000000,,gps_back
113.896533135605,119.201854722339,0.000000000000,,gps_back
113.889486535630,119.251357087193,0.000000000000,,gps_back
113.882163737092,119.300816617032,0.000000000000,,gps_back
113.873519722837,119.350060318618,0.000000000000,,gps_back
113.863613398136,119.399070556612,0.000000000000,,gps_back
113.853682091595,119.448075715580,0.000000000000,,gps_back
113.843644365399,119.497059195233,0.000000000000,,gps_back
113.833536855507,119.546028337977,0.000000000000,,gps_back
113.823928784124,119.595088856160,0.000000000000,,gps_back
113.816276691186,119.644499309871,0.000000000000,,gps_back
113.809426802017,119.694029277725,0.000000000000,,gps_back
113.801849059756,119.743434142195,0.000000000000,,gps_back
113.791626596030,119.792378684779,0.000000000000,,gps_back
113.781063528436,119.841250818533,0.000000000000,,gps_back
113.771684721662,119.890347712268,0.000000000000,,gps_back
113.764662615931,119.939853557664,0.000000000000,,gps_back
113.757847304182,119.989386792175,0.000000000000,,gps_back
113.752168149477,120.039058233399,0.000000000000,,gps_back
113.747952328113,120.088881576799,0.000000000000,,gps_back
113.743185345783,120.138644665220,0.000000000000,,gps_back
113.736319872487,120.188170828802,0.000000000000,,gps_back
113.728783257375,120.237600807072,0.000000000000,,gps_back
113.722176062132,120.287146538365,0.000000000000,,gps_back
113.717960240768,120.336969881765,0.000000000000,,gps_back
113.713326986967,120.386750127020,0.000000000000,,gps_back
113.706818265355,120.436318835368,0.000000000000,,gps_back
113.698765130704,120.485667449523,0.000000000000,,gps_back
113.690703478258,120.535014671149,0.000000000000,,gps_back
113.682617812368,120.584357965571,0.000000000000,,gps_back
113.674603037244,120.633712647493,0.000000000000,,gps_back
113.666867389138,120.683111970629,0.000000000000,,gps_back
113.659254544670,120.732530418252,0.000000000000,,gps_back
113.650910162527,120.781813293727,0.000000000000,,gps_back
113.640202614171,120.830654742369,0.000000000000,,gps_back
113.629758226301,120.879550643523,0.000000000000,,gps_back
113.620692761065,120.928714926236,0.000000000000,,gps_back
113.613275532679,120.978163115488,0.000000000000,,gps_back
113.605827572797,121.027606652305,0.000000000000,,gps_back
113.598264200885,121.077032694269,0.000000000000,,gps_back
113.590665058963,121.126453253616,0.000000000000,,gps_back
113.583117744553,121.175881702994,0.000000000000,,gps_back
113.575700516167,121.225329892247,0.000000000000,,gps_back
113.568325161255,121.274784283321,0.000000000000,,gps_back
113.561139493509,121.324266570810,0.000000000000,,gps_back
113.554117387777,121.373772416207,0.000000000000,,gps_back
113.547489858364,121.423327251796,0.000000000000,,gps_back
113.542440154626,121.473070899913,0.000000000000,,gps_back
113.538220494416,121.522893917838,0.000000000000,,gps_back
113.533348456167,121.572643384031,0.000000000000,,gps_back
113.526326350436,121.622149229428,0.000000000000,,gps_back
113.519405430616,121.671668967888,0.000000000000,,gps_back
113.513367399697,121.721294367198,0.000000000000,,gps_back
113.509151578334,121.771117710598,0.000000000000,,gps_back
113.504581946751,121.820905587619,0.000000000000,,gps_back
113.498533768524,121.870536931901,0.000000000000,,gps_back
113.491511662793,121.920042777297,0.000000000000,,gps_back
113.484395974961,121.969534955773,0.000000000000,,gps_back
113.476926879736,122.018975281715,0.000000000000,,gps_back
113.469326791557,122.068395695782,0.000000000000,,gps_back
113.461776448050,122.117823679713,0.000000000000,,gps_back
113.454359219659,122.167271868965,0.000000000000,,gps_back
113.446982035442,122.216725992804,0.000000000000,,gps_back
113.439789743196,122.266207310455,0.000000000000,,gps_back
113.432767637465,122.315713155851,0.000000000000,,gps_back
113.425241671595,122.365136084854,0.000000000000,,gps_back
113.415684428504,122.414211378729,0.000000000000,,gps_back
113.404976880145,122.463052827371,0.000000000000,,gps_back
113.394975908404,122.512026260259,0.000000000000,,gps_back
113.387382851105,122.561447659260,0.000000000000,,gps_back
113.379777509030,122.610866043229,0.000000000000,,gps_back
113.371111937823,122.660104232259,0.000000000000,,gps_back
113.361004427935,122.709073375004,0.000000000000,,gps_back
113.351485003861,122.758148142537,0.000000000000,,gps_back
113.344704321714,122.807666910620,0.000000000000,,gps_back
113.340504538750,122.857491608515,0.000000000000,,gps_back
113.335769291173,122.907258684187,0.000000000000,,gps_back
113.329149723021,122.956819452724,0.000000000000,,gps_back
113.322127617290,123.006325298120,0.000000000000,,gps_back
113.314266236952,123.055680632693,0.000000000000,,gps_back
113.303617786896,123.104534968324,0.000000000000,,gps_back
113.293368278697,123.153465962342,0.000000000000,,gps_back
113.285865541250,123.202859880356,0.000000000000,,gps_back
113.281976540519,123.252709798818,0.000000000000,,gps_back
113.277665700212,123.302519161972,0.000000000000,,gps_back
113.271538382884,123.352137051674,0.000000000000,,gps_back
113.263963773549,123.401561377575,0.000000000000,,gps_back
113.257124176530,123.451074881895,0.000000000000,,gps_back
113.252795972899,123.500887983718,0.000000000000,,gps_back
113.248893046754,123.550736807532,0.000000000000,,gps_back
113.244079785154,123.600481396479,0.000000000000,,gps_back
113.236476715044,123.649901352187,0.000000000000,,gps_back
113.228924380919,123.699329000917,0.000000000000,,gps_back
113.221616616728,123.748793267462,0.000000000000,,gps_back
113.214570016753,123.798295632315,0.000000000000,,gps_back
113.207478995129,123.847791587896,0.000000000000,,gps_back
113.200208058492,123.897261454729,0.000000000000,,gps_back
113.192818626765,123.946713805493,0.000000000000,,gps_back
113.185502933656,123.996176937630,0.000000000000,,gps_back
113.178432260797,124.045675867912,0.000000000000,,gps_back
113.171434741427,124.095185114607,0.000000000000,,gps_back
113.165253048927,124.144788704544,0.000000000000,,gps_back
113.161188418335,124.194624610029,0.000000000000,,gps_back
113.156789186502,124.244428443578,0.000000000000,,gps_back
113.150257173497,124.293964510070,0.000000000000,,gps_back
113.140350848794,124.342974748063,0.000000000000,,gps_back
113.130693557083,124.392032571369,0.000000000000,,gps_back
113.122271190110,124.441313109693,0.000000000000,,gps_back
113.115249084379,124.490818955089,0.000000000000,,gps_back
113.108225474275,124.540324587002,0.000000000000,,gps_back
113.101195653649,124.589829337408,0.000000000000,,gps_back
113.094161321903,124.639333447077,0.000000000000,,gps_back
113.087126990157,124.688837556747,0.000000000000,,gps_back
113.080092658412,124.738341666417,0.000000000000,,gps_back
113.073058326666,124.787845776087,0.000000000000,,gps_back
113.066060509419,124.837355016830,0.000000000000,,gps_back
113.059186580024,124.886881652160,0.000000000000,,gps_back
113.052336690854,124.936411620015,0.000000000000,,gps_back
113.044722420376,124.985810461851,0.000000000000,,gps_back
113.034659265252,125.034788732159,0.000000000000,,gps_back
113.024634471516,125.083774643651,0.000000000000,,gps_back
113.015528291541,125.132925544628,0.000000000000,,gps_back
113.008506185814,125.182431390025,0.000000000000,,gps_back
113.001300886913,125.231909801885,0.000000000000,,gps_back
112.993005483969,125.281209710913,0.000000000000,,gps_back
112.983099159268,125.330219948907,0.000000000000,,gps_back
112.973459837942,125.379281009998,0.000000000000,,gps_back
112.965092707336,125.428571413314,0.000000000000,,gps_back
112.958070601605,125.478077258710,0.000000000000,,gps_back
112.950564641959,125.527504360487,0.000000000000,,gps_back
112.941115258819,125.576599087130,0.000000000000,,gps_back
112.930368274925,125.625431873600,0.000000000000,,gps_back
112.920416757153,125.674411893983,0.000000000000,,gps_back
112.913075033345,125.723871014931,0.000000000000,,gps_back
112.906017803552,125.773371825446,0.000000000000,,gps_back
112.897996194914,125.822701567058,0.000000000000,,gps_back
112.887288646558,125.871543015700,0.000000000000,,gps_back
112.876650927157,125.920399556405,0.000000000000,,gps_back
112.866348149669,125.969327542857,0.000000000000,,gps_back
112.856407962026,126.018330924035,0.000000000000,,gps_back
112.846777833309,126.067392988930,0.000000000000,,gps_back
112.838421756989,126.116688286724,0.000000000000,,gps_back
112.831004528604,126.166136475977,0.000000000000,,gps_back
112.823671454986,126.215596985769,0.000000000000,,gps_back
112.816613791444,126.265097770323,0.000000000000,,gps_back
112.809561954481,126.314599360828,0.000000000000,,gps_back
112.801555465104,126.363931211798,0.000000000000,,gps_back
112.790847916748,126.412772660441,0.000000000000,,gps_back
112.780418181137,126.461671606860,0.000000000000,,gps_back
112.771333325048,126.510833387177,0.000000000000,,gps_back
112.763730254937,126.560253342885,0.000000000000,,gps_back
112.756160549663,126.609678384086,0.000000000000,,gps_back
112.748706837604,126.659121082622,0.000000000000,,gps_back
112.741271465365,126.708566536249,0.000000000000,,gps_back
112.733635507327,126.757980750168,0.000000000000,,gps_back
112.725549841435,126.807324044590,0.000000000000,,gps_back
112.717018463834,126.856585718885,0.000000000000,,gps_back
112.706903938354,126.905552211028,0.000000000000,,gps_back
112.696219970334,126.954398804637,0.000000000000,,gps_back
112.686202081457,127.003374774006,0.000000000000,,gps_back
112.678032218833,127.052704197701,0.000000000000,,gps_back
112.669862356209,127.102033621395,0.000000000000,,gps_back
112.661692493585,127.151363045089,0.000000000000,,gps_back
112.653458509939,127.200681672674,0.000000000000,,gps_back
112.644774247222,127.249921092562,0.000000000000,,gps_back
112.635309676576,127.299018552779,0.000000000000,,gps_back
112.625845105930,127.348116012997,0.000000000000,,gps_back
112.616380535284,127.397213473214,0.000000000000,,gps_back
112.606981389617,127.446323359575,0.000000000000,,gps_back
112.598218282583,127.495544782760,0.000000000000,,gps_back
112.590801054196,127.544992972012,0.000000000000,,gps_back
112.583302063922,127.594428612350,0.000000000000,,gps_back
112.575467744439,127.643812226244,0.000000000000,,gps_back
112.567392774900,127.693157268533,0.000000000000,,gps_back
112.559457747110,127.742524643813,0.000000000000,,gps_back
112.551854677000,127.791944599521,0.000000000000,,gps_back
112.543818662141,127.841289917829,0.000000000000,,gps_back
112.533930493328,127.890295403355,0.000000000000,,gps_back
112.522504141403,127.938973683734,0.000000000000,,gps_back
112.512809073050,127.987937797280,0.000000000000,,gps_back
112.508225811502,128.037728684106,0.000000000000,,gps_back
112.502718296854,128.087398756706,0.000000000000,,gps_back
112.493774116327,128.136582978149,0.000000000000,,gps_back
112.483066567971,128.185424426792,0.000000000000,,gps_back
112.472974176552,128.234384404436,0.000000000000,,gps_back
112.464797094384,128.283712603495,0.000000000000,,gps_back
112.457226706615,128.333129180238,0.000000000000,,gps_back
112.451673324538,128.382815255469,0.000000000000,,gps_back
112.447457503175,128.432638598869,0.000000000000,,gps_back
112.441528330193,128.482194735641,0.000000000000,,gps_back
112.430251184077,128.530907336671,0.000000000000,,gps_back
112.419115087413,128.579644380003,0.000000000000,,gps_back
112.410074047208,128.628812145605,0.000000000000,,gps_back
112.402684615481,128.678264496369,0.000000000000,,gps_back
112.395250209890,128.727710042751,0.000000000000,,gps_back
112.387671727257,128.777133772816,0.000000000000,,gps_back
112.380078645929,128.826555261104,0.000000000000,,gps_back
112.372551969760,128.875986868284,0.000000000000,,gps_back
112.365134741369,128.925435057536,0.000000000000,,gps_back
112.357619872580,128.974868203836,0.000000000000,,gps_back
112.349741389399,129.024244854426,0.000000000000,,gps_back
112.341676772350,129.073591579497,0.000000000000,,gps_back
112.333774722388,129.122964304477,0.000000000000,,gps_back
112.326171652277,129.172384260185,0.000000000000,,gps_back
112.318146622702,129.221731844062,0.000000000000,,gps_back
112.308496218919,129.270789176830,0.000000000000,,gps_back
112.297788670563,129.319630625473,0.000000000000,,gps_back
112.287658072389,129.368584371172,0.000000000000,,gps_back
112.279341698516,129.417889121861,0.000000000000,,gps_back
112.271710026366,129.467298261459,0.000000000000,,gps_back
112.265957265617,129.516959588173,0.000000000000,,gps_back
112.261741444253,129.566782931572,0.000000000000,,gps_back
112.256525741057,129.616480946257,0.000000000000,,gps_back
112.248155470289,129.665775973036,0.000000000000,,gps_back
112.239435868449,129.715010707250,0.000000000000,,gps_back
112.231155294705,129.764321534906,0.000000000000,,gps_back
112.223071660731,129.813665162117,0.000000000000,,gps_back
112.215000329360,129.863010802128,0.000000000000,,gps_back
112.206947615430,129.912359484944,0.000000000000,,gps_back
112.198150826078,129.961563544779,0.000000000000,,gps_back
112.186974589964,130.010299080515,0.000000000000,,gps_back
112.175970640021,130.059061454993,0.000000000000,,gps_back
112.167963058268,130.108381731233,0.000000000000,,gps_back
112.162942853524,130.158129219152,0.000000000000,,gps_back
112.156493097814,130.207692073636,0.000000000000,,gps_back
112.147610780867,130.256898202626,0.000000000000,,gps_back
112.139766306725,130.306248163866,0.000000000000,,gps_back
112.134949963384,130.356017045048,0.000000000000,,gps_back
112.129140344771,130.405650076471,0.000000000000,,gps_back
112.120202065680,130.454844662958,0.000000000000,,gps_back
112.111599583428,130.504072378255,0.000000000000,,gps_back
112.105999183328,130.553758055361,0.000000000000,,gps_back
112.100903893094,130.603499072512,0.000000000000,,gps_back
112.095629989463,130.653221526413,0.000000000000,,gps_back
112.089529198275,130.702832636991,0.000000000000,,gps_back
112.080922027563,130.752084332236,0.000000000000,,gps_back
112.072215914326,130.801299698451,0.000000000000,,gps_back
112.066359377421,130.850953100000,0.000000000000,,gps_back
112.060996254649,130.900657228659,0.000000000000,,gps_back
112.053563413139,130.950095880747,0.000000000000,,gps_back
112.045069129201,130.999366797254,0.000000000000,,gps_back
112.038328990841,131.048895462691,0.000000000000,,gps_back
112.033726634705,131.098684588163,0.000000000000,,gps_back
112.029072670024,131.148468838888,0.000000000000,,gps_back
112.024267215589,131.198238772213,0.000000000000,,gps_back
112.019496216300,131.248011961050,0.000000000000,,gps_back
112.014869978794,131.297798866686,0.000000000000,,gps_back
112.010265515318,131.347587784291,0.000000000000,,gps_back
112.005561225396,131.397367337569,0.000000000000,,gps_back
112.000744882060,131.447136218752,0.000000000000,,gps_back
111.995928538722,131.496905099934,0.000000000000,,gps_back
111.991112195380,131.546673981116,0.000000000000,,gps_back
111.985251410917,131.596298679704,0.000000000000,,gps_back
111.976394150106,131.645509322484,0.000000000000,,gps_back
111.967681281551,131.694744858303,0.000000000000,,gps_back
111.959502766392,131.744072790553,0.000000000000,,gps_back
111.951763272145,131.793468662207,0.000000000000,,gps_back
111.945445684942,131.843061255585,0.000000000000,,gps_back
111.940423227176,131.892808528700,0.000000000000,,gps_back
111.933961096572,131.942369311278,0.000000000000,,gps_back
111.925076723611,131.991575069218,0.000000000000,,gps_back
111.917191496436,132.040921480334,0.000000000000,,gps_back
111.912146591345,132.090667712645,0.000000000000,,gps_back
111.907090787133,132.140412834016,0.000000000000,,gps_back
111.901997016793,132.190154086305,0.000000000000,,gps_back
111.896058461343,132.239781147616,0.000000000000,,gps_back
111.887604057237,132.289062040508,0.000000000000,,gps_back
111.879353047948,132.338367573287,0.000000000000,,gps_back
111.873102813670,132.387973873019,0.000000000000,,gps_back
111.867633705611,132.437674873960,0.000000000000,,gps_back
111.861787369759,132.487333221990,0.000000000000,,gps_back
111.854918578095,132.536838056924,0.000000000000,,gps_back
111.845512941509,132.585946747539,0.000000000000,,gps_back
111.836997883584,132.635185477754,0.000000000000,,gps_back
111.831497183383,132.684883297178,0.000000000000,,gps_back
111.826042566315,132.734585981411,0.000000000000,,gps_back
111.819974506136,132.784214671709,0.000000000000,,gps_back
111.811998223119,132.833547563199,0.000000000000,,gps_back
111.801864332579,132.882500774874,0.000000000000,,gps_back
111.794049524978,132.931875364477,0.000000000000,,gps_back
111.788051809293,132.981515730941,0.000000000000,,gps_back
111.782033379092,133.031153591270,0.000000000000,,gps_back
111.776090002829,133.080800303043,0.000000000000,,gps_back
111.770398339743,133.130476677229,0.000000000000,,gps_back
111.764843403737,133.180168393874,0.000000000000,,gps_back
111.759187182903,133.229846227580,0.000000000000,,gps_back
111.751876562209,133.279291325490,0.000000000000,,gps_back
111.742366690254,133.328379945390,0.000000000000,,gps_back
111.733143375714,133.377522755638,0.000000000000,,gps_back
111.724383072919,133.426750546404,0.000000000000,,gps_back
111.716840118869,133.476152105044,0.000000000000,,gps_back
111.712023775527,133.525920986226,0.000000000000,,gps_back
111.706237034893,133.575559613175,0.000000000000,,gps_back
111.697650924708,133.624817955478,0.000000000000,,gps_back
111.688773966119,133.674025049950,0.000000000000,,gps_back
111.679920646234,133.723236404297,0.000000000000,,gps_back
111.671608816859,133.772533930914,0.000000000000,,gps_back
111.665310110362,133.822128859583,0.000000000000,,gps_back
111.660087868243,133.871852163823,0.000000000000,,gps_back
111.652885544389,133.921311022229,0.000000000000,,gps_back
111.643382041596,133.970400855583,0.000000000000,,gps_back
111.634165476799,134.019545051581,0.000000000000,,gps_back
111.625282569588,134.068751074085,0.000000000000,,gps_back
111.616412814725,134.117959466762,0.000000000000,,gps_back
111.607568099642,134.167172368652,0.000000000000,,gps_back
111.599594287412,134.216512349505,0.000000000000,,gps_back
111.594069959617,134.266207517824,0.000000000000,,gps_back
111.587620942559,134.315757394515,0.000000000000,,gps_back
111.578141663596,134.364851989429,0.000000000000,,gps_back
111.568513842598,134.413917579839,0.000000000000,,gps_back
111.558710303697,134.462948481522,0.000000000000,,gps_back
111.549209118343,134.512036186679,0.000000000000,,gps_back
111.540543177893,134.561280883563,0.000000000000,,gps_back
111.531633714372,134.610480364406,0.000000000000,,gps_back
111.521991376321,134.659543118405,0.000000000000,,gps_back
111.512443062206,134.708622443070,0.000000000000,,gps_back
111.503658306722,134.757845985328,0.000000000000,,gps_back
111.494839654069,134.807062484985,0.000000000000,,gps_back
111.485368357090,134.856158214555,0.000000000000,,gps_back
111.475753050309,134.905225325983,0.000000000000,,gps_back
111.466774459649,134.954413597768,0.000000000000,,gps_back
111.457978947556,135.003634817706,0.000000000000,,gps_back
111.448648583226,135.052757083866,0.000000000000,,gps_back
111.438871187946,135.101793181830,0.000000000000,,gps_back
111.429208334944,135.150851965436,0.000000000000,,gps_back
111.419732125200,135.199946958618,0.000000000000,,gps_back
111.410600562538,135.249107126411,0.000000000000,,gps_back
111.401415541809,135.298254315742,0.000000000000,,gps_back
111.390291467968,135.346972414545,0.000000000000,,gps_back
111.376442555011,135.395017657005,0.000000000000,,gps_back
111.362704114586,135.443094502834,0.000000000000,,gps_back
111.349337394238,135.491274839714,0.000000000000,,gps_back
111.337340702389,135.539796488062,0.000000000000,,gps_back
111.327071238427,135.588725698825,0.000000000000,,gps_back
111.313892090451,135.636875814407,0.000000000000,,gps_back
111.296645189424,135.683804328661,0.000000000000,,gps_back
111.282616320867,135.731649118776,0.000000000000,,gps_back
111.274530654975,135.780992413198,0.000000000000,,gps_back
111.264531348603,135.829879204869,0.000000000000,,gps_back
111.248784628321,135.877321883234,0.000000000000,,gps_back
111.231914065792,135.924377787126,0.000000000000,,gps_back
111.217115590888,135.972135274418,0.000000000000,,gps_back
111.201374112818,136.019485360896,0.000000000000,,gps_back
111.179722790681,136.064516468600,0.000000000000,,gps_back
111.155534515278,136.108277277623,0.000000000000,,gps_back
111.131871384943,136.152323575446,0.000000000000,,gps_back
111.108948772859,136.196758699239,0.000000000000,,gps_back
111.086972417918,136.241668691464,0.000000000000,,gps_back
111.065447087701,136.286796698631,0.000000000000,,gps_back
111.042601836362,136.331261516162,0.000000000000,,gps_back
111.018216394683,136.374913266661,0.000000000000,,gps_back
110.993136622228,136.418158887644,0.000000000000,,gps_back
110.966720648582,136.460612803546,0.000000000000,,gps_back
110.940247841601,136.503031215213,0.000000000000,,gps_back
110.913733780260,136.545423711009,0.000000000000,,gps_back
110.888894699666,136.588736921815,0.000000000000,,gps_back
110.867762694748,136.634053332369,0.000000000000,,gps_back
110.844342265639,136.678031881427,0.000000000000,,gps_back
110.815033983614,136.718541546596,0.000000000000,,gps_back
110.784928459501,136.758458305340,0.000000000000,,gps_back
110.753678206001,136.797486152807,0.000000000000,,gps_back
110.722167431945,136.836295996047,0.000000000000,,gps_back
110.692284972864,136.876378215864,0.000000000000,,gps_back
110.662702432192,136.916667968194,0.000000000000,,gps_back
110.631203810762,136.955497057562,0.000000000000,,gps_back
110.599129487763,136.993855374785,0.000000000000,,gps_back
110.567225783853,137.032355906623,0.000000000000,,gps_back
110.535331261644,137.070863992835,0.000000000000,,gps_back
110.503340090306,137.109291891631,0.000000000000,,gps_back
110.471368346079,137.147735879143,0.000000000000,,gps_back
110.439496251439,137.186262599072,0.000000000000,,gps_back
110.407597267547,137.224766970968,0.000000000000,,gps_back
110.375595180955,137.263185782852,0.000000000000,,gps_back
110.342883336423,137.300973516319,0.000000000000,,gps_back
110.308433757456,137.337213874223,0.000000000000,,gps_back
110.273970028549,137.373440732794,0.000000000000,,gps_back
110.239587932371,137.409745141865,0.000000000000,,gps_back
110.204664475936,137.445508512343,0.000000000000,,gps_back
110.168303379653,137.479829977704,0.000000000000,,gps_back
110.131406662182,137.513568152331,0.000000000000,,gps_back
110.093613366891,137.546304592809,0.000000000000,,gps_back
110.055509760147,137.578681034165,0.000000000000,,gps_back
110.017655636333,137.611348134293,0.000000000000,,gps_back
109.980061608298,137.644315205037,0.000000000000,,gps_back
109.941802912866,137.676466543440,0.000000000000,,gps_back
109.901727762358,137.706364057848,0.000000000000,,gps_back
109.861102076175,137.735512780910,0.000000000000,,gps_back
109.820232437094,137.764318864665,0.000000000000,,gps_back
109.779229094582,137.792934672585,0.000000000000,,gps_back
109.737682865180,137.820714578772,0.000000000000,,gps_back
109.694842900535,137.846499770772,0.000000000000,,gps_back
109.651819500231,137.871971424251,0.000000000000,,gps_back
109.608203145608,137.896415823263,0.000000000000,,gps_back
109.564149414640,137.920066139129,0.000000000000,,gps_back
109.519750572004,137.943057772226,0.000000000000,,gps_back
109.474985621206,137.965334169540,0.000000000000,,gps_back
109.429884995637,137.986887136460,0.000000000000,,gps_back
109.383964921735,138.006673116551,0.000000000000,,gps_back
109.338053346654,138.026478628940,0.000000000000,,gps_back
109.292198821082,138.046416057143,0.000000000000,,gps_back
109.246201911157,138.066013511315,0.000000000000,,gps_back
109.199800920367,138.084642969568,0.000000000000,,gps_back
109.153113199766,138.102523378464,0.000000000000,,gps_back
109.105816207388,138.118726483665,0.000000000000,,gps_back
109.058307221070,138.134294564731,0.000000000000,,gps_back
109.011393602840,138.151573162843,0.000000000000,,gps_back
108.964801792757,138.169711306685,0.000000000000,,gps_back
108.917478490068,138.185723841879,0.000000000000,,gps_back
108.869190206648,138.198699988521,0.000000000000,,gps_back
108.820640040045,138.210516986485,0.000000000000,,gps_back
108.771433024662,138.219390361397,0.000000000000,,gps_back
108.722153647047,138.227856862395,0.000000000000,,gps_back
108.672874269431,138.236323363392,0.000000000000,,gps_back
108.623538564493,138.244436388321,0.000000000000,,gps_back
108.573957453250,138.250723638060,0.000000000000,,gps_back
108.524112526247,138.254676099241,0.000000000000,,gps_back
108.474432672118,138.259951291806,0.000000000000,,gps_back
108.425147563592,138.268384339299,0.000000000000,,gps_back
108.375734209299,138.275879241238,0.000000000000,,gps_back
108.325962642529,138.280617509975,0.000000000000,,gps_back
108.276097050816,138.284300093756,0.000000000000,,gps_back
108.226233084137,138.288004570783,0.000000000000,,gps_back
108.176371326322,138.291738711235,0.000000000000,,gps_back
108.126469325074,138.294168853177,0.000000000000,,gps_back
108.076472925912,138.293466769277,0.000000000000,,gps_back
108.026478256415,138.292647184538,0.000000000000,,gps_back
107.976483586918,138.291827599793,0.000000000000,,gps_back
107.926489002584,138.291002874249,0.000000000000,,gps_back
107.876495683669,138.290108964687,0.000000000000,,gps_back
107.826504878079,138.289080347287,0.000000000000,,gps_back
107.776554315696,138.287222373740,0.000000000000,,gps_back
107.726739241408,138.282964017525,0.000000000000,,gps_back
107.677019465491,138.277664717930,0.000000000000,,gps_back
107.627300560222,138.272357261580,0.000000000000,,gps_back
107.577582949970,138.267037681881,0.000000000000,,gps_back
107.528004228730,138.260732241095,0.000000000000,,gps_back
107.478811475210,138.251789921028,0.000000000000,,gps_back
107.429747986329,138.242151120200,0.000000000000,,gps_back
107.380636167986,138.232763600255,0.000000000000,,gps_back
107.331465695061,138.223685974483,0.000000000000,,gps_back
107.282483312994,138.213736096305,0.000000000000,,gps_back
107.234074173599,138.201243283866,0.000000000000,,gps_back
107.185975980201,138.187579375169,0.000000000000,,gps_back
107.137895729902,138.173852679394,0.000000000000,,gps_back
107.089848157942,138.160011815042,0.000000000000,,gps_back
107.041803233055,138.146161772538,0.000000000000,,gps_back
106.993766404720,138.132283670782,0.000000000000,,gps_back
106.945711718666,138.118468082321,0.000000000000,,gps_back
106.897308963182,138.106078276825,0.000000000000,,gps_back
106.848217393585,138.096583199585,0.000000000000,,gps_back
106.798998565514,138.087850821151,0.000000000000,,gps_back
106.749416978199,138.081439687410,0.000000000000,,gps_back
106.699681008916,138.076294587139,0.000000000000,,gps_back
106.650140442417,138.069832139976,0.000000000000,,gps_back
106.601062837629,138.060265498797,0.000000000000,,gps_back
106.551812120031,138.051864835824,0.000000000000,,gps_back
106.502017182474,138.047852740698,0.000000000000,,gps_back
106.452022543354,138.047031309711,0.000000000000,,gps_back
106.402028693521,138.046165300639,0.000000000000,,gps_back
106.352036479147,138.045207595381,0.000000000000,,gps_back
106.302066322101,138.043671160356,0.000000000000,,gps_back
106.252208346312,138.040063444454,0.000000000000,,gps_back
106.202490736061,138.034743864754,0.000000000000,,gps_back
106.152689164433,138.030748217209,0.000000000000,,gps_back
106.102697576616,138.029758574252,0.000000000000,,gps_back
106.052723383491,138.028295419974,0.000000000000,,gps_back
106.002855624787,138.024861664929,0.000000000000,,gps_back
105.953135712826,138.019563641533,0.000000000000,,gps_back
105.903569193928,138.013188845858,0.000000000000,,gps_back
105.854363417225,138.004305553956,0.000000000000,,gps_back
105.805260057837,137.994886099323,0.000000000000,,gps_back
105.756514426446,137.983830807122,0.000000000000,,gps_back
105.708232299256,137.970831772878,0.000000000000,,gps_back
105.659982958912,137.957712882969,0.000000000000,,gps_back
105.611830522355,137.944242000172,0.000000000000,,gps_back
105.563706027720,137.930671696573,0.000000000000,,gps_back
105.515220240027,137.918625275072,0.000000000000,,gps_back
105.466049767102,137.909547649299,0.000000000000,,gps_back
105.416881075049,137.900460394231,0.000000000000,,gps_back
105.367718846026,137.891338249634,0.000000000000,,gps_back
105.318562164105,137.882186237842,0.000000000000,,gps_back
105.269405482184,137.873034226049,0.000000000000,,gps_back
105.220248800264,137.863882214257,0.000000000000,,gps_back
105.171064277270,137.854884061997,0.000000000000,,gps_back
105.121660194613,137.847374195642,0.000000000000,,gps_back
105.071905071160,137.842417746560,0.000000000000,,gps_back
105.022226518508,137.836826076691,0.000000000000,,gps_back
104.972823472784,137.829175102671,0.000000000000,,gps_back
104.923652999860,137.820097476898,0.000000000000,,gps_back
104.874513324070,137.810857858239,0.000000000000,,gps_back
104.825447565934,137.801230383391,0.000000000000,,gps_back
104.776299232800,137.792068412036,0.000000000000,,gps_back
104.726822912935,137.784964439264,0.000000000000,,gps_back
104.677086943652,137.779819338993,0.000000000000,,gps_back
104.627521099453,137.773482133509,0.000000000000,,gps_back
104.578407840338,137.764118526652,0.000000000000,,gps_back
104.529326398088,137.754637174982,0.000000000000,,gps_back
104.479827427391,137.747697368257,0.000000000000,,gps_back
104.430072303938,137.742740919175,0.000000000000,,gps_back
104.380332564800,137.737637091283,0.000000000000,,gps_back
104.330629761181,137.732181084582,0.000000000000,,gps_back
104.280995404703,137.726176737179,0.000000000000,,gps_back
104.231623536638,137.718351054414,0.000000000000,,gps_back
104.182531967043,137.708855977164,0.000000000000,,gps_back
104.133451284338,137.699305152145,0.000000000000,,gps_back
104.084395384037,137.689627483260,0.000000000000,,gps_back
104.035232553006,137.680555659359,0.000000000000,,gps_back
103.985725949775,137.673644063760,0.000000000000,,gps_back
103.935989980492,137.668498963489,0.000000000000,,gps_back
103.886391064285,137.662346819552,0.000000000000,,gps_back
103.837130635154,137.653777963413,0.000000000000,,gps_back
103.787951421946,137.644748091169,0.000000000000,,gps_back
103.738711574980,137.636062051278,0.000000000000,,gps_back
103.689381531914,137.627895929284,0.000000000000,,gps_back
103.640059480881,137.619681983801,0.000000000000,,gps_back
103.590797199873,137.611124098452,0.000000000000,,gps_back
103.541626726949,137.602046472679,0.000000000000,,gps_back
103.492439176479,137.593062941940,0.000000000000,,gps_back
103.443199585208,137.584368993137,0.000000000000,,gps_back
103.393927260698,137.575861541422,0.000000000000,,gps_back
103.344536121356,137.568167776597,0.000000000000,,gps_back
103.294850532599,137.562580807128,0.000000000000,,gps_back
103.245083315376,137.557747300418,0.000000000000,,gps_back
103.195440202883,137.551946302552,0.000000000000,,gps_back
103.146080267877,137.543964180092,0.000000000000,,gps_back
103.096754691993,137.535771118336,0.000000000000,,gps_back
103.047436562557,137.527533616323,0.000000000000,,gps_back
102.998135127215,137.519196522412,0.000000000000,,gps_back
102.948835151036,137.510850802185,0.000000000000,,gps_back
102.899535174858,137.502505081958,0.000000000000,,gps_back
102.850235198679,137.494159361732,0.000000000000,,gps_back
102.800936142923,137.485808210103,0.000000000000,,gps_back
102.751646923982,137.477399468887,0.000000000000,,gps_back
102.702374599472,137.468892017172,0.000000000000,,gps_back
102.653097397372,137.460412968580,0.000000000000,,gps_back
102.603797680116,137.452066394320,0.000000000000,,gps_back
102.554472104232,137.443873332562,0.000000000000,,gps_back
102.505146528347,137.435680270805,0.000000000000,,gps_back
102.455820952463,137.427487209048,0.000000000000,,gps_back
102.406495376578,137.419294147291,0.000000000000,,gps_back
102.357169369045,137.411103685571,0.000000000000,,gps_back
102.307841446905,137.402924766545,0.000000000000,,gps_back
102.258511403840,137.394758644551,0.000000000000,,gps_back
102.209179196725,137.386605629199,0.000000000000,,gps_back
102.159837419295,137.378510834322,0.000000000000,,gps_back
102.110485070008,137.370480621554,0.000000000000,,gps_back
102.061135380630,137.362434114856,0.000000000000,,gps_back
102.011797249958,137.354317170323,0.000000000000,,gps_back
101.962471674073,137.346124108566,0.000000000000,,gps_back
101.913092645007,137.338276305547,0.000000000000,,gps_back
101.863511818954,137.331893234207,0.000000000000,,gps_back
101.813744601730,137.327059727497,0.000000000000,,gps_back
101.764050299348,137.321603326282,0.000000000000,,gps_back
101.714596972201,137.314264944830,0.000000000000,,gps_back
101.665324647691,137.305757493115,0.000000000000,,gps_back
101.616040191437,137.297321266373,0.000000000000,,gps_back
101.566724976383,137.289066182505,0.000000000000,,gps_back
101.517399400498,137.280873120747,0.000000000000,,gps_back
101.468092791671,137.272568326875,0.000000000000,,gps_back
101.418834266326,137.263981579303,0.000000000000,,gps_back
101.369591940378,137.255302176528,0.000000000000,,gps_back
101.320333078998,137.246718283629,0.000000000000,,gps_back
101.271037065142,137.238349206481,0.000000000000,,gps_back
101.221737088963,137.230003486260,0.000000000000,,gps_back
101.172437112784,137.221657766038,0.000000000000,,gps_back
101.123137136604,137.213312045817,0.000000000000,,gps_back
101.073859442014,137.204837893662,0.000000000000,,gps_back
101.024932144589,137.194731731246,0.000000000000,,gps_back
100.976650017399,137.181732697001,0.000000000000,,gps_back
100.928227753657,137.169294388840,0.000000000000,,gps_back
100.879330211179,137.158927518484,0.000000000000,,gps_back
100.830057886669,137.150420066768,0.000000000000,,gps_back
100.780803983067,137.141807996413,0.000000000000,,gps_back
100.731603355844,137.132896004157,0.000000000000,,gps_back
100.682432882920,137.123818378385,0.000000000000,,gps_back
100.633270628709,137.114696581411,0.000000000000,,gps_back
100.584126432788,137.105477759411,0.000000000000,,gps_back
100.534981162530,137.096264685047,0.000000000000,,gps_back
100.485824312588,137.087113719245,0.000000000000,,gps_back
100.436653839663,137.078036093473,0.000000000000,,gps_back
100.387352619169,137.069787758471,0.000000000000,,gps_back
100.337717517312,137.063789867617,0.000000000000,,gps_back
100.287962381739,137.058833540201,0.000000000000,,gps_back
100.238205215430,137.053897729893,0.000000000000,,gps_back
100.188443817177,137.049004679604,0.000000000000,,gps_back
100.138682418923,137.044111629316,0.000000000000,,gps_back
100.088921020669,137.039218579028,0.000000000000,,gps_back
100.039159622415,137.034325528740,0.000000000000,,gps_back
99.989341787351,137.030189620613,0.000000000000,,gps_back
99.939386698158,137.028179616882,0.000000000000,,gps_back
99.889393396522,137.027280456780,0.000000000000,,gps_back
99.839580291494,137.024250487579,0.000000000000,,gps_back
99.790229568310,137.016243368889,0.000000000000,,gps_back
99.741054914093,137.007188435319,0.000000000000,,gps_back
99.691895511632,136.998051461809,0.000000000000,,gps_back
99.642759118143,136.988791141498,0.000000000000,,gps_back
99.593505108387,136.980241171989,0.000000000000,,gps_back
99.543922849944,136.973858214938,0.000000000000,,gps_back
99.494167726491,136.968901765856,0.000000000000,,gps_back
99.444575893974,136.962754158031,0.000000000000,,gps_back
99.395349499846,136.953987599966,0.000000000000,,gps_back
99.346173231100,136.944941542361,0.000000000000,,gps_back
99.296967353004,136.936058993867,0.000000000000,,gps_back
99.247725027056,136.927379591092,0.000000000000,,gps_back
99.198492422129,136.918645580245,0.000000000000,,gps_back
99.149293621380,136.909723437784,0.000000000000,,gps_back
99.100123148455,136.900645812012,0.000000000000,,gps_back
99.050926704346,136.891712496854,0.000000000000,,gps_back
99.001669322699,136.883119163628,0.000000000000,,gps_back
98.952396998188,136.874611711923,0.000000000000,,gps_back
98.903134014544,136.866050694074,0.000000000000,,gps_back
98.853890782746,136.857376432941,0.000000000000,,gps_back
98.804647146656,136.848704473310,0.000000000000,,gps_back
98.755392332025,136.840096517770,0.000000000000,,gps_back
98.706120007515,136.831589066055,0.000000000000,,gps_back
98.656787873343,136.823453599601,0.000000000000,,gps_back
98.607230373701,136.816914460762,0.000000000000,,gps_back
98.557463156478,136.812080954053,0.000000000000,,gps_back
98.507695939254,136.807247447344,0.000000000000,,gps_back
98.457928722030,136.802413940634,0.000000000000,,gps_back
98.408161504807,136.797580433925,0.000000000000,,gps_back
98.358502774475,136.791874586751,0.000000000000,,gps_back
98.309120907661,136.784042458880,0.000000000000,,gps_back
98.259848583151,136.775535007165,0.000000000000,,gps_back
98.210435758771,136.768022637036,0.000000000000,,gps_back
98.160722899893,136.762660989644,0.000000000000,,gps_back
98.111028554465,136.757153093751,0.000000000000,,gps_back
98.061563544804,136.749973269809,0.000000000000,,gps_back
98.012393071880,136.740895644035,0.000000000000,,gps_back
97.963087370821,136.732677572090,0.000000000000,,gps_back
97.913448066964,136.726713217390,0.000000000000,,gps_back
97.863694839125,136.721737850100,0.000000000000,,gps_back
97.814135975821,136.715386641680,0.000000000000,,gps_back
97.764965502894,136.706309015919,0.000000000000,,gps_back
97.715717065563,136.697689900419,0.000000000000,,gps_back
97.666206618501,136.690792508539,0.000000000000,,gps_back
97.616486706542,136.685494485131,0.000000000000,,gps_back
97.566929191835,136.679053667594,0.000000000000,,gps_back
97.517720495281,136.670186860672,0.000000000000,,gps_back
97.468488998180,136.661461060144,0.000000000000,,gps_back
97.419007770683,136.654397355590,0.000000000000,,gps_back
97.369271801400,136.649252255318,0.000000000000,,gps_back
97.319655426553,136.643198098525,0.000000000000,,gps_back
97.270367106495,136.634813602830,0.000000000000,,gps_back
97.221252237599,136.625439790871,0.000000000000,,gps_back
97.172137368703,136.616065978913,0.000000000000,,gps_back
97.123022499807,136.606692166955,0.000000000000,,gps_back
97.073779271962,136.598089102824,0.000000000000,,gps_back
97.024193121965,136.591735713298,0.000000000000,,gps_back
96.974437998512,136.586779264227,0.000000000000,,gps_back
96.924688630268,136.581766029614,0.000000000000,,gps_back
96.874951424208,136.576632905966,0.000000000000,,gps_back
96.825257783743,136.571118903674,0.000000000000,,gps_back
96.775795135762,136.563923717383,0.000000000000,,gps_back
96.726624662837,136.554846091610,0.000000000000,,gps_back
96.677454189913,136.545768465837,0.000000000000,,gps_back
96.628283716988,136.536690840064,0.000000000000,,gps_back
96.579113244063,136.527613214292,0.000000000000,,gps_back
96.529909039090,136.518724380331,0.000000000000,,gps_back
96.480637163307,136.510214330355,0.000000000000,,gps_back
96.431372018443,136.501665605877,0.000000000000,,gps_back
96.382157223220,136.492836030409,0.000000000000,,gps_back
96.333014383538,136.483609980048,0.000000000000,,gps_back
96.283751195040,136.475113930768,0.000000000000,,gps_back
96.234164022177,136.468766402213,0.000000000000,,gps_back
96.184410782596,136.463791078253,0.000000000000,,gps_back
96.134826928633,136.457585406260,0.000000000000,,gps_back
96.085603639593,136.448800669340,0.000000000000,,gps_back
96.036427485806,136.439753869922,0.000000000000,,gps_back
95.987253918215,136.430693031047,0.000000000000,,gps_back
95.938083445289,136.421615405285,0.000000000000,,gps_back
95.888936388092,136.412413572722,0.000000000000,,gps_back
95.839851588433,136.402884264391,0.000000000000,,gps_back
95.790760736430,136.393389597423,0.000000000000,,gps_back
95.741404308376,136.385610790527,0.000000000000,,gps_back
95.691668339093,136.380465690256,0.000000000000,,gps_back
95.642025491011,136.374581313723,0.000000000000,,gps_back
95.592690544955,136.366510105404,0.000000000000,,gps_back
95.543599357363,136.357013053750,0.000000000000,,gps_back
95.494521329902,136.347448657753,0.000000000000,,gps_back
95.445467782130,136.337759068067,0.000000000000,,gps_back
95.396269854659,136.328912667429,0.000000000000,,gps_back
95.346701642349,136.322417411267,0.000000000000,,gps_back
95.296965673066,136.317272310996,0.000000000000,,gps_back
95.247403608527,136.310893304286,0.000000000000,,gps_back
95.198199923443,136.301998447405,0.000000000000,,gps_back
95.149029450517,136.292920821643,0.000000000000,,gps_back
95.099858977591,136.283843195876,0.000000000000,,gps_back
95.050688504666,136.274765570103,0.000000000000,,gps_back
95.001378006826,136.266579149159,0.000000000000,,gps_back
94.951735352871,136.260642219067,0.000000000000,,gps_back
94.901980348432,136.255684575700,0.000000000000,,gps_back
94.852231942183,136.250661925056,0.000000000000,,gps_back
94.802495972900,136.245516824785,0.000000000000,,gps_back
94.752822936569,136.239844340766,0.000000000000,,gps_back
94.703401664347,136.232335691880,0.000000000000,,gps_back
94.654231191423,136.223258066107,0.000000000000,,gps_back
94.605059138144,136.214189012915,0.000000000000,,gps_back
94.555883485189,136.205139491522,0.000000000000,,gps_back
94.506707017770,136.196094396331,0.000000000000,,gps_back
94.457532847353,136.187036833347,0.000000000000,,gps_back
94.408362374428,136.177959207575,0.000000000000,,gps_back
94.359191901503,136.168881581804,0.000000000000,,gps_back
94.310021428577,136.159803956039,0.000000000000,,gps_back
94.260850955650,136.150726330277,0.000000000000,,gps_back
94.211660655886,136.141758105649,0.000000000000,,gps_back
94.162427211958,136.133028537371,0.000000000000,,gps_back
94.113184886010,136.124349134596,0.000000000000,,gps_back
94.063782070276,136.116802277525,0.000000000000,,gps_back
94.014065376917,136.111474179516,0.000000000000,,gps_back
93.964339346780,136.106234530312,0.000000000000,,gps_back
93.914596218117,136.101159621815,0.000000000000,,gps_back
93.864842978536,136.096184297855,0.000000000000,,gps_back
93.815106912738,136.091045255115,0.000000000000,,gps_back
93.765405813918,136.085573594161,0.000000000000,,gps_back
93.715704652116,136.080102613774,0.000000000000,,gps_back
93.665993900633,136.074719511997,0.000000000000,,gps_back
93.616279547991,136.069369741349,0.000000000000,,gps_back
93.566780965550,136.062572861644,0.000000000000,,gps_back
93.517689395953,136.053077784404,0.000000000000,,gps_back
93.468477596599,136.044282445941,0.000000000000,,gps_back
93.418954426355,136.037432810119,0.000000000000,,gps_back
93.369327182391,136.031349402043,0.000000000000,,gps_back
93.319955003331,136.023565185845,0.000000000000,,gps_back
93.270901455559,136.013875596161,0.000000000000,,gps_back
93.221886431136,136.003996630312,0.000000000000,,gps_back
93.172956108946,135.993703067384,0.000000000000,,gps_back
93.123907635213,135.984042446497,0.000000000000,,gps_back
93.074479985898,135.976569709845,0.000000000000,,gps_back
93.024917452430,135.970011563539,0.000000000000,,gps_back
92.975681685288,135.961392570338,0.000000000000,,gps_back
92.926746563514,135.951122977509,0.000000000000,,gps_back
92.877536822654,135.942480387343,0.000000000000,,gps_back
92.827892733918,135.936513549749,0.000000000000,,gps_back
92.778222991935,135.930772771366,0.000000000000,,gps_back
92.728503840054,135.925467622293,0.000000000000,,gps_back
92.678784346861,135.920165673203,0.000000000000,,gps_back
92.629066025773,135.914852743495,0.000000000000,,gps_back
92.579362826164,135.909403159481,0.000000000000,,gps_back
92.529901131246,135.902332322231,0.000000000000,,gps_back
92.480847583474,135.892642732546,0.000000000000,,gps_back
92.431794035702,135.882953142861,0.000000000000,,gps_back
92.382740487930,135.873263553175,0.000000000000,,gps_back
92.333693662352,135.863540111064,0.000000000000,,gps_back
92.284705413758,135.853530488269,0.000000000000,,gps_back
92.235804415506,135.843098275306,0.000000000000,,gps_back
92.186656157404,135.834133655512,0.000000000000,,gps_back
92.137001916425,135.828266597646,0.000000000000,,gps_back
92.087363047633,135.822323647426,0.000000000000,,gps_back
92.038064986887,135.814098019480,0.000000000000,,gps_back
91.989120986915,135.803869455360,0.000000000000,,gps_back
91.940189779119,135.793580130088,0.000000000000,,gps_back
91.891279380141,135.783192080745,0.000000000000,,gps_back
91.842359770727,135.772847673920,0.000000000000,,gps_back
91.793420012785,135.762598847116,0.000000000000,,gps_back
91.744338626182,135.753106207238,0.000000000000,,gps_back
91.694883297489,135.745827282005,0.000000000000,,gps_back
91.645211308177,135.740097383777,0.000000000000,,gps_back
91.595549991306,135.734276314743,0.000000000000,,gps_back
91.545923491944,135.728169336832,0.000000000000,,gps_back
91.496637551804,135.720070204268,0.000000000000,,gps_back
91.447916640585,135.708826917060,0.000000000000,,gps_back
91.398883501761,135.699346629462,0.000000000000,,gps_back
91.349254656322,135.693255341659,0.000000000000,,gps_back
91.299616698327,135.687238676378,0.000000000000,,gps_back
91.249998249272,135.681062281161,0.000000000000,,gps_back
91.200460691343,135.674310200349,0.000000000000,,gps_back
91.151097716297,135.666349385468,0.000000000000,,gps_back
91.101788989739,135.658055521320,0.000000000000,,gps_back
91.052480263181,135.649761657171,0.000000000000,,gps_back
91.003231722676,135.641130319674,0.000000000000,,gps_back
90.954222758065,135.631254661679,0.000000000000,,gps_back
90.905436457390,135.620298964040,0.000000000000,,gps_back
90.856574021694,135.609692385054,0.000000000000,,gps_back
90.807620041796,135.599511690115,0.000000000000,,gps_back
90.758431227477,135.590752694624,0.000000000000,,gps_back
90.708787556111,135.584785294066,0.000000000000,,gps_back
90.659267910001,135.578015944629,0.000000000000,,gps_back
90.610151659926,135.568685687446,0.000000000000,,gps_back
90.561137034255,135.558834013264,0.000000000000,,gps_back
90.511745453078,135.551210780206,0.000000000000,,gps_back
90.462059854206,135.545602136372,0.000000000000,,gps_back
90.412661898416,135.538180403212,0.000000000000,,gps_back
90.363751499439,135.527792353869,0.000000000000,,gps_back
90.314624291795,135.518640923882,0.000000000000,,gps_back
90.265045495757,135.512177800399,0.000000000000,,gps_back
90.215371748740,135.506463121537,0.000000000000,,gps_back
90.165698001722,135.500748442673,0.000000000000,,gps_back
90.116046665969,135.494847679528,0.000000000000,,gps_back
90.066542812116,135.487881625075,0.000000000000,,gps_back
90.017234085557,135.479587760933,0.000000000000,,gps_back
89.967925358998,135.471293896791,0.000000000000,,gps_back
89.918616632438,135.463000032649,0.000000000000,,gps_back
89.869455828795,135.453932724314,0.000000000000,,gps_back
89.820607987195,135.443257574030,0.000000000000,,gps_back
89.771628869870,135.433307406867,0.000000000000,,gps_back
89.722192068274,135.425849747161,0.000000000000,,gps_back
89.672613572247,135.419360415225,0.000000000000,,gps_back
89.623035076221,135.412871083281,0.000000000000,,gps_back
89.573444819239,135.406473466161,0.000000000000,,gps_back
89.523830551076,135.400263609223,0.000000000000,,gps_back
89.474233125072,135.393924625017,0.000000000000,,gps_back
89.424684040374,135.387215040055,0.000000000000,,gps_back
89.375123517442,135.380596213663,0.000000000000,,gps_back
89.325510501519,135.374376312693,0.000000000000,,gps_back
89.275885402630,135.368254517853,0.000000000000,,gps_back
89.226240802634,135.362291962031,0.000000000000,,gps_back
89.176779483419,135.355149751444,0.000000000000,,gps_back
89.127736063452,135.345423693537,0.000000000000,,gps_back
89.078696737328,135.335712733199,0.000000000000,,gps_back
89.029279002229,135.328188875874,0.000000000000,,gps_back
88.979723563500,135.321586919560,0.000000000000,,gps_back
88.930573300597,135.312555377061,0.000000000000,,gps_back
88.881764195381,135.301715487217,0.000000000000,,gps_back
88.832552918351,135.293097239038,0.000000000000,,gps_back
88.782906697377,135.287148184900,0.000000000000,,gps_back
88.733272994106,135.281096624276,0.000000000000,,gps_back
88.683661297173,135.274866314707,0.000000000000,,gps_back
88.634433155403,135.266554231964,0.000000000000,,gps_back
88.585879168191,135.254610656600,0.000000000000,,gps_back
88.537303445756,135.242756327250,0.000000000000,,gps_back
88.488657792252,135.231193474372,0.000000000000,,gps_back
88.439650364833,135.221525704123,0.000000000000,,gps_back
88.390103986260,135.214795570107,0.000000000000,,gps_back
88.340543883717,135.208168047609,0.000000000000,,gps_back
88.291000413307,135.201425183422,0.000000000000,,gps_back
88.241664786901,135.193375549087,0.000000000000,,gps_back
88.192588278008,135.183802933342,0.000000000000,,gps_back
88.143511769115,135.174230317597,0.000000000000,,gps_back
88.094527843610,135.164213040528,0.000000000000,,gps_back
88.045804611925,135.152993805032,0.000000000000,,gps_back
87.997251613695,135.141046208615,0.000000000000,,gps_back
87.948698615466,135.129098612191,0.000000000000,,gps_back
87.899892430665,135.118356488036,0.000000000000,,gps_back
87.850505969219,135.110625746153,0.000000000000,,gps_back
87.801018648991,135.103567515025,0.000000000000,,gps_back
87.751934911378,135.094107888623,0.000000000000,,gps_back
87.703161666413,135.083093843285,0.000000000000,,gps_back
87.654383207054,135.072102922155,0.000000000000,,gps_back
87.605600997661,135.061128646976,0.000000000000,,gps_back
87.556823557820,135.050133207779,0.000000000000,,gps_back
87.508020035667,135.039255840874,0.000000000000,,gps_back
87.458886335694,135.030235791956,0.000000000000,,gps_back
87.409271065615,135.024033883194,0.000000000000,,gps_back
87.360423886115,135.014413638674,0.000000000000,,gps_back
87.312939576173,134.998749186329,0.000000000000,,gps_back
87.265590636672,134.982686287987,0.000000000000,,gps_back
87.218462424023,134.965981288599,0.000000000000,,gps_back
87.170952601298,134.950512218776,0.000000000000,,gps_back
87.122580808592,134.937862816780,0.000000000000,,gps_back
87.073977967857,134.926123018199,0.000000000000,,gps_back
87.025276814011,134.914794649399,0.000000000000,,gps_back
86.976928307433,134.902183083542,0.000000000000,,gps_back
86.929446747950,134.886536014979,0.000000000000,,gps_back
86.882474603956,134.869404195314,0.000000000000,,gps_back
86.835808396447,134.851450699185,0.000000000000,,gps_back
86.789138202953,134.833512352202,0.000000000000,,gps_back
86.742200090583,134.816280559218,0.000000000000,,gps_back
86.695071366980,134.799584659872,0.000000000000,,gps_back
86.647678675263,134.783645810541,0.000000000000,,gps_back
86.600315878589,134.767622311322,0.000000000000,,gps_back
86.553191352611,134.750908964896,0.000000000000,,gps_back
86.506542779498,134.732951568383,0.000000000000,,gps_back
86.460813460331,134.712753744374,0.000000000000,,gps_back
86.415526292533,134.691561376969,0.000000000000,,gps_back
86.369952528554,134.670993623660,0.000000000000,,gps_back
86.324174865453,134.650880342541,0.000000000000,,gps_back
86.278372775270,134.630822824869,0.000000000000,,gps_back
86.232540855673,134.610833481625,0.000000000000,,gps_back
86.186708936075,134.590844138381,0.000000000000,,gps_back
86.140877016478,134.570854795138,0.000000000000,,gps_back
86.095059332250,134.550832898702,0.000000000000,,gps_back
86.049273366927,134.530738533284,0.000000000000,,gps_back
86.003482538456,134.510655318090,0.000000000000,,gps_back
85.957636524885,134.490698496344,0.000000000000,,gps_back
85.911839108230,134.470632483458,0.000000000000,,gps_back
85.866844964941,134.448905705510,0.000000000000,,gps_back
85.822957073839,134.424947581379,0.000000000000,,gps_back
85.778343259007,134.402474087963,0.000000000000,,gps_back
85.732300959772,134.382983943732,0.000000000000,,gps_back
85.686010672606,134.364081558524,0.000000000000,,gps_back
85.639949597317,134.344630259707,0.000000000000,,gps_back
85.594157523887,134.324550835029,0.000000000000,,gps_back
85.549136949521,134.302883938640,0.000000000000,,gps_back
85.505249058419,134.278925814509,0.000000000000,,gps_back
85.461336915191,134.255012262166,0.000000000000,,gps_back
85.417374761675,134.231190692308,0.000000000000,,gps_back
85.373130727885,134.207909054124,0.000000000000,,gps_back
85.328033362899,134.186348000107,0.000000000000,,gps_back
85.282334536254,134.166057640321,0.000000000000,,gps_back
85.237354283904,134.144288308189,0.000000000000,,gps_back
85.193377349341,134.120494024764,0.000000000000,,gps_back
85.148868103510,134.097763740936,0.000000000000,,gps_back
85.103308649873,134.077166284323,0.000000000000,,gps_back
85.057823622932,134.056423984642,0.000000000000,,gps_back
85.013244256919,134.033801240452,0.000000000000,,gps_back
84.969317302985,134.009915197960,0.000000000000,,gps_back
84.925782702983,133.985334194350,0.000000000000,,gps_back
84.882766933112,133.959843367770,0.000000000000,,gps_back
84.839730408672,133.934387652086,0.000000000000,,gps_back
84.796657785541,133.908993010424,0.000000000000,,gps_back
84.753904493077,133.883076664973,0.000000000000,,gps_back
84.711808124619,133.856095988128,0.000000000000,,gps_back
84.669558420102,133.829368179519,0.000000000000,,gps_back
84.626571406087,133.803831784183,0.000000000000,,gps_back
84.584190469585,133.777379624475,0.000000000000,,gps_back
84.543359799626,133.748518953285,0.000000000000,,gps_back
84.502747009455,133.719351638016,0.000000000000,,gps_back
84.462200890433,133.690091581132,0.000000000000,,gps_back
84.421655427088,133.660830615677,0.000000000000,,gps_back
84.381163333531,133.631496076135,0.000000000000,,gps_back
84.341008990676,133.601705496316,0.000000000000,,gps_back
84.301270691228,133.571357411463,0.000000000000,,gps_back
84.261532391780,133.541009326609,0.000000000000,,gps_back
84.221781675492,133.510677519051,0.000000000000,,gps_back
84.181998030522,133.480388913626,0.000000000000,,gps_back
84.142194070692,133.450126998961,0.000000000000,,gps_back
84.102390110863,133.419865084296,0.000000000000,,gps_back
84.062935813168,133.389157438093,0.000000000000,,gps_back
84.024136567588,133.357617986350,0.000000000000,,gps_back
83.985453494499,133.325935837533,0.000000000000,,gps_back
83.946770421410,133.294253688715,0.000000000000,,gps_back
83.907729089611,133.263022980925,0.000000000000,,gps_back
83.867878595995,133.232825720593,0.000000000000,,gps_back
83.827677932762,133.203092820080,0.000000000000,,gps_back
83.787477269528,133.173359919567,0.000000000000,,gps_back
83.747356165583,133.143520246665,0.000000000000,,gps_back
83.707902033657,133.112823900791,0.000000000000,,gps_back
83.669339812754,133.080994766082,0.000000000000,,gps_back
83.630751932523,133.049196786966,0.000000000000,,gps_back
83.592109317541,133.017465313329,0.000000000000,,gps_back
83.553579615945,132.985597954127,0.000000000000,,gps_back
83.515706701287,132.952962890752,0.000000000000,,gps_back
83.478559721056,132.919492895875,0.000000000000,,gps_back
83.441412740825,132.886022900999,0.000000000000,,gps_back
83.404265760594,132.852552906123,0.000000000000,,gps_back
83.367118780363,132.819082911246,0.000000000000,,gps_back
83.330215765408,132.785347332789,0.000000000000,,gps_back
83.293736687235,132.751150629399,0.000000000000,,gps_back
83.257285963158,132.716923689548,0.000000000000,,gps_back
83.220835239081,132.682696749697,0.000000000000,,gps_back
83.184384515004,132.648469809846,0.000000000000,,gps_back
83.148420563692,132.613743424319,0.000000000000,,gps_back
83.113422355516,132.578033666237,0.000000000000,,gps_back
83.078680790796,132.542073099248,0.000000000000,,gps_back
83.043939226077,132.506112532259,0.000000000000,,gps_back
83.009197661358,132.470151965270,0.000000000000,,gps_back
82.974456096639,132.434191398282,0.000000000000,,gps_back
82.939714531919,132.398230831293,0.000000000000,,gps_back
82.904972967200,132.362270264304,0.000000000000,,gps_back
82.870231402481,132.326309697315,0.000000000000,,gps_back
82.835489837762,132.290349130326,0.000000000000,,gps_back
82.800172896226,132.254969196187,0.000000000000,,gps_back
82.763848987740,132.220607823568,0.000000000000,,gps_back
82.727764106786,132.186000517586,0.000000000000,,gps_back
82.692865219535,132.150211654507,0.000000000000,,gps_back
82.659049791345,132.113378849650,0.000000000000,,gps_back
82.625234363155,132.076546044793,0.000000000000,,gps_back
82.591418934965,132.039713239936,0.000000000000,,gps_back
82.557827348130,132.002678216455,0.000000000000,,gps_back
82.524806718831,131.965132776431,0.000000000000,,gps_back
82.492116938974,131.927297383077,0.000000000000,,gps_back
82.459427159117,131.889461989724,0.000000000000,,gps_back
82.426737379260,131.851626596370,0.000000000000,,gps_back
82.394266835052,131.813604694080,0.000000000000,,gps_back
82.362322782768,131.775138578303,0.000000000000,,gps_back
82.330648779693,131.736448835133,0.000000000000,,gps_back
82.298974776618,131.697759091964,0.000000000000,,gps_back
82.267300773543,131.659069348794,0.000000000000,,gps_back
82.236842960680,131.619463565734,0.000000000000,,gps_back
82.208869506829,131.578025659984,0.000000000000,,gps_back
82.181668744444,131.536070240513,0.000000000000,,gps_back
82.154467982059,131.494114821042,0.000000000000,,gps_back
82.127267219675,131.452159401571,0.000000000000,,gps_back
82.099752323451,131.410412125067,0.000000000000,,gps_back
82.071615045770,131.369079257811,0.000000000000,,gps_back
82.043449783823,131.327765742596,0.000000000000,,gps_back
82.015796822697,131.286109121350,0.000000000000,,gps_back
81.988596060310,131.244153701880,0.000000000000,,gps_back
81.961395297922,131.202198282411,0.000000000000,,gps_back
81.934194535535,131.160242862942,0.000000000000,,gps_back
81.907466734354,131.117990645347,0.000000000000,,gps_back
81.882362544223,131.074766077851,0.000000000000,,gps_back
81.858644910347,131.030747757340,0.000000000000,,gps_back
81.834163927611,130.987163883682,0.000000000000,,gps_back
81.808325088650,130.944356543172,0.000000000000,,gps_back
81.782314026428,130.901653342596,0.000000000000,,gps_back
81.756302964206,130.858950142021,0.000000000000,,gps_back
81.730291901984,130.816246941446,0.000000000000,,gps_back
81.704690404786,130.773301271445,0.000000000000,,gps_back
81.679762644932,130.729956773802,0.000000000000,,gps_back
81.654838397361,130.686610256291,0.000000000000,,gps_back
81.629914149790,130.643263738780,0.000000000000,,gps_back
81.604989902219,130.599917221270,0.000000000000,,gps_back
81.580485714619,130.556336215233,0.000000000000,,gps_back
81.556707256204,130.512350755173,0.000000000000,,gps_back
81.532989622326,130.468332434663,0.000000000000,,gps_back
81.509271988448,130.424314114153,0.000000000000,,gps_back
81.485554354569,130.380295793643,0.000000000000,,gps_back
81.461295615589,130.336580556676,0.000000000000,,gps_back
81.436118458203,130.293380472919,0.000000000000,,gps_back
81.410889357425,130.250210678257,0.000000000000,,gps_back
81.385660256646,130.207040883594,0.000000000000,,gps_back
81.360431155868,130.163871088932,0.000000000000,,gps_back
81.335244356957,130.120676645638,0.000000000000,,gps_back
81.310155910241,130.077424978726,0.000000000000,,gps_back
81.285115061224,130.034145716050,0.000000000000,,gps_back
81.260074212206,129.990866453374,0.000000000000,,gps_back
81.235033363188,129.947587190698,0.000000000000,,gps_back
81.210276481173,129.904146875771,0.000000000000,,gps_back
81.186247870924,129.860299214182,0.000000000000,,gps_back
81.162650079391,129.816216531277,0.000000000000,,gps_back
81.139052287858,129.772133848373,0.000000000000,,gps_back
81.115454496325,129.728051165468,0.000000000000,,gps_back
81.092585685426,129.683598242360,0.000000000000,,gps_back
81.071538933076,129.638250792113,0.000000000000,,gps_back
81.051518338253,129.592432515408,0.000000000000,,gps_back
81.031497743430,129.546614238703,0.000000000000,,gps_back
81.011477148607,129.500795961997,0.000000000000,,gps_back
80.991896953696,129.454791808693,0.000000000000,,gps_back
80.973442200757,129.408324093565,0.000000000000,,gps_back
80.955594570853,129.361616547158,0.000000000000,,gps_back
80.937415274641,129.315038186603,0.000000000000,,gps_back
80.918845225722,129.268613064305,0.000000000000,,gps_back
80.900275176803,129.222187942006,0.000000000000,,gps_back
80.881705127883,129.175762819708,0.000000000000,,gps_back
80.863205608638,129.129309648578,0.000000000000,,gps_back
80.845051027205,129.082721552381,0.000000000000,,gps_back
80.827270970071,129.035988178165,0.000000000000,,gps_back
80.809490912937,128.989254803949,0.000000000000,,gps_back
80.791710855802,128.942521429733,0.000000000000,,gps_back
80.773883738015,128.895806031420,0.000000000000,,gps_back
80.755500527826,128.849311272063,0.000000000000,,gps_back
80.736337281239,128.803127847791,0.000000000000,,gps_back
80.717174034653,128.756944423518,0.000000000000,,gps_back
80.698010788066,128.710760999245,0.000000000000,,gps_back
80.678847541480,128.664577574972,0.000000000000,,gps_back
80.660409596641,128.618110441742,0.000000000000,,gps_back
80.643260035490,128.571142267026,0.000000000000,,gps_back
80.626287391624,128.524109639441,0.000000000000,,gps_back
80.609314747758,128.477077011857,0.000000000000,,gps_back
80.592342103891,128.430044384273,0.000000000000,,gps_back
80.575604780026,128.382928575255,0.000000000000,,gps_back
80.559254600499,128.335675953258,0.000000000000,,gps_back
80.543039169222,128.288377230181,0.000000000000,,gps_back
80.527191714908,128.240954136972,0.000000000000,,gps_back
80.511606758843,128.193443634535,0.000000000000,,gps_back
80.496021802778,128.145933132099,0.000000000000,,gps_back
80.480436846713,128.098422629663,0.000000000000,,gps_back
80.464851890648,128.050912127226,0.000000000000,,gps_back
80.449266934581,128.003401624791,0.000000000000,,gps_back
80.433681978512,127.955891122356,0.000000000000,,gps_back
80.418097022443,127.908380619920,0.000000000000,,gps_back
80.402512066374,127.860870117485,0.000000000000,,gps_back
80.386927110306,127.813359615050,0.000000000000,,gps_back
80.371095617677,127.765931851690,0.000000000000,,gps_back
80.354821649322,127.718652961907,0.000000000000,,gps_back
80.338507472572,127.671387912647,0.000000000000,,gps_back
80.322301005189,127.624085881122,0.000000000000,,gps_back
80.306194858658,127.576749523624,0.000000000000,,gps_back
80.289582911249,127.529593251321,0.000000000000,,gps_back
80.271998598092,127.482786327006,0.000000000000,,gps_back
80.254168683868,127.436071951744,0.000000000000,,gps_back
80.236907907657,127.389150640593,0.000000000000,,gps_back
80.220591559123,127.341886334329,0.000000000000,,gps_back
80.204300108979,127.294613433189,0.000000000000,,gps_back
80.187979571450,127.247350568057,0.000000000000,,gps_back
80.171637115529,127.200095273838,0.000000000000,,gps_back
80.155373604575,127.152812871068,0.000000000000,,gps_back
80.139249299792,127.105482698180,0.000000000000,,gps_back
80.122925057344,127.058222023182,0.000000000000,,gps_back
80.105807525977,127.011245718060,0.000000000000,,gps_back
80.087977611753,126.964531342799,0.000000000000,,gps_back
80.070457555925,126.917701765611,0.000000000000,,gps_back
80.053720587173,126.870586283246,0.000000000000,,gps_back
80.037438738648,126.823310072464,0.000000000000,,gps_back
80.021134278879,126.776041664804,0.000000000000,,gps_back
80.004792683565,126.728786072972,0.000000000000,,gps_back
79.988489697228,126.681517177145,0.000000000000,,gps_back
79.972301371801,126.634208909821,0.000000000000,,gps_back
79.956195225270,126.586872552323,0.000000000000,,gps_back
79.940029222043,126.539556671691,0.000000000000,,gps_back
79.923759100640,126.492276424740,0.000000000000,,gps_back
79.907278715016,126.445069815431,0.000000000000,,gps_back
79.890098926775,126.398115253448,0.000000000000,,gps_back
79.872313568728,126.351383897058,0.000000000000,,gps_back
79.855108681791,126.304442076049,0.000000000000,,gps_back
79.838826833266,126.257165865267,0.000000000000,,gps_back
79.822534293931,126.209893339921,0.000000000000,,gps_back
79.806211998911,126.162631081181,0.000000000000,,gps_back
79.789869542994,126.115375786961,0.000000000000,,gps_back
79.773548444875,126.068113120636,0.000000000000,,gps_back
79.757263680056,126.020837914383,0.000000000000,,gps_back
79.740998316936,125.973556034465,0.000000000000,,gps_back
79.724787297295,125.926255504296,0.000000000000,,gps_back
79.708621043898,125.878939640694,0.000000000000,,gps_back
79.692196659626,125.831714039217,0.000000000000,,gps_back
79.675304969532,125.784652325220,0.000000000000,,gps_back
79.658332325666,125.737619697636,0.000000000000,,gps_back
79.641359681799,125.690587070051,0.000000000000,,gps_back
79.624387037933,125.643554442467,0.000000000000,,gps_back
79.606007824314,125.597093507048,0.000000000000,,gps_back
79.585278371353,125.551591674892,0.000000000000,,gps_back
79.564423624518,125.506147002688,0.000000000000,,gps_back
79.543568877683,125.460702330484,0.000000000000,,gps_back
79.522862369951,125.415190392928,0.000000000000,,gps_back
79.503423765584,125.369143886605,0.000000000000,,gps_back
79.485643708451,125.322410512388,0.000000000000,,gps_back
79.467863651319,125.275677138172,0.000000000000,,gps_back
79.450083594187,125.228943763955,0.000000000000,,gps_back
79.432303537054,125.182210389738,0.000000000000,,gps_back
79.414826833707,125.135364527595,0.000000000000,,gps_back
79.397844896509,125.088335255373,0.000000000000,,gps_back
79.380872252643,125.041302627789,0.000000000000,,gps_back
79.363899608776,124.994270000204,0.000000000000,,gps_back
79.346949959714,124.947229091080,0.000000000000,,gps_back
79.330267311739,124.900093837006,0.000000000000,,gps_back
79.313955212460,124.852828055362,0.000000000000,,gps_back
79.297643113181,124.805562273718,0.000000000000,,gps_back
79.281331013902,124.758296492074,0.000000000000,,gps_back
79.265014955927,124.711032077117,0.000000000000,,gps_back
79.247308219124,124.664308903975,0.000000000000,,gps_back
79.227371360538,124.618454129229,0.000000000000,,gps_back
79.207434501953,124.572599354483,0.000000000000,,gps_back
79.187497643367,124.526744579736,0.000000000000,,gps_back
79.167560784782,124.480889804990,0.000000000000,,gps_back
79.147035398990,124.435302812398,0.000000000000,,gps_back
79.125554397666,124.390150789618,0.000000000000,,gps_back
79.104060932066,124.345004697497,0.000000000000,,gps_back
79.082567466466,124.299858605376,0.000000000000,,gps_back
79.061074000866,124.254712513255,0.000000000000,,gps_back
79.040376201787,124.209209596190,0.000000000000,,gps_back
79.021056652193,124.163091531789,0.000000000000,,gps_back
79.001395852098,124.117122856783,0.000000000000,,gps_back
78.979699177799,124.072107792585,0.000000000000,,gps_back
78.956023446755,124.028066920013,0.000000000000,,gps_back
78.932347715711,123.984026047442,0.000000000000,,gps_back
78.908671984668,123.939985174870,0.000000000000,,gps_back
78.885102501709,123.895887613254,0.000000000000,,gps_back
78.861953701726,123.851568948067,0.000000000000,,gps_back
78.839206045606,123.807041621195,0.000000000000,,gps_back
78.816458389486,123.762514294323,0.000000000000,,gps_back
78.793710733366,123.717986967452,0.000000000000,,gps_back
78.770917353800,123.673483076401,0.000000000000,,gps_back
78.747755720557,123.629171682400,0.000000000000,,gps_back
78.724121765851,123.585108377006,0.000000000000,,gps_back
78.700467306364,123.541056085618,0.000000000000,,gps_back
78.676768353894,123.497027707634,0.000000000000,,gps_back
78.653149308640,123.452956635620,0.000000000000,,gps_back
78.630254800228,123.408511922487,0.000000000000,,gps_back
78.608266951973,123.363604537500,0.000000000000,,gps_back
78.585146456257,123.319299355245,0.000000000000,,gps_back
78.558961343157,123.276743303301,0.000000000000,,gps_back
78.530912304242,123.235350578316,0.000000000000,,gps_back
78.504689563244,123.192844948420,0.000000000000,,gps_back
78.481055608533,123.148781643029,0.000000000000,,gps_back
78.457403051406,123.104728328348,0.000000000000,,gps_back
78.433707272707,123.060698243416,0.000000000000,,gps_back
78.409992418234,123.016678425619,0.000000000000,,gps_back
78.386311615559,122.972640300194,0.000000000000,,gps_back
78.362677660849,122.928576994802,0.000000000000,,gps_back
78.338411888446,122.884867929489,0.000000000000,,gps_back
78.312715482838,122.841979343691,0.000000000000,,gps_back
78.286340386685,122.799500019609,0.000000000000,,gps_back
78.260270382743,122.756835049013,0.000000000000,,gps_back
78.234672601417,122.713882839657,0.000000000000,,gps_back
78.208922751241,122.671022201936,0.000000000000,,gps_back
78.182870365746,122.628344299724,0.000000000000,,gps_back
78.156737967600,122.585715252459,0.000000000000,,gps_back
78.130769659138,122.542986491675,0.000000000000,,gps_back
78.105012334272,122.500129766263,0.000000000000,,gps_back
78.079102686722,122.457365542430,0.000000000000,,gps_back
78.052918731473,122.414768164376,0.000000000000,,gps_back
78.026675545657,122.372207221719,0.000000000000,,gps_back
78.000408588252,122.329660951576,0.000000000000,,gps_back
77.974116754078,122.287130043367,0.000000000000,,gps_back
77.947344354641,122.244906052909,0.000000000000,,gps_back
77.919567103185,122.203331751342,0.000000000000,,gps_back
77.891586873555,122.161893059632,0.000000000000,,gps_back
77.864443342428,122.119908348035,0.000000000000,,gps_back
77.838151508258,122.077377439823,0.000000000000,,gps_back
77.811328453687,122.035186956335,0.000000000000,,gps_back
77.783417010403,121.993702706315,0.000000000000,,gps_back
77.755122435604,121.952477044208,0.000000000000,,gps_back
77.726891631192,121.911207725736,0.000000000000,,gps_back
77.698724008634,121.869895212659,0.000000000000,,gps_back
77.669734809207,121.829174754861,0.000000000000,,gps_back
77.639341545680,121.789471412062,0.000000000000,,gps_back
77.609092734197,121.749660750862,0.000000000000,,gps_back
77.579910224487,121.709067826834,0.000000000000,,gps_back
77.551600668824,121.667852444324,0.000000000000,,gps_back
77.523291113161,121.626637061813,0.000000000000,,gps_back
77.494981557499,121.585421679303,0.000000000000,,gps_back
77.465900661420,121.544764309374,0.000000000000,,gps_back
77.435045143389,121.505429088336,0.000000000000,,gps_back
77.403304957903,121.466793621177,0.000000000000,,gps_back
77.371564772417,121.428158154017,0.000000000000,,gps_back
77.339824739148,121.389522561809,0.000000000000,,gps_back
77.308540869811,121.350523478583,0.000000000000,,gps_back
77.277967646713,121.310958131034,0.000000000000,,gps_back
77.247404995419,121.271384620132,0.000000000000,,gps_back
77.216869478235,121.231790168433,0.000000000000,,gps_back
77.186350570452,121.192182909438,0.000000000000,,gps_back
77.155831662669,121.152575650444,0.000000000000,,gps_back
77.125311621210,121.112969265057,0.000000000000,,gps_back
77.094763847865,121.073384286032,0.000000000000,,gps_back
77.064175617349,121.033830539671,0.000000000000,,gps_back
77.033587386832,120.994276793311,0.000000000000,,gps_back
77.002999156315,120.954723046950,0.000000000000,,gps_back
76.972281934023,120.915269919564,0.000000000000,,gps_back
76.941067920907,120.876210989886,0.000000000000,,gps_back
76.909393217880,120.837521819754,0.000000000000,,gps_back
76.877718514853,120.798832649623,0.000000000000,,gps_back
76.846043811826,120.760143479492,0.000000000000,,gps_back
76.814350171330,120.721469833221,0.000000000000,,gps_back
76.782620374574,120.682825835251,0.000000000000,,gps_back
76.750880189091,120.644190368090,0.000000000000,,gps_back
76.719140003607,120.605554900929,0.000000000000,,gps_back
76.687477054006,120.566856311387,0.000000000000,,gps_back
76.656313624055,120.527758807586,0.000000000000,,gps_back
76.625740400950,120.488193460043,0.000000000000,,gps_back
76.594294440147,120.449343639015,0.000000000000,,gps_back
76.561442734864,120.411648839848,0.000000000000,,gps_back
76.528570693632,120.373971796556,0.000000000000,,gps_back
76.495817745255,120.336191117062,0.000000000000,,gps_back
76.463324550198,120.298188252573,0.000000000000,,gps_back
76.431722734946,120.259450374819,0.000000000000,,gps_back
76.400979034770,120.220017377172,0.000000000000,,gps_back
76.369440892253,120.181235542029,0.000000000000,,gps_back
76.336742302747,120.143407762004,0.000000000000,,gps_back
76.304012525312,120.105606998479,0.000000000000,,gps_back
76.271220892005,120.067859853018,0.000000000000,,gps_back
76.238408400109,120.030130831391,0.000000000000,,gps_back
76.205595908213,119.992401809765,0.000000000000,,gps_back
76.172783416317,119.954672788138,0.000000000000,,gps_back
76.139970924421,119.916943766512,0.000000000000,,gps_back
76.107158432526,119.879214744886,0.000000000000,,gps_back
76.074345940630,119.841485723259,0.000000000000,,gps_back
76.041533448734,119.803756701633,0.000000000000,,gps_back
76.008559260071,119.766169873743,0.000000000000,,gps_back
75.975027816746,119.729081932330,0.000000000000,,gps_back
75.941021261413,119.692425515542,0.000000000000,,gps_back
75.907014706081,119.655769098755,0.000000000000,,gps_back
75.873008150748,119.619112681967,0.000000000000,,gps_back
75.839417671466,119.582081184524,0.000000000000,,gps_back
75.806569123936,119.544383888480,0.000000000000,,gps_back
75.773828161725,119.506592841698,0.000000000000,,gps_back
75.740974656580,119.468899607528,0.000000000000,,gps_back
75.708170827766,119.431163591963,0.000000000000,,gps_back
75.676357533073,119.392609748675,0.000000000000,,gps_back
75.645784309968,119.353044401131,0.000000000000,,gps_back
75.613532763170,119.314934887273,0.000000000000,,gps_back
75.578529007255,119.279230494311,0.000000000000,,gps_back
75.543990093740,119.243095227742,0.000000000000,,gps_back
75.510809437296,119.205692315311,0.000000000000,,gps_back
75.478049816159,119.167917377584,0.000000000000,,gps_back
75.445290195022,119.130142439857,0.000000000000,,gps_back
75.412488657065,119.092403957498,0.000000000000,,gps_back
75.378664678012,119.055614888000,0.000000000000,,gps_back
75.343365708189,119.020201311130,0.000000000000,,gps_back
75.308066738366,118.984787734260,0.000000000000,,gps_back
75.272767768542,118.949374157390,0.000000000000,,gps_back
75.238123816527,118.913337008510,0.000000000000,,gps_back
75.204809687872,118.876053991901,0.000000000000,,gps_back
75.171733971482,118.838557898155,0.000000000000,,gps_back
75.137763453813,118.801877960969,0.000000000000,,gps_back
75.103021889097,118.765917393977,0.000000000000,,gps_back
75.068108307660,118.730125052249,0.000000000000,,gps_back
75.032905493100,118.694615918388,0.000000000000,,gps_back
74.997663779609,118.659145362605,0.000000000000,,gps_back
74.962422066123,118.623674806817,0.000000000000,,gps_back
74.927654717912,118.587748403974,0.000000000000,,gps_back
74.894103132930,118.550683996051,0.000000000000,,gps_back
74.861131857605,118.513094658643,0.000000000000,,gps_back
74.827108227851,118.476479060507,0.000000000000,,gps_back
74.791866514367,118.441008504717,0.000000000000,,gps_back
74.755883876304,118.406315177368,0.000000000000,,gps_back
74.718757584844,118.372822242161,0.000000000000,,gps_back
74.682766108302,118.338172457943,0.000000000000,,gps_back
74.649144229052,118.301176657147,0.000000000000,,gps_back
74.615841101104,118.263893463577,0.000000000000,,gps_back
74.580454061230,118.228627206343,0.000000000000,,gps_back
74.543310336846,118.195153598302,0.000000000000,,gps_back
74.506205697774,118.161636743604,0.000000000000,,gps_back
74.469158691484,118.128056123862,0.000000000000,,gps_back
74.432616240415,118.093939093975,0.000000000000,,gps_back
74.397049449587,118.058796523942,0.000000000000,,gps_back
74.361427181918,118.023714503879,0.000000000000,,gps_back
74.324891926325,117.989583325043,0.000000000000,,gps_back
74.287845773634,117.956001763649,0.000000000000,,gps_back
74.250804058059,117.922415308472,0.000000000000,,gps_back
74.213767078981,117.888823629768,0.000000000000,,gps_back
74.176726527512,117.855235890908,0.000000000000,,gps_back
74.139680177655,117.821654546997,0.000000000000,,gps_back
74.102633171360,117.788073927260,0.000000000000,,gps_back
74.065586165069,117.754493307520,0.000000000000,,gps_back
74.028528447546,117.720924514164,0.000000000000,,gps_back
73.991426475931,117.687404673074,0.000000000000,,gps_back
73.954282221547,117.653931653140,0.000000000000,,gps_back
73.917175296661,117.620417325268,0.000000000000,,gps_back
73.880125938250,117.586839300750,0.000000000000,,gps_back
73.843081546324,117.553255797339,0.000000000000,,gps_back
73.806042472462,117.519666428511,0.000000000000,,gps_back
73.769004170293,117.486076208745,0.000000000000,,gps_back
73.731961195560,117.452491142179,0.000000000000,,gps_back
73.694914189271,117.418910522437,0.000000000000,,gps_back
73.657867182981,117.385329902695,0.000000000000,,gps_back
73.620820176691,117.351749282953,0.000000000000,,gps_back
73.583759243568,117.318184043675,0.000000000000,,gps_back
73.546671853982,117.284648031278,0.000000000000,,gps_back
73.509576106606,117.251121262512,0.000000000000,,gps_back
73.472480359230,117.217594493746,0.000000000000,,gps_back
73.435390279888,117.184061456236,0.000000000000,,gps_back
73.398365622294,117.150456357166,0.000000000000,,gps_back
73.361426296416,117.116757323040,0.000000000000,,gps_back
73.324423273052,117.083128444072,0.000000000000,,gps_back
73.287306463653,117.049625010850,0.000000000000,,gps_back
73.249706806386,117.016675303335,0.000000000000,,gps_back
73.210914236884,116.985142985499,0.000000000000,,gps_back
73.171637504951,116.954204723489,0.000000000000,,gps_back
73.133505188145,116.921890667620,0.000000000000,,gps_back
73.096458181855,116.888310047878,0.000000000000,,gps_back
73.059453496956,116.854682884809,0.000000000000,,gps_back
73.022512796161,116.820985357908,0.000000000000,,gps_back
72.985518753517,116.787346546366,0.000000000000,,gps_back
72.948415599989,116.753828011625,0.000000000000,,gps_back
72.910736836456,116.720972951546,0.000000000000,,gps_back
72.871328535536,116.690254093975,0.000000000000,,gps_back
72.830583489491,116.661271837786,0.000000000000,,gps_back
72.791369797123,116.630379055869,0.000000000000,,gps_back
72.754322790827,116.596798436134,0.000000000000,,gps_back
72.716533478586,116.564084821366,0.000000000000,,gps_back
72.677376584548,116.532994684563,0.000000000000,,gps_back
72.637543613256,116.502776148821,0.000000000000,,gps_back
72.597079879755,116.473405840668,0.000000000000,,gps_back
72.556414074965,116.444313496488,0.000000000000,,gps_back
72.516351159991,116.414407299065,0.000000000000,,gps_back
72.476923579192,116.383656632058,0.000000000000,,gps_back
72.437819943027,116.352500482380,0.000000000000,,gps_back
72.399157487093,116.320793177252,0.000000000000,,gps_back
72.359961876886,116.289765031809,0.000000000000,,gps_back
72.319653717759,116.260185704663,0.000000000000,,gps_back
72.279007063237,116.231066982330,0.000000000000,,gps_back
72.238927661219,116.201179528733,0.000000000000,,gps_back
72.199381839913,116.170581058707,0.000000000000,,gps_back
72.159920815681,116.139873621636,0.000000000000,,gps_back
72.120563908333,116.109032536355,0.000000000000,,gps_back
72.080629429384,116.078965815920,0.000000000000,,gps_back
72.039815579405,116.050080461266,0.000000000000,,gps_back
71.999300166945,116.020786559646,0.000000000000,,gps_back
71.959510898897,115.990508476924,0.000000000000,,gps_back
71.919781313255,115.960153461335,0.000000000000,,gps_back
71.879365230761,115.930720741703,0.000000000000,,gps_back
71.838574599933,115.901802905553,0.000000000000,,gps_back
71.798382502235,115.872075279515,0.000000000000,,gps_back
71.758913796575,115.841377397328,0.000000000000,,gps_back
71.718029836596,115.812751535714,0.000000000000,,gps_back
71.675027967699,115.787237538853,0.000000000000,,gps_back
71.633045668741,115.760184709688,0.000000000000,,gps_back
71.593042796499,115.730196132156,0.000000000000,,gps_back
71.553278001490,115.699889513831,0.000000000000,,gps_back
71.512819469644,115.670512216576,0.000000000000,,gps_back
71.472158117532,115.641413711968,0.000000000000,,gps_back
71.432058619966,115.611554049171,0.000000000000,,gps_back
71.392459097005,115.581025229080,0.000000000000,,gps_back
71.352335258839,115.551203305204,0.000000000000,,gps_back
71.311545631490,115.522283675225,0.000000000000,,gps_back
71.270046087697,115.494435195437,0.000000000000,,gps_back
71.227319326338,115.468467008195,0.000000000000,,gps_back
71.185106721014,115.441726572886,0.000000000000,,gps_back
71.144715120868,115.412283873233,0.000000000000,,gps_back
71.105033306124,115.381865578728,0.000000000000,,gps_back
71.064653318804,115.352385668786,0.000000000000,,gps_back
71.023727555542,115.323659104452,0.000000000000,,gps_back
70.982371394637,115.295567419771,0.000000000000,,gps_back
70.940482040500,115.268265038005,0.000000000000,,gps_back
70.899025787189,115.240323449907,0.000000000000,,gps_back
70.858164344224,115.211505379601,0.000000000000,,gps_back
70.816999420029,115.183129746784,0.000000000000,,gps_back
70.775276323321,115.155575280297,0.000000000000,,gps_back
70.733643380453,115.127889468779,0.000000000000,,gps_back
70.692541017518,115.099417753065,0.000000000000,,gps_back
70.651340413635,115.071094242703,0.000000000000,,gps_back
70.609131529020,115.044318683859,0.000000000000,,gps_back
70.566175510017,115.018727674177,0.000000000000,,gps_back
70.523675248208,114.992399582656,0.000000000000,,gps_back
70.481704520026,114.965222448064,0.000000000000,,gps_back
70.439764591060,114.937997873247,0.000000000000,,gps_back
70.397876640145,114.910693341649,0.000000000000,,gps_back
70.356453261845,114.882704958142,0.000000000000,,gps_back
70.315663634495,114.853785328167,0.000000000000,,gps_back
70.273522727834,114.827047247745,0.000000000000,,gps_back
70.228992568436,114.804338585046,0.000000000000,,gps_back
70.184857433293,114.780985839494,0.000000000000,,gps_back
70.142983806373,114.753710741024,0.000000000000,,gps_back
70.102054442422,114.724990646041,0.000000000000,,gps_back
70.060604963600,114.697033464674,0.000000000000,,gps_back
70.018581897008,114.669938624042,0.000000000000,,gps_back
69.976019307222,114.643711381097,0.000000000000,,gps_back
69.932960067553,114.618294077521,0.000000000000,,gps_back
69.890353026914,114.592143523175,0.000000000000,,gps_back
69.848340618809,114.565030864461,0.000000000000,,gps_back
69.805352923746,114.539594499479,0.000000000000,,gps_back
69.761045845034,114.516420868721,0.000000000000,,gps_back
69.717771268787,114.491478965716,0.000000000000,,gps_back
69.675870202284,114.464194550326,0.000000000000,,gps_back
69.633413387057,114.437812550206,0.000000000000,,gps_back
69.590201423098,114.412655756722,0.000000000000,,gps_back
69.547080428114,114.387343957397,0.000000000000,,gps_back
69.504064658245,114.361853130814,0.000000000000,,gps_back
69.461024234812,114.336404016602,0.000000000000,,gps_back
69.417949771207,114.311012496710,0.000000000000,,gps_back
69.374875195117,114.285621167641,0.000000000000,,gps_back
69.331800619026,114.260229838572,0.000000000000,,gps_back
69.288740519899,114.234813988325,0.000000000000,,gps_back
69.245710619191,114.209347033588,0.000000000000,,gps_back
69.202549507544,114.184105350275,0.000000000000,,gps_back
69.158966617812,114.159602549822,0.000000000000,,gps_back
69.115061151759,114.135676687439,0.000000000000,,gps_back
69.070601762820,114.112837677127,0.000000000000,,gps_back
69.025413617430,114.091432766160,0.000000000000,,gps_back
68.980696917199,114.069093373174,0.000000000000,,gps_back
68.936667143533,114.045397198440,0.000000000000,,gps_back
68.892905521603,114.021214801834,0.000000000000,,gps_back
68.849604644319,113.996214316648,0.000000000000,,gps_back
68.806199883478,113.971403998256,0.000000000000,,gps_back
68.761819103277,113.948410728411,0.000000000000,,gps_back
68.716939460341,113.926373732033,0.000000000000,,gps_back
68.673018911516,113.902529725354,0.000000000000,,gps_back
68.629964232357,113.877104830017,0.000000000000,,gps_back
68.586327626492,113.852725354823,0.000000000000,,gps_back
68.541972435466,113.829643853998,0.000000000000,,gps_back
68.497641482664,113.806515892083,0.000000000000,,gps_back
68.453334536745,113.783341916681,0.000000000000,,gps_back
68.409002849438,113.760215355197,0.000000000000,,gps_back
68.364747463978,113.736944479899,0.000000000000,,gps_back
68.321002203548,113.712743214960,0.000000000000,,gps_back
68.277562969478,113.687985359809,0.000000000000,,gps_back
68.233601976395,113.664169638812,0.000000000000,,gps_back
68.189287650672,113.641009794202,0.000000000000,,gps_back
68.144945904404,113.617902493622,0.000000000000,,gps_back
68.100062812703,113.595909924229,0.000000000000,,gps_back
68.054066478201,113.576338268893,0.000000000000,,gps_back
68.008153785788,113.556618294095,0.000000000000,,gps_back
67.963410822964,113.534313802721,0.000000000000,,gps_back
67.918825570049,113.511691573305,0.000000000000,,gps_back
67.873765242422,113.490020377996,0.000000000000,,gps_back
67.828226442135,113.469395830342,0.000000000000,,gps_back
67.782031088753,113.450269624991,0.000000000000,,gps_back
67.735996591074,113.430788631990,0.000000000000,,gps_back
67.690638238402,113.409749691879,0.000000000000,,gps_back
67.645450093013,113.388344780909,0.000000000000,,gps_back
67.600261947627,113.366939869933,0.000000000000,,gps_back
67.555096266990,113.345487683138,0.000000000000,,gps_back
67.509977644608,113.323936661357,0.000000000000,,gps_back
67.464863389386,113.302376507257,0.000000000000,,gps_back
67.419703475657,113.280912172672,0.000000000000,,gps_back
67.374417232153,113.259717294834,0.000000000000,,gps_back
67.328832206458,113.239176590326,0.000000000000,,gps_back
67.282952568562,113.219298076932,0.000000000000,,gps_back
67.236353231929,113.201284410638,0.000000000000,,gps_back
67.188917751248,113.185472583740,0.000000000000,,gps_back
67.142805043666,113.166541024625,0.000000000000,,gps_back
67.098618535202,113.143141429671,0.000000000000,,gps_back
67.053859505333,113.120948072264,0.000000000000,,gps_back
67.007529994046,113.102212406228,0.000000000000,,gps_back
66.960759122447,113.084550521672,0.000000000000,,gps_back
66.914575459328,113.065402373628,0.000000000000,,gps_back
66.868730078645,113.045443940808,0.000000000000,,gps_back
66.822922763629,113.025398413009,0.000000000000,,gps_back
66.777149042367,113.005276158195,0.000000000000,,gps_back
66.731350015800,112.985211693643,0.000000000000,,gps_back
66.685518096205,112.965222350394,0.000000000000,,gps_back
66.639686176610,112.945233007145,0.000000000000,,gps_back
66.593854257015,112.925243663896,0.000000000000,,gps_back
66.547792132715,112.905802585711,0.000000000000,,gps_back
66.501195212446,112.887682988423,0.000000000000,,gps_back
66.454293420935,112.870352072393,0.000000000000,,gps_back
66.407391629425,112.853021156364,0.000000000000,,gps_back
66.360489837914,112.835690240335,0.000000000000,,gps_back
66.313768451081,112.817888069136,0.000000000000,,gps_back
66.267312783072,112.799394792213,0.000000000000,,gps_back
66.220895728565,112.780804586506,0.000000000000,,gps_back
66.174478674059,112.762214380798,0.000000000000,,gps_back
66.128067758233,112.743608864590,0.000000000000,,gps_back
66.081669201651,112.724972543380,0.000000000000,,gps_back
66.035276304836,112.706322132597,0.000000000000,,gps_back
65.988883408020,112.687671721814,0.000000000000,,gps_back
65.942402654903,112.669243383634,0.000000000000,,gps_back
65.895609234145,112.651633766602,0.000000000000,,gps_back
65.848557264590,112.634714816920,0.000000000000,,gps_back
65.801505295035,112.617795867239,0.000000000000,,gps_back
65.754519362419,112.600695801823,0.000000000000,,gps_back
65.707828945982,112.582815623200,0.000000000000,,gps_back
65.661411891475,112.564225417493,0.000000000000,,gps_back
65.614994836969,112.545635211785,0.000000000000,,gps_back
65.568577782462,112.527045006078,0.000000000000,,gps_back
65.521806938746,112.509401532381,0.000000000000,,gps_back
65.474564399667,112.493022273568,0.000000000000,,gps_back
65.427309562751,112.476678495382,0.000000000000,,gps_back
65.380054725836,112.460334717197,0.000000000000,,gps_back
65.332597156248,112.444606756927,0.000000000000,,gps_back
65.284811447543,112.429889282055,0.000000000000,,gps_back
65.236943078421,112.415440824184,0.000000000000,,gps_back
65.189074709298,112.400992366314,0.000000000000,,gps_back
65.141160810908,112.386696778472,0.000000000000,,gps_back
65.093174165798,112.372646239271,0.000000000000,,gps_back
65.045170133481,112.358655114276,0.000000000000,,gps_back
64.997166101164,112.344663989281,0.000000000000,,gps_back
64.949249163433,112.330381649954,0.000000000000,,gps_back
64.901500034513,112.315545340574,0.000000000000,,gps_back
64.853821558713,112.300482085858,0.000000000000,,gps_back
64.806143082912,112.285418831142,0.000000000000,,gps_back
64.758410073954,112.270530760550,0.000000000000,,gps_back
64.710593193770,112.255912888389,0.000000000000,,gps_back
64.662759693617,112.241349408023,0.000000000000,,gps_back
64.614926193463,112.226785927656,0.000000000000,,gps_back
64.567080193636,112.212263648892,0.000000000000,,gps_back
64.519215259755,112.197803818547,0.000000000000,,gps_back
64.471346890632,112.183355360678,0.000000000000,,gps_back
64.423478521509,112.168906902808,0.000000000000,,gps_back
64.375311010195,112.155551984420,0.000000000000,,gps_back
64.326705071094,112.143824001706,0.000000000000,,gps_back
64.278036063900,112.132358120314,0.000000000000,,gps_back
64.229367056707,112.120892238922,0.000000000000,,gps_back
64.180681177766,112.109498524129,0.000000000000,,gps_back
64.131967654946,112.098223304985,0.000000000000,,gps_back
64.083544612348,112.085833018895,0.000000000000,,gps_back
64.035731052162,112.071229382440,0.000000000000,,gps_back
63.987964328745,112.056478027158,0.000000000000,,gps_back
63.939605337761,112.043832001029,0.000000000000,,gps_back
63.890989137104,112.032155235076,0.000000000000,,gps_back
63.842803925512,112.018859870491,0.000000000000,,gps_back
63.794999889100,112.004199965988,0.000000000000,,gps_back
63.746720305778,111.991369740945,0.000000000000,,gps_back
63.697800956549,111.981024977696,0.000000000000,,gps_back
63.648819422171,111.970978899744,0.000000000000,,gps_back
63.599786439951,111.961186210373,0.000000000000,,gps_back
63.550765297404,111.951335747486,0.000000000000,,gps_back
63.501991866879,111.940372966729,0.000000000000,,gps_back
63.453483396330,111.928245849089,0.000000000000,,gps_back
63.404974925780,111.916118731448,0.000000000000,,gps_back
63.356466455231,111.903991613808,0.000000000000,,gps_back
63.307957984681,111.891864496168,0.000000000000,,gps_back
63.259449514131,111.879737378531,0.000000000000,,gps_back
63.210941043580,111.867610260897,0.000000000000,,gps_back
63.162432573030,111.855483143262,0.000000000000,,gps_back
63.113924102479,111.843356025627,0.000000000000,,gps_back
63.065305789275,111.831689398380,0.000000000000,,gps_back
63.016447248249,111.821073423958,0.000000000000,,gps_back
62.967461541445,111.811046498896,0.000000000000,,gps_back
62.918475834641,111.801019573834,0.000000000000,,gps_back
62.869490127837,111.790992648772,0.000000000000,,gps_back
62.820383770949,111.781603074484,0.000000000000,,gps_back
62.771079698664,111.773286736153,0.000000000000,,gps_back
62.721720720940,111.765297367256,0.000000000000,,gps_back
62.672361743216,111.757307998358,0.000000000000,,gps_back
62.623028348653,111.749164080641,0.000000000000,,gps_back
62.573898748975,111.739925398026,0.000000000000,,gps_back
62.524988349997,111.729537348683,0.000000000000,,gps_back
62.475770377526,111.720973244975,0.000000000000,,gps_back
62.426115936274,111.715107489876,0.000000000000,,gps_back
62.376407581860,111.709702103785,0.000000000000,,gps_back
62.326699227447,111.704296717693,0.000000000000,,gps_back
62.277004785372,111.698766706241,0.000000000000,,gps_back
62.227453834884,111.692153696755,0.000000000000,,gps_back
62.178063463067,111.684360759627,0.000000000000,,gps_back
62.128673091250,111.676567822500,0.000000000000,,gps_back
62.079282719433,111.668774885373,0.000000000000,,gps_back
62.029837074665,111.661352798881,0.000000000000,,gps_back
61.980241472752,111.655036367988,0.000000000000,,gps_back
61.930544616671,111.649526268804,0.000000000000,,gps_back
61.880847760591,111.644016169620,0.000000000000,,gps_back
61.831150904511,111.638506070435,0.000000000000,,gps_back
61.781655410217,111.631594042258,0.000000000000,,gps_back
61.732561378864,111.622150204356,0.000000000000,,gps_back
61.683506007540,111.612507760705,0.000000000000,,gps_back
61.634059424898,111.605265523810,0.000000000000,,gps_back
61.584351070483,111.599860137724,0.000000000000,,gps_back
61.534642716069,111.594454751639,0.000000000000,,gps_back
61.484934361655,111.589049365553,0.000000000000,,gps_back
61.435235449082,111.583558693129,0.000000000000,,gps_back
61.385554313861,111.577908903364,0.000000000000,,gps_back
61.335880566843,111.572194224501,0.000000000000,,gps_back
61.286206819825,111.566479545638,0.000000000000,,gps_back
61.236524629091,111.560839375563,0.000000000000,,gps_back
61.186747784512,111.556223985131,0.000000000000,,gps_back
61.136864884423,111.552783785128,0.000000000000,,gps_back
61.086981984335,111.549343585126,0.000000000000,,gps_back
61.037099084246,111.545903385123,0.000000000000,,gps_back
60.987285772273,111.541665162918,0.000000000000,,gps_back
60.937596301446,111.536100516999,0.000000000000,,gps_back
60.887830608027,111.531504014421,0.000000000000,,gps_back
60.837879109008,111.529483332219,0.000000000000,,gps_back
60.787949962406,111.527226509250,0.000000000000,,gps_back
60.738220800640,111.522180733062,0.000000000000,,gps_back
60.688623485719,111.515839010946,0.000000000000,,gps_back
60.638990829023,111.509778807296,0.000000000000,,gps_back
60.589241617265,111.504908676227,0.000000000000,,gps_back
60.539315083364,111.502456085906,0.000000000000,,gps_back
60.489325414869,111.501373941123,0.000000000000,,gps_back
60.439333627014,111.500397949371,0.000000000000,,gps_back
60.389340001087,111.499517004430,0.000000000000,,gps_back
60.339470787538,111.496643606512,0.000000000000,,gps_back
60.289763336431,111.491230457573,0.000000000000,,gps_back
60.239955527820,111.487114822260,0.000000000000,,gps_back
60.189990789076,111.485326970967,0.000000000000,,gps_back
60.139999633303,111.484315699555,0.000000000000,,gps_back
60.090007133375,111.483374575032,0.000000000000,,gps_back
60.040013507449,111.482493630078,0.000000000000,,gps_back
59.990141739460,111.479642124483,0.000000000000,,gps_back
59.940422111888,111.474341460534,0.000000000000,,gps_back
59.890614933111,111.470108885914,0.000000000000,,gps_back
59.840663170495,111.468117932230,0.000000000000,,gps_back
59.790669604480,111.467233593981,0.000000000000,,gps_back
59.740676005556,111.466351119042,0.000000000000,,gps_back
59.690682371485,111.465470636557,0.000000000000,,gps_back
59.640688292343,111.464616268182,0.000000000000,,gps_back
59.590693678236,111.463793311568,0.000000000000,,gps_back
59.540700390357,111.462897064967,0.000000000000,,gps_back
59.490709807507,111.461859246849,0.000000000000,,gps_back
59.440719889461,111.460788906510,0.000000000000,,gps_back
59.390727894253,111.459822617591,0.000000000000,,gps_back
59.340734307852,111.458939434363,0.000000000000,,gps_back
59.290740215725,111.458085905182,0.000000000000,,gps_back
59.240745546228,111.457266320433,0.000000000000,,gps_back
59.190751179803,111.456428691185,0.000000000000,,gps_back
59.140757381844,111.455557652773,0.000000000000,,gps_back
59.090763642663,111.454683235003,0.000000000000,,gps_back
59.040769362724,111.453840481356,0.000000000000,,gps_back
58.990774693227,111.453020896619,0.000000000000,,gps_back
58.940782261380,111.452083646885,0.000000000000,,gps_back
58.890792815919,111.450990991515,0.000000000000,,gps_back
58.840820119368,111.451373409281,0.000000000000,,gps_back
58.790916027174,111.454367892126,0.000000000000,,gps_back
58.741021520134,111.457509548227,0.000000000000,,gps_back
58.691048557718,111.458320468159,0.000000000000,,gps_back
58.641053888220,111.457500883410,0.000000000000,,gps_back
58.591060805423,111.456594665748,0.000000000000,,gps_back
58.541069771015,111.455577249400,0.000000000000,,gps_back
58.491083780727,111.455674035574,0.000000000000,,gps_back
58.441165483742,111.458270005721,0.000000000000,,gps_back
58.391287815017,111.461742100141,0.000000000000,,gps_back
58.341334533239,111.462939910391,0.000000000000,,gps_back
58.291339863742,111.462120325642,0.000000000000,,gps_back
58.241377188453,111.462931723976,0.000000000000,,gps_back
58.191481401420,111.466144564654,0.000000000000,,gps_back
58.141564705028,111.468802561064,0.000000000000,,gps_back
58.091577008568,111.469142955902,0.000000000000,,gps_back
58.041580717398,111.468854783287,0.000000000000,,gps_back
57.991664410508,111.471043256512,0.000000000000,,gps_back
57.941845386234,111.475309733594,0.000000000000,,gps_back
57.892013218045,111.479417454087,0.000000000000,,gps_back
57.842168291041,111.483369915255,0.000000000000,,gps_back
57.792316597651,111.487234909862,0.000000000000,,gps_back
57.742455924112,111.490983477051,0.000000000000,,gps_back
57.692602233118,111.494822108531,0.000000000000,,gps_back
57.642763755427,111.498854368821,0.000000000000,,gps_back
57.592931946802,111.502968921829,0.000000000000,,gps_back
57.543100138176,111.507083474837,0.000000000000,,gps_back
57.493269843850,111.511216278338,0.000000000000,,gps_back
57.443446608384,111.515432827995,0.000000000000,,gps_back
57.393629533271,111.519722084663,0.000000000000,,gps_back
57.343811643413,111.524001859136,0.000000000000,,gps_back
57.293992946578,111.528272238856,0.000000000000,,gps_back
57.244175048027,111.532551909737,0.000000000000,,gps_back
57.194358076252,111.536842366646,0.000000000000,,gps_back
57.144827532376,111.543270396812,0.000000000000,,gps_back
57.095670752165,111.552419856737,0.000000000000,,gps_back
57.046281583117,111.559958502657,0.000000000000,,gps_back
56.996521803844,111.564837835073,0.000000000000,,gps_back
56.946715370796,111.569247038165,0.000000000000,,gps_back
56.896926395949,111.573850650385,0.000000000000,,gps_back
56.847131395874,111.578386741946,0.000000000000,,gps_back
56.797318683960,111.582726142060,0.000000000000,,gps_back
56.747511841821,111.587130863736,0.000000000000,,gps_back
56.697722381006,111.591729151781,0.000000000000,,gps_back
56.648106449545,111.597746204801,0.000000000000,,gps_back
56.598768884340,111.605849095276,0.000000000000,,gps_back
56.549384531376,111.613615729195,0.000000000000,,gps_back
56.499701115383,111.619086100196,0.000000000000,,gps_back
56.449941471394,111.623919182956,0.000000000000,,gps_back
56.400531025542,111.631362483156,0.000000000000,,gps_back
56.351420239251,111.640757660056,0.000000000000,,gps_back
56.302305527819,111.650132280412,0.000000000000,,gps_back
56.253187237039,111.659488145318,0.000000000000,,gps_back
56.204068946260,111.668844010231,0.000000000000,,gps_back
56.154950655482,111.678199875150,0.000000000000,,gps_back
56.105527540553,111.685411105763,0.000000000000,,gps_back
56.055730535063,111.689922729040,0.000000000000,,gps_back
56.006146271650,111.696049401989,0.000000000000,,gps_back
55.956903927863,111.704717841964,0.000000000000,,gps_back
55.907759129274,111.713932976160,0.000000000000,,gps_back
55.858640415817,111.723286523293,0.000000000000,,gps_back
55.809528243980,111.732674447725,0.000000000000,,gps_back
55.760411912502,111.742040588103,0.000000000000,,gps_back
55.711285313707,111.751352605498,0.000000000000,,gps_back
55.662137708732,111.760552996950,0.000000000000,,gps_back
55.613077163587,111.770190903921,0.000000000000,,gps_back
55.564436609725,111.781691043196,0.000000000000,,gps_back
55.516148326305,111.794667189839,0.000000000000,,gps_back
55.467497636934,111.806080268032,0.000000000000,,gps_back
55.418404381389,111.815565832119,0.000000000000,,gps_back
55.369467160887,111.825782886926,0.000000000000,,gps_back
55.320791784085,111.837219118593,0.000000000000,,gps_back
55.272176328710,111.848909978097,0.000000000000,,gps_back
55.223560873334,111.860600837600,0.000000000000,,gps_back
55.175083809606,111.872837865392,0.000000000000,,gps_back
55.126934761826,111.886304975080,0.000000000000,,gps_back
55.078794964424,111.899801340994,0.000000000000,,gps_back
55.030066342463,111.910859107835,0.000000000000,,gps_back
54.980974465226,111.920344622546,0.000000000000,,gps_back
54.932453940847,111.932223122227,0.000000000000,,gps_back
54.884498905715,111.946381275452,0.000000000000,,gps_back
54.836000061332,111.958291434156,0.000000000000,,gps_back
54.786858958371,111.967526193434,0.000000000000,,gps_back
54.738144138201,111.978592758957,0.000000000000,,gps_back
54.690056946620,111.992287949089,0.000000000000,,gps_back
54.642210842081,112.006804436177,0.000000000000,,gps_back
54.594554412180,112.021935554399,0.000000000000,,gps_back
54.546757746659,112.036598452825,0.000000000000,,gps_back
54.498594048831,112.050020890436,0.000000000000,,gps_back
54.450324987845,112.063067640226,0.000000000000,,gps_back
54.402194118390,112.076610279891,0.000000000000,,gps_back
54.354221438098,112.090707544666,0.000000000000,,gps_back
54.306962840844,112.106895639100,0.000000000000,,gps_back
54.260461754536,112.125274639876,0.000000000000,,gps_back
54.213253840850,112.141587542930,0.000000000000,,gps_back
54.165104567966,112.155059742778,0.000000000000,,gps_back
54.116873920578,112.168245309373,0.000000000000,,gps_back
54.068815746242,112.182044874921,0.000000000000,,gps_back
54.021019854735,112.196719994345,0.000000000000,,gps_back
53.973913222485,112.213408542823,0.000000000000,,gps_back
53.927382402655,112.231712135453,0.000000000000,,gps_back
53.881696134250,112.251911776045,0.000000000000,,gps_back
53.836969598208,112.274265200894,0.000000000000,,gps_back
53.791677672697,112.295400772285,0.000000000000,,gps_back
53.745461906066,112.314469961111,0.000000000000,,gps_back
53.698936404473,112.332787061350,0.000000000000,,gps_back
53.652425556506,112.351141327660,0.000000000000,,gps_back
53.606053844837,112.369840749814,0.000000000000,,gps_back
53.560888224950,112.391132661760,0.000000000000,,gps_back
53.516914498925,112.414932874296,0.000000000000,,gps_back
53.471837646365,112.436397126855,0.000000000000,,gps_back
53.425433932677,112.455018969459,0.000000000000,,gps_back
53.378923602401,112.473374545277,0.000000000000,,gps_back
53.332398133373,112.491691729527,0.000000000000,,gps_back
53.286325190198,112.511079103311,0.000000000000,,gps_back
53.241586036330,112.533323213216,0.000000000000,,gps_back
53.197551457593,112.557006101953,0.000000000000,,gps_back
53.152477127478,112.578558754734,0.000000000000,,gps_back
53.106609984019,112.598465255909,0.000000000000,,gps_back
53.062243930451,112.621307632789,0.000000000000,,gps_back
53.019397539492,112.647082130133,0.000000000000,,gps_back
52.976032481861,112.671951240444,0.000000000000,,gps_back
52.932110420223,112.695846662574,0.000000000000,,gps_back
52.888168032416,112.719704643296,0.000000000000,,gps_back
52.844198959742,112.743513449631,0.000000000000,,gps_back
52.800240490821,112.767341806147,0.000000000000,,gps_back
52.756308170247,112.791218352983,0.000000000000,,gps_back
52.712386108609,112.815113775113,0.000000000000,,gps_back
52.668464046971,112.839009197244,0.000000000000,,gps_back
52.624536379526,112.862894309298,0.000000000000,,gps_back
52.580583582090,112.886733112779,0.000000000000,,gps_back
52.536630843975,112.910572017280,0.000000000000,,gps_back
52.493696621336,112.936118706643,0.000000000000,,gps_back
52.451862181714,112.963505169700,0.000000000000,,gps_back
52.409315768358,112.989732981727,0.000000000000,,gps_back
52.365702475794,113.014180000213,0.000000000000,,gps_back
52.321790854568,113.038094591863,0.000000000000,,gps_back
52.277900928405,113.062048977264,0.000000000000,,gps_back
52.234016121443,113.086012746506,0.000000000000,,gps_back
52.190110059267,113.109937532530,0.000000000000,,gps_back
52.146328533187,113.134087553638,0.000000000000,,gps_back
52.104131970450,113.160766891259,0.000000000000,,gps_back
52.063506294366,113.189916387653,0.000000000000,,gps_back
52.021423230861,113.216768275536,0.000000000000,,gps_back
51.977625800454,113.240890108566,0.000000000000,,gps_back
51.933685902694,113.264752684945,0.000000000000,,gps_back
51.889719645317,113.288566686817,0.000000000000,,gps_back
51.846271116872,113.313287786853,0.000000000000,,gps_back
51.803925711515,113.339857174281,0.000000000000,,gps_back
51.761698920051,113.366619797731,0.000000000000,,gps_back
51.717454744414,113.389658770454,0.000000000000,,gps_back
51.671650105842,113.409709471890,0.000000000000,,gps_back
51.626795908819,113.431712070335,0.000000000000,,gps_back
51.582873847181,113.455607492466,0.000000000000,,gps_back
51.538430519378,113.478488162794,0.000000000000,,gps_back
51.493367237639,113.500154272952,0.000000000000,,gps_back
51.448787868892,113.522765193848,0.000000000000,,gps_back
51.404830211517,113.546594962651,0.000000000000,,gps_back
51.360889529783,113.570456093069,0.000000000000,,gps_back
51.316922533646,113.594268731788,0.000000000000,,gps_back
51.272962287558,113.618093815180,0.000000000000,,gps_back
51.229027955446,113.641966656368,0.000000000000,,gps_back
51.184767044002,113.665216107640,0.000000000000,,gps_back
51.139552143191,113.686516165668,0.000000000000,,gps_back
51.093907694151,113.706923477598,0.000000000000,,gps_back
51.049182604361,113.729220755369,0.000000000000,,gps_back
51.005209744501,113.753022568105,0.000000000000,,gps_back
50.961261895093,113.776870471575,0.000000000000,,gps_back
50.917339833461,113.800765893715,0.000000000000,,gps_back
50.872926869744,113.823709278142,0.000000000000,,gps_back
50.827898084630,113.845446368698,0.000000000000,,gps_back
50.782424364590,113.866219557855,0.000000000000,,gps_back
50.736535673825,113.886077922645,0.000000000000,,gps_back
50.690634709530,113.905908021349,0.000000000000,,gps_back
50.644777901058,113.925840188137,0.000000000000,,gps_back
50.598495688339,113.944725964681,0.000000000000,,gps_back
50.551562785791,113.961963470173,0.000000000000,,gps_back
50.504902906166,113.979884449112,0.000000000000,,gps_back
50.458853742419,113.999366007152,0.000000000000,,gps_back
50.412312940416,114.017562600583,0.000000000000,,gps_back
50.364922800277,114.033496302509,0.000000000000,,gps_back
50.318113823815,114.050919512357,0.000000000000,,gps_back
50.272558431828,114.071506202985,0.000000000000,,gps_back
50.226471904322,114.090730203976,0.000000000000,,gps_back
50.179101567119,114.106712522950,0.000000000000,,gps_back
50.131332072145,114.121479184651,0.000000000000,,gps_back
50.083401316808,114.135718570423,0.000000000000,,gps_back
50.036109236211,114.151810496991,0.000000000000,,gps_back
49.990268759230,114.171690995561,0.000000000000,,gps_back
49.944937037746,114.192781239634,0.000000000000,,gps_back
49.899175627026,114.212927061947,0.000000000000,,gps_back
49.853094503407,114.232331191838,0.000000000000,,gps_back
49.806714855920,114.251010269949,0.000000000000,,gps_back
49.760256952809,114.269497072816,0.000000000000,,gps_back
49.714138037592,114.288802615760,0.000000000000,,gps_back
49.668346777218,114.308884428115,0.000000000000,,gps_back
49.623048917326,114.330030391454,0.000000000000,,gps_back
49.578199510766,114.352136260100,0.000000000000,,gps_back
49.532115431156,114.371258742054,0.000000000000,,gps_back
49.484463369281,114.386372719550,0.000000000000,,gps_back
49.437538425399,114.403369827038,0.000000000000,,gps_back
49.392641176530,114.425265163024,0.000000000000,,gps_back
49.348181746930,114.448115137870,0.000000000000,,gps_back
49.302414718974,114.468161508649,0.000000000000,,gps_back
49.256014197114,114.486789693755,0.000000000000,,gps_back
49.210925673653,114.508229555792,0.000000000000,,gps_back
49.167003612015,114.532124977923,0.000000000000,,gps_back
49.123101545376,114.556057080248,0.000000000000,,gps_back
49.079221032163,114.580028714379,0.000000000000,,gps_back
49.034374494949,114.602032671677,0.000000000000,,gps_back
48.988220035574,114.621243985938,0.000000000000,,gps_back
48.942657925743,114.641715460202,0.000000000000,,gps_back
48.899448445537,114.666719316583,0.000000000000,,gps_back
48.857255487006,114.693542157952,0.000000000000,,gps_back
48.812670910167,114.715733717796,0.000000000000,,gps_back
48.766140090337,114.734037310427,0.000000000000,,gps_back
48.720740225958,114.754820305997,0.000000000000,,gps_back
48.676622186526,114.778348033236,0.000000000000,,gps_back
48.632409278280,114.801693065285,0.000000000000,,gps_back
48.587778834430,114.824235651118,0.000000000000,,gps_back
48.543143663918,114.846769220212,0.000000000000,,gps_back
48.498934698566,114.870121018914,0.000000000000,,gps_back
48.454963485504,114.893925662216,0.000000000000,,gps_back
48.410561651822,114.916902969470,0.000000000000,,gps_back
48.365796701027,114.939179366792,0.000000000000,,gps_back
48.321726319662,114.962756577790,0.000000000000,,gps_back
48.278556165865,114.987980696504,0.000000000000,,gps_back
48.236012544538,115.014241702484,0.000000000000,,gps_back
48.194015524514,115.041376434978,0.000000000000,,gps_back
48.152181084888,115.068762898031,0.000000000000,,gps_back
48.110346645266,115.096149361089,0.000000000000,,gps_back
48.068512205645,115.123535824148,0.000000000000,,gps_back
48.026677766021,115.150922287202,0.000000000000,,gps_back
47.984843326393,115.178308750251,0.000000000000,,gps_back
47.943500442432,115.206418954605,0.000000000000,,gps_back
47.902791946759,115.235451265680,0.000000000000,,gps_back
47.861856439051,115.264156542869,0.000000000000,,gps_back
47.820280522202,115.291929761234,0.000000000000,,gps_back
47.778146122480,115.318847032610,0.000000000000,,gps_back
47.734925976781,115.343942125974,0.000000000000,,gps_back
47.691036362679,115.367896490077,0.000000000000,,gps_back
47.648911360646,115.394660552259,0.000000000000,,gps_back
47.608364128375,115.423919066448,0.000000000000,,gps_back
47.567512055594,115.452745885107,0.000000000000,,gps_back
47.526334795723,115.481110781335,0.000000000000,,gps_back
47.485120199817,115.509421482167,0.000000000000,,gps_back
47.443905603911,115.537732182999,0.000000000000,,gps_back
47.402691008005,115.566042883832,0.000000000000,,gps_back
47.361476412099,115.594353584664,0.000000000000,,gps_back
47.320261816193,115.622664285496,0.000000000000,,gps_back
47.279047220287,115.650974986328,0.000000000000,,gps_back
47.237832624381,115.679285687160,0.000000000000,,gps_back
47.196925390279,115.708034067260,0.000000000000,,gps_back
47.156343114030,115.737243889295,0.000000000000,,gps_back
47.114885690927,115.765153465273,0.000000000000,,gps_back
47.072250183937,115.791268356172,0.000000000000,,gps_back
47.030135884624,115.818181624125,0.000000000000,,gps_back
46.989220475610,115.846914006334,0.000000000000,,gps_back
46.948392681784,115.875775068312,0.000000000000,,gps_back
46.906960881372,115.903761682111,0.000000000000,,gps_back
46.865620570930,115.931880786311,0.000000000000,,gps_back
46.824920000793,115.960921817605,0.000000000000,,gps_back
46.784180686074,115.989907963727,0.000000000000,,gps_back
46.742738414681,116.017874852245,0.000000000000,,gps_back
46.700961395605,116.045348644508,0.000000000000,,gps_back
46.659848627333,116.073788206423,0.000000000000,,gps_back
46.619301395063,116.103046720612,0.000000000000,,gps_back
46.579844560630,116.133712094564,0.000000000000,,gps_back
46.541498372364,116.165800805179,0.000000000000,,gps_back
46.502084404839,116.196515419240,0.000000000000,,gps_back
46.460894438429,116.224837145973,0.000000000000,,gps_back
46.419562715700,116.252963517648,0.000000000000,,gps_back
46.380061316243,116.283544428696,0.000000000000,,gps_back
46.341809091758,116.315745453823,0.000000000000,,gps_back
46.303502687509,116.347881906760,0.000000000000,,gps_back
46.265145305565,116.379957597594,0.000000000000,,gps_back
46.226823558208,116.412075806494,0.000000000000,,gps_back
46.188554287985,116.444256559826,0.000000000000,,gps_back
46.149622866836,116.475616026541,0.000000000000,,gps_back
46.108908251826,116.504578507866,0.000000000000,,gps_back
46.067195850836,116.532150316174,0.000000000000,,gps_back
46.026958151382,116.561744381276,0.000000000000,,gps_back
45.988009441189,116.593099391588,0.000000000000,,gps_back
45.950297533460,116.625882296976,0.000000000000,,gps_back
45.913705752910,116.659958392607,0.000000000000,,gps_back
45.875400282351,116.691995978149,0.000000000000,,gps_back
45.835180064892,116.721696771365,0.000000000000,,gps_back
45.795167132960,116.751669867554,0.000000000000,,gps_back
45.755942386195,116.782675311745,0.000000000000,,gps_back
45.717728419346,116.814903547594,0.000000000000,,gps_back
45.680682091259,116.848477302507,0.000000000000,,gps_back
45.643995688775,116.882451250859,0.000000000000,,gps_back
45.607092366361,116.916189199330,0.000000000000,,gps_back
45.570186127911,116.949924076352,0.000000000000,,gps_back
45.533494667914,116.983892465502,0.000000000000,,gps_back
45.496808387804,117.017866546752,0.000000000000,,gps_back
45.459843002581,117.051535884988,0.000000000000,,gps_back
45.422845120216,117.085170026750,0.000000000000,,gps_back
45.386177763294,117.119163605457,0.000000000000,,gps_back
45.349241445191,117.152859978557,0.000000000000,,gps_back
45.310513212441,117.184419145250,0.000000000000,,gps_back
45.271228854715,117.215334939481,0.000000000000,,gps_back
45.233366557668,117.247972398716,0.000000000000,,gps_back
45.195684006855,117.280829034506,0.000000000000,,gps_back
45.157103720037,117.312630338578,0.000000000000,,gps_back
45.118674531243,117.344610786520,0.000000000000,,gps_back
45.081208217435,117.377715235237,0.000000000000,,gps_back
45.043173151862,117.410139287958,0.000000000000,,gps_back
45.003636739491,117.440735955028,0.000000000000,,gps_back
44.964917767935,117.472310153679,0.000000000000,,gps_back
44.927659011774,117.505653521230,0.000000000000,,gps_back
44.891893392310,117.540554801150,0.000000000000,,gps_back
44.857320700282,117.576677575056,0.000000000000,,gps_back
44.821582557093,117.611608333257,0.000000000000,,gps_back
44.784587337569,117.645245216849,0.000000000000,,gps_back
44.747447620808,117.678723271395,0.000000000000,,gps_back
44.710311376802,117.712205177775,0.000000000000,,gps_back
44.673237500626,117.745756027805,0.000000000000,,gps_back
44.636412386529,117.779578732918,0.000000000000,,gps_back
44.600908953994,117.814753984899,0.000000000000,,gps_back
44.566277820291,117.850820485167,0.000000000000,,gps_back
44.530254096415,117.885454053933,0.000000000000,,gps_back
44.493114379656,117.918932108482,0.000000000000,,gps_back
44.455974662894,117.952410163028,0.000000000000,,gps_back
44.418851859649,117.985906963146,0.000000000000,,gps_back
44.381789827196,118.019470937013,0.000000000000,,gps_back
44.345248015467,118.053594253901,0.000000000000,,gps_back
44.309994192649,118.089034262646,0.000000000000,,gps_back
44.275053788911,118.124796952121,0.000000000000,,gps_back
44.238757318578,118.159162417056,0.000000000000,,gps_back
44.201228096125,118.192198668184,0.000000000000,,gps_back
44.162781869198,118.224156734228,0.000000000000,,gps_back
44.124585222511,118.256405271582,0.000000000000,,gps_back
44.088519193825,118.290980187015,0.000000000000,,gps_back
44.052376241805,118.325484267562,0.000000000000,,gps_back
44.014118776518,118.357650411207,0.000000000000,,gps_back
43.976360341354,118.390376368351,0.000000000000,,gps_back
43.940947606662,118.425639852122,0.000000000000,,gps_back
43.906466453255,118.461849939779,0.000000000000,,gps_back
43.871776381875,118.497859863871,0.000000000000,,gps_back
43.837140523997,118.533921712176,0.000000000000,,gps_back
43.802706235305,118.570176512001,0.000000000000,,gps_back
43.768290584010,118.606449076671,0.000000000000,,gps_back
43.733815621849,118.642665298193,0.000000000000,,gps_back
43.698496885608,118.678043014592,0.000000000000,,gps_back
43.661871746186,118.712073355543,0.000000000000,,gps_back
43.626507217485,118.747345195506,0.000000000000,,gps_back
43.593652270457,118.785017275458,0.000000000000,,gps_back
43.560685011744,118.822593133062,0.000000000000,,gps_back
43.526520092295,118.859098635555,0.000000000000,,gps_back
43.491127730428,118.894399873714,0.000000000000,,gps_back
43.454506051713,118.928437768668,0.000000000000,,gps_back
43.418539981709,118.963145729891,0.000000000000,,gps_back
43.383842388302,118.999145364475,0.000000000000,,gps_back
43.349423109564,119.035414481006,0.000000000000,,gps_back
43.314945211992,119.071627911365,0.000000000000,,gps_back
43.281274437824,119.108578924941,0.000000000000,,gps_back
43.248822421367,119.146613094354,0.000000000000,,gps_back
43.215948098291,119.184273800481,0.000000000000,,gps_back
43.181928145481,119.220913930827,0.000000000000,,gps_back
43.148316755013,119.257921080558,0.000000000000,,gps_back
43.115868148740,119.295958221505,0.000000000000,,gps_back
43.082047281489,119.332718526788,0.000000000000,,gps_back
43.045792797844,119.367131360816,0.000000000000,,gps_back
43.011759587240,119.403572855970,0.000000000000,,gps_back
42.981324952073,119.443223465552,0.000000000000,,gps_back
42.950107266007,119.482233102886,0.000000000000,,gps_back
42.916522850696,119.519257552075,0.000000000000,,gps_back
42.882870084596,119.556228683294,0.000000000000,,gps_back
42.850387150700,119.594235419166,0.000000000000,,gps_back
42.818334614370,119.632612120068,0.000000000000,,gps_back
42.786220420856,119.670937258344,0.000000000000,,gps_back
42.754185887095,119.709328836727,0.000000000000,,gps_back
42.722285485255,119.747832074291,0.000000000000,,gps_back
42.691397064930,119.787136332714,0.000000000000,,gps_back
42.661682870578,119.827348370077,0.000000000000,,gps_back
42.632404330171,119.867880939621,0.000000000000,,gps_back
42.603301497875,119.908539956246,0.000000000000,,gps_back
42.574115888294,119.949139367874,0.000000000000,,gps_back
42.544761009451,119.989616850987,0.000000000000,,gps_back
42.514457158944,120.029375867957,0.000000000000,,gps_back
42.482882186588,120.068141376086,0.000000000000,,gps_back
42.451963948940,120.107418075794,0.000000000000,,gps_back
42.422478841296,120.147796016884,0.000000000000,,gps_back
42.392069742668,120.187457938529,0.000000000000,,gps_back
42.360286310428,120.226056427489,0.000000000000,,gps_back
42.329488459737,120.265423245947,0.000000000000,,gps_back
42.299834854489,120.305681919068,0.000000000000,,gps_back
42.270524788447,120.346191321679,0.000000000000,,gps_back
42.241436152239,120.386860534237,0.000000000000,,gps_back
42.212301387139,120.427496635574,0.000000000000,,gps_back
42.183079700598,120.468070415544,0.000000000000,,gps_back
42.153850379552,120.508638697347,0.000000000000,,gps_back
42.124621058507,120.549206979151,0.000000000000,,gps_back
42.096778032032,120.590712296674,0.000000000000,,gps_back
42.070119125874,120.633013984714,0.000000000000,,gps_back
42.043620124446,120.675416021120,0.000000000000,,gps_back
42.017201228707,120.717868118343,0.000000000000,,gps_back
41.989399598653,120.759401346057,0.000000000000,,gps_back
41.960319535135,120.800076273650,0.000000000000,,gps_back
41.931000349839,120.840579518609,0.000000000000,,gps_back
41.901604933633,120.881027611313,0.000000000000,,gps_back
41.872391790121,120.921607053345,0.000000000000,,gps_back
41.843437802382,120.962372105715,0.000000000000,,gps_back
41.815945258298,121.004111360498,0.000000000000,,gps_back
41.789529212366,121.046565231884,0.000000000000,,gps_back
41.763014930292,121.088957703598,0.000000000000,,gps_back
41.736410276485,121.131293631939,0.000000000000,,gps_back
41.708440092442,121.172714823687,0.000000000000,,gps_back
41.679629979462,121.213581133380,0.000000000000,,gps_back
41.652141189898,121.255330697567,0.000000000000,,gps_back
41.625565686650,121.297684931360,0.000000000000,,gps_back
41.599086462209,121.340099331764,0.000000000000,,gps_back
41.572495374667,121.382443369356,0.000000000000,,gps_back
41.544372907930,121.423759850100,0.000000000000,,gps_back
41.516017410740,121.464933179831,0.000000000000,,gps_back
41.490864700884,121.508069682752,0.000000000000,,gps_back
41.467089499280,121.552052906303,0.000000000000,,gps_back
41.441628946686,121.595068422148,0.000000000000,,gps_back
41.415187448547,121.637506434888,0.000000000000,,gps_back
41.388652829725,121.679886234139,0.000000000000,,gps_back
41.362210879556,121.722323700506,0.000000000000,,gps_back
41.336292648916,121.765081222362,0.000000000000,,gps_back
41.311378603920,121.808427978205,0.000000000000,,gps_back
41.287672823312,121.852447493227,0.000000000000,,gps_back
41.262587931583,121.895657991055,0.000000000000,,gps_back
41.234626639316,121.937084150491,0.000000000000,,gps_back
41.206986845183,121.978725544928,0.000000000000,,gps_back
41.180968014204,122.021420331711,0.000000000000,,gps_back
41.155299407850,122.064330195724,0.000000000000,,gps_back
41.129242298950,122.107003924910,0.000000000000,,gps_back
41.101749657776,122.148750496042,0.000000000000,,gps_back
41.073117897687,122.189741923602,0.000000000000,,gps_back
41.044177941079,122.230516905031,0.000000000000,,gps_back
41.015336146248,122.271361069703,0.000000000000,,gps_back
40.987240250942,122.312717573611,0.000000000000,,gps_back
40.961456113582,122.355516129845,0.000000000000,,gps_back
40.933802537887,122.397033392380,0.000000000000,,gps_back
40.902828838199,122.436275723145,0.000000000000,,gps_back
40.872940594658,122.476318480989,0.000000000000,,gps_back
40.845218540147,122.517920969381,0.000000000000,,gps_back
40.818995246074,122.560485753806,0.000000000000,,gps_back
40.792101628348,122.602617845798,0.000000000000,,gps_back
40.763192582949,122.643399988169,0.000000000000,,gps_back
40.731090997440,122.681640749253,0.000000000000,,gps_back
40.697195884446,122.718400237993,0.000000000000,,gps_back
40.663300771452,122.755159726733,0.000000000000,,gps_back
40.629405658458,122.791919215473,0.000000000000,,gps_back
40.595510545464,122.828678704213,0.000000000000,,gps_back
40.562710986598,122.866398052453,0.000000000000,,gps_back
40.529681154906,122.903917849744,0.000000000000,,gps_back
40.493452647373,122.938250156278,0.000000000000,,gps_back
40.458743782269,122.974020760985,0.000000000000,,gps_back
40.428352455911,123.013674127218,0.000000000000,,gps_back
40.397929930904,123.053328201138,0.000000000000,,gps_back
40.366207672045,123.091976911716,0.000000000000,,gps_back
40.334191087922,123.130383558375,0.000000000000,,gps_back
40.302949365815,123.169412885067,0.000000000000,,gps_back
40.273241299138,123.209619674102,0.000000000000,,gps_back
40.244251500360,123.250359431987,0.000000000000,,gps_back
40.215322787548,123.291142608232,0.000000000000,,gps_back
40.186355185582,123.331898136435,0.000000000000,,gps_back
40.157329731991,123.372612525249,0.000000000000,,gps_back
40.126657650596,123.412062999131,0.000000000000,,gps_back
40.094720379152,123.450535545026,0.000000000000,,gps_back
40.061275744097,123.487670070752,0.000000000000,,gps_back
40.026793142944,123.523879026058,0.000000000000,,gps_back
39.993643956521,123.561281543102,0.000000000000,,gps_back
39.961558118279,123.599630258060,0.000000000000,,gps_back
39.926682528717,123.635304943505,0.000000000000,,gps_back
39.889903633477,123.669178606512,0.000000000000,,gps_back
39.855956375493,123.705752349391,0.000000000000,,gps_back
39.823746640886,123.743996611424,0.000000000000,,gps_back
39.789965900916,123.780825521637,0.000000000000,,gps_back
39.755712019111,123.817245640624,0.000000000000,,gps_back
39.722931256417,123.854982492306,0.000000000000,,gps_back
39.690955376269,123.893423100904,0.000000000000,,gps_back
39.659058486447,123.931929250265,0.000000000000,,gps_back
39.626431157214,123.969808981687,0.000000000000,,gps_back
39.592309366337,124.006341944426,0.000000000000,,gps_back
39.558578522858,124.043232449413,0.000000000000,,gps_back
39.526166206852,124.081300551783,0.000000000000,,gps_back
39.493118032037,124.118805567016,0.000000000000,,gps_back
39.458918702586,124.155278966998,0.000000000000,,gps_back
39.424310655232,124.191367814077,0.000000000000,,gps_back
39.389562819520,124.227322250819,0.000000000000,,gps_back
39.356179088324,124.264512862282,0.000000000000,,gps_back
39.324008468787,124.302789837451,0.000000000000,,gps_back
39.290726388030,124.340078336878,0.000000000000,,gps_back
39.256435949362,124.376469067565,0.000000000000,,gps_back
39.220675074796,124.411377328760,0.000000000000,,gps_back
39.183704641423,124.445040886609,0.000000000000,,gps_back
39.148016808723,124.480019223945,0.000000000000,,gps_back
39.113446460377,124.516144207071,0.000000000000,,gps_back
39.076629898970,124.549858466385,0.000000000000,,gps_back
39.037893350898,124.581472648338,0.000000000000,,gps_back
38.998440898788,124.612183884800,0.000000000000,,gps_back
38.958578287534,124.642368380505,0.000000000000,,gps_back
38.919167610186,124.673133418275,0.000000000000,,gps_back
38.880082963069,124.704318808962,0.000000000000,,gps_back
38.840552659141,124.734931670002,0.000000000000,,gps_back
38.800839843803,124.765312663777,0.000000000000,,gps_back
38.761541319790,124.796224857782,0.000000000000,,gps_back
38.722348678127,124.827273978946,0.000000000000,,gps_back
38.682663093422,124.857685901409,0.000000000000,,gps_back
38.642667956474,124.887694670228,0.000000000000,,gps_back
38.602621376925,124.917634746808,0.000000000000,,gps_back
38.563009201198,124.948140890067,0.000000000000,,gps_back
38.523918350373,124.979317302846,0.000000000000,,gps_back
38.483954621315,125.009335507747,0.000000000000,,gps_back
38.442781678983,125.037697101449,0.000000000000,,gps_back
38.401169222105,125.065419368432,0.000000000000,,gps_back
38.359465257550,125.093004075206,0.000000000000,,gps_back
38.319117047951,125.122471620093,0.000000000000,,gps_back
38.279984210510,125.153594472034,0.000000000000,,gps_back
38.239754180779,125.183234598361,0.000000000000,,gps_back
38.198351253637,125.211265830904,0.000000000000,,gps_back
38.156790540718,125.239065862354,0.000000000000,,gps_back
38.115264387336,125.266917562914,0.000000000000,,gps_back
38.073623112470,125.294596282842,0.000000000000,,gps_back
38.032031428476,125.322349343958,0.000000000000,,gps_back
37.992045907392,125.352296376442,0.000000000000,,gps_back
37.952982587790,125.383508117228,0.000000000000,,gps_back
37.911573538231,125.411339168708,0.000000000000,,gps_back
37.868324123823,125.436426923284,0.000000000000,,gps_back
37.824458190889,125.460414632689,0.000000000000,,gps_back
37.781207666112,125.485460429411,0.000000000000,,gps_back
37.739186139903,125.512542573402,0.000000000000,,gps_back
37.696489821076,125.538508502169,0.000000000000,,gps_back
37.652627230094,125.562501978933,0.000000000000,,gps_back
37.608477457165,125.585974010110,0.000000000000,,gps_back
37.564252904373,125.609304469212,0.000000000000,,gps_back
37.519470176045,125.631525597801,0.000000000000,,gps_back
37.474115530547,125.652570692781,0.000000000000,,gps_back
37.427636622488,125.670883025180,0.000000000000,,gps_back
37.380995849787,125.688869114574,0.000000000000,,gps_back
37.335945315474,125.710425116361,0.000000000000,,gps_back
37.291459592955,125.733248780758,0.000000000000,,gps_back
37.246545469458,125.755218174653,0.000000000000,,gps_back
37.202183166504,125.778250525864,0.000000000000,,gps_back
37.158865791516,125.803207908466,0.000000000000,,gps_back
37.114947541025,125.827053478585,0.000000000000,,gps_back
37.069608223655,125.848085021825,0.000000000000,,gps_back
37.024028838746,125.868636825775,0.000000000000,,gps_back
36.979010953560,125.890385544438,0.000000000000,,gps_back
36.934196302128,125.912561601098,0.000000000000,,gps_back
36.888692764845,125.933248707358,0.000000000000,,gps_back
36.842758895056,125.953002651357,0.000000000000,,gps_back
36.797106243428,125.973390365695,0.000000000000,,gps_back
36.751648180967,125.994215899555,0.000000000000,,gps_back
36.705760585076,126.014057493122,0.000000000000,,gps_back
36.659096253349,126.031984697238,0.000000000000,,gps_back
36.612127873545,126.049134288161,0.000000000000,,gps_back
36.566056752989,126.068474112668,0.000000000000,,gps_back
36.520564538701,126.089224947266,0.000000000000,,gps_back
36.474250322316,126.107989673649,0.000000000000,,gps_back
36.426751989318,126.123525544340,0.000000000000,,gps_back
36.378835157903,126.137812460190,0.000000000000,,gps_back
36.330918326489,126.152099376041,0.000000000000,,gps_back
36.283001495075,126.166386291892,0.000000000000,,gps_back
36.235084663661,126.180673207742,0.000000000000,,gps_back
36.187167832247,126.194960123593,0.000000000000,,gps_back
36.139251000832,126.209247039444,0.000000000000,,gps_back
36.091334169418,126.223533955294,0.000000000000,,gps_back
36.043417338004,126.237820871145,0.000000000000,,gps_back
35.995500506590,126.252107786996,0.000000000000,,gps_back
35.947664435530,126.266661100452,0.000000000000,,gps_back
35.899910246565,126.281482356578,0.000000000000,,gps_back
35.852175245200,126.296365512896,0.000000000000,,gps_back
35.803944112816,126.309468586547,0.000000000000,,gps_back
35.755383619183,126.321385644273,0.000000000000,,gps_back
35.706780012543,126.333124971836,0.000000000000,,gps_back
35.658109033861,126.344581484482,0.000000000000,,gps_back
35.609410144222,126.355919775589,0.000000000000,,gps_back
35.560794067685,126.367604545862,0.000000000000,,gps_back
35.512257293786,126.379617571760,0.000000000000,,gps_back
35.463703786002,126.391562570840,0.000000000000,,gps_back
35.415028689433,126.402997246701,0.000000000000,,gps_back
35.366289034466,126.414158999746,0.000000000000,,gps_back
35.317559901990,126.425366538327,0.000000000000,,gps_back
35.268846036482,126.436640272910,0.000000000000,,gps_back
35.220137640899,126.447937657434,0.000000000000,,gps_back
35.172085117841,126.461618004008,0.000000000000,,gps_back
35.124585527731,126.477232598880,0.000000000000,,gps_back
35.077115423835,126.492939570995,0.000000000000,,gps_back
35.029470533091,126.508104244431,0.000000000000,,gps_back
34.981735531726,126.522987400749,0.000000000000,,gps_back
34.933677390771,126.536760323760,0.000000000000,,gps_back
34.885147666704,126.548770963085,0.000000000000,,gps_back
34.836448777063,126.560109254182,0.000000000000,,gps_back
34.787652180248,126.571013559514,0.000000000000,,gps_back
34.738773284401,126.581548581913,0.000000000000,,gps_back
34.689881807532,126.592025326966,0.000000000000,,gps_back
34.640656515735,126.600673652670,0.000000000000,,gps_back
34.591206714863,126.608079916501,0.000000000000,,gps_back
34.541638831616,126.614615842605,0.000000000000,,gps_back
34.491835073049,126.618812916704,0.000000000000,,gps_back
34.441926248418,126.621853956196,0.000000000000,,gps_back
34.392112092803,126.626072595998,0.000000000000,,gps_back
34.342486527431,126.632129075122,0.000000000000,,gps_back
34.292942564837,126.638876998344,0.000000000000,,gps_back
34.243224078897,126.644032157873,0.000000000000,,gps_back
34.193346016902,126.647500421913,0.000000000000,,gps_back
34.143437192270,126.650541461405,0.000000000000,,gps_back
34.093473548262,126.651392505541,0.000000000000,,gps_back
34.043478240635,126.650632702170,0.000000000000,,gps_back
33.993481051451,126.650029102081,0.000000000000,,gps_back
33.943530542354,126.651620112267,0.000000000000,,gps_back
33.893611174313,126.654482871725,0.000000000000,,gps_back
33.843701638624,126.657509402794,0.000000000000,,gps_back
33.793820569218,126.660966243892,0.000000000000,,gps_back
33.743953585917,126.664629940621,0.000000000000,,gps_back
33.694253822625,126.669951078971,0.000000000000,,gps_back
33.644690526794,126.676552903153,0.000000000000,,gps_back
33.595108992740,126.683014911925,0.000000000000,,gps_back
33.545265752840,126.684895443591,0.000000000000,,gps_back
33.495272393364,126.683999505248,0.000000000000,,gps_back
33.445287766070,126.684567850908,0.000000000000,,gps_back
33.395681145786,126.690003833254,0.000000000000,,gps_back
33.346306482541,126.697895685176,0.000000000000,,gps_back
33.296671893734,126.703711166195,0.000000000000,,gps_back
33.246832620237,126.707713167368,0.000000000000,,gps_back
33.196908258597,126.710366903968,0.000000000000,,gps_back
33.146928910394,126.710504690791,0.000000000000,,gps_back
33.096938018276,126.709480287263,0.000000000000,,gps_back
33.046946377821,126.708493522025,0.000000000000,,gps_back
32.996954205938,126.707533605479,0.000000000000,,gps_back
32.946961507302,126.706601743175,0.000000000000,,gps_back
32.896967476362,126.705745368462,0.000000000000,,gps_back
32.846972806865,126.704925783713,0.000000000000,,gps_back
32.796978861816,126.704063784061,0.000000000000,,gps_back
32.746985485463,126.703168803687,0.000000000000,,gps_back
32.697002411141,126.701855456357,0.000000000000,,gps_back
32.647520938971,126.695659023256,0.000000000000,,gps_back
32.598344267444,126.686615037696,0.000000000000,,gps_back
32.548849938587,126.679719567542,0.000000000000,,gps_back
32.498971251637,126.677055238352,0.000000000000,,gps_back
32.448977950001,126.676156078250,0.000000000000,,gps_back
32.399219438585,126.671960493774,0.000000000000,,gps_back
32.349878198601,126.663983346878,0.000000000000,,gps_back
32.300701527076,126.654939361308,0.000000000000,,gps_back
32.251156965964,126.648513687151,0.000000000000,,gps_back
32.201390639395,126.643671033329,0.000000000000,,gps_back
32.151680170127,126.638301313616,0.000000000000,,gps_back
32.102320511247,126.630489940543,0.000000000000,,gps_back
32.053150038323,126.621412314770,0.000000000000,,gps_back
32.003758074277,126.613703585228,0.000000000000,,gps_back
31.954101104405,126.607907010801,0.000000000000,,gps_back
31.904365135122,126.602761910530,0.000000000000,,gps_back
31.854469775962,126.600179254146,0.000000000000,,gps_back
31.804476245279,126.599304233640,0.000000000000,,gps_back
31.754506951874,126.597649342389,0.000000000000,,gps_back
31.704690003179,126.593605862391,0.000000000000,,gps_back
31.654954033896,126.588460762120,0.000000000000,,gps_back
31.605209604680,126.583398514330,0.000000000000,,gps_back
31.555456595469,126.578420963523,0.000000000000,,gps_back
31.505703212808,126.573447088821,0.000000000000,,gps_back
31.455972684024,126.568252221328,0.000000000000,,gps_back
31.406255073771,126.562932641640,0.000000000000,,gps_back
31.356536548257,126.557621627227,0.000000000000,,gps_back
31.306816950364,126.552320658651,0.000000000000,,gps_back
31.257145380924,126.546596580376,0.000000000000,,gps_back
31.207799448835,126.538670667479,0.000000000000,,gps_back
31.158628975910,126.529593041706,0.000000000000,,gps_back
31.109884367495,126.518559661462,0.000000000000,,gps_back
31.061863443492,126.504690849082,0.000000000000,,gps_back
31.013812500285,126.490887074013,0.000000000000,,gps_back
30.964640184315,126.482681665803,0.000000000000,,gps_back
30.914922574063,126.477362086103,0.000000000000,,gps_back
30.865530832157,126.469775462608,0.000000000000,,gps_back
30.816485755958,126.460063409424,0.000000000000,,gps_back
30.767543493454,126.449826625509,0.000000000000,,gps_back
30.718623912115,126.439482069834,0.000000000000,,gps_back
30.669710953653,126.429106082938,0.000000000000,,gps_back
30.620777168323,126.418829008492,0.000000000000,,gps_back
30.571832225752,126.408604953818,0.000000000000,,gps_back
30.522905169178,126.398295856936,0.000000000000,,gps_back
30.473992449575,126.387918750340,0.000000000000,,gps_back
30.424801393704,126.379028278002,0.000000000000,,gps_back
30.375244626461,126.372470620741,0.000000000000,,gps_back
30.325564228388,126.366814228732,0.000000000000,,gps_back
30.275858791302,126.361384068212,0.000000000000,,gps_back
30.226141181051,126.356064488512,0.000000000000,,gps_back
30.176780936672,126.348304565846,0.000000000000,,gps_back
30.127753747639,126.338495248400,0.000000000000,,gps_back
30.078547783347,126.329673689420,0.000000000000,,gps_back
30.028991444202,126.323114059942,0.000000000000,,gps_back
29.979317697184,126.317399381080,0.000000000000,,gps_back
29.929643950165,126.311684702226,0.000000000000,,gps_back
29.879970203146,126.305970023375,0.000000000000,,gps_back
29.830298169703,126.300240480322,0.000000000000,,gps_back
29.780627239491,126.294501369901,0.000000000000,,gps_back
29.731232163993,126.286872918909,0.000000000000,,gps_back
29.682175391615,126.277226740731,0.000000000000,,gps_back
29.633012344242,126.268148156076,0.000000000000,,gps_back
29.583451954505,126.261698563024,0.000000000000,,gps_back
29.533734344253,126.256378983324,0.000000000000,,gps_back
29.484475109987,126.248096463749,0.000000000000,,gps_back
29.435532133063,126.237865231805,0.000000000000,,gps_back
29.386270343299,126.229426801705,0.000000000000,,gps_back
29.336645342090,126.223381806157,0.000000000000,,gps_back
29.286978817132,126.217614534984,0.000000000000,,gps_back
29.237715941503,126.209240185979,0.000000000000,,gps_back
29.188662393731,126.199550596294,0.000000000000,,gps_back
29.139270082008,126.191929080777,0.000000000000,,gps_back
29.089577021887,126.186432960031,0.000000000000,,gps_back
29.039840458593,126.181295397033,0.000000000000,,gps_back
28.990546834438,126.173194436425,0.000000000000,,gps_back
28.941493286666,126.163504846739,0.000000000000,,gps_back
28.892141500298,126.155582930884,0.000000000000,,gps_back
28.842470989151,126.149920481677,0.000000000000,,gps_back
28.792715865697,126.144964032606,0.000000000000,,gps_back
28.743274247633,126.137705576149,0.000000000000,,gps_back
28.694022602020,126.129079523388,0.000000000000,,gps_back
28.644722755329,126.120736897448,0.000000000000,,gps_back
28.595110276759,126.114722940559,0.000000000000,,gps_back
28.545343059535,126.109889433851,0.000000000000,,gps_back
28.495681545981,126.104112230845,0.000000000000,,gps_back
28.446357709285,126.096019884800,0.000000000000,,gps_back
28.397187236361,126.086942259027,0.000000000000,,gps_back
28.347712668339,126.079859008404,0.000000000000,,gps_back
28.297978974350,126.074731846524,0.000000000000,,gps_back
28.248194843232,126.070075776706,0.000000000000,,gps_back
28.198775674160,126.062735875268,0.000000000000,,gps_back
28.149605710036,126.053657776980,0.000000000000,,gps_back
28.100458336927,126.044455924827,0.000000000000,,gps_back
28.051295145818,126.035339103842,0.000000000000,,gps_back
28.002124672893,126.026261478068,0.000000000000,,gps_back
27.952716881578,126.018659507526,0.000000000000,,gps_back
27.903062804465,126.012819477012,0.000000000000,,gps_back
27.853390258682,126.007101989348,0.000000000000,,gps_back
27.804047712021,125.999152452782,0.000000000000,,gps_back
27.754871040493,125.990108467223,0.000000000000,,gps_back
27.705734427188,125.980850700438,0.000000000000,,gps_back
27.656659305240,125.971272208453,0.000000000000,,gps_back
27.607605757468,125.961582618767,0.000000000000,,gps_back
27.558552209696,125.951893029082,0.000000000000,,gps_back
27.509498661923,125.942203439397,0.000000000000,,gps_back
27.460174518497,125.934086442713,0.000000000000,,gps_back
27.410543423068,125.928084893003,0.000000000000,,gps_back
27.360861877968,125.922443431885,0.000000000000,,gps_back
27.311595105638,125.914111378887,0.000000000000,,gps_back
27.262541557866,125.904421789202,0.000000000000,,gps_back
27.213472242528,125.894812555475,0.000000000000,,gps_back
27.164385490407,125.885292666871,0.000000000000,,gps_back
27.115297864420,125.875777235171,0.000000000000,,gps_back
27.066233122761,125.866144814381,0.000000000000,,gps_back
27.017179574989,125.856455224695,0.000000000000,,gps_back
26.968126027217,125.846765635010,0.000000000000,,gps_back
26.919072479444,125.837076045325,0.000000000000,,gps_back
26.870018931672,125.827386455640,0.000000000000,,gps_back
26.820965383900,125.817696865955,0.000000000000,,gps_back
26.771911836128,125.808007276269,0.000000000000,,gps_back
26.722518392294,125.800387983182,0.000000000000,,gps_back
26.672850036875,125.794654736448,0.000000000000,,gps_back
26.623248127292,125.788385921333,0.000000000000,,gps_back
26.574118478622,125.779255252097,0.000000000000,,gps_back
26.525208079641,125.768867202766,0.000000000000,,gps_back
26.476269953850,125.758611042081,0.000000000000,,gps_back
26.427316333631,125.748428618063,0.000000000000,,gps_back
26.378322042000,125.738444806287,0.000000000000,,gps_back
26.329286598326,125.728664283966,0.000000000000,,gps_back
26.280146875207,125.719428925573,0.000000000000,,gps_back
26.230658569895,125.712435235627,0.000000000000,,gps_back
26.181045752415,125.706217135536,0.000000000000,,gps_back
26.131897734204,125.697226067437,0.000000000000,,gps_back
26.082987335224,125.686838018106,0.000000000000,,gps_back
26.033678993824,125.678713021555,0.000000000000,,gps_back
25.984077865782,125.672415608872,0.000000000000,,gps_back
25.934445073354,125.666355908469,0.000000000000,,gps_back
25.884823426255,125.660205306612,0.000000000000,,gps_back
25.835194832895,125.654111203586,0.000000000000,,gps_back
25.785554335268,125.648114703762,0.000000000000,,gps_back
25.735918227350,125.642082029846,0.000000000000,,gps_back
25.686294821184,125.635945767236,0.000000000000,,gps_back
25.636892926629,125.628302515951,0.000000000000,,gps_back
25.588096400371,125.617531741143,0.000000000000,,gps_back
25.539216284197,125.607064491842,0.000000000000,,gps_back
25.489812946815,125.599509498288,0.000000000000,,gps_back
25.440210008767,125.593210762267,0.000000000000,,gps_back
25.390576439071,125.587158225855,0.000000000000,,gps_back
25.340938813851,125.581137981107,0.000000000000,,gps_back
25.291314636461,125.575008040896,0.000000000000,,gps_back
25.241585110410,125.569853998827,0.000000000000,,gps_back
25.191660997531,125.567756455460,0.000000000000,,gps_back
25.141811827122,125.564348748187,0.000000000000,,gps_back
25.092736484604,125.555285342608,0.000000000000,,gps_back
25.043677946512,125.545696229687,0.000000000000,,gps_back
24.993938420093,125.542197152779,0.000000000000,,gps_back
24.943944794166,125.541316207825,0.000000000000,,gps_back
24.894173893856,125.537130032155,0.000000000000,,gps_back
24.844524566128,125.531207279571,0.000000000000,,gps_back
24.794658347954,125.528178621698,0.000000000000,,gps_back
24.744671206038,125.527020023084,0.000000000000,,gps_back
24.694832907899,125.523436500336,0.000000000000,,gps_back
24.645147583800,125.517845404760,0.000000000000,,gps_back
24.595306429207,125.514182833745,0.000000000000,,gps_back
24.545332409911,125.512704926496,0.000000000000,,gps_back
24.495445424671,125.509659718768,0.000000000000,,gps_back
24.445757884715,125.504157235591,0.000000000000,,gps_back
24.396131753694,125.498043154904,0.000000000000,,gps_back
24.346489553753,125.492060951410,0.000000000000,,gps_back
24.296842977647,125.486114847560,0.000000000000,,gps_back
24.247198214227,125.480153631511,0.000000000000,,gps_back
24.197559090762,125.474145696753,0.000000000000,,gps_back
24.147934334269,125.468020539190,0.000000000000,,gps_back
24.098399287919,125.461221817516,0.000000000000,,gps_back
24.049390733423,125.451484925347,0.000000000000,,gps_back
24.000576649024,125.440654162591,0.000000000000,,gps_back
23.951214600673,125.432986026875,0.000000000000,,gps_back
23.901595686720,125.426813339012,0.000000000000,,gps_back
23.851960630296,125.420772538377,0.000000000000,,gps_back
23.802316924783,125.414802515006,0.000000000000,,gps_back
23.752687323891,125.408716921990,0.000000000000,,gps_back
23.703067220688,125.402553816935,0.000000000000,,gps_back
23.653435525701,125.396485192928,0.000000000000,,gps_back
23.603793457469,125.390501617481,0.000000000000,,gps_back
23.554160424548,125.384443841120,0.000000000000,,gps_back
23.504538650073,125.378294281816,0.000000000000,,gps_back
23.454910340211,125.372197833260,0.000000000000,,gps_back
23.405269920021,125.366200711539,0.000000000000,,gps_back
23.355633477754,125.360170758894,0.000000000000,,gps_back
23.306010043846,125.354034742298,0.000000000000,,gps_back
23.256385142843,125.347910467685,0.000000000000,,gps_back
23.206746381455,125.341899805455,0.000000000000,,gps_back
23.157106552511,125.335897683749,0.000000000000,,gps_back
23.107481470994,125.329775206914,0.000000000000,,gps_back
23.057866513743,125.323570836013,0.000000000000,,gps_back
23.008276713976,125.317169726964,0.000000000000,,gps_back
22.958764656576,125.310199767673,0.000000000000,,gps_back
22.909571782310,125.301322821193,0.000000000000,,gps_back
22.860518234538,125.291633231508,0.000000000000,,gps_back
22.811125640402,125.283989860129,0.000000000000,,gps_back
22.761481568868,125.278043274360,0.000000000000,,gps_back
22.711795459270,125.272437098279,0.000000000000,,gps_back
22.662109349671,125.266830922199,0.000000000000,,gps_back
22.612432257898,125.261145662033,0.000000000000,,gps_back
22.562798247380,125.255099780924,0.000000000000,,gps_back
22.513177039568,125.248945651373,0.000000000000,,gps_back
22.463502984468,125.243241480577,0.000000000000,,gps_back
22.413804743372,125.237743887530,0.000000000000,,gps_back
22.364150269695,125.231870005212,0.000000000000,,gps_back
22.314526666758,125.225735374815,0.000000000000,,gps_back
22.265212705901,125.217590166425,0.000000000000,,gps_back
22.216195701125,125.207731990904,0.000000000000,,gps_back
22.167057973639,125.198505704169,0.000000000000,,gps_back
22.117612238880,125.191134990676,0.000000000000,,gps_back
22.068011778157,125.184821823132,0.000000000000,,gps_back
22.018337268975,125.179121379312,0.000000000000,,gps_back
21.968740514418,125.172799280989,0.000000000000,,gps_back
21.919752064108,125.163019707109,0.000000000000,,gps_back
21.870964702280,125.152070341539,0.000000000000,,gps_back
21.821550391945,125.144857344243,0.000000000000,,gps_back
21.771852150849,125.139359751196,0.000000000000,,gps_back
21.722198470332,125.133479288763,0.000000000000,,gps_back
21.672577660478,125.127322207548,0.000000000000,,gps_back
21.622934077048,125.121353369092,0.000000000000,,gps_back
21.573265709563,125.115592515260,0.000000000000,,gps_back
21.523808116271,125.108318989766,0.000000000000,,gps_back
21.474849019878,125.098263961227,0.000000000000,,gps_back
21.426039207339,125.087413778563,0.000000000000,,gps_back
21.377125770515,125.077043854924,0.000000000000,,gps_back
21.328171790617,125.066863159985,0.000000000000,,gps_back
21.278772090835,125.059358237709,0.000000000000,,gps_back
21.229158268179,125.053144783530,0.000000000000,,gps_back
21.179934433107,125.044524392331,0.000000000000,,gps_back
21.130953316415,125.034477017136,0.000000000000,,gps_back
21.081709495405,125.025876763707,0.000000000000,,gps_back
21.032169287243,125.019146160904,0.000000000000,,gps_back
20.982747201267,125.011613281343,0.000000000000,,gps_back
20.933672790312,125.002077969673,0.000000000000,,gps_back
20.884619972523,124.992390817966,0.000000000000,,gps_back
20.835166759017,124.985171462857,0.000000000000,,gps_back
20.785580209849,124.978746315452,0.000000000000,,gps_back
20.736553786846,124.969151576840,0.000000000000,,gps_back
20.687782009490,124.958131030990,0.000000000000,,gps_back
20.638419726372,124.950521509166,0.000000000000,,gps_back
20.588757296725,124.944711016430,0.000000000000,,gps_back
20.539451819030,124.936568766264,0.000000000000,,gps_back
20.490565388654,124.926101313786,0.000000000000,,gps_back
20.441414538911,124.917016819758,0.000000000000,,gps_back
20.391850254340,124.910522595639,0.000000000000,,gps_back
20.342181731416,124.904762771279,0.000000000000,,gps_back
20.292530696971,124.898854651077,0.000000000000,,gps_back
20.242951331382,124.892381235783,0.000000000000,,gps_back
20.193839770834,124.883151809726,0.000000000000,,gps_back
20.144929371856,124.872763760383,0.000000000000,,gps_back
20.095552341265,124.865115143089,0.000000000000,,gps_back
20.045904488601,124.859188127010,0.000000000000,,gps_back
19.996486927960,124.851669908832,0.000000000000,,gps_back
19.947430746310,124.842034422568,0.000000000000,,gps_back
19.898331802976,124.832592888906,0.000000000000,,gps_back
19.848853394641,124.825510470144,0.000000000000,,gps_back
19.799299631414,124.818843366477,0.000000000000,,gps_back
19.750174045000,124.809658578291,0.000000000000,,gps_back
19.701229102426,124.799434523628,0.000000000000,,gps_back
19.651864581291,124.791656950206,0.000000000000,,gps_back
19.602265680763,124.785329701921,0.000000000000,,gps_back
19.552604042178,124.779515814245,0.000000000000,,gps_back
19.502911181380,124.773970263426,0.000000000000,,gps_back
19.453490574592,124.766491476243,0.000000000000,,gps_back
19.404591849886,124.756136580735,0.000000000000,,gps_back
19.355619046984,124.746079570249,0.000000000000,,gps_back
19.306192595356,124.738653481067,0.000000000000,,gps_back
19.256614099329,124.732164149130,0.000000000000,,gps_back
19.207035603303,124.725674817187,0.000000000000,,gps_back
19.157767127214,124.717246569497,0.000000000000,,gps_back
19.109036944754,124.706113803149,0.000000000000,,gps_back
19.060483946525,124.694166206726,0.000000000000,,gps_back
19.011930948294,124.682218610310,0.000000000000,,gps_back
18.963377950064,124.670271013891,0.000000000000,,gps_back
18.914824951836,124.658323417466,0.000000000000,,gps_back
18.865788097079,124.648675656778,0.000000000000,,gps_back
18.816309594217,124.641532669407,0.000000000000,,gps_back
18.766699523082,124.635291514632,0.000000000000,,gps_back
18.717061583014,124.629274228731,0.000000000000,,gps_back
18.667802870637,124.620848440817,0.000000000000,,gps_back
18.619087055495,124.609641840875,0.000000000000,,gps_back
18.570016541474,124.600186788281,0.000000000000,,gps_back
18.520495097513,124.593351064767,0.000000000000,,gps_back
18.470867040382,124.587252521624,0.000000000000,,gps_back
18.421226598058,124.581255600734,0.000000000000,,gps_back
18.371637876863,124.574851431960,0.000000000000,,gps_back
18.322158233955,124.567658042617,0.000000000000,,gps_back
18.272715390742,124.560205261102,0.000000000000,,gps_back
18.223272547529,124.552752479587,0.000000000000,,gps_back
18.173829704316,124.545299698072,0.000000000000,,gps_back
18.124386861103,124.537846916557,0.000000000000,,gps_back
18.074944017890,124.530394135042,0.000000000000,,gps_back
18.025501174677,124.522941353527,0.000000000000,,gps_back
17.976045235450,124.515576207238,0.000000000000,,gps_back
17.926522504497,124.508680130817,0.000000000000,,gps_back
17.877094777301,124.501147558570,0.000000000000,,gps_back
17.828263448416,124.490547992780,0.000000000000,,gps_back
17.779447025833,124.479746359498,0.000000000000,,gps_back
17.730092504294,124.471910497961,0.000000000000,,gps_back
17.680521817905,124.465363065131,0.000000000000,,gps_back
17.630893995188,124.459267224304,0.000000000000,,gps_back
17.581386044815,124.452293354419,0.000000000000,,gps_back
17.532566074455,124.441696887435,0.000000000000,,gps_back
17.483759327364,124.430857565237,0.000000000000,,gps_back
17.434352032427,124.423419004049,0.000000000000,,gps_back
17.384819497078,124.416599702590,0.000000000000,,gps_back
17.335832819255,124.406745877428,0.000000000000,,gps_back
17.287022511546,124.395897863095,0.000000000000,,gps_back
17.237617885696,124.388528455234,0.000000000000,,gps_back
17.187970422147,124.382589763417,0.000000000000,,gps_back
17.138344331799,124.376476106192,0.000000000000,,gps_back
17.088728516489,124.370278564556,0.000000000000,,gps_back
17.039589216104,124.361225455276,0.000000000000,,gps_back
16.990759988827,124.350467557303,0.000000000000,,gps_back
16.941492748164,124.342105008170,0.000000000000,,gps_back
16.891878903791,124.335932971240,0.000000000000,,gps_back
16.842429919412,124.328596690299,0.000000000000,,gps_back
16.793487436153,124.318456295670,0.000000000000,,gps_back
16.744493300321,124.308494910685,0.000000000000,,gps_back
16.695011798659,124.301491802727,0.000000000000,,gps_back
16.645363362465,124.295561294279,0.000000000000,,gps_back
16.595696468510,124.289788089307,0.000000000000,,gps_back
16.546022721492,124.284073410444,0.000000000000,,gps_back
16.496929159376,124.274864510096,0.000000000000,,gps_back
16.448133148161,124.263953163285,0.000000000000,,gps_back
16.398819159546,124.255923243402,0.000000000000,,gps_back
16.349185229763,124.249892991027,0.000000000000,,gps_back
16.299712673733,124.242702762973,0.000000000000,,gps_back
16.250561736854,124.233561577653,0.000000000000,,gps_back
16.201483881868,124.223996206137,0.000000000000,,gps_back
16.151979459817,124.217183477691,0.000000000000,,gps_back
16.102305712799,124.211468798828,0.000000000000,,gps_back
16.053000372905,124.203305969764,0.000000000000,,gps_back
16.003988274931,124.193420127974,0.000000000000,,gps_back
15.954732239993,124.184884991586,0.000000000000,,gps_back
15.905098869700,124.178958503759,0.000000000000,,gps_back
15.855362900417,124.173813403488,0.000000000000,,gps_back
15.806042602109,124.165797074668,0.000000000000,,gps_back
15.756997355690,124.156072112802,0.000000000000,,gps_back
15.707995354324,124.146125125348,0.000000000000,,gps_back
15.658993352958,124.136178137894,0.000000000000,,gps_back
15.609954239154,124.126416493964,0.000000000000,,gps_back
15.560457696018,124.119565929639,0.000000000000,,gps_back
15.510783949000,124.113851250775,0.000000000000,,gps_back
15.461490604732,124.105622277787,0.000000000000,,gps_back
15.412483273719,124.095711123292,0.000000000000,,gps_back
15.363665386235,124.084904239936,0.000000000000,,gps_back
15.315062823450,124.073168172121,0.000000000000,,gps_back
15.266897473480,124.059773593870,0.000000000000,,gps_back
15.219273825171,124.044560773874,0.000000000000,,gps_back
15.171829222079,124.028776407364,0.000000000000,,gps_back
15.124379038170,124.013008786029,0.000000000000,,gps_back
15.076916720178,123.997277705036,0.000000000000,,gps_back
15.029472902321,123.981490967442,0.000000000000,,gps_back
14.982020739450,123.965729310597,0.000000000000,,gps_back
14.934473973526,123.950256366671,0.000000000000,,gps_back
14.886621575351,123.935766618374,0.000000000000,,gps_back
14.839865321757,123.918195303934,0.000000000000,,gps_back
14.794518191214,123.897177646173,0.000000000000,,gps_back
14.748084353978,123.878775370658,0.000000000000,,gps_back
14.701125128949,123.861600829804,0.000000000000,,gps_back
14.655445309218,123.841368830691,0.000000000000,,gps_back
14.610257163834,123.819963919711,0.000000000000,,gps_back
14.563530600580,123.802349754900,0.000000000000,,gps_back
14.516109652422,123.786495509691,0.000000000000,,gps_back
14.470411020390,123.766413870319,0.000000000000,,gps_back
14.426146753870,123.743180852337,0.000000000000,,gps_back
14.381847804662,123.719995502131,0.000000000000,,gps_back
14.336938025346,123.698022948986,0.000000000000,,gps_back
14.292227291107,123.675644383556,0.000000000000,,gps_back
14.248742554091,123.651000873986,0.000000000000,,gps_back
14.205671132663,123.625604194306,0.000000000000,,gps_back
14.162640366553,123.600138735733,0.000000000000,,gps_back
14.119624596682,123.574647909152,0.000000000000,,gps_back
14.077244266378,123.548124566397,0.000000000000,,gps_back
14.035197051549,123.521066120473,0.000000000000,,gps_back
13.993251601071,123.493850093576,0.000000000000,,gps_back
13.951345317995,123.466573695442,0.000000000000,,gps_back
13.909403594359,123.439351858606,0.000000000000,,gps_back
13.867434835587,123.412171685468,0.000000000000,,gps_back
13.827553495726,123.382092627171,0.000000000000,,gps_back
13.789371110579,123.349820504594,0.000000000000,,gps_back
13.750173985054,123.318804539061,0.000000000000,,gps_back
13.709869628829,123.289218699546,0.000000000000,,gps_back
13.669322022381,123.259960710951,0.000000000000,,gps_back
13.628761344729,123.230720839391,0.000000000000,,gps_back
13.588141739711,123.201562944320,0.000000000000,,gps_back
13.547492535989,123.172446267704,0.000000000000,,gps_back
13.508894623865,123.140725412874,0.000000000000,,gps_back
13.471144431233,123.107937362253,0.000000000000,,gps_back
13.431443527451,123.077602618959,0.000000000000,,gps_back
13.390830679064,123.048435802351,0.000000000000,,gps_back
13.349175474216,123.020797950767,0.000000000000,,gps_back
13.308503760077,122.991748799626,0.000000000000,,gps_back
13.270868889522,122.958916222807,0.000000000000,,gps_back
13.234611106540,122.924487235559,0.000000000000,,gps_back
13.198676651677,122.889718939219,0.000000000000,,gps_back
13.164038106131,122.853674428567,0.000000000000,,gps_back
13.130158141833,122.816901837503,0.000000000000,,gps_back
13.096487732159,122.779936505369,0.000000000000,,gps_back
13.062969127049,122.742833502071,0.000000000000,,gps_back
13.029592158968,122.705603001209,0.000000000000,,gps_back
12.996088844498,122.668486305596,0.000000000000,,gps_back
12.962473489790,122.631470838764,0.000000000000,,gps_back
12.927243374523,122.596014146259,0.000000000000,,gps_back
12.891495174564,122.561054145322,0.000000000000,,gps_back
12.857516573071,122.524400875778,0.000000000000,,gps_back
12.824197517440,122.487118454692,0.000000000000,,gps_back
12.790942745706,122.449778706847,0.000000000000,,gps_back
12.757727588987,122.412403690793,0.000000000000,,gps_back
12.724588404987,122.374961334118,0.000000000000,,gps_back
12.691507776259,122.337467201538,0.000000000000,,gps_back
12.658632625288,122.299793085303,0.000000000000,,gps_back
12.625828088071,122.262057147057,0.000000000000,,gps_back
12.592838594608,122.224483087501,0.000000000000,,gps_back
12.559739855843,122.187004946400,0.000000000000,,gps_back
12.528006493697,122.148379254736,0.000000000000,,gps_back
12.497258079266,122.108951631994,0.000000000000,,gps_back
12.467084396112,122.069081898969,0.000000000000,,gps_back
12.438316382075,122.028195909195,0.000000000000,,gps_back
12.410006826409,121.986980526687,0.000000000000,,gps_back
12.381784948279,121.945705108041,0.000000000000,,gps_back
12.353611361645,121.904396663745,0.000000000000,,gps_back
12.326224349581,121.862566398212,0.000000000000,,gps_back
12.300108645165,121.819932871792,0.000000000000,,gps_back
12.274367244855,121.777066581049,0.000000000000,,gps_back
12.248732759724,121.734136325642,0.000000000000,,gps_back
12.223134978398,121.691184116287,0.000000000000,,gps_back
12.197478825107,121.648266767602,0.000000000000,,gps_back
12.171789648485,121.605369158896,0.000000000000,,gps_back
12.146899523464,121.562006652852,0.000000000000,,gps_back
12.123009018825,121.518084611366,0.000000000000,,gps_back
12.099398177843,121.474008919241,0.000000000000,,gps_back
12.076376074597,121.429624620763,0.000000000000,,gps_back
12.053564194845,121.385130162237,0.000000000000,,gps_back
12.030807630820,121.340607402970,0.000000000000,,gps_back
12.008082865589,121.296068389966,0.000000000000,,gps_back
11.986146139712,121.251139092794,0.000000000000,,gps_back
11.965016503226,121.205822912931,0.000000000000,,gps_back
11.944288259650,121.160320616959,0.000000000000,,gps_back
11.924545753367,121.114385703781,0.000000000000,,gps_back
11.905124235934,121.068310294583,0.000000000000,,gps_back
11.885562118152,121.022294491391,0.000000000000,,gps_back
11.865950174437,120.976299813862,0.000000000000,,gps_back
11.846338230720,120.930305136334,0.000000000000,,gps_back
11.826726287001,120.884310458806,0.000000000000,,gps_back
11.808181596861,120.837880371831,0.000000000000,,gps_back
11.790344891116,120.791169050055,0.000000000000,,gps_back
11.772090370692,120.744620230199,0.000000000000,,gps_back
11.752932751286,120.698436771121,0.000000000000,,gps_back
11.734262951516,120.652054185682,0.000000000000,,gps_back
11.717713059131,120.604885949218,0.000000000000,,gps_back
11.702046116848,120.557402617309,0.000000000000,,gps_back
11.687266592328,120.509638138282,0.000000000000,,gps_back
11.672778006331,120.461781899680,0.000000000000,,gps_back
11.657329750122,120.414230604885,0.000000000000,,gps_back
11.641469751337,120.366811227488,0.000000000000,,gps_back
11.627950885764,120.318694803209,0.000000000000,,gps_back
11.615680735506,120.270222942049,0.000000000000,,gps_back
11.603589316146,120.221705565886,0.000000000000,,gps_back
11.591517664333,120.173183262754,0.000000000000,,gps_back
11.579552651942,120.124634595937,0.000000000000,,gps_back
11.567649937444,120.076070577898,0.000000000000,,gps_back
11.556295087703,120.027376675606,0.000000000000,,gps_back
11.545278007376,119.978604196053,0.000000000000,,gps_back
11.535612464115,119.929552337055,0.000000000000,,gps_back
11.527464101000,119.880223480539,0.000000000000,,gps_back
11.521661289034,119.830574150116,0.000000000000,,gps_back
11.518118398783,119.780707118221,0.000000000000,,gps_back
11.513679062220,119.730910731342,0.000000000000,,gps_back
11.506431665618,119.681456451905,0.000000000000,,gps_back
11.498675726881,119.632060588187,0.000000000000,,gps_back
11.491477092649,119.582580845072,0.000000000000,,gps_back
11.485031700866,119.532997895641,0.000000000000,,gps_back
11.481207009244,119.483163693561,0.000000000000,,gps_back
11.478174854747,119.433254339320,0.000000000000,,gps_back
11.471420098293,119.383760602062,0.000000000000,,gps_back
11.463389704836,119.334408284728,0.000000000000,,gps_back
11.456259735310,119.284920743217,0.000000000000,,gps_back
11.449443054238,119.235386194098,0.000000000000,,gps_back
11.442862333224,119.185819946675,0.000000000000,,gps_back
11.436413479145,119.136236177932,0.000000000000,,gps_back
11.431133164590,119.086519128118,0.000000000000,,gps_back
11.427865578219,119.036633751830,0.000000000000,,gps_back
11.425155459368,118.986705864414,0.000000000000,,gps_back
11.422067767793,118.936800400887,0.000000000000,,gps_back
11.418848564599,118.886902751363,0.000000000000,,gps_back
11.415942747460,118.836986216878,0.000000000000,,gps_back
11.413206180737,118.787059784445,0.000000000000,,gps_back
11.410404141127,118.737136997510,0.000000000000,,gps_back
11.407465079586,118.687222103860,0.000000000000,,gps_back
11.405230863469,118.637272592491,0.000000000000,,gps_back
11.405340393576,118.587286483907,0.000000000000,,gps_back
11.406177119691,118.537292098355,0.000000000000,,gps_back
11.409438889047,118.487417829612,0.000000000000,,gps_back
11.413899342931,118.437616229041,0.000000000000,,gps_back
11.417200240665,118.387729689398,0.000000000000,,gps_back
11.418619712207,118.337755612798,0.000000000000,,gps_back
11.420321637523,118.287785315380,0.000000000000,,gps_back
11.424093732517,118.237937698130,0.000000000000,,gps_back
11.428488544932,118.188129824042,0.000000000000,,gps_back
11.433011204311,118.138333453213,0.000000000000,,gps_back
11.437590259593,118.088542179897,0.000000000000,,gps_back
11.443802640485,118.038937595956,0.000000000000,,gps_back
11.452117536392,117.989640887275,0.000000000000,,gps_back
11.459993501758,117.940267049470,0.000000000000,,gps_back
11.465346488629,117.890569804833,0.000000000000,,gps_back
11.469948844764,117.840780679361,0.000000000000,,gps_back
11.478607462378,117.791593253413,0.000000000000,,gps_back
11.489013536653,117.742687151258,0.000000000000,,gps_back
11.498404914439,117.693580312787,0.000000000000,,gps_back
11.504107747427,117.643943107542,0.000000000000,,gps_back
11.508691008975,117.594152220717,0.000000000000,,gps_back
11.513038707949,117.544340402447,0.000000000000,,gps_back
11.517267692484,117.494518179769,0.000000000000,,gps_back
11.521480527602,117.444694583808,0.000000000000,,gps_back
11.525683359573,117.394870143288,0.000000000000,,gps_back
11.529883142537,117.345045445393,0.000000000000,,gps_back
11.535686984434,117.295390921002,0.000000000000,,gps_back
11.542972880400,117.245926277431,0.000000000000,,gps_back
11.550575950510,117.196506321723,0.000000000000,,gps_back
11.553124271274,117.146657098295,0.000000000000,,gps_back
11.553961711721,117.096662724718,0.000000000000,,gps_back
11.556269369698,117.046721948510,0.000000000000,,gps_back
11.560016397273,116.996864172594,0.000000000000,,gps_back
11.564081027865,116.947028267110,0.000000000000,,gps_back
11.570103348882,116.897404044175,0.000000000000,,gps_back
11.577335573893,116.847929507401,0.000000000000,,gps_back
11.585233231044,116.798556577759,0.000000000000,,gps_back
11.595978152205,116.749749118865,0.000000000000,,gps_back
11.607623940024,116.701122846919,0.000000000000,,gps_back
11.617046618905,116.652034938133,0.000000000000,,gps_back
11.624779271851,116.602638187640,0.000000000000,,gps_back
11.632434474913,116.553226476417,0.000000000000,,gps_back
11.643102147328,116.504406823421,0.000000000000,,gps_back
11.654747935149,116.455780551475,0.000000000000,,gps_back
11.666302702510,116.407132600549,0.000000000000,,gps_back
11.677773023514,116.358464650075,0.000000000000,,gps_back
11.689123591561,116.309768657793,0.000000000000,,gps_back
11.699983420294,116.260961591656,0.000000000000,,gps_back
11.710690968650,116.212120143013,0.000000000000,,gps_back
11.720189567892,116.163034419171,0.000000000000,,gps_back
11.728164994860,116.113677533437,0.000000000000,,gps_back
11.735768064971,116.064257577729,0.000000000000,,gps_back
11.743246980572,116.014818733919,0.000000000000,,gps_back
11.750669303514,115.965371309926,0.000000000000,,gps_back
11.758122957039,115.915928602723,0.000000000000,,gps_back
11.765691780467,115.866503426977,0.000000000000,,gps_back
11.773294850577,115.817083471268,0.000000000000,,gps_back
11.779381535566,115.767461767470,0.000000000000,,gps_back
11.784072040066,115.717683545918,0.000000000000,,gps_back
11.789049873159,115.667931699604,0.000000000000,,gps_back
11.796048632378,115.618433889527,0.000000000000,,gps_back
11.803651702489,115.569013933819,0.000000000000,,gps_back
11.811156719995,115.519579025533,0.000000000000,,gps_back
11.818566814469,115.470129780074,0.000000000000,,gps_back
11.825956246191,115.420677429310,0.000000000000,,gps_back
11.834001572718,115.371329018396,0.000000000000,,gps_back
11.842282664464,115.322018146426,0.000000000000,,gps_back
11.848864667682,115.272461766798,0.000000000000,,gps_back
11.853526709843,115.222684338187,0.000000000000,,gps_back
11.857742531207,115.172860994788,0.000000000000,,gps_back
11.865108814999,115.123438744101,0.000000000000,,gps_back
11.873678625414,115.074177323269,0.000000000000,,gps_back
11.883485689954,115.025151982360,0.000000000000,,gps_back
11.894081525422,114.976286739503,0.000000000000,,gps_back
11.907066118514,114.928019150288,0.000000000000,,gps_back
11.920848853958,114.879954883556,0.000000000000,,gps_back
11.932460778061,114.831337738643,0.000000000000,,gps_back
11.942527081092,114.782362501864,0.000000000000,,gps_back
11.948973639310,114.732816206466,0.000000000000,,gps_back
11.954435751917,114.683114092326,0.000000000000,,gps_back
11.960331201968,114.633462002850,0.000000000000,,gps_back
11.967916490337,114.584047511035,0.000000000000,,gps_back
11.977751538373,114.535033306031,0.000000000000,,gps_back
11.988322580712,114.486162232549,0.000000000000,,gps_back
11.999025149819,114.437319712674,0.000000000000,,gps_back
12.008471178873,114.388224325425,0.000000000000,,gps_back
12.017391305396,114.339025077790,0.000000000000,,gps_back
12.026648441557,114.289888558673,0.000000000000,,gps_back
12.036166871741,114.240801579198,0.000000000000,,gps_back
12.045329321352,114.191647392443,0.000000000000,,gps_back
12.054219951680,114.142442832986,0.000000000000,,gps_back
12.063064666769,114.093229931097,0.000000000000,,gps_back
12.071909381853,114.044017029208,0.000000000000,,gps_back
12.080763981805,113.994805905218,0.000000000000,,gps_back
12.089641851748,113.945598974936,0.000000000000,,gps_back
12.098499740582,113.896388444883,0.000000000000,,gps_back
12.107179454769,113.847146271436,0.000000000000,,gps_back
12.115804215963,113.797894345670,0.000000000000,,gps_back
12.124049455035,113.748577951669,0.000000000000,,gps_back
12.132144079753,113.699236128703,0.000000000000,,gps_back
12.142075521021,113.650242640187,0.000000000000,,gps_back
12.154290841681,113.601766284173,0.000000000000,,gps_back
12.166037179241,113.553167803794,0.000000000000,,gps_back
12.174906800822,113.503981400108,0.000000000000,,gps_back
12.182959514752,113.454632717292,0.000000000000,,gps_back
12.191412457048,113.405351547290,0.000000000000,,gps_back
12.200055967509,113.356102921538,0.000000000000,,gps_back
12.208510931728,113.306821708688,0.000000000000,,gps_back
12.216797198414,113.257511739508,0.000000000000,,gps_back
12.225655974515,113.208302594447,0.000000000000,,gps_back
12.236527374893,113.159508656721,0.000000000000,,gps_back
12.247979659242,113.110836448219,0.000000000000,,gps_back
12.257869250189,113.061831147473,0.000000000000,,gps_back
12.266876029889,113.012648142171,0.000000000000,,gps_back
12.275376747246,112.963375146300,0.000000000000,,gps_back
12.283508186216,112.914039576796,0.000000000000,,gps_back
12.292203365425,112.864801409905,0.000000000000,,gps_back
12.303872274177,112.816206942466,0.000000000000,,gps_back
12.316420730190,112.767805754992,0.000000000000,,gps_back
12.328314441975,112.719241018127,0.000000000000,,gps_back
12.339969864307,112.670617057794,0.000000000000,,gps_back
12.350453257092,112.621731612324,0.000000000000,,gps_back
12.359436287965,112.572548039744,0.000000000000,,gps_back
12.368765059757,112.523426248317,0.000000000000,,gps_back
12.379908062453,112.474690897104,0.000000000000,,gps_back
12.391553850271,112.426064625158,0.000000000000,,gps_back
12.398610935968,112.376633063321,0.000000000000,,gps_back
12.403453325094,112.326868574008,0.000000000000,,gps_back
12.408131949244,112.277086575931,0.000000000000,,gps_back
12.412921119697,112.227315096463,0.000000000000,,gps_back
12.417737463034,112.177546215280,0.000000000000,,gps_back
12.422553806375,112.127777334098,0.000000000000,,gps_back
12.427702532965,112.078042092006,0.000000000000,,gps_back
12.435690878117,112.028707165325,0.000000000000,,gps_back
12.444535593201,111.979494263436,0.000000000000,,gps_back
12.450610316935,111.929887951900,0.000000000000,,gps_back
12.455519826759,111.880128456789,0.000000000000,,gps_back
12.462581509497,111.830644413420,0.000000000000,,gps_back
12.471199744823,111.781393720954,0.000000000000,,gps_back
12.480068142360,111.732185082074,0.000000000000,,gps_back
12.488917298661,111.682972979247,0.000000000000,,gps_back
12.497939627822,111.633792432999,0.000000000000,,gps_back
12.507388160271,111.584692335471,0.000000000000,,gps_back
12.516952116639,111.535614138317,0.000000000000,,gps_back
12.526516073008,111.486535941163,0.000000000000,,gps_back
12.534960559336,111.437256869562,0.000000000000,,gps_back
12.540962817353,111.387630981696,0.000000000000,,gps_back
12.546516151828,111.337939063885,0.000000000000,,gps_back
12.552444484845,111.288290672419,0.000000000000,,gps_back
12.560219886980,111.238907338139,0.000000000000,,gps_back
12.569489861695,111.189775709695,0.000000000000,,gps_back
12.576935665695,111.140346200507,0.000000000000,,gps_back
12.582627455713,111.090673625530,0.000000000000,,gps_back
12.588321894340,111.040997917329,0.000000000000,,gps_back
12.594267934360,110.991351401063,0.000000000000,,gps_back
12.599797910053,110.941657418488,0.000000000000,,gps_back
12.605159838175,110.891944359772,0.000000000000,,gps_back
12.610781738346,110.842260251655,0.000000000000,,gps_back
12.617188931255,110.792672626800,0.000000000000,,gps_back
12.626100198847,110.743488458543,0.000000000000,,gps_back
12.634820440366,110.694255899295,0.000000000000,,gps_back
12.640658565933,110.644617781507,0.000000000000,,gps_back
12.645718318527,110.594873057980,0.000000000000,,gps_back
12.650983946823,110.545149829689,0.000000000000,,gps_back
12.656270069600,110.495428656195,0.000000000000,,gps_back
12.661193167579,110.445670601708,0.000000000000,,gps_back
12.666009510914,110.395901720525,0.000000000000,,gps_back
12.673708766827,110.346522739003,0.000000000000,,gps_back
12.682521451540,110.297304268404,0.000000000000,,gps_back
12.689134524452,110.247758303338,0.000000000000,,gps_back
12.694208013037,110.198017198587,0.000000000000,,gps_back
12.699024356375,110.148248317405,0.000000000000,,gps_back
12.703840699716,110.098479436223,0.000000000000,,gps_back
12.709801196818,110.048838627683,0.000000000000,,gps_back
12.718058118409,109.999535597534,0.000000000000,,gps_back
12.726397813172,109.950235404642,0.000000000000,,gps_back
12.731993344578,109.900568772644,0.000000000000,,gps_back
12.736809687921,109.850799891462,0.000000000000,,gps_back
12.741815308355,109.801049800137,0.000000000000,,gps_back
12.746880903930,109.751305670474,0.000000000000,,gps_back
12.754173714087,109.701854297229,0.000000000000,,gps_back
12.762645563180,109.652576652348,0.000000000000,,gps_back
12.771825058395,109.603426065178,0.000000000000,,gps_back
12.781525007496,109.554374962537,0.000000000000,,gps_back
12.788952135276,109.504945893424,0.000000000000,,gps_back
12.794203785430,109.455227550545,0.000000000000,,gps_back
12.800640239122,109.405650149496,0.000000000000,,gps_back
12.809600516014,109.356471036214,0.000000000000,,gps_back
12.817584731989,109.307118924133,0.000000000000,,gps_back
12.823190039469,109.257443701537,0.000000000000,,gps_back
12.829192723345,109.207806693799,0.000000000000,,gps_back
12.838014594556,109.158609317370,0.000000000000,,gps_back
12.846649229571,109.109361771087,0.000000000000,,gps_back
12.852681647202,109.059741847382,0.000000000000,,gps_back
12.858928358898,109.010134571384,0.000000000000,,gps_back
12.867277899092,108.960845481938,0.000000000000,,gps_back
12.876343423611,108.911672876553,0.000000000000,,gps_back
12.886663248701,108.862752492764,0.000000000000,,gps_back
12.897045597049,108.813841137054,0.000000000000,,gps_back
12.906811659603,108.764803632523,0.000000000000,,gps_back
12.915043904016,108.715490347449,0.000000000000,,gps_back
12.920534756889,108.665807512095,0.000000000000,,gps_back
12.926101160056,108.616118580093,0.000000000000,,gps_back
12.935010683912,108.566946580445,0.000000000000,,gps_back
12.944629712631,108.517879253615,0.000000000000,,gps_back
12.953464002871,108.468666088900,0.000000000000,,gps_back
12.962088956918,108.419414196906,0.000000000000,,gps_back
12.970884737750,108.370192613051,0.000000000000,,gps_back
12.979729452834,108.320979711161,0.000000000000,,gps_back
12.990310419528,108.272119886891,0.000000000000,,gps_back
13.001830010284,108.223464167601,0.000000000000,,gps_back
13.012514158462,108.174620440819,0.000000000000,,gps_back
13.021115159510,108.125374154797,0.000000000000,,gps_back
13.029200825400,108.076030860375,0.000000000000,,gps_back
13.039743735023,108.027171897933,0.000000000000,,gps_back
13.051149673086,107.978488889392,0.000000000000,,gps_back
13.061315930193,107.929536945930,0.000000000000,,gps_back
13.069780507760,107.880262542387,0.000000000000,,gps_back
13.078091426696,107.830956837559,0.000000000000,,gps_back
13.089015017806,107.782182908091,0.000000000000,,gps_back
13.100660805625,107.733556636144,0.000000000000,,gps_back
13.110537466906,107.684549876039,0.000000000000,,gps_back
13.118881353466,107.635252731280,0.000000000000,,gps_back
13.127381047141,107.585979656466,0.000000000000,,gps_back
13.137661693115,107.537054762828,0.000000000000,,gps_back
13.148408677011,107.488221976358,0.000000000000,,gps_back
13.157785683058,107.439113319537,0.000000000000,,gps_back
13.165693140320,107.389744587897,0.000000000000,,gps_back
13.173296210430,107.340324632189,0.000000000000,,gps_back
13.183022669258,107.291291722961,0.000000000000,,gps_back
13.193505789895,107.242401689779,0.000000000000,,gps_back
13.204073782531,107.193529859842,0.000000000000,,gps_back
13.214760881054,107.144683967492,0.000000000000,,gps_back
13.225478261791,107.095844675447,0.000000000000,,gps_back
13.236195642529,107.047005383402,0.000000000000,,gps_back
13.246913023267,106.998166091358,0.000000000000,,gps_back
13.257630404004,106.949326799313,0.000000000000,,gps_back
13.268347784742,106.900487507268,0.000000000000,,gps_back
13.279065165480,106.851648215224,0.000000000000,,gps_back
13.289782546217,106.802808923179,0.000000000000,,gps_back
13.300499926955,106.753969631134,0.000000000000,,gps_back
13.311217307693,106.705130339090,0.000000000000,,gps_back
13.321929829279,106.656289981069,0.000000000000,,gps_back
13.332638168347,106.607448705805,0.000000000000,,gps_back
13.343345716703,106.558607257163,0.000000000000,,gps_back
13.354053265059,106.509765808520,0.000000000000,,gps_back
13.364760813415,106.460924359878,0.000000000000,,gps_back
13.375695417584,106.412133397984,0.000000000000,,gps_back
13.387199462536,106.363474173986,0.000000000000,,gps_back
13.398845250354,106.314847902040,0.000000000000,,gps_back
13.409764760710,106.266054998749,0.000000000000,,gps_back
13.420364315589,106.217190040400,0.000000000000,,gps_back
13.431110517982,106.168357178525,0.000000000000,,gps_back
13.442570493646,106.119688114238,0.000000000000,,gps_back
13.454216281465,106.071061842292,0.000000000000,,gps_back
13.465301576181,106.022305691317,0.000000000000,,gps_back
13.476057416077,105.973474944193,0.000000000000,,gps_back
13.486551736826,105.924587373088,0.000000000000,,gps_back
13.495124983764,105.875336637960,0.000000000000,,gps_back
13.503177697700,105.825987955145,0.000000000000,,gps_back
13.510990902700,105.776600952049,0.000000000000,,gps_back
13.518625253063,105.727185855089,0.000000000000,,gps_back
13.526247649916,105.677768877676,0.000000000000,,gps_back
13.534233289657,105.628409668244,0.000000000000,,gps_back
13.542318955555,105.579066373823,0.000000000000,,gps_back
13.550070655660,105.529669836714,0.000000000000,,gps_back
13.557540548232,105.480229678483,0.000000000000,,gps_back
13.564959295614,105.430781717110,0.000000000000,,gps_back
13.572522206239,105.381355659464,0.000000000000,,gps_back
13.580125276350,105.331935703756,0.000000000000,,gps_back
13.587871722601,105.282538078449,0.000000000000,,gps_back
13.595892071130,105.233184283888,0.000000000000,,gps_back
13.603977737020,105.183840989466,0.000000000000,,gps_back
13.611557521161,105.134418197819,0.000000000000,,gps_back
13.618979394056,105.084970706264,0.000000000000,,gps_back
13.625545927905,105.035404453971,0.000000000000,,gps_back
13.630209444369,104.985628864457,0.000000000000,,gps_back
13.634409227333,104.935804166562,0.000000000000,,gps_back
13.640914788485,104.886242922498,0.000000000000,,gps_back
13.648954714842,104.836894446656,0.000000000000,,gps_back
13.657033413736,104.787550136749,0.000000000000,,gps_back
13.664581637619,104.738122415880,0.000000000000,,gps_back
13.671998866011,104.688674226628,0.000000000000,,gps_back
13.679514697600,104.639240956286,0.000000000000,,gps_back
13.687104767899,104.589819008671,0.000000000000,,gps_back
13.694815969909,104.540415843358,0.000000000000,,gps_back
13.704739652299,104.491423042894,0.000000000000,,gps_back
13.715267748129,104.442542597975,0.000000000000,,gps_back
13.725117860546,104.393522384837,0.000000000000,,gps_back
13.733703040496,104.344266909070,0.000000000000,,gps_back
13.741990405096,104.294957089710,0.000000000000,,gps_back
13.751987943076,104.245973929752,0.000000000000,,gps_back
13.762503520781,104.197090796365,0.000000000000,,gps_back
13.773075845906,104.148219904488,0.000000000000,,gps_back
13.783756764548,104.099372652916,0.000000000000,,gps_back
13.794464312904,104.050531204274,0.000000000000,,gps_back
13.803587078462,104.001376419971,0.000000000000,,gps_back
13.811423839347,103.951995044244,0.000000000000,,gps_back
13.819081295370,103.902583494682,0.000000000000,,gps_back
13.829133431239,103.853619436470,0.000000000000,,gps_back
13.839840979595,103.804777987828,0.000000000000,,gps_back
13.849809875243,103.755782039069,0.000000000000,,gps_back
13.858257673704,103.706504452780,0.000000000000,,gps_back
13.866343339594,103.657161158358,0.000000000000,,gps_back
13.873637456206,103.607696440197,0.000000000000,,gps_back
13.880671309541,103.558192267726,0.000000000000,,gps_back
13.887472615450,103.508655742989,0.000000000000,,gps_back
13.892232185434,103.458892353965,0.000000000000,,gps_back
13.896448006798,103.409069010566,0.000000000000,,gps_back
13.902146828253,103.359399582581,0.000000000000,,gps_back
13.909781780677,103.309991138904,0.000000000000,,gps_back
13.917779405867,103.260633506893,0.000000000000,,gps_back
13.925026808775,103.211161668320,0.000000000000,,gps_back
13.932073408757,103.161659303467,0.000000000000,,gps_back
13.939303199088,103.112183456105,0.000000000000,,gps_back
13.947190154350,103.062809054103,0.000000000000,,gps_back
13.955242868280,103.013460371287,0.000000000000,,gps_back
13.960856058642,102.963791686236,0.000000000000,,gps_back
13.965228383209,102.913982743919,0.000000000000,,gps_back
13.969980039884,102.864208436792,0.000000000000,,gps_back
13.977005284158,102.814715652997,0.000000000000,,gps_back
13.984608354262,102.765295697288,0.000000000000,,gps_back
13.993607099019,102.716116263886,0.000000000000,,gps_back
14.004031333730,102.667216723320,0.000000000000,,gps_back
14.014738882086,102.618375274677,0.000000000000,,gps_back
14.020807970887,102.568803742085,0.000000000000,,gps_back
14.025150685109,102.518991903202,0.000000000000,,gps_back
14.030122823617,102.469239908105,0.000000000000,,gps_back
14.037065284480,102.419731436784,0.000000000000,,gps_back
14.044482512871,102.370283247532,0.000000000000,,gps_back
14.051997914997,102.320849910815,0.000000000000,,gps_back
14.059588005164,102.271427966430,0.000000000000,,gps_back
14.067185274764,102.222007118777,0.000000000000,,gps_back
14.074640299680,102.172564668790,0.000000000000,,gps_back
14.082057528071,102.123116479538,0.000000000000,,gps_back
14.089534910410,102.073677360851,0.000000000000,,gps_back
14.097114790200,102.024253863699,0.000000000000,,gps_back
14.104717860304,101.974833907990,0.000000000000,,gps_back
14.110338462012,101.925160225127,0.000000000000,,gps_back
14.114865414686,101.875365042330,0.000000000000,,gps_back
14.121153968398,101.825770678686,0.000000000000,,gps_back
14.131043581799,101.776783661956,0.000000000000,,gps_back
14.141751130155,101.727942213313,0.000000000000,,gps_back
14.150366782794,101.678700886660,0.000000000000,,gps_back
14.157605934732,101.629228160128,0.000000000000,,gps_back
14.164628040464,101.579722314732,0.000000000000,,gps_back
14.169983092296,101.530015993373,0.000000000000,,gps_back
14.174650721063,101.480233108496,0.000000000000,,gps_back
14.180397178603,101.430566540437,0.000000000000,,gps_back
14.187676617868,101.381101983869,0.000000000000,,gps_back
14.195279687980,101.331682028161,0.000000000000,,gps_back
14.204854150072,101.282616621458,0.000000000000,,gps_back
14.215291702352,101.233717096228,0.000000000000,,gps_back
14.224903697085,101.184650621057,0.000000000000,,gps_back
14.230335796498,101.134986648268,0.000000000000,,gps_back
14.234741790283,101.085179762036,0.000000000000,,gps_back
14.240524208181,101.035518877989,0.000000000000,,gps_back
14.247656231474,100.986031373989,0.000000000000,,gps_back
14.255045663195,100.936579023225,0.000000000000,,gps_back
14.262594802926,100.887150869189,0.000000000000,,gps_back
14.270195304816,100.837730518702,0.000000000000,,gps_back
14.277752483314,100.788303530215,0.000000000000,,gps_back
14.285196099879,100.738859334135,0.000000000000,,gps_back
14.292613328265,100.689411144882,0.000000000000,,gps_back
14.300131200737,100.639978184204,0.000000000000,,gps_back
14.307722097968,100.590556363192,0.000000000000,,gps_back
14.315317568806,100.541135239118,0.000000000000,,gps_back
14.322771115424,100.491692563825,0.000000000000,,gps_back
14.330188343809,100.442244374572,0.000000000000,,gps_back
14.337473078448,100.392776539734,0.000000000000,,gps_back
14.344542202237,100.343277474210,0.000000000000,,gps_back
14.351564307969,100.293771628814,0.000000000000,,gps_back
14.359071742789,100.244337686227,0.000000000000,,gps_back
14.367064272516,100.194979567710,0.000000000000,,gps_back
14.375012821585,100.145614050773,0.000000000000,,gps_back
14.382218311343,100.096135905006,0.000000000000,,gps_back
14.389240417075,100.046630059610,0.000000000000,,gps_back
14.396361219865,99.997138340214,0.000000000000,,gps_back
14.403722708111,99.947681945904,0.000000000000,,gps_back
14.411139936497,99.898233756651,0.000000000000,,gps_back
14.420351876502,99.849097016760,0.000000000000,,gps_back
14.430847860049,99.800211515531,0.000000000000,,gps_back
14.441497458906,99.751357407897,0.000000000000,,gps_back
14.449722631063,99.702052898051,0.000000000000,,gps_back
14.457325701173,99.652632942343,0.000000000000,,gps_back
14.465079623874,99.603236491430,0.000000000000,,gps_back
14.473105218838,99.553883536291,0.000000000000,,gps_back
14.481190884731,99.504540241870,0.000000000000,,gps_back
14.491322032089,99.455587413407,0.000000000000,,gps_back
14.502019630933,99.406743788703,0.000000000000,,gps_back
14.512063332326,99.357762730791,0.000000000000,,gps_back
14.520514860884,99.308486233570,0.000000000000,,gps_back
14.528600526780,99.259142939149,0.000000000000,,gps_back
14.536337743036,99.209744132179,0.000000000000,,gps_back
14.543949910730,99.160325580286,0.000000000000,,gps_back
14.552240642119,99.111017593879,0.000000000000,,gps_back
14.562490603479,99.062086720999,0.000000000000,,gps_back
14.573198151835,99.013245272356,0.000000000000,,gps_back
14.584270828424,98.964485672417,0.000000000000,,gps_back
14.595664727774,98.915799906974,0.000000000000,,gps_back
14.606662400168,98.867023538956,0.000000000000,,gps_back
14.615317963508,98.817790376527,0.000000000000,,gps_back
14.623403629399,98.768447082105,0.000000000000,,gps_back
14.633075865041,98.719396903289,0.000000000000,,gps_back
14.643655347248,98.670528240599,0.000000000000,,gps_back
14.654160642210,98.621643002239,0.000000000000,,gps_back
14.662728008990,98.572390611787,0.000000000000,,gps_back
14.670813674886,98.523047317366,0.000000000000,,gps_back
14.678881343099,98.473701077975,0.000000000000,,gps_back
14.686936163898,98.424352739185,0.000000000000,,gps_back
14.696231342656,98.375227068284,0.000000000000,,gps_back
14.709271616549,98.326988684177,0.000000000000,,gps_back
14.723179408599,98.278960442302,0.000000000000,,gps_back
14.734164250411,98.230204150774,0.000000000000,,gps_back
14.742146393983,98.180857373455,0.000000000000,,gps_back
14.749563622370,98.131409184202,0.000000000000,,gps_back
14.759453571876,98.082411726617,0.000000000000,,gps_back
14.770121112310,98.033561592973,0.000000000000,,gps_back
14.780143593155,97.984576223842,0.000000000000,,gps_back
14.788194511290,97.935235676624,0.000000000000,,gps_back
14.795797581400,97.885815720916,0.000000000000,,gps_back
14.803304453952,97.836381085213,0.000000000000,,gps_back
14.810734769804,97.786934867975,0.000000000000,,gps_back
14.818154583589,97.737487066619,0.000000000000,,gps_back
14.825721294474,97.688061585911,0.000000000000,,gps_back
14.833324364584,97.638641630203,0.000000000000,,gps_back
14.840869869273,97.589212861118,0.000000000000,,gps_back
14.848309784748,97.539768101670,0.000000000000,,gps_back
14.855727013133,97.490319912417,0.000000000000,,gps_back
14.862904458120,97.440836497172,0.000000000000,,gps_back
14.869945620753,97.391333373687,0.000000000000,,gps_back
14.876967726486,97.341827528291,0.000000000000,,gps_back
14.881945698821,97.292085126909,0.000000000000,,gps_back
14.886212091391,97.242266192657,0.000000000000,,gps_back
14.891244991526,97.192520424789,0.000000000000,,gps_back
14.898378512948,97.143039665855,0.000000000000,,gps_back
14.905981583058,97.093619710147,0.000000000000,,gps_back
14.913826150712,97.044237662063,0.000000000000,,gps_back
14.921849436486,96.994884222569,0.000000000000,,gps_back
14.929775788444,96.945515127076,0.000000000000,,gps_back
14.937287757344,96.896081617681,0.000000000000,,gps_back
14.944704985730,96.846633428429,0.000000000000,,gps_back
14.950535079638,96.796979471549,0.000000000000,,gps_back
14.954992498654,96.747179561366,0.000000000000,,gps_back
14.959260254818,96.697360646433,0.000000000000,,gps_back
14.968697707269,96.648326247566,0.000000000000,,gps_back
14.979405255625,96.599484798923,0.000000000000,,gps_back
14.989382779694,96.550490404207,0.000000000000,,gps_back
14.997806169547,96.501208503815,0.000000000000,,gps_back
15.005891835439,96.451865209394,0.000000000000,,gps_back
15.013614706092,96.402464168831,0.000000000000,,gps_back
15.021223823784,96.353045145441,0.000000000000,,gps_back
15.029592323464,96.303750529821,0.000000000000,,gps_back
15.039876614320,96.254825969800,0.000000000000,,gps_back
15.050584162676,96.205984521157,0.000000000000,,gps_back
15.059592526195,96.156808779928,0.000000000000,,gps_back
15.067240302412,96.107397983940,0.000000000000,,gps_back
15.074665707074,96.057951021988,0.000000000000,,gps_back
15.082622225011,96.008587447359,0.000000000000,,gps_back
15.090707890901,95.959244152937,0.000000000000,,gps_back
15.100068108873,95.910130858790,0.000000000000,,gps_back
15.110572735900,95.861247169551,0.000000000000,,gps_back
15.121280284256,95.812405720909,0.000000000000,,gps_back
15.130002546372,95.763181077364,0.000000000000,,gps_back
15.138118205546,95.713842745663,0.000000000000,,gps_back
15.146825184267,95.664606270142,0.000000000000,,gps_back
15.156232732170,95.615498625256,0.000000000000,,gps_back
15.165773847098,95.566415982466,0.000000000000,,gps_back
15.175314962027,95.517333339677,0.000000000000,,gps_back
15.184856076956,95.468250696887,0.000000000000,,gps_back
15.192555351482,95.418854224734,0.000000000000,,gps_back
15.197504874451,95.369111422864,0.000000000000,,gps_back
15.202238233989,95.319334860571,0.000000000000,,gps_back
15.212561841459,95.270487398816,0.000000000000,,gps_back
15.224207629278,95.221861126870,0.000000000000,,gps_back
15.234089881676,95.172853998567,0.000000000000,,gps_back
15.242413853090,95.123553566933,0.000000000000,,gps_back
15.250593384001,95.074225785472,0.000000000000,,gps_back
15.259347680835,95.024997459977,0.000000000000,,gps_back
15.268232053799,94.975791702038,0.000000000000,,gps_back
15.276449278146,94.926471255351,0.000000000000,,gps_back
15.284502984737,94.877122734571,0.000000000000,,gps_back
15.292837959503,94.827821138902,0.000000000000,,gps_back
15.301451124078,94.778567294721,0.000000000000,,gps_back
15.309999556486,94.729302096625,0.000000000000,,gps_back
15.318331940622,94.679999953309,0.000000000000,,gps_back
15.326619305222,94.630690133950,0.000000000000,,gps_back
15.335169730368,94.581425421189,0.000000000000,,gps_back
15.343792267128,94.532173106159,0.000000000000,,gps_back
15.352085119884,94.482864483871,0.000000000000,,gps_back
15.360195440210,94.433525262305,0.000000000000,,gps_back
15.368328724693,94.384189800159,0.000000000000,,gps_back
15.376561366663,94.334870834182,0.000000000000,,gps_back
15.384815002839,94.285555358040,0.000000000000,,gps_back
15.393375704791,94.236292492442,0.000000000000,,gps_back
15.402033509693,94.187046365978,0.000000000000,,gps_back
15.410334763339,94.137739209586,0.000000000000,,gps_back
15.418418697553,94.088395673978,0.000000000000,,gps_back
15.426530762136,94.039056721384,0.000000000000,,gps_back
15.434787102527,93.989741739970,0.000000000000,,gps_back
15.443074467127,93.940431920611,0.000000000000,,gps_back
15.451215281292,93.891097748063,0.000000000000,,gps_back
15.459304837863,93.841755092008,0.000000000000,,gps_back
15.467377515642,93.792409671456,0.000000000000,,gps_back
15.475433475987,93.743061518960,0.000000000000,,gps_back
15.483487960590,93.693713125122,0.000000000000,,gps_back
15.491567707383,93.644368862659,0.000000000000,,gps_back
15.499653373273,93.595025568237,0.000000000000,,gps_back
15.507739039163,93.545682273815,0.000000000000,,gps_back
15.515824705054,93.496338979393,0.000000000000,,gps_back
15.523903900985,93.446994625307,0.000000000000,,gps_back
15.531961412803,93.397646726654,0.000000000000,,gps_back
15.540014126739,93.348298043840,0.000000000000,,gps_back
15.550454456916,93.299413186082,0.000000000000,,gps_back
15.561978010324,93.250758483234,0.000000000000,,gps_back
15.571395680503,93.201664541636,0.000000000000,,gps_back
15.576495842774,93.151958221827,0.000000000000,,gps_back
15.580711664138,93.102134878427,0.000000000000,,gps_back
15.587330994866,93.052587355094,0.000000000000,,gps_back
15.595245843329,93.003217674052,0.000000000000,,gps_back
15.603322063212,92.953872832900,0.000000000000,,gps_back
15.611378797186,92.904524806965,0.000000000000,,gps_back
15.619431511116,92.855176124149,0.000000000000,,gps_back
15.627509136927,92.805831514409,0.000000000000,,gps_back
15.635594378700,92.756488150499,0.000000000000,,gps_back
15.642205303483,92.706930928946,0.000000000000,,gps_back
15.647105265407,92.657174616733,0.000000000000,,gps_back
15.652030847263,92.607416703131,0.000000000000,,gps_back
15.659538302493,92.557997025802,0.000000000000,,gps_back
15.667623968383,92.508653731380,0.000000000000,,gps_back
15.675709634278,92.459310436959,0.000000000000,,gps_back
15.683795300175,92.409967142538,0.000000000000,,gps_back
15.691873027302,92.360622548034,0.000000000000,,gps_back
15.699930090127,92.311274575919,0.000000000000,,gps_back
15.707982804057,92.261925893103,0.000000000000,,gps_back
15.716626820178,92.212678186624,0.000000000000,,gps_back
15.725491720256,92.163468933952,0.000000000000,,gps_back
15.733916766869,92.114182961334,0.000000000000,,gps_back
15.742019414071,92.064842565062,0.000000000000,,gps_back
15.750079050205,92.015495012425,0.000000000000,,gps_back
15.758160135408,91.966150968550,0.000000000000,,gps_back
15.766245801298,91.916807674128,0.000000000000,,gps_back
15.772083117664,91.867160148175,0.000000000000,,gps_back
15.776993466752,91.817400843592,0.000000000000,,gps_back
15.785527283830,91.768166047935,0.000000000000,,gps_back
15.796755685514,91.719449944703,0.000000000000,,gps_back
15.807768711016,91.670677450094,0.000000000000,,gps_back
15.816368062623,91.621433361439,0.000000000000,,gps_back
15.824453728515,91.572090067017,0.000000000000,,gps_back
15.833039524878,91.522831924897,0.000000000000,,gps_back
15.841857350122,91.473614231358,0.000000000000,,gps_back
15.850328969916,91.424336062697,0.000000000000,,gps_back
15.858470251259,91.375002056420,0.000000000000,,gps_back
15.866550775705,91.325657919830,0.000000000000,,gps_back
15.874608403481,91.276310040217,0.000000000000,,gps_back
15.882661117411,91.226961357401,0.000000000000,,gps_back
15.890734519578,91.177616055949,0.000000000000,,gps_back
15.898818786698,91.128272532427,0.000000000000,,gps_back
15.907126306489,91.078966220673,0.000000000000,,gps_back
15.915881253092,91.029737643036,0.000000000000,,gps_back
15.925053434990,90.980584975473,0.000000000000,,gps_back
15.936099571864,90.931826819567,0.000000000000,,gps_back
15.947551856213,90.883154611065,0.000000000000,,gps_back
15.957178190675,90.834096618654,0.000000000000,,gps_back
15.965635788128,90.784817060618,0.000000000000,,gps_back
15.973874588132,90.735499109257,0.000000000000,,gps_back
15.981986364894,90.686160132163,0.000000000000,,gps_back
15.990072030785,90.636816837741,0.000000000000,,gps_back
16.000587700709,90.587947818858,0.000000000000,,gps_back
16.011968451530,90.539259080984,0.000000000000,,gps_back
16.022208547042,90.490321023675,0.000000000000,,gps_back
16.030611204687,90.441036463560,0.000000000000,,gps_back
16.038713456750,90.391695895611,0.000000000000,,gps_back
16.049714070539,90.342939494909,0.000000000000,,gps_back
16.061359858358,90.294313222963,0.000000000000,,gps_back
16.071723419343,90.245401570105,0.000000000000,,gps_back
16.080825122242,90.196237784508,0.000000000000,,gps_back
16.088334215214,90.146807837838,0.000000000000,,gps_back
16.093222929806,90.097058084575,0.000000000000,,gps_back
16.097599495057,90.047248603812,0.000000000000,,gps_back
16.104938935000,89.997808757121,0.000000000000,,gps_back
16.113008198226,89.948462790320,0.000000000000,,gps_back
16.121171415416,89.899132280327,0.000000000000,,gps_back
16.129411783485,89.849814593710,0.000000000000,,gps_back
16.137712615787,89.800507044857,0.000000000000,,gps_back
16.146312335894,89.751250932853,0.000000000000,,gps_back
16.154975830503,89.702005805597,0.000000000000,,gps_back
16.163165458089,89.652680177099,0.000000000000,,gps_back
16.171223994124,89.603332446281,0.000000000000,,gps_back
16.179290898893,89.553986081683,0.000000000000,,gps_back
16.187373736771,89.504642324307,0.000000000000,,gps_back
16.195478259237,89.455302124346,0.000000000000,,gps_back
16.203733288947,89.405986930752,0.000000000000,,gps_back
16.212020653548,89.356677111393,0.000000000000,,gps_back
16.220173351475,89.307344889706,0.000000000000,,gps_back
16.228238772799,89.257998289767,0.000000000000,,gps_back
16.237326084508,89.208832085112,0.000000000000,,gps_back
16.249292486606,89.160300408808,0.000000000000,,gps_back
16.261667871411,89.111854753308,0.000000000000,,gps_back
16.270518175160,89.062671136198,0.000000000000,,gps_back
16.278603841051,89.013327841776,0.000000000000,,gps_back
16.286672315241,88.963981733976,0.000000000000,,gps_back
16.294727185244,88.914633403257,0.000000000000,,gps_back
16.303415445299,88.865393564743,0.000000000000,,gps_back
16.314555849218,88.816661541881,0.000000000000,,gps_back
16.326201637036,88.768035269935,0.000000000000,,gps_back
16.335609064471,88.718938467478,0.000000000000,,gps_back
16.343843639274,88.669620868025,0.000000000000,,gps_back
16.352086809390,88.620303697653,0.000000000000,,gps_back
16.360649480534,88.571041124324,0.000000000000,,gps_back
16.369654631387,88.521857657213,0.000000000000,,gps_back
16.380843819020,88.473134580246,0.000000000000,,gps_back
16.392489606839,88.424508308300,0.000000000000,,gps_back
16.402076680827,88.375444428817,0.000000000000,,gps_back
16.410349901760,88.326133932842,0.000000000000,,gps_back
16.419298998176,88.276941595044,0.000000000000,,gps_back
16.430499658681,88.228220723382,0.000000000000,,gps_back
16.442145446500,88.179594451436,0.000000000000,,gps_back
16.451314890164,88.130455043477,0.000000000000,,gps_back
16.459497890676,88.081128256910,0.000000000000,,gps_back
16.468792435950,88.032001626457,0.000000000000,,gps_back
16.479910002850,87.983257487892,0.000000000000,,gps_back
16.491362287202,87.934585279390,0.000000000000,,gps_back
16.502972307993,87.885950513149,0.000000000000,,gps_back
16.514617743926,87.837324156935,0.000000000000,,gps_back
16.526177097598,87.788677282936,0.000000000000,,gps_back
16.537644996820,87.740008763521,0.000000000000,,gps_back
16.549181119591,87.691356374265,0.000000000000,,gps_back
16.561509649762,87.642900107170,0.000000000000,,gps_back
16.574003897278,87.594484898028,0.000000000000,,gps_back
16.583533647543,87.545420123226,0.000000000000,,gps_back
16.591927907766,87.496128948767,0.000000000000,,gps_back
16.601375170654,87.447031174315,0.000000000000,,gps_back
16.612519454827,87.398292316979,0.000000000000,,gps_back
16.623971739182,87.349620108478,0.000000000000,,gps_back
16.629769324500,87.300026218789,0.000000000000,,gps_back
16.634354887159,87.250235544087,0.000000000000,,gps_back
16.641065154448,87.200696298888,0.000000000000,,gps_back
16.649649407296,87.151441744209,0.000000000000,,gps_back
16.657038944546,87.101994300990,0.000000000000,,gps_back
16.661882792031,87.052238700219,0.000000000000,,gps_back
16.666260035769,87.002429279077,0.000000000000,,gps_back
16.670807639940,86.952635184297,0.000000000000,,gps_back
16.675390901489,86.902844297472,0.000000000000,,gps_back
16.681726297216,86.853252461739,0.000000000000,,gps_back
16.689573254581,86.803873472024,0.000000000000,,gps_back
16.697104297532,86.754443153768,0.000000000000,,gps_back
16.702175118203,86.704711215826,0.000000000000,,gps_back
16.706758379751,86.654920329000,0.000000000000,,gps_back
16.711354163235,86.605130596739,0.000000000000,,gps_back
16.715955836224,86.555341408147,0.000000000000,,gps_back
16.720483051316,86.505545405925,0.000000000000,,gps_back
16.724882853674,86.455737998664,0.000000000000,,gps_back
16.729267052512,86.405929189346,0.000000000000,,gps_back
16.736316561218,86.356442352053,0.000000000000,,gps_back
16.743919631329,86.307022396345,0.000000000000,,gps_back
16.750530742021,86.257462096012,0.000000000000,,gps_back
16.755255240795,86.207690354773,0.000000000000,,gps_back
16.759631806052,86.157880874011,0.000000000000,,gps_back
16.764190412769,86.108087793302,0.000000000000,,gps_back
16.768791728666,86.058298571737,0.000000000000,,gps_back
16.775063988060,86.008698037980,0.000000000000,,gps_back
16.782871520579,85.959312989279,0.000000000000,,gps_back
16.790464403984,85.909891919224,0.000000000000,,gps_back
16.795560561844,85.860163012756,0.000000000000,,gps_back
16.800162917979,85.810373887283,0.000000000000,,gps_back
16.804753057003,85.760583634321,0.000000000000,,gps_back
16.809337062953,85.710792816050,0.000000000000,,gps_back
16.814794900394,85.661091791347,0.000000000000,,gps_back
16.821909438992,85.611603740044,0.000000000000,,gps_back
16.829326667383,85.562155550792,0.000000000000,,gps_back
16.835282649978,85.512514641873,0.000000000000,,gps_back
16.840430192558,85.462779464343,0.000000000000,,gps_back
16.845163043674,85.413002774004,0.000000000000,,gps_back
16.849589313954,85.363197807906,0.000000000000,,gps_back
16.854466194606,85.313435341175,0.000000000000,,gps_back
16.862025695771,85.264022677108,0.000000000000,,gps_back
16.870111361661,85.214679382686,0.000000000000,,gps_back
16.876302799031,85.165070322417,0.000000000000,,gps_back
16.881474950510,85.115337988148,0.000000000000,,gps_back
16.887959927302,85.065763244209,0.000000000000,,gps_back
16.895825267159,85.016386831167,0.000000000000,,gps_back
16.903484691918,84.966975960191,0.000000000000,,gps_back
16.908764678511,84.917264988698,0.000000000000,,gps_back
16.913581021853,84.867496107516,0.000000000000,,gps_back
16.918207869890,84.817709325629,0.000000000000,,gps_back
16.922792019027,84.767918520554,0.000000000000,,gps_back
16.927384450372,84.718128478834,0.000000000000,,gps_back
16.931985449506,84.668339228035,0.000000000000,,gps_back
16.937216383081,84.618613023827,0.000000000000,,gps_back
16.945293630704,84.569283740432,0.000000000000,,gps_back
16.953918391898,84.520031814666,0.000000000000,,gps_back
16.959232279945,84.470336191769,0.000000000000,,gps_back
16.963826281950,84.420546300580,0.000000000000,,gps_back
16.970116062971,84.370948075300,0.000000000000,,gps_back
16.977959329558,84.321568706797,0.000000000000,,gps_back
16.985544091381,84.272146458940,0.000000000000,,gps_back
16.990610397561,84.222414317436,0.000000000000,,gps_back
16.995193659109,84.172623430611,0.000000000000,,gps_back
17.002034354476,84.123102614574,0.000000000000,,gps_back
17.009988179415,84.073738802548,0.000000000000,,gps_back
17.017023672620,84.024237125751,0.000000000000,,gps_back
17.021978012334,83.974488865986,0.000000000000,,gps_back
17.026561273883,83.924697979161,0.000000000000,,gps_back
17.033953049287,83.875262038776,0.000000000000,,gps_back
17.042016019946,83.825915057796,0.000000000000,,gps_back
17.050101685839,83.776571763375,0.000000000000,,gps_back
17.058187351730,83.727228468953,0.000000000000,,gps_back
17.065873850169,83.677821747763,0.000000000000,,gps_back
17.070955952040,83.628092157384,0.000000000000,,gps_back
17.075539213588,83.578301270559,0.000000000000,,gps_back
17.084365794303,83.529122004352,0.000000000000,,gps_back
17.095526630151,83.480386821870,0.000000000000,,gps_back
17.105315166081,83.431358672378,0.000000000000,,gps_back
17.110684320547,83.381679426827,0.000000000000,,gps_back
17.115267582095,83.331888540002,0.000000000000,,gps_back
17.122473861312,83.282422714515,0.000000000000,,gps_back
17.130499074532,83.233069750280,0.000000000000,,gps_back
17.138315392911,83.183683217560,0.000000000000,,gps_back
17.145788459270,83.134243604842,0.000000000000,,gps_back
17.153205687657,83.084795415589,0.000000000000,,gps_back
17.161244815581,83.035445286392,0.000000000000,,gps_back
17.169511427374,82.986132007110,0.000000000000,,gps_back
17.177712543451,82.936807784568,0.000000000000,,gps_back
17.185786439723,82.887462587360,0.000000000000,,gps_back
17.193839607715,82.838113978640,0.000000000000,,gps_back
17.201920069359,82.788769833176,0.000000000000,,gps_back
17.210005735249,82.739426538754,0.000000000000,,gps_back
17.218091401139,82.690083244332,0.000000000000,,gps_back
17.226177067030,82.640739949911,0.000000000000,,gps_back
17.234257394169,82.591395781004,0.000000000000,,gps_back
17.242314376406,82.542047795871,0.000000000000,,gps_back
17.250367090342,82.492699113056,0.000000000000,,gps_back
17.258441145175,82.443353918291,0.000000000000,,gps_back
17.266525602477,82.394010425917,0.000000000000,,gps_back
17.274465595246,82.344643523546,0.000000000000,,gps_back
17.282118252988,82.295231355593,0.000000000000,,gps_back
17.289721323100,82.245811399885,0.000000000000,,gps_back
17.297619905690,82.196437986070,0.000000000000,,gps_back
17.305684621034,82.147091287039,0.000000000000,,gps_back
17.313761503674,82.097746554301,0.000000000000,,gps_back
17.321817824373,82.048398460881,0.000000000000,,gps_back
17.329870538304,81.999049778065,0.000000000000,,gps_back
17.337948040494,81.949705147808,0.000000000000,,gps_back
17.346033156438,81.900361763288,0.000000000000,,gps_back
17.352698194016,81.850810553427,0.000000000000,,gps_back
17.357570564053,81.801051599648,0.000000000000,,gps_back
17.362402213406,81.751284320908,0.000000000000,,gps_back
17.369976507831,81.701874131698,0.000000000000,,gps_back
17.378062173721,81.652530837276,0.000000000000,,gps_back
17.386147839615,81.603187542854,0.000000000000,,gps_back
17.394233505511,81.553844248433,0.000000000000,,gps_back
17.402166715522,81.504476259284,0.000000000000,,gps_back
17.409638208020,81.455036607887,0.000000000000,,gps_back
17.417027639741,81.405584257122,0.000000000000,,gps_back
17.422962045643,81.355940393073,0.000000000000,,gps_back
17.427732315301,81.306168589026,0.000000000000,,gps_back
17.433008910228,81.256447271149,0.000000000000,,gps_back
17.440641755455,81.207041549902,0.000000000000,,gps_back
17.448694469385,81.157692867087,0.000000000000,,gps_back
17.456769646926,81.108347856119,0.000000000000,,gps_back
17.464854321133,81.059004399259,0.000000000000,,gps_back
17.473007622072,81.009672244468,0.000000000000,,gps_back
17.481275761627,80.960359218318,0.000000000000,,gps_back
17.489563126220,80.911049398957,0.000000000000,,gps_back
17.497655969580,80.861707355376,0.000000000000,,gps_back
17.505709239462,80.812358763301,0.000000000000,,gps_back
17.513777580179,80.763012633481,0.000000000000,,gps_back
17.521860967746,80.713668966061,0.000000000000,,gps_back
17.530378860225,80.664398812407,0.000000000000,,gps_back
17.541380173047,80.615634264555,0.000000000000,,gps_back
17.552832457404,80.566962056055,0.000000000000,,gps_back
17.562284972925,80.517870254860,0.000000000000,,gps_back
17.570526837218,80.468554172889,0.000000000000,,gps_back
17.578801391645,80.419242271783,0.000000000000,,gps_back
17.587561873682,80.370014702832,0.000000000000,,gps_back
17.596348864165,80.320791467945,0.000000000000,,gps_back
17.604543259778,80.271466773652,0.000000000000,,gps_back
17.612628925674,80.222123479231,0.000000000000,,gps_back
17.620695749108,80.172777101564,0.000000000000,,gps_back
17.628750129931,80.123428690935,0.000000000000,,gps_back
17.637829064722,80.074260522230,0.000000000000,,gps_back
17.650041311688,80.025790818857,0.000000000000,,gps_back
17.662709089981,79.977420740570,0.000000000000,,gps_back
17.671508701060,79.928228952484,0.000000000000,,gps_back
17.679594366953,79.878885658062,0.000000000000,,gps_back
17.687680032847,79.829542363641,0.000000000000,,gps_back
17.695765698742,79.780199069220,0.000000000000,,gps_back
17.704413850315,79.730951857797,0.000000000000,,gps_back
17.715406736341,79.682183750263,0.000000000000,,gps_back
17.726813601955,79.633500877359,0.000000000000,,gps_back
17.736135033134,79.584384571630,0.000000000000,,gps_back
17.744352938263,79.535064120347,0.000000000000,,gps_back
17.753179195884,79.485848961280,0.000000000000,,gps_back
17.763616030457,79.436953194424,0.000000000000,,gps_back
17.774323578813,79.388111745781,0.000000000000,,gps_back
17.783997719148,79.339057232179,0.000000000000,,gps_back
17.792975069031,79.289868848438,0.000000000000,,gps_back
17.801524612236,79.240604025151,0.000000000000,,gps_back
17.809644771926,79.191266654060,0.000000000000,,gps_back
17.817537334715,79.141892153279,0.000000000000,,gps_back
17.822644277280,79.092166454864,0.000000000000,,gps_back
17.827246633423,79.042377329392,0.000000000000,,gps_back
17.835293803527,78.993050149521,0.000000000000,,gps_back
17.845690779902,78.944147319749,0.000000000000,,gps_back
17.856390835411,78.895304229155,0.000000000000,,gps_back
17.864876223275,78.846037406659,0.000000000000,,gps_back
17.872961889171,78.796694112238,0.000000000000,,gps_back
17.881031040194,78.747348114949,0.000000000000,,gps_back
17.889085811882,78.697999768206,0.000000000000,,gps_back
17.897143274424,78.648651860545,0.000000000000,,gps_back
17.905224758815,78.599307882109,0.000000000000,,gps_back
17.913310424711,78.549964587688,0.000000000000,,gps_back
17.921396090603,78.500621293266,0.000000000000,,gps_back
17.929481756493,78.451277998844,0.000000000000,,gps_back
17.937425752975,78.401911736068,0.000000000000,,gps_back
17.945077022580,78.352499353251,0.000000000000,,gps_back
17.952680092692,78.303079397543,0.000000000000,,gps_back
17.960556026423,78.253702331982,0.000000000000,,gps_back
17.968589249846,78.204350494557,0.000000000000,,gps_back
17.977494249109,78.155149836604,0.000000000000,,gps_back
17.988582064388,78.106401226372,0.000000000000,,gps_back
18.000034348743,78.057729017871,0.000000000000,,gps_back
18.009208999352,78.008586438233,0.000000000000,,gps_back
18.017569042557,77.959289196777,0.000000000000,,gps_back
18.025781795176,77.909966906011,0.000000000000,,gps_back
18.033884739202,77.860626463333,0.000000000000,,gps_back
18.042040971858,77.811294793486,0.000000000000,,gps_back
18.052994645411,77.762522757002,0.000000000000,,gps_back
18.064446929760,77.713850548500,0.000000000000,,gps_back
18.074232644268,77.664821389019,0.000000000000,,gps_back
18.082502329467,77.615511365573,0.000000000000,,gps_back
18.091039661531,77.566244646395,0.000000000000,,gps_back
18.102229554831,77.517523964060,0.000000000000,,gps_back
18.113875342652,77.468897692114,0.000000000000,,gps_back
18.125404352506,77.420243626820,0.000000000000,,gps_back
18.136865079987,77.371573410063,0.000000000000,,gps_back
18.148361060293,77.322911507344,0.000000000000,,gps_back
18.159985428974,77.274280138661,0.000000000000,,gps_back
18.171631216792,77.225653866715,0.000000000000,,gps_back
18.183142502473,77.176995613498,0.000000000000,,gps_back
18.194600081679,77.128324652862,0.000000000000,,gps_back
18.205052445393,77.079429862420,0.000000000000,,gps_back
18.213638409988,77.030176460563,0.000000000000,,gps_back
18.221925774583,76.980866641203,0.000000000000,,gps_back
18.232796525283,76.932073829053,0.000000000000,,gps_back
18.244230062398,76.883397234804,0.000000000000,,gps_back
18.254198459699,76.834403739159,0.000000000000,,gps_back
18.262498379864,76.785099672094,0.000000000000,,gps_back
18.270839147829,76.735799009843,0.000000000000,,gps_back
18.281999239853,76.687073349363,0.000000000000,,gps_back
18.293645027672,76.638447077417,0.000000000000,,gps_back
18.305184407098,76.589795465715,0.000000000000,,gps_back
18.316646901825,76.541125667232,0.000000000000,,gps_back
18.328132372838,76.492461281393,0.000000000000,,gps_back
18.339755112966,76.443829528307,0.000000000000,,gps_back
18.351400900785,76.395203256361,0.000000000000,,gps_back
18.360765751783,76.346096375585,0.000000000000,,gps_back
18.368982133105,76.296775700520,0.000000000000,,gps_back
18.378053739628,76.247605895958,0.000000000000,,gps_back
18.389178945691,76.198864480810,0.000000000000,,gps_back
18.400631230046,76.150192272309,0.000000000000,,gps_back
18.412231487444,76.101555159876,0.000000000000,,gps_back
18.423874341996,76.052928186056,0.000000000000,,gps_back
18.435520129815,76.004301914110,0.000000000000,,gps_back
18.447165917633,75.955675642164,0.000000000000,,gps_back
18.458802564845,75.907047182147,0.000000000000,,gps_back
18.467413548280,75.857809628433,0.000000000000,,gps_back
18.475499214170,75.808466334011,0.000000000000,,gps_back
18.485285979204,75.759437381462,0.000000000000,,gps_back
18.496536320598,75.710720637456,0.000000000000,,gps_back
18.508012764640,75.662054121010,0.000000000000,,gps_back
18.519634211749,75.613422063241,0.000000000000,,gps_back
18.531279999567,75.564795791295,0.000000000000,,gps_back
18.540788360126,75.515715198183,0.000000000000,,gps_back
18.549000505267,75.466394339515,0.000000000000,,gps_back
18.556148193120,75.416907926075,0.000000000000,,gps_back
18.560769738701,75.367130360763,0.000000000000,,gps_back
18.564985560065,75.317307017364,0.000000000000,,gps_back
18.571413577241,75.267729083338,0.000000000000,,gps_back
18.579313222198,75.218357772229,0.000000000000,,gps_back
18.587565484366,75.169042115348,0.000000000000,,gps_back
18.596328187242,75.119814958172,0.000000000000,,gps_back
18.605139312386,75.070596033225,0.000000000000,,gps_back
18.613329596492,75.021270667539,0.000000000000,,gps_back
18.621415262382,74.971927373117,0.000000000000,,gps_back
18.629482900252,74.922581128480,0.000000000000,,gps_back
18.637537337424,74.873232727076,0.000000000000,,gps_back
18.645596207375,74.823885049260,0.000000000000,,gps_back
18.653678132068,74.774541142787,0.000000000000,,gps_back
18.661763797958,74.725197848365,0.000000000000,,gps_back
18.672308563105,74.676331907920,0.000000000000,,gps_back
18.683855410368,74.627682672498,0.000000000000,,gps_back
18.693418446756,74.578612121878,0.000000000000,,gps_back
18.698861409795,74.528932098796,0.000000000000,,gps_back
18.704705888459,74.479275247547,0.000000000000,,gps_back
18.715390214462,74.430466588531,0.000000000000,,gps_back
18.726842498811,74.381794380028,0.000000000000,,gps_back
18.736652194790,74.332769443576,0.000000000000,,gps_back
18.745594841225,74.283574857799,0.000000000000,,gps_back
18.754094297173,74.234301357935,0.000000000000,,gps_back
18.762230280074,74.184966495952,0.000000000000,,gps_back
18.770679168027,74.135684321238,0.000000000000,,gps_back
18.781883894273,74.086967248466,0.000000000000,,gps_back
18.793529682094,74.038340976520,0.000000000000,,gps_back
18.803127559101,73.989276710821,0.000000000000,,gps_back
18.811378002786,73.939962444519,0.000000000000,,gps_back
18.819632992990,73.890647243616,0.000000000000,,gps_back
18.828399050461,73.841420667944,0.000000000000,,gps_back
18.837208301513,73.792201407669,0.000000000000,,gps_back
18.845394380451,73.742875319305,0.000000000000,,gps_back
18.853480046341,73.693532024883,0.000000000000,,gps_back
18.859420985275,73.643892507185,0.000000000000,,gps_back
18.863814516362,73.594086874030,0.000000000000,,gps_back
18.868109337802,73.544270293099,0.000000000000,,gps_back
18.876357813556,73.494979801840,0.000000000000,,gps_back
18.885242186521,73.445774043901,0.000000000000,,gps_back
18.893080294994,73.396392660172,0.000000000000,,gps_back
18.900532528070,73.346949812888,0.000000000000,,gps_back
18.908059029425,73.297518158006,0.000000000000,,gps_back
18.916041110574,73.248158322383,0.000000000000,,gps_back
18.924093824504,73.198809639567,0.000000000000,,gps_back
18.929836956322,73.149147992137,0.000000000000,,gps_back
18.934545673938,73.099369527348,0.000000000000,,gps_back
18.940303966344,73.049703002475,0.000000000000,,gps_back
18.948066042430,73.000313227162,0.000000000000,,gps_back
18.956118756366,72.950964544348,0.000000000000,,gps_back
18.961297223729,72.901245535090,0.000000000000,,gps_back
18.965915654960,72.851457914559,0.000000000000,,gps_back
18.970508524413,72.801667913224,0.000000000000,,gps_back
18.975092900256,72.751877129061,0.000000000000,,gps_back
18.980209643473,72.702138695642,0.000000000000,,gps_back
18.987899371245,72.652742298546,0.000000000000,,gps_back
18.995985037135,72.603399004124,0.000000000000,,gps_back
19.004048972732,72.554052154550,0.000000000000,,gps_back
19.012102752373,72.504703645723,0.000000000000,,gps_back
19.021165261524,72.455532084657,0.000000000000,,gps_back
19.032312831038,72.406795468097,0.000000000000,,gps_back
19.043765115390,72.358123259596,0.000000000000,,gps_back
19.052609335468,72.308921661156,0.000000000000,,gps_back
19.060742166610,72.259586265336,0.000000000000,,gps_back
19.068625304390,72.210210277377,0.000000000000,,gps_back
19.076262213137,72.160795614620,0.000000000000,,gps_back
19.083865283242,72.111375658911,0.000000000000,,gps_back
19.091824993907,72.062012098312,0.000000000000,,gps_back
19.099901164139,72.012667254757,0.000000000000,,gps_back
19.107974197360,71.963321892199,0.000000000000,,gps_back
19.116029409691,71.913973617548,0.000000000000,,gps_back
19.124082759206,71.864625038452,0.000000000000,,gps_back
19.132164033571,71.815281025882,0.000000000000,,gps_back
19.140249699461,71.765937731460,0.000000000000,,gps_back
19.148335365356,71.716594437039,0.000000000000,,gps_back
19.156421031253,71.667251142618,0.000000000000,,gps_back
19.163907466667,71.617813970950,0.000000000000,,gps_back
19.168872298001,71.568069126318,0.000000000000,,gps_back
19.173455559549,71.518278239492,0.000000000000,,gps_back
19.180459246291,71.468779220924,0.000000000000,,gps_back
19.188449911795,71.419421051099,0.000000000000,,gps_back
19.196524548134,71.370075950778,0.000000000000,,gps_back
19.204579996347,71.320727714716,0.000000000000,,gps_back
19.212632710283,71.271379031901,0.000000000000,,gps_back
19.220712934773,71.222034847362,0.000000000000,,gps_back
19.228798447132,71.172691527784,0.000000000000,,gps_back
19.236980722760,71.123364176729,0.000000000000,,gps_back
19.245255912182,71.074052322538,0.000000000000,,gps_back
19.253514773445,71.024737722496,0.000000000000,,gps_back
19.261594776366,70.975393549984,0.000000000000,,gps_back
19.269647490296,70.926044867168,0.000000000000,,gps_back
19.277720690628,70.876699532370,0.000000000000,,gps_back
19.285805103865,70.827356032802,0.000000000000,,gps_back
19.293882014971,70.778011304695,0.000000000000,,gps_back
19.301937816193,70.728663126396,0.000000000000,,gps_back
19.309990530129,70.679314443582,0.000000000000,,gps_back
19.318068482708,70.629969886869,0.000000000000,,gps_back
19.326153639282,70.580626509007,0.000000000000,,gps_back
19.335704141781,70.531549222010,0.000000000000,,gps_back
19.347098870923,70.482867872296,0.000000000000,,gps_back
19.358663059835,70.434222141359,0.000000000000,,gps_back
19.367214637274,70.384972213549,0.000000000000,,gps_back
19.375300303165,70.335628919127,0.000000000000,,gps_back
19.383368427750,70.286282753989,0.000000000000,,gps_back
19.391422846715,70.236934349625,0.000000000000,,gps_back
19.399481078157,70.187586567522,0.000000000000,,gps_back
19.407563172831,70.138242688889,0.000000000000,,gps_back
19.415648838721,70.088899394467,0.000000000000,,gps_back
19.423734504612,70.039556100045,0.000000000000,,gps_back
19.431820170505,69.990212805623,0.000000000000,,gps_back
19.439895281710,69.940867782991,0.000000000000,,gps_back
19.447950783792,69.891519555747,0.000000000000,,gps_back
19.456003497728,69.842170872933,0.000000000000,,gps_back
19.464083268072,69.792826613977,0.000000000000,,gps_back
19.472168705863,69.743483282181,0.000000000000,,gps_back
19.481914360074,69.694445346493,0.000000000000,,gps_back
19.493340700862,69.645770406927,0.000000000000,,gps_back
19.504712618423,69.597079483949,0.000000000000,,gps_back
19.513230872733,69.547821853561,0.000000000000,,gps_back
19.521316538623,69.498478559139,0.000000000000,,gps_back
19.529382848769,69.449132097475,0.000000000000,,gps_back
19.537436978298,69.399783645813,0.000000000000,,gps_back
19.544726434825,69.350317386648,0.000000000000,,gps_back
19.549670116070,69.300568744359,0.000000000000,,gps_back
19.554272472205,69.250779618887,0.000000000000,,gps_back
19.561468121258,69.201309265271,0.000000000000,,gps_back
19.569459890308,69.151950928605,0.000000000000,,gps_back
19.577525311339,69.102604321269,0.000000000000,,gps_back
19.585608552240,69.053260629937,0.000000000000,,gps_back
19.593694218137,69.003917335516,0.000000000000,,gps_back
19.601779884028,68.954574041094,0.000000000000,,gps_back
19.609865549919,68.905230746672,0.000000000000,,gps_back
19.618433873888,68.855969342545,0.000000000000,,gps_back
19.627369869398,68.806773071642,0.000000000000,,gps_back
19.636350723302,68.757584831579,0.000000000000,,gps_back
19.645331577206,68.708396591516,0.000000000000,,gps_back
19.654312431110,68.659208351454,0.000000000000,,gps_back
19.663293285014,68.610020111391,0.000000000000,,gps_back
19.672274138918,68.560831871329,0.000000000000,,gps_back
19.681254992822,68.511643631266,0.000000000000,,gps_back
19.690235846726,68.462455391203,0.000000000000,,gps_back
19.699216700630,68.413267151141,0.000000000000,,gps_back
19.708087256494,68.364058919913,0.000000000000,,gps_back
19.716933165546,68.314846232721,0.000000000000,,gps_back
19.725297900076,68.265549846032,0.000000000000,,gps_back
19.733410790857,68.216211071204,0.000000000000,,gps_back
19.741487384622,68.166866291160,0.000000000000,,gps_back
19.749543072478,68.117518094325,0.000000000000,,gps_back
19.757595786408,68.068169411509,0.000000000000,,gps_back
19.765674114559,68.018824916285,0.000000000000,,gps_back
19.773759326255,67.969481547452,0.000000000000,,gps_back
19.780474829613,67.919936127357,0.000000000000,,gps_back
19.785513619319,67.870192600339,0.000000000000,,gps_back
19.791248617990,67.820522497148,0.000000000000,,gps_back
19.799219760094,67.771167427443,0.000000000000,,gps_back
19.807507124693,67.721857608083,0.000000000000,,gps_back
19.815612908451,67.672517666259,0.000000000000,,gps_back
19.823668988241,67.623169533584,0.000000000000,,gps_back
19.831735131754,67.573823044365,0.000000000000,,gps_back
19.839818505805,67.524479374807,0.000000000000,,gps_back
19.847904171697,67.475136080385,0.000000000000,,gps_back
19.855989837592,67.425792785964,0.000000000000,,gps_back
19.864075503488,67.376449491543,0.000000000000,,gps_back
19.872587226437,67.327178190141,0.000000000000,,gps_back
19.881396758073,67.277959064054,0.000000000000,,gps_back
19.889950873715,67.228694952456,0.000000000000,,gps_back
19.898092103579,67.179361008942,0.000000000000,,gps_back
19.906177769475,67.130017714521,0.000000000000,,gps_back
19.914263435366,67.080674420100,0.000000000000,,gps_back
19.922349101256,67.031331125678,0.000000000000,,gps_back
19.928558179030,66.981722199410,0.000000000000,,gps_back
19.933316336615,66.931949797683,0.000000000000,,gps_back
19.939206954709,66.882299212705,0.000000000000,,gps_back
19.949969653743,66.833503971594,0.000000000000,,gps_back
19.961421938098,66.784831763093,0.000000000000,,gps_back
19.970589053046,66.735686063549,0.000000000000,,gps_back
19.978741326640,66.686354434180,0.000000000000,,gps_back
19.985883093047,66.636866969190,0.000000000000,,gps_back
19.991197372009,66.587153074816,0.000000000000,,gps_back
19.996733284837,66.537459415567,0.000000000000,,gps_back
20.004474300464,66.488067748427,0.000000000000,,gps_back
20.012527014394,66.438719065612,0.000000000000,,gps_back
20.020601529601,66.389373945992,0.000000000000,,gps_back
20.028686180964,66.340030485408,0.000000000000,,gps_back
20.037793923927,66.290867179476,0.000000000000,,gps_back
20.048967985171,66.242136063018,0.000000000000,,gps_back
20.060420269520,66.193463854516,0.000000000000,,gps_back
20.066469029902,66.143873605435,0.000000000000,,gps_back
20.071138048051,66.094091205195,0.000000000000,,gps_back
20.077259845558,66.044469460986,0.000000000000,,gps_back
20.085127395140,65.995094357845,0.000000000000,,gps_back
20.093493916359,65.945798025134,0.000000000000,,gps_back
20.104735017075,65.897088876084,0.000000000000,,gps_back
20.116380804896,65.848462604139,0.000000000000,,gps_back
20.126030215631,65.799407203114,0.000000000000,,gps_back
20.134274827433,65.750092078751,0.000000000000,,gps_back
20.142353836505,65.700747694032,0.000000000000,,gps_back
20.150409700756,65.651399526116,0.000000000000,,gps_back
20.158462414686,65.602050843300,0.000000000000,,gps_back
20.163798340113,65.552345698613,0.000000000000,,gps_back
20.168105092463,65.502530725460,0.000000000000,,gps_back
20.173631237171,65.452838115279,0.000000000000,,gps_back
20.184553394714,65.404084071215,0.000000000000,,gps_back
20.196199182533,65.355457799269,0.000000000000,,gps_back
20.203052056332,65.305961512564,0.000000000000,,gps_back
20.207645702812,65.256175096553,0.000000000000,,gps_back
20.213179256483,65.206482699645,0.000000000000,,gps_back
20.220979462769,65.157099688739,0.000000000000,,gps_back
20.229065128665,65.107756394318,0.000000000000,,gps_back
20.237123461457,65.058408629768,0.000000000000,,gps_back
20.245176404235,65.009059984300,0.000000000000,,gps_back
20.253336648744,64.959728984916,0.000000000000,,gps_back
20.261610600501,64.910416927033,0.000000000000,,gps_back
20.269532064813,64.861047194328,0.000000000000,,gps_back
20.274323978680,64.811289004547,0.000000000000,,gps_back
20.278700543931,64.761479523784,0.000000000000,,gps_back
20.283217914581,64.711682642703,0.000000000000,,gps_back
20.287812430464,64.661892797742,0.000000000000,,gps_back
20.292409443680,64.612103178715,0.000000000000,,gps_back
20.296994252892,64.562312434556,0.000000000000,,gps_back
20.301577514440,64.512521547730,0.000000000000,,gps_back
20.308993859829,64.463084332827,0.000000000000,,gps_back
20.317045434439,64.413735553941,0.000000000000,,gps_back
20.325116410261,64.364389854870,0.000000000000,,gps_back
20.333171054363,64.315041487347,0.000000000000,,gps_back
20.340940603255,64.265647542850,0.000000000000,,gps_back
20.345572178032,64.215874259556,0.000000000000,,gps_back
20.349787999395,64.166050916156,0.000000000000,,gps_back
20.355948478421,64.116435653216,0.000000000000,,gps_back
20.364509323963,64.067178889732,0.000000000000,,gps_back
20.373014120719,64.017906267228,0.000000000000,,gps_back
20.380553345501,63.968477696666,0.000000000000,,gps_back
20.387970573888,63.919029507413,0.000000000000,,gps_back
20.395766376873,63.869639784699,0.000000000000,,gps_back
20.403824005596,63.820291965824,0.000000000000,,gps_back
20.411950549213,63.770955389546,0.000000000000,,gps_back
20.420219740290,63.721642545244,0.000000000000,,gps_back
20.428507104890,63.672332725884,0.000000000000,,gps_back
20.436637219531,63.622996769737,0.000000000000,,gps_back
20.444711068581,63.573651542126,0.000000000000,,gps_back
20.452780225303,63.524305545256,0.000000000000,,gps_back
20.460849382024,63.474959548386,0.000000000000,,gps_back
20.468918538746,63.425613551516,0.000000000000,,gps_back
20.478198946368,63.376482986008,0.000000000000,,gps_back
20.487660725146,63.327384988304,0.000000000000,,gps_back
20.497125295790,63.278287528086,0.000000000000,,gps_back
20.506589866434,63.229190067869,0.000000000000,,gps_back
20.516054437078,63.180092607651,0.000000000000,,gps_back
20.521592253134,63.130419791690,0.000000000000,,gps_back
20.526226178140,63.080633791985,0.000000000000,,gps_back
20.532394892266,63.031017760227,0.000000000000,,gps_back
20.540282869384,62.981645566334,0.000000000000,,gps_back
20.548368535280,62.932302271913,0.000000000000,,gps_back
20.556454201170,62.882958977491,0.000000000000,,gps_back
20.564539867060,62.833615683069,0.000000000000,,gps_back
20.570372655666,62.783962478137,0.000000000000,,gps_back
20.574882876093,62.734166314964,0.000000000000,,gps_back
20.581128591298,62.684561173436,0.000000000000,,gps_back
20.592192581522,62.635827466640,0.000000000000,,gps_back
20.603838369340,62.587201194693,0.000000000000,,gps_back
20.609945577002,62.537614667831,0.000000000000,,gps_back
20.614293500001,62.487804090918,0.000000000000,,gps_back
20.620052356958,62.438138478055,0.000000000000,,gps_back
20.631076268137,62.389400845331,0.000000000000,,gps_back
20.642722055958,62.340774573386,0.000000000000,,gps_back
20.649295702695,62.291240028449,0.000000000000,,gps_back
20.653841379466,62.241448109957,0.000000000000,,gps_back
20.660736738467,62.191932259092,0.000000000000,,gps_back
20.671916636411,62.143216500634,0.000000000000,,gps_back
20.683562424230,62.094590228688,0.000000000000,,gps_back
20.692218559850,62.045354864730,0.000000000000,,gps_back
20.700327307478,61.996015405666,0.000000000000,,gps_back
20.708771154317,61.946732297548,0.000000000000,,gps_back
20.717578345968,61.897512792936,0.000000000000,,gps_back
20.726012240222,61.848228030297,0.000000000000,,gps_back
20.733530596082,61.798796026121,0.000000000000,,gps_back
20.740947824473,61.749347836869,0.000000000000,,gps_back
20.748779991235,61.699963878775,0.000000000000,,gps_back
20.756844253018,61.650617122615,0.000000000000,,gps_back
20.764921620975,61.601272469248,0.000000000000,,gps_back
20.772976805776,61.551924190237,0.000000000000,,gps_back
20.781029519708,61.502575507422,0.000000000000,,gps_back
20.791127939669,61.453609638620,0.000000000000,,gps_back
20.801796872943,61.404759877799,0.000000000000,,gps_back
20.811432399456,61.355697100462,0.000000000000,,gps_back
20.816539659913,61.305980042718,0.000000000000,,gps_back
20.821142016048,61.256190917245,0.000000000000,,gps_back
20.830863415148,61.207174992185,0.000000000000,,gps_back
20.842373781804,61.158518244375,0.000000000000,,gps_back
20.852657262492,61.109587995145,0.000000000000,,gps_back
20.860346747490,61.060188350060,0.000000000000,,gps_back
20.867763975881,61.010740160808,0.000000000000,,gps_back
20.875599511380,60.961356731418,0.000000000000,,gps_back
20.883635120409,60.912005287749,0.000000000000,,gps_back
20.892694339846,60.862832603681,0.000000000000,,gps_back
20.904093416002,60.814153806858,0.000000000000,,gps_back
20.915739203820,60.765527534912,0.000000000000,,gps_back
20.924622511700,60.716330537595,0.000000000000,,gps_back
20.932757039837,60.666995500460,0.000000000000,,gps_back
20.940571401565,60.617608598155,0.000000000000,,gps_back
20.948025097357,60.568166017621,0.000000000000,,gps_back
20.955442325748,60.518717828369,0.000000000000,,gps_back
20.963503852701,60.469371059599,0.000000000000,,gps_back
20.971775851666,60.420058682569,0.000000000000,,gps_back
20.979976889252,60.370734440701,0.000000000000,,gps_back
20.988043376618,60.321388025330,0.000000000000,,gps_back
20.996096090554,60.272039342515,0.000000000000,,gps_back
21.004178100295,60.222695450099,0.000000000000,,gps_back
21.012263723532,60.173352148688,0.000000000000,,gps_back
21.022099158140,60.124331189728,0.000000000000,,gps_back
21.033411035768,60.075628097980,0.000000000000,,gps_back
21.044470582467,60.026865331851,0.000000000000,,gps_back
21.052844340646,59.977578126319,0.000000000000,,gps_back
21.060930006538,59.928234831897,0.000000000000,,gps_back
21.069124520433,59.878909510683,0.000000000000,,gps_back
21.077373513030,59.829593259659,0.000000000000,,gps_back
21.085582417736,59.780270320201,0.000000000000,,gps_back
21.093679710633,59.730928945370,0.000000000000,,gps_back
21.101765376524,59.681585650948,0.000000000000,,gps_back
21.109851042418,59.632242356527,0.000000000000,,gps_back
21.117936708314,59.582899062106,0.000000000000,,gps_back
21.126008349269,59.533553471750,0.000000000000,,gps_back
21.134062771338,59.484205067977,0.000000000000,,gps_back
21.142086632447,59.434851686561,0.000000000000,,gps_back
21.149563087272,59.385412751514,0.000000000000,,gps_back
21.156980315658,59.335964562261,0.000000000000,,gps_back
21.166011943685,59.286788584416,0.000000000000,,gps_back
21.177420712730,59.238111760873,0.000000000000,,gps_back
21.189066500551,59.189485488927,0.000000000000,,gps_back
21.197581913957,59.140225682550,0.000000000000,,gps_back
21.205676592140,59.090883873640,0.000000000000,,gps_back
21.215575933418,59.041875956230,0.000000000000,,gps_back
21.227072131569,58.993216362953,0.000000000000,,gps_back
21.238346976401,58.944502904039,0.000000000000,,gps_back
21.246705602325,58.895214385779,0.000000000000,,gps_back
21.254758316256,58.845865702963,0.000000000000,,gps_back
21.264946991631,58.796918512874,0.000000000000,,gps_back
21.276300211097,58.748224102816,0.000000000000,,gps_back
21.286892558179,58.699358380776,0.000000000000,,gps_back
21.294770904405,58.649989121323,0.000000000000,,gps_back
21.302373974516,58.600569165615,0.000000000000,,gps_back
21.310247063963,58.551191586469,0.000000000000,,gps_back
21.318315239826,58.501845459544,0.000000000000,,gps_back
21.326400905723,58.452502165123,0.000000000000,,gps_back
21.334486571613,58.403158870701,0.000000000000,,gps_back
21.342572237504,58.353815576279,0.000000000000,,gps_back
21.350634203678,58.304468404747,0.000000000000,,gps_back
21.358687559651,58.255119826745,0.000000000000,,gps_back
21.366751400572,58.205772961053,0.000000000000,,gps_back
21.374835107171,58.156429345992,0.000000000000,,gps_back
21.382920773067,58.107086051571,0.000000000000,,gps_back
21.390586500736,58.057675967809,0.000000000000,,gps_back
21.398191340806,58.008256284745,0.000000000000,,gps_back
21.405938992086,57.958858811580,0.000000000000,,gps_back
21.413994060368,57.909510605950,0.000000000000,,gps_back
21.422079726264,57.860167311529,0.000000000000,,gps_back
21.430137975866,57.810819533160,0.000000000000,,gps_back
21.438190942379,57.761470891568,0.000000000000,,gps_back
21.447780094523,57.712400210037,0.000000000000,,gps_back
21.459072178620,57.663693240878,0.000000000000,,gps_back
21.470342757694,57.614978672944,0.000000000000,,gps_back
21.478288529506,57.565624558227,0.000000000000,,gps_back
21.485891599611,57.516204602518,0.000000000000,,gps_back
21.493679287379,57.466813439357,0.000000000000,,gps_back
21.501738775970,57.417465931260,0.000000000000,,gps_back
21.509824441866,57.368122636839,0.000000000000,,gps_back
21.517910107757,57.318779342417,0.000000000000,,gps_back
21.525995773647,57.269436047995,0.000000000000,,gps_back
21.532184875668,57.219823007990,0.000000000000,,gps_back
21.536899522555,57.170046095857,0.000000000000,,gps_back
21.542115210895,57.120317896829,0.000000000000,,gps_back
21.549940588912,57.070939483050,0.000000000000,,gps_back
21.558026254808,57.021596188629,0.000000000000,,gps_back
21.566088398823,56.972249046128,0.000000000000,,gps_back
21.574141764362,56.922900469689,0.000000000000,,gps_back
21.582205398176,56.873553570146,0.000000000000,,gps_back
21.590289124477,56.824209958314,0.000000000000,,gps_back
21.598374790369,56.774866663892,0.000000000000,,gps_back
21.606042955579,56.725456951509,0.000000000000,,gps_back
21.613648105199,56.676037316208,0.000000000000,,gps_back
21.621383012692,56.626637841666,0.000000000000,,gps_back
21.629407526333,56.577284646313,0.000000000000,,gps_back
21.637460240263,56.527935963497,0.000000000000,,gps_back
21.645539906422,56.478591687072,0.000000000000,,gps_back
21.653625271469,56.429248343363,0.000000000000,,gps_back
21.660158192074,56.379678107214,0.000000000000,,gps_back
21.664906198918,56.329905384528,0.000000000000,,gps_back
21.670052390207,56.280169853885,0.000000000000,,gps_back
21.680935006200,56.231401223648,0.000000000000,,gps_back
21.692387290549,56.182729015146,0.000000000000,,gps_back
21.701871493699,56.133639477289,0.000000000000,,gps_back
21.710065967417,56.084315378322,0.000000000000,,gps_back
21.718385118327,56.035010968320,0.000000000000,,gps_back
21.727494754772,55.985847030513,0.000000000000,,gps_back
21.736680748002,55.936696687425,0.000000000000,,gps_back
21.745866741232,55.887546344337,0.000000000000,,gps_back
21.755052734463,55.838396001249,0.000000000000,,gps_back
21.764238727693,55.789245658161,0.000000000000,,gps_back
21.773424720923,55.740095315073,0.000000000000,,gps_back
21.782610714154,55.690944971985,0.000000000000,,gps_back
21.791796707384,55.641794628897,0.000000000000,,gps_back
21.800982700614,55.592644285809,0.000000000000,,gps_back
21.807144068306,55.543033340250,0.000000000000,,gps_back
21.812054078918,55.493274517792,0.000000000000,,gps_back
21.820506407141,55.444006172063,0.000000000000,,gps_back
21.831904605775,55.395328137254,0.000000000000,,gps_back
21.842669959412,55.346500196357,0.000000000000,,gps_back
21.847588939082,55.296773502759,0.000000000000,,gps_back
21.851965504339,55.246964021997,0.000000000000,,gps_back
21.858974685761,55.197463022911,0.000000000000,,gps_back
21.867174057643,55.148139357031,0.000000000000,,gps_back
21.876397532202,55.098996892747,0.000000000000,,gps_back
21.887667981219,55.050286079846,0.000000000000,,gps_back
21.899120265574,55.001613871345,0.000000000000,,gps_back
21.907845939552,54.952387017550,0.000000000000,,gps_back
21.915934195366,54.903044289960,0.000000000000,,gps_back
21.924000649973,54.853697851492,0.000000000000,,gps_back
21.932084798161,54.804354308654,0.000000000000,,gps_back
21.940314084572,54.755034783267,0.000000000000,,gps_back
21.951672443939,54.706350146344,0.000000000000,,gps_back
21.963318231757,54.657723874398,0.000000000000,,gps_back
21.973025098937,54.608677442755,0.000000000000,,gps_back
21.981231616751,54.559355774726,0.000000000000,,gps_back
21.989311702270,54.510011566227,0.000000000000,,gps_back
21.997366666131,54.460663251184,0.000000000000,,gps_back
22.005419380062,54.411314568368,0.000000000000,,gps_back
22.015989730242,54.362449388919,0.000000000000,,gps_back
22.027565152117,54.313806908723,0.000000000000,,gps_back
22.038185072168,54.264947359847,0.000000000000,,gps_back
22.046472481281,54.215642293721,0.000000000000,,gps_back
22.054558147171,54.166298999299,0.000000000000,,gps_back
22.062643813066,54.116955704878,0.000000000000,,gps_back
22.070729478962,54.067612410457,0.000000000000,,gps_back
22.081895349267,54.018882810072,0.000000000000,,gps_back
22.096468195231,53.971061750479,0.000000000000,,gps_back
22.111312339738,53.923314603224,0.000000000000,,gps_back
22.119939623340,53.874099221674,0.000000000000,,gps_back
22.128025289232,53.824755927252,0.000000000000,,gps_back
22.139796707269,53.776172607393,0.000000000000,,gps_back
22.154428217532,53.728366003067,0.000000000000,,gps_back
22.169684779082,53.680749195458,0.000000000000,,gps_back
22.188778977378,53.634552097648,0.000000000000,,gps_back
22.208191902239,53.588473067215,0.000000000000,,gps_back
22.227658008373,53.542416481040,0.000000000000,,gps_back
22.247146069030,53.496369177548,0.000000000000,,gps_back
22.267751839887,53.450812438789,0.000000000000,,gps_back
22.289985528020,53.406028943951,0.000000000000,,gps_back
22.312354574275,53.361310217888,0.000000000000,,gps_back
22.337412619626,53.318049895079,0.000000000000,,gps_back
22.362694146489,53.274910781773,0.000000000000,,gps_back
22.387569082750,53.231536159051,0.000000000000,,gps_back
22.412018669397,53.187920340796,0.000000000000,,gps_back
22.436675562227,53.144421259852,0.000000000000,,gps_back
22.461910769175,53.101255433557,0.000000000000,,gps_back
22.487192296042,53.058116320253,0.000000000000,,gps_back
22.514276405393,53.016089928399,0.000000000000,,gps_back
22.541932570852,52.974433547328,0.000000000000,,gps_back
22.569623646956,52.932800111228,0.000000000000,,gps_back
22.597314723059,52.891166675127,0.000000000000,,gps_back
22.625005799162,52.849533239026,0.000000000000,,gps_back
22.651274391397,52.806990736868,0.000000000000,,gps_back
22.676621902672,52.763891197812,0.000000000000,,gps_back
22.702591300985,52.721163264017,0.000000000000,,gps_back
22.732349225154,52.681001651024,0.000000000000,,gps_back
22.762409771531,52.641045396835,0.000000000000,,gps_back
22.791618781917,52.600463603936,0.000000000000,,gps_back
22.819793840322,52.559157514548,0.000000000000,,gps_back
22.847891024566,52.517797063210,0.000000000000,,gps_back
22.876033967316,52.476467736775,0.000000000000,,gps_back
22.904210073390,52.435161010432,0.000000000000,,gps_back
22.932388556681,52.393855904492,0.000000000000,,gps_back
22.961797087403,52.353419606976,0.000000000000,,gps_back
22.991705761532,52.313349793960,0.000000000000,,gps_back
23.021666952409,52.273318984738,0.000000000000,,gps_back
23.051864548205,52.233466293996,0.000000000000,,gps_back
23.082081015752,52.193627822812,0.000000000000,,gps_back
23.112915976061,52.154266739625,0.000000000000,,gps_back
23.148197573879,52.118874696486,0.000000000000,,gps_back
23.183826903148,52.083793510743,0.000000000000,,gps_back
23.218161699510,52.047447925251,0.000000000000,,gps_back
23.250182499041,52.009053488330,0.000000000000,,gps_back
23.282031675388,51.970507818491,0.000000000000,,gps_back
23.314527364734,51.932506325397,0.000000000000,,gps_back
23.348417819652,51.895745947333,0.000000000000,,gps_back
23.382412006676,51.859078060213,0.000000000000,,gps_back
23.417297918322,51.823259141167,0.000000000000,,gps_back
23.452625547220,51.787874452780,0.000000000000,,gps_back
23.487981867004,51.752518132996,0.000000000000,,gps_back
23.522346051535,51.716198792367,0.000000000000,,gps_back
23.556176899767,51.679380555611,0.000000000000,,gps_back
23.590101355177,51.642648176443,0.000000000000,,gps_back
23.625693427170,51.607535010106,0.000000000000,,gps_back
23.661412347022,51.572545047804,0.000000000000,,gps_back
23.697544294827,51.537982147949,0.000000000000,,gps_back
23.734541918006,51.504348828971,0.000000000000,,gps_back
23.771603164700,51.470783926308,0.000000000000,,gps_back
23.808938365706,51.437524211359,0.000000000000,,gps_back
23.846604432070,51.404639725895,0.000000000000,,gps_back
23.884294114016,51.371782054460,0.000000000000,,gps_back
23.921915291486,51.338845981872,0.000000000000,,gps_back
23.959521859043,51.305893216306,0.000000000000,,gps_back
23.996703638841,51.272462348598,0.000000000000,,gps_back
24.032838804544,51.237904856312,0.000000000000,,gps_back
24.068897024573,51.203264656174,0.000000000000,,gps_back
24.106157056457,51.169924123654,0.000000000000,,gps_back
24.143744997624,51.136950259803,0.000000000000,,gps_back
24.181348074925,51.103993511276,0.000000000000,,gps_back
24.218942724388,51.071027149371,0.000000000000,,gps_back
24.256536752429,51.038060078634,0.000000000000,,gps_back
24.295472965369,51.006694812766,0.000000000000,,gps_back
24.335176882078,50.976303203369,0.000000000000,,gps_back
24.374910665020,50.945949206790,0.000000000000,,gps_back
24.414571130763,50.915499492353,0.000000000000,,gps_back
24.454226214859,50.885042752497,0.000000000000,,gps_back
24.492480317683,50.852849749401,0.000000000000,,gps_back
24.530201859839,50.820029147829,0.000000000000,,gps_back
24.568865897677,50.788326454233,0.000000000000,,gps_back
24.611430947438,50.762150567184,0.000000000000,,gps_back
24.654270912088,50.736365375193,0.000000000000,,gps_back
24.695886512234,50.708654246250,0.000000000000,,gps_back
24.736920711926,50.680083653928,0.000000000000,,gps_back
24.778029162524,50.651619090533,0.000000000000,,gps_back
24.819815895693,50.624161758994,0.000000000000,,gps_back
24.861650335321,50.596775295946,0.000000000000,,gps_back
24.903607203855,50.569576834588,0.000000000000,,gps_back
24.945599714724,50.542433372144,0.000000000000,,gps_back
24.987668777723,50.515408729957,0.000000000000,,gps_back
25.030457969267,50.489541885805,0.000000000000,,gps_back
25.073297933919,50.463756693816,0.000000000000,,gps_back
25.115553236210,50.437025806127,0.000000000000,,gps_back
25.157412756550,50.409678247002,0.000000000000,,gps_back
25.200408812843,50.384160898966,0.000000000000,,gps_back
25.245747436246,50.363115204516,0.000000000000,,gps_back
25.291239650539,50.342364369929,0.000000000000,,gps_back
25.334812733788,50.317862951587,0.000000000000,,gps_back
25.377740787869,50.292226037463,0.000000000000,,gps_back
25.421233052503,50.267558912925,0.000000000000,,gps_back
25.465881919202,50.245059040397,0.000000000000,,gps_back
25.510604519278,50.222697740350,0.000000000000,,gps_back
25.557001999138,50.204088653171,0.000000000000,,gps_back
25.603531409330,50.185781483531,0.000000000000,,gps_back
25.650671094809,50.169114517383,0.000000000000,,gps_back
25.698072642742,50.153202217531,0.000000000000,,gps_back
25.745383445761,50.137021378655,0.000000000000,,gps_back
25.791961711924,50.118846814746,0.000000000000,,gps_back
25.838492531755,50.100543222115,0.000000000000,,gps_back
25.887337967799,50.090059158511,0.000000000000,,gps_back
25.936566169813,50.081305520732,0.000000000000,,gps_back
25.984964947051,50.068786475719,0.000000000000,,gps_back
26.032433383436,50.053091683901,0.000000000000,,gps_back
26.079849475079,50.037221808331,0.000000000000,,gps_back
26.128086535409,50.024074854561,0.000000000000,,gps_back
26.176388129539,50.011148351304,0.000000000000,,gps_back
26.224682338107,49.998194276479,0.000000000000,,gps_back
26.272970926692,49.985219266399,0.000000000000,,gps_back
26.321536152664,49.973324589875,0.000000000000,,gps_back
26.370742250003,49.964472731273,0.000000000000,,gps_back
26.419984976079,49.955795598916,0.000000000000,,gps_back
26.469114580667,49.946500572660,0.000000000000,,gps_back
26.518233130636,49.937146070352,0.000000000000,,gps_back
26.566732543482,49.925002440358,0.000000000000,,gps_back
26.615043893942,49.912113256449,0.000000000000,,gps_back
26.663824255298,49.901141456941,0.000000000000,,gps_back
26.713078232506,49.892546030546,0.000000000000,,gps_back
26.762372699416,49.884167858196,0.000000000000,,gps_back
26.811743088923,49.876250080061,0.000000000000,,gps_back
26.861117752170,49.868358228150,0.000000000000,,gps_back
26.910877978404,49.863508114528,0.000000000000,,gps_back
26.960768394803,49.860194417129,0.000000000000,,gps_back
27.010664806585,49.856956085993,0.000000000000,,gps_back
27.060560505264,49.853706787004,0.000000000000,,gps_back
27.110456164293,49.850456878179,0.000000000000,,gps_back
27.160352166476,49.847212242308,0.000000000000,,gps_back
27.210248605230,49.843974327136,0.000000000000,,gps_back
27.260145067268,49.840736770441,0.000000000000,,gps_back
27.310040901837,49.837489558603,0.000000000000,,gps_back
27.359936568287,49.834239763751,0.000000000000,,gps_back
27.409832387095,49.830992308976,0.000000000000,,gps_back
27.459728815658,49.827754237154,0.000000000000,,gps_back
27.509625277697,49.824516680458,0.000000000000,,gps_back
27.559613997010,49.823523926031,0.000000000000,,gps_back
27.609608624292,49.824255879096,0.000000000000,,gps_back
27.659603114461,49.825086326919,0.000000000000,,gps_back
27.709596477283,49.825981951043,0.000000000000,,gps_back
27.759589778919,49.826881111145,0.000000000000,,gps_back
27.809582736453,49.827799193237,0.000000000000,,gps_back
27.859575054642,49.828751432341,0.000000000000,,gps_back
27.909567338882,49.829705483557,0.000000000000,,gps_back
27.959523522108,49.827695977362,0.000000000000,,gps_back
28.009422176606,49.824501237529,0.000000000000,,gps_back
28.059347313790,49.821743288809,0.000000000000,,gps_back
28.109338534005,49.822382598912,0.000000000000,,gps_back
28.159333203502,49.823202183661,0.000000000000,,gps_back
28.209326993408,49.824073690393,0.000000000000,,gps_back
28.259320317428,49.824971588443,0.000000000000,,gps_back
28.309313619064,49.825870748545,0.000000000000,,gps_back
28.359304858744,49.826877739701,0.000000000000,,gps_back
28.409295762898,49.827901552521,0.000000000000,,gps_back
28.459218860010,49.830669325752,0.000000000000,,gps_back
28.508982183996,49.835521213738,0.000000000000,,gps_back
28.558737307448,49.840477662820,0.000000000000,,gps_back
28.608682037432,49.838671943549,0.000000000000,,gps_back
28.658566066724,49.835259741265,0.000000000000,,gps_back
28.708531145097,49.833389031118,0.000000000000,,gps_back
28.758525428383,49.834034872468,0.000000000000,,gps_back
28.808520944304,49.834801087263,0.000000000000,,gps_back
28.858514041242,49.835710996968,0.000000000000,,gps_back
28.908506291522,49.836666787187,0.000000000000,,gps_back
28.958498946551,49.837601192679,0.000000000000,,gps_back
29.008493522332,49.838426123315,0.000000000000,,gps_back
29.058488191829,49.839245708064,0.000000000000,,gps_back
29.108272056387,49.843828798585,0.000000000000,,gps_back
29.157898060469,49.849937079300,0.000000000000,,gps_back
29.207550438790,49.855834224466,0.000000000000,,gps_back
29.257223279992,49.861556660542,0.000000000000,,gps_back
29.306897027010,49.867271339401,0.000000000000,,gps_back
29.356570774029,49.872986018252,0.000000000000,,gps_back
29.406195285508,49.879112867901,0.000000000000,,gps_back
29.455005636016,49.889912331212,0.000000000000,,gps_back
29.503777413372,49.900932877062,0.000000000000,,gps_back
29.552706295648,49.911232260866,0.000000000000,,gps_back
29.601650848513,49.921458177255,0.000000000000,,gps_back
29.650574415486,49.931784007906,0.000000000000,,gps_back
29.699485364917,49.942169458031,0.000000000000,,gps_back
29.748351696835,49.952762767805,0.000000000000,,gps_back
29.797127657995,49.963764422714,0.000000000000,,gps_back
29.845899435351,49.974784968563,0.000000000000,,gps_back
29.894671212707,49.985805514414,0.000000000000,,gps_back
29.943442990063,49.996826060263,0.000000000000,,gps_back
29.992214767422,50.007846606100,0.000000000000,,gps_back
30.040986544781,50.018867151936,0.000000000000,,gps_back
30.089723152251,50.030042150927,0.000000000000,,gps_back
30.138455928712,50.041233897496,0.000000000000,,gps_back
30.187218444879,50.052295310767,0.000000000000,,gps_back
30.235989867916,50.063317422081,0.000000000000,,gps_back
30.283962787747,50.077398082187,0.000000000000,,gps_back
30.331420259161,50.093140086400,0.000000000000,,gps_back
30.379409564405,50.107175969472,0.000000000000,,gps_back
30.427939325214,50.119210200445,0.000000000000,,gps_back
30.477510798108,50.125643656682,0.000000000000,,gps_back
30.527493121303,50.126562102223,0.000000000000,,gps_back
30.577197512209,50.131927331108,0.000000000000,,gps_back
30.625785189494,50.143680125157,0.000000000000,,gps_back
30.674338187723,50.155627721578,0.000000000000,,gps_back
30.722891185951,50.167575318006,0.000000000000,,gps_back
30.772033014672,50.176793513346,0.000000000000,,gps_back
30.821635246539,50.183079405821,0.000000000000,,gps_back
30.871130942198,50.190171023737,0.000000000000,,gps_back
30.920409503955,50.198639051036,0.000000000000,,gps_back
30.873970030658,50.190395590537,0.000000000000,,gps_back
30.824736499555,50.181666437519,0.000000000000,,gps_back
30.775502968332,50.172937285174,0.000000000000,,gps_back
30.726269437110,50.164208132828,0.000000000000,,gps_back
30.677035905888,50.155478980482,0.000000000000,,gps_back
30.627802374665,50.146749828136,0.000000000000,,gps_back
30.578568843443,50.138020675790,0.000000000000,,gps_back
30.529335312220,50.129291523445,0.000000000000,,gps_back
30.480101780998,50.120562371099,0.000000000000,,gps_back
30.430868249776,50.111833218753,0.000000000000,,gps_back
30.381634718553,50.103104066407,0.000000000000,,gps_back
30.332401187331,50.094374914061,0.000000000000,,gps_back
30.283167656109,50.085645761716,0.000000000000,,gps_back
30.233934124886,50.076916609370,0.000000000000,,gps_back
30.184700593664,50.068187457024,0.000000000000,,gps_back
30.135467062441,50.059458304678,0.000000000000,,gps_back
30.086233531219,50.050729152333,0.000000000000,,gps_back
30.036999999997,50.041999999987,0.000000000000,,gps_back
