x,y,z,stamp,frame_id
31.073499999998603,44.23649999999907,103.846,1789797834.999596,gps_back
31.142500000001746,44.24849999998696,103.849,1789797840.0995946,gps_back
31.20350000000326,44.26050000000396,103.855,1789797840.2995944,gps_back
31.281499999997322,44.283499999990454,103.855,1789797840.4995944,gps_back
31.333499999993364,44.29550000000745,103.85600000000001,1789797840.5995944,gps_back
31.437999999994645,44.30799999998999,103.857,1789797840.7995942,gps_back
31.498500000001513,44.320000000006985,103.857,1789797840.8995943,gps_back
31.55899999999383,44.33199999999488,103.857,1789797840.9995942,gps_back
31.619999999995343,44.35500000001048,103.852,1789797841.099594,gps_back
31.698000000003958,44.36699999999837,103.854,1789797841.1995943,gps_back
31.767500000001746,44.37950000001001,103.849,1789797841.2995942,gps_back
31.83650000000489,44.40249999999651,103.848,1789797841.399594,gps_back
31.906000000002678,44.414500000013504,103.84400000000001,1789797841.499594,gps_back
32.19250000000466,44.47399999998743,103.837,1789797841.8995938,gps_back
32.262000000002445,44.486000000004424,103.83800000000001,1789797841.999594,gps_back
32.33150000000023,44.48749999998836,103.836,1789797842.0995939,gps_back
32.3920000000071,44.499500000005355,103.836,1789797842.1995938,gps_back
32.45299999999406,44.521999999997206,103.837,1789797842.2995937,gps_back
32.51350000000093,44.5340000000142,103.83500000000001,1789797842.3995938,gps_back
32.574500000002445,44.546000000002095,103.833,1789797842.4995937,gps_back
32.62649999999849,44.55799999998999,103.836,1789797842.5995936,gps_back
32.695999999996275,44.570000000006985,103.836,1789797842.6995935,gps_back
32.80000000000291,44.593499999988126,103.834,1789797842.8995936,gps_back
32.86049999999523,44.60550000000512,103.833,1789797842.9995935,gps_back
32.97349999999278,44.61850000001141,103.834,1789797843.1995935,gps_back
33.07749999999942,44.64199999999255,103.82000000000001,1789797843.3995934,gps_back
33.12949999999546,44.654000000009546,103.816,1789797843.4995935,gps_back
33.1820000000007,44.65450000000419,103.818,1789797843.5995934,gps_back
33.29450000000361,44.67850000000908,103.819,1789797843.7995932,gps_back
33.407500000001164,44.70199999999022,103.81400000000001,1789797843.9995933,gps_back
33.53750000000582,44.726499999989755,103.825,1789797844.199593,gps_back
33.58950000000186,44.73800000001211,103.821,1789797844.2995932,gps_back
33.650500000003376,44.75,103.82300000000001,1789797844.399593,gps_back
33.71099999999569,44.76199999998789,103.824,1789797844.499593,gps_back
33.771999999997206,44.77400000000489,103.82300000000001,1789797844.599593,gps_back
33.832500000004075,44.78599999999278,103.819,1789797844.699593,gps_back
33.89350000000559,44.787000000011176,103.818,1789797844.799593,gps_back
33.9545000000071,44.79899999999907,103.819,1789797844.8995929,gps_back
34.01549999999406,44.79999999998836,103.818,1789797844.999593,gps_back
34.07600000000093,44.812000000005355,103.819,1789797845.099593,gps_back
34.14549999999872,44.82399999999325,103.821,1789797845.1995928,gps_back
34.19749999999476,44.836000000010245,103.818,1789797845.2995927,gps_back
34.258499999996275,44.84799999999814,103.812,1789797845.3995929,gps_back
34.32749999999942,44.85999999998603,103.815,1789797845.4995928,gps_back
34.38850000000093,44.87200000000303,103.815,1789797845.5995927,gps_back
34.45799999999872,44.87299999999232,103.815,1789797845.6995926,gps_back
34.52749999999651,44.88550000000396,103.81700000000001,1789797845.7995927,gps_back
34.58849999999802,44.89749999999185,103.815,1789797845.8995926,gps_back
34.666500000006636,44.90950000000885,103.815,1789797845.9995925,gps_back
34.736000000004424,44.91099999999278,103.815,1789797846.0995924,gps_back
34.80550000000221,44.92300000000978,103.813,1789797846.1995926,gps_back
34.875,44.93499999999767,103.815,1789797846.2995925,gps_back
34.94449999999779,44.946999999985565,103.81400000000001,1789797846.3995924,gps_back
35.013999999995576,44.9484999999986,103.81400000000001,1789797846.4995925,gps_back
35.083499999993364,44.960499999986496,103.813,1789797846.5995924,gps_back
35.153000000005704,44.97250000000349,103.81400000000001,1789797846.6995924,gps_back
35.23099999999977,44.98499999998603,103.815,1789797846.7995923,gps_back
35.29200000000128,44.99700000000303,103.811,1789797846.8995924,gps_back
35.36149999999907,45.00899999999092,103.816,1789797846.9995923,gps_back
35.43099999999686,45.01050000000396,103.815,1789797847.0995922,gps_back
35.500499999994645,45.02249999999185,103.813,1789797847.199592,gps_back
35.56100000000151,45.03450000000885,103.813,1789797847.2995923,gps_back
35.6304999999993,45.04649999999674,103.815,1789797847.3995922,gps_back
35.69999999999709,45.05850000001374,103.813,1789797847.499592,gps_back
35.76949999999488,45.07050000000163,103.811,1789797847.599592,gps_back
35.83900000000722,45.08300000001327,103.809,1789797847.699592,gps_back
35.91700000000128,45.095000000001164,103.809,1789797847.799592,gps_back
35.98649999999907,45.10699999998906,103.806,1789797847.899592,gps_back
36.06449999999313,45.1195000000007,103.806,1789797847.9995918,gps_back
36.14299999999639,45.13149999998859,103.805,1789797848.099592,gps_back
36.221000000005006,45.13300000000163,103.808,1789797848.1995919,gps_back
36.299499999993714,45.14550000001327,103.81,1789797848.2995918,gps_back
36.37750000000233,45.157500000001164,103.804,1789797848.399592,gps_back
36.447000000000116,45.170000000012806,103.805,1789797848.4995918,gps_back
36.52499999999418,45.1820000000007,103.808,1789797848.5995917,gps_back
36.60349999999744,45.19450000001234,103.811,1789797848.6995916,gps_back
36.67299999999523,45.20650000000023,103.809,1789797848.7995918,gps_back
36.75100000000384,45.218499999988126,103.81,1789797848.8995917,gps_back
36.8295000000071,45.220000000001164,103.809,1789797848.9995916,gps_back
36.89849999999569,45.23199999998906,103.807,1789797849.0995915,gps_back
36.97699999999895,45.2445000000007,103.806,1789797849.1995916,gps_back
37.04649999999674,45.25649999998859,103.804,1789797849.2995915,gps_back
37.124500000005355,45.26900000000023,103.804,1789797849.3995914,gps_back
37.20249999999942,45.280999999988126,103.802,1789797849.4995914,gps_back
37.271999999997206,45.29349999999977,103.801,1789797849.5995915,gps_back
37.35000000000582,45.30549999998766,103.801,1789797849.6995914,gps_back
37.41950000000361,45.31750000000466,103.804,1789797849.7995913,gps_back
37.4890000000014,45.329999999987194,103.807,1789797849.8995914,gps_back
37.55899999999383,45.33100000000559,103.806,1789797849.9995914,gps_back
37.62799999999697,45.34299999999348,103.806,1789797850.0995913,gps_back
37.69749999999476,45.35550000000512,103.808,1789797850.1995912,gps_back
37.7670000000071,45.367499999993015,103.806,1789797850.2995913,gps_back
37.82799999999406,45.37950000001001,103.803,1789797850.3995912,gps_back
38.08849999999802,45.416499999992084,103.797,1789797850.799591,gps_back
38.14900000000489,45.42850000000908,103.794,1789797850.899591,gps_back
38.21850000000268,45.44049999999697,103.797,1789797850.9995909,gps_back
38.288000000000466,45.453000000008615,103.796,1789797851.099591,gps_back
38.357499999998254,45.46499999999651,103.795,1789797851.199591,gps_back
38.42699999999604,45.4659999999858,103.797,1789797851.2995908,gps_back
38.49649999999383,45.47849999999744,103.796,1789797851.3995907,gps_back
38.57499999999709,45.490500000014435,103.797,1789797851.4995909,gps_back
38.64400000000023,45.50250000000233,103.794,1789797851.5995908,gps_back
38.71349999999802,45.51500000001397,103.795,1789797851.6995907,gps_back
38.78299999999581,45.52700000000186,103.795,1789797851.7995908,gps_back
38.86149999999907,45.538999999989755,103.793,1789797851.8995907,gps_back
38.93050000000221,45.5515000000014,103.794,1789797851.9995906,gps_back
39.0,45.56349999998929,103.796,1789797852.0995905,gps_back
39.070000000006985,45.56450000000768,103.793,1789797852.1995907,gps_back
39.13950000000477,45.57699999999022,103.797,1789797852.2995906,gps_back
39.208499999993364,45.58900000000722,103.796,1789797852.3995905,gps_back
39.278000000005704,45.60099999999511,103.795,1789797852.4995904,gps_back
39.34750000000349,45.61300000001211,103.794,1789797852.5995905,gps_back
39.41700000000128,45.625,103.794,1789797852.6995904,gps_back
39.48649999999907,45.63750000001164,103.796,1789797852.7995903,gps_back
39.55599999999686,45.63850000000093,103.799,1789797852.8995903,gps_back
39.625499999994645,45.66149999998743,103.794,1789797852.9995904,gps_back
39.695000000006985,45.663000000000466,103.793,1789797853.0995903,gps_back
39.76450000000477,45.67499999998836,103.791,1789797853.1995902,gps_back
39.842499999998836,45.687000000005355,103.786,1789797853.2995903,gps_back
39.911999999996624,45.69949999998789,103.784,1789797853.3995903,gps_back
39.990499999999884,45.71150000000489,103.781,1789797853.4995902,gps_back
40.068499999993946,45.72399999998743,103.781,1789797853.59959,gps_back
40.138000000006286,45.736000000004424,103.78,1789797853.6995902,gps_back
40.21600000000035,45.74799999999232,103.781,1789797853.79959,gps_back
40.29399999999441,45.76050000000396,103.778,1789797853.89959,gps_back
40.36350000000675,45.77249999999185,103.778,1789797853.99959,gps_back
40.44199999999546,45.78500000000349,103.782,1789797854.09959,gps_back
40.52850000000035,45.79749999998603,103.778,1789797854.19959,gps_back
40.59799999999814,45.80950000000303,103.777,1789797854.2995899,gps_back
40.6765000000014,45.82149999999092,103.779,1789797854.3995898,gps_back
40.75449999999546,45.83400000000256,103.778,1789797854.49959,gps_back
40.832500000004075,45.8465000000142,103.779,1789797854.5995898,gps_back
40.91049999999814,45.858500000002095,103.781,1789797854.6995897,gps_back
40.9890000000014,45.87100000001374,103.784,1789797854.7995899,gps_back
41.153999999994994,45.89550000001327,103.782,1789797854.9995897,gps_back
41.3015000000014,45.920000000012806,103.778,1789797855.1995897,gps_back
41.45799999999872,45.94450000001234,103.767,1789797855.3995895,gps_back
41.6140000000014,45.969000000011874,103.763,1789797855.5995896,gps_back
41.77049999999872,45.99350000001141,103.763,1789797855.7995894,gps_back
41.9265000000014,46.01800000001094,103.762,1789797855.9995894,gps_back
42.08299999999872,46.05350000000908,103.764,1789797856.1995893,gps_back
42.2390000000014,46.078000000008615,103.756,1789797856.3995893,gps_back
42.308499999999185,46.08999999999651,103.756,1789797856.4995892,gps_back
42.46499999999651,46.11449999999604,103.759,1789797856.6995893,gps_back
42.54300000000512,46.138000000006286,103.759,1789797856.7995892,gps_back
42.620999999999185,46.14999999999418,103.755,1789797856.899589,gps_back
42.707500000004075,46.173500000004424,103.758,1789797856.999589,gps_back
42.79450000000361,46.18599999998696,103.756,1789797857.099589,gps_back
42.88999999999942,46.1984999999986,103.754,1789797857.199589,gps_back
42.97650000000431,46.232500000012806,103.745,1789797857.299589,gps_back
43.072000000000116,46.24499999999534,103.74000000000001,1789797857.3995888,gps_back
43.167499999995925,46.26850000000559,103.739,1789797857.499589,gps_back
43.263000000006286,46.29199999998673,103.744,1789797857.5995889,gps_back
43.358500000002095,46.30449999999837,103.745,1789797857.6995888,gps_back
43.453999999997905,46.31700000001001,103.744,1789797857.799589,gps_back
43.549499999993714,46.34049999999115,103.74000000000001,1789797857.8995888,gps_back
43.653999999994994,46.342499999998836,103.73700000000001,1789797857.9995887,gps_back
43.74899999999616,46.36600000000908,103.73100000000001,1789797858.0995886,gps_back
43.845000000001164,46.37849999999162,103.723,1789797858.1995888,gps_back
43.94000000000233,46.40200000000186,103.718,1789797858.2995887,gps_back
44.044999999998254,46.39300000001094,103.718,1789797858.3995886,gps_back
44.13999999999942,46.416499999992084,103.71600000000001,1789797858.4995885,gps_back
44.22699999999895,46.429000000003725,103.712,1789797858.5995886,gps_back
44.32249999999476,46.44149999998626,103.711,1789797858.6995885,gps_back
44.409499999994296,46.46450000000186,103.711,1789797858.7995884,gps_back
44.495999999999185,46.48800000001211,103.705,1789797858.8995883,gps_back
44.591499999994994,46.500499999994645,103.7,1789797858.9995885,gps_back
44.67849999999453,46.513000000006286,103.7,1789797859.0995884,gps_back
44.76499999999942,46.53649999998743,103.70700000000001,1789797859.1995883,gps_back
44.929999999993015,46.571999999985565,103.703,1789797859.3995883,gps_back
45.016499999997905,46.595000000001164,103.70100000000001,1789797859.4995883,gps_back
45.10349999999744,46.607500000012806,103.703,1789797859.5995882,gps_back
45.19049999999697,46.61999999999534,103.686,1789797859.6995883,gps_back
45.27749999999651,46.62150000000838,103.726,1789797859.7995882,gps_back
45.44250000000466,46.64650000000256,103.732,1789797859.999588,gps_back
45.624500000005355,46.6820000000007,103.739,1789797860.199588,gps_back
45.79799999999523,46.71799999999348,103.732,1789797860.3995879,gps_back
45.971999999994296,46.742499999993015,103.726,1789797860.599588,gps_back
46.06750000000466,46.7554999999993,103.72500000000001,1789797860.6995878,gps_back
46.24099999999453,46.79099999999744,103.71600000000001,1789797860.8995879,gps_back
46.33650000000489,46.81450000000768,103.709,1789797860.9995878,gps_back
46.42299999999523,46.82699999999022,103.706,1789797861.0995877,gps_back
46.50999999999476,46.83950000000186,103.703,1789797861.1995878,gps_back
46.60550000000512,46.852000000013504,103.705,1789797861.2995877,gps_back
46.69199999999546,46.875,103.709,1789797861.3995876,gps_back
46.788000000000466,46.888000000006286,103.709,1789797861.4995875,gps_back
46.875,46.88949999999022,103.71000000000001,1789797861.5995877,gps_back
46.96150000000489,46.91250000000582,103.708,1789797861.6995876,gps_back
47.048500000004424,46.92499999998836,103.708,1789797861.7995875,gps_back
47.13499999999476,46.9375,103.708,1789797861.8995876,gps_back
47.221999999994296,46.95000000001164,103.70700000000001,1789797861.9995875,gps_back
47.30000000000291,46.961999999999534,103.706,1789797862.0995874,gps_back
47.37850000000617,46.974500000011176,103.702,1789797862.1995873,gps_back
47.44800000000396,46.98649999999907,103.705,1789797862.2995875,gps_back
47.52599999999802,46.98800000001211,103.706,1789797862.3995874,gps_back
47.60450000000128,47.000499999994645,103.705,1789797862.4995873,gps_back
47.67399999999907,47.01250000001164,103.706,1789797862.5995872,gps_back
47.75199999999313,47.024499999999534,103.703,1789797862.6995873,gps_back
47.82150000000547,47.037000000011176,103.705,1789797862.7995872,gps_back
47.899499999999534,47.04899999999907,103.70400000000001,1789797862.8995872,gps_back
47.96899999999732,47.06099999998696,103.703,1789797862.999587,gps_back
48.04700000000594,47.0734999999986,103.70100000000001,1789797863.0995872,gps_back
48.11699999999837,47.07449999998789,103.7,1789797863.199587,gps_back
48.18649999999616,47.086999999999534,103.69200000000001,1789797863.299587,gps_back
48.2554999999993,47.09899999998743,103.69200000000001,1789797863.3995872,gps_back
48.33400000000256,47.111000000004424,103.69,1789797863.499587,gps_back
48.411999999996624,47.12349999998696,103.69500000000001,1789797863.599587,gps_back
48.49000000000524,47.13550000000396,103.69500000000001,1789797863.6995869,gps_back
48.568499999993946,47.147999999986496,103.694,1789797863.799587,gps_back
48.64650000000256,47.16049999999814,103.694,1789797863.899587,gps_back
48.724499999996624,47.17249999998603,103.68900000000001,1789797863.9995868,gps_back
48.79399999999441,47.18450000000303,103.68900000000001,1789797864.0995867,gps_back
48.87200000000303,47.20800000001327,103.688,1789797864.1995869,gps_back
48.94999999999709,47.220000000001164,103.68900000000001,1789797864.2995868,gps_back
49.02850000000035,47.232500000012806,103.68900000000001,1789797864.3995867,gps_back
49.09799999999814,47.2445000000007,103.69,1789797864.4995868,gps_back
49.17600000000675,47.25649999998859,103.688,1789797864.5995867,gps_back
49.254000000000815,47.26900000000023,103.69200000000001,1789797864.6995866,gps_back
49.3234999999986,47.280999999988126,103.68900000000001,1789797864.7995865,gps_back
49.39299999999639,47.29300000000512,103.69200000000001,1789797864.8995867,gps_back
49.453999999997905,47.304999999993015,103.691,1789797864.9995866,gps_back
49.51450000000477,47.31700000001001,103.68900000000001,1789797865.0995865,gps_back
49.57499999999709,47.328999999997905,103.684,1789797865.1995864,gps_back
49.6359999999986,47.3409999999858,103.679,1789797865.2995865,gps_back
49.70549999999639,47.342499999998836,103.676,1789797865.3995864,gps_back
49.757500000006985,47.353999999992084,103.676,1789797865.4995863,gps_back
49.818499999993946,47.36600000000908,103.674,1789797865.5995865,gps_back
49.888000000006286,47.37799999999697,103.675,1789797865.6995864,gps_back
49.957500000004075,47.390500000008615,103.676,1789797865.7995863,gps_back
50.03549999999814,47.40249999999651,103.675,1789797865.8995862,gps_back
50.12249999999767,47.41500000000815,103.676,1789797865.9995863,gps_back
50.200500000006286,47.437999999994645,103.673,1789797866.0995862,gps_back
50.286999999996624,47.450500000006286,103.674,1789797866.1995862,gps_back
50.37399999999616,47.462999999988824,103.677,1789797866.299586,gps_back
50.46050000000105,47.48649999999907,103.679,1789797866.3995862,gps_back
50.54750000000058,47.49849999998696,103.675,1789797866.499586,gps_back
50.634500000000116,47.5109999999986,103.677,1789797866.599586,gps_back
50.721000000005006,47.523500000010245,103.677,1789797866.699586,gps_back
50.799499999993714,47.53599999999278,103.67,1789797866.799586,gps_back
50.86000000000058,47.54800000000978,103.672,1789797866.899586,gps_back
50.921000000002095,47.55950000000303,103.669,1789797866.9995859,gps_back
50.98149999999441,47.57149999999092,103.664,1789797867.099586,gps_back
51.042499999995925,47.583500000007916,103.664,1789797867.199586,gps_back
51.103000000002794,47.59549999999581,103.661,1789797867.2995858,gps_back
51.17250000000058,47.61850000001141,103.654,1789797867.3995857,gps_back
51.259500000000116,47.61999999999534,103.654,1789797867.4995859,gps_back
51.33749999999418,47.64350000000559,103.654,1789797867.5995858,gps_back
51.424499999993714,47.65549999999348,103.654,1789797867.6995857,gps_back
51.520000000004075,47.66849999999977,103.657,1789797867.7995856,gps_back
51.61500000000524,47.69149999998626,103.658,1789797867.8995857,gps_back
51.71050000000105,47.71499999999651,103.655,1789797867.9995856,gps_back
51.80599999999686,47.728000000002794,103.653,1789797868.0995855,gps_back
51.91049999999814,47.740500000014435,103.652,1789797868.1995857,gps_back
52.005999999993946,47.75299999999697,103.654,1789797868.2995856,gps_back
52.11000000000058,47.77650000000722,103.659,1789797868.3995855,gps_back
52.20549999999639,47.79999999998836,103.659,1789797868.4995854,gps_back
52.30100000000675,47.8125,103.657,1789797868.5995855,gps_back
52.39650000000256,47.836000000010245,103.659,1789797868.6995854,gps_back
52.500499999994645,47.84899999998743,103.656,1789797868.7995853,gps_back
52.596000000005006,47.87249999999767,103.652,1789797868.8995852,gps_back
52.700500000006286,47.88500000000931,103.654,1789797868.9995854,gps_back
52.7954999999929,47.908499999990454,103.656,1789797869.0995853,gps_back
52.89100000000326,47.921000000002095,103.655,1789797869.1995852,gps_back
52.99550000000454,47.93400000000838,103.655,1789797869.2995853,gps_back
53.09100000000035,47.95749999998952,103.652,1789797869.3995852,gps_back
53.195000000006985,47.98099999999977,103.651,1789797869.4995852,gps_back
53.299499999993714,47.98300000000745,103.647,1789797869.599585,gps_back
53.395000000004075,47.99549999998999,103.644,1789797869.6995852,gps_back
53.49899999999616,48.01900000000023,103.642,1789797869.799585,gps_back
53.59450000000652,48.031500000011874,103.639,1789797869.899585,gps_back
53.69899999999325,48.04449999998906,103.639,1789797869.999585,gps_back
53.79450000000361,48.0570000000007,103.636,1789797870.099585,gps_back
53.88999999999942,48.08050000001094,103.633,1789797870.199585,gps_back
53.994000000006054,48.09299999999348,103.638,1789797870.2995849,gps_back
54.09849999999278,48.10599999999977,103.638,1789797870.3995848,gps_back
54.193499999993946,48.12950000001001,103.639,1789797870.499585,gps_back
54.29799999999523,48.14199999999255,103.639,1789797870.5995848,gps_back
54.40200000000186,48.154999999998836,103.642,1789797870.6995847,gps_back
54.49800000000687,48.156500000011874,103.64,1789797870.7995849,gps_back
54.59350000000268,48.179999999993015,103.638,1789797870.8995848,gps_back
54.68899999999849,48.19250000000466,103.633,1789797870.9995847,gps_back
54.784499999994296,48.2159999999858,103.63,1789797871.0995846,gps_back
54.88000000000466,48.22849999999744,103.631,1789797871.1995847,gps_back
54.98399999999674,48.241500000003725,103.624,1789797871.2995846,gps_back
55.088000000003376,48.26500000001397,103.619,1789797871.3995845,gps_back
55.18399999999383,48.27749999999651,103.616,1789797871.4995844,gps_back
55.288000000000466,48.29000000000815,103.61,1789797871.5995846,gps_back
55.383499999996275,48.31349999998929,103.61,1789797871.6995845,gps_back
55.479000000006636,48.32600000000093,103.611,1789797871.7995844,gps_back
55.58299999999872,48.35000000000582,103.60900000000001,1789797871.8995845,gps_back
55.67849999999453,48.36249999998836,103.60900000000001,1789797871.9995844,gps_back
55.76549999999406,48.375,103.613,1789797872.0995843,gps_back
55.8695000000007,48.398500000010245,103.613,1789797872.1995842,gps_back
55.95650000000023,48.41099999999278,103.607,1789797872.2995844,gps_back
56.05199999999604,48.43450000000303,103.601,1789797872.3995843,gps_back
56.1475000000064,48.446999999985565,103.59700000000001,1789797872.4995842,gps_back
56.242499999993015,48.47049999999581,103.598,1789797872.599584,gps_back
56.346999999994296,48.48300000000745,103.596,1789797872.6995842,gps_back
56.433499999999185,48.50649999998859,103.592,1789797872.7995842,gps_back
56.52950000000419,48.51900000000023,103.59400000000001,1789797872.899584,gps_back
56.624500000005355,48.54250000001048,103.59,1789797872.9995842,gps_back
56.720000000001164,48.554999999993015,103.58500000000001,1789797873.099584,gps_back
56.81600000000617,48.56750000000466,103.587,1789797873.199584,gps_back
56.91099999999278,48.5909999999858,103.586,1789797873.299584,gps_back
56.99800000000687,48.60349999999744,103.58800000000001,1789797873.399584,gps_back
57.09350000000268,48.61600000000908,103.58500000000001,1789797873.499584,gps_back
57.18050000000221,48.62849999999162,103.584,1789797873.5995839,gps_back
57.2670000000071,48.65200000000186,103.584,1789797873.6995838,gps_back
57.35349999999744,48.67499999998836,103.583,1789797873.799584,gps_back
57.44049999999697,48.6875,103.583,1789797873.8995838,gps_back
57.52749999999651,48.70000000001164,103.583,1789797873.9995837,gps_back
57.6140000000014,48.72299999999814,103.58200000000001,1789797874.0995839,gps_back
57.70100000000093,48.73550000000978,103.58200000000001,1789797874.1995838,gps_back
57.788000000000466,48.74799999999232,103.583,1789797874.2995837,gps_back
57.874500000005355,48.76050000000396,103.584,1789797874.3995836,gps_back
57.96150000000489,48.772999999986496,103.57900000000001,1789797874.4995837,gps_back
58.03949999999895,48.78500000000349,103.58,1789797874.5995836,gps_back
58.12649999999849,48.79749999998603,103.58,1789797874.6995835,gps_back
58.213000000003376,48.820999999996275,103.578,1789797874.7995834,gps_back
58.30000000000291,48.833500000007916,103.57900000000001,1789797874.8995836,gps_back
58.387000000002445,48.845999999990454,103.58,1789797874.9995835,gps_back
58.482499999998254,48.858500000002095,103.577,1789797875.0995834,gps_back
58.56949999999779,48.87100000001374,103.57900000000001,1789797875.1995833,gps_back
58.65600000000268,48.89400000000023,103.574,1789797875.2995834,gps_back
58.75149999999849,48.906500000011874,103.569,1789797875.3995833,gps_back
58.83849999999802,48.90799999999581,103.566,1789797875.4995832,gps_back
58.925499999997555,48.92050000000745,103.563,1789797875.5995834,gps_back
59.012000000002445,48.94399999998859,103.562,1789797875.6995833,gps_back
59.1079999999929,48.95650000000023,103.563,1789797875.7995832,gps_back
59.19449999999779,48.969000000011874,103.562,1789797875.899583,gps_back
59.28149999999732,48.98149999999441,103.56400000000001,1789797875.9995832,gps_back
59.36800000000221,49.00450000001001,103.56400000000001,1789797876.0995831,gps_back
59.46349999999802,49.01699999999255,103.565,1789797876.199583,gps_back
59.55950000000303,49.01900000000023,103.565,1789797876.299583,gps_back
59.645999999993364,49.04250000001048,103.56400000000001,1789797876.399583,gps_back
59.741500000003725,49.054999999993015,103.566,1789797876.499583,gps_back
59.82850000000326,49.06750000000466,103.56400000000001,1789797876.599583,gps_back
59.9149999999936,49.09049999999115,103.566,1789797876.699583,gps_back
60.01050000000396,49.1140000000014,103.566,1789797876.799583,gps_back
60.10599999999977,49.12650000001304,103.56700000000001,1789797876.8995829,gps_back
60.1929999999993,49.138999999995576,103.56700000000001,1789797876.9995828,gps_back
60.27950000000419,49.16250000000582,103.566,1789797877.099583,gps_back
60.375499999994645,49.17499999998836,103.56,1789797877.1995828,gps_back
60.461999999999534,49.19800000000396,103.556,1789797877.2995827,gps_back
60.54899999999907,49.210499999986496,103.558,1789797877.3995826,gps_back
60.64449999999488,49.22299999999814,103.558,1789797877.4995828,gps_back
60.73099999999977,49.23550000000978,103.556,1789797877.5995827,gps_back
60.82700000000477,49.24799999999232,103.554,1789797877.6995826,gps_back
60.91349999999511,49.27150000000256,103.553,1789797877.7995827,gps_back
61.000499999994645,49.2840000000142,103.554,1789797877.8995826,gps_back
61.086999999999534,49.29649999999674,103.558,1789797877.9995825,gps_back
61.18249999999534,49.30900000000838,103.559,1789797878.0995824,gps_back
61.26949999999488,49.33199999999488,103.558,1789797878.1995826,gps_back
61.36500000000524,49.345000000001164,103.563,1789797878.2995825,gps_back
61.45200000000477,49.35699999998906,103.561,1789797878.3995824,gps_back
61.53849999999511,49.3695000000007,103.557,1789797878.4995823,gps_back
61.634500000000116,49.382500000006985,103.559,1789797878.5995824,gps_back
61.721000000005006,49.40549999999348,103.556,1789797878.6995823,gps_back
61.79899999999907,49.41800000000512,103.553,1789797878.7995822,gps_back
61.89449999999488,49.43049999998766,103.552,1789797878.8995824,gps_back
61.98149999999441,49.4429999999993,103.552,1789797878.9995823,gps_back
62.0679999999993,49.4659999999858,103.552,1789797879.0995822,gps_back
62.154999999998836,49.47849999999744,103.552,1789797879.199582,gps_back
62.24199999999837,49.49100000000908,103.551,1789797879.2995822,gps_back
62.32850000000326,49.50349999999162,103.55,1789797879.3995821,gps_back
62.42399999999907,49.52700000000186,103.546,1789797879.499582,gps_back
62.50250000000233,49.538999999989755,103.542,1789797879.599582,gps_back
62.58900000000722,49.5515000000014,103.539,1789797879.699582,gps_back
62.68450000000303,49.57500000001164,103.538,1789797879.799582,gps_back
62.77150000000256,49.58749999999418,103.537,1789797879.899582,gps_back
62.8579999999929,49.60000000000582,103.538,1789797879.999582,gps_back
62.945000000006985,49.62299999999232,103.541,1789797880.099582,gps_back
63.01450000000477,49.63550000000396,103.534,1789797880.1995819,gps_back
63.07499999999709,49.646999999997206,103.535,1789797880.4995818,gps_back
63.1359999999986,49.648500000010245,103.538,1789797880.8995817,gps_back
63.197000000000116,49.66049999999814,103.538,1789797881.3995814,gps_back
63.257500000006985,49.671999999991385,103.543,1789797881.6995814,gps_back
63.32700000000477,49.68450000000303,103.541,1789797881.8995814,gps_back
63.41400000000431,49.696999999985565,103.542,1789797882.0995812,gps_back
63.46600000000035,49.69750000000931,103.539,1789797882.1995811,gps_back
63.51850000000559,49.6984999999986,103.535,1789797882.2995813,gps_back
63.578999999997905,49.69949999998789,103.531,1789797882.3995812,gps_back
63.63150000000314,49.69000000000233,103.531,1789797882.499581,gps_back
63.69250000000466,49.69099999999162,103.529,1789797882.5995812,gps_back
63.74499999999534,49.69200000001001,103.529,1789797882.6995811,gps_back
63.84100000000035,49.671999999991385,103.529,1789797882.899581,gps_back
63.919999999998254,49.640500000008615,103.531,1789797883.099581,gps_back
63.99850000000151,49.62049999998999,103.53,1789797883.2995808,gps_back
64.05999999999767,49.599500000011176,103.524,1789797883.4995809,gps_back
64.12149999999383,49.578999999997905,103.527,1789797883.699581,gps_back
64.17399999999907,49.54749999998603,103.524,1789797883.9995806,gps_back
64.22699999999895,49.52650000000722,103.528,1789797884.4995806,gps_back
64.27950000000419,49.49499999999534,103.521,1789797885.2995803,gps_back
64.35000000000582,49.46350000001257,103.524,1789797885.6995802,gps_back
64.41150000000198,49.4320000000007,103.524,1789797885.8995802,gps_back
64.63899999999558,49.37100000001374,103.515,1789797886.29958,gps_back
64.71799999999348,49.33999999999651,103.511,1789797886.39958,gps_back
64.80550000000221,49.30900000000838,103.509,1789797886.49958,gps_back
64.90150000000722,49.288999999989755,103.508,1789797886.5995798,gps_back
64.99800000000687,49.25800000000163,103.505,1789797886.69958,gps_back
65.08599999999569,49.2159999999858,103.503,1789797886.7995799,gps_back
65.1649999999936,49.17399999999907,103.501,1789797886.8995798,gps_back
65.22650000000431,49.142499999987194,103.49000000000001,1789797886.99958,gps_back
65.27950000000419,49.10000000000582,103.496,1789797887.1995797,gps_back
65.35000000000582,49.05799999998999,103.499,1789797887.3995798,gps_back
65.41999999999825,49.02650000000722,103.496,1789797887.5995796,gps_back
65.47299999999814,48.99499999999534,103.491,1789797887.7995796,gps_back
65.52550000000338,48.96350000001257,103.488,1789797887.9995794,gps_back
65.60450000000128,48.9320000000007,103.485,1789797888.1995795,gps_back
65.70100000000093,48.890500000008615,103.49000000000001,1789797888.3995793,gps_back
65.75400000000081,48.85899999999674,103.495,1789797888.4995794,gps_back
65.8070000000007,48.82699999999022,103.494,1789797888.5995793,gps_back
65.86849999999686,48.79550000000745,103.495,1789797888.6995792,gps_back
65.93850000000384,48.76449999999022,103.491,1789797888.7995791,gps_back
66.0,48.73300000000745,103.488,1789797888.8995793,gps_back
66.07000000000698,48.71249999999418,103.488,1789797888.9995792,gps_back
66.13150000000314,48.68100000001141,103.48400000000001,1789797889.099579,gps_back
66.21099999999569,48.638999999995576,103.47800000000001,1789797889.2995791,gps_back
66.28149999999732,48.585499999986496,103.482,1789797889.499579,gps_back
66.36100000000442,48.53299999999581,103.482,1789797889.699579,gps_back
66.40499999999884,48.48999999999069,103.48,1789797889.799579,gps_back
66.46700000000419,48.44800000000396,103.47800000000001,1789797889.8995788,gps_back
66.51949999999488,48.41599999999744,103.47800000000001,1789797889.999579,gps_back
66.58150000000023,48.36300000001211,103.479,1789797890.0995789,gps_back
66.63450000000012,48.32050000000163,103.477,1789797890.1995788,gps_back
66.6875,48.288999999989755,103.471,1789797890.2995787,gps_back
66.73149999999441,48.25700000001234,103.46300000000001,1789797890.3995788,gps_back
66.79300000000512,48.225500000000466,103.46900000000001,1789797890.6995788,gps_back
66.846000000005,48.19399999998859,103.47500000000001,1789797890.8995786,gps_back
66.92500000000291,48.15200000000186,103.474,1789797891.0995786,gps_back
66.9780000000028,48.11999999999534,103.47500000000001,1789797891.1995785,gps_back
67.03900000000431,48.099500000011176,103.474,1789797891.2995784,gps_back
67.10950000000594,48.05749999999534,103.471,1789797891.3995783,gps_back
67.18850000000384,48.015500000008615,103.473,1789797891.4995785,gps_back
67.27650000000722,47.97349999999278,103.467,1789797891.5995784,gps_back
67.36449999999604,47.92050000000745,103.467,1789797891.6995783,gps_back
67.45249999999942,47.87899999998626,103.465,1789797891.7995784,gps_back
67.5405000000028,47.82600000000093,103.464,1789797891.8995783,gps_back
67.62799999999697,47.7840000000142,103.456,1789797891.9995782,gps_back
67.68099999999686,47.75250000000233,103.449,1789797892.0995781,gps_back
67.75149999999849,47.720999999990454,103.455,1789797892.399578,gps_back
67.80400000000373,47.68950000000768,103.45700000000001,1789797892.5995781,gps_back
67.85700000000361,47.65799999999581,103.45700000000001,1789797892.799578,gps_back
67.91849999999977,47.62650000001304,103.464,1789797892.999578,gps_back
68.00650000000314,47.584499999997206,103.461,1789797893.1995778,gps_back
68.05899999999383,47.553000000014435,103.461,1789797893.299578,gps_back
68.16449999999895,47.500499999994645,103.455,1789797893.4995778,gps_back
68.21749999999884,47.469000000011874,103.45400000000001,1789797893.5995777,gps_back
68.278999999995,47.4375,103.453,1789797893.6995778,gps_back
68.3405000000057,47.39499999998952,103.45,1789797893.7995777,gps_back
68.41950000000361,47.3640000000014,103.44800000000001,1789797893.8995776,gps_back
68.48149999999441,47.32149999999092,103.45100000000001,1789797893.9995778,gps_back
68.5515000000014,47.279000000009546,103.452,1789797894.0995777,gps_back
68.62200000000303,47.236999999993714,103.452,1789797894.1995776,gps_back
68.68399999999383,47.19450000001234,103.452,1789797894.2995775,gps_back
68.75400000000081,47.16349999999511,103.447,1789797894.3995776,gps_back
68.82450000000244,47.12100000001374,103.443,1789797894.4995775,gps_back
68.89449999999488,47.08999999999651,103.44500000000001,1789797894.5995774,gps_back
68.96499999999651,47.04749999998603,103.443,1789797894.6995773,gps_back
69.02700000000186,47.0054999999993,103.441,1789797894.7995775,gps_back
69.09750000000349,46.962999999988824,103.437,1789797894.8995774,gps_back
69.16749999999593,46.9320000000007,103.436,1789797894.9995773,gps_back
69.22950000000128,46.88949999999022,103.437,1789797895.0995774,gps_back
69.29949999999371,46.84700000000885,103.435,1789797895.1995773,gps_back
69.36149999999907,46.804999999993015,103.434,1789797895.2995772,gps_back
69.4320000000007,46.76250000001164,103.435,1789797895.3995771,gps_back
69.49349999999686,46.72049999999581,103.434,1789797895.4995773,gps_back
69.55550000000221,46.678000000014435,103.433,1789797895.5995772,gps_back
69.62549999999464,46.6359999999986,103.432,1789797895.699577,gps_back
69.6875,46.593499999988126,103.43,1789797895.799577,gps_back
69.74899999999616,46.55100000000675,103.429,1789797895.8995771,gps_back
69.81100000000151,46.508499999996275,103.43,1789797895.999577,gps_back
69.87249999999767,46.466500000009546,103.425,1789797896.099577,gps_back
69.9429999999993,46.42399999999907,103.425,1789797896.1995769,gps_back
70.00449999999546,46.38200000001234,103.425,1789797896.299577,gps_back
70.06650000000081,46.33950000000186,103.421,1789797896.399577,gps_back
70.12799999999697,46.296999999991385,103.42,1789797896.4995768,gps_back
70.19000000000233,46.25500000000466,103.418,1789797896.599577,gps_back
70.25149999999849,46.21249999999418,103.42,1789797896.6995769,gps_back
70.31350000000384,46.1590000000142,103.423,1789797896.7995768,gps_back
70.375,46.11699999999837,103.423,1789797896.8995767,gps_back
70.43700000000536,46.06349999998929,103.423,1789797896.9995768,gps_back
70.49000000000524,46.021000000007916,103.422,1789797897.0995767,gps_back
70.55199999999604,45.96799999999348,103.424,1789797897.1995766,gps_back
70.6140000000014,45.92550000001211,103.425,1789797897.2995765,gps_back
70.67549999999756,45.87249999999767,103.425,1789797897.3995767,gps_back
70.72900000000664,45.81899999998859,103.421,1789797897.4995766,gps_back
70.7905000000028,45.77650000000722,103.418,1789797897.5995765,gps_back
70.8524999999936,45.72349999999278,103.42,1789797897.6995766,gps_back
70.90600000000268,45.670000000012806,103.417,1789797897.7995765,gps_back
70.95900000000256,45.62750000000233,103.416,1789797897.8995764,gps_back
71.02049999999872,45.57449999998789,103.412,1789797897.9995763,gps_back
71.07399999999325,45.521000000007916,103.41,1789797898.0995765,gps_back
71.13550000000396,45.47849999999744,103.411,1789797898.1995764,gps_back
71.19749999999476,45.42550000001211,103.416,1789797898.2995763,gps_back
71.25100000000384,45.37200000000303,103.419,1789797898.3995762,gps_back
71.3125,45.31899999998859,103.417,1789797898.4995763,gps_back
71.37450000000536,45.27650000000722,103.417,1789797898.5995762,gps_back
71.42750000000524,45.22299999999814,103.42,1789797898.6995761,gps_back
71.48949999999604,45.170000000012806,103.423,1789797898.7995763,gps_back
71.54249999999593,45.116500000003725,103.428,1789797898.8995762,gps_back
71.596000000005,45.062999999994645,103.427,1789797898.999576,gps_back
71.64900000000489,45.009499999985565,103.425,1789797899.099576,gps_back
71.71099999999569,44.95650000000023,103.426,1789797899.1995761,gps_back
71.76450000000477,44.90299999999115,103.423,1789797899.299576,gps_back
71.82600000000093,44.85000000000582,103.424,1789797899.399576,gps_back
71.87949999999546,44.79649999999674,103.422,1789797899.4995759,gps_back
71.93249999999534,44.74299999998766,103.424,1789797899.599576,gps_back
71.9945000000007,44.69000000000233,103.424,1789797899.699576,gps_back
72.04799999999523,44.63649999999325,103.425,1789797899.7995758,gps_back
72.10099999999511,44.583500000007916,103.424,1789797899.8995757,gps_back
72.153999999995,44.529999999998836,103.42,1789797899.9995759,gps_back
72.20750000000407,44.476499999989755,103.424,1789797900.0995758,gps_back
72.26949999999488,44.423500000004424,103.423,1789797900.1995757,gps_back
72.33100000000559,44.36999999999534,103.423,1789797900.2995758,gps_back
72.38400000000547,44.32750000001397,103.42,1789797900.3995757,gps_back
72.4375,44.27400000000489,103.423,1789797900.4995756,gps_back
72.49950000000536,44.220999999990454,103.425,1789797900.5995755,gps_back
72.55250000000524,44.16750000001048,103.424,1789797900.6995757,gps_back
72.60599999999977,44.1140000000014,103.425,1789797900.7995756,gps_back
72.66749999999593,44.06099999998696,103.426,1789797900.8995755,gps_back
72.721000000005,43.99700000000303,103.427,1789797900.9995754,gps_back
72.77449999999953,43.943499999993946,103.424,1789797901.0995755,gps_back
72.82749999999942,43.87899999998626,103.425,1789797901.1995754,gps_back
72.88099999999395,43.82600000000093,103.425,1789797901.2995753,gps_back
72.93450000000303,43.76149999999325,103.422,1789797901.3995755,gps_back
72.99649999999383,43.708500000007916,103.426,1789797901.4995754,gps_back
73.04099999999744,43.64400000000023,103.427,1789797901.5995753,gps_back
73.1030000000028,43.5909999999858,103.431,1789797901.6995752,gps_back
73.1475000000064,43.52650000000722,103.429,1789797901.7995753,gps_back
73.20100000000093,43.47299999999814,103.426,1789797901.8995752,gps_back
73.24550000000454,43.408499999990454,103.425,1789797901.9995751,gps_back
73.2899999999936,43.35500000001048,103.425,1789797902.099575,gps_back
73.34350000000268,43.29099999999744,103.43,1789797902.1995752,gps_back
73.38800000000629,43.226499999989755,103.426,1789797902.299575,gps_back
73.43249999999534,43.17300000000978,103.424,1789797902.399575,gps_back
73.4945000000007,43.10899999999674,103.425,1789797902.4995751,gps_back
73.53049999999348,43.04449999998906,103.421,1789797902.599575,gps_back
73.57550000000629,42.98000000001048,103.42,1789797902.699575,gps_back
73.61999999999534,42.915500000002794,103.42,1789797902.7995749,gps_back
73.6649999999936,42.85099999999511,103.42,1789797902.899575,gps_back
73.7094999999972,42.787000000011176,103.421,1789797902.999575,gps_back
73.74550000000454,42.72200000000885,103.42,1789797903.0995748,gps_back
73.7899999999936,42.65799999999581,103.419,1789797903.1995747,gps_back
73.8350000000064,42.593499999988126,103.421,1789797903.2995749,gps_back
73.87949999999546,42.529000000009546,103.423,1789797903.3995748,gps_back
73.92449999999371,42.46450000000186,103.424,1789797903.4995747,gps_back
73.9774999999936,42.41149999998743,103.421,1789797903.5995746,gps_back
74.0219999999972,42.34700000000885,103.419,1789797903.6995747,gps_back
74.07550000000629,42.282500000001164,103.422,1789797903.7995746,gps_back
74.12050000000454,42.218499999988126,103.423,1789797903.8995745,gps_back
74.1649999999936,42.154000000009546,103.428,1789797903.9995747,gps_back
74.2094999999972,42.08950000000186,103.431,1789797904.0995746,gps_back
74.25449999999546,42.02499999999418,103.432,1789797904.1995745,gps_back
74.29899999999907,41.960499999986496,103.431,1789797904.2995744,gps_back
74.34399999999732,41.89650000000256,103.429,1789797904.3995745,gps_back
74.38000000000466,41.83199999999488,103.431,1789797904.4995744,gps_back
74.42449999999371,41.767499999987194,103.43,1789797904.5995743,gps_back
74.46050000000105,41.69200000001001,103.427,1789797904.6995742,gps_back
74.5054999999993,41.62750000000233,103.426,1789797904.7995744,gps_back
74.54150000000664,41.55199999999604,103.425,1789797904.8995743,gps_back
74.57749999999942,41.48749999998836,103.422,1789797904.9995742,gps_back
74.6140000000014,41.41250000000582,103.42,1789797905.0995743,gps_back
74.64999999999418,41.34750000000349,103.421,1789797905.1995742,gps_back
74.67750000000524,41.271999999997206,103.422,1789797905.2995741,gps_back
74.7219999999943,41.196999999985565,103.421,1789797905.399574,gps_back
74.75800000000163,41.132500000006985,103.427,1789797905.4995742,gps_back
74.77700000000186,41.046000000002095,103.428,1789797905.599574,gps_back
74.80449999999837,40.970000000001164,103.429,1789797905.699574,gps_back
74.8234999999986,40.89449999999488,103.431,1789797905.799574,gps_back
74.83349999999336,40.818499999993946,103.433,1789797905.899574,gps_back
74.8524999999936,40.73199999998906,103.435,1789797905.999574,gps_back
74.86250000000291,40.655999999988126,103.436,1789797906.0995739,gps_back
74.87249999999767,40.58050000001094,103.436,1789797906.199574,gps_back
74.89299999999639,40.41750000001048,103.435,1789797906.3995738,gps_back
74.9030000000057,40.34200000000419,103.433,1789797906.4995737,gps_back
74.91300000000047,40.26600000000326,103.435,1789797906.5995739,gps_back
74.92350000000442,40.179000000003725,103.431,1789797906.6995738,gps_back
74.92449999999371,40.103000000002794,103.431,1789797906.7995737,gps_back
74.92600000000675,40.02700000000186,103.433,1789797906.8995736,gps_back
74.93600000000151,39.95100000000093,103.434,1789797906.9995737,gps_back
74.92900000000373,39.875,103.438,1789797907.0995736,gps_back
74.93899999999849,39.78849999999511,103.437,1789797907.1995735,gps_back
74.94049999999697,39.711999999999534,103.437,1789797907.2995734,gps_back
74.93300000000454,39.6359999999986,103.434,1789797907.3995736,gps_back
74.9429999999993,39.55999999999767,103.432,1789797907.4995735,gps_back
74.95350000000326,39.47349999999278,103.435,1789797907.5995734,gps_back
74.95500000000175,39.39749999999185,103.433,1789797907.6995735,gps_back
74.97349999999278,39.32149999999092,103.431,1789797907.7995734,gps_back
74.99249999999302,39.24600000001374,103.431,1789797907.8995733,gps_back
75.01149999999325,39.15950000000885,103.431,1789797907.9995732,gps_back
75.02150000000256,39.083500000007916,103.428,1789797908.0995734,gps_back
75.0399999999936,39.00800000000163,103.424,1789797908.1995733,gps_back
75.05899999999383,38.9320000000007,103.426,1789797908.2995732,gps_back
75.07799999999406,38.85649999999441,103.425,1789797908.399573,gps_back
75.09649999999965,38.76999999998952,103.43,1789797908.4995732,gps_back
75.10700000000361,38.69399999998859,103.428,1789797908.5995731,gps_back
75.12549999999464,38.61799999998766,103.429,1789797908.699573,gps_back
75.14449999999488,38.531500000011874,103.427,1789797908.7995732,gps_back
75.15450000000419,38.45550000001094,103.427,1789797908.899573,gps_back
75.17350000000442,38.38000000000466,103.426,1789797908.999573,gps_back
75.19250000000466,38.29349999999977,103.426,1789797909.099573,gps_back
75.21099999999569,38.217499999998836,103.428,1789797909.199573,gps_back
75.221000000005,38.14199999999255,103.43,1789797909.299573,gps_back
75.24000000000524,38.054999999993015,103.432,1789797909.3995728,gps_back
75.25900000000547,37.97949999998673,103.431,1789797909.4995728,gps_back
75.26900000000023,37.9034999999858,103.43,1789797909.599573,gps_back
75.28800000000047,37.81700000001001,103.43,1789797909.6995728,gps_back
75.3070000000007,37.741500000003725,103.43,1789797909.7995727,gps_back
75.31699999999546,37.665500000002794,103.428,1789797909.8995728,gps_back
75.34450000000652,37.578999999997905,103.431,1789797909.9995728,gps_back
75.35450000000128,37.50299999999697,103.43,1789797910.0995727,gps_back
75.37350000000151,37.42749999999069,103.428,1789797910.1995726,gps_back
75.375,37.351499999989755,103.429,1789797910.2995727,gps_back
75.37649999999849,37.26449999999022,103.428,1789797910.3995726,gps_back
75.39500000000407,37.18900000001304,103.429,1789797910.4995725,gps_back
75.41400000000431,37.11300000001211,103.428,1789797910.5995724,gps_back
75.42399999999907,37.02650000000722,103.43,1789797910.6995726,gps_back
75.43399999999383,36.96150000000489,103.429,1789797910.7995725,gps_back
75.45299999999406,36.874500000005355,103.431,1789797910.8995724,gps_back
75.4719999999943,36.79899999999907,103.427,1789797910.9995725,gps_back
75.47299999999814,36.72299999999814,103.429,1789797911.0995724,gps_back
75.4835000000021,36.646999999997206,103.43,1789797911.1995723,gps_back
75.50199999999313,36.57149999999092,103.424,1789797911.2995722,gps_back
75.51200000000244,36.49549999998999,103.42,1789797911.3995724,gps_back
75.53100000000268,36.420000000012806,103.417,1789797911.4995723,gps_back
75.54099999999744,36.33300000001327,103.418,1789797911.5995722,gps_back
75.55999999999767,36.257500000006985,103.42,1789797911.699572,gps_back
75.57000000000698,36.181500000006054,103.422,1789797911.7995722,gps_back
75.58049999999639,36.09450000000652,103.427,1789797911.8995721,gps_back
75.58150000000023,36.01850000000559,103.428,1789797911.999572,gps_back
75.61049999999523,35.86699999999837,103.427,1789797912.199572,gps_back
75.62050000000454,35.79099999999744,103.423,1789797912.299572,gps_back
75.63099999999395,35.70449999999255,103.425,1789797912.399572,gps_back
75.64949999999953,35.62849999999162,103.424,1789797912.499572,gps_back
75.65099999999802,35.55249999999069,103.427,1789797912.599572,gps_back
75.65200000000186,35.48749999998836,103.429,1789797912.6995718,gps_back
75.68099999999686,35.32500000001164,103.425,1789797912.899572,gps_back
75.69999999999709,35.23850000000675,103.429,1789797912.9995718,gps_back
75.71899999999732,35.16250000000582,103.436,1789797913.0995717,gps_back
75.73750000000291,35.086999999999534,103.437,1789797913.1995716,gps_back
75.74800000000687,35.000499999994645,103.436,1789797913.2995718,gps_back
75.75800000000163,34.924499999993714,103.436,1789797913.3995717,gps_back
75.76799999999639,34.84849999999278,103.435,1789797913.4995716,gps_back
75.78699999999662,34.76199999998789,103.431,1789797913.5995717,gps_back
75.80599999999686,34.68599999998696,103.433,1789797913.6995716,gps_back
75.81600000000617,34.61050000000978,103.434,1789797913.7995715,gps_back
75.8350000000064,34.53450000000885,103.437,1789797913.8995714,gps_back
75.83599999999569,34.458500000007916,103.43900000000001,1789797913.9995716,gps_back
75.85499999999593,34.38300000000163,103.447,1789797914.0995715,gps_back
75.87350000000151,34.3070000000007,103.44800000000001,1789797914.1995714,gps_back
75.90249999999651,34.15549999999348,103.447,1789797914.3995714,gps_back
75.91250000000582,34.07949999999255,103.444,1789797914.4995713,gps_back
75.93150000000605,33.99299999998766,103.438,1789797914.5995712,gps_back
75.93300000000454,33.91699999998673,103.437,1789797914.6995714,gps_back
75.9429999999993,33.8409999999858,103.441,1789797914.7995713,gps_back
75.95350000000326,33.75450000001001,103.44,1789797914.8995712,gps_back
75.96349999999802,33.67850000000908,103.438,1789797914.999571,gps_back
75.97349999999278,33.60250000000815,103.435,1789797915.0995712,gps_back
75.99249999999302,33.51600000000326,103.435,1789797915.1995711,gps_back
75.99400000000605,33.44000000000233,103.434,1789797915.299571,gps_back
76.01249999999709,33.36449999999604,103.433,1789797915.399571,gps_back
76.0225000000064,33.28849999999511,103.435,1789797915.499571,gps_back
76.03250000000116,33.21249999999418,103.434,1789797915.599571,gps_back
76.0515000000014,33.12599999998929,103.432,1789797915.699571,gps_back
76.06200000000536,33.04999999998836,103.43,1789797915.799571,gps_back
76.08049999999639,32.96350000001257,103.43,1789797915.899571,gps_back
76.09100000000035,32.88750000001164,103.428,1789797915.9995708,gps_back
76.11999999999534,32.72500000000582,103.433,1789797916.199571,gps_back
76.13999999999942,32.5625,103.433,1789797916.3995707,gps_back
76.16899999999441,32.41099999999278,103.434,1789797916.5995708,gps_back
76.19800000000396,32.24849999998696,103.437,1789797916.7995706,gps_back
76.20849999999336,32.162000000011176,103.437,1789797916.8995707,gps_back
76.21850000000268,32.086000000010245,103.43900000000001,1789797916.9995706,gps_back
76.22849999999744,32.01000000000931,103.432,1789797917.0995705,gps_back
76.23850000000675,31.934000000008382,103.428,1789797917.1995704,gps_back
76.25900000000547,31.77150000000256,103.419,1789797917.3995705,gps_back
76.27749999999651,31.695999999996275,103.425,1789797917.4995704,gps_back
76.28800000000047,31.60899999999674,103.419,1789797917.5995703,gps_back
76.30650000000605,31.533499999990454,103.42,1789797917.6995704,gps_back
76.31699999999546,31.44649999999092,103.419,1789797917.7995703,gps_back
76.32700000000477,31.37049999998999,103.42,1789797917.8995702,gps_back
76.346000000005,31.295000000012806,103.419,1789797917.9995701,gps_back
76.375,31.132500000006985,103.42,1789797918.1995702,gps_back
76.38499999999476,31.056500000006054,103.416,1789797918.29957,gps_back
76.39549999999872,30.970000000001164,103.415,1789797918.3995702,gps_back
76.40549999999348,30.894000000000233,103.413,1789797918.4995701,gps_back
76.42449999999371,30.807499999995343,103.411,1789797918.59957,gps_back
76.43450000000303,30.731499999994412,103.411,1789797918.69957,gps_back
76.44449999999779,30.65549999999348,103.41,1789797918.79957,gps_back
76.46300000000338,30.579999999987194,103.411,1789797918.89957,gps_back
76.47349999999278,30.49350000001141,103.41,1789797918.99957,gps_back
76.48399999999674,30.406500000011874,103.414,1789797919.0995698,gps_back
76.50250000000233,30.320000000006985,103.413,1789797919.19957,gps_back
76.51300000000629,30.244000000006054,103.412,1789797919.2995698,gps_back
76.52300000000105,30.157500000001164,103.41,1789797919.3995697,gps_back
76.54200000000128,30.081500000000233,103.407,1789797919.49957,gps_back
76.55199999999604,29.994999999995343,103.406,1789797919.5995698,gps_back
76.57099999999627,29.908499999990454,103.404,1789797919.6995697,gps_back
76.58100000000559,29.832499999989523,103.405,1789797919.7995696,gps_back
76.591499999995,29.74549999998999,103.407,1789797919.8995697,gps_back
76.60150000000431,29.670000000012806,103.405,1789797919.9995697,gps_back
76.62050000000454,29.58300000001327,103.403,1789797920.0995696,gps_back
76.6304999999993,29.507500000006985,103.398,1789797920.1995695,gps_back
76.6594999999943,29.345000000001164,103.393,1789797920.3995695,gps_back
76.66950000000361,29.269000000000233,103.391,1789797920.4995694,gps_back
76.67999999999302,29.1929999999993,103.39,1789797920.5995696,gps_back
76.6984999999986,29.106499999994412,103.39,1789797920.6995695,gps_back
76.70900000000256,29.03049999999348,103.389,1789797920.7995694,gps_back
76.7274999999936,28.954999999987194,103.389,1789797920.8995693,gps_back
76.73799999999756,28.86799999998766,103.387,1789797920.9995694,gps_back
76.74800000000687,28.792500000010477,103.387,1789797921.0995693,gps_back
76.7670000000071,28.705500000010943,103.386,1789797921.1995692,gps_back
76.77700000000186,28.619000000006054,103.385,1789797921.2995691,gps_back
76.78750000000582,28.543000000005122,103.383,1789797921.3995693,gps_back
76.80650000000605,28.44550000000163,103.383,1789797921.4995692,gps_back
76.81650000000081,28.35899999999674,103.382,1789797921.599569,gps_back
76.83550000000105,28.27249999999185,103.38,1789797921.6995692,gps_back
76.846000000005,28.174499999993714,103.378,1789797921.7995691,gps_back
76.86500000000524,28.087999999988824,103.379,1789797921.899569,gps_back
76.88450000000012,27.990500000014435,103.379,1789797921.999569,gps_back
76.91349999999511,27.806500000006054,103.381,1789797922.199569,gps_back
76.92399999999907,27.70900000000256,103.379,1789797922.299569,gps_back
76.9429999999993,27.62249999999767,103.377,1789797922.3995688,gps_back
76.96199999999953,27.535999999992782,103.378,1789797922.499569,gps_back
76.97250000000349,27.448999999993248,103.378,1789797922.5995688,gps_back
76.99150000000373,27.36249999998836,103.376,1789797922.6995687,gps_back
77.00149999999849,27.286499999987427,103.372,1789797922.799569,gps_back
77.02049999999872,27.20000000001164,103.371,1789797922.8995688,gps_back
77.03049999999348,27.12400000001071,103.371,1789797922.9995687,gps_back
77.0405000000028,27.04800000000978,103.367,1789797923.0995686,gps_back
77.04200000000128,26.96150000000489,103.366,1789797923.1995687,gps_back
77.06100000000151,26.885500000003958,103.367,1789797923.2995687,gps_back
77.07099999999627,26.809500000003027,103.369,1789797923.3995686,gps_back
77.08100000000559,26.73399999999674,103.371,1789797923.4995685,gps_back
77.091499999995,26.646999999997206,103.36800000000001,1789797923.5995686,gps_back
77.11000000000058,26.57149999999092,103.366,1789797923.6995685,gps_back
77.11999999999534,26.49549999998999,103.364,1789797923.7995684,gps_back
77.13000000000466,26.419499999989057,103.364,1789797923.8995683,gps_back
77.14900000000489,26.344000000011874,103.361,1789797923.9995685,gps_back
77.16899999999441,26.19200000001001,103.361,1789797924.1995683,gps_back
77.17900000000373,26.127000000007683,103.358,1789797924.2995684,gps_back
77.18949999999313,26.040500000002794,103.357,1789797924.3995683,gps_back
77.20799999999872,25.964500000001863,103.357,1789797924.4995682,gps_back
77.21850000000268,25.877999999996973,103.355,1789797924.5995681,gps_back
77.22849999999744,25.801999999996042,103.35300000000001,1789797924.6995683,gps_back
77.24749999999767,25.715499999991152,103.352,1789797924.7995682,gps_back
77.25750000000698,25.63949999999022,103.352,1789797924.899568,gps_back
77.26799999999639,25.553000000014435,103.348,1789797924.999568,gps_back
77.28650000000198,25.477000000013504,103.34700000000001,1789797925.0995681,gps_back
77.29700000000594,25.390500000008615,103.34700000000001,1789797925.199568,gps_back
77.31549999999697,25.314500000007683,103.345,1789797925.299568,gps_back
77.3344999999972,25.228000000002794,103.342,1789797925.399568,gps_back
77.34450000000652,25.152000000001863,103.342,1789797925.499568,gps_back
77.36350000000675,25.065499999996973,103.34,1789797925.599568,gps_back
77.37350000000151,24.989999999990687,103.342,1789797925.6995678,gps_back
77.39250000000175,24.913999999989755,103.342,1789797925.799568,gps_back
77.41150000000198,24.82750000001397,103.342,1789797925.8995678,gps_back
77.42999999999302,24.75150000001304,103.339,1789797925.9995677,gps_back
77.44049999999697,24.66500000000815,103.337,1789797926.0995677,gps_back
77.4594999999972,24.589500000001863,103.339,1789797926.1995678,gps_back
77.47950000000128,24.426500000001397,103.337,1789797926.3995676,gps_back
77.49000000000524,24.339999999996508,103.33500000000001,1789797926.4995677,gps_back
77.50849999999627,24.263999999995576,103.33200000000001,1789797926.5995677,gps_back
77.51900000000023,24.177499999990687,103.333,1789797926.6995676,gps_back
77.528999999995,24.101499999989755,103.33,1789797926.7995675,gps_back
77.53900000000431,24.025499999988824,103.32600000000001,1789797926.8995676,gps_back
77.5405000000028,23.93900000001304,103.328,1789797926.9995675,gps_back
77.55950000000303,23.863000000012107,103.32600000000001,1789797927.0995674,gps_back
77.56949999999779,23.776500000007218,103.325,1789797927.1995673,gps_back
77.58000000000175,23.700500000006286,103.325,1789797927.2995675,gps_back
77.62949999999546,23.364499999996042,103.319,1789797927.6995673,gps_back
77.63950000000477,23.28849999999511,103.319,1789797927.7995672,gps_back
77.658500000005,23.20199999999022,103.318,1789797927.8995671,gps_back
77.66849999999977,23.12599999998929,103.318,1789797927.9995673,gps_back
77.6875,23.039500000013504,103.315,1789797928.0995672,gps_back
77.69749999999476,22.963500000012573,103.313,1789797928.199567,gps_back
77.72650000000431,22.790500000002794,103.312,1789797928.3995671,gps_back
77.73699999999371,22.714500000001863,103.308,1789797928.499567,gps_back
77.74700000000303,22.627999999996973,103.309,1789797928.599567,gps_back
77.76600000000326,22.54099999999744,103.306,1789797928.6995668,gps_back
77.77599999999802,22.465499999991152,103.303,1789797928.799567,gps_back
77.79499999999825,22.378999999986263,103.3,1789797928.899567,gps_back
77.80550000000221,22.29199999998673,103.3,1789797928.9995668,gps_back
77.81549999999697,22.215999999985797,103.299,1789797929.099567,gps_back
77.8344999999972,22.12950000001001,103.297,1789797929.1995668,gps_back
77.84450000000652,22.043000000005122,103.294,1789797929.2995667,gps_back
77.85499999999593,21.956000000005588,103.289,1789797929.3995667,gps_back
77.86500000000524,21.880000000004657,103.291,1789797929.4995668,gps_back
77.88400000000547,21.793499999999767,103.288,1789797929.5995667,gps_back
77.89449999999488,21.706999999994878,103.286,1789797929.6995666,gps_back
77.91349999999511,21.62049999998999,103.287,1789797929.7995665,gps_back
77.92350000000442,21.544499999989057,103.286,1789797929.8995667,gps_back
77.93349999999919,21.457499999989523,103.283,1789797929.9995666,gps_back
77.96249999999418,21.295000000012806,103.282,1789797930.1995666,gps_back
77.97250000000349,21.21950000000652,103.278,1789797930.2995665,gps_back
77.9829999999929,21.143500000005588,103.275,1789797930.3995664,gps_back
77.99300000000221,21.067500000004657,103.276,1789797930.4995663,gps_back
78.01149999999325,20.99199999999837,103.276,1789797930.5995665,gps_back
78.0405000000028,20.82949999999255,103.277,1789797930.7995663,gps_back
78.05100000000675,20.731999999989057,103.274,1789797930.8995662,gps_back
78.06200000000536,20.62349999998696,103.27,1789797930.9995663,gps_back
78.10950000000594,20.385000000009313,103.267,1789797931.1995661,gps_back
78.14049999999406,20.135999999998603,103.255,1789797931.3995662,gps_back
78.18799999999464,19.89749999999185,103.242,1789797931.599566,gps_back
78.1984999999986,19.79999999998836,103.242,1789797931.799566,gps_back
78.20849999999336,19.723999999987427,103.232,1789797931.9995658,gps_back
78.2280000000028,19.61600000000908,103.232,1789797932.199566,gps_back
78.24800000000687,19.47500000000582,103.23400000000001,1789797932.399566,gps_back
78.2670000000071,19.38850000000093,103.236,1789797932.4995658,gps_back
78.27749999999651,19.29099999999744,103.236,1789797932.5995657,gps_back
78.29649999999674,19.182499999995343,103.235,1789797932.6995656,gps_back
78.31600000000617,19.073999999993248,103.23100000000001,1789797932.7995658,gps_back
78.33550000000105,18.965999999985797,103.229,1789797932.8995657,gps_back
78.35499999999593,18.846500000014203,103.226,1789797932.9995656,gps_back
78.37450000000536,18.72750000000815,103.22500000000001,1789797933.0995655,gps_back
78.38550000000396,18.60800000000745,103.22,1789797933.1995656,gps_back
78.53149999999732,17.741500000003725,103.199,1789797933.9995654,gps_back
78.57050000000163,17.52499999999418,103.197,1789797934.1995652,gps_back
78.58100000000559,17.416499999992084,103.19500000000001,1789797934.2995653,gps_back
78.61100000000442,17.210499999986496,103.188,1789797934.4995651,gps_back
78.64949999999953,17.005000000004657,103.18,1789797934.6995652,gps_back
78.66899999999441,16.89650000000256,103.179,1789797934.799565,gps_back
78.67949999999837,16.788000000000466,103.177,1789797934.899565,gps_back
78.69899999999325,16.679999999993015,103.174,1789797934.9995651,gps_back
78.71799999999348,16.57149999999092,103.173,1789797935.099565,gps_back
78.73750000000291,16.473999999987427,103.168,1789797935.199565,gps_back
78.74749999999767,16.38750000001164,103.161,1789797935.2995648,gps_back
78.75750000000698,16.321999999985565,103.159,1789797935.399565,gps_back
78.7670000000071,16.268000000010943,103.158,1789797935.499565,gps_back
78.77700000000186,16.203000000008615,103.154,1789797935.5995648,gps_back
78.7954999999929,16.138000000006286,103.154,1789797935.6995647,gps_back
78.80550000000221,16.0625,103.156,1789797935.7995648,gps_back
78.81549999999697,15.997499999997672,103.162,1789797935.8995647,gps_back
78.82550000000629,15.932499999995343,103.161,1789797935.9995646,gps_back
78.85450000000128,15.78049999999348,103.16,1789797936.1995647,gps_back
78.86449999999604,15.704999999987194,103.159,1789797936.2995646,gps_back
78.87450000000536,15.61799999998766,103.157,1789797936.3995645,gps_back
78.89350000000559,15.542500000010477,103.154,1789797936.4995646,gps_back
78.90350000000035,15.455500000010943,103.151,1789797936.5995646,gps_back
78.92250000000058,15.380000000004657,103.146,1789797936.6995645,gps_back
78.94150000000081,15.293499999999767,103.144,1789797936.7995644,gps_back
78.9600000000064,15.217499999998836,103.141,1789797936.8995645,gps_back
78.98799999999756,15.130999999993946,103.138,1789797936.9995644,gps_back
79.01549999999406,15.05549999998766,103.137,1789797937.0995643,gps_back
79.0515000000014,14.980000000010477,103.138,1789797937.1995642,gps_back
79.0795000000071,14.894000000000233,103.137,1789797937.2995644,gps_back
79.12399999999616,14.818499999993946,103.136,1789797937.3995643,gps_back
79.16899999999441,14.753999999986263,103.133,1789797937.4995642,gps_back
79.22250000000349,14.690000000002328,103.13,1789797937.5995643,gps_back
79.27550000000338,14.625499999994645,103.126,1789797937.6995642,gps_back
79.3289999999979,14.572500000009313,103.121,1789797937.7995641,gps_back
79.38199999999779,14.519000000000233,103.117,1789797937.899564,gps_back
79.4265000000014,14.465499999991152,103.116,1789797937.9995642,gps_back
79.47999999999593,14.412000000011176,103.116,1789797938.099564,gps_back
79.52449999999953,14.358500000002095,103.117,1789797938.199564,gps_back
79.55999999999767,14.304999999993015,103.116,1789797938.299564,gps_back
79.60499999999593,14.240500000014435,103.113,1789797938.399564,gps_back
79.65799999999581,14.187000000005355,103.108,1789797938.499564,gps_back
79.72000000000116,14.13399999999092,103.105,1789797938.5995638,gps_back
79.78200000000652,14.080500000010943,103.105,1789797938.699564,gps_back
79.84399999999732,14.027499999996508,103.10000000000001,1789797938.799564,gps_back
79.90549999999348,13.973999999987427,103.095,1789797938.8995638,gps_back
79.96749999999884,13.932000000000698,103.09100000000001,1789797938.9995637,gps_back
80.03800000000047,13.878999999986263,103.08800000000001,1789797939.0995638,gps_back
80.10000000000582,13.83650000000489,103.086,1789797939.1995637,gps_back
80.16150000000198,13.782999999995809,103.08200000000001,1789797939.2995636,gps_back
80.22349999999278,13.730000000010477,103.08200000000001,1789797939.3995636,gps_back
80.28549999999814,13.676999999996042,103.08500000000001,1789797939.4995637,gps_back
80.34750000000349,13.623499999986961,103.084,1789797939.5995636,gps_back
80.41800000000512,13.581500000000233,103.081,1789797939.6995635,gps_back
80.48850000000675,13.538999999989755,103.07900000000001,1789797939.7995634,gps_back
80.56699999999546,13.50800000000163,103.077,1789797939.8995636,gps_back
80.64599999999336,13.477000000013504,103.077,1789797939.9995635,gps_back
80.78650000000198,13.413999999989755,103.07000000000001,1789797940.1995635,gps_back
80.85700000000361,13.38300000000163,103.066,1789797940.2995634,gps_back
80.92750000000524,13.340499999991152,103.066,1789797940.3995633,gps_back
80.99749999999767,13.309500000003027,103.059,1789797940.4995632,gps_back
81.0679999999993,13.256499999988591,103.058,1789797940.5995634,gps_back
81.13000000000466,13.203000000008615,103.057,1789797940.6995633,gps_back
81.20050000000629,13.14999999999418,103.05,1789797940.7995632,gps_back
81.26249999999709,13.097000000008848,103.048,1789797940.899563,gps_back
81.32450000000244,13.043499999999767,103.044,1789797940.9995632,gps_back
81.39500000000407,12.990500000014435,103.042,1789797941.0995631,gps_back
81.45699999999488,12.9375,103.041,1789797941.199563,gps_back
81.52749999999651,12.88399999999092,103.039,1789797941.2995632,gps_back
81.58950000000186,12.831000000005588,103.038,1789797941.399563,gps_back
81.66000000000349,12.777999999991152,103.032,1789797941.499563,gps_back
81.73050000000512,12.736000000004424,103.029,1789797941.599563,gps_back
81.80100000000675,12.693499999993946,103.031,1789797941.699563,gps_back
81.87149999999383,12.651500000007218,103.029,1789797941.799563,gps_back
81.93349999999919,12.597999999998137,103.026,1789797941.8995628,gps_back
81.99499999999534,12.556000000011409,103.023,1789797941.9995627,gps_back
82.11900000000605,12.460499999986496,103.02,1789797942.1995628,gps_back
82.18050000000221,12.418000000005122,103.023,1789797942.2995627,gps_back
82.24199999999837,12.375499999994645,103.023,1789797942.3995626,gps_back
82.31299999999464,12.322500000009313,103.024,1789797942.4995627,gps_back
82.37450000000536,12.279999999998836,103.021,1789797942.5995626,gps_back
82.43649999999616,12.238000000012107,103.017,1789797942.6995625,gps_back
82.49800000000687,12.19550000000163,103.015,1789797942.7995627,gps_back
82.55999999999767,12.14199999999255,103.014,1789797942.8995626,gps_back
82.6304999999993,12.10000000000582,103.007,1789797942.9995625,gps_back
82.69199999999546,12.057499999995343,103.007,1789797943.0995624,gps_back
82.76249999999709,12.015500000008615,103.009,1789797943.1995625,gps_back
82.81549999999697,11.972999999998137,103.007,1789797943.2995625,gps_back
82.8859999999986,11.931000000011409,103.006,1789797943.3995624,gps_back
82.94800000000396,11.877500000002328,103.003,1789797943.4995623,gps_back
83.01850000000559,11.835499999986496,103.007,1789797943.5995624,gps_back
83.08000000000175,11.793000000005122,103.008,1789797943.6995623,gps_back
83.15050000000338,11.75099999998929,103.003,1789797943.7995622,gps_back
83.21199999999953,11.708500000007916,102.999,1789797943.8995624,gps_back
83.28250000000116,11.666499999992084,102.997,1789797943.9995623,gps_back
83.34450000000652,11.62400000001071,102.994,1789797944.0995622,gps_back
83.40600000000268,11.581500000000233,102.991,1789797944.199562,gps_back
83.46799999999348,11.528499999985797,102.99000000000001,1789797944.2995622,gps_back
83.52950000000419,11.486000000004424,102.989,1789797944.3995621,gps_back
83.591499999995,11.443499999993946,102.98700000000001,1789797944.499562,gps_back
83.66199999999662,11.401500000007218,102.98700000000001,1789797944.599562,gps_back
83.73200000000361,11.369999999995343,102.988,1789797944.699562,gps_back
83.79349999999977,11.328000000008615,102.99000000000001,1789797944.799562,gps_back
83.8640000000014,11.29649999999674,102.988,1789797944.899562,gps_back
83.92549999999756,11.26500000001397,102.986,1789797944.999562,gps_back
83.98699999999371,11.222500000003492,102.985,1789797945.099562,gps_back
84.05749999999534,11.18049999998766,102.98700000000001,1789797945.1995618,gps_back
84.12799999999697,11.14900000000489,102.982,1789797945.2995617,gps_back
84.19800000000396,11.128499999991618,102.983,1789797945.399562,gps_back
84.26799999999639,11.097500000003492,102.985,1789797945.4995618,gps_back
84.3469999999943,11.076999999990221,102.986,1789797945.5995617,gps_back
84.41700000000128,11.04550000000745,102.988,1789797945.6995616,gps_back
84.48750000000291,11.014499999990221,102.98700000000001,1789797945.7995617,gps_back
84.55749999999534,10.98300000000745,102.983,1789797945.8995616,gps_back
84.62799999999697,10.940999999991618,102.985,1789797945.9995615,gps_back
84.6984999999986,10.898500000010245,102.989,1789797946.0995615,gps_back
84.75999999999476,10.86699999999837,102.988,1789797946.1995616,gps_back
84.83000000000175,10.835499999986496,102.989,1789797946.2995615,gps_back
84.90899999999965,10.815499999996973,102.992,1789797946.3995614,gps_back
84.98750000000291,10.795000000012806,102.991,1789797946.4995615,gps_back
85.05749999999534,10.774499999999534,102.98700000000001,1789797946.5995615,gps_back
85.13649999999325,10.754500000010012,102.98700000000001,1789797946.6995614,gps_back
85.20650000000023,10.73399999999674,102.989,1789797946.7995613,gps_back
85.27650000000722,10.70250000001397,102.98700000000001,1789797946.8995614,gps_back
85.35550000000512,10.682000000000698,102.988,1789797946.9995613,gps_back
85.42549999999756,10.661499999987427,102.988,1789797947.0995612,gps_back
85.50449999999546,10.630499999999302,102.99000000000001,1789797947.199561,gps_back
85.56600000000617,10.598999999987427,102.98700000000001,1789797947.2995613,gps_back
85.64449999999488,10.589500000001863,102.98700000000001,1789797947.3995612,gps_back
85.72299999999814,10.56950000001234,102.985,1789797947.499561,gps_back
85.79349999999977,10.548999999999069,102.983,1789797947.5995612,gps_back
85.87200000000303,10.539500000013504,102.982,1789797947.699561,gps_back
85.94150000000081,10.529999999998836,102.979,1789797947.799561,gps_back
86.02000000000407,10.520500000013271,102.98,1789797947.899561,gps_back
86.09849999999278,10.510999999998603,102.97800000000001,1789797947.999561,gps_back
86.24700000000303,10.49199999999837,102.979,1789797948.1995609,gps_back
86.32600000000093,10.471500000014203,102.96900000000001,1789797948.2995608,gps_back
86.39599999999336,10.451000000000931,102.967,1789797948.399561,gps_back
86.47449999999662,10.43049999998766,102.968,1789797948.4995608,gps_back
86.55349999999453,10.410499999998137,102.97,1789797948.5995607,gps_back
86.62350000000151,10.39000000001397,102.971,1789797948.6995609,gps_back
86.70200000000477,10.380499999999302,102.964,1789797948.7995608,gps_back
86.78049999999348,10.35999999998603,102.961,1789797948.8995607,gps_back
86.85050000000047,10.339500000001863,102.958,1789797948.9995606,gps_back
86.92900000000373,10.340999999985797,102.956,1789797949.0995607,gps_back
87.00750000000698,10.331500000000233,102.952,1789797949.1995606,gps_back
87.08599999999569,10.321999999985565,102.952,1789797949.2995605,gps_back
87.15600000000268,10.301500000001397,102.949,1789797949.3995605,gps_back
87.23500000000058,10.292500000010477,102.947,1789797949.4995606,gps_back
87.30499999999302,10.271999999997206,102.947,1789797949.5995605,gps_back
87.46249999999418,10.230999999999767,102.947,1789797949.7995605,gps_back
87.54099999999744,10.211000000010245,102.946,1789797949.8995605,gps_back
87.61100000000442,10.201000000000931,102.941,1789797949.9995604,gps_back
87.69800000000396,10.192000000010012,102.941,1789797950.0995603,gps_back
87.75900000000547,10.203999999997905,102.959,1789797950.1995604,gps_back
87.93349999999919,10.185499999992317,102.96900000000001,1789797950.3995602,gps_back
88.01200000000244,10.176000000006752,102.974,1789797950.49956,gps_back
88.09900000000198,10.166499999992084,102.98,1789797950.5995603,gps_back
88.18649999999616,10.146500000002561,102.979,1789797950.6995602,gps_back
88.25650000000314,10.136999999987893,102.964,1789797950.79956,gps_back
88.3350000000064,10.127500000002328,102.96000000000001,1789797950.8995602,gps_back
88.41349999999511,10.106999999989057,102.96000000000001,1789797950.99956,gps_back
88.49249999999302,10.097500000003492,102.95700000000001,1789797951.09956,gps_back
88.5795000000071,10.088500000012573,102.961,1789797951.19956,gps_back
88.65799999999581,10.089500000001863,102.96000000000001,1789797951.29956,gps_back
88.73600000000442,10.102000000013504,102.958,1789797951.39956,gps_back
88.81449999999313,10.103499999997439,102.956,1789797951.4995599,gps_back
88.89250000000175,10.115500000014435,102.956,1789797951.5995598,gps_back
88.971000000005,10.11699999999837,102.958,1789797951.69956,gps_back
89.05800000000454,10.10800000000745,102.955,1789797951.7995598,gps_back
89.12799999999697,10.10899999999674,102.95100000000001,1789797951.8995597,gps_back
89.20600000000559,10.110500000009779,102.95,1789797951.9995599,gps_back
89.35450000000128,10.102000000013504,102.937,1789797952.1995597,gps_back
89.48450000000594,10.115500000014435,102.907,1789797952.3995597,gps_back
89.56350000000384,10.105999999999767,102.915,1789797952.4995596,gps_back
89.72000000000116,10.10899999999674,102.903,1789797952.6995595,gps_back
89.79850000000442,10.099500000011176,102.901,1789797952.7995596,gps_back
89.96300000000338,10.146000000007916,102.899,1789797952.9995594,gps_back
90.05000000000291,10.157999999995809,102.898,1789797953.0995595,gps_back
90.13700000000244,10.160000000003492,102.897,1789797953.1995595,gps_back
90.29349999999977,10.184500000003027,102.913,1789797953.3995593,gps_back
90.37149999999383,10.185499999992317,102.9,1789797953.4995594,gps_back
90.44999999999709,10.187000000005355,102.895,1789797953.5995593,gps_back
90.51949999999488,10.18849999998929,102.882,1789797953.6995592,gps_back
90.60700000000361,10.190000000002328,102.874,1789797953.799559,gps_back
90.66749999999593,10.201999999990221,102.849,1789797953.8995593,gps_back
90.75449999999546,10.20350000000326,102.85900000000001,1789797953.9995592,gps_back
90.83299999999872,10.204999999987194,102.855,1789797954.099559,gps_back
90.91150000000198,10.206500000000233,102.84400000000001,1789797954.1995592,gps_back
90.9719999999943,10.228999999992084,102.78,1789797954.299559,gps_back
91.05000000000291,10.252000000007683,102.729,1789797954.399559,gps_back
91.12850000000617,10.24299999998766,102.746,1789797954.499559,gps_back
91.20650000000023,10.244000000006054,102.753,1789797954.599559,gps_back
91.28500000000349,10.256499999988591,102.758,1789797954.699559,gps_back
91.36350000000675,10.247000000003027,102.758,1789797954.7995589,gps_back
91.51149999999325,10.249500000005355,102.75,1789797954.999559,gps_back
91.67699999999604,10.252500000002328,102.746,1789797955.1995587,gps_back
91.84200000000419,10.255499999999302,102.752,1789797955.3995588,gps_back
91.9204999999929,10.25700000001234,102.75,1789797955.4995587,gps_back
91.99850000000151,10.269499999994878,102.748,1789797955.5995586,gps_back
92.07700000000477,10.270500000013271,102.751,1789797955.6995587,gps_back
92.15549999999348,10.271999999997206,102.75,1789797955.7995586,gps_back
92.32249999999476,10.177499999990687,102.914,1789797955.9995584,gps_back
92.48699999999371,10.234499999991385,102.933,1789797956.1995585,gps_back
92.56549999999697,10.214500000001863,102.923,1789797956.2995584,gps_back
92.64449999999488,10.193999999988591,102.917,1789797956.3995585,gps_back
92.71400000000722,10.206000000005588,102.914,1789797956.4995584,gps_back
92.79200000000128,10.218499999988126,102.91,1789797956.5995584,gps_back
92.86999999999534,10.230500000005122,102.899,1789797956.6995583,gps_back
92.9484999999986,10.231999999989057,102.896,1789797956.7995584,gps_back
93.03549999999814,10.244500000000698,102.895,1789797956.8995583,gps_back
93.1140000000014,10.246000000013737,102.893,1789797956.9995582,gps_back
93.27049999999872,10.259499999985565,102.887,1789797957.1995583,gps_back
93.43550000000687,10.273500000010245,102.885,1789797957.399558,gps_back
93.5225000000064,10.285999999992782,102.885,1789797957.4995582,gps_back
93.59200000000419,10.287000000011176,102.879,1789797957.599558,gps_back
93.66999999999825,10.299499999993714,102.872,1789797957.699558,gps_back
93.75699999999779,10.312000000005355,102.873,1789797957.799558,gps_back
93.83550000000105,10.312999999994645,102.874,1789797957.899558,gps_back
93.91349999999511,10.325500000006286,102.876,1789797957.999558,gps_back
93.99199999999837,10.326999999990221,102.872,1789797958.0995579,gps_back
94.06149999999616,10.339000000007218,102.869,1789797958.199558,gps_back
94.22650000000431,10.353000000002794,102.864,1789797958.3995578,gps_back
94.2960000000021,10.364999999990687,102.863,1789797958.4995577,gps_back
94.38300000000163,10.377500000002328,102.86,1789797958.5995579,gps_back
94.46950000000652,10.39000000001397,102.866,1789797958.6995578,gps_back
94.54799999999523,10.402000000001863,102.863,1789797958.7995577,gps_back
94.61749999999302,10.403499999985797,102.86,1789797958.8995576,gps_back
94.74800000000687,10.40549999999348,102.85000000000001,1789797959.0995576,gps_back
94.82550000000629,10.450500000006286,102.84,1789797959.1995575,gps_back
94.91300000000047,10.441499999986263,102.843,1789797959.2995574,gps_back
94.99150000000373,10.442500000004657,102.837,1789797959.3995576,gps_back
95.07799999999406,10.454999999987194,102.83500000000001,1789797959.4995575,gps_back
95.17399999999907,10.445999999996275,102.843,1789797959.5995574,gps_back
95.25199999999313,10.469000000011874,102.82900000000001,1789797959.6995575,gps_back
95.3125,10.502999999996973,102.768,1789797959.7995574,gps_back
95.39900000000489,10.526000000012573,102.774,1789797959.8995574,gps_back
95.47699999999895,10.53849999999511,102.765,1789797959.9995573,gps_back
95.55550000000221,10.550500000012107,102.69200000000001,1789797960.0995574,gps_back
95.72950000000128,10.564500000007683,102.678,1789797960.2995572,gps_back
95.81600000000617,10.576999999990221,102.679,1789797960.3995574,gps_back
95.89449999999488,10.589500000001863,102.674,1789797960.4995573,gps_back
95.98099999999977,10.601499999989755,102.675,1789797960.5995572,gps_back
96.05100000000675,10.603000000002794,102.676,1789797960.699557,gps_back
96.12050000000454,10.604499999986729,102.681,1789797960.7995572,gps_back
96.21499999999651,10.660499999998137,102.656,1789797960.899557,gps_back
96.30199999999604,10.67249999998603,102.663,1789797960.999557,gps_back
96.38899999999558,10.684999999997672,102.66,1789797961.099557,gps_back
96.47599999999511,10.697500000009313,102.67,1789797961.199557,gps_back
96.5625,10.709999999991851,102.664,1789797961.299557,gps_back
96.64049999999406,10.73300000000745,102.664,1789797961.3995569,gps_back
96.7274999999936,10.745499999989988,102.668,1789797961.499557,gps_back
96.82300000000396,10.75800000000163,102.659,1789797961.599557,gps_back
96.90099999999802,10.770500000013271,102.658,1789797961.6995568,gps_back
96.98799999999756,10.782999999995809,102.658,1789797961.7995567,gps_back
97.06600000000617,10.806000000011409,102.66,1789797961.8995569,gps_back
97.1530000000057,10.818499999993946,102.662,1789797961.9995568,gps_back
97.23099999999977,10.830500000010943,102.661,1789797962.0995567,gps_back
97.32649999999558,10.843499999988126,102.665,1789797962.1995566,gps_back
97.41349999999511,10.866500000003725,102.66,1789797962.2995567,gps_back
97.50900000000547,10.878999999986263,102.659,1789797962.3995566,gps_back
97.61299999999756,10.902499999996508,102.662,1789797962.4995565,gps_back
97.71700000000419,10.915500000002794,102.653,1789797962.5995567,gps_back
97.82150000000547,10.917500000010477,102.674,1789797962.6995566,gps_back
97.92600000000675,10.929999999993015,102.663,1789797962.7995565,gps_back
98.11749999999302,10.92249999998603,102.77,1789797962.9995565,gps_back
98.32600000000093,10.948000000003958,102.777,1789797963.1995564,gps_back
98.49099999999453,10.972999999998137,102.762,1789797963.3995564,gps_back
98.58699999999953,10.985500000009779,102.763,1789797963.5995562,gps_back
98.69100000000617,10.997999999992317,102.761,1789797963.7995563,gps_back
98.83849999999802,11.022499999991851,102.756,1789797963.999556,gps_back
99.02099999999336,11.04749999998603,102.755,1789797964.199556,gps_back
99.2554999999993,11.084499999997206,102.756,1789797964.3995562,gps_back
99.49850000000151,11.121500000008382,102.751,1789797964.599556,gps_back
99.75049999999464,11.158499999990454,102.747,1789797964.799556,gps_back
99.99400000000605,11.19550000000163,102.742,1789797964.9995558,gps_back
100.23699999999371,11.221500000014203,102.733,1789797965.1995559,gps_back
100.4890000000014,11.258499999996275,102.736,1789797965.3995557,gps_back
100.73200000000361,11.29550000000745,102.733,1789797965.5995557,gps_back
100.97550000000047,11.332499999989523,102.726,1789797965.7995555,gps_back
101.0969999999943,11.356499999994412,102.724,1789797965.8995557,gps_back
101.21850000000268,11.380499999999302,102.723,1789797965.9995556,gps_back
101.46150000000489,11.42850000000908,102.717,1789797966.1995554,gps_back
101.7045000000071,11.465499999991152,102.709,1789797966.3995554,gps_back
101.94749999999476,11.502500000002328,102.70700000000001,1789797966.5995555,gps_back
102.1820000000007,11.549999999988358,102.703,1789797966.7995553,gps_back
102.30349999999453,11.573999999993248,102.70100000000001,1789797966.8995552,gps_back
102.52950000000419,11.599500000011176,102.682,1789797967.0995553,gps_back
102.76399999999558,11.636499999993248,102.67,1789797967.299555,gps_back
102.99800000000687,11.684000000008382,102.669,1789797967.499555,gps_back
103.23249999999825,11.731999999989057,102.667,1789797967.6995552,gps_back
103.34549999999581,11.73399999999674,102.668,1789797967.799555,gps_back
103.46700000000419,11.75800000000163,102.664,1789797967.899555,gps_back
103.58000000000175,11.781500000011874,102.663,1789797967.9995549,gps_back
103.82300000000396,11.82949999999255,102.66,1789797968.199555,gps_back
103.94449999999779,11.842499999998836,102.657,1789797968.2995548,gps_back
104.06600000000617,11.866500000003725,102.654,1789797968.3995547,gps_back
104.17849999999453,11.89000000001397,102.65,1789797968.4995549,gps_back
104.30000000000291,11.913999999989755,102.646,1789797968.5995548,gps_back
104.42149999999674,11.937999999994645,102.642,1789797968.6995547,gps_back
104.55199999999604,11.951000000000931,102.643,1789797968.7995548,gps_back
104.67350000000442,11.986000000004424,102.64,1789797968.8995547,gps_back
104.79499999999825,12.010000000009313,102.639,1789797968.9995546,gps_back
104.91650000000664,12.022999999986496,102.639,1789797969.0995545,gps_back
105.03800000000047,12.046999999991385,102.638,1789797969.1995547,gps_back
105.1594999999943,12.070999999996275,102.635,1789797969.2995546,gps_back
105.28100000000268,12.09450000000652,102.631,1789797969.3995545,gps_back
105.39400000000023,12.118500000011409,102.628,1789797969.4995546,gps_back
105.49800000000687,12.14199999999255,102.623,1789797969.5995545,gps_back
105.55849999999919,12.154000000009546,102.619,1789797969.6995544,gps_back
105.61049999999523,12.165999999997439,102.621,1789797969.7995543,gps_back
105.66250000000582,12.177499999990687,102.622,1789797969.8995545,gps_back
105.75849999999627,12.190000000002328,102.621,1789797970.0995543,gps_back
105.88000000000466,12.203000000008615,102.62,1789797970.2995543,gps_back
105.94950000000244,12.215499999991152,102.62,1789797970.3995543,gps_back
106.02749999999651,12.227500000008149,102.623,1789797970.4995542,gps_back
106.19250000000466,12.263000000006286,102.619,1789797970.6995542,gps_back
106.375,12.288000000000466,102.61800000000001,1789797970.899554,gps_back
106.56600000000617,12.302499999990687,102.614,1789797971.099554,gps_back
106.74850000000151,12.338500000012573,102.601,1789797971.2995539,gps_back
106.84350000000268,12.361999999993714,102.59400000000001,1789797971.399554,gps_back
106.94800000000396,12.374500000005355,102.61,1789797971.499554,gps_back
107.06100000000151,12.387500000011642,102.61200000000001,1789797971.5995538,gps_back
107.14800000000105,12.39999999999418,102.61,1789797971.699554,gps_back
107.24349999999686,12.41250000000582,102.61800000000001,1789797971.7995539,gps_back
107.33900000000722,12.424999999988358,102.624,1789797971.8995538,gps_back
107.43450000000303,12.4375,102.628,1789797971.9995537,gps_back
107.52999999999884,12.450000000011642,102.623,1789797972.0995538,gps_back
107.62600000000384,12.451999999990221,102.61200000000001,1789797972.1995537,gps_back
107.72149999999965,12.475500000000466,102.619,1789797972.2995536,gps_back
107.81699999999546,12.488000000012107,102.611,1789797972.3995535,gps_back
107.91250000000582,12.500499999994645,102.60900000000001,1789797972.4995537,gps_back
108.00800000000163,12.52400000000489,102.607,1789797972.5995536,gps_back
108.10349999999744,12.536499999987427,102.607,1789797972.6995535,gps_back
108.19000000000233,12.548999999999069,102.599,1789797972.7995536,gps_back
108.28599999999278,12.56150000001071,102.598,1789797972.8995535,gps_back
108.38099999999395,12.584999999991851,102.599,1789797972.9995534,gps_back
108.47650000000431,12.597500000003492,102.598,1789797973.0995533,gps_back
108.57200000000012,12.621000000013737,102.602,1789797973.1995535,gps_back
108.65899999999965,12.633499999996275,102.601,1789797973.2995534,gps_back
108.75449999999546,12.65700000000652,102.60600000000001,1789797973.3995533,gps_back
108.84100000000035,12.669499999989057,102.60900000000001,1789797973.4995534,gps_back
108.93649999999616,12.682000000000698,102.613,1789797973.5995533,gps_back
109.03200000000652,12.705500000010943,102.61500000000001,1789797973.6995533,gps_back
109.11900000000605,12.71799999999348,102.611,1789797973.7995532,gps_back
109.30100000000675,12.753499999991618,102.616,1789797973.9995532,gps_back
109.39650000000256,12.777000000001863,102.614,1789797974.099553,gps_back
109.5789999999979,12.801999999996042,102.602,1789797974.2995532,gps_back
109.67449999999371,12.825500000006286,102.601,1789797974.399553,gps_back
109.7609999999986,12.837999999988824,102.598,1789797974.499553,gps_back
109.95200000000477,12.87400000001071,102.592,1789797974.699553,gps_back
110.13450000000012,12.910000000003492,102.57900000000001,1789797974.8995528,gps_back
110.221000000005,12.92249999998603,102.57900000000001,1789797974.999553,gps_back
110.31699999999546,12.934999999997672,102.578,1789797975.0995529,gps_back
110.41250000000582,12.947500000009313,102.578,1789797975.1995528,gps_back
110.49899999999616,12.959999999991851,102.569,1789797975.2995527,gps_back
110.59500000000116,12.96150000000489,102.561,1789797975.3995528,gps_back
110.68150000000605,12.98499999998603,102.556,1789797975.4995527,gps_back
110.87300000000687,13.010000000009313,102.546,1789797975.6995528,gps_back
111.06399999999849,13.035499999998137,102.544,1789797975.8995526,gps_back
111.1594999999943,13.059000000008382,102.542,1789797975.9995525,gps_back
111.25500000000466,13.07149999999092,102.547,1789797976.0995526,gps_back
111.35050000000047,13.084000000002561,102.546,1789797976.1995525,gps_back
111.53250000000116,13.119999999995343,102.539,1789797976.3995526,gps_back
111.91449999999895,13.181000000011409,102.535,1789797976.7995524,gps_back
112.00149999999849,13.193499999993946,102.532,1789797976.8995523,gps_back
112.0969999999943,13.217000000004191,102.533,1789797976.9995522,gps_back
112.19250000000466,13.229499999986729,102.533,1789797977.0995522,gps_back
112.278999999995,13.252999999996973,102.528,1789797977.1995523,gps_back
112.375,13.265500000008615,102.526,1789797977.2995522,gps_back
112.47000000000116,13.288999999989755,102.529,1789797977.399552,gps_back
112.56549999999697,13.301500000001397,102.531,1789797977.4995522,gps_back
112.65249999999651,13.324499999987893,102.524,1789797977.5995522,gps_back
112.74800000000687,13.33749999999418,102.527,1789797977.699552,gps_back
112.84350000000268,13.361000000004424,102.525,1789797977.799552,gps_back
112.92999999999302,13.372999999992317,102.522,1789797977.899552,gps_back
113.02550000000338,13.385999999998603,102.52,1789797977.999552,gps_back
113.12149999999383,13.387500000011642,102.52,1789797978.099552,gps_back
113.21700000000419,13.410999999992782,102.52,1789797978.1995518,gps_back
113.32099999999627,13.423500000004424,102.519,1789797978.299552,gps_back
113.41650000000664,13.43650000001071,102.516,1789797978.3995519,gps_back
113.51249999999709,13.448999999993248,102.512,1789797978.4995518,gps_back
113.59900000000198,13.46150000000489,102.509,1789797978.599552,gps_back
113.70350000000326,13.473999999987427,102.51,1789797978.6995518,gps_back
113.79899999999907,13.47599999999511,102.511,1789797978.7995517,gps_back
113.89449999999488,13.49900000001071,102.508,1789797978.8995516,gps_back
113.96400000000722,13.511499999993248,102.498,1789797978.9995518,gps_back
114.02499999999418,13.512500000011642,102.505,1789797979.1995516,gps_back
114.11199999999371,13.52499999999418,102.504,1789797979.3995516,gps_back
114.21600000000035,13.53750000000582,102.508,1789797979.5995514,gps_back
114.27700000000186,13.549499999993714,102.51,1789797979.6995516,gps_back
114.35499999999593,13.562000000005355,102.511,1789797979.7995515,gps_back
114.43300000000454,13.573999999993248,102.509,1789797979.8995514,gps_back
114.52000000000407,13.58650000000489,102.507,1789797979.9995513,gps_back
114.62399999999616,13.599500000011176,102.509,1789797980.0995514,gps_back
114.73699999999371,13.622999999992317,102.506,1789797980.1995513,gps_back
114.9545000000071,13.648500000010245,102.507,1789797980.3995514,gps_back
115.06699999999546,13.661499999987427,102.506,1789797980.4995513,gps_back
115.17999999999302,13.685499999992317,102.506,1789797980.5995512,gps_back
115.29300000000512,13.698000000003958,102.507,1789797980.699551,gps_back
115.40600000000268,13.711000000010245,102.508,1789797980.7995512,gps_back
115.50999999999476,13.734499999991385,102.505,1789797980.8995512,gps_back
115.60550000000512,13.747499999997672,102.501,1789797980.999551,gps_back
115.67500000000291,13.759499999985565,102.499,1789797981.0995512,gps_back
115.7445000000007,13.771500000002561,102.502,1789797981.199551,gps_back
115.82249999999476,13.794499999989057,102.496,1789797981.299551,gps_back
115.8920000000071,13.807000000000698,102.49000000000001,1789797981.399551,gps_back
115.96150000000489,13.818999999988591,102.486,1789797981.499551,gps_back
116.03100000000268,13.831000000005588,102.482,1789797981.599551,gps_back
116.10050000000047,13.84299999999348,102.48,1789797981.6995509,gps_back
116.17849999999453,13.855500000005122,102.483,1789797981.7995508,gps_back
116.25650000000314,13.867499999993015,102.48400000000001,1789797981.899551,gps_back
116.3344999999972,13.880000000004657,102.48400000000001,1789797981.9995508,gps_back
116.42149999999674,13.902999999991152,102.48400000000001,1789797982.0995507,gps_back
116.49950000000536,13.915500000002794,102.48400000000001,1789797982.1995509,gps_back
116.57749999999942,13.928000000014435,102.47500000000001,1789797982.2995508,gps_back
116.65549999999348,13.951000000000931,102.47200000000001,1789797982.3995507,gps_back
116.74249999999302,13.963500000012573,102.46900000000001,1789797982.4995506,gps_back
116.82050000000163,13.975500000000466,102.46300000000001,1789797982.5995507,gps_back
116.90750000000116,13.99900000001071,102.459,1789797982.6995506,gps_back
116.98549999999523,14.010999999998603,102.456,1789797982.7995505,gps_back
117.06350000000384,14.034500000008848,102.456,1789797982.8995504,gps_back
117.15050000000338,14.04649999999674,102.453,1789797982.9995506,gps_back
117.22849999999744,14.059000000008382,102.45400000000001,1789797983.0995505,gps_back
117.31500000000233,14.082499999989523,102.45100000000001,1789797983.1995504,gps_back
117.40200000000186,14.09450000000652,102.446,1789797983.2995505,gps_back
117.47999999999593,14.11799999998766,102.44,1789797983.3995504,gps_back
117.55800000000454,14.130000000004657,102.43900000000001,1789797983.4995503,gps_back
117.64500000000407,14.131499999988591,102.43900000000001,1789797983.5995502,gps_back
117.73200000000361,14.154999999998836,102.44,1789797983.6995504,gps_back
117.81849999999395,14.167500000010477,102.437,1789797983.7995503,gps_back
117.8969999999972,14.17949999999837,102.436,1789797983.8995502,gps_back
117.97500000000582,14.192000000010012,102.43,1789797983.9995503,gps_back
118.07050000000163,14.215499999991152,102.429,1789797984.1995502,gps_back
118.15750000000116,14.217000000004191,102.43,1789797984.3995502,gps_back
118.25299999999697,14.229499999986729,102.427,1789797984.59955,gps_back
118.33999999999651,14.24199999999837,102.431,1789797984.79955,gps_back
118.40050000000338,14.253999999986263,102.432,1789797984.89955,gps_back
118.53100000000268,14.26699999999255,102.437,1789797985.09955,gps_back
118.68700000000536,14.302499999990687,102.436,1789797985.2995498,gps_back
118.8695000000007,14.32750000001397,102.431,1789797985.4995499,gps_back
119.06050000000687,14.353000000002794,102.425,1789797985.6995497,gps_back
119.15600000000268,14.37599999998929,102.419,1789797985.7995496,gps_back
119.3469999999943,14.401500000007218,102.414,1789797985.9995496,gps_back
119.53800000000047,14.4375,102.418,1789797986.1995497,gps_back
119.71199999999953,14.46249999999418,102.417,1789797986.3995495,gps_back
119.87699999999313,14.486999999993714,102.414,1789797986.5995495,gps_back
119.96349999999802,14.499500000005355,102.416,1789797986.6995494,gps_back
120.12850000000617,14.52400000000489,102.412,1789797986.8995492,gps_back
120.30250000000524,14.548999999999069,102.406,1789797987.0995493,gps_back
120.46749999999884,14.584499999997206,102.406,1789797987.2995493,gps_back
120.63250000000698,14.60899999999674,102.4,1789797987.4995492,gps_back
120.79750000000058,14.63399999999092,102.398,1789797987.6995492,gps_back
120.96249999999418,14.658499999990454,102.4,1789797987.899549,gps_back
121.04899999999907,14.671000000002095,102.399,1789797987.9995492,gps_back
121.12750000000233,14.683500000013737,102.396,1789797988.099549,gps_back
121.21400000000722,14.69550000000163,102.398,1789797988.199549,gps_back
121.30100000000675,14.719000000011874,102.395,1789797988.2995489,gps_back
121.38749999999709,14.731499999994412,102.393,1789797988.399549,gps_back
121.47449999999662,14.744000000006054,102.393,1789797988.499549,gps_back
121.56149999999616,14.756499999988591,102.395,1789797988.5995488,gps_back
121.64849999999569,14.768500000005588,102.395,1789797988.6995487,gps_back
121.73500000000058,14.780999999988126,102.392,1789797988.7995489,gps_back
121.82200000000012,14.80449999999837,102.389,1789797988.8995488,gps_back
121.908500000005,14.817000000010012,102.387,1789797988.9995487,gps_back
122.00449999999546,14.82949999999255,102.388,1789797989.0995488,gps_back
122.09100000000035,14.842000000004191,102.384,1789797989.1995487,gps_back
122.18649999999616,14.854499999986729,102.38,1789797989.2995486,gps_back
122.27349999999569,14.877999999996973,102.377,1789797989.3995485,gps_back
122.36000000000058,14.89000000001397,102.378,1789797989.4995487,gps_back
122.45600000000559,14.902999999991152,102.377,1789797989.5995486,gps_back
122.54249999999593,14.915000000008149,102.379,1789797989.6995485,gps_back
122.62949999999546,14.93849999998929,102.375,1789797989.7995484,gps_back
122.72500000000582,14.951000000000931,102.376,1789797989.8995485,gps_back
122.81149999999616,14.963500000012573,102.376,1789797989.9995484,gps_back
122.89849999999569,14.97599999999511,102.375,1789797990.0995483,gps_back
122.99400000000605,14.988500000006752,102.375,1789797990.1995485,gps_back
123.08100000000559,15.011999999987893,102.371,1789797990.2995484,gps_back
123.16749999999593,15.024499999999534,102.366,1789797990.3995483,gps_back
123.25449999999546,15.036499999987427,102.364,1789797990.4995482,gps_back
123.341499999995,15.048999999999069,102.36500000000001,1789797990.5995483,gps_back
123.43700000000536,15.06150000001071,102.363,1789797990.6995482,gps_back
123.52400000000489,15.073999999993248,102.355,1789797990.7995481,gps_back
123.61049999999523,15.097500000003492,102.34700000000001,1789797990.8995483,gps_back
123.69749999999476,15.10999999998603,102.349,1789797990.9995482,gps_back
123.78399999999965,15.122499999997672,102.348,1789797991.099548,gps_back
123.87099999999919,15.134499999985565,102.34700000000001,1789797991.199548,gps_back
123.95799999999872,15.146999999997206,102.346,1789797991.2995481,gps_back
124.04499999999825,15.159500000008848,102.34700000000001,1789797991.399548,gps_back
124.13150000000314,15.182999999989988,102.345,1789797991.499548,gps_back
124.21850000000268,15.19550000000163,102.34400000000001,1789797991.5995479,gps_back
124.30499999999302,15.207499999989523,102.34,1789797991.699548,gps_back
124.3920000000071,15.220000000001164,102.337,1789797991.799548,gps_back
124.47849999999744,15.243500000011409,102.333,1789797991.8995478,gps_back
124.56549999999697,15.255999999993946,102.33,1789797991.999548,gps_back
124.64350000000559,15.279000000009546,102.33200000000001,1789797992.0995479,gps_back
124.73050000000512,15.291499999992084,102.32900000000001,1789797992.1995478,gps_back
124.81699999999546,15.314500000007683,102.331,1789797992.2995477,gps_back
124.903999999995,15.326999999990221,102.33200000000001,1789797992.3995478,gps_back
124.99049999999988,15.350500000000466,102.33200000000001,1789797992.4995477,gps_back
125.06849999999395,15.362499999988358,102.33200000000001,1789797992.5995476,gps_back
125.15549999999348,15.385999999998603,102.327,1789797992.6995475,gps_back
125.24199999999837,15.409500000008848,102.32300000000001,1789797992.7995477,gps_back
125.32000000000698,15.42149999999674,102.319,1789797992.8995476,gps_back
125.40649999999732,15.455500000010943,102.319,1789797992.9995475,gps_back
125.48450000000594,15.478999999992084,102.31700000000001,1789797993.0995476,gps_back
125.57150000000547,15.502000000007683,102.316,1789797993.1995475,gps_back
125.65799999999581,15.525499999988824,102.312,1789797993.2995474,gps_back
125.7445000000007,15.559500000003027,102.309,1789797993.3995473,gps_back
125.83100000000559,15.593499999988126,102.307,1789797993.4995475,gps_back
125.908500000005,15.627500000002328,102.306,1789797993.5995474,gps_back
125.98600000000442,15.67249999998603,102.304,1789797993.6995473,gps_back
126.07249999999476,15.706500000000233,102.299,1789797993.7995472,gps_back
126.15050000000338,15.740500000014435,102.295,1789797993.8995473,gps_back
126.2280000000028,15.785499999998137,102.293,1789797993.9995472,gps_back
126.30550000000221,15.830500000010943,102.294,1789797994.0995471,gps_back
126.3920000000071,15.864499999996042,102.295,1789797994.1995473,gps_back
126.54700000000594,15.95449999999255,102.296,1789797994.399547,gps_back
126.625,15.99900000001071,102.291,1789797994.499547,gps_back
126.70249999999942,16.03299999999581,102.284,1789797994.5995471,gps_back
126.77999999999884,16.078000000008615,102.284,1789797994.699547,gps_back
126.85749999999825,16.13399999999092,102.284,1789797994.799547,gps_back
126.93550000000687,16.168000000005122,102.276,1789797994.8995469,gps_back
127.01300000000629,16.21249999999418,102.273,1789797994.999547,gps_back
127.33199999999488,16.38149999998859,102.272,1789797995.3995469,gps_back
127.41849999999977,16.426500000001397,102.27,1789797995.4995468,gps_back
127.49599999999919,16.470999999990454,102.266,1789797995.5995467,gps_back
127.57300000000396,16.527000000001863,102.259,1789797995.6995468,gps_back
127.65099999999802,16.571999999985565,102.256,1789797995.7995467,gps_back
127.73699999999371,16.61699999999837,102.253,1789797995.8995466,gps_back
127.81449999999313,16.661499999987427,102.251,1789797995.9995468,gps_back
127.8920000000071,16.717499999998836,102.25,1789797996.0995467,gps_back
127.97849999999744,16.75150000001304,102.248,1789797996.1995466,gps_back
128.14250000000175,16.841500000009546,102.248,1789797996.3995466,gps_back
128.22000000000116,16.886499999993248,102.25,1789797996.4995465,gps_back
128.30650000000605,16.92050000000745,102.248,1789797996.5995464,gps_back
128.38400000000547,16.965499999991152,102.248,1789797996.6995463,gps_back
128.47000000000116,17.010500000003958,102.247,1789797996.7995465,gps_back
128.54799999999523,17.054999999993015,102.244,1789797996.8995464,gps_back
128.63400000000547,17.089500000001863,102.241,1789797996.9995463,gps_back
128.71199999999953,17.13399999999092,102.24000000000001,1789797997.0995464,gps_back
128.78949999999895,17.179000000003725,102.23700000000001,1789797997.1995463,gps_back
128.87549999999464,17.223999999987427,102.236,1789797997.2995462,gps_back
128.95299999999406,17.279999999998836,102.236,1789797997.3995461,gps_back
129.03049999999348,17.324499999987893,102.235,1789797997.4995463,gps_back
129.1079999999929,17.3804999999993,102.235,1789797997.5995462,gps_back
129.18550000000687,17.43599999998696,102.23400000000001,1789797997.699546,gps_back
129.25400000000081,17.491500000003725,102.232,1789797997.799546,gps_back
129.33150000000023,17.54749999998603,102.229,1789797997.8995461,gps_back
129.39999999999418,17.603000000002794,102.23100000000001,1789797997.999546,gps_back
129.4774999999936,17.658499999990454,102.233,1789797998.099546,gps_back
129.60599999999977,17.78049999999348,102.229,1789797998.299546,gps_back
129.67399999999907,17.857500000012806,102.22800000000001,1789797998.399546,gps_back
129.73399999999674,17.92399999999907,102.227,1789797998.4995458,gps_back
129.7850000000035,18.00099999998929,102.22200000000001,1789797998.599546,gps_back
129.84450000000652,18.06700000001001,102.221,1789797998.6995459,gps_back
129.89549999999872,18.144000000000233,102.22200000000001,1789797998.7995458,gps_back
129.9375,18.220999999990454,102.22200000000001,1789797998.8995457,gps_back
129.98850000000675,18.287000000011176,102.224,1789797998.9995458,gps_back
130.03100000000268,18.353000000002794,102.22500000000001,1789797999.0995457,gps_back
130.0905000000057,18.419499999989057,102.22500000000001,1789797999.1995456,gps_back
130.13300000000163,18.48550000000978,102.22500000000001,1789797999.2995458,gps_back
130.18399999999383,18.551500000001397,102.224,1789797999.3995457,gps_back
130.23500000000058,18.617499999993015,102.223,1789797999.4995456,gps_back
130.28599999999278,18.69450000001234,102.229,1789797999.5995455,gps_back
130.33699999999953,18.77150000000256,102.233,1789797999.6995456,gps_back
130.3880000000063,18.83749999999418,102.23700000000001,1789797999.7995455,gps_back
130.43850000000384,18.925500000012107,102.235,1789797999.8995454,gps_back
130.48099999999977,19.00250000000233,102.23400000000001,1789797999.9995453,gps_back
130.57399999999325,19.144999999989523,102.23400000000001,1789798000.1995454,gps_back
130.66700000000128,19.29899999999907,102.23,1789798000.3995454,gps_back
130.70900000000256,19.37599999998929,102.229,1789798000.4995453,gps_back
130.75999999999476,19.453000000008615,102.229,1789798000.5995452,gps_back
130.8619999999937,19.595999999990454,102.221,1789798000.7995453,gps_back
130.91300000000047,19.662000000011176,102.229,1789798000.8995452,gps_back
130.96400000000722,19.739000000001397,102.227,1789798000.999545,gps_back
131.01499999999942,19.815999999991618,102.23100000000001,1789798001.0995452,gps_back
131.0570000000007,19.892499999987194,102.23100000000001,1789798001.1995451,gps_back
131.0899999999965,19.980500000005122,102.226,1789798001.299545,gps_back
131.13250000000698,20.0570000000007,102.226,1789798001.399545,gps_back
131.1655000000028,20.144499999994878,102.22500000000001,1789798001.499545,gps_back
131.19049999999697,20.220999999990454,102.22500000000001,1789798001.599545,gps_back
131.22349999999278,20.308500000013737,102.224,1789798001.699545,gps_back
131.24800000000687,20.396000000007916,102.223,1789798001.7995448,gps_back
131.26399999999558,20.48300000000745,102.221,1789798001.899545,gps_back
131.2884999999951,20.57050000000163,102.218,1789798001.9995449,gps_back
131.31299999999464,20.65799999999581,102.217,1789798002.0995448,gps_back
131.3289999999979,20.744999999995343,102.214,1789798002.199545,gps_back
131.35199999999895,20.919499999989057,102.209,1789798002.3995447,gps_back
131.3764999999985,21.00700000001234,102.209,1789798002.4995446,gps_back
131.38349999999627,21.094000000011874,102.21000000000001,1789798002.5995448,gps_back
131.39949999999953,21.18100000001141,102.211,1789798002.6995447,gps_back
131.40649999999732,21.268000000010943,102.208,1789798002.7995446,gps_back
131.4140000000043,21.355000000010477,102.208,1789798002.8995445,gps_back
131.4210000000021,21.453000000008615,102.209,1789798002.9995446,gps_back
131.4189999999944,21.54000000000815,102.212,1789798003.0995445,gps_back
131.4265000000014,21.627000000007683,102.214,1789798003.1995444,gps_back
131.41599999999744,21.714000000007218,102.215,1789798003.2995446,gps_back
131.41449999999895,21.800500000012107,102.215,1789798003.3995445,gps_back
131.403999999995,21.88750000001164,102.214,1789798003.4995444,gps_back
131.4024999999965,21.974500000011176,102.21600000000001,1789798003.5995443,gps_back
131.39250000000175,22.06099999998696,102.21900000000001,1789798003.6995444,gps_back
131.39949999999953,22.147999999986496,102.21900000000001,1789798003.7995443,gps_back
131.39800000000105,22.23499999998603,102.22200000000001,1789798003.8995442,gps_back
131.40499999999884,22.321999999985565,102.22,1789798003.9995441,gps_back
131.4210000000021,22.409000000014203,102.21900000000001,1789798004.0995443,gps_back
131.42799999999988,22.496500000008382,102.218,1789798004.1995442,gps_back
131.43550000000687,22.572500000009313,102.21300000000001,1789798004.299544,gps_back
131.44250000000466,22.659500000008848,102.21000000000001,1789798004.3995442,gps_back
131.44100000000617,22.746500000008382,102.21000000000001,1789798004.4995441,gps_back
131.44800000000396,22.84450000000652,102.21000000000001,1789798004.599544,gps_back
131.4554999999964,22.92050000000745,102.211,1789798004.699544,gps_back
131.46249999999418,23.007500000006985,102.209,1789798004.799544,gps_back
131.46950000000652,23.09450000000652,102.212,1789798004.899544,gps_back
131.48549999999523,23.1820000000007,102.21300000000001,1789798004.999544,gps_back
131.48399999999674,23.268500000005588,102.212,1789798005.0995438,gps_back
131.47349999999278,23.355500000005122,102.211,1789798005.199544,gps_back
131.4719999999943,23.442500000004657,102.211,1789798005.2995439,gps_back
131.47900000000664,23.52950000000419,102.211,1789798005.3995438,gps_back
131.4774999999936,23.616500000003725,102.21300000000001,1789798005.499544,gps_back
131.48500000000058,23.70350000000326,102.215,1789798005.5995438,gps_back
131.49199999999837,23.790500000002794,102.21600000000001,1789798005.6995437,gps_back
131.49899999999616,23.87750000000233,102.214,1789798005.7995436,gps_back
131.4890000000014,23.964000000007218,102.214,1789798005.8995438,gps_back
131.4869999999937,24.051000000006752,102.211,1789798005.9995437,gps_back
131.4945000000007,24.138000000006286,102.215,1789798006.0995436,gps_back
131.5014999999985,24.22500000000582,102.215,1789798006.1995435,gps_back
131.5,24.312000000005355,102.21900000000001,1789798006.2995436,gps_back
131.48949999999604,24.39900000000489,102.22200000000001,1789798006.3995435,gps_back
131.47950000000128,24.48550000000978,102.223,1789798006.4995434,gps_back
131.46899999999732,24.572500000009313,102.224,1789798006.5995436,gps_back
131.45900000000256,24.647999999986496,102.227,1789798006.6995435,gps_back
131.44899999999325,24.73499999998603,102.227,1789798006.7995434,gps_back
131.44700000000012,24.821999999985565,102.229,1789798006.8995433,gps_back
131.44550000000163,24.909000000014203,102.229,1789798006.9995434,gps_back
131.43550000000687,24.99549999998999,102.232,1789798007.0995433,gps_back
131.42549999999756,25.07149999999092,102.232,1789798007.1995432,gps_back
131.40649999999732,25.15799999999581,102.232,1789798007.2995431,gps_back
131.37900000000081,25.233500000002095,102.23100000000001,1789798007.3995433,gps_back
131.3509999999951,25.320000000006985,102.23100000000001,1789798007.4995432,gps_back
131.31500000000233,25.39550000001327,102.232,1789798007.599543,gps_back
131.28750000000582,25.481999999989057,102.229,1789798007.6995432,gps_back
131.2685000000056,25.568499999993946,102.229,1789798007.7995431,gps_back
131.24099999999453,25.644000000000233,102.229,1789798007.899543,gps_back
131.23050000000512,25.730500000005122,102.229,1789798007.999543,gps_back
131.2115000000049,25.81700000001001,102.233,1789798008.099543,gps_back
131.19250000000466,25.904000000009546,102.23700000000001,1789798008.199543,gps_back
131.18249999999534,25.990500000014435,102.236,1789798008.299543,gps_back
131.1634999999951,26.07699999999022,102.241,1789798008.399543,gps_back
131.14449999999488,26.16349999999511,102.244,1789798008.499543,gps_back
131.13400000000547,26.250499999994645,102.247,1789798008.5995429,gps_back
131.1064999999944,26.336999999999534,102.25,1789798008.6995428,gps_back
131.0789999999979,26.423500000004424,102.248,1789798008.799543,gps_back
131.05999999999767,26.49900000001071,102.251,1789798008.8995428,gps_back
131.0494999999937,26.586000000010245,102.251,1789798008.9995427,gps_back
131.03949999999895,26.67249999998603,102.248,1789798009.0995426,gps_back
131.02049999999872,26.75899999999092,102.25,1789798009.1995428,gps_back
131.0014999999985,26.83499999999185,102.251,1789798009.2995427,gps_back
130.98249999999825,26.92149999999674,102.254,1789798009.3995426,gps_back
130.98099999999977,27.008499999996275,102.256,1789798009.4995427,gps_back
130.96199999999953,27.095000000001164,102.26,1789798009.5995426,gps_back
130.9429999999993,27.181500000006054,102.266,1789798009.6995425,gps_back
130.93300000000454,27.268000000010943,102.268,1789798009.7995424,gps_back
130.9140000000043,27.355000000010477,102.265,1789798009.8995426,gps_back
130.91199999999662,27.45250000001397,102.265,1789798009.9995425,gps_back
130.91049999999814,27.539500000013504,102.264,1789798010.0995424,gps_back
130.8914999999979,27.62599999998929,102.261,1789798010.1995423,gps_back
130.88099999999395,27.723499999992782,102.263,1789798010.2995424,gps_back
130.87099999999919,27.810499999992317,102.265,1789798010.3995423,gps_back
130.85199999999895,27.896999999997206,102.267,1789798010.4995422,gps_back
130.83299999999872,27.983500000002095,102.27,1789798010.5995424,gps_back
130.82249999999476,28.07050000000163,102.272,1789798010.6995423,gps_back
130.80349999999453,28.167500000010477,102.276,1789798010.7995422,gps_back
130.79349999999977,28.25450000001001,102.275,1789798010.899542,gps_back
130.77449999999953,28.340999999985797,102.278,1789798010.9995422,gps_back
130.7554999999993,28.427499999990687,102.278,1789798011.0995421,gps_back
130.73649999999907,28.513999999995576,102.28,1789798011.199542,gps_back
130.7265000000043,28.589999999996508,102.279,1789798011.299542,gps_back
130.70750000000407,28.676500000001397,102.278,1789798011.399542,gps_back
130.69700000000012,28.76350000000093,102.275,1789798011.499542,gps_back
130.67799999999988,28.85000000000582,102.28,1789798011.599542,gps_back
130.65899999999965,28.93650000001071,102.283,1789798011.699542,gps_back
130.63999999999942,29.022999999986496,102.282,1789798011.799542,gps_back
130.63000000000466,29.10999999998603,102.278,1789798011.8995419,gps_back
130.60199999999895,29.19649999999092,102.286,1789798011.9995418,gps_back
130.5920000000042,29.28299999999581,102.289,1789798012.099542,gps_back
130.58199999999488,29.35899999999674,102.285,1789798012.1995418,gps_back
130.57150000000547,29.44550000000163,102.289,1789798012.2995417,gps_back
130.57000000000698,29.532500000001164,102.289,1789798012.3995416,gps_back
130.55950000000303,29.6195000000007,102.285,1789798012.4995418,gps_back
130.5494999999937,29.706000000005588,102.285,1789798012.5995417,gps_back
130.5390000000043,29.793000000005122,102.285,1789798012.6995416,gps_back
130.528999999995,29.87950000001001,102.287,1789798012.7995417,gps_back
130.50999999999476,29.955500000010943,102.288,1789798012.8995416,gps_back
130.5,30.04199999998673,102.295,1789798012.9995415,gps_back
130.48099999999977,30.128499999991618,102.299,1789798013.0995414,gps_back
130.4704999999958,30.215499999991152,102.299,1789798013.1995416,gps_back
130.46050000000105,30.301999999996042,102.299,1789798013.2995415,gps_back
130.44150000000081,30.38850000000093,102.3,1789798013.3995414,gps_back
130.43099999999686,30.475500000000466,102.302,1789798013.4995413,gps_back
130.4210000000021,30.562000000005355,102.304,1789798013.5995414,gps_back
130.41049999999814,30.659500000008848,102.302,1789798013.6995413,gps_back
130.40050000000338,30.73550000000978,102.302,1789798013.7995412,gps_back
130.38099999999395,30.83300000001327,102.308,1789798013.8995414,gps_back
130.37099999999919,30.920000000012806,102.31400000000001,1789798013.9995413,gps_back
130.35199999999895,31.00649999998859,102.315,1789798014.0995412,gps_back
130.3420000000042,31.081999999994878,102.312,1789798014.199541,gps_back
130.32300000000396,31.168999999994412,102.321,1789798014.2995412,gps_back
130.30400000000373,31.2554999999993,102.324,1789798014.3995411,gps_back
130.29349999999977,31.34200000000419,102.327,1789798014.499541,gps_back
130.27449999999953,31.42850000000908,102.33500000000001,1789798014.599541,gps_back
130.26450000000477,31.515500000008615,102.334,1789798014.699541,gps_back
130.24550000000454,31.602000000013504,102.333,1789798014.799541,gps_back
130.2265000000043,31.678000000014435,102.337,1789798014.899541,gps_back
130.216499999995,31.76449999999022,102.339,1789798014.999541,gps_back
130.2060000000056,31.85099999999511,102.34,1789798015.099541,gps_back
130.1875,31.926999999996042,102.348,1789798015.1995409,gps_back
130.16849999999977,32.01350000000093,102.34400000000001,1789798015.2995408,gps_back
130.14949999999953,32.08950000000186,102.345,1789798015.399541,gps_back
130.13899999999558,32.17600000000675,102.34700000000001,1789798015.4995408,gps_back
130.12050000000454,32.25150000001304,102.34700000000001,1789798015.5995407,gps_back
130.1015000000043,32.33850000001257,102.346,1789798015.6995406,gps_back
130.09100000000035,32.42499999998836,102.349,1789798015.7995408,gps_back
130.0810000000056,32.50099999998929,102.352,1789798015.8995407,gps_back
130.07099999999627,32.58749999999418,102.355,1789798015.9995406,gps_back
130.04200000000128,32.75,102.36,1789798016.1995406,gps_back
130.03149999999732,32.836999999999534,102.358,1789798016.2995405,gps_back
130.02150000000256,32.923500000004424,102.357,1789798016.3995404,gps_back
130.0109999999986,32.999500000005355,102.35600000000001,1789798016.4995406,gps_back
130.00100000000384,33.086000000010245,102.361,1789798016.5995405,gps_back
129.99049999999988,33.17300000000978,102.361,1789798016.6995404,gps_back
129.9719999999943,33.24849999998696,102.36200000000001,1789798016.7995403,gps_back
129.9704999999958,33.335499999986496,102.363,1789798016.8995404,gps_back
129.96899999999732,33.42249999998603,102.367,1789798016.9995403,gps_back
129.96749999999884,33.49849999998696,102.37,1789798017.0995402,gps_back
129.9484999999986,33.58499999999185,102.376,1789798017.1995404,gps_back
129.93799999999464,33.671999999991385,102.373,1789798017.2995403,gps_back
129.93649999999616,33.758499999996275,102.374,1789798017.3995402,gps_back
129.91800000000512,33.834499999997206,102.372,1789798017.49954,gps_back
129.90750000000116,33.921000000002095,102.372,1789798017.5995402,gps_back
129.8975000000064,34.00800000000163,102.373,1789798017.6995401,gps_back
129.88700000000244,34.08400000000256,102.374,1789798017.79954,gps_back
129.87699999999313,34.17050000000745,102.374,1789798017.89954,gps_back
129.86650000000373,34.257500000006985,102.38,1789798017.99954,gps_back
129.8564999999944,34.344000000011874,102.384,1789798018.09954,gps_back
129.83749999999418,34.43049999998766,102.388,1789798018.19954,gps_back
129.82700000000477,34.517499999987194,102.389,1789798018.29954,gps_back
129.80800000000454,34.603999999992084,102.391,1789798018.39954,gps_back
129.8070000000007,34.679999999993015,102.393,1789798018.4995399,gps_back
129.7774999999965,34.85349999999744,102.399,1789798018.69954,gps_back
129.76750000000175,34.94000000000233,102.398,1789798018.7995398,gps_back
129.7569999999978,35.01600000000326,102.4,1789798018.8995397,gps_back
129.73799999999756,35.10250000000815,102.402,1789798018.9995396,gps_back
129.7280000000028,35.18900000001304,102.401,1789798019.0995398,gps_back
129.69899999999325,35.351499999989755,102.401,1789798019.2995396,gps_back
129.68850000000384,35.43849999998929,102.401,1789798019.3995397,gps_back
129.67849999999453,35.52499999999418,102.4,1789798019.4995396,gps_back
129.66800000000512,35.611999999993714,102.4,1789798019.5995395,gps_back
129.6579999999958,35.6984999999986,102.402,1789798019.6995394,gps_back
129.63899999999558,35.774499999999534,102.402,1789798019.7995396,gps_back
129.62900000000081,35.861000000004424,102.406,1789798019.8995395,gps_back
129.61849999999686,35.94800000000396,102.409,1789798019.9995394,gps_back
129.59949999999662,36.03450000000885,102.414,1789798020.0995393,gps_back
129.58950000000186,36.12100000001374,102.417,1789798020.1995394,gps_back
129.5789999999979,36.20800000001327,102.417,1789798020.2995393,gps_back
129.56849999999395,36.29449999998906,102.42,1789798020.3995392,gps_back
129.55849999999919,36.38149999998859,102.423,1789798020.4995394,gps_back
129.53949999999895,36.46799999999348,102.427,1789798020.5995393,gps_back
129.528999999995,36.55449999999837,102.43,1789798020.6995392,gps_back
129.51050000000396,36.641499999997905,102.431,1789798020.799539,gps_back
129.5,36.728000000002794,102.432,1789798020.8995392,gps_back
129.49000000000524,36.804000000003725,102.434,1789798020.9995391,gps_back
129.47950000000128,36.890500000008615,102.434,1789798021.099539,gps_back
129.46050000000105,36.977000000013504,102.433,1789798021.199539,gps_back
129.4505000000063,37.06400000001304,102.436,1789798021.299539,gps_back
129.44049999999697,37.14000000001397,102.438,1789798021.399539,gps_back
129.42149999999674,37.226499999989755,102.44200000000001,1789798021.499539,gps_back
129.41099999999278,37.312999999994645,102.44200000000001,1789798021.599539,gps_back
129.39250000000175,37.388999999995576,102.443,1789798021.699539,gps_back
129.3819999999978,37.475500000000466,102.443,1789798021.7995389,gps_back
129.37200000000303,37.5625,102.446,1789798021.8995388,gps_back
129.3530000000028,37.638000000006286,102.443,1789798021.999539,gps_back
129.34249999999884,37.72500000000582,102.44800000000001,1789798022.0995388,gps_back
129.3234999999986,37.81150000001071,102.45,1789798022.1995387,gps_back
129.30349999999453,37.97399999998743,102.453,1789798022.3995388,gps_back
129.2844999999943,38.06049999999232,102.452,1789798022.4995387,gps_back
129.2740000000049,38.14749999999185,102.452,1789798022.5995386,gps_back
129.26399999999558,38.23399999999674,102.452,1789798022.6995387,gps_back
129.24499999999534,38.32050000000163,102.453,1789798022.7995386,gps_back
129.2259999999951,38.40700000000652,102.456,1789798022.8995385,gps_back
129.2155000000057,38.494000000006054,102.455,1789798022.9995384,gps_back
129.19650000000547,38.58050000001094,102.455,1789798023.0995386,gps_back
129.18649999999616,38.66750000001048,102.459,1789798023.1995385,gps_back
129.16749999999593,38.75399999998626,102.46300000000001,1789798023.2995384,gps_back
129.1484999999957,38.84049999999115,102.464,1789798023.3995383,gps_back
129.1380000000063,38.92699999999604,102.464,1789798023.4995384,gps_back
129.1195000000007,39.00299999999697,102.46600000000001,1789798023.5995383,gps_back
129.10899999999674,39.08950000000186,102.464,1789798023.6995382,gps_back
129.09900000000198,39.1765000000014,102.464,1789798023.7995384,gps_back
129.08000000000175,39.25200000000768,102.467,1789798023.8995383,gps_back
129.0610000000015,39.33850000001257,102.47200000000001,1789798023.9995382,gps_back
129.05100000000675,39.42550000001211,102.474,1789798024.099538,gps_back
129.0405000000028,39.51199999998789,102.473,1789798024.1995382,gps_back
129.01149999999325,39.68549999999232,102.47200000000001,1789798024.399538,gps_back
128.99249999999302,39.771999999997206,102.47,1789798024.499538,gps_back
128.97349999999278,39.84799999999814,102.46600000000001,1789798024.599538,gps_back
128.9545000000071,39.94550000000163,102.46600000000001,1789798024.699538,gps_back
128.94400000000314,40.03200000000652,102.465,1789798024.799538,gps_back
128.9250000000029,40.11850000001141,102.46600000000001,1789798024.899538,gps_back
128.9149999999936,40.20550000001094,102.47,1789798024.999538,gps_back
128.90499999999884,40.280999999988126,102.471,1789798025.0995378,gps_back
128.8859999999986,40.36799999998766,102.474,1789798025.1995378,gps_back
128.86699999999837,40.45449999999255,102.476,1789798025.299538,gps_back
128.8564999999944,40.54099999999744,102.474,1789798025.3995378,gps_back
128.83749999999418,40.62750000000233,102.474,1789798025.4995377,gps_back
128.81900000000314,40.70350000000326,102.476,1789798025.5995376,gps_back
128.78949999999895,40.87650000001304,102.477,1789798025.7995377,gps_back
128.7795000000042,40.96350000001257,102.477,1789798025.8995376,gps_back
128.7780000000057,41.05050000001211,102.482,1789798025.9995377,gps_back
128.75900000000547,41.13699999998789,102.479,1789798026.0995376,gps_back
128.7485000000015,41.212999999988824,102.47500000000001,1789798026.1995375,gps_back
128.7109999999957,41.3859999999986,102.474,1789798026.3995376,gps_back
128.7005000000063,41.47250000000349,102.476,1789798026.4995375,gps_back
128.68150000000605,41.55950000000303,102.486,1789798026.5995374,gps_back
128.67149999999674,41.646000000007916,102.49000000000001,1789798026.6995373,gps_back
128.6524999999965,41.732500000012806,102.489,1789798026.7995374,gps_back
128.6420000000071,41.81950000001234,102.489,1789798026.8995373,gps_back
128.63150000000314,41.905999999988126,102.491,1789798026.9995372,gps_back
128.6024999999936,42.07949999999255,102.498,1789798027.1995373,gps_back
128.5920000000042,42.16599999999744,102.506,1789798027.2995372,gps_back
128.5905000000057,42.25299999999697,102.507,1789798027.399537,gps_back
128.56149999999616,42.4265000000014,102.501,1789798027.5995371,gps_back
128.53200000000652,42.599500000011176,102.504,1789798027.799537,gps_back
128.50250000000233,42.7840000000142,102.507,1789798027.999537,gps_back
128.4649999999965,42.945999999996275,102.512,1789798028.199537,gps_back
128.43550000000687,43.1304999999993,102.52,1789798028.3995368,gps_back
128.42549999999756,43.20650000000023,102.518,1789798028.4995368,gps_back
128.40649999999732,43.29300000000512,102.516,1789798028.599537,gps_back
128.39599999999336,43.37950000001001,102.517,1789798028.6995368,gps_back
128.3859999999986,43.466500000009546,102.518,1789798028.7995367,gps_back
128.36699999999837,43.553000000014435,102.517,1789798028.8995366,gps_back
128.34799999999814,43.62849999999162,102.516,1789798028.9995368,gps_back
128.33749999999418,43.72599999999511,102.521,1789798029.0995367,gps_back
128.31849999999395,43.8234999999986,102.524,1789798029.1995366,gps_back
128.2994999999937,43.91049999999814,102.519,1789798029.2995367,gps_back
128.2890000000043,44.00800000000163,102.512,1789798029.3995366,gps_back
128.27000000000407,44.11600000000908,102.508,1789798029.4995365,gps_back
128.2679999999964,44.21400000000722,102.508,1789798029.5995364,gps_back
128.2485000000015,44.321999999985565,102.515,1789798029.6995366,gps_back
128.22950000000128,44.41949999998906,102.519,1789798029.7995365,gps_back
128.21050000000105,44.51699999999255,102.52,1789798029.8995364,gps_back
128.1999999999971,44.61449999999604,102.521,1789798029.9995363,gps_back
128.1805000000022,44.711999999999534,102.524,1789798030.0995364,gps_back
128.16999999999825,44.80999999999767,102.526,1789798030.1995363,gps_back
128.14949999999953,45.00500000000466,102.527,1789798030.3995361,gps_back
128.13000000000466,45.10250000000815,102.531,1789798030.4995363,gps_back
128.1195000000007,45.20000000001164,102.534,1789798030.5995362,gps_back
128.10050000000047,45.29749999998603,102.534,1789798030.699536,gps_back
128.0899999999965,45.39499999998952,102.541,1789798030.7995362,gps_back
128.07050000000163,45.50349999999162,102.545,1789798030.8995361,gps_back
128.05999999999767,45.60099999999511,102.548,1789798030.999536,gps_back
128.03049999999348,45.796000000002095,102.549,1789798031.199536,gps_back
128.02000000000407,45.90450000000419,102.548,1789798031.299536,gps_back
128.00049999999464,46.00200000000768,102.552,1789798031.399536,gps_back
127.99000000000524,46.11050000000978,102.552,1789798031.4995358,gps_back
127.971000000005,46.20800000001327,102.553,1789798031.599536,gps_back
127.95149999999558,46.31599999999162,102.557,1789798031.6995358,gps_back
127.93249999999534,46.41349999999511,102.56,1789798031.7995358,gps_back
127.92149999999674,46.521999999997206,102.561,1789798031.899536,gps_back
127.90249999999651,46.6195000000007,102.563,1789798031.9995358,gps_back
127.88300000000163,46.728000000002794,102.566,1789798032.0995357,gps_back
127.8640000000014,46.82500000001164,102.56700000000001,1789798032.1995356,gps_back
127.82550000000629,47.01999999998952,102.571,1789798032.3995357,gps_back
127.81500000000233,47.117499999993015,102.57300000000001,1789798032.4995356,gps_back
127.81299999999464,47.226499999989755,102.574,1789798032.5995355,gps_back
127.79399999999441,47.32399999999325,102.57300000000001,1789798032.6995356,gps_back
127.77449999999953,47.4320000000007,102.578,1789798032.7995355,gps_back
127.76399999999558,47.52950000000419,102.58500000000001,1789798032.8995354,gps_back
127.74499999999534,47.62700000000768,102.587,1789798032.9995356,gps_back
127.73450000000594,47.72500000000582,102.586,1789798033.0995355,gps_back
127.71499999999651,47.83300000001327,102.589,1789798033.1995354,gps_back
127.7045000000071,47.93049999998766,102.589,1789798033.2995353,gps_back
127.68550000000687,48.02799999999115,102.58800000000001,1789798033.3995354,gps_back
127.66650000000664,48.125499999994645,102.587,1789798033.4995353,gps_back
127.65549999999348,48.23399999999674,102.59,1789798033.5995352,gps_back
127.63649999999325,48.33150000000023,102.592,1789798033.6995351,gps_back
127.62600000000384,48.429000000003725,102.589,1789798033.7995353,gps_back
127.61549999999988,48.53750000000582,102.59100000000001,1789798033.8995352,gps_back
127.59649999999965,48.63500000000931,102.59400000000001,1789798033.999535,gps_back
127.57700000000477,48.732500000012806,102.598,1789798034.0995352,gps_back
127.56650000000081,48.829999999987194,102.59700000000001,1789798034.1995351,gps_back
127.5280000000057,49.03599999999278,102.59700000000001,1789798034.399535,gps_back
127.50849999999627,49.14400000000023,102.59400000000001,1789798034.499535,gps_back
127.48949999999604,49.241500000003725,102.59400000000001,1789798034.599535,gps_back
127.47900000000664,49.35000000000582,102.59400000000001,1789798034.699535,gps_back
127.4594999999972,49.458500000007916,102.59700000000001,1789798034.7995348,gps_back
127.44049999999697,49.55549999998766,102.602,1789798034.899535,gps_back
127.4210000000021,49.663999999989755,102.608,1789798034.9995348,gps_back
127.40200000000186,49.76149999999325,102.608,1789798035.0995347,gps_back
127.38250000000698,49.85899999999674,102.61500000000001,1789798035.199535,gps_back
127.36350000000675,49.96700000000419,102.614,1789798035.2995348,gps_back
127.3530000000028,50.06500000000233,102.607,1789798035.3995347,gps_back
127.34249999999884,50.16250000000582,102.608,1789798035.4995346,gps_back
127.32300000000396,50.27050000001327,102.60900000000001,1789798035.5995347,gps_back
127.30400000000373,50.36799999998766,102.614,1789798035.6995347,gps_back
127.29349999999977,50.4659999999858,102.619,1789798035.7995346,gps_back
127.27400000000489,50.562999999994645,102.623,1789798035.8995345,gps_back
127.25500000000466,50.67149999999674,102.625,1789798035.9995346,gps_back
127.25299999999697,50.76949999999488,102.628,1789798036.0995345,gps_back
127.25100000000384,50.87799999999697,102.63,1789798036.1995344,gps_back
127.23149999999441,50.986000000004424,102.632,1789798036.2995346,gps_back
127.21249999999418,51.09450000000652,102.632,1789798036.3995345,gps_back
127.20149999999558,51.203000000008615,102.633,1789798036.4995344,gps_back
127.19150000000081,51.30050000001211,102.637,1789798036.5995343,gps_back
127.17200000000594,51.4090000000142,102.641,1789798036.6995344,gps_back
127.16150000000198,51.50649999998859,102.643,1789798036.7995343,gps_back
127.1420000000071,51.61499999999069,102.644,1789798036.8995342,gps_back
127.12249999999767,51.72299999999814,102.645,1789798036.9995341,gps_back
127.11199999999371,51.82050000000163,102.65,1789798037.0995343,gps_back
127.09299999999348,51.929000000003725,102.651,1789798037.1995342,gps_back
127.04200000000128,52.329999999987194,102.649,1789798037.599534,gps_back
127.0225000000064,52.43849999998929,102.646,1789798037.699534,gps_back
127.01200000000244,52.546999999991385,102.648,1789798037.799534,gps_back
126.99300000000221,52.64449999999488,102.65,1789798037.899534,gps_back
126.98249999999825,52.74199999999837,102.646,1789798037.999534,gps_back
126.96349999999802,52.83950000000186,102.647,1789798038.0995338,gps_back
126.95299999999406,52.937000000005355,102.645,1789798038.199534,gps_back
126.92299999999523,53.13200000001234,102.647,1789798038.3995337,gps_back
126.88450000000012,53.337999999988824,102.651,1789798038.5995338,gps_back
126.84649999999965,53.532500000001164,102.656,1789798038.7995336,gps_back
126.82700000000477,53.63000000000466,102.656,1789798038.8995337,gps_back
126.81650000000081,53.73850000000675,102.656,1789798038.9995337,gps_back
126.79750000000058,53.836000000010245,102.66,1789798039.0995336,gps_back
126.7780000000057,53.94450000001234,102.66,1789798039.1995335,gps_back
126.75849999999627,54.04199999998673,102.666,1789798039.2995336,gps_back
126.74800000000687,54.150499999988824,102.667,1789798039.3995335,gps_back
126.72849999999744,54.258499999996275,102.67,1789798039.4995334,gps_back
126.7094999999972,54.35599999999977,102.671,1789798039.5995333,gps_back
126.69899999999325,54.46450000000186,102.667,1789798039.6995335,gps_back
126.67949999999837,54.562000000005355,102.669,1789798039.7995334,gps_back
126.66049999999814,54.670000000012806,102.666,1789798039.8995333,gps_back
126.64100000000326,54.767499999987194,102.67,1789798039.9995334,gps_back
126.62200000000303,54.87599999998929,102.672,1789798040.0995333,gps_back
126.6024999999936,54.984499999991385,102.666,1789798040.1995332,gps_back
126.57249999999476,55.19000000000233,102.663,1789798040.3995333,gps_back
126.55349999999453,55.28750000000582,102.662,1789798040.4995332,gps_back
126.54300000000512,55.396000000007916,102.665,1789798040.599533,gps_back
126.52349999999569,55.50450000001001,102.667,1789798040.699533,gps_back
126.50449999999546,55.602000000013504,102.666,1789798040.7995331,gps_back
126.49400000000605,55.69949999998789,102.676,1789798040.899533,gps_back
126.47449999999662,55.80799999998999,102.679,1789798040.999533,gps_back
126.45549999999639,55.904999999998836,102.676,1789798041.099533,gps_back
126.43600000000151,56.01350000000093,102.68,1789798041.199533,gps_back
126.41650000000664,56.111000000004424,102.684,1789798041.299533,gps_back
126.3975000000064,56.21950000000652,102.691,1789798041.3995328,gps_back
126.38700000000244,56.31700000001001,102.69500000000001,1789798041.499533,gps_back
126.36749999999302,56.42499999998836,102.696,1789798041.5995328,gps_back
126.34799999999814,56.533499999990454,102.7,1789798041.6995327,gps_back
126.3289999999979,56.64199999999255,102.69800000000001,1789798041.7995327,gps_back
126.30950000000303,56.75,102.7,1789798041.8995328,gps_back
126.2899999999936,56.8695000000007,102.703,1789798041.9995327,gps_back
126.27049999999872,56.966500000009546,102.703,1789798042.0995326,gps_back
126.25149999999849,57.07500000001164,102.703,1789798042.1995327,gps_back
126.23200000000361,57.18350000001374,102.703,1789798042.2995327,gps_back
126.22149999999965,57.280999999988126,102.702,1789798042.3995326,gps_back
126.20200000000477,57.388999999995576,102.702,1789798042.4995325,gps_back
126.19150000000081,57.486999999993714,102.699,1789798042.5995326,gps_back
126.17250000000058,57.584499999997206,102.699,1789798042.6995325,gps_back
126.15350000000035,57.681500000006054,102.699,1789798042.7995324,gps_back
126.11500000000524,57.87650000001304,102.7,1789798042.9995325,gps_back
126.10450000000128,57.98499999998603,102.703,1789798043.0995324,gps_back
126.11100000000442,58.10449999998673,102.706,1789798043.1995323,gps_back
126.08299999999872,58.20199999999022,102.71000000000001,1789798043.2995324,gps_back
126.07249999999476,58.31049999999232,102.712,1789798043.3995323,gps_back
126.05100000000675,58.516499999997905,102.71600000000001,1789798043.5995321,gps_back
126.04949999999371,58.61449999999604,102.71600000000001,1789798043.6995323,gps_back
126.03049999999348,58.71150000000489,102.717,1789798043.7995322,gps_back
126.01149999999325,58.798500000004424,102.71900000000001,1789798043.899532,gps_back
126.00100000000384,58.896000000007916,102.72200000000001,1789798043.999532,gps_back
125.98149999999441,59.00399999998626,102.72500000000001,1789798044.0995321,gps_back
125.9210000000021,59.459499999997206,102.73400000000001,1789798044.499532,gps_back
125.89299999999639,59.56750000000466,102.741,1789798044.599532,gps_back
125.89100000000326,59.687000000005355,102.744,1789798044.6995318,gps_back
125.88000000000466,59.79550000000745,102.753,1789798044.799532,gps_back
125.86049999999523,59.914500000013504,102.753,1789798044.8995318,gps_back
125.85000000000582,60.022999999986496,102.747,1789798044.9995317,gps_back
125.83049999999639,60.142499999987194,102.747,1789798045.0995317,gps_back
125.81100000000151,60.26149999999325,102.736,1789798045.1995318,gps_back
125.80950000000303,60.33749999999418,102.741,1789798045.2995317,gps_back
125.80849999999919,60.39199999999255,102.724,1789798045.3995316,gps_back
125.78949999999895,60.467499999998836,102.721,1789798045.4995315,gps_back
125.77950000000419,60.54349999999977,102.727,1789798045.5995317,gps_back
125.76949999999488,60.6195000000007,102.74300000000001,1789798045.6995316,gps_back
125.75049999999464,60.70600000000559,102.745,1789798045.7995315,gps_back
125.74000000000524,60.80350000000908,102.747,1789798045.8995316,gps_back
125.72999999999593,60.890500000008615,102.747,1789798045.9995315,gps_back
125.71050000000105,60.99849999998696,102.752,1789798046.0995314,gps_back
125.69999999999709,61.10699999998906,102.754,1789798046.1995313,gps_back
125.68050000000221,61.21549999999115,102.753,1789798046.2995315,gps_back
125.66099999999278,61.334499999997206,102.756,1789798046.3995314,gps_back
125.64999999999418,61.453999999997905,102.758,1789798046.4995313,gps_back
125.62200000000303,61.562000000005355,102.762,1789798046.5995312,gps_back
125.6024999999936,61.68100000001141,102.764,1789798046.6995313,gps_back
125.58299999999872,61.80050000001211,102.766,1789798046.7995312,gps_back
125.55449999999837,61.91949999998906,102.769,1789798046.8995311,gps_back
125.54349999999977,62.03849999999511,102.769,1789798046.9995313,gps_back
125.51549999999406,62.157500000001164,102.779,1789798047.0995312,gps_back
125.48750000000291,62.25500000000466,102.772,1789798047.199531,gps_back
125.44150000000081,62.39550000001327,102.754,1789798047.299531,gps_back
125.41300000000047,62.525499999988824,102.753,1789798047.3995311,gps_back
125.39350000000559,62.633499999996275,102.748,1789798047.499531,gps_back
125.36549999999988,62.75250000000233,102.752,1789798047.599531,gps_back
125.346000000005,62.87200000000303,102.752,1789798047.6995308,gps_back
125.32649999999558,62.99100000000908,102.75,1789798047.799531,gps_back
125.29799999999523,63.10999999998603,102.754,1789798047.899531,gps_back
125.27850000000035,63.228999999992084,102.752,1789798047.9995308,gps_back
125.25900000000547,63.34849999999278,102.755,1789798048.099531,gps_back
125.23050000000512,63.478000000002794,102.748,1789798048.1995308,gps_back
125.21099999999569,63.59750000000349,102.757,1789798048.2995307,gps_back
125.18249999999534,63.716500000009546,102.757,1789798048.3995306,gps_back
125.18099999999686,63.81400000001304,102.765,1789798048.4995308,gps_back
125.16150000000198,63.93350000001374,102.783,1789798048.5995307,gps_back
125.13300000000163,64.05249999999069,102.78,1789798048.6995306,gps_back
125.10450000000128,64.17149999999674,102.786,1789798048.7995305,gps_back
125.0850000000064,64.2905000000028,102.787,1789798048.8995306,gps_back
125.06549999999697,64.42050000000745,102.788,1789798048.9995306,gps_back
125.05449999999837,64.54000000000815,102.796,1789798049.0995305,gps_back
125.04349999999977,64.6590000000142,102.792,1789798049.1995306,gps_back
125.02400000000489,64.7784999999858,102.799,1789798049.2995305,gps_back
125.00500000000466,64.88649999999325,102.804,1789798049.3995304,gps_back
124.99400000000605,65.00599999999395,102.809,1789798049.4995303,gps_back
124.99199999999837,65.12549999999464,102.813,1789798049.5995305,gps_back
124.97250000000349,65.2335000000021,102.808,1789798049.6995304,gps_back
124.96150000000489,65.3530000000028,102.812,1789798049.7995303,gps_back
124.94199999999546,65.47200000000885,102.811,1789798049.8995302,gps_back
124.92250000000058,65.59150000000955,102.815,1789798049.9995303,gps_back
124.9030000000057,65.69949999998789,102.822,1789798050.0995302,gps_back
124.88349999999627,65.81899999998859,102.825,1789798050.1995301,gps_back
124.87249999999767,65.93799999999464,102.82600000000001,1789798050.29953,gps_back
124.8530000000028,66.05749999999534,102.83,1789798050.3995302,gps_back
124.83349999999336,66.1765000000014,102.834,1789798050.49953,gps_back
124.81399999999849,66.28500000000349,102.837,1789798050.59953,gps_back
124.80349999999453,66.40400000000955,102.83500000000001,1789798050.6995301,gps_back
124.78399999999965,66.51250000001164,102.831,1789798050.79953,gps_back
124.76499999999942,66.60999999998603,102.82900000000001,1789798050.89953,gps_back
124.75400000000081,66.71849999998813,102.827,1789798050.9995298,gps_back
124.73500000000058,66.81599999999162,102.82000000000001,1789798051.09953,gps_back
124.7335000000021,66.90249999999651,102.82300000000001,1789798051.19953,gps_back
124.72299999999814,67.00049999999464,102.82600000000001,1789798051.2995298,gps_back
124.72149999999965,67.08699999999953,102.827,1789798051.3995297,gps_back
124.70249999999942,67.17399999999907,102.827,1789798051.4995298,gps_back
124.69250000000466,67.24950000000536,102.83200000000001,1789798051.5995297,gps_back
124.6820000000007,67.33650000000489,102.83500000000001,1789798051.6995296,gps_back
124.67200000000594,67.41250000000582,102.84,1789798051.7995298,gps_back
124.66150000000198,67.51000000000931,102.84,1789798051.8995297,gps_back
124.65099999999802,67.5965000000142,102.842,1789798051.9995296,gps_back
124.64100000000326,67.68350000001374,102.84400000000001,1789798052.0995295,gps_back
124.62200000000303,67.78099999998813,102.848,1789798052.1995296,gps_back
124.61149999999907,67.87849999999162,102.84700000000001,1789798052.2995296,gps_back
124.59200000000419,67.97599999999511,102.84700000000001,1789798052.3995295,gps_back
124.58150000000023,68.0734999999986,102.849,1789798052.4995294,gps_back
124.57099999999627,68.1710000000021,102.852,1789798052.5995295,gps_back
124.55199999999604,68.27950000000419,102.85300000000001,1789798052.6995294,gps_back
124.54150000000664,68.37700000000768,102.85000000000001,1789798052.7995293,gps_back
124.53100000000268,68.47450000001118,102.84700000000001,1789798052.8995295,gps_back
124.50299999999697,68.57199999998556,102.84700000000001,1789798052.9995294,gps_back
124.49249999999302,68.66949999998906,102.85000000000001,1789798053.0995293,gps_back
124.47349999999278,68.76699999999255,102.852,1789798053.1995292,gps_back
124.4539999999979,68.86449999999604,102.85000000000001,1789798053.2995293,gps_back
124.43499999999767,68.96199999999953,102.85300000000001,1789798053.3995292,gps_back
124.41599999999744,69.05900000000838,102.852,1789798053.4995291,gps_back
124.39650000000256,69.16750000001048,102.85600000000001,1789798053.599529,gps_back
124.37750000000233,69.26500000001397,102.86,1789798053.6995292,gps_back
124.3579999999929,69.36249999998836,102.857,1789798053.799529,gps_back
124.33900000000722,69.45999999999185,102.858,1789798053.899529,gps_back
124.32000000000698,69.55749999999534,102.85900000000001,1789798053.9995291,gps_back
124.30049999999756,69.65499999999884,102.86,1789798054.099529,gps_back
124.28149999999732,69.75200000000768,102.861,1789798054.199529,gps_back
124.27099999999336,69.85000000000582,102.864,1789798054.2995288,gps_back
124.25199999999313,69.94750000000931,102.866,1789798054.399529,gps_back
124.23249999999825,70.05549999998766,102.86800000000001,1789798054.499529,gps_back
124.2219999999943,70.15299999999115,102.87,1789798054.5995288,gps_back
124.20299999999406,70.25049999999464,102.872,1789798054.6995287,gps_back
124.18349999999919,70.34799999999814,102.869,1789798054.7995288,gps_back
124.16449999999895,70.44550000000163,102.87,1789798054.8995287,gps_back
124.16300000000047,70.54349999999977,102.874,1789798054.9995286,gps_back
124.14350000000559,70.64050000000861,102.875,1789798055.0995286,gps_back
124.12450000000536,70.73800000001211,102.881,1789798055.1995287,gps_back
124.10550000000512,70.8354999999865,102.878,1789798055.2995286,gps_back
124.09500000000116,70.93299999998999,102.875,1789798055.3995285,gps_back
124.07550000000629,71.03049999999348,102.875,1789798055.4995286,gps_back
124.06500000000233,71.12799999999697,102.874,1789798055.5995286,gps_back
124.05449999999837,71.22599999999511,102.872,1789798055.6995285,gps_back
124.04399999999441,71.3234999999986,102.875,1789798055.7995284,gps_back
124.02499999999418,71.4210000000021,102.874,1789798055.8995285,gps_back
124.01450000000477,71.51850000000559,102.877,1789798055.9995284,gps_back
123.99550000000454,71.61600000000908,102.878,1789798056.0995283,gps_back
123.97650000000431,71.71350000001257,102.886,1789798056.1995282,gps_back
123.95699999999488,71.81099999998696,102.882,1789798056.2995284,gps_back
123.93799999999464,71.90849999999045,102.883,1789798056.3995283,gps_back
123.91849999999977,72.0054999999993,102.884,1789798056.4995282,gps_back
123.89949999999953,72.1140000000014,102.887,1789798056.5995283,gps_back
123.88899999999558,72.21150000000489,102.888,1789798056.6995282,gps_back
123.87850000000617,72.30900000000838,102.889,1789798056.7995281,gps_back
123.85950000000594,72.40650000001187,102.89,1789798056.899528,gps_back
123.83999999999651,72.50399999998626,102.889,1789798056.9995282,gps_back
123.8295000000071,72.61249999998836,102.891,1789798057.099528,gps_back
123.81050000000687,72.70999999999185,102.89,1789798057.199528,gps_back
123.79099999999744,72.80749999999534,102.894,1789798057.299528,gps_back
123.7719999999972,72.90499999999884,102.898,1789798057.399528,gps_back
123.77000000000407,73.00250000000233,102.9,1789798057.499528,gps_back
123.76850000000559,73.10050000000047,102.902,1789798057.5995278,gps_back
123.74899999999616,73.19800000000396,102.9,1789798057.699528,gps_back
123.7390000000014,73.29550000000745,102.903,1789798057.799528,gps_back
123.72849999999744,73.39300000001094,102.906,1789798057.8995278,gps_back
123.72650000000431,73.49100000000908,102.908,1789798057.9995277,gps_back
123.70750000000407,73.58850000001257,102.908,1789798058.0995278,gps_back
123.69700000000012,73.68599999998696,102.905,1789798058.1995277,gps_back
123.68649999999616,73.79449999998906,102.908,1789798058.2995276,gps_back
123.65649999999732,73.98949999999604,102.908,1789798058.4995277,gps_back
123.64599999999336,74.08699999999953,102.907,1789798058.5995276,gps_back
123.62699999999313,74.18450000000303,102.904,1789798058.6995275,gps_back
123.6079999999929,74.28200000000652,102.905,1789798058.7995276,gps_back
123.58849999999802,74.37950000001001,102.904,1789798058.8995275,gps_back
123.56949999999779,74.4770000000135,102.905,1789798058.9995275,gps_back
123.55049999999756,74.57399999999325,102.907,1789798059.0995274,gps_back
123.5399999999936,74.67199999999139,102.912,1789798059.1995275,gps_back
123.52049999999872,74.76949999999488,102.913,1789798059.2995274,gps_back
123.50149999999849,74.86650000000373,102.918,1789798059.3995273,gps_back
123.48249999999825,74.96400000000722,102.92,1789798059.4995272,gps_back
123.46300000000338,75.06150000001071,102.919,1789798059.5995274,gps_back
123.44400000000314,75.1590000000142,102.925,1789798059.6995273,gps_back
123.42500000000291,75.25649999998859,102.927,1789798059.7995272,gps_back
123.41400000000431,75.36499999999069,102.927,1789798059.899527,gps_back
123.40350000000035,75.46249999999418,102.928,1789798059.9995272,gps_back
123.38450000000012,75.55999999999767,102.927,1789798060.0995271,gps_back
123.36549999999988,75.65750000000116,102.929,1789798060.199527,gps_back
123.346000000005,75.75500000000466,102.929,1789798060.2995272,gps_back
123.32700000000477,75.86300000001211,102.93,1789798060.399527,gps_back
123.31650000000081,75.96100000001024,102.933,1789798060.499527,gps_back
123.30550000000221,76.06950000001234,102.933,1789798060.599527,gps_back
123.29499999999825,76.16699999998673,102.932,1789798060.699527,gps_back
123.27599999999802,76.27499999999418,102.934,1789798060.799527,gps_back
123.26549999999406,76.37299999999232,102.937,1789798060.8995268,gps_back
123.24599999999919,76.47000000000116,102.93900000000001,1789798060.9995267,gps_back
123.23549999999523,76.57850000000326,102.94,1789798061.099527,gps_back
123.216499999995,76.67600000000675,102.94200000000001,1789798061.1995268,gps_back
123.19700000000012,76.78450000000885,102.944,1789798061.2995267,gps_back
123.18649999999616,76.88200000001234,102.94500000000001,1789798061.3995268,gps_back
123.17600000000675,76.97949999998673,102.94500000000001,1789798061.4995267,gps_back
123.15649999999732,77.08799999998882,102.947,1789798061.5995266,gps_back
123.14650000000256,77.18549999999232,102.94800000000001,1789798061.6995265,gps_back
123.12699999999313,77.28299999999581,102.949,1789798061.7995267,gps_back
123.1079999999929,77.3804999999993,102.95100000000001,1789798061.8995266,gps_back
123.09750000000349,77.4890000000014,102.95,1789798061.9995265,gps_back
123.08699999999953,77.58650000000489,102.952,1789798062.0995264,gps_back
123.06750000000466,77.69500000000698,102.95100000000001,1789798062.1995265,gps_back
123.03800000000047,77.89000000001397,102.95100000000001,1789798062.3995264,gps_back
123.01850000000559,77.99799999999232,102.952,1789798062.4995265,gps_back
122.99950000000536,78.09549999999581,102.955,1789798062.5995264,gps_back
122.9890000000014,78.1929999999993,102.953,1789798062.6995263,gps_back
122.96950000000652,78.3015000000014,102.955,1789798062.7995262,gps_back
122.95900000000256,78.39900000000489,102.956,1789798062.8995264,gps_back
122.94000000000233,78.49650000000838,102.95400000000001,1789798062.9995263,gps_back
122.92949999999837,78.59400000001187,102.95700000000001,1789798063.0995262,gps_back
122.91000000000349,78.69149999998626,102.961,1789798063.199526,gps_back
122.89949999999953,78.79999999998836,102.961,1789798063.2995262,gps_back
122.8804999999993,78.89749999999185,102.96000000000001,1789798063.3995261,gps_back
122.86100000000442,78.99499999999534,102.96300000000001,1789798063.499526,gps_back
122.85050000000047,79.09249999999884,102.965,1789798063.599526,gps_back
122.83150000000023,79.19000000000233,102.965,1789798063.699526,gps_back
122.8125,79.28750000000582,102.96600000000001,1789798063.799526,gps_back
122.80199999999604,79.38500000000931,102.967,1789798063.899526,gps_back
122.71450000000186,79.88349999999627,102.97800000000001,1789798064.399526,gps_back
122.7039999999979,79.98099999999977,102.98100000000001,1789798064.4995258,gps_back
122.68499999999767,80.07850000000326,102.988,1789798064.5995257,gps_back
122.6655000000028,80.18650000001071,102.989,1789798064.6995256,gps_back
122.64650000000256,80.2840000000142,102.991,1789798064.7995257,gps_back
122.62699999999313,80.38149999998859,102.994,1789798064.8995256,gps_back
122.61699999999837,80.47899999999208,102.99300000000001,1789798064.9995255,gps_back
122.59750000000349,80.57649999999558,102.992,1789798065.0995257,gps_back
122.57850000000326,80.67399999999907,102.992,1789798065.1995256,gps_back
122.5679999999993,80.77150000000256,102.99300000000001,1789798065.2995255,gps_back
122.54899999999907,80.86900000000605,102.99000000000001,1789798065.3995254,gps_back
122.52950000000419,80.96650000000955,102.99000000000001,1789798065.4995255,gps_back
122.5280000000057,81.06450000000768,102.991,1789798065.5995255,gps_back
122.51750000000175,81.16200000001118,102.992,1789798065.6995254,gps_back
122.49800000000687,81.26999999998952,102.99300000000001,1789798065.7995253,gps_back
122.48750000000291,81.36799999998766,102.999,1789798065.8995254,gps_back
122.46850000000268,81.46499999999651,103.002,1789798065.9995253,gps_back
122.45799999999872,81.56299999999464,103.004,1789798066.0995252,gps_back
122.44749999999476,81.66049999999814,103.004,1789798066.199525,gps_back
122.41800000000512,81.85550000000512,103.007,1789798066.3995252,gps_back
122.39849999999569,81.95300000000861,103.005,1789798066.499525,gps_back
122.38800000000629,82.05050000001211,103.004,1789798066.5995252,gps_back
122.36900000000605,82.1479999999865,103.004,1789798066.699525,gps_back
122.3585000000021,82.24549999998999,103.007,1789798066.799525,gps_back
122.33900000000722,82.35399999999208,103.01,1789798066.899525,gps_back
122.32000000000698,82.45149999999558,103.012,1789798066.999525,gps_back
122.30950000000303,82.55999999999767,103.011,1789798067.099525,gps_back
122.2899999999936,82.65700000000652,103.014,1789798067.1995249,gps_back
122.27950000000419,82.76550000000861,103.014,1789798067.2995248,gps_back
122.26050000000396,82.86300000001211,103.018,1789798067.399525,gps_back
122.25,82.9604999999865,103.019,1789798067.4995248,gps_back
122.23050000000512,83.06899999998859,103.02,1789798067.5995247,gps_back
122.22000000000116,83.16649999999208,103.019,1789798067.6995249,gps_back
122.20050000000629,83.27499999999418,103.019,1789798067.7995248,gps_back
122.1710000000021,83.47000000000116,103.022,1789798067.9995246,gps_back
122.16049999999814,83.57850000000326,103.027,1789798068.0995247,gps_back
122.14100000000326,83.67600000000675,103.029,1789798068.1995246,gps_back
122.12200000000303,83.7840000000142,103.035,1789798068.2995245,gps_back
122.11149999999907,83.88200000001234,103.04,1789798068.3995245,gps_back
122.09200000000419,83.97899999999208,103.043,1789798068.4995246,gps_back
122.08199999999488,84.07699999999022,103.046,1789798068.5995245,gps_back
122.0625,84.18499999999767,103.052,1789798068.6995244,gps_back
122.04300000000512,84.28250000000116,103.055,1789798068.7995245,gps_back
122.03299999999581,84.38000000000466,103.055,1789798068.8995245,gps_back
122.00299999999697,84.58600000001024,103.057,1789798069.0995243,gps_back
121.91349999999511,85.1929999999993,103.052,1789798069.6995242,gps_back
121.88400000000547,85.39900000000489,103.057,1789798069.899524,gps_back
121.84549999999581,85.59400000001187,103.06400000000001,1789798070.099524,gps_back
121.8350000000064,85.69149999998626,103.065,1789798070.199524,gps_back
121.82450000000244,85.79999999998836,103.066,1789798070.299524,gps_back
121.80499999999302,85.89749999999185,103.06700000000001,1789798070.399524,gps_back
121.79450000000361,85.99499999999534,103.068,1789798070.4995239,gps_back
121.77550000000338,86.09249999999884,103.069,1789798070.5995238,gps_back
121.75599999999395,86.20050000000629,103.07300000000001,1789798070.699524,gps_back
121.74550000000454,86.29800000000978,103.074,1789798070.7995238,gps_back
121.72650000000431,86.39550000001327,103.07600000000001,1789798070.8995237,gps_back
121.71600000000035,86.49350000001141,103.075,1789798070.9995236,gps_back
121.69700000000012,86.59049999999115,103.08,1789798071.0995238,gps_back
121.68600000000151,86.69899999999325,103.08200000000001,1789798071.1995237,gps_back
121.66700000000128,86.79649999999674,103.081,1789798071.2995236,gps_back
121.64800000000105,86.89400000000023,103.08200000000001,1789798071.3995237,gps_back
121.63749999999709,86.99150000000373,103.07900000000001,1789798071.4995236,gps_back
121.61800000000221,87.10000000000582,103.084,1789798071.5995235,gps_back
121.60749999999825,87.19750000000931,103.083,1789798071.6995234,gps_back
121.58849999999802,87.2950000000128,103.08,1789798071.7995236,gps_back
121.57799999999406,87.3924999999872,103.081,1789798071.8995235,gps_back
121.55849999999919,87.50099999998929,103.084,1789798071.9995234,gps_back
121.54799999999523,87.59849999999278,103.08200000000001,1789798072.0995233,gps_back
121.53750000000582,87.69599999999627,103.084,1789798072.1995234,gps_back
121.51850000000559,87.79349999999977,103.08500000000001,1789798072.2995234,gps_back
121.50800000000163,87.89100000000326,103.089,1789798072.3995233,gps_back
121.4890000000014,87.98850000000675,103.087,1789798072.4995232,gps_back
121.46950000000652,88.08600000001024,103.087,1789798072.5995233,gps_back
121.43300000000454,88.18299999998999,103.09100000000001,1789798072.6995232,gps_back
121.42250000000058,88.28099999998813,103.093,1789798072.799523,gps_back
121.40350000000035,88.37799999999697,103.093,1789798072.8995233,gps_back
121.38450000000012,88.47550000000047,103.099,1789798072.9995232,gps_back
121.36500000000524,88.57300000000396,103.10300000000001,1789798073.099523,gps_back
121.346000000005,88.67050000000745,103.107,1789798073.199523,gps_back
121.32700000000477,88.76800000001094,103.108,1789798073.299523,gps_back
121.30749999999534,88.86550000001444,103.11,1789798073.399523,gps_back
121.28849999999511,88.96299999998882,103.111,1789798073.499523,gps_back
121.2780000000057,89.06049999999232,103.111,1789798073.5995228,gps_back
121.25900000000547,89.15799999999581,103.11200000000001,1789798073.699523,gps_back
121.24850000000151,89.2554999999993,103.11200000000001,1789798073.7995229,gps_back
121.22900000000664,89.3530000000028,103.11,1789798073.8995228,gps_back
121.2100000000064,89.45050000000629,103.108,1789798073.999523,gps_back
121.20650000000023,89.64600000000792,103.11200000000001,1789798074.1995227,gps_back
121.1765000000014,89.8520000000135,103.114,1789798074.3995228,gps_back
121.1469999999972,90.04699999999139,103.111,1789798074.5995226,gps_back
121.11749999999302,90.23099999999977,103.11200000000001,1789798074.7995226,gps_back
121.09849999999278,90.32850000000326,103.11,1789798074.8995225,gps_back
121.08800000000338,90.42600000000675,103.111,1789798074.9995224,gps_back
121.06900000000314,90.52350000001024,103.114,1789798075.0995224,gps_back
121.04949999999371,90.62100000001374,103.117,1789798075.1995225,gps_back
121.03900000000431,90.71849999998813,103.121,1789798075.2995224,gps_back
121.02000000000407,90.81599999999162,103.119,1789798075.3995223,gps_back
121.00100000000384,90.91349999999511,103.123,1789798075.4995224,gps_back
120.99049999999988,91.0109999999986,103.123,1789798075.5995224,gps_back
120.971000000005,91.1085000000021,103.124,1789798075.6995223,gps_back
120.95200000000477,91.20600000000559,103.126,1789798075.7995222,gps_back
120.93300000000454,91.30350000000908,103.125,1789798075.8995223,gps_back
120.92250000000058,91.40100000001257,103.129,1789798075.9995222,gps_back
120.9030000000057,91.49849999998696,103.132,1789798076.099522,gps_back
120.88400000000547,91.59599999999045,103.131,1789798076.199522,gps_back
120.87350000000151,91.69349999999395,103.128,1789798076.2995222,gps_back
120.84549999999581,91.8015000000014,103.122,1789798076.399522,gps_back
120.84399999999732,91.88850000000093,103.123,1789798076.499522,gps_back
120.82499999999709,91.97500000000582,103.131,1789798076.599522,gps_back
120.81500000000233,92.04000000000815,103.095,1789798076.699522,gps_back
120.81149999999616,92.23550000000978,103.08200000000001,1789798076.8995218,gps_back
120.79249999999593,92.33300000001327,103.077,1789798076.999522,gps_back
120.77300000000105,92.43049999998766,103.092,1789798077.0995219,gps_back
120.77150000000256,92.5284999999858,103.083,1789798077.1995218,gps_back
120.75250000000233,92.62599999998929,103.10000000000001,1789798077.2995217,gps_back
120.75950000000012,92.70199999999022,103.081,1789798077.3995218,gps_back
120.74899999999616,92.81049999999232,103.072,1789798077.4995217,gps_back
120.74700000000303,92.90799999999581,103.059,1789798077.5995216,gps_back
120.7280000000028,93.0054999999993,103.06,1789798077.6995215,gps_back
120.70050000000629,93.09200000000419,103.077,1789798077.7995217,gps_back
120.67350000000442,93.13500000000931,103.129,1789798077.8995216,gps_back
120.64599999999336,93.2104999999865,103.10900000000001,1789798077.9995215,gps_back
120.62649999999849,93.31899999998859,103.124,1789798078.0995216,gps_back
120.60749999999825,93.41649999999208,103.129,1789798078.1995215,gps_back
120.5969999999943,93.50299999999697,103.132,1789798078.2995214,gps_back
120.59500000000116,93.62249999999767,103.10300000000001,1789798078.3995214,gps_back
120.57600000000093,93.72000000000116,103.111,1789798078.4995215,gps_back
120.55650000000605,93.82850000000326,103.117,1789798078.5995214,gps_back
120.51850000000559,94.00150000001304,103.095,1789798078.6995213,gps_back
120.49899999999616,94.10999999998603,103.10600000000001,1789798078.7995212,gps_back
120.46050000000105,94.32649999999558,103.108,1789798078.9995213,gps_back
120.44100000000617,94.43450000000303,103.11,1789798079.0995212,gps_back
120.43050000000221,94.53250000000116,103.119,1789798079.1995213,gps_back
120.41150000000198,94.63000000000466,103.124,1789798079.2995212,gps_back
120.40099999999802,94.73850000000675,103.128,1789798079.399521,gps_back
120.38150000000314,94.8354999999865,103.129,1789798079.499521,gps_back
120.36199999999371,94.94399999998859,103.131,1789798079.5995212,gps_back
120.35199999999895,95.04149999999208,103.133,1789798079.699521,gps_back
120.33250000000407,95.14999999999418,103.135,1789798079.799521,gps_back
120.32249999999476,95.22599999999511,103.14,1789798079.8995209,gps_back
120.28599999999278,95.32300000000396,103.124,1789798079.999521,gps_back
120.29249999999593,95.43150000000605,103.114,1789798080.099521,gps_back
120.26300000000629,95.62650000001304,103.116,1789798080.2995207,gps_back
120.23549999999523,95.70250000001397,103.138,1789798080.3995209,gps_back
120.22449999999662,95.82149999999092,103.119,1789798080.4995208,gps_back
120.17750000000524,96.02700000000186,103.129,1789798080.6995208,gps_back
120.15799999999581,96.12450000000536,103.131,1789798080.7995207,gps_back
120.13899999999558,96.22200000000885,103.137,1789798080.8995206,gps_back
120.12850000000617,96.33050000001094,103.152,1789798080.9995205,gps_back
120.10899999999674,96.42800000001444,103.161,1789798081.0995207,gps_back
120.10749999999825,96.51500000001397,103.155,1789798081.1995206,gps_back
120.0795000000071,96.61199999999371,103.163,1789798081.2995205,gps_back
120.07799999999406,96.70999999999185,103.164,1789798081.3995204,gps_back
120.0679999999993,96.78599999999278,103.18,1789798081.4995205,gps_back
120.03149999999732,96.88300000000163,103.186,1789798081.5995204,gps_back
120.01200000000244,96.99150000000373,103.18,1789798081.6995203,gps_back
120.00149999999849,97.08900000000722,103.18,1789798081.7995205,gps_back
119.98249999999825,97.17550000001211,103.193,1789798081.8995204,gps_back
119.9719999999943,97.2840000000142,103.18900000000001,1789798081.9995203,gps_back
119.95249999999942,97.38149999998859,103.19200000000001,1789798082.0995202,gps_back
119.93349999999919,97.47899999999208,103.2,1789798082.1995203,gps_back
119.92299999999523,97.57649999999558,103.20100000000001,1789798082.2995203,gps_back
119.90350000000035,97.68450000000303,103.20100000000001,1789798082.3995202,gps_back
119.89299999999639,97.78250000000116,103.199,1789798082.49952,gps_back
119.86549999999988,97.87950000001001,103.208,1789798082.5995202,gps_back
119.846000000005,97.9770000000135,103.211,1789798082.69952,gps_back
119.86849999999686,98.17300000000978,103.18900000000001,1789798083.09952,gps_back
119.84949999999662,98.27050000001327,103.17,1789798083.1995199,gps_back
119.83900000000722,98.36799999998766,103.20100000000001,1789798083.29952,gps_back
119.83699999999953,98.48749999998836,103.241,1789798083.39952,gps_back
119.80899999999383,98.58499999999185,103.262,1789798083.4995198,gps_back
119.79899999999907,98.64999999999418,103.284,1789798083.5995197,gps_back
119.77999999999884,98.74749999999767,103.303,1789798083.6995199,gps_back
119.76949999999488,98.85599999999977,103.258,1789798083.7995198,gps_back
119.75900000000547,98.95350000000326,103.269,1789798083.8995197,gps_back
119.75699999999779,99.05100000000675,103.273,1789798083.9995196,gps_back
119.73799999999756,99.14850000001024,103.275,1789798084.0995197,gps_back
119.71899999999732,99.24600000001374,103.265,1789798084.1995196,gps_back
119.69950000000244,99.34349999998813,103.284,1789798084.2995195,gps_back
119.69800000000396,99.44099999999162,103.298,1789798084.3995197,gps_back
119.69550000000163,99.56049999999232,103.275,1789798084.4995196,gps_back
119.69400000000314,99.65849999999045,103.256,1789798084.5995195,gps_back
119.67500000000291,99.75599999999395,103.27,1789798084.6995194,gps_back
119.65549999999348,99.85349999999744,103.28,1789798084.7995195,gps_back
119.64500000000407,99.96199999999953,103.286,1789798084.8995194,gps_back
119.54399999999441,100.25349999999162,103.238,1789798084.9995193,gps_back
119.51549999999406,100.37249999999767,103.24300000000001,1789798085.0995193,gps_back
119.47900000000664,100.46950000000652,103.22,1789798085.1995194,gps_back
119.4594999999972,100.57800000000861,103.217,1789798085.2995193,gps_back
119.44899999999325,100.67550000001211,103.218,1789798085.3995192,gps_back
119.43850000000384,100.7840000000142,103.21900000000001,1789798085.4995193,gps_back
119.41950000000361,100.87049999998999,103.218,1789798085.5995193,gps_back
119.40899999999965,100.97899999999208,103.21900000000001,1789798085.6995192,gps_back
119.38999999999942,101.07649999999558,103.223,1789798085.799519,gps_back
119.37050000000454,101.17399999999907,103.22500000000001,1789798085.8995192,gps_back
119.36000000000058,101.27150000000256,103.22500000000001,1789798085.999519,gps_back
119.34949999999662,101.36900000000605,103.227,1789798086.099519,gps_back
119.34750000000349,101.47750000000815,103.229,1789798086.199519,gps_back
119.32850000000326,101.56400000001304,103.227,1789798086.299519,gps_back
119.30950000000303,101.67249999998603,103.226,1789798086.399519,gps_back
119.29899999999907,101.75949999998556,103.226,1789798086.4995189,gps_back
119.27950000000419,101.86749999999302,103.227,1789798086.599519,gps_back
119.26050000000396,101.96499999999651,103.226,1789798086.699519,gps_back
119.24150000000373,102.0515000000014,103.227,1789798086.7995188,gps_back
119.2219999999943,102.16000000000349,103.229,1789798086.8995187,gps_back
119.20299999999406,102.25750000000698,103.229,1789798086.9995189,gps_back
119.19250000000466,102.35500000001048,103.23100000000001,1789798087.0995188,gps_back
119.1820000000007,102.45250000001397,103.227,1789798087.1995187,gps_back
119.17149999999674,102.54999999998836,103.229,1789798087.2995186,gps_back
119.15249999999651,102.64749999999185,103.233,1789798087.3995187,gps_back
119.13300000000163,102.75599999999395,103.236,1789798087.4995186,gps_back
119.1140000000014,102.85349999999744,103.238,1789798087.5995185,gps_back
119.09500000000116,102.95100000000093,103.241,1789798087.6995187,gps_back
119.07550000000629,103.04800000000978,103.244,1789798087.7995186,gps_back
119.05599999999686,103.15650000001187,103.249,1789798087.8995185,gps_back
119.0460000000021,103.25399999998626,103.251,1789798087.9995184,gps_back
119.04399999999441,103.3520000000135,103.253,1789798088.0995185,gps_back
119.02499999999418,103.44949999998789,103.255,1789798088.1995184,gps_back
119.0054999999993,103.54699999999139,103.257,1789798088.2995183,gps_back
118.99499999999534,103.65549999999348,103.26,1789798088.3995183,gps_back
118.97599999999511,103.75250000000233,103.262,1789798088.4995184,gps_back
118.97400000000198,103.85050000000047,103.265,1789798088.5995183,gps_back
118.97250000000349,103.94800000000396,103.27,1789798088.6995182,gps_back
118.95299999999406,104.04550000000745,103.27,1789798088.799518,gps_back
118.93399999999383,104.14300000001094,103.272,1789798088.8995183,gps_back
118.9320000000007,104.24100000000908,103.274,1789798088.9995182,gps_back
118.91300000000047,104.33850000001257,103.276,1789798089.099518,gps_back
118.90249999999651,104.44699999998556,103.276,1789798089.1995182,gps_back
118.8920000000071,104.54449999998906,103.275,1789798089.299518,gps_back
118.87300000000687,104.64199999999255,103.27,1789798089.399518,gps_back
118.86250000000291,104.73949999999604,103.269,1789798089.499518,gps_back
118.84299999999348,104.84750000000349,103.266,1789798089.599518,gps_back
118.82399999999325,104.94500000000698,103.268,1789798089.699518,gps_back
118.80449999999837,105.04250000001048,103.272,1789798089.7995179,gps_back
118.79399999999441,105.14000000001397,103.281,1789798089.8995178,gps_back
118.77499999999418,105.23749999998836,103.283,1789798089.999518,gps_back
118.75599999999395,105.33499999999185,103.284,1789798090.0995178,gps_back
118.74550000000454,105.43249999999534,103.281,1789798090.1995177,gps_back
118.72599999999511,105.52999999999884,103.277,1789798090.2995179,gps_back
118.70699999999488,105.63850000000093,103.276,1789798090.3995178,gps_back
118.6875,105.73600000000442,103.275,1789798090.4995177,gps_back
118.66849999999977,105.83350000000792,103.276,1789798090.5995176,gps_back
118.64949999999953,105.93100000001141,103.277,1789798090.6995177,gps_back
118.63000000000466,106.02799999999115,103.278,1789798090.7995176,gps_back
118.6195000000007,106.12599999998929,103.286,1789798090.8995175,gps_back
118.60899999999674,106.22349999999278,103.287,1789798090.9995174,gps_back
118.58999999999651,106.33199999999488,103.288,1789798091.0995176,gps_back
118.5795000000071,106.42949999999837,103.3,1789798091.1995175,gps_back
118.55999999999767,106.52700000000186,103.3,1789798091.2995174,gps_back
118.54099999999744,106.62400000001071,103.302,1789798091.3995175,gps_back
118.53049999999348,106.72200000000885,103.305,1789798091.4995174,gps_back
118.52850000000035,106.83050000001094,103.306,1789798091.5995173,gps_back
118.50950000000012,106.92800000001444,103.306,1789798091.6995173,gps_back
118.49899999999616,107.02549999998882,103.304,1789798091.7995174,gps_back
118.47999999999593,107.12299999999232,103.302,1789798091.8995173,gps_back
118.46950000000652,107.22049999999581,103.303,1789798091.9995172,gps_back
118.45900000000256,107.3179999999993,103.306,1789798092.099517,gps_back
118.43949999999313,107.4155000000028,103.312,1789798092.1995173,gps_back
118.42900000000373,107.51300000000629,103.31400000000001,1789798092.2995172,gps_back
118.41849999999977,107.62150000000838,103.316,1789798092.399517,gps_back
118.39949999999953,107.71900000001187,103.319,1789798092.4995172,gps_back
118.38899999999558,107.81649999998626,103.318,1789798092.599517,gps_back
118.36999999999534,107.91399999998976,103.32000000000001,1789798092.699517,gps_back
118.35950000000594,108.01199999998789,103.319,1789798092.799517,gps_back
118.33999999999651,108.10899999999674,103.32000000000001,1789798092.899517,gps_back
118.3295000000071,108.20699999999488,103.32000000000001,1789798092.999517,gps_back
118.31050000000687,108.30449999999837,103.321,1789798093.0995169,gps_back
118.29150000000664,108.40150000000722,103.32000000000001,1789798093.1995168,gps_back
118.2719999999972,108.49900000001071,103.319,1789798093.299517,gps_back
118.25299999999697,108.5965000000142,103.318,1789798093.3995168,gps_back
118.2335000000021,108.7049999999872,103.32000000000001,1789798093.4995167,gps_back
118.21450000000186,108.80249999999069,103.324,1789798093.5995166,gps_back
118.19550000000163,108.89999999999418,103.324,1789798093.6995168,gps_back
118.17600000000675,108.99700000000303,103.324,1789798093.7995167,gps_back
118.1655000000028,109.10550000000512,103.325,1789798093.8995166,gps_back
118.14650000000256,109.20300000000861,103.327,1789798093.9995167,gps_back
118.11849999999686,109.30050000001211,103.331,1789798094.0995166,gps_back
118.09900000000198,109.3979999999865,103.334,1789798094.1995165,gps_back
118.08000000000175,109.50599999999395,103.33800000000001,1789798094.2995164,gps_back
118.06050000000687,109.60349999999744,103.342,1789798094.3995166,gps_back
118.05000000000291,109.70100000000093,103.34400000000001,1789798094.4995165,gps_back
118.0399999999936,109.79899999999907,103.345,1789798094.5995164,gps_back
118.03800000000047,109.90750000000116,103.343,1789798094.6995163,gps_back
118.01850000000559,110.00500000000466,103.346,1789798094.7995164,gps_back
117.99950000000536,110.11300000001211,103.348,1789798094.8995163,gps_back
117.99749999999767,110.21100000001024,103.352,1789798094.9995162,gps_back
117.98699999999371,110.30850000001374,103.352,1789798095.0995164,gps_back
117.96799999999348,110.40599999998813,103.35300000000001,1789798095.1995163,gps_back
117.9484999999986,110.51449999999022,103.35600000000001,1789798095.2995162,gps_back
117.92949999999837,110.61149999999907,103.357,1789798095.399516,gps_back
117.91000000000349,110.70900000000256,103.35600000000001,1789798095.4995162,gps_back
117.89100000000326,110.81750000000466,103.358,1789798095.5995162,gps_back
117.87149999999383,110.91500000000815,103.36,1789798095.699516,gps_back
117.8524999999936,111.01250000001164,103.36,1789798095.799516,gps_back
117.83349999999336,111.10999999998603,103.361,1789798095.899516,gps_back
117.81399999999849,111.21799999999348,103.36200000000001,1789798095.999516,gps_back
117.79499999999825,111.31549999999697,103.36200000000001,1789798096.099516,gps_back
117.79300000000512,111.41349999999511,103.364,1789798096.199516,gps_back
117.77400000000489,111.5109999999986,103.36200000000001,1789798096.299516,gps_back
117.74599999999919,111.60800000000745,103.363,1789798096.3995159,gps_back
117.73549999999523,111.71650000000955,103.366,1789798096.4995158,gps_back
117.71600000000035,111.81400000001304,103.363,1789798096.599516,gps_back
117.69700000000012,111.91149999998743,103.36200000000001,1789798096.6995158,gps_back
117.67750000000524,112.01949999999488,103.364,1789798096.7995157,gps_back
117.67600000000675,112.11749999999302,103.363,1789798096.8995156,gps_back
117.6655000000028,112.21499999999651,103.361,1789798096.9995158,gps_back
117.66349999999511,112.3234999999986,103.357,1789798097.0995157,gps_back
117.64400000000023,112.4210000000021,103.357,1789798097.1995156,gps_back
117.63349999999627,112.52950000000419,103.35300000000001,1789798097.2995157,gps_back
117.61449999999604,112.62700000000768,103.355,1789798097.3995156,gps_back
117.60400000000664,112.72450000001118,103.36,1789798097.4995155,gps_back
117.5844999999972,112.83300000001327,103.36200000000001,1789798097.5995154,gps_back
117.56549999999697,112.93049999998766,103.367,1789798097.6995156,gps_back
117.55449999999837,113.03899999998976,103.36800000000001,1789798097.7995155,gps_back
117.53549999999814,113.13649999999325,103.372,1789798097.8995154,gps_back
117.52499999999418,113.24499999999534,103.375,1789798097.9995153,gps_back
117.5054999999993,113.34200000000419,103.378,1789798098.0995154,gps_back
117.49550000000454,113.44000000000233,103.381,1789798098.1995153,gps_back
117.48500000000058,113.53750000000582,103.382,1789798098.2995152,gps_back
117.4655000000057,113.64550000001327,103.384,1789798098.3995152,gps_back
117.45500000000175,113.74350000001141,103.385,1789798098.4995153,gps_back
117.44449999999779,113.8409999999858,103.384,1789798098.5995152,gps_back
117.42549999999756,113.93849999998929,103.387,1789798098.699515,gps_back
117.4149999999936,114.03599999999278,103.386,1789798098.7995152,gps_back
117.39549999999872,114.13349999999627,103.387,1789798098.8995152,gps_back
117.38499999999476,114.23099999999977,103.387,1789798098.999515,gps_back
117.36599999999453,114.32850000000326,103.389,1789798099.099515,gps_back
117.3469999999943,114.42600000000675,103.39,1789798099.199515,gps_back
117.32749999999942,114.52350000001024,103.389,1789798099.299515,gps_back
117.30849999999919,114.62100000001374,103.393,1789798099.399515,gps_back
117.28949999999895,114.71849999998813,103.395,1789798099.4995148,gps_back
117.27049999999872,114.80499999999302,103.398,1789798099.599515,gps_back
117.25100000000384,114.91300000000047,103.399,1789798099.6995149,gps_back
117.23200000000361,114.99950000000536,103.402,1789798099.7995148,gps_back
117.22999999999593,115.1085000000021,103.406,1789798099.899515,gps_back
117.21099999999569,115.20600000000559,103.41,1789798099.9995148,gps_back
117.19199999999546,115.30300000001444,103.409,1789798100.0995147,gps_back
117.18150000000605,115.40100000001257,103.41,1789798100.1995146,gps_back
117.16199999999662,115.50899999999092,103.409,1789798100.2995148,gps_back
117.16000000000349,115.60699999998906,103.413,1789798100.3995147,gps_back
117.158500000005,115.70449999999255,103.418,1789798100.4995146,gps_back
117.13950000000477,115.80199999999604,103.423,1789798100.5995145,gps_back
117.12850000000617,115.91049999999814,103.425,1789798100.6995146,gps_back
117.11800000000221,116.00800000000163,103.426,1789798100.7995145,gps_back
117.09900000000198,116.10550000000512,103.423,1789798100.8995144,gps_back
117.0795000000071,116.21400000000722,103.423,1789798100.9995146,gps_back
117.0515000000014,116.31099999998696,103.421,1789798101.0995145,gps_back
117.03250000000116,116.40849999999045,103.426,1789798101.1995144,gps_back
117.01350000000093,116.50599999999395,103.43,1789798101.2995143,gps_back
116.99400000000605,116.60349999999744,103.432,1789798101.3995144,gps_back
116.97500000000582,116.70100000000093,103.435,1789798101.4995143,gps_back
116.95600000000559,116.79850000000442,103.434,1789798101.5995142,gps_back
116.93649999999616,116.89600000000792,103.435,1789798101.6995142,gps_back
116.91749999999593,116.99350000001141,103.437,1789798101.7995143,gps_back
116.9155000000028,117.1020000000135,103.435,1789798101.8995142,gps_back
116.89650000000256,117.19949999998789,103.437,1789798101.999514,gps_back
116.86849999999686,117.29649999999674,103.438,1789798102.099514,gps_back
116.8579999999929,117.39449999999488,103.437,1789798102.1995142,gps_back
116.83849999999802,117.50250000000233,103.438,1789798102.299514,gps_back
116.81949999999779,117.60000000000582,103.44200000000001,1789798102.399514,gps_back
116.80049999999756,117.69750000000931,103.44500000000001,1789798102.499514,gps_back
116.78949999999895,117.80600000001141,103.446,1789798102.599514,gps_back
116.78800000000047,117.9034999999858,103.447,1789798102.699514,gps_back
116.75999999999476,118.00099999998929,103.452,1789798102.7995138,gps_back
116.74950000000536,118.09849999999278,103.456,1789798102.899514,gps_back
116.7390000000014,118.20699999999488,103.458,1789798102.9995139,gps_back
116.72000000000116,118.30449999999837,103.462,1789798103.0995138,gps_back
116.70900000000256,118.41300000000047,103.467,1789798103.1995137,gps_back
116.6984999999986,118.51050000000396,103.465,1789798103.2995138,gps_back
116.6710000000021,118.60800000000745,103.46900000000001,1789798103.3995137,gps_back
116.66049999999814,118.70550000001094,103.47200000000001,1789798103.4995136,gps_back
116.64999999999418,118.80300000001444,103.471,1789798103.5995138,gps_back
116.6304999999993,118.91149999998743,103.468,1789798103.6995137,gps_back
116.61149999999907,119.00899999999092,103.471,1789798103.7995136,gps_back
116.60099999999511,119.10649999999441,103.473,1789798103.8995135,gps_back
116.58150000000023,119.2039999999979,103.474,1789798103.9995136,gps_back
116.5625,119.31200000000536,103.473,1789798104.0995135,gps_back
116.54300000000512,119.40950000000885,103.474,1789798104.1995134,gps_back
116.52400000000489,119.50700000001234,103.473,1789798104.2995133,gps_back
116.51350000000093,119.61550000001444,103.47200000000001,1789798104.3995135,gps_back
116.49400000000605,119.71299999998882,103.471,1789798104.4995134,gps_back
116.47500000000582,119.81049999999232,103.47500000000001,1789798104.5995133,gps_back
116.46450000000186,119.90799999999581,103.476,1789798104.6995134,gps_back
116.44550000000163,120.0054999999993,103.479,1789798104.7995133,gps_back
116.37699999999313,120.40599999998813,103.48700000000001,1789798105.1995132,gps_back
116.3579999999929,120.50349999999162,103.48700000000001,1789798105.299513,gps_back
116.35599999999977,120.61249999998836,103.489,1789798105.399513,gps_back
116.33699999999953,120.7094999999972,103.48700000000001,1789798105.4995131,gps_back
116.31750000000466,120.8070000000007,103.488,1789798105.599513,gps_back
116.29850000000442,120.9155000000028,103.492,1789798105.699513,gps_back
116.278999999995,121.01300000000629,103.491,1789798105.7995129,gps_back
116.25999999999476,121.11050000000978,103.495,1789798105.899513,gps_back
116.24950000000536,121.20800000001327,103.494,1789798105.999513,gps_back
116.18150000000605,121.60899999999674,103.501,1789798106.3995128,gps_back
116.1710000000021,121.70650000000023,103.499,1789798106.4995127,gps_back
116.15150000000722,121.80400000000373,103.5,1789798106.5995128,gps_back
116.13250000000698,121.90150000000722,103.502,1789798106.6995127,gps_back
116.11350000000675,121.99849999998696,103.503,1789798106.7995126,gps_back
116.09399999999732,122.09599999999045,103.503,1789798106.8995125,gps_back
116.07499999999709,122.20449999999255,103.502,1789798106.9995127,gps_back
116.05599999999686,122.29099999999744,103.503,1789798107.0995126,gps_back
116.05400000000373,122.38899999999558,103.503,1789798107.1995125,gps_back
116.03500000000349,122.48600000000442,103.503,1789798107.2995126,gps_back
116.01549999999406,122.59450000000652,103.501,1789798107.3995125,gps_back
116.00500000000466,122.69200000001001,103.505,1789798107.4995124,gps_back
115.98600000000442,122.7895000000135,103.504,1789798107.5995123,gps_back
115.98399999999674,122.88750000001164,103.506,1789798107.6995125,gps_back
115.96499999999651,122.98499999998603,103.511,1789798107.7995124,gps_back
115.94550000000163,123.09299999999348,103.511,1789798107.8995123,gps_back
115.93499999999767,123.19049999999697,103.514,1789798107.9995122,gps_back
115.91599999999744,123.28800000000047,103.517,1789798108.0995123,gps_back
115.8969999999972,123.38550000000396,103.521,1789798108.1995122,gps_back
115.8859999999986,123.49400000000605,103.523,1789798108.2995121,gps_back
115.86699999999837,123.59150000000955,103.524,1789798108.3995123,gps_back
115.84799999999814,123.68900000001304,103.522,1789798108.4995122,gps_back
115.82850000000326,123.78649999998743,103.522,1789798108.599512,gps_back
115.80950000000303,123.89449999999488,103.524,1789798108.699512,gps_back
115.7899999999936,123.99199999999837,103.525,1789798108.7995121,gps_back
115.77099999999336,124.08950000000186,103.53,1789798108.899512,gps_back
115.76900000000023,124.19800000000396,103.534,1789798108.999512,gps_back
115.76750000000175,124.2960000000021,103.535,1789798109.0995119,gps_back
115.75650000000314,124.40450000000419,103.535,1789798109.199512,gps_back
115.73750000000291,124.50200000000768,103.539,1789798109.299512,gps_back
115.72699999999895,124.59950000001118,103.543,1789798109.3995118,gps_back
115.716499999995,124.69699999998556,103.545,1789798109.4995117,gps_back
115.69749999999476,124.79449999998906,103.549,1789798109.5995119,gps_back
115.68700000000536,124.89199999999255,103.548,1789798109.6995118,gps_back
115.66749999999593,124.98949999999604,103.551,1789798109.7995117,gps_back
115.65700000000652,125.08699999999953,103.554,1789798109.8995118,gps_back
115.63800000000629,125.18450000000303,103.555,1789798109.9995117,gps_back
115.62750000000233,125.28200000000652,103.554,1789798110.0995116,gps_back
115.61699999999837,125.38000000000466,103.555,1789798110.1995115,gps_back
115.59799999999814,125.47750000000815,103.554,1789798110.2995117,gps_back
115.58749999999418,125.57500000001164,103.552,1789798110.3995116,gps_back
115.57700000000477,125.67249999998603,103.554,1789798110.4995115,gps_back
115.55800000000454,125.76999999998952,103.557,1789798110.5995114,gps_back
115.54750000000058,125.86749999999302,103.562,1789798110.6995115,gps_back
115.5280000000057,125.96499999999651,103.566,1789798110.7995114,gps_back
115.51799999999639,126.0625,103.56700000000001,1789798110.8995113,gps_back
115.50750000000698,126.16000000000349,103.566,1789798110.9995115,gps_back
115.48799999999756,126.25750000000698,103.565,1789798111.0995114,gps_back
115.4774999999936,126.35500000001048,103.56700000000001,1789798111.1995113,gps_back
115.45849999999336,126.45250000001397,103.56400000000001,1789798111.2995112,gps_back
115.44800000000396,126.54999999998836,103.566,1789798111.3995113,gps_back
115.4375,126.6479999999865,103.568,1789798111.4995112,gps_back
115.41849999999977,126.74549999998999,103.571,1789798111.5995111,gps_back
115.40799999999581,126.84299999999348,103.57300000000001,1789798111.699511,gps_back
115.38899999999558,126.94049999999697,103.57300000000001,1789798111.7995112,gps_back
115.37850000000617,127.03800000000047,103.57600000000001,1789798111.899511,gps_back
115.35899999999674,127.13550000000396,103.578,1789798111.999511,gps_back
115.34849999999278,127.23300000000745,103.575,1789798112.099511,gps_back
115.33800000000338,127.33050000001094,103.57900000000001,1789798112.199511,gps_back
115.31900000000314,127.42800000001444,103.581,1789798112.299511,gps_back
115.30849999999919,127.52549999998882,103.58200000000001,1789798112.3995109,gps_back
115.28949999999895,127.62299999999232,103.586,1789798112.499511,gps_back
115.278999999995,127.72049999999581,103.584,1789798112.599511,gps_back
115.26850000000559,127.81849999999395,103.586,1789798112.6995108,gps_back
115.24950000000536,127.9155000000028,103.58800000000001,1789798112.7995107,gps_back
115.2390000000014,128.01350000000093,103.59,1789798112.8995109,gps_back
115.21950000000652,128.11100000000442,103.59400000000001,1789798112.9995108,gps_back
115.20900000000256,128.20850000000792,103.593,1789798113.0995107,gps_back
115.19000000000233,128.3060000000114,103.596,1789798113.1995106,gps_back
115.17949999999837,128.4034999999858,103.59700000000001,1789798113.2995107,gps_back
115.16899999999441,128.5009999999893,103.59700000000001,1789798113.3995106,gps_back
115.14999999999418,128.59849999999278,103.598,1789798113.4995105,gps_back
115.1304999999993,128.69599999999627,103.59700000000001,1789798113.5995107,gps_back
115.11149999999907,128.79349999999977,103.596,1789798113.6995106,gps_back
115.09249999999884,128.89100000000326,103.60000000000001,1789798113.7995105,gps_back
115.07300000000396,128.9880000000121,103.599,1789798113.8995104,gps_back
115.05400000000373,129.0854999999865,103.60000000000001,1789798113.9995105,gps_back
115.03500000000349,129.18299999999,103.60300000000001,1789798114.0995104,gps_back
115.01549999999406,129.28049999999348,103.607,1789798114.1995103,gps_back
115.0054999999993,129.37799999999697,103.61,1789798114.2995102,gps_back
114.98600000000442,129.47550000000047,103.611,1789798114.3995104,gps_back
114.95799999999872,129.57300000000396,103.61200000000001,1789798114.4995103,gps_back
114.93899999999849,129.67050000000745,103.614,1789798114.5995102,gps_back
114.92849999999453,129.76800000001094,103.61500000000001,1789798114.69951,gps_back
114.91800000000512,129.87650000001304,103.613,1789798114.7995102,gps_back
114.90750000000116,129.97399999998743,103.614,1789798114.8995101,gps_back
114.88850000000093,130.07149999999092,103.61500000000001,1789798114.99951,gps_back
114.86900000000605,130.1689999999944,103.614,1789798115.0995102,gps_back
114.83100000000559,130.3640000000014,103.622,1789798115.29951,gps_back
114.82050000000163,130.4615000000049,103.621,1789798115.39951,gps_back
114.7905000000028,130.65650000001187,103.626,1789798115.59951,gps_back
114.77150000000256,130.75399999998626,103.626,1789798115.6995099,gps_back
114.74199999999837,130.94899999999325,103.629,1789798115.89951,gps_back
114.70350000000326,131.14400000000023,103.632,1789798116.0995097,gps_back
114.68249999999534,131.35000000000582,103.63,1789798116.2995098,gps_back
114.63499999999476,131.55549999998766,103.63,1789798116.4995096,gps_back
114.62450000000536,131.65299999999115,103.634,1789798116.5995097,gps_back
114.60550000000512,131.75049999999464,103.637,1789798116.6995096,gps_back
114.58599999999569,131.85899999999674,103.638,1789798116.7995095,gps_back
114.56699999999546,131.95650000000023,103.638,1789798116.8995094,gps_back
114.54799999999523,132.05350000000908,103.638,1789798116.9995096,gps_back
114.53699999999662,132.16200000001118,103.64,1789798117.0995095,gps_back
114.53500000000349,132.27100000000792,103.64,1789798117.1995094,gps_back
114.533500000005,132.3685000000114,103.641,1789798117.2995093,gps_back
114.5054999999993,132.4659999999858,103.643,1789798117.3995094,gps_back
114.49499999999534,132.5744999999879,103.642,1789798117.4995093,gps_back
114.47550000000047,132.67199999999139,103.641,1789798117.5995092,gps_back
114.45650000000023,132.76900000000023,103.641,1789798117.6995094,gps_back
114.44599999999627,132.86699999999837,103.643,1789798117.7995093,gps_back
114.42699999999604,132.96450000000186,103.643,1789798117.8995092,gps_back
114.40799999999581,133.05100000000675,103.644,1789798117.999509,gps_back
114.38899999999558,133.14850000001024,103.644,1789798118.0995092,gps_back
114.37850000000617,133.24600000001374,103.646,1789798118.1995091,gps_back
114.35899999999674,133.34349999998813,103.647,1789798118.299509,gps_back
114.33999999999651,133.44099999999162,103.651,1789798118.399509,gps_back
114.32099999999627,133.53800000000047,103.649,1789798118.499509,gps_back
114.31900000000314,133.6359999999986,103.649,1789798118.599509,gps_back
114.30849999999919,133.7335000000021,103.654,1789798118.699509,gps_back
114.28949999999895,133.8310000000056,103.656,1789798118.799509,gps_back
114.278999999995,133.93950000000768,103.656,1789798118.899509,gps_back
114.25950000000012,134.03700000001118,103.657,1789798118.9995089,gps_back
114.24899999999616,134.13449999998556,103.659,1789798119.0995088,gps_back
114.2390000000014,134.2215000000142,103.661,1789798119.199509,gps_back
114.21950000000652,134.31849999999395,103.661,1789798119.2995088,gps_back
114.20050000000629,134.41599999999744,103.663,1789798119.3995087,gps_back
114.19000000000233,134.51399999999558,103.667,1789798119.4995086,gps_back
114.17949999999837,134.61149999999907,103.668,1789798119.5995088,gps_back
114.16899999999441,134.70900000000256,103.67,1789798119.6995087,gps_back
114.14999999999418,134.81750000000466,103.673,1789798119.7995086,gps_back
114.1304999999993,134.9145000000135,103.677,1789798119.8995085,gps_back
114.11100000000442,135.0229999999865,103.681,1789798119.9995086,gps_back
114.10099999999511,135.12049999999,103.682,1789798120.0995085,gps_back
114.08999999999651,135.22899999999208,103.682,1789798120.1995084,gps_back
114.07099999999627,135.32649999999558,103.683,1789798120.2995086,gps_back
114.05199999999604,135.41300000000047,103.685,1789798120.3995085,gps_back
114.04150000000664,135.51050000000396,103.688,1789798120.4995084,gps_back
114.03100000000268,135.6085000000021,103.69200000000001,1789798120.5995083,gps_back
114.01200000000244,135.7060000000056,103.694,1789798120.6995084,gps_back
114.00149999999849,135.80350000000908,103.693,1789798120.7995083,gps_back
113.98200000000361,135.90100000001257,103.696,1789798120.8995082,gps_back
113.9719999999943,135.99849999998696,103.69200000000001,1789798120.9995081,gps_back
113.96150000000489,136.09599999999045,103.69,1789798121.0995083,gps_back
113.94199999999546,136.19349999999395,103.691,1789798121.1995082,gps_back
113.93150000000605,136.29099999999744,103.693,1789798121.299508,gps_back
113.90200000000186,136.49700000000303,103.69800000000001,1789798121.4995081,gps_back
113.88250000000698,136.59450000000652,103.69800000000001,1789798121.599508,gps_back
113.87200000000303,136.69200000001,103.70100000000001,1789798121.699508,gps_back
113.84450000000652,136.7784999999858,103.702,1789798121.799508,gps_back
113.81650000000081,136.87549999999464,103.702,1789798121.899508,gps_back
113.79799999999523,136.95149999999558,103.70100000000001,1789798121.999508,gps_back
113.77099999999336,137.0054999999993,103.69500000000001,1789798122.0995078,gps_back
113.7609999999986,137.07050000000163,103.697,1789798122.2995079,gps_back
113.74199999999837,137.14600000000792,103.697,1789798122.5995078,gps_back
113.73200000000361,137.22200000000885,103.69800000000001,1789798122.7995076,gps_back
113.7039999999979,137.3189999999886,103.697,1789798122.9995077,gps_back
113.69449999999779,137.37349999998696,103.696,1789798123.0995076,gps_back
113.68450000000303,137.4384999999893,103.69800000000001,1789798123.1995075,gps_back
113.66599999999744,137.51399999999558,103.705,1789798123.2995076,gps_back
113.6469999999972,137.5899999999965,103.712,1789798123.3995075,gps_back
113.6195000000007,137.6655000000028,103.72200000000001,1789798123.4995074,gps_back
113.60050000000047,137.75200000000768,103.726,1789798123.5995073,gps_back
113.57300000000396,137.82750000001397,103.729,1789798123.6995075,gps_back
113.5454999999929,137.90299999999115,103.733,1789798123.7995074,gps_back
113.51799999999639,137.97849999999744,103.735,1789798123.8995073,gps_back
113.49099999999453,138.03250000000116,103.72800000000001,1789798123.9995072,gps_back
113.46400000000722,138.0865000000049,103.74000000000001,1789798124.3995073,gps_back
113.43700000000536,138.14000000001397,103.748,1789798125.299507,gps_back
113.3920000000071,138.20449999999255,103.758,1789798125.5995069,gps_back
113.34750000000349,138.25800000000163,103.769,1789798125.7995067,gps_back
113.30250000000524,138.33350000000792,103.772,1789798125.9995067,gps_back
113.25800000000163,138.39749999999185,103.771,1789798126.1995065,gps_back
113.22250000000349,138.44049999999697,103.771,1789798126.2995067,gps_back
113.16899999999441,138.51550000000861,103.773,1789798126.4995065,gps_back
113.13300000000163,138.55850000001374,103.775,1789798126.5995064,gps_back
113.06200000000536,138.63300000000163,103.783,1789798126.7995064,gps_back
113.02650000000722,138.67600000000675,103.784,1789798126.8995063,gps_back
112.98249999999825,138.71849999998813,103.786,1789798126.9995065,gps_back
112.94650000000547,138.76149999999325,103.787,1789798127.0995064,gps_back
112.90249999999651,138.80400000000373,103.785,1789798127.1995063,gps_back
112.8579999999929,138.84700000000885,103.789,1789798127.2995062,gps_back
112.81399999999849,138.88949999999022,103.793,1789798127.3995063,gps_back
112.76949999999488,138.9320000000007,103.79,1789798127.4995062,gps_back
112.716499999995,138.97450000001118,103.792,1789798127.5995061,gps_back
112.67200000000594,139.0174999999872,103.796,1789798127.699506,gps_back
112.6195000000007,139.04899999999907,103.796,1789798127.7995062,gps_back
112.56650000000081,139.09150000000955,103.793,1789798127.899506,gps_back
112.51350000000093,139.13399999999092,103.793,1789798127.999506,gps_back
112.46899999999732,139.1765000000014,103.796,1789798128.099506,gps_back
112.41599999999744,139.21900000001187,103.794,1789798128.199506,gps_back
112.36299999999756,139.27249999999185,103.795,1789798128.299506,gps_back
112.31849999999395,139.32600000000093,103.794,1789798128.3995059,gps_back
112.27400000000489,139.3685000000114,103.794,1789798128.499506,gps_back
112.22049999999581,139.42199999999139,103.79,1789798128.599506,gps_back
112.16749999999593,139.47550000000047,103.788,1789798128.6995058,gps_back
112.12300000000687,139.52900000000955,103.788,1789798128.7995057,gps_back
112.07000000000698,139.57149999999092,103.788,1789798128.8995059,gps_back
112.0170000000071,139.625,103.789,1789798128.9995058,gps_back
111.95500000000175,139.66699999998673,103.794,1789798129.0995057,gps_back
111.90200000000186,139.7204999999958,103.796,1789798129.1995056,gps_back
111.83999999999651,139.7630000000063,103.799,1789798129.2995057,gps_back
111.77850000000035,139.80549999998766,103.804,1789798129.3995056,gps_back
111.716499999995,139.8475000000035,103.804,1789798129.4995055,gps_back
111.65499999999884,139.89000000001397,103.805,1789798129.5995057,gps_back
111.59350000000268,139.93249999999534,103.807,1789798129.6995056,gps_back
111.53149999999732,139.97450000001118,103.806,1789798129.7995055,gps_back
111.47849999999744,140.01699999999255,103.807,1789798129.8995054,gps_back
111.41700000000128,140.05950000000303,103.811,1789798129.9995055,gps_back
111.35550000000512,140.0909999999858,103.815,1789798130.0995054,gps_back
111.29349999999977,140.13349999999627,103.816,1789798130.1995053,gps_back
111.23200000000361,140.17600000000675,103.821,1789798130.2995052,gps_back
111.16150000000198,140.20699999999488,103.819,1789798130.3995054,gps_back
111.10000000000582,140.24950000000536,103.821,1789798130.4995053,gps_back
111.03849999999511,140.28099999998813,103.821,1789798130.5995052,gps_back
110.96799999999348,140.3125,103.82000000000001,1789798130.699505,gps_back
110.89800000000105,140.34349999998813,103.818,1789798130.7995052,gps_back
110.83650000000489,140.375,103.819,1789798130.8995051,gps_back
110.76600000000326,140.40650000001187,103.816,1789798130.999505,gps_back
110.69599999999627,140.43799999999464,103.819,1789798131.0995052,gps_back
110.63450000000012,140.46950000000652,103.818,1789798131.199505,gps_back
110.56449999999313,140.48949999999604,103.815,1789798131.299505,gps_back
110.50299999999697,140.52100000000792,103.81400000000001,1789798131.399505,gps_back
110.42399999999907,140.54149999999208,103.81700000000001,1789798131.499505,gps_back
110.35400000000664,140.57300000000396,103.82000000000001,1789798131.599505,gps_back
110.28399999999965,140.59349999998813,103.82000000000001,1789798131.6995049,gps_back
110.21349999999802,140.62450000000536,103.825,1789798131.7995048,gps_back
110.15249999999651,140.64550000001327,103.82300000000001,1789798131.899505,gps_back
110.0734999999986,140.6655000000028,103.824,1789798131.9995048,gps_back
110.00350000000617,140.68599999998696,103.822,1789798132.0995047,gps_back
109.92500000000291,140.70650000000023,103.83,1789798132.1995046,gps_back
109.85450000000128,140.7270000000135,103.84100000000001,1789798132.2995048,gps_back
109.78500000000349,140.73649999999907,103.84700000000001,1789798132.3995047,gps_back
109.70600000000559,140.75700000001234,103.848,1789798132.4995046,gps_back
109.6359999999986,140.7774999999965,103.852,1789798132.5995047,gps_back
109.55749999999534,140.78649999998743,103.85600000000001,1789798132.6995046,gps_back
109.47900000000664,140.8070000000007,103.85900000000001,1789798132.7995045,gps_back
109.40899999999965,140.81649999998626,103.86,1789798132.8995044,gps_back
109.25999999999476,140.8575000000128,103.863,1789798133.0995045,gps_back
109.11149999999907,140.8979999999865,103.858,1789798133.2995043,gps_back
108.96249999999418,140.93900000001304,103.86,1789798133.4995043,gps_back
108.81449999999313,140.94699999998556,103.869,1789798133.6995041,gps_back
108.73600000000442,140.95650000000023,103.87,1789798133.7995043,gps_back
108.65750000000116,140.9659999999858,103.874,1789798133.8995042,gps_back
108.5789999999979,140.97550000000047,103.876,1789798133.999504,gps_back
108.50049999999464,140.98499999998603,103.874,1789798134.0995042,gps_back
108.43050000000221,140.9945000000007,103.878,1789798134.1995041,gps_back
108.35150000000431,141.01500000001397,103.877,1789798134.299504,gps_back
108.28200000000652,141.02449999999953,103.874,1789798134.399504,gps_back
108.20299999999406,141.0450000000128,103.873,1789798134.499504,gps_back
108.12450000000536,141.05449999999837,103.874,1789798134.599504,gps_back
108.05499999999302,141.05300000001444,103.875,1789798134.699504,gps_back
107.97650000000431,141.0515000000014,103.876,1789798134.7995038,gps_back
107.89849999999569,141.04999999998836,103.882,1789798134.899504,gps_back
107.8289999999979,141.03800000000047,103.885,1789798134.9995039,gps_back
107.75049999999464,141.03649999998743,103.887,1789798135.0995038,gps_back
107.67250000000058,141.02449999999953,103.883,1789798135.1995037,gps_back
107.59399999999732,141.0119999999879,103.883,1789798135.2995038,gps_back
107.52449999999953,141.0,103.886,1789798135.3995037,gps_back
107.44650000000547,140.99849999998696,103.888,1789798135.4995036,gps_back
107.36800000000221,140.99700000000303,103.887,1789798135.5995038,gps_back
107.2899999999936,140.98499999998603,103.89,1789798135.6995037,gps_back
107.21150000000489,140.9725000000035,103.89,1789798135.7995036,gps_back
107.1420000000071,140.9715000000142,103.891,1789798135.8995035,gps_back
107.06350000000384,140.97000000000116,103.893,1789798135.9995036,gps_back
106.97650000000431,140.96849999998813,103.89,1789798136.0995035,gps_back
106.89849999999569,140.9670000000042,103.89,1789798136.1995034,gps_back
106.82000000000698,140.96549999999115,103.889,1789798136.2995033,gps_back
106.74199999999837,140.95350000000326,103.887,1789798136.3995035,gps_back
106.66349999999511,140.94099999999162,103.881,1789798136.4995034,gps_back
106.58550000000105,140.92900000000373,103.884,1789798136.5995033,gps_back
106.50750000000698,140.91649999999208,103.885,1789798136.6995034,gps_back
106.42900000000373,140.91500000000815,103.888,1789798136.7995033,gps_back
106.35950000000594,140.91399999998976,103.889,1789798136.8995032,gps_back
106.28100000000268,140.90150000000722,103.888,1789798136.9995031,gps_back
106.20299999999406,140.88949999999022,103.89,1789798137.0995033,gps_back
106.13400000000547,140.86650000000373,103.893,1789798137.1995032,gps_back
106.05550000000221,140.85399999999208,103.893,1789798137.299503,gps_back
105.9774999999936,140.8420000000042,103.896,1789798137.399503,gps_back
105.89900000000489,140.84049999999115,103.894,1789798137.4995031,gps_back
105.8295000000071,140.82850000000326,103.897,1789798137.599503,gps_back
105.75149999999849,140.82699999999022,103.898,1789798137.699503,gps_back
105.67299999999523,140.81450000000768,103.9,1789798137.7995028,gps_back
105.59500000000116,140.8024999999907,103.899,1789798137.899503,gps_back
105.52599999999802,140.7795000000042,103.901,1789798137.999503,gps_back
105.44800000000396,140.75599999999395,103.902,1789798138.0995028,gps_back
105.3695000000007,140.74400000000605,103.901,1789798138.199503,gps_back
105.29150000000664,140.7314999999944,103.901,1789798138.2995028,gps_back
105.21349999999802,140.71950000000652,103.903,1789798138.3995028,gps_back
105.13499999999476,140.71799999999348,103.904,1789798138.4995027,gps_back
105.0570000000007,140.69500000000698,103.903,1789798138.5995028,gps_back
104.98799999999756,140.67199999999139,103.905,1789798138.6995027,gps_back
104.91000000000349,140.6490000000049,103.905,1789798138.7995026,gps_back
104.8405000000057,140.63649999999325,103.903,1789798138.8995025,gps_back
104.75350000000617,140.6240000000107,103.9,1789798138.9995027,gps_back
104.67549999999756,140.6119999999937,103.9,1789798139.0995026,gps_back
104.5969999999943,140.59950000001118,103.897,1789798139.1995025,gps_back
104.5280000000057,140.58749999999418,103.894,1789798139.2995024,gps_back
104.44999999999709,140.56450000000768,103.892,1789798139.3995025,gps_back
104.37200000000303,140.54149999999208,103.893,1789798139.4995024,gps_back
104.29349999999977,140.52900000000955,103.897,1789798139.5995023,gps_back
104.22449999999662,140.50599999999395,103.897,1789798139.6995025,gps_back
104.14650000000256,140.49400000000605,103.901,1789798139.7995024,gps_back
104.0679999999993,140.4814999999944,103.899,1789798139.8995023,gps_back
103.99000000000524,140.45850000000792,103.899,1789798139.9995022,gps_back
103.91199999999662,140.44599999999627,103.9,1789798140.0995023,gps_back
103.84249999999884,140.43400000000838,103.902,1789798140.1995022,gps_back
103.76450000000477,140.41099999999278,103.907,1789798140.2995021,gps_back
103.69500000000698,140.39850000001024,103.913,1789798140.399502,gps_back
103.62600000000384,140.37549999999464,103.915,1789798140.4995022,gps_back
103.54799999999523,140.36350000000675,103.917,1789798140.599502,gps_back
103.47849999999744,140.35149999998976,103.917,1789798140.699502,gps_back
103.39999999999418,140.33900000000722,103.917,1789798140.799502,gps_back
103.33100000000559,140.31599999999162,103.916,1789798140.899502,gps_back
103.26149999999325,140.30400000000373,103.915,1789798140.999502,gps_back
103.18349999999919,140.28099999998813,103.913,1789798141.0995018,gps_back
103.1140000000014,140.2685000000056,103.914,1789798141.1995018,gps_back
102.966499999995,140.2335000000021,103.917,1789798141.3995018,gps_back
102.88850000000093,140.2104999999865,103.917,1789798141.4995017,gps_back
102.81949999999779,140.19800000000396,103.917,1789798141.5995018,gps_back
102.75,140.18599999998696,103.916,1789798141.6995018,gps_back
102.67200000000594,140.16300000000047,103.918,1789798141.7995017,gps_back
102.6024999999936,140.15100000001257,103.918,1789798141.8995016,gps_back
102.53299999999581,140.12799999999697,103.918,1789798141.9995017,gps_back
102.45500000000175,140.10500000001048,103.92,1789798142.0995016,gps_back
102.3859999999986,140.09249999999884,103.924,1789798142.1995015,gps_back
102.30800000000454,140.06950000001234,103.925,1789798142.2995014,gps_back
102.22950000000128,140.05749999999534,103.924,1789798142.3995016,gps_back
102.16049999999814,140.03450000000885,103.926,1789798142.4995015,gps_back
102.08250000000407,140.0109999999986,103.928,1789798142.5995014,gps_back
102.01300000000629,139.9990000000107,103.927,1789798142.6995013,gps_back
101.93499999999767,139.9869999999937,103.93,1789798142.7995014,gps_back
101.86549999999988,139.97450000001118,103.93,1789798142.8995013,gps_back
101.78750000000582,139.95149999999558,103.928,1789798142.9995012,gps_back
101.71799999999348,139.93950000000768,103.929,1789798143.0995014,gps_back
101.63999999999942,139.92699999999604,103.932,1789798143.1995013,gps_back
101.56149999999616,139.9255000000121,103.929,1789798143.2995012,gps_back
101.4829999999929,139.9244999999937,103.932,1789798143.399501,gps_back
101.41349999999511,139.91200000001118,103.932,1789798143.4995012,gps_back
101.33550000000105,139.89999999999418,103.932,1789798143.5995011,gps_back
101.25699999999779,139.89850000001024,103.931,1789798143.699501,gps_back
101.17900000000373,139.8859999999986,103.93,1789798143.799501,gps_back
101.10950000000594,139.8740000000107,103.931,1789798143.899501,gps_back
101.03149999999732,139.8619999999937,103.933,1789798143.999501,gps_back
100.95350000000326,139.84950000001118,103.936,1789798144.099501,gps_back
100.88400000000547,139.83749999999418,103.938,1789798144.1995008,gps_back
100.80550000000221,139.82500000001164,103.93900000000001,1789798144.299501,gps_back
100.73600000000442,139.81299999999464,103.937,1789798144.3995008,gps_back
100.65799999999581,139.80100000000675,103.935,1789798144.4995008,gps_back
100.5795000000071,139.7994999999937,103.935,1789798144.599501,gps_back
100.50100000000384,139.80900000000838,103.933,1789798144.6995008,gps_back
100.42299999999523,139.79649999999674,103.935,1789798144.7995007,gps_back
100.34500000000116,139.78450000000885,103.936,1789798144.8995006,gps_back
100.2664999999979,139.7719999999972,103.934,1789798144.9995008,gps_back
100.19749999999476,139.7600000000093,103.937,1789798145.0995007,gps_back
100.11849999999686,139.76949999999488,103.938,1789798145.1995006,gps_back
100.0405000000028,139.76800000001094,103.934,1789798145.2995005,gps_back
99.96199999999953,139.7664999999979,103.931,1789798145.3995006,gps_back
99.88349999999627,139.76500000001397,103.933,1789798145.4995005,gps_back
99.80550000000221,139.76350000000093,103.931,1789798145.5995004,gps_back
99.72699999999895,139.75150000001304,103.931,1789798145.6995003,gps_back
99.65750000000116,139.75,103.93,1789798145.7995005,gps_back
99.5795000000071,139.7380000000121,103.933,1789798145.8995004,gps_back
99.50100000000384,139.72550000000047,103.934,1789798145.9995003,gps_back
99.42299999999523,139.72399999998743,103.936,1789798146.0995002,gps_back
99.35349999999744,139.71199999999953,103.94,1789798146.1995003,gps_back
99.27550000000338,139.70000000001164,103.94,1789798146.2995002,gps_back
99.19700000000012,139.6875,103.943,1789798146.3995001,gps_back
99.11900000000605,139.6755000000121,103.941,1789798146.4995003,gps_back
99.04099999999744,139.66300000000047,103.944,1789798146.5995002,gps_back
98.96249999999418,139.65100000001257,103.94200000000001,1789798146.6995,gps_back
98.89299999999639,139.64949999999953,103.944,1789798146.7995,gps_back
98.81500000000233,139.6369999999879,103.944,1789798146.8995001,gps_back
98.73649999999907,139.625,103.944,1789798146.9995,gps_back
98.658500000005,139.61249999998836,103.94200000000001,1789798147.0995,gps_back
98.58049999999639,139.60050000000047,103.943,1789798147.1994998,gps_back
98.50199999999313,139.59899999998743,103.944,1789798147.2995,gps_back
98.42399999999907,139.58699999999953,103.94200000000001,1789798147.4004998,gps_back
98.34549999999581,139.5744999999879,103.943,1789798147.5004997,gps_back
98.27650000000722,139.5625,103.943,1789798147.6004999,gps_back
98.19800000000396,139.54999999998836,103.944,1789798147.7004998,gps_back
98.12850000000617,139.53800000000047,103.947,1789798147.8004997,gps_back
98.05049999999756,139.52549999998882,103.95,1789798147.9004998,gps_back
97.97250000000349,139.51350000000093,103.955,1789798148.0004997,gps_back
97.89400000000023,139.5009999999893,103.953,1789798148.1004996,gps_back
97.82450000000244,139.5,103.95400000000001,1789798148.2004995,gps_back
97.74649999999383,139.48749999998836,103.95100000000001,1789798148.3004997,gps_back
97.66849999999977,139.47550000000047,103.946,1789798148.4004996,gps_back
97.58999999999651,139.46299999998882,103.944,1789798148.5004995,gps_back
97.51200000000244,139.45100000000093,103.944,1789798148.6004994,gps_back
97.44250000000466,139.4494999999879,103.943,1789798148.7004995,gps_back
97.3640000000014,139.4375,103.94200000000001,1789798148.8004994,gps_back
97.29450000000361,139.42499999998836,103.94500000000001,1789798148.9004993,gps_back
97.216499999995,139.41300000000047,103.944,1789798149.0004992,gps_back
97.13850000000093,139.40049999998882,103.946,1789798149.1004994,gps_back
97.06900000000314,139.38850000000093,103.95,1789798149.2004993,gps_back
96.99099999999453,139.37650000001304,103.952,1789798149.3004992,gps_back
96.91250000000582,139.375,103.95100000000001,1789798149.400499,gps_back
96.84299999999348,139.36249999998836,103.95100000000001,1789798149.5004992,gps_back
96.76499999999942,139.33950000000186,103.95400000000001,1789798149.6004992,gps_back
96.68700000000536,139.32750000001397,103.955,1789798149.700499,gps_back
96.61749999999302,139.31500000000233,103.958,1789798149.8004992,gps_back
96.53949999999895,139.30300000001444,103.959,1789798149.900499,gps_back
96.46099999999569,139.2905000000028,103.962,1789798150.000499,gps_back
96.3914999999979,139.2784999999858,103.961,1789798150.100499,gps_back
96.31350000000384,139.2664999999979,103.962,1789798150.200499,gps_back
96.23549999999523,139.24299999998766,103.96000000000001,1789798150.300499,gps_back
96.16599999999744,139.23099999999977,103.95700000000001,1789798150.4004989,gps_back
96.08800000000338,139.21900000001187,103.959,1789798150.5004988,gps_back
96.00999999999476,139.20650000000023,103.96000000000001,1789798150.600499,gps_back
95.94049999999697,139.19450000001234,103.962,1789798150.7004988,gps_back
95.86250000000291,139.1710000000021,103.96300000000001,1789798150.8004987,gps_back
95.79300000000512,139.1590000000142,103.964,1789798150.9004986,gps_back
95.71499999999651,139.1469999999972,103.96600000000001,1789798151.0004988,gps_back
95.64549999999872,139.13449999998556,103.968,1789798151.1004987,gps_back
95.56750000000466,139.11149999999907,103.96900000000001,1789798151.2004986,gps_back
95.49800000000687,139.09950000001118,103.967,1789798151.3004985,gps_back
95.41950000000361,139.09799999999814,103.965,1789798151.4004986,gps_back
95.35050000000047,139.07500000001164,103.965,1789798151.5004985,gps_back
95.2719999999972,139.06299999999464,103.96600000000001,1789798151.6004984,gps_back
95.19400000000314,139.0505000000121,103.965,1789798151.7004983,gps_back
95.12450000000536,139.0384999999951,103.967,1789798151.8004985,gps_back
95.04649999999674,139.02600000001257,103.967,1789798151.9004984,gps_back
94.96850000000268,139.01399999999558,103.967,1789798152.0004983,gps_back
94.89849999999569,139.01250000001164,103.968,1789798152.1004984,gps_back
94.82050000000163,139.00049999999464,103.97,1789798152.2004983,gps_back
94.67299999999523,138.9759999999951,103.965,1789798152.4004982,gps_back
94.59500000000116,138.96350000001257,103.96000000000001,1789798152.5004983,gps_back
94.52550000000338,138.95149999999558,103.96000000000001,1789798152.6004982,gps_back
94.44700000000012,138.95000000001164,103.95700000000001,1789798152.700498,gps_back
94.37750000000233,138.92699999999604,103.958,1789798152.800498,gps_back
94.29949999999371,138.92600000000675,103.95700000000001,1789798152.9004982,gps_back
94.22999999999593,138.9134999999951,103.958,1789798153.000498,gps_back
94.14299999999639,138.90150000000722,103.959,1789798153.100498,gps_back
94.0734999999986,138.88899999999558,103.959,1789798153.2004979,gps_back
93.99550000000454,138.87700000000768,103.95700000000001,1789798153.300498,gps_back
93.91749999999593,138.86449999999604,103.95400000000001,1789798153.400498,gps_back
93.83900000000722,138.85250000000815,103.95100000000001,1789798153.5004978,gps_back
93.7609999999986,138.8399999999965,103.952,1789798153.6004977,gps_back
93.68300000000454,138.82800000000861,103.952,1789798153.7004979,gps_back
93.61350000000675,138.81549999999697,103.95400000000001,1789798153.8004978,gps_back
93.53500000000349,138.80350000000908,103.956,1789798153.9004977,gps_back
93.46600000000035,138.79149999999208,103.955,1789798154.0004978,gps_back
93.38749999999709,138.77900000000955,103.958,1789798154.1004977,gps_back
93.3179999999993,138.76699999999255,103.958,1789798154.2004976,gps_back
93.24000000000524,138.75450000001,103.96000000000001,1789798154.3004975,gps_back
93.1704999999929,138.75349999999162,103.962,1789798154.4004977,gps_back
93.09200000000419,138.74100000000908,103.96300000000001,1789798154.5004976,gps_back
93.01450000000477,138.71799999999348,103.962,1789798154.6004975,gps_back
92.93600000000151,138.71650000000955,103.962,1789798154.7004974,gps_back
92.8579999999929,138.69349999999395,103.965,1789798154.8004975,gps_back
92.70149999999558,138.67949999999837,103.96300000000001,1789798155.0004973,gps_back
92.63199999999779,138.66750000001048,103.96300000000001,1789798155.1004972,gps_back
92.55400000000373,138.64449999999488,103.96600000000001,1789798155.2004974,gps_back
92.47599999999511,138.63200000001234,103.968,1789798155.3004973,gps_back
92.3975000000064,138.63099999999395,103.96600000000001,1789798155.4004972,gps_back
92.31949999999779,138.6185000000114,103.96600000000001,1789798155.500497,gps_back
92.24099999999453,138.61699999999837,103.96600000000001,1789798155.6004972,gps_back
92.16300000000047,138.59400000001187,103.965,1789798155.7004972,gps_back
92.0844999999972,138.59249999999884,103.96600000000001,1789798155.800497,gps_back
92.00650000000314,138.58050000001094,103.968,1789798155.900497,gps_back
91.93700000000536,138.5679999999993,103.965,1789798156.000497,gps_back
91.85899999999674,138.5560000000114,103.96600000000001,1789798156.100497,gps_back
91.7719999999972,138.54349999999977,103.968,1789798156.200497,gps_back
91.70249999999942,138.53150000001187,103.971,1789798156.3004968,gps_back
91.61599999999453,138.51900000000023,103.973,1789798156.400497,gps_back
91.4594999999972,138.4945000000007,103.97500000000001,1789798156.6004968,gps_back
91.38999999999942,138.4825000000128,103.976,1789798156.700497,gps_back
91.31200000000536,138.45900000000256,103.977,1789798156.8004968,gps_back
91.23399999999674,138.44699999998556,103.98,1789798156.9004967,gps_back
91.15600000000268,138.43450000000303,103.98,1789798157.0004966,gps_back
91.08650000000489,138.42249999998603,103.98100000000001,1789798157.1004968,gps_back
91.00800000000163,138.4100000000035,103.98,1789798157.2004967,gps_back
90.92999999999302,138.3869999999879,103.97800000000001,1789798157.3004966,gps_back
90.85199999999895,138.375,103.976,1789798157.4004965,gps_back
90.77400000000489,138.36249999998836,103.97500000000001,1789798157.5004966,gps_back
90.69550000000163,138.36100000000442,103.977,1789798157.6004965,gps_back
90.62649999999849,138.33799999998882,103.98,1789798157.7004964,gps_back
90.5570000000007,138.32600000000093,103.982,1789798157.8004963,gps_back
90.47849999999744,138.31400000001304,103.982,1789798157.9004965,gps_back
90.40050000000338,138.3015000000014,103.985,1789798158.0004964,gps_back
90.33100000000559,138.2895000000135,103.988,1789798158.1004963,gps_back
90.25299999999697,138.27700000000186,103.988,1789798158.2004962,gps_back
90.17500000000291,138.26500000001397,103.983,1789798158.3004963,gps_back
90.09649999999965,138.25250000000233,103.983,1789798158.4004962,gps_back
90.01850000000559,138.24050000001444,103.983,1789798158.5004961,gps_back
89.94049999999697,138.2170000000042,103.98400000000001,1789798158.600496,gps_back
89.86250000000291,138.2049999999872,103.98400000000001,1789798158.7004962,gps_back
89.78399999999965,138.20350000000326,103.98400000000001,1789798158.800496,gps_back
89.70549999999639,138.20199999999022,103.983,1789798158.900496,gps_back
89.62750000000233,138.17900000000373,103.98400000000001,1789798159.000496,gps_back
89.55849999999919,138.16699999998673,103.985,1789798159.100496,gps_back
89.47999999999593,138.1545000000042,103.98700000000001,1789798159.200496,gps_back
89.40200000000186,138.1424999999872,103.98400000000001,1789798159.3004959,gps_back
89.3234999999986,138.14100000000326,103.98400000000001,1789798159.400496,gps_back
89.24550000000454,138.12849999999162,103.98400000000001,1789798159.500496,gps_back
89.16749999999593,138.11650000000373,103.98,1789798159.6004958,gps_back
89.08900000000722,138.10399999999208,103.983,1789798159.7004957,gps_back
89.0109999999986,138.0920000000042,103.98400000000001,1789798159.8004959,gps_back
88.93300000000454,138.07949999999255,103.983,1789798159.9004958,gps_back
88.85450000000128,138.06750000000466,103.985,1789798160.0004957,gps_back
88.77700000000186,138.0439999999944,103.986,1789798160.1004956,gps_back
88.6984999999986,138.03200000000652,103.988,1789798160.2004957,gps_back
88.62050000000454,138.01949999999488,103.988,1789798160.3004956,gps_back
88.54200000000128,138.01800000001094,103.986,1789798160.4004955,gps_back
88.46400000000722,138.00599999999395,103.99000000000001,1789798160.5004954,gps_back
88.39449999999488,137.99400000000605,103.996,1789798160.6004956,gps_back
88.31650000000081,137.9814999999944,103.995,1789798160.7004955,gps_back
88.23799999999756,137.96900000001187,103.996,1789798160.8004954,gps_back
88.16000000000349,137.96799999999348,103.996,1789798160.9004953,gps_back
88.08199999999488,137.94450000001234,103.996,1789798161.0004954,gps_back
88.00350000000617,137.94349999999395,103.995,1789798161.1004953,gps_back
87.92549999999756,137.9310000000114,103.996,1789798161.2004952,gps_back
87.8469999999943,137.91849999999977,103.991,1789798161.3004951,gps_back
87.76900000000023,137.90650000001187,103.996,1789798161.4004953,gps_back
87.69100000000617,137.89400000000023,103.998,1789798161.5004952,gps_back
87.61250000000291,137.89300000001094,103.998,1789798161.600495,gps_back
87.54300000000512,137.8804999999993,103.998,1789798161.700495,gps_back
87.46499999999651,137.8575000000128,104.001,1789798161.8004951,gps_back
87.38700000000244,137.85599999999977,103.999,1789798161.900495,gps_back
87.30899999999383,137.83300000001327,104.0,1789798162.000495,gps_back
87.23050000000512,137.82050000000163,104.0,1789798162.1004949,gps_back
87.16150000000198,137.80850000001374,103.999,1789798162.200495,gps_back
87.08299999999872,137.79649999999674,104.0,1789798162.300495,gps_back
87.00500000000466,137.7950000000128,104.0,1789798162.4004948,gps_back
86.9265000000014,137.79349999999977,104.0,1789798162.500495,gps_back
86.84799999999814,137.78150000001187,104.002,1789798162.6004949,gps_back
86.77000000000407,137.77999999999884,104.002,1789798162.7004948,gps_back
86.69150000000081,137.7674999999872,104.004,1789798162.8004947,gps_back
86.61350000000675,137.7554999999993,104.005,1789798162.9004948,gps_back
86.52650000000722,137.74299999998766,104.006,1789798163.0004947,gps_back
86.45699999999488,137.74150000000373,104.006,1789798163.1004946,gps_back
86.37900000000081,137.72949999998673,104.007,1789798163.2004945,gps_back
86.30100000000675,137.7170000000042,104.005,1789798163.3004947,gps_back
86.22250000000349,137.7049999999872,104.009,1789798163.4004946,gps_back
86.14449999999488,137.69250000000466,104.01,1789798163.5004945,gps_back
86.06650000000081,137.68049999998766,104.012,1789798163.6004944,gps_back
85.98799999999756,137.66800000000512,104.014,1789798163.7004945,gps_back
85.91849999999977,137.65599999998813,104.016,1789798163.8004944,gps_back
85.8405000000057,137.6435000000056,104.018,1789798163.9004943,gps_back
85.6929999999993,137.61900000000605,104.021,1789798164.1004944,gps_back
85.5454999999929,137.59500000000116,104.023,1789798164.3004942,gps_back
85.39800000000105,137.55950000000303,104.025,1789798164.5004942,gps_back
85.24199999999837,137.51350000000093,104.029,1789798164.700494,gps_back
85.08599999999569,137.4780000000028,104.031,1789798164.900494,gps_back
84.93850000000384,137.44250000000466,104.032,1789798165.100494,gps_back
84.78250000000116,137.39650000000256,104.031,1789798165.300494,gps_back
84.62649999999849,137.35000000000582,104.028,1789798165.5004938,gps_back
84.47950000000128,137.30400000000373,104.034,1789798165.7004938,gps_back
84.33250000000407,137.24700000000303,104.034,1789798165.9004936,gps_back
84.25449999999546,137.22399999998743,104.038,1789798166.0004938,gps_back
84.18550000000687,137.19000000000233,104.041,1789798166.1004937,gps_back
84.10749999999825,137.16699999998673,104.041,1789798166.2004936,gps_back
84.03849999999511,137.13300000000163,104.04,1789798166.3004935,gps_back
83.96050000000105,137.09899999998743,104.04,1789798166.4004936,gps_back
83.88300000000163,137.06500000000233,104.038,1789798166.5004935,gps_back
83.81399999999849,137.02050000001327,104.038,1789798166.6004934,gps_back
83.73649999999907,136.98649999999907,104.037,1789798166.7004933,gps_back
83.66700000000128,136.95250000001397,104.039,1789798166.8004935,gps_back
83.59849999999278,136.9079999999958,104.038,1789798166.9004934,gps_back
83.52950000000419,136.8630000000121,104.039,1789798167.0004933,gps_back
83.46050000000105,136.81849999999395,104.037,1789798167.1004932,gps_back
83.3920000000071,136.7740000000049,104.036,1789798167.2004933,gps_back
83.32300000000396,136.72899999999208,104.036,1789798167.3004932,gps_back
83.25400000000081,136.68450000000303,104.035,1789798167.4004931,gps_back
83.18550000000687,136.62899999998626,104.038,1789798167.500493,gps_back
83.11650000000373,136.58400000000256,104.041,1789798167.6004932,gps_back
83.04750000000058,136.5395000000135,104.039,1789798167.700493,gps_back
82.97900000000664,136.48399999999674,104.038,1789798167.800493,gps_back
82.91899999999441,136.43950000000768,104.04,1789798167.900493,gps_back
82.841499999995,136.39449999999488,104.039,1789798168.000493,gps_back
82.78149999999732,136.33900000000722,104.04,1789798168.100493,gps_back
82.71249999999418,136.28349999999045,104.039,1789798168.2004929,gps_back
82.64400000000023,136.2390000000014,104.039,1789798168.3004928,gps_back
82.57499999999709,136.18299999999,104.036,1789798168.400493,gps_back
82.51499999999942,136.12799999999697,104.034,1789798168.5004928,gps_back
82.45500000000175,136.0725000000093,104.031,1789798168.6004927,gps_back
82.39500000000407,136.01699999999255,104.031,1789798168.7004926,gps_back
82.3350000000064,135.9725000000035,104.03,1789798168.8004928,gps_back
82.27499999999418,135.91699999998673,104.029,1789798168.9004927,gps_back
82.21499999999651,135.86149999999907,104.031,1789798169.0004926,gps_back
82.09500000000116,135.76149999999325,104.033,1789798169.2004926,gps_back
82.03500000000349,135.70650000000023,104.036,1789798169.3004925,gps_back
81.98399999999674,135.65100000001257,104.038,1789798169.4004924,gps_back
81.92399999999907,135.5954999999958,104.035,1789798169.5004923,gps_back
81.8640000000014,135.54000000000815,104.039,1789798169.6004925,gps_back
81.8125,135.48499999998603,104.043,1789798169.7004924,gps_back
81.75299999999697,135.41849999999977,104.041,1789798169.8004923,gps_back
81.6929999999993,135.36350000000675,104.042,1789798169.9004922,gps_back
81.6414999999979,135.30799999999,104.044,1789798170.0004923,gps_back
81.5905000000057,135.25299999999697,104.043,1789798170.1004922,gps_back
81.53049999999348,135.1975000000093,104.043,1789798170.2004921,gps_back
81.47900000000664,135.14199999999255,104.041,1789798170.300492,gps_back
81.42799999999988,135.08699999999953,104.04,1789798170.4004922,gps_back
81.37699999999313,135.02100000000792,104.041,1789798170.500492,gps_back
81.31699999999546,134.96549999999115,104.041,1789798170.600492,gps_back
81.26600000000326,134.89949999999953,104.04,1789798170.700492,gps_back
81.21450000000186,134.84400000001187,104.041,1789798170.800492,gps_back
81.15450000000419,134.7884999999951,104.043,1789798170.900492,gps_back
81.10349999999744,134.7335000000021,104.041,1789798171.0004919,gps_back
81.04349999999977,134.66699999998673,104.039,1789798171.100492,gps_back
80.99249999999302,134.6119999999937,104.035,1789798171.200492,gps_back
80.94150000000081,134.54550000000745,104.034,1789798171.3004918,gps_back
80.88150000000314,134.49050000001444,104.036,1789798171.4004917,gps_back
80.83049999999639,134.42399999999907,104.037,1789798171.5004919,gps_back
80.778999999995,134.36900000000605,104.04,1789798171.6004918,gps_back
80.7280000000028,134.30300000001444,104.038,1789798171.7004917,gps_back
80.6765000000014,134.24749999999767,104.04,1789798171.8004916,gps_back
80.61650000000373,134.19200000001,104.04,1789798171.9004917,gps_back
80.56549999999697,134.1259999999893,104.037,1789798172.0004916,gps_back
80.5054999999993,134.07050000000163,104.039,1789798172.1004915,gps_back
80.4545000000071,134.01550000000861,104.04,1789798172.2004914,gps_back
80.39449999999488,133.95999999999185,104.041,1789798172.3004916,gps_back
80.34350000000268,133.89400000000023,104.043,1789798172.4004915,gps_back
80.29249999999593,133.82800000000861,104.042,1789798172.5004914,gps_back
80.25,133.7619999999879,104.041,1789798172.6004913,gps_back
80.19000000000233,133.70650000000023,104.043,1789798172.7004914,gps_back
80.13899999999558,133.64050000000861,104.039,1789798172.8004913,gps_back
80.08749999999418,133.58499999999185,104.042,1789798172.9004912,gps_back
80.03650000000198,133.52999999999884,104.044,1789798173.0004911,gps_back
79.98549999999523,133.46350000001257,104.044,1789798173.1004913,gps_back
79.92549999999756,133.40849999999045,104.049,1789798173.2004912,gps_back
79.86549999999988,133.3420000000042,104.049,1789798173.300491,gps_back
79.80599999999686,133.27600000001257,104.05,1789798173.400491,gps_back
79.75500000000466,133.2094999999972,104.052,1789798173.5004911,gps_back
79.69500000000698,133.1435000000056,104.052,1789798173.600491,gps_back
79.64400000000023,133.07750000001397,104.054,1789798173.700491,gps_back
79.59299999999348,133.0109999999986,104.054,1789798173.8004909,gps_back
79.53299999999581,132.94500000000698,104.055,1789798173.900491,gps_back
79.48200000000361,132.87899999998626,104.058,1789798174.000491,gps_back
79.42200000000594,132.8234999999986,104.058,1789798174.1004908,gps_back
79.37099999999919,132.75750000000698,104.06,1789798174.2004907,gps_back
79.31149999999616,132.69099999999162,104.059,1789798174.3004909,gps_back
79.26050000000396,132.625,104.058,1789798174.4004908,gps_back
79.20050000000629,132.55850000001374,104.055,1789798174.5004907,gps_back
78.97000000000116,132.29349999999977,104.06700000000001,1789798174.9004905,gps_back
78.91899999999441,132.22750000000815,104.069,1789798175.0004904,gps_back
78.85950000000594,132.16149999998743,104.07300000000001,1789798175.1004906,gps_back
78.79949999999371,132.09500000000116,104.074,1789798175.2004905,gps_back
78.74000000000524,132.02900000000955,104.07300000000001,1789798175.3004904,gps_back
78.67999999999302,131.96249999999418,104.072,1789798175.4004903,gps_back
78.62900000000081,131.89650000000256,104.07000000000001,1789798175.5004904,gps_back
78.57799999999406,131.81950000001234,104.06700000000001,1789798175.6004903,gps_back
78.53599999999278,131.75349999999162,104.068,1789798175.7004902,gps_back
78.48500000000058,131.6765000000014,104.06700000000001,1789798175.8004901,gps_back
78.42500000000291,131.60999999998603,104.07000000000001,1789798175.9004903,gps_back
78.36549999999988,131.5439999999944,104.072,1789798176.0004902,gps_back
78.31449999999313,131.4780000000028,104.072,1789798176.10049,gps_back
78.25449999999546,131.41149999998743,104.071,1789798176.20049,gps_back
78.20350000000326,131.3454999999958,104.07000000000001,1789798176.3004901,gps_back
78.14400000000023,131.2685000000056,104.072,1789798176.40049,gps_back
78.09299999999348,131.20199999999022,104.07300000000001,1789798176.50049,gps_back
78.04200000000128,131.1359999999986,104.07600000000001,1789798176.6004899,gps_back
77.99099999999453,131.07000000000698,104.077,1789798176.70049,gps_back
77.9484999999986,131.00399999998626,104.07600000000001,1789798176.80049,gps_back
77.8975000000064,130.93799999999464,104.07900000000001,1789798176.9004898,gps_back
77.846000000005,130.88250000000698,104.07600000000001,1789798177.0004897,gps_back
77.80349999999453,130.81649999998626,104.07900000000001,1789798177.1004899,gps_back
77.7609999999986,130.76149999999325,104.08200000000001,1789798177.2004898,gps_back
77.7100000000064,130.69550000000163,104.07600000000001,1789798177.3004897,gps_back
77.65899999999965,130.62950000001,104.075,1789798177.4004896,gps_back
77.6079999999929,130.5634999999893,104.075,1789798177.5004897,gps_back
77.5570000000007,130.48649999999907,104.07000000000001,1789798177.6004896,gps_back
77.51499999999942,130.42050000000745,104.068,1789798177.7004895,gps_back
77.46400000000722,130.34349999998813,104.068,1789798177.8004894,gps_back
77.43050000000221,130.2664999999979,104.065,1789798177.9004896,gps_back
77.37949999999546,130.19000000000233,104.065,1789798178.0004895,gps_back
77.32850000000326,130.12349999998696,104.065,1789798178.1004894,gps_back
77.28650000000198,130.04699999999139,104.065,1789798178.2004893,gps_back
77.23549999999523,129.97000000000116,104.06700000000001,1789798178.3004894,gps_back
77.19349999999395,129.88200000001234,104.063,1789798178.4004893,gps_back
77.16000000000349,129.80549999998766,104.059,1789798178.5004892,gps_back
77.12699999999313,129.71799999999348,104.057,1789798178.6004891,gps_back
77.10199999999895,129.6414999999979,104.055,1789798178.7004893,gps_back
77.06849999999395,129.56500000000233,104.053,1789798178.8004892,gps_back
77.05250000000524,129.49950000000536,104.054,1789798178.900489,gps_back
77.03599999999278,129.43400000000838,104.055,1789798179.000489,gps_back
77.0109999999986,129.36799999998766,104.052,1789798179.1004891,gps_back
76.99499999999534,129.3024999999907,104.053,1789798179.200489,gps_back
76.97849999999744,129.23749999998836,104.052,1789798179.300489,gps_back
76.96249999999418,129.17199999999139,104.052,1789798179.4004889,gps_back
76.94599999999627,129.11699999999837,104.05,1789798179.500489,gps_back
76.92149999999674,129.0405000000028,104.05,1789798179.600489,gps_back
76.90499999999884,128.97500000000582,104.05,1789798179.7004888,gps_back
76.8804999999993,128.89850000001024,104.05,1789798179.8004887,gps_back
76.86449999999604,128.8225000000093,104.051,1789798179.9004889,gps_back
76.83049999999639,128.7564999999886,104.052,1789798180.0004888,gps_back
76.79700000000594,128.67999999999302,104.05,1789798180.1004887,gps_back
76.7725000000064,128.60349999999744,104.05,1789798180.2004886,gps_back
76.75650000000314,128.52700000000186,104.047,1789798180.3004887,gps_back
76.73149999999441,128.4505000000063,104.046,1789798180.4004886,gps_back
76.70699999999488,128.3740000000107,104.044,1789798180.5004885,gps_back
76.6820000000007,128.29749999998603,104.04,1789798180.6004884,gps_back
76.64849999999569,128.22099999999045,104.04,1789798180.7004886,gps_back
76.61500000000524,128.14400000000023,104.037,1789798180.8004885,gps_back
76.59900000000198,128.0679999999993,104.035,1789798180.9004884,gps_back
76.58299999999872,127.99150000000373,104.033,1789798181.0004883,gps_back
76.57600000000093,127.9155000000028,104.032,1789798181.1004884,gps_back
76.56849999999395,127.85000000000582,104.032,1789798181.2004883,gps_back
76.55299999999988,127.74100000000908,104.037,1789798181.4004881,gps_back
76.53650000000198,127.68650000001071,104.037,1789798181.5004883,gps_back
76.52000000000407,127.63200000001234,104.034,1789798181.6004882,gps_back
76.50350000000617,127.57699999999022,104.034,1789798181.700488,gps_back
76.48699999999371,127.52249999999185,104.034,1789798181.800488,gps_back
76.471000000005,127.45699999999488,104.035,1789798181.9004881,gps_back
76.44599999999627,127.3804999999993,104.034,1789798182.000488,gps_back
76.42999999999302,127.31500000000233,104.032,1789798182.100488,gps_back
76.40549999999348,127.22750000000815,104.035,1789798182.2004879,gps_back
76.3804999999993,127.15100000001257,104.034,1789798182.300488,gps_back
76.35599999999977,127.07449999998789,104.03,1789798182.400488,gps_back
76.33999999999651,126.98749999998836,104.025,1789798182.5004878,gps_back
76.30650000000605,126.91099999999278,104.02,1789798182.6004877,gps_back
76.28200000000652,126.8344999999972,104.015,1789798182.7004879,gps_back
76.25650000000314,126.77950000000419,104.01,1789798182.8004878,gps_back
76.21450000000186,126.69200000001001,104.011,1789798183.0004876,gps_back
76.1820000000007,126.58249999998952,104.008,1789798183.2004876,gps_back
76.15649999999732,126.52799999999115,104.005,1789798183.3004875,gps_back
76.13199999999779,126.45149999999558,104.004,1789798183.4004874,gps_back
76.09849999999278,126.37450000000536,104.003,1789798183.5004876,gps_back
76.05650000000605,126.29800000000978,104.006,1789798183.6004875,gps_back
76.03149999999732,126.2104999999865,104.005,1789798183.7004874,gps_back
75.99850000000151,126.11199999999371,104.004,1789798183.8004873,gps_back
75.95650000000023,126.02449999999953,104.004,1789798183.9004874,gps_back
75.91449999999895,125.93650000001071,104.001,1789798184.0004873,gps_back
75.87300000000687,125.84899999998743,104.0,1789798184.1004872,gps_back
75.82200000000012,125.7609999999986,103.999,1789798184.2004871,gps_back
75.78900000000431,125.66300000000047,103.999,1789798184.3004873,gps_back
75.74700000000303,125.58600000001024,104.0,1789798184.4004872,gps_back
75.7219999999943,125.50949999998556,104.001,1789798184.500487,gps_back
75.69700000000012,125.44399999998859,104.0,1789798184.600487,gps_back
75.66349999999511,125.37799999999697,104.001,1789798184.7004871,gps_back
75.63899999999558,125.3015000000014,104.001,1789798184.800487,gps_back
75.60499999999593,125.23600000000442,103.998,1789798184.900487,gps_back
75.5625,125.18049999998766,103.995,1789798185.0004869,gps_back
75.528999999995,125.11499999999069,103.996,1789798185.100487,gps_back
75.48649999999907,125.05999999999767,103.996,1789798185.200487,gps_back
75.44400000000314,124.99400000000605,103.998,1789798185.3004868,gps_back
75.40150000000722,124.92800000001444,103.999,1789798185.4004867,gps_back
75.35050000000047,124.86199999999371,103.998,1789798185.5004869,gps_back
75.30849999999919,124.7960000000021,103.998,1789798185.6004868,gps_back
75.26600000000326,124.73000000001048,103.996,1789798185.7004867,gps_back
75.22349999999278,124.66399999998976,103.997,1789798185.8004866,gps_back
75.18099999999686,124.59799999999814,103.996,1789798185.9004867,gps_back
75.13899999999558,124.53200000000652,103.998,1789798186.0004866,gps_back
75.09649999999965,124.4549999999872,104.0,1789798186.1004865,gps_back
75.05449999999837,124.38899999999558,103.995,1789798186.2004864,gps_back
75.00350000000617,124.3125,103.996,1789798186.3004866,gps_back
74.95249999999942,124.24600000001374,103.997,1789798186.4004865,gps_back
74.90150000000722,124.17999999999302,103.995,1789798186.5004864,gps_back
74.85050000000047,124.1140000000014,103.996,1789798186.6004863,gps_back
74.80800000000454,124.04800000000978,103.998,1789798186.7004864,gps_back
74.76549999999406,123.98199999998906,103.999,1789798186.8004863,gps_back
74.72299999999814,123.91599999999744,103.998,1789798186.9004862,gps_back
74.68099999999686,123.85000000000582,103.999,1789798187.0004861,gps_back
74.63850000000093,123.7840000000142,103.999,1789798187.1004863,gps_back
74.59649999999965,123.70749999998952,104.0,1789798187.2004862,gps_back
74.55400000000373,123.6414999999979,104.0,1789798187.300486,gps_back
74.51149999999325,123.57550000000629,104.001,1789798187.400486,gps_back
74.46950000000652,123.49849999998696,104.0,1789798187.5004861,gps_back
74.41849999999977,123.43249999999534,104.002,1789798187.600486,gps_back
74.36699999999837,123.37700000000768,104.002,1789798187.700486,gps_back
74.31600000000617,123.31099999998696,104.004,1789798187.8004858,gps_back
74.27400000000489,123.24499999999534,104.004,1789798187.900486,gps_back
74.22250000000349,123.17900000000373,104.004,1789798188.000486,gps_back
74.18050000000221,123.11300000001211,104.005,1789798188.1004858,gps_back
74.13800000000629,123.03649999998743,104.01,1789798188.2004857,gps_back
74.096000000005,122.97049999999581,104.009,1789798188.3004858,gps_back
74.04499999999825,122.90400000000955,104.011,1789798188.4004858,gps_back
74.00250000000233,122.83850000001257,104.011,1789798188.5004857,gps_back
73.9600000000064,122.76149999999325,104.009,1789798188.6004856,gps_back
73.91800000000512,122.69550000000163,104.012,1789798188.7004857,gps_back
73.8579999999929,122.62899999998626,104.012,1789798188.8004856,gps_back
73.8070000000007,122.57399999999325,104.012,1789798188.9004855,gps_back
73.76450000000477,122.50800000000163,104.015,1789798189.0004854,gps_back
73.71349999999802,122.43100000001141,104.013,1789798189.1004856,gps_back
73.67149999999674,122.36499999999069,104.01,1789798189.2004855,gps_back
73.61999999999534,122.29899999999907,104.009,1789798189.3004854,gps_back
73.56900000000314,122.24350000001141,104.01,1789798189.4004853,gps_back
73.50900000000547,122.17749999999069,104.01,1789798189.5004854,gps_back
73.44950000000244,122.12200000000303,104.007,1789798189.6004853,gps_back
73.39800000000105,122.05600000001141,104.007,1789798189.7004852,gps_back
73.3469999999943,121.98999999999069,104.008,1789798189.8004851,gps_back
73.2960000000021,121.93450000000303,104.005,1789798189.9004853,gps_back
73.23600000000442,121.87899999998626,104.002,1789798190.0004852,gps_back
73.17600000000675,121.81299999999464,104.004,1789798190.100485,gps_back
73.11599999999453,121.76850000000559,104.005,1789798190.200485,gps_back
73.04750000000058,121.71299999998882,104.001,1789798190.3004851,gps_back
72.97849999999744,121.66800000000512,104.001,1789798190.400485,gps_back
72.91000000000349,121.61249999998836,104.002,1789798190.500485,gps_back
72.8585000000021,121.55749999999534,104.002,1789798190.6004848,gps_back
72.79850000000442,121.50200000000768,104.004,1789798190.700485,gps_back
72.74749999999767,121.43599999998696,104.008,1789798190.800485,gps_back
72.6875,121.3804999999993,104.008,1789798190.9004848,gps_back
72.62750000000233,121.32500000001164,104.007,1789798191.0004847,gps_back
72.57649999999558,121.25899999999092,104.009,1789798191.1004848,gps_back
72.5164999999979,121.20350000000326,104.009,1789798191.2004848,gps_back
72.45650000000023,121.1479999999865,104.009,1789798191.3004847,gps_back
72.39650000000256,121.09249999999884,104.012,1789798191.4004846,gps_back
72.33650000000489,121.03700000001118,104.013,1789798191.5004847,gps_back
72.27650000000722,120.98199999998906,104.014,1789798191.6004846,gps_back
72.20799999999872,120.93700000000536,104.014,1789798191.7004845,gps_back
72.13950000000477,120.87049999998999,104.017,1789798191.8004844,gps_back
72.08800000000338,120.81549999999697,104.016,1789798191.9004846,gps_back
72.0280000000057,120.76000000000931,104.018,1789798192.0004845,gps_back
71.96850000000268,120.69399999998859,104.02,1789798192.1004844,gps_back
71.908500000005,120.63850000000093,104.018,1789798192.2004843,gps_back
71.84849999999278,120.58300000001327,104.018,1789798192.3004844,gps_back
71.79700000000594,120.52749999999651,104.02,1789798192.4004843,gps_back
71.73750000000291,120.46150000000489,104.019,1789798192.5004842,gps_back
71.68600000000151,120.40599999998813,104.027,1789798192.6004841,gps_back
71.62649999999849,120.35099999999511,104.027,1789798192.7004843,gps_back
71.56650000000081,120.29550000000745,104.023,1789798192.8004842,gps_back
71.51499999999942,120.22949999998673,104.028,1789798192.900484,gps_back
71.45549999999639,120.17399999999907,104.029,1789798193.000484,gps_back
71.39549999999872,120.11850000001141,104.032,1789798193.1004841,gps_back
71.33550000000105,120.06299999999464,104.029,1789798193.200484,gps_back
71.27550000000338,120.00750000000698,104.027,1789798193.300484,gps_back
71.20650000000023,119.96299999998882,104.026,1789798193.4004838,gps_back
71.12949999999546,119.89650000000256,104.025,1789798193.500484,gps_back
71.06050000000687,119.8409999999858,104.027,1789798193.600484,gps_back
70.99249999999302,119.76350000000093,104.028,1789798193.7004838,gps_back
70.8469999999943,119.6304999999993,104.032,1789798193.9004836,gps_back
70.7780000000057,119.57500000001164,104.036,1789798194.0004838,gps_back
70.70050000000629,119.51900000000023,104.04,1789798194.1004837,gps_back
70.62350000000151,119.46350000001257,104.044,1789798194.2004836,gps_back
70.5460000000021,119.40799999999581,104.044,1789798194.3004835,gps_back
70.47699999999895,119.36300000001211,104.043,1789798194.4004836,gps_back
70.42549999999756,119.32949999999255,104.047,1789798194.5004835,gps_back
70.33950000000186,119.26300000000629,104.047,1789798194.7004833,gps_back
70.26200000000244,119.20699999999488,104.05,1789798194.9004834,gps_back
70.21099999999569,119.16250000000582,104.055,1789798195.0004833,gps_back
70.1594999999943,119.11850000001141,104.059,1789798195.1004832,gps_back
70.0905000000057,119.0734999999986,104.062,1789798195.2004833,gps_back
70.03049999999348,119.02900000000955,104.061,1789798195.3004832,gps_back
69.96150000000489,118.98449999999139,104.058,1789798195.4004831,gps_back
69.88400000000547,118.92850000000908,104.057,1789798195.500483,gps_back
69.8070000000007,118.86199999999371,104.059,1789798195.6004832,gps_back
69.72950000000128,118.80650000000605,104.063,1789798195.700483,gps_back
69.65249999999651,118.73999999999069,104.061,1789798195.800483,gps_back
69.57499999999709,118.68400000000838,104.061,1789798195.900483,gps_back
69.49800000000687,118.61749999999302,104.063,1789798196.000483,gps_back
69.4204999999929,118.55100000000675,104.06400000000001,1789798196.100483,gps_back
69.3344999999972,118.48399999999674,104.066,1789798196.2004828,gps_back
69.25750000000698,118.42850000000908,104.066,1789798196.3004827,gps_back
69.16250000000582,118.37249999999767,104.061,1789798196.400483,gps_back
69.07649999999558,118.31649999998626,104.058,1789798196.5004828,gps_back
68.99000000000524,118.27150000000256,104.057,1789798196.6004827,gps_back
68.903999999995,118.21549999999115,104.054,1789798196.7004826,gps_back
68.8179999999993,118.17050000000745,104.055,1789798196.8004827,gps_back
68.74049999999988,118.11499999999069,104.056,1789798196.9004827,gps_back
68.67149999999674,118.07000000000698,104.056,1789798197.0004826,gps_back
68.6030000000028,118.01449999999022,104.058,1789798197.1004825,gps_back
68.53399999999965,117.97000000000116,104.059,1789798197.2004826,gps_back
68.47400000000198,117.92550000001211,104.06,1789798197.3004825,gps_back
68.40499999999884,117.8914999999979,104.062,1789798197.4004824,gps_back
68.34450000000652,117.85800000000745,104.065,1789798197.5004823,gps_back
68.27550000000338,117.82399999999325,104.06400000000001,1789798197.6004825,gps_back
68.21499999999651,117.7905000000028,104.065,1789798197.7004824,gps_back
68.14599999999336,117.75649999998859,104.063,1789798197.8004823,gps_back
68.07700000000477,117.71199999999953,104.065,1789798197.9004822,gps_back
68.0170000000071,117.66750000001048,104.06400000000001,1789798198.0004823,gps_back
67.94800000000396,117.63349999999627,104.06400000000001,1789798198.1004822,gps_back
67.88800000000629,117.58900000000722,104.065,1789798198.2004821,gps_back
67.81900000000314,117.54399999999441,104.062,1789798198.300482,gps_back
67.74099999999453,117.52100000000792,104.063,1789798198.4004822,gps_back
67.67200000000594,117.48699999999371,104.065,1789798198.500482,gps_back
67.51600000000326,117.42999999999302,104.071,1789798198.700482,gps_back
67.43850000000384,117.39600000000792,104.07000000000001,1789798198.800482,gps_back
67.36049999999523,117.37299999999232,104.071,1789798198.900482,gps_back
67.28250000000116,117.33900000000722,104.072,1789798199.0004818,gps_back
67.21349999999802,117.30499999999302,104.07600000000001,1789798199.1004817,gps_back
67.1359999999986,117.27100000000792,104.078,1789798199.200482,gps_back
67.05800000000454,117.23699999999371,104.07900000000001,1789798199.3004818,gps_back
66.97999999999593,117.21400000000722,104.08,1789798199.4004817,gps_back
66.90249999999651,117.17999999999302,104.081,1789798199.5004816,gps_back
66.82499999999709,117.13500000000931,104.084,1789798199.6004817,gps_back
66.75599999999395,117.10149999998976,104.08500000000001,1789798199.7004817,gps_back
66.67799999999988,117.05650000000605,104.086,1789798199.8004816,gps_back
66.60899999999674,117.02249999999185,104.087,1789798199.9004815,gps_back
66.53149999999732,116.98850000000675,104.087,1789798200.0004814,gps_back
66.45350000000326,116.95449999999255,104.087,1789798200.1004815,gps_back
66.37549999999464,116.93150000000605,104.086,1789798200.2004814,gps_back
66.28900000000431,116.90799999999581,104.09100000000001,1789798200.3004813,gps_back
66.20249999999942,116.88500000000931,104.095,1789798200.4004812,gps_back
66.12450000000536,116.86199999999371,104.101,1789798200.5004814,gps_back
66.04649999999674,116.82800000000861,104.10000000000001,1789798200.6004813,gps_back
65.96850000000268,116.80449999999837,104.104,1789798200.7004812,gps_back
65.89100000000326,116.77050000001327,104.10300000000001,1789798200.800481,gps_back
65.81299999999464,116.73649999999907,104.102,1789798200.9004812,gps_back
65.73549999999523,116.70250000001397,104.104,1789798201.0004811,gps_back
65.65750000000116,116.67949999999837,104.108,1789798201.100481,gps_back
65.5795000000071,116.65650000001187,104.10900000000001,1789798201.200481,gps_back
65.50149999999849,116.64400000000023,104.11200000000001,1789798201.300481,gps_back
65.41449999999895,116.62100000001374,104.113,1789798201.400481,gps_back
65.33650000000489,116.59750000000349,104.11200000000001,1789798201.500481,gps_back
65.25900000000547,116.57449999998789,104.114,1789798201.6004808,gps_back
65.18099999999686,116.5515000000014,104.11200000000001,1789798201.700481,gps_back
65.1030000000028,116.5284999999858,104.11200000000001,1789798201.8004808,gps_back
65.02499999999418,116.4945000000007,104.111,1789798201.9004807,gps_back
64.94700000000012,116.47099999999045,104.111,1789798202.0004807,gps_back
64.86049999999523,116.44800000000396,104.11,1789798202.1004808,gps_back
64.78250000000116,116.43549999999232,104.10900000000001,1789798202.2004807,gps_back
64.6085000000021,116.41099999999278,104.10900000000001,1789798202.4004805,gps_back
64.53049999999348,116.39850000001024,104.111,1789798202.5004807,gps_back
64.44349999999395,116.3859999999986,104.111,1789798202.6004806,gps_back
64.36549999999988,116.36300000001211,104.111,1789798202.7004805,gps_back
64.28750000000582,116.33999999999651,104.111,1789798202.8004804,gps_back
64.20100000000093,116.31649999998626,104.113,1789798202.9004805,gps_back
64.12300000000687,116.29349999999977,104.113,1789798203.0004804,gps_back
64.04499999999825,116.26999999998952,104.11500000000001,1789798203.1004803,gps_back
63.888999999995576,116.22399999998743,104.117,1789798203.3004804,gps_back
63.715500000005704,116.18849999998929,104.122,1789798203.5004802,gps_back
63.55100000000675,116.14199999999255,104.125,1789798203.7004802,gps_back
63.38649999999325,116.09549999999581,104.122,1789798203.90048,gps_back
63.23050000000512,116.04899999999907,104.128,1789798204.10048,gps_back
63.06600000000617,116.00250000000233,104.128,1789798204.30048,gps_back
62.91000000000349,115.95650000000023,104.132,1789798204.5004797,gps_back
62.74499999999534,115.9210000000021,104.133,1789798204.7004797,gps_back
62.58049999999639,115.88550000000396,104.134,1789798204.9004796,gps_back
62.49349999999686,115.87299999999232,104.138,1789798205.0004797,gps_back
62.415500000002794,115.86050000000978,104.138,1789798205.1004796,gps_back
62.32850000000326,115.83749999999418,104.138,1789798205.2004795,gps_back
62.250499999994645,115.81400000001304,104.14,1789798205.3004794,gps_back
62.17250000000058,115.79099999999744,104.142,1789798205.4004796,gps_back
62.08599999999569,115.7784999999858,104.145,1789798205.5004795,gps_back
61.921000000002095,115.73199999998906,104.154,1789798205.7004793,gps_back
61.84299999999348,115.72000000000116,104.158,1789798205.8004794,gps_back
61.755999999993946,115.70749999998952,104.158,1789798205.9004793,gps_back
61.677999999999884,115.69550000000163,104.159,1789798206.0004792,gps_back
61.59100000000035,115.69349999999395,104.16,1789798206.1004791,gps_back
61.504000000000815,115.68150000000605,104.161,1789798206.2004793,gps_back
61.417499999995925,115.66899999999441,104.161,1789798206.3004792,gps_back
61.33900000000722,115.65650000001187,104.158,1789798206.400479,gps_back
61.25250000000233,115.64400000000023,104.159,1789798206.500479,gps_back
61.174499999993714,115.62100000001374,104.164,1789798206.6004791,gps_back
61.08749999999418,115.6085000000021,104.162,1789798206.700479,gps_back
61.009500000000116,115.5965000000142,104.165,1789798206.800479,gps_back
60.92200000000594,115.59450000000652,104.166,1789798206.9004788,gps_back
60.8350000000064,115.60399999999208,104.163,1789798207.000479,gps_back
60.74800000000687,115.60250000000815,104.164,1789798207.100479,gps_back
60.66950000000361,115.60099999999511,104.162,1789798207.2004788,gps_back
60.582500000004075,115.61050000000978,104.163,1789798207.3004787,gps_back
60.49550000000454,115.60899999999674,104.162,1789798207.4004788,gps_back
60.41700000000128,115.6075000000128,104.162,1789798207.5004787,gps_back
60.330000000001746,115.60599999999977,104.162,1789798207.6004786,gps_back
60.25149999999849,115.61550000001444,104.164,1789798207.7004786,gps_back
60.16449999999895,115.61350000000675,104.165,1789798207.8004787,gps_back
60.07700000000477,115.61199999999371,104.169,1789798207.9004786,gps_back
59.99899999999616,115.61050000000978,104.171,1789798208.0004785,gps_back
59.91150000000198,115.61999999999534,104.171,1789798208.1004784,gps_back
59.824500000002445,115.61850000001141,104.173,1789798208.2004786,gps_back
59.73750000000291,115.61699999999837,104.175,1789798208.3004785,gps_back
59.65899999999965,115.62650000001304,104.175,1789798208.4004784,gps_back
59.562999999994645,115.62450000000536,104.179,1789798208.5004783,gps_back
59.48450000000594,115.63399999999092,104.178,1789798208.6004782,gps_back
59.388999999995576,115.63250000000698,104.181,1789798208.7004783,gps_back
59.31050000000687,115.64199999999255,104.179,1789798208.8004782,gps_back
59.22349999999278,115.64000000001397,104.182,1789798208.9004781,gps_back
59.1359999999986,115.64949999999953,104.184,1789798209.000478,gps_back
59.04899999999907,115.6479999999865,104.186,1789798209.1004782,gps_back
58.96150000000489,115.65750000000116,104.187,1789798209.200478,gps_back
58.874500000005355,115.66649999999208,104.188,1789798209.300478,gps_back
58.786999999996624,115.67600000000675,104.187,1789798209.400478,gps_back
58.69999999999709,115.67449999999371,104.188,1789798209.500478,gps_back
58.612999999997555,115.68350000001374,104.18900000000001,1789798209.600478,gps_back
58.52599999999802,115.6820000000007,104.191,1789798209.7004778,gps_back
58.43899999999849,115.68049999998766,104.193,1789798209.8004777,gps_back
58.36049999999523,115.67900000000373,104.19200000000001,1789798209.900478,gps_back
58.27300000000105,115.68849999998929,104.194,1789798210.0004778,gps_back
58.18600000000151,115.68700000000536,104.194,1789798210.1004777,gps_back
58.09900000000198,115.68499999999767,104.193,1789798210.2004776,gps_back
58.012000000002445,115.68350000001374,104.18900000000001,1789798210.3004777,gps_back
57.91599999999744,115.6929999999993,104.187,1789798210.4004776,gps_back
57.83749999999418,115.70199999999022,104.187,1789798210.5004776,gps_back
57.750499999994645,115.71150000000489,104.188,1789798210.6004775,gps_back
57.663000000000466,115.72099999999045,104.186,1789798210.7004776,gps_back
57.57600000000093,115.73000000001048,104.188,1789798210.8004775,gps_back
57.4890000000014,115.72849999999744,104.18900000000001,1789798210.9004774,gps_back
57.40150000000722,115.73800000001211,104.18900000000001,1789798211.0004773,gps_back
57.31449999999313,115.73649999999907,104.191,1789798211.1004775,gps_back
57.2274999999936,115.73449999999139,104.19500000000001,1789798211.2004774,gps_back
57.13999999999942,115.74400000000605,104.19,1789798211.3004773,gps_back
57.052999999999884,115.74249999999302,104.185,1789798211.4004772,gps_back
56.96600000000035,115.75150000001304,104.183,1789798211.5004773,gps_back
56.87850000000617,115.7719999999972,104.181,1789798211.6004772,gps_back
56.79099999999744,115.78099999998813,104.184,1789798211.7004771,gps_back
56.703999999997905,115.7905000000028,104.182,1789798211.800477,gps_back
56.625499999994645,115.79999999998836,104.181,1789798211.9004772,gps_back
56.538000000000466,115.80900000000838,104.182,1789798212.000477,gps_back
56.45100000000093,115.81849999999395,104.183,1789798212.100477,gps_back
56.3640000000014,115.81700000001001,104.182,1789798212.200477,gps_back
56.28500000000349,115.83749999999418,104.183,1789798212.3004768,gps_back
56.19749999999476,115.8575000000128,104.181,1789798212.400477,gps_back
56.119000000006054,115.87799999999697,104.182,1789798212.5004768,gps_back
56.0399999999936,115.8979999999865,104.183,1789798212.6004767,gps_back
55.95299999999406,115.90750000000116,104.184,1789798212.7004766,gps_back
55.87399999999616,115.92749999999069,104.184,1789798212.8004768,gps_back
55.786999999996624,115.93700000000536,104.178,1789798212.9004767,gps_back
55.708499999993364,115.94649999999092,104.179,1789798213.0004766,gps_back
55.620999999999185,115.95550000001094,104.176,1789798213.1004765,gps_back
55.53399999999965,115.96499999999651,104.176,1789798213.2004766,gps_back
55.455000000001746,115.98550000000978,104.179,1789798213.3004766,gps_back
55.367499999993015,116.0054999999993,104.178,1789798213.4004765,gps_back
55.28900000000431,116.02600000001257,104.181,1789798213.5004764,gps_back
55.201499999995576,116.0460000000021,104.179,1789798213.6004765,gps_back
55.1140000000014,116.05549999998766,104.179,1789798213.7004764,gps_back
55.02700000000186,116.06450000000768,104.179,1789798213.8004763,gps_back
54.94800000000396,116.08499999999185,104.177,1789798213.9004762,gps_back
54.861000000004424,116.09400000001187,104.178,1789798214.0004764,gps_back
54.77349999999569,116.11449999999604,104.177,1789798214.1004763,gps_back
54.68600000000151,116.14550000001327,104.175,1789798214.2004762,gps_back
54.51949999999488,116.19649999999092,104.173,1789798214.4004762,gps_back
54.353000000002794,116.24799999999232,104.175,1789798214.600476,gps_back
54.187000000005355,116.28849999999511,104.181,1789798214.800476,gps_back
54.038000000000466,116.32949999999255,104.183,1789798215.000476,gps_back
53.915500000002794,116.38149999998859,104.191,1789798215.200476,gps_back
53.792499999995925,116.42249999998603,104.199,1789798215.4004757,gps_back
53.67849999999453,116.46400000000722,104.202,1789798215.6004758,gps_back
53.62600000000384,116.48499999998603,104.205,1789798215.7004757,gps_back
53.56449999999313,116.5164999999979,104.206,1789798215.8004756,gps_back
53.4945000000007,116.54749999998603,104.211,1789798215.9004755,gps_back
53.424499999993714,116.5679999999993,104.218,1789798216.0004754,gps_back
53.354000000006636,116.61050000000978,104.22200000000001,1789798216.1004755,gps_back
53.27499999999418,116.6414999999979,104.224,1789798216.2004755,gps_back
53.195999999996275,116.67249999998603,104.227,1789798216.3004754,gps_back
53.11699999999837,116.71450000000186,104.23,1789798216.4004753,gps_back
53.028999999994994,116.74600000001374,104.23100000000001,1789798216.5004754,gps_back
52.94999999999709,116.78800000000047,104.236,1789798216.6004753,gps_back
52.870999999999185,116.8299999999872,104.23700000000001,1789798216.7004752,gps_back
52.800499999997555,116.86100000000442,104.23700000000001,1789798216.8004751,gps_back
52.721999999994296,116.8924999999872,104.241,1789798216.9004753,gps_back
52.423500000004424,117.0174999999872,104.238,1789798217.3004751,gps_back
52.353000000002794,117.04850000000442,104.23400000000001,1789798217.400475,gps_back
52.213000000003376,117.11149999999907,104.236,1789798217.6004748,gps_back
52.08100000000559,117.16349999999511,104.239,1789798217.800475,gps_back
52.00250000000233,117.19450000001234,104.235,1789798217.9004748,gps_back
51.9320000000007,117.22599999999511,104.235,1789798218.0004747,gps_back
51.85349999999744,117.24600000001374,104.239,1789798218.1004748,gps_back
51.78299999999581,117.27749999999651,104.239,1789798218.2004747,gps_back
51.703999999997905,117.30850000001374,104.24000000000001,1789798218.3004746,gps_back
51.625,117.33999999999651,104.24300000000001,1789798218.4004745,gps_back
51.53750000000582,117.37100000001374,104.241,1789798218.5004747,gps_back
51.458499999993364,117.41300000000047,104.241,1789798218.6004746,gps_back
51.37949999999546,117.44399999998859,104.245,1789798218.7004745,gps_back
51.300499999997555,117.48600000000442,104.24300000000001,1789798218.8004744,gps_back
51.229999999995925,117.5174999999872,104.241,1789798218.9004743,gps_back
51.159499999994296,117.55950000000303,104.242,1789798219.0004745,gps_back
51.08049999999639,117.60149999998976,104.24300000000001,1789798219.1004744,gps_back
51.01050000000396,117.63300000000163,104.242,1789798219.2004743,gps_back
50.94000000000233,117.6645000000135,104.24300000000001,1789798219.3004742,gps_back
50.87850000000617,117.70650000000023,104.244,1789798219.4004743,gps_back
50.81699999999546,117.73800000001211,104.248,1789798219.5004742,gps_back
50.74649999999383,117.76949999999488,104.25,1789798219.600474,gps_back
50.69400000000314,117.80100000000675,104.255,1789798219.700474,gps_back
50.63199999999779,117.84349999998813,104.255,1789798219.8004742,gps_back
50.57050000000163,117.875,104.257,1789798219.900474,gps_back
50.5,117.91699999998673,104.259,1789798220.000474,gps_back
50.43850000000384,117.9484999999986,104.259,1789798220.1004739,gps_back
50.37699999999313,117.99100000000908,104.253,1789798220.200474,gps_back
50.25350000000617,118.07600000000093,104.254,1789798220.4004738,gps_back
50.19199999999546,118.11799999998766,104.246,1789798220.5004737,gps_back
50.13000000000466,118.16049999999814,104.24300000000001,1789798220.6004739,gps_back
50.0679999999993,118.21350000001257,104.24000000000001,1789798220.7004738,gps_back
50.00650000000314,118.25599999999395,104.238,1789798220.8004737,gps_back
49.94449999999779,118.29850000000442,104.239,1789798220.9004736,gps_back
49.88300000000163,118.35149999998976,104.241,1789798221.0004737,gps_back
49.820999999996275,118.39400000000023,104.24300000000001,1789798221.1004736,gps_back
49.75900000000547,118.44699999998556,104.248,1789798221.2004735,gps_back
49.69749999999476,118.48949999999604,104.249,1789798221.3004735,gps_back
49.63550000000396,118.54250000001048,104.252,1789798221.4004736,gps_back
49.582500000004075,118.58499999999185,104.254,1789798221.5004735,gps_back
49.52049999999872,118.63850000000093,104.255,1789798221.6004734,gps_back
49.458499999993364,118.69149999998626,104.258,1789798221.7004733,gps_back
49.388000000006286,118.73399999999674,104.26,1789798221.8004732,gps_back
49.326499999995576,118.78700000001118,104.261,1789798221.9004734,gps_back
49.26450000000477,118.82949999999255,104.262,1789798222.0004733,gps_back
49.20249999999942,118.88250000000698,104.265,1789798222.1004732,gps_back
49.14100000000326,118.93599999998696,104.267,1789798222.200473,gps_back
49.078999999997905,118.9780000000028,104.271,1789798222.3004732,gps_back
49.02599999999802,119.03150000001187,104.272,1789798222.400473,gps_back
48.96400000000722,119.07399999999325,104.271,1789798222.500473,gps_back
48.91099999999278,119.11650000000373,104.276,1789798222.600473,gps_back
48.849499999996624,119.1590000000142,104.28,1789798222.700473,gps_back
48.79649999999674,119.20149999999558,104.281,1789798222.800473,gps_back
48.73450000000594,119.24350000001141,104.283,1789798222.9004729,gps_back
48.6024999999936,119.33900000000722,104.285,1789798223.100473,gps_back
48.470000000001164,119.43450000000303,104.292,1789798223.3004727,gps_back
48.39049999999406,119.48749999998836,104.292,1789798223.4004726,gps_back
48.320000000006985,119.5405000000028,104.292,1789798223.5004728,gps_back
48.249500000005355,119.59349999998813,104.295,1789798223.6004727,gps_back
48.17849999999453,119.65750000000116,104.297,1789798223.7004726,gps_back
48.099499999996624,119.7104999999865,104.293,1789798223.8004725,gps_back
48.02850000000035,119.76350000000093,104.294,1789798223.9004726,gps_back
47.966499999994994,119.82750000001397,104.3,1789798224.0004725,gps_back
47.887000000002445,119.8804999999993,104.305,1789798224.1004725,gps_back
47.816500000000815,119.93350000001374,104.312,1789798224.2004724,gps_back
47.745999999999185,119.98649999999907,104.316,1789798224.3004723,gps_back
47.596000000005006,120.10349999999744,104.316,1789798224.5004723,gps_back
47.445999999996275,120.1984999999986,104.319,1789798224.700472,gps_back
47.366500000003725,120.25150000001304,104.319,1789798224.8004723,gps_back
47.296000000002095,120.31500000000233,104.319,1789798224.9004722,gps_back
47.216499999994994,120.36799999998766,104.321,1789798225.000472,gps_back
47.13749999999709,120.4210000000021,104.321,1789798225.100472,gps_back
47.066500000000815,120.47399999998743,104.31700000000001,1789798225.200472,gps_back
46.995999999999185,120.53800000000047,104.316,1789798225.300472,gps_back
46.916500000006636,120.5909999999858,104.325,1789798225.400472,gps_back
46.84549999999581,120.65499999999884,104.325,1789798225.5004718,gps_back
46.77499999999418,120.70800000001327,104.327,1789798225.600472,gps_back
46.7045000000071,120.7719999999972,104.328,1789798225.7004719,gps_back
46.642500000001746,120.82500000001164,104.32600000000001,1789798225.8004718,gps_back
46.57150000000547,120.88899999999558,104.33,1789798225.9004717,gps_back
46.500499999994645,120.95300000000861,104.33,1789798226.0004718,gps_back
46.43850000000384,121.01699999999255,104.331,1789798226.1004717,gps_back
46.36800000000221,121.07000000000698,104.331,1789798226.2004716,gps_back
46.29700000000594,121.14449999999488,104.32900000000001,1789798226.3004715,gps_back
46.23500000000058,121.20900000000256,104.33200000000001,1789798226.4004717,gps_back
46.17299999999523,121.2729999999865,104.333,1789798226.5004716,gps_back
46.11049999999523,121.33699999999953,104.33,1789798226.6004715,gps_back
46.048500000004424,121.41200000001118,104.33200000000001,1789798226.7004714,gps_back
45.986000000004424,121.47599999999511,104.333,1789798226.8004715,gps_back
45.92399999999907,121.54000000000815,104.337,1789798226.9004714,gps_back
45.861999999993714,121.61499999999069,104.342,1789798227.0004714,gps_back
45.808499999999185,121.67900000000373,104.343,1789798227.1004713,gps_back
45.745999999999185,121.75399999998626,104.34700000000001,1789798227.2004712,gps_back
45.69250000000466,121.81849999999395,104.345,1789798227.3004713,gps_back
45.6304999999993,121.89350000000559,104.34700000000001,1789798227.4004712,gps_back
45.57700000000477,121.96849999998813,104.34700000000001,1789798227.500471,gps_back
45.52300000000105,122.04349999999977,104.34700000000001,1789798227.600471,gps_back
45.47849999999744,122.11900000000605,104.351,1789798227.7004712,gps_back
45.41599999999744,122.18299999998999,104.354,1789798227.800471,gps_back
45.37149999999383,122.25800000000163,104.357,1789798227.900471,gps_back
45.326499999995576,122.33350000000792,104.357,1789798228.0004709,gps_back
45.27300000000105,122.40849999999045,104.358,1789798228.100471,gps_back
45.21899999999732,122.4835000000021,104.35600000000001,1789798228.200471,gps_back
45.174499999993714,122.55900000000838,104.355,1789798228.3004708,gps_back
45.12949999999546,122.63399999999092,104.355,1789798228.4004707,gps_back
45.084499999997206,122.7094999999972,104.348,1789798228.5004709,gps_back
45.03100000000268,122.78450000000885,104.35300000000001,1789798228.6004708,gps_back
44.96850000000268,122.85949999999139,104.355,1789798228.7004707,gps_back
44.90649999999732,122.92350000000442,104.35900000000001,1789798228.8004706,gps_back
44.853000000002794,122.99849999998696,104.363,1789798228.9004707,gps_back
44.79099999999744,123.0625,104.367,1789798229.0004706,gps_back
44.736999999993714,123.13750000001164,104.364,1789798229.1004705,gps_back
44.67500000000291,123.21249999999418,104.363,1789798229.2004704,gps_back
44.62149999999383,123.28750000000582,104.364,1789798229.3004706,gps_back
44.56750000000466,123.37349999998696,104.366,1789798229.4004705,gps_back
44.5225000000064,123.44899999999325,104.36800000000001,1789798229.5004704,gps_back
44.46899999999732,123.52400000000489,104.367,1789798229.6004703,gps_back
44.40649999999732,123.59899999998743,104.37,1789798229.7004704,gps_back
44.353000000002794,123.67399999999907,104.37,1789798229.8004704,gps_back
44.299499999993714,123.73850000000675,104.374,1789798229.9004703,gps_back
44.245999999999185,123.81349999998929,104.382,1789798230.0004702,gps_back
44.19250000000466,123.88850000000093,104.387,1789798230.10047,gps_back
44.138999999995576,123.95250000001397,104.39,1789798230.2004702,gps_back
44.07700000000477,124.02749999999651,104.393,1789798230.30047,gps_back
44.02300000000105,124.10250000000815,104.394,1789798230.40047,gps_back
43.96950000000652,124.17800000001444,104.393,1789798230.50047,gps_back
43.91599999999744,124.25299999999697,104.389,1789798230.60047,gps_back
43.870999999999185,124.33900000000722,104.389,1789798230.70047,gps_back
43.834499999997206,124.4145000000135,104.386,1789798230.8004699,gps_back
43.78949999999895,124.50049999999464,104.387,1789798230.9004698,gps_back
43.7445000000007,124.57600000000093,104.393,1789798231.00047,gps_back
43.69100000000617,124.65100000001257,104.397,1789798231.1004698,gps_back
43.63749999999709,124.72599999999511,104.394,1789798231.2004697,gps_back
43.592499999998836,124.80100000000675,104.397,1789798231.3004696,gps_back
43.53900000000431,124.88699999998789,104.402,1789798231.4004698,gps_back
43.48500000000058,124.96249999999418,104.403,1789798231.5004697,gps_back
43.431500000006054,125.03750000000582,104.402,1789798231.6004696,gps_back
43.37799999999697,125.11249999998836,104.401,1789798231.7004695,gps_back
43.324500000002445,125.1875,104.4,1789798231.8004696,gps_back
43.270999999993364,125.26250000001164,104.402,1789798231.9004695,gps_back
43.21700000000419,125.33749999999418,104.401,1789798232.0004694,gps_back
43.154999999998836,125.41250000000582,104.402,1789798232.1004694,gps_back
43.08400000000256,125.47649999998976,104.406,1789798232.2004695,gps_back
43.021999999997206,125.5405000000028,104.406,1789798232.3004694,gps_back
42.95100000000093,125.60449999998673,104.416,1789798232.4004693,gps_back
42.8804999999993,125.66849999999977,104.422,1789798232.5004692,gps_back
42.8179999999993,125.74350000001141,104.424,1789798232.6004694,gps_back
42.7554999999993,125.81849999999395,104.428,1789798232.7004693,gps_back
42.70249999999942,125.88250000000698,104.431,1789798232.8004692,gps_back
42.63999999999942,125.95749999998952,104.433,1789798232.900469,gps_back
42.57799999999406,126.02150000000256,104.432,1789798233.000469,gps_back
42.51549999999406,126.0965000000142,104.432,1789798233.100469,gps_back
42.445000000006985,126.16049999999814,104.433,1789798233.200469,gps_back
42.37399999999616,126.22450000001118,104.429,1789798233.300469,gps_back
42.30349999999453,126.27749999999651,104.43,1789798233.4004688,gps_back
42.22400000000198,126.3409999999858,104.429,1789798233.500469,gps_back
42.153000000005704,126.39449999999488,104.421,1789798233.6004689,gps_back
42.07399999999325,126.44699999998556,104.417,1789798233.7004688,gps_back
41.9945000000007,126.5109999999986,104.418,1789798233.8004687,gps_back
41.923500000004424,126.56400000001304,104.419,1789798233.9004688,gps_back
41.84399999999732,126.62799999999697,104.423,1789798234.0004687,gps_back
41.77349999999569,126.68100000001141,104.428,1789798234.1004686,gps_back
41.69449999999779,126.7335000000021,104.427,1789798234.2004685,gps_back
41.61500000000524,126.78649999998743,104.429,1789798234.3004687,gps_back
41.53549999999814,126.83950000000186,104.431,1789798234.4004686,gps_back
41.46499999999651,126.8924999999872,104.432,1789798234.5004685,gps_back
41.3859999999986,126.93450000000303,104.434,1789798234.6004684,gps_back
41.306500000006054,126.98749999998836,104.437,1789798234.7004685,gps_back
41.21850000000268,127.02950000000419,104.434,1789798234.8004684,gps_back
41.13950000000477,127.08249999998952,104.433,1789798234.9004683,gps_back
41.05999999999767,127.13500000000931,104.43,1789798235.0004683,gps_back
40.98099999999977,127.17749999999069,104.424,1789798235.1004684,gps_back
40.90150000000722,127.23000000001048,104.419,1789798235.2004683,gps_back
40.81399999999849,127.2719999999972,104.414,1789798235.3004682,gps_back
40.725500000000466,127.32500000001164,104.405,1789798235.400468,gps_back
40.64650000000256,127.36699999999837,104.403,1789798235.5004683,gps_back
40.558499999999185,127.41949999998906,104.397,1789798235.6004682,gps_back
40.47950000000128,127.46150000000489,104.393,1789798235.700468,gps_back
40.391499999997905,127.51449999999022,104.39,1789798235.800468,gps_back
40.30349999999453,127.55600000001141,104.404,1789798235.900468,gps_back
40.215500000005704,127.59799999999814,104.414,1789798236.000468,gps_back
40.12799999999697,127.64000000001397,104.426,1789798236.100468,gps_back
40.04899999999907,127.6820000000007,104.433,1789798236.2004678,gps_back
39.96099999999569,127.72399999998743,104.441,1789798236.300468,gps_back
39.87300000000687,127.76600000000326,104.44500000000001,1789798236.4004679,gps_back
39.78549999999814,127.80749999999534,104.434,1789798236.5004678,gps_back
39.69749999999476,127.83850000001257,104.433,1789798236.6004677,gps_back
39.61000000000058,127.8804999999993,104.431,1789798236.7004678,gps_back
39.521999999997206,127.92249999998603,104.432,1789798236.8004677,gps_back
39.43399999999383,127.96450000000186,104.431,1789798236.9004676,gps_back
39.354999999995925,128.0064999999886,104.435,1789798237.0004675,gps_back
39.2670000000071,128.05900000000838,104.436,1789798237.1004674,gps_back
39.187999999994645,128.1009999999951,104.434,1789798237.2004676,gps_back
39.108500000002095,128.14300000001094,104.438,1789798237.3004675,gps_back
39.020999999993364,128.18499999999767,104.44,1789798237.4004674,gps_back
38.93300000000454,128.2270000000135,104.43900000000001,1789798237.5004673,gps_back
38.854000000006636,128.26900000000023,104.435,1789798237.6004674,gps_back
38.757500000006985,128.31049999999232,104.437,1789798237.7004673,gps_back
38.66950000000361,128.3420000000042,104.436,1789798237.8004673,gps_back
38.58199999999488,128.37299999999232,104.436,1789798237.9004672,gps_back
38.4945000000007,128.40400000000955,104.435,1789798238.0004673,gps_back
38.40649999999732,128.44550000000163,104.435,1789798238.1004672,gps_back
38.318499999993946,128.48749999998836,104.431,1789798238.200467,gps_back
38.221999999994296,128.5295000000042,104.435,1789798238.300467,gps_back
38.14350000000559,128.56049999999232,104.431,1789798238.4004672,gps_back
38.04649999999674,128.6020000000135,104.427,1789798238.500467,gps_back
37.95900000000256,128.63300000000163,104.418,1789798238.600467,gps_back
37.87149999999383,128.67499999998836,104.415,1789798238.7004669,gps_back
37.774499999999534,128.7170000000042,104.418,1789798238.800467,gps_back
37.677999999999884,128.75849999999627,104.413,1789798238.900467,gps_back
37.57300000000396,128.7895000000135,104.414,1789798239.0004668,gps_back
37.47650000000431,128.8420000000042,104.415,1789798239.1004667,gps_back
37.370999999999185,128.88349999999627,104.414,1789798239.2004669,gps_back
37.27499999999418,128.9145000000135,104.414,1789798239.3004668,gps_back
37.16950000000361,128.9560000000056,104.414,1789798239.4004667,gps_back
37.06449999999313,128.98649999999907,104.413,1789798239.5004666,gps_back
36.95900000000256,129.02799999999115,104.416,1789798239.6004667,gps_back
36.854000000006636,129.05900000000838,104.417,1789798239.7004666,gps_back
36.75800000000163,129.08950000000186,104.414,1789798239.8004665,gps_back
36.65249999999651,129.1314999999886,104.417,1789798239.9004664,gps_back
36.54750000000058,129.16200000001118,104.42,1789798240.0004666,gps_back
36.45100000000093,129.1929999999993,104.422,1789798240.1004665,gps_back
36.34649999999965,129.21249999999418,104.421,1789798240.2004664,gps_back
36.25,129.2435000000114,104.422,1789798240.3004663,gps_back
36.145000000004075,129.26350000000093,104.423,1789798240.4004664,gps_back
36.040500000002794,129.2829999999958,104.428,1789798240.5004663,gps_back
35.93550000000687,129.30300000001444,104.428,1789798240.6004663,gps_back
35.83049999999639,129.33400000000256,104.432,1789798240.7004662,gps_back
35.725500000000466,129.35349999999744,104.433,1789798240.8004663,gps_back
35.629000000000815,129.38449999998556,104.434,1789798240.9004662,gps_back
35.524499999999534,129.3935000000056,104.437,1789798241.000466,gps_back
35.41950000000361,129.4134999999951,104.435,1789798241.100466,gps_back
35.31449999999313,129.4439999999886,104.43900000000001,1789798241.200466,gps_back
35.2100000000064,129.45300000000861,104.438,1789798241.300466,gps_back
35.11350000000675,129.48399999999674,104.436,1789798241.400466,gps_back
35.00900000000547,129.49299999998766,104.438,1789798241.5004659,gps_back
34.903999999994994,129.51250000001164,104.443,1789798241.6004658,gps_back
34.79899999999907,129.53250000000116,104.44500000000001,1789798241.700466,gps_back
34.68550000000687,129.55199999999604,104.45100000000001,1789798241.8004658,gps_back
34.58950000000186,129.57199999998556,104.452,1789798241.9004657,gps_back
34.48450000000594,129.5920000000042,104.453,1789798242.0004656,gps_back
34.370999999999185,129.6119999999937,104.453,1789798242.1004658,gps_back
34.266499999997905,129.62100000001374,104.455,1789798242.2004657,gps_back
34.16150000000198,129.64050000000861,104.453,1789798242.3004656,gps_back
34.048500000004424,129.63850000000093,104.455,1789798242.4004655,gps_back
33.94400000000314,129.63649999999325,104.458,1789798242.5004656,gps_back
33.83950000000186,129.6350000000093,104.464,1789798242.6004655,gps_back
33.72599999999511,129.6435000000056,104.467,1789798242.7004654,gps_back
33.62149999999383,129.64199999999255,104.465,1789798242.8004653,gps_back
33.508499999996275,129.63949999999022,104.471,1789798242.9004655,gps_back
33.403999999994994,129.62700000000768,104.46900000000001,1789798243.0004654,gps_back
33.299499999993714,129.625,104.467,1789798243.1004653,gps_back
33.19550000000163,129.61249999998836,104.467,1789798243.2004652,gps_back
33.082500000004075,129.59950000001118,104.468,1789798243.3004653,gps_back
32.978000000002794,129.5865000000049,104.467,1789798243.4004653,gps_back
32.87399999999616,129.57399999999325,104.47,1789798243.5004652,gps_back
32.77850000000035,129.5615000000107,104.471,1789798243.600465,gps_back
32.67399999999907,129.54850000000442,104.471,1789798243.7004652,gps_back
32.570000000006985,129.53599999999278,104.476,1789798243.800465,gps_back
32.45699999999488,129.5119999999879,104.47800000000001,1789798243.900465,gps_back
32.36149999999907,129.48850000000675,104.482,1789798244.000465,gps_back
32.257500000006985,129.4649999999965,104.48100000000001,1789798244.100465,gps_back
32.15350000000035,129.44149999998626,104.483,1789798244.200465,gps_back
32.049499999993714,129.41800000000512,104.486,1789798244.3004649,gps_back
31.84100000000035,129.3814999999886,104.488,1789798244.500465,gps_back
31.736999999993714,129.36900000000605,104.491,1789798244.6004648,gps_back
31.520000000004075,129.33249999998952,104.494,1789798244.8004646,gps_back
31.415500000002794,129.31950000001234,104.496,1789798244.9004648,gps_back
31.320000000006985,129.2960000000021,104.494,1789798245.0004647,gps_back
31.21600000000035,129.27249999999185,104.49000000000001,1789798245.1004646,gps_back
31.103000000002794,129.25949999998556,104.492,1789798245.2004645,gps_back
31.007500000006985,129.24700000000303,104.495,1789798245.3004646,gps_back
30.90350000000035,129.23449999999139,104.499,1789798245.4004645,gps_back
30.79899999999907,129.2215000000142,104.507,1789798245.5004644,gps_back
30.694499999997788,129.20900000000256,104.512,1789798245.6004643,gps_back
30.590500000005704,129.18499999999767,104.515,1789798245.7004645,gps_back
30.48649999999907,129.17249999998603,104.516,1789798245.8004644,gps_back
30.39100000000326,129.1600000000035,104.516,1789798245.9004643,gps_back
30.278000000005704,129.1469999999972,104.516,1789798246.0004642,gps_back
30.17399999999907,129.12349999998696,104.519,1789798246.1004643,gps_back
30.077999999994063,129.11100000000442,104.52,1789798246.2004642,gps_back
29.97400000000198,129.09799999999814,104.521,1789798246.3004642,gps_back
29.869999999995343,129.0744999999879,104.519,1789798246.400464,gps_back
29.774499999999534,129.06200000000536,104.516,1789798246.5004642,gps_back
29.66150000000198,129.04899999999907,104.515,1789798246.600464,gps_back
29.56600000000617,129.02549999998882,104.516,1789798246.700464,gps_back
29.46150000000489,129.0130000000063,104.517,1789798246.800464,gps_back
29.357499999998254,129.0,104.518,1789798246.900464,gps_back
29.262000000002445,128.98749999998836,104.519,1789798247.000464,gps_back
29.15799999999581,128.96400000000722,104.518,1789798247.1004639,gps_back
29.05349999999453,128.95100000000093,104.518,1789798247.2004638,gps_back
28.948999999993248,128.9384999999893,104.52,1789798247.300464,gps_back
28.854000000006636,128.90400000000955,104.52,1789798247.4004638,gps_back
28.75,128.8914999999979,104.522,1789798247.5004637,gps_back
28.64549999999872,128.87849999999162,104.522,1789798247.6004636,gps_back
28.541500000006636,128.86600000000908,104.522,1789798247.7004638,gps_back
28.445999999996275,128.84249999999884,104.522,1789798247.8004637,gps_back
28.341499999994994,128.82949999999255,104.523,1789798247.9004636,gps_back
28.23750000000291,128.81700000001,104.526,1789798248.0004635,gps_back
28.13300000000163,128.80400000000373,104.527,1789798248.1004636,gps_back
28.028999999994994,128.79149999999208,104.528,1789798248.2004635,gps_back
27.924499999993714,128.7784999999858,104.529,1789798248.3004634,gps_back
27.82050000000163,128.75500000000466,104.531,1789798248.4004633,gps_back
27.71600000000035,128.74249999999302,104.535,1789798248.5004635,gps_back
27.611999999993714,128.72949999998673,104.536,1789798248.6004634,gps_back
27.507500000006985,128.7170000000042,104.539,1789798248.7004633,gps_back
27.40350000000035,128.69349999999395,104.54,1789798248.8004632,gps_back
27.299499999993714,128.68049999998766,104.539,1789798248.9004633,gps_back
27.195000000006985,128.65700000000652,104.538,1789798249.0004632,gps_back
27.09100000000035,128.64400000000023,104.539,1789798249.1004632,gps_back
26.98649999999907,128.6314999999886,104.54,1789798249.200463,gps_back
26.882500000006985,128.6185000000114,104.539,1789798249.3004632,gps_back
26.786999999996624,128.60599999999977,104.537,1789798249.400463,gps_back
26.68300000000454,128.58249999998952,104.54,1789798249.500463,gps_back
26.586999999999534,128.57000000000698,104.537,1789798249.600463,gps_back
26.491500000003725,128.55749999999534,104.54,1789798249.700463,gps_back
26.395999999993364,128.5450000000128,104.538,1789798249.800463,gps_back
26.3179999999993,128.53250000000116,104.537,1789798249.9004629,gps_back
26.239499999996042,128.53099999998813,104.537,1789798250.0004628,gps_back
26.16150000000198,128.51900000000023,104.543,1789798250.100463,gps_back
26.074500000002445,128.5064999999886,104.546,1789798250.2004628,gps_back
25.979000000006636,128.49400000000605,104.541,1789798250.3004627,gps_back
25.883499999996275,128.48099999999977,104.54,1789798250.4004626,gps_back
25.788000000000466,128.46849999998813,104.539,1789798250.5004628,gps_back
25.68399999999383,128.44500000000698,104.54,1789798250.6004627,gps_back
25.570999999996275,128.4320000000007,104.534,1789798250.7004626,gps_back
25.466499999994994,128.41949999998906,104.53,1789798250.8004625,gps_back
25.35349999999744,128.40650000001187,104.529,1789798250.9004626,gps_back
25.249500000005355,128.39400000000023,104.53,1789798251.0004625,gps_back
25.136499999993248,128.36999999999534,104.53,1789798251.1004624,gps_back
25.04099999999744,128.3465000000142,104.533,1789798251.2004623,gps_back
24.937000000005355,128.33400000000256,104.536,1789798251.3004625,gps_back
24.832500000004075,128.32099999999627,104.539,1789798251.4004624,gps_back
24.736999999993714,128.29749999998603,104.54,1789798251.5004623,gps_back
24.650500000003376,128.27449999999953,104.538,1789798251.6004622,gps_back
24.554999999993015,128.2619999999879,104.541,1789798251.7004623,gps_back
24.46799999999348,128.24950000000536,104.542,1789798251.8004622,gps_back
24.389999999999418,128.2259999999951,104.541,1789798251.9004622,gps_back
24.30349999999453,128.21400000000722,104.541,1789798252.000462,gps_back
24.22500000000582,128.20149999999558,104.543,1789798252.1004622,gps_back
24.146999999997206,128.18950000000768,104.541,1789798252.200462,gps_back
24.05999999999767,128.17699999999604,104.546,1789798252.300462,gps_back
23.973499999992782,128.1645000000135,104.544,1789798252.400462,gps_back
23.877999999996973,128.14100000000326,104.546,1789798252.5004618,gps_back
23.782500000001164,128.12849999999162,104.552,1789798252.600462,gps_back
23.67849999999453,128.10500000001048,104.557,1789798252.7004619,gps_back
23.582500000004075,128.0920000000042,104.559,1789798252.8004618,gps_back
23.48750000000291,128.06849999999395,104.561,1789798252.9004617,gps_back
23.38300000000163,128.06700000001,104.56,1789798253.0004618,gps_back
23.27850000000035,128.05400000000373,104.56,1789798253.1004617,gps_back
23.183499999999185,128.03049999999348,104.562,1789798253.2004616,gps_back
23.078999999997905,128.01800000001094,104.56,1789798253.3004615,gps_back
22.974499999996624,128.01600000000326,104.558,1789798253.4004617,gps_back
22.879000000000815,127.99249999999302,104.562,1789798253.5004616,gps_back
22.783500000005006,127.98000000001048,104.565,1789798253.6004615,gps_back
22.67949999999837,127.96749999999884,104.56400000000001,1789798253.7004614,gps_back
22.575500000006286,127.94349999999395,104.571,1789798253.8004615,gps_back
22.471000000005006,127.93100000001141,104.572,1789798253.9004614,gps_back
22.366500000003725,127.91800000000512,104.568,1789798254.0004613,gps_back
22.27150000000256,127.89499999998952,104.568,1789798254.1004612,gps_back
22.158500000005006,127.88200000001234,104.568,1789798254.2004614,gps_back
22.062999999994645,127.8695000000007,104.57000000000001,1789798254.3004613,gps_back
21.958499999993364,127.84549999999581,104.569,1789798254.4004612,gps_back
21.85450000000128,127.83300000001327,104.568,1789798254.500461,gps_back
21.75900000000547,127.82050000000163,104.571,1789798254.6004612,gps_back
21.65450000000419,127.80749999999534,104.56700000000001,1789798254.7004611,gps_back
21.559500000003027,127.7840000000142,104.57000000000001,1789798254.800461,gps_back
21.46349999999802,127.77150000000256,104.575,1789798254.900461,gps_back
21.359500000005937,127.75899999999092,104.569,1789798255.000461,gps_back
21.255000000004657,127.74600000001374,104.56700000000001,1789798255.100461,gps_back
21.159499999994296,127.7335000000021,104.568,1789798255.200461,gps_back
21.055500000002212,127.70999999999185,104.56700000000001,1789798255.3004608,gps_back
20.942500000004657,127.69699999998556,104.56700000000001,1789798255.400461,gps_back
20.83849999999802,127.68450000000303,104.568,1789798255.5004609,gps_back
20.73399999999674,127.66049999999814,104.57600000000001,1789798255.6004608,gps_back
20.630000000004657,127.6479999999865,104.57900000000001,1789798255.7004607,gps_back
20.525500000003376,127.63500000000931,104.583,1789798255.8004608,gps_back
20.413000000000466,127.61149999999907,104.58200000000001,1789798255.9004607,gps_back
20.317500000004657,127.59899999998743,104.58,1789798256.0004606,gps_back
20.213000000003376,127.58600000001024,104.581,1789798256.1004605,gps_back
20.117499999993015,127.5734999999986,104.581,1789798256.2004607,gps_back
20.021999999997206,127.54999999998836,104.58500000000001,1789798256.3004606,gps_back
19.926500000001397,127.53750000000582,104.58500000000001,1789798256.4004605,gps_back
19.831000000005588,127.52499999999418,104.589,1789798256.5004604,gps_back
19.735499999995227,127.51250000001164,104.58800000000001,1789798256.6004605,gps_back
19.639999999999418,127.49950000000536,104.584,1789798256.7004604,gps_back
19.54450000000361,127.47649999998976,104.586,1789798256.8004603,gps_back
19.448999999993248,127.46350000001257,104.587,1789798256.9004602,gps_back
19.335999999995693,127.45100000000093,104.583,1789798257.0004604,gps_back
19.240499999999884,127.43799999999464,104.57900000000001,1789798257.1004603,gps_back
19.136499999993248,127.4145000000135,104.57600000000001,1789798257.2004602,gps_back
19.03200000000652,127.40200000000186,104.58,1789798257.30046,gps_back
18.93649999999616,127.38949999999022,104.577,1789798257.4004602,gps_back
18.84100000000035,127.37650000001304,104.59400000000001,1789798257.5004601,gps_back
18.754000000000815,127.36449999999604,104.601,1789798257.60046,gps_back
18.658500000005006,127.3409999999858,104.60900000000001,1789798257.70046,gps_back
18.572000000000116,127.32850000000326,104.623,1789798257.80046,gps_back
18.485000000000582,127.31599999999162,104.629,1789798257.90046,gps_back
18.398000000001048,127.30350000000908,104.638,1789798258.00046,gps_back
18.30250000000524,127.29099999999744,104.649,1789798258.1004598,gps_back
18.215500000005704,127.2784999999858,104.656,1789798258.20046,gps_back
18.129000000000815,127.2554999999993,104.661,1789798258.3004599,gps_back
18.024499999999534,127.24249999999302,104.665,1789798258.4004598,gps_back
17.937999999994645,127.23000000001048,104.668,1789798258.5004597,gps_back
17.842499999998836,127.20650000000023,104.671,1789798258.6004598,gps_back
17.747000000003027,127.19399999998859,104.669,1789798258.7004597,gps_back
17.642500000001746,127.18150000000605,104.668,1789798258.8004596,gps_back
17.555999999996857,127.16899999999441,104.67,1789798258.9004595,gps_back
17.468999999997322,127.15650000001187,104.674,1789798259.0004597,gps_back
17.373500000001513,127.13300000000163,104.673,1789798259.1004596,gps_back
17.28650000000198,127.12049999998999,104.676,1789798259.2004595,gps_back
17.19100000000617,127.10800000000745,104.681,1789798259.3004594,gps_back
17.104000000006636,127.10649999999441,104.68,1789798259.4004593,gps_back
17.008499999996275,127.08300000001327,104.687,1789798259.5004594,gps_back
16.800499999997555,127.04649999999674,104.687,1789798259.7004592,gps_back
16.69650000000547,127.0229999999865,104.685,1789798259.8004591,gps_back
16.59200000000419,127.01050000000396,104.68900000000001,1789798259.9004593,gps_back
16.49649999999383,126.98699999999371,104.688,1789798260.0004592,gps_back
16.392500000001746,126.96350000001257,104.684,1789798260.100459,gps_back
16.279999999998836,126.93950000000768,104.678,1789798260.200459,gps_back
16.175499999997555,126.92699999999604,104.669,1789798260.3004591,gps_back
16.07150000000547,126.90299999999115,104.662,1789798260.400459,gps_back
15.967499999998836,126.87950000001001,104.652,1789798260.500459,gps_back
15.85450000000128,126.85599999999977,104.644,1789798260.6004589,gps_back
15.74199999999837,126.83199999999488,104.63,1789798260.700459,gps_back
15.63749999999709,126.80850000001374,104.628,1789798260.800459,gps_back
15.516499999997905,126.78450000000885,104.617,1789798260.9004588,gps_back
15.394499999994878,126.77150000000256,104.602,1789798261.0004587,gps_back
15.281499999997322,126.76949999999488,104.59100000000001,1789798261.1004589,gps_back
15.186000000001513,126.74600000001374,104.59,1789798261.2004588,gps_back
15.099000000001979,126.7335000000021,104.58800000000001,1789798261.3004587,gps_back
14.994999999995343,126.72099999999045,104.58800000000001,1789798261.4004586,gps_back
14.899499999999534,126.69750000000931,104.59,1789798261.5004587,gps_back
14.804000000003725,126.68499999999767,104.59400000000001,1789798261.6004586,gps_back
14.708499999993364,126.67199999999139,104.59400000000001,1789798261.7004585,gps_back
14.60450000000128,126.64850000001024,104.59700000000001,1789798261.8004584,gps_back
14.491500000003725,126.63550000000396,104.596,1789798261.9004586,gps_back
14.395999999993364,126.61249999998836,104.59700000000001,1789798262.0004585,gps_back
14.282999999995809,126.59950000001118,104.59400000000001,1789798262.1004584,gps_back
14.179000000003725,126.57600000000093,104.589,1789798262.2004583,gps_back
14.092499999998836,126.54149999999208,104.592,1789798262.3004584,gps_back
13.987999999997555,126.52900000000955,104.595,1789798262.4004583,gps_back
13.892999999996391,126.5054999999993,104.589,1789798262.5004582,gps_back
13.805999999996857,126.48199999998906,104.593,1789798262.6004581,gps_back
13.71950000000652,126.44800000000396,104.595,1789798262.700458,gps_back
13.63300000000163,126.42449999999371,104.596,1789798262.8004582,gps_back
13.54649999999674,126.40150000000722,104.59700000000001,1789798262.900458,gps_back
13.468500000002678,126.36749999999302,104.59700000000001,1789798263.000458,gps_back
13.39100000000326,126.32250000000931,104.598,1789798263.100458,gps_back
13.322000000000116,126.28849999999511,104.602,1789798263.200458,gps_back
13.244500000000698,126.24400000000605,104.60000000000001,1789798263.300458,gps_back
13.175499999997555,126.19899999999325,104.60600000000001,1789798263.4004579,gps_back
13.106499999994412,126.1655000000028,104.60600000000001,1789798263.5004578,gps_back
13.046000000002095,126.13149999998859,104.607,1789798263.600458,gps_back
12.986000000004424,126.08699999999953,104.60600000000001,1789798263.7004578,gps_back
12.925499999997555,126.05350000000908,104.602,1789798263.8004577,gps_back
12.865499999999884,126.01949999999488,104.61,1789798263.9004576,gps_back
12.796000000002095,125.98600000000442,104.605,1789798264.0004578,gps_back
12.726999999998952,125.95199999999022,104.60600000000001,1789798264.1004577,gps_back
12.649499999999534,125.91800000000512,104.608,1789798264.2004576,gps_back
12.571500000005472,125.88399999999092,104.608,1789798264.3004575,gps_back
12.502500000002328,125.85000000000582,104.604,1789798264.4004576,gps_back
12.415999999997439,125.81599999999162,104.601,1789798264.5004575,gps_back
12.347500000003492,125.76050000000396,104.596,1789798264.6004574,gps_back
12.269499999994878,125.72649999998976,104.58800000000001,1789798264.7004573,gps_back
12.19199999999546,125.68150000000605,104.58800000000001,1789798264.8004575,gps_back
12.114499999996042,125.64749999999185,104.58800000000001,1789798264.9004574,gps_back
12.045499999992899,125.59200000000419,104.587,1789798265.0004573,gps_back
11.96799999999348,125.54749999998603,104.587,1789798265.1004572,gps_back
11.899499999999534,125.49150000000373,104.587,1789798265.2004573,gps_back
11.830499999996391,125.44699999998556,104.58800000000001,1789798265.3004572,gps_back
11.761499999993248,125.40249999999651,104.587,1789798265.4004571,gps_back
11.702000000004773,125.34700000000885,104.589,1789798265.500457,gps_back
11.624500000005355,125.29099999999744,104.593,1789798265.600457,gps_back
11.564499999993131,125.23600000000442,104.589,1789798265.700457,gps_back
11.495999999999185,125.17999999999302,104.586,1789798265.800457,gps_back
11.436000000001513,125.125,104.584,1789798265.900457,gps_back
11.367499999993015,125.05850000001374,104.58800000000001,1789798266.0004568,gps_back
11.307499999995343,125.00299999999697,104.593,1789798266.100457,gps_back
11.247499999997672,124.94750000000931,104.60000000000001,1789798266.2004569,gps_back
11.1875,124.88149999998859,104.601,1789798266.3004568,gps_back
11.127999999996973,124.81500000000233,104.607,1789798266.4004567,gps_back
11.05899999999383,124.75949999998556,104.605,1789798266.5004568,gps_back
10.998999999996158,124.7039999999979,104.605,1789798266.6004567,gps_back
10.930999999996857,124.63750000001164,104.602,1789798266.7004566,gps_back
10.870999999999185,124.58199999999488,104.60300000000001,1789798266.8004565,gps_back
10.811000000001513,124.51600000000326,104.599,1789798266.9004567,gps_back
10.751499999998487,124.44949999998789,104.60300000000001,1789798267.0004566,gps_back
10.691500000000815,124.38349999999627,104.605,1789798267.1004565,gps_back
10.631500000003143,124.31700000001001,104.607,1789798267.2004564,gps_back
10.580499999996391,124.25099999998929,104.613,1789798267.3004565,gps_back
10.520999999993364,124.18499999999767,104.61500000000001,1789798267.4004564,gps_back
10.470000000001164,124.10800000000745,104.622,1789798267.5004563,gps_back
10.410499999998137,124.03049999999348,104.60600000000001,1789798267.6004562,gps_back
10.350500000000466,123.96450000000186,104.595,1789798267.7004564,gps_back
10.290999999997439,123.88750000001164,104.583,1789798267.8004563,gps_back
10.240499999999884,123.81049999999232,104.581,1789798267.9004562,gps_back
10.188999999998487,123.74400000000605,104.577,1789798268.000456,gps_back
10.138500000000931,123.66699999998673,104.571,1789798268.100456,gps_back
10.08749999999418,123.58999999999651,104.575,1789798268.2004561,gps_back
10.045499999992899,123.51350000000093,104.57600000000001,1789798268.300456,gps_back
9.994500000000698,123.43650000001071,104.584,1789798268.400456,gps_back
9.943499999993946,123.35949999999139,104.592,1789798268.5004559,gps_back
9.900999999998021,123.29349999999977,104.59400000000001,1789798268.600456,gps_back
9.850500000000466,123.21650000000955,104.596,1789798268.700456,gps_back
9.80800000000454,123.13949999999022,104.598,1789798268.8004558,gps_back
9.757500000006985,123.06299999999464,104.59700000000001,1789798268.9004557,gps_back
9.697499999994761,122.99650000000838,104.596,1789798269.0004559,gps_back
9.646500000002561,122.93049999998766,104.59700000000001,1789798269.1004558,gps_back
9.595499999995809,122.86449999999604,104.599,1789798269.2004557,gps_back
9.535999999992782,122.78700000001118,104.59700000000001,1789798269.3004556,gps_back
9.485000000000582,122.72099999999045,104.59700000000001,1789798269.4004557,gps_back
9.42500000000291,122.64400000000023,104.592,1789798269.5004556,gps_back
9.38300000000163,122.56700000001001,104.589,1789798269.6004555,gps_back
9.34100000000035,122.49050000001444,104.593,1789798269.7004554,gps_back
9.307499999995343,122.42449999999371,104.592,1789798269.8004556,gps_back
9.256500000003143,122.33650000000489,104.589,1789798269.9004555,gps_back
9.222999999998137,122.26000000000931,104.592,1789798270.0004554,gps_back
9.180999999996857,122.19399999998859,104.59,1789798270.1004553,gps_back
9.147500000006403,122.10649999999441,104.593,1789798270.2004554,gps_back
9.114000000001397,122.02999999999884,104.59400000000001,1789798270.3004553,gps_back
9.072000000000116,121.94200000001001,104.59700000000001,1789798270.4004552,gps_back
9.03849999999511,121.86550000001444,104.59400000000001,1789798270.5004551,gps_back
9.005000000004657,121.78899999998976,104.586,1789798270.600455,gps_back
8.971999999994296,121.70149999999558,104.59100000000001,1789798270.7004552,gps_back
8.938500000003842,121.6140000000014,104.592,1789798270.800455,gps_back
8.914000000004307,121.53750000000582,104.593,1789798270.900455,gps_back
8.898000000001048,121.45000000001164,104.596,1789798271.000455,gps_back
8.873500000001513,121.36249999998836,104.59700000000001,1789798271.100455,gps_back
8.849000000001979,121.27549999998882,104.59700000000001,1789798271.200455,gps_back
8.83299999999872,121.19899999999325,104.59700000000001,1789798271.3004549,gps_back
8.808499999999185,121.11149999999907,104.602,1789798271.4004548,gps_back
8.792499999995925,121.02449999999953,104.602,1789798271.500455,gps_back
8.776500000007218,120.93700000000536,104.599,1789798271.6004548,gps_back
8.751999999993131,120.85000000000582,104.59400000000001,1789798271.7004547,gps_back
8.736499999999069,120.76250000001164,104.592,1789798271.8004546,gps_back
8.720499999995809,120.67550000001211,104.595,1789798271.9004548,gps_back
8.695999999996275,120.57699999999022,104.59,1789798272.0004547,gps_back
8.680500000002212,120.47899999999208,104.587,1789798272.1004546,gps_back
8.657500000001164,120.30499999999302,104.589,1789798272.3004546,gps_back
8.650500000003376,120.21799999999348,104.584,1789798272.4004545,gps_back
8.627500000002328,120.04349999999977,104.58200000000001,1789798272.6004543,gps_back
8.611499999999069,119.95650000000023,104.58200000000001,1789798272.7004542,gps_back
8.60450000000128,119.8695000000007,104.58500000000001,1789798272.8004544,gps_back
8.597500000003492,119.77150000000256,104.586,1789798272.9004543,gps_back
8.589999999996508,119.68450000000303,104.584,1789798273.0004542,gps_back
8.585000000006403,119.49950000000536,104.578,1789798273.2004542,gps_back
8.579500000007101,119.32550000000629,104.57600000000001,1789798273.400454,gps_back
8.572499999994761,119.22750000000815,104.57600000000001,1789798273.500454,gps_back
8.566500000000815,119.05350000000908,104.571,1789798273.700454,gps_back
8.577000000004773,118.96700000000419,104.57600000000001,1789798273.800454,gps_back
8.57850000000326,118.88000000000466,104.572,1789798273.9004538,gps_back
8.580000000001746,118.79300000000512,104.58,1789798274.000454,gps_back
8.590500000005704,118.70650000000023,104.581,1789798274.1004539,gps_back
8.592000000004191,118.6195000000007,104.583,1789798274.2004538,gps_back
8.602499999993597,118.5219999999972,104.57900000000001,1789798274.3004537,gps_back
8.604000000006636,118.43499999999767,104.572,1789798274.4004538,gps_back
8.605500000005122,118.34799999999814,104.569,1789798274.5004537,gps_back
8.615999999994528,118.26149999999325,104.569,1789798274.6004536,gps_back
8.626000000003842,118.17449999999371,104.563,1789798274.7004535,gps_back
8.636499999993248,118.08799999998882,104.563,1789798274.8004534,gps_back
8.646999999997206,117.99050000001444,104.565,1789798274.9004536,gps_back
8.65700000000652,117.9145000000135,104.562,1789798275.0004535,gps_back
8.676000000006752,117.82800000000861,104.56,1789798275.1004534,gps_back
8.686000000001513,117.74100000000908,104.56,1789798275.2004533,gps_back
8.696500000005472,117.64350000000559,104.56400000000001,1789798275.3004534,gps_back
8.715500000005704,117.5570000000007,104.562,1789798275.4004533,gps_back
8.734500000005937,117.47049999999581,104.563,1789798275.5004532,gps_back
8.744999999995343,117.37299999999232,104.565,1789798275.6004531,gps_back
8.772500000006403,117.28649999998743,104.562,1789798275.7004533,gps_back
8.791500000006636,117.20000000001164,104.561,1789798275.8004532,gps_back
8.819499999997788,117.11350000000675,104.56400000000001,1789798275.900453,gps_back
8.838499999998021,117.01600000000326,104.565,1789798276.000453,gps_back
8.857499999998254,116.94000000000233,104.562,1789798276.1004531,gps_back
8.884999999994761,116.85349999999744,104.558,1789798276.200453,gps_back
8.903999999994994,116.76699999999255,104.556,1789798276.300453,gps_back
8.922999999995227,116.68049999998766,104.557,1789798276.4004529,gps_back
8.94199999999546,116.59400000001187,104.56,1789798276.500453,gps_back
8.971000000005006,116.42050000000745,104.566,1789798276.7004528,gps_back
8.990000000005239,116.33400000000256,104.569,1789798276.8004527,gps_back
9.000499999994645,116.24749999999767,104.568,1789798276.9004529,gps_back
9.010500000003958,116.16049999999814,104.572,1789798277.0004528,gps_back
9.020999999993364,116.06299999999464,104.56700000000001,1789798277.1004527,gps_back
9.039999999993597,115.97649999998976,104.572,1789798277.2004526,gps_back
9.05899999999383,115.89000000001397,104.57600000000001,1789798277.3004527,gps_back
9.069499999997788,115.79199999998673,104.58200000000001,1789798277.4004526,gps_back
9.080000000001746,115.70550000001094,104.581,1789798277.5004525,gps_back
9.089999999996508,115.61900000000605,104.577,1789798277.6004524,gps_back
9.10899999999674,115.53200000000652,104.58200000000001,1789798277.7004523,gps_back
9.127999999996973,115.43450000000303,104.575,1789798277.8004525,gps_back
9.146999999997206,115.34799999999814,104.57000000000001,1789798277.9004524,gps_back
9.148499999995693,115.26149999999325,104.566,1789798278.0004523,gps_back
9.15899999999965,115.17449999999371,104.56400000000001,1789798278.1004522,gps_back
9.186499999996158,115.09899999998743,104.562,1789798278.2004523,gps_back
9.196500000005472,115.01199999998789,104.558,1789798278.3004522,gps_back
9.21600000000035,114.91500000000815,104.558,1789798278.4004521,gps_back
9.243499999996857,114.82850000000326,104.562,1789798278.500452,gps_back
9.254000000000815,114.74150000000373,104.563,1789798278.6004522,gps_back
9.263999999995576,114.65499999999884,104.556,1789798278.700452,gps_back
9.283500000005006,114.55749999999534,104.553,1789798278.800452,gps_back
9.301999999996042,114.48149999999441,104.556,1789798278.900452,gps_back
9.329500000007101,114.39550000001327,104.558,1789798279.000452,gps_back
9.331500000000233,114.29749999998603,104.56,1789798279.100452,gps_back
9.35899999999674,114.21100000001024,104.561,1789798279.2004519,gps_back
9.369500000000698,114.12450000000536,104.552,1789798279.3004518,gps_back
9.37949999999546,114.03750000000582,104.546,1789798279.400452,gps_back
9.39900000000489,113.94000000000233,104.543,1789798279.5004518,gps_back
9.40899999999965,113.85349999999744,104.543,1789798279.6004517,gps_back
9.427999999999884,113.76699999999255,104.538,1789798279.7004516,gps_back
9.438500000003842,113.67999999999302,104.54,1789798279.8004518,gps_back
9.448999999993248,113.58249999998952,104.543,1789798279.9004517,gps_back
9.459000000002561,113.49600000001374,104.542,1789798280.0004516,gps_back
9.478000000002794,113.4090000000142,104.544,1789798280.1004515,gps_back
9.497000000003027,113.32250000000931,104.545,1789798280.2004516,gps_back
9.507500000006985,113.23600000000442,104.54,1789798280.3004515,gps_back
9.526500000007218,113.14949999999953,104.541,1789798280.4004514,gps_back
9.536500000001979,113.0625,104.543,1789798280.5004513,gps_back
9.547000000005937,112.97599999999511,104.546,1789798280.6004512,gps_back
9.557499999995343,112.87799999999697,104.548,1789798280.7004514,gps_back
9.576499999995576,112.79149999999208,104.557,1789798280.8004513,gps_back
9.595000000001164,112.7049999999872,104.561,1789798280.9004512,gps_back
9.605500000005122,112.6075000000128,104.554,1789798281.000451,gps_back
9.615999999994528,112.52050000001327,104.549,1789798281.1004512,gps_back
9.626000000003842,112.43400000000838,104.546,1789798281.2004511,gps_back
9.636499999993248,112.34700000000885,104.544,1789798281.300451,gps_back
9.646999999997206,112.26050000000396,104.542,1789798281.400451,gps_back
9.665500000002794,112.17399999999907,104.539,1789798281.500451,gps_back
9.676000000006752,112.08699999999953,104.539,1789798281.600451,gps_back
9.695000000006985,112.00049999999464,104.534,1789798281.700451,gps_back
9.714000000007218,111.91399999998976,104.536,1789798281.8004508,gps_back
9.724000000001979,111.82699999999022,104.538,1789798281.900451,gps_back
9.734500000005937,111.74050000001444,104.538,1789798282.0004508,gps_back
9.75350000000617,111.65400000000955,104.542,1789798282.1004508,gps_back
9.763999999995576,111.55650000000605,104.541,1789798282.2004507,gps_back
9.782999999995809,111.46950000000652,104.541,1789798282.3004508,gps_back
9.801999999996042,111.38300000000163,104.544,1789798282.4004507,gps_back
9.812000000005355,111.29649999999674,104.542,1789798282.5004506,gps_back
9.831000000005588,111.20999999999185,104.543,1789798282.6004505,gps_back
9.85000000000582,111.12299999999232,104.542,1789798282.7004507,gps_back
9.860499999995227,111.03649999998743,104.542,1789798282.8004506,gps_back
9.87949999999546,110.95000000001164,104.544,1789798282.9004505,gps_back
9.889999999999418,110.85250000000815,104.543,1789798283.0004504,gps_back
9.90899999999965,110.76550000000861,104.542,1789798283.1004505,gps_back
9.918999999994412,110.67900000000373,104.54,1789798283.2004504,gps_back
9.937999999994645,110.59249999999884,104.533,1789798283.3004503,gps_back
9.948499999998603,110.5054999999993,104.528,1789798283.4004502,gps_back
9.967499999998836,110.41899999999441,104.529,1789798283.5004504,gps_back
9.977499999993597,110.33249999998952,104.532,1789798283.6004503,gps_back
9.987999999997555,110.23499999998603,104.533,1789798283.7004502,gps_back
10.015499999994063,110.14850000001024,104.538,1789798283.80045,gps_back
10.025999999998021,110.06150000001071,104.536,1789798283.90045,gps_back
10.044999999998254,109.97500000000582,104.533,1789798284.0004501,gps_back
10.064499999993131,109.86650000000373,104.531,1789798284.10045,gps_back
10.083499999993364,109.76949999999488,104.532,1789798284.20045,gps_back
10.103000000002794,109.66099999999278,104.531,1789798284.3004498,gps_back
10.122000000003027,109.56349999998929,104.535,1789798284.40045,gps_back
10.141499999997905,109.4549999999872,104.531,1789798284.50045,gps_back
10.160499999998137,109.34700000000885,104.533,1789798284.6004498,gps_back
10.17149999999674,109.23850000000675,104.532,1789798284.7004497,gps_back
10.190499999996973,109.13000000000466,104.531,1789798284.8004498,gps_back
10.210000000006403,109.03250000000116,104.531,1789798284.9004498,gps_back
10.22950000000128,108.92449999999371,104.528,1789798285.0004497,gps_back
10.248500000001513,108.81599999999162,104.525,1789798285.1004496,gps_back
10.259000000005472,108.71849999998813,104.527,1789798285.2004497,gps_back
10.27850000000035,108.62100000001374,104.524,1789798285.3004496,gps_back
10.289000000004307,108.51250000001164,104.523,1789798285.4004495,gps_back
10.30800000000454,108.41500000000815,104.521,1789798285.5004494,gps_back
10.327000000004773,108.32850000000326,104.516,1789798285.6004496,gps_back
10.354999999995925,108.23099999999977,104.509,1789798285.7004495,gps_back
10.347999999998137,108.14400000000023,104.499,1789798285.8004494,gps_back
10.349499999996624,108.04649999999674,104.49300000000001,1789798285.9004493,gps_back
10.369000000006054,107.93799999999464,104.488,1789798286.0004494,gps_back
10.396999999997206,107.8409999999858,104.485,1789798286.1004493,gps_back
10.39900000000489,107.7215000000142,104.474,1789798286.2004492,gps_back
10.426999999996042,107.62400000001071,104.47200000000001,1789798286.3004491,gps_back
10.4375,107.50450000001001,104.47,1789798286.4004493,gps_back
10.456999999994878,107.39650000000256,104.46600000000001,1789798286.5004492,gps_back
10.476500000004307,107.28800000000047,104.46300000000001,1789798286.600449,gps_back
10.495999999999185,107.16899999999441,104.47,1789798286.700449,gps_back
10.506500000003143,107.06049999999232,104.46000000000001,1789798286.8004491,gps_back
10.534499999994296,106.95250000001397,104.465,1789798286.900449,gps_back
10.545499999992899,106.84400000001187,104.46300000000001,1789798287.000449,gps_back
10.584000000002561,106.62750000000233,104.45100000000001,1789798287.200449,gps_back
10.61250000000291,106.50849999999627,104.498,1789798287.300449,gps_back
10.631500000003143,106.39999999999418,104.505,1789798287.4004488,gps_back
10.650999999998021,106.28099999998813,104.505,1789798287.5004487,gps_back
10.670499999992899,106.17249999998603,104.505,1789798287.6004488,gps_back
10.690000000002328,106.06400000001304,104.505,1789798287.7004488,gps_back
10.709499999997206,105.95600000000559,104.502,1789798287.8004487,gps_back
10.729000000006636,105.83650000000489,104.502,1789798287.9004486,gps_back
10.748500000001513,105.72849999999744,104.501,1789798288.0004487,gps_back
10.759000000005472,105.61999999999534,104.499,1789798288.1004486,gps_back
10.77850000000035,105.51149999999325,104.498,1789798288.2004485,gps_back
10.797999999995227,105.3924999999872,104.499,1789798288.3004484,gps_back
10.81699999999546,105.2840000000142,104.502,1789798288.4004483,gps_back
10.83650000000489,105.17600000000675,104.501,1789798288.5004485,gps_back
10.846999999994296,105.06750000000466,104.499,1789798288.6004484,gps_back
10.866500000003725,104.95900000000256,104.497,1789798288.7004483,gps_back
10.885999999998603,104.85050000000047,104.492,1789798288.8004482,gps_back
10.904999999998836,104.75349999999162,104.486,1789798288.9004483,gps_back
10.915999999997439,104.62299999999232,104.48700000000001,1789798289.0004482,gps_back
10.935500000006869,104.52549999998882,104.498,1789798289.1004481,gps_back
10.945999999996275,104.41699999998673,104.497,1789798289.200448,gps_back
10.993499999996857,104.20100000000093,104.498,1789798289.400448,gps_back
11.013000000006286,104.09249999999884,104.502,1789798289.500448,gps_back
11.03200000000652,103.98399999999674,104.505,1789798289.600448,gps_back
11.043000000005122,103.86499999999069,104.508,1789798289.700448,gps_back
11.070999999996275,103.7674999999872,104.503,1789798289.800448,gps_back
11.090500000005704,103.6590000000142,104.503,1789798289.9004478,gps_back
11.10099999999511,103.55100000000675,104.501,1789798290.0004478,gps_back
11.12050000000454,103.43150000000605,104.496,1789798290.100448,gps_back
11.139999999999418,103.3234999999986,104.495,1789798290.2004478,gps_back
11.15899999999965,103.21499999999651,104.497,1789798290.3004477,gps_back
11.169999999998254,103.09549999999581,104.494,1789798290.4004476,gps_back
11.206999999994878,102.98749999998836,104.491,1789798290.5004478,gps_back
11.22599999999511,102.89000000001397,104.482,1789798290.6004477,gps_back
11.228000000002794,102.77050000001327,104.47800000000001,1789798290.7004476,gps_back
11.255999999993946,102.66250000000582,104.476,1789798290.8004475,gps_back
11.267000000007101,102.55400000000373,104.47500000000001,1789798290.9004476,gps_back
11.285999999992782,102.44599999999627,104.477,1789798291.0004475,gps_back
11.305500000002212,102.33749999999418,104.47500000000001,1789798291.1004474,gps_back
11.32499999999709,102.21849999998813,104.479,1789798291.2004473,gps_back
11.335999999995693,102.10999999998603,104.477,1789798291.3004475,gps_back
11.364000000001397,102.00150000001304,104.476,1789798291.4004474,gps_back
11.383499999996275,101.89350000000559,104.467,1789798291.5004473,gps_back
11.402499999996508,101.78500000000349,104.46600000000001,1789798291.6004472,gps_back
11.422000000005937,101.67699999999604,104.46600000000001,1789798291.7004473,gps_back
11.441500000000815,101.56849999999395,104.46900000000001,1789798291.8004472,gps_back
11.460500000001048,101.45999999999185,104.465,1789798291.9004471,gps_back
11.480500000005122,101.3409999999858,104.46300000000001,1789798292.000447,gps_back
11.490999999994528,101.2325000000128,104.456,1789798292.1004472,gps_back
11.519000000000233,101.12450000000536,104.453,1789798292.200447,gps_back
11.529500000004191,101.01600000000326,104.452,1789798292.300447,gps_back
11.548999999999069,100.90750000000116,104.45100000000001,1789798292.400447,gps_back
11.568499999993946,100.79949999999371,104.453,1789798292.500447,gps_back
11.58749999999418,100.69099999999162,104.452,1789798292.600447,gps_back
11.607000000003609,100.58249999998952,104.44800000000001,1789798292.7004468,gps_back
11.626499999998487,100.48550000000978,104.44800000000001,1789798292.8004467,gps_back
11.645999999993364,100.36600000000908,104.447,1789798292.900447,gps_back
11.664999999993597,100.26850000000559,104.446,1789798293.0004468,gps_back
11.684500000003027,100.16049999999814,104.441,1789798293.1004467,gps_back
11.695000000006985,100.04099999999744,104.443,1789798293.2004466,gps_back
11.697499999994761,99.91049999999814,104.447,1789798293.3004467,gps_back
11.70799999999872,99.82399999999325,104.446,1789798293.4004467,gps_back
11.718500000002678,99.72649999998976,104.446,1789798293.5004466,gps_back
11.739499999996042,99.50949999998556,104.426,1789798293.7004466,gps_back
11.758499999996275,99.42300000000978,104.432,1789798293.8004465,gps_back
11.777499999996508,99.33600000001024,104.438,1789798293.9004464,gps_back
11.79649999999674,99.26050000000396,104.44500000000001,1789798294.0004463,gps_back
11.806500000006054,99.17399999999907,104.44200000000001,1789798294.1004465,gps_back
11.816500000000815,99.09799999999814,104.447,1789798294.2004464,gps_back
11.835500000001048,99.0219999999972,104.45,1789798294.3004463,gps_back
11.85450000000128,98.93549999999232,104.45700000000001,1789798294.4004462,gps_back
11.873500000001513,98.84899999998743,104.47200000000001,1789798294.5004463,gps_back
11.883499999996275,98.7840000000142,104.467,1789798294.6004462,gps_back
11.903000000005704,98.65400000000955,104.46600000000001,1789798294.7004461,gps_back
11.931500000006054,98.53500000000349,104.456,1789798294.800446,gps_back
11.951000000000931,98.40499999999884,104.447,1789798294.9004462,gps_back
11.971000000005006,98.27499999999418,104.44500000000001,1789798295.000446,gps_back
12.00800000000163,98.15599999998813,104.437,1789798295.100446,gps_back
12.035999999992782,98.02600000001257,104.428,1789798295.200446,gps_back
12.064499999993131,97.89650000000256,104.433,1789798295.300446,gps_back
12.084499999997206,97.7664999999979,104.43,1789798295.400446,gps_back
12.104000000006636,97.6359999999986,104.411,1789798295.5004458,gps_back
12.131999999997788,97.53899999998976,104.409,1789798295.6004457,gps_back
12.142000000007101,97.46299999998882,104.413,1789798295.8004458,gps_back
12.160499999998137,97.4090000000142,104.416,1789798295.9004457,gps_back
12.161500000001979,97.35500000001048,104.416,1789798296.0004456,gps_back
12.17149999999674,97.2895000000135,104.41,1789798296.1004457,gps_back
12.181500000006054,97.22450000001118,104.415,1789798296.2004457,gps_back
12.191500000000815,97.13800000000629,104.415,1789798296.3004456,gps_back
12.202000000004773,97.0405000000028,104.419,1789798296.4004455,gps_back
12.22149999999965,96.9320000000007,104.413,1789798296.5004456,gps_back
12.232000000003609,96.81299999999464,104.412,1789798296.6004455,gps_back
12.234500000005937,96.68249999999534,104.41,1789798296.7004454,gps_back
12.263000000006286,96.55249999999069,104.409,1789798296.8004453,gps_back
12.274499999999534,96.41149999998743,104.418,1789798296.9004455,gps_back
12.250499999994645,96.28049999999348,104.43900000000001,1789798297.0004454,gps_back
12.244000000006054,96.16099999999278,104.45700000000001,1789798297.1004453,gps_back
12.24649999999383,96.00899999999092,104.474,1789798297.2004452,gps_back
12.275500000003376,95.8575000000128,104.476,1789798297.3004453,gps_back
12.324500000002445,95.54300000000512,104.496,1789798297.5004451,gps_back
12.068499999993946,95.26699999999255,104.524,1789798297.7004452,gps_back
11.855999999999767,94.98050000000512,104.547,1789798297.900445,gps_back
11.744500000000698,94.88099999999395,104.499,1789798298.100445,gps_back
11.78049999999348,94.80549999998766,104.501,1789798298.3004448,gps_back
11.790500000002794,94.75099999998929,104.511,1789798298.500445,gps_back
11.817999999999302,94.67550000001211,104.52,1789798298.7004447,gps_back
11.836999999999534,94.57800000000861,104.501,1789798298.9004447,gps_back
11.855500000005122,94.52400000000489,104.501,1789798299.0004447,gps_back
11.882500000006985,94.4594999999972,104.508,1789798299.1004446,gps_back
11.892500000001746,94.39449999999488,104.5,1789798299.2004445,gps_back
12.28750000000582,94.21700000000419,104.47200000000001,1789798299.3004446,gps_back
12.323999999993248,94.1304999999993,104.449,1789798299.4004445,gps_back
12.299499999993714,94.03250000000116,104.47800000000001,1789798299.5004444,gps_back
12.28399999999965,93.94500000000698,104.508,1789798299.6004443,gps_back
12.311000000001513,93.8804999999993,104.512,1789798299.7004445,gps_back
12.347500000003492,93.80499999999302,104.494,1789798299.8004444,gps_back
12.350500000000466,93.62049999998999,104.509,1789798300.0004442,gps_back
12.44999999999709,93.4265000000014,104.363,1789798300.400444,gps_back
12.502999999996973,93.37349999998696,104.36800000000001,1789798300.5004442,gps_back
12.539000000004307,93.31950000001234,104.367,1789798300.600444,gps_back
12.56600000000617,93.26550000000861,104.36800000000001,1789798300.700444,gps_back
12.584499999997206,93.21150000000489,104.374,1789798300.800444,gps_back
12.611499999999069,93.15799999999581,104.381,1789798300.900444,gps_back
12.62149999999383,93.09299999999348,104.383,1789798301.000444,gps_back
12.648499999995693,93.02799999999115,104.4,1789798301.1004438,gps_back
12.677500000005239,92.86550000001444,104.42,1789798301.300444,gps_back
12.705499999996391,92.77950000000419,104.464,1789798301.4004438,gps_back
12.689499999993131,92.70300000000861,104.44,1789798301.5004437,gps_back
12.804999999993015,92.57449999998789,104.431,1789798301.7004437,gps_back
12.865499999999884,92.57550000000629,104.363,1789798301.8004436,gps_back
12.876000000003842,92.4780000000028,104.319,1789798301.9004436,gps_back
12.903999999994994,92.38099999999395,104.388,1789798302.0004437,gps_back
12.914499999998952,92.29399999999441,104.385,1789798302.1004436,gps_back
12.917499999995925,92.10949999999139,104.404,1789798302.3004434,gps_back
12.910499999998137,92.02249999999185,104.405,1789798302.4004436,gps_back
12.948000000003958,91.87100000001374,104.482,1789798302.6004434,gps_back
12.896500000002561,91.82649999999558,104.34700000000001,1789798302.7004433,gps_back
12.924499999993714,91.72949999998673,104.389,1789798302.8004434,gps_back
12.934500000003027,91.6534999999858,104.387,1789798302.9004433,gps_back
12.919500000003609,91.52249999999185,104.367,1789798303.1004431,gps_back
12.938500000003842,91.43599999998696,104.374,1789798303.2004433,gps_back
12.948499999998603,91.36050000000978,104.38,1789798303.3004432,gps_back
12.967499999998836,91.27350000001024,104.402,1789798303.400443,gps_back
13.039499999998952,91.14449999999488,104.497,1789798303.500443,gps_back
13.118000000002212,91.14600000000792,104.367,1789798303.6004431,gps_back
13.190000000002328,91.00599999999395,104.363,1789798303.800443,gps_back
13.209000000002561,90.91949999998906,104.345,1789798303.9004428,gps_back
13.228000000002794,90.84400000001187,104.397,1789798304.000443,gps_back
13.256500000003143,90.71400000000722,104.388,1789798304.2004428,gps_back
13.248999999996158,90.62700000000768,104.324,1789798304.3004427,gps_back
13.259000000005472,90.55100000000675,104.366,1789798304.4004428,gps_back
13.270999999993364,90.38800000000629,104.382,1789798304.6004426,gps_back
13.289999999993597,90.3015000000014,104.464,1789798304.7004428,gps_back
13.30000000000291,90.21499999999651,104.44800000000001,1789798304.8004427,gps_back
13.301999999996042,90.11699999999837,104.45,1789798304.9004426,gps_back
13.312000000005355,90.03049999999348,104.44,1789798305.0004425,gps_back
13.313500000003842,89.94349999999395,104.44800000000001,1789798305.1004426,gps_back
13.306500000006054,89.84549999999581,104.44,1789798305.2004426,gps_back
13.308499999999185,89.75849999999627,104.426,1789798305.3004425,gps_back
13.361999999993714,89.68350000001374,104.412,1789798305.4004424,gps_back
13.364000000001397,89.57500000001164,104.393,1789798305.5004425,gps_back
13.365499999999884,89.4770000000135,104.427,1789798305.6004424,gps_back
13.384500000000116,89.39050000000861,104.44200000000001,1789798305.7004423,gps_back
13.395000000004075,89.30400000000373,104.437,1789798305.8004422,gps_back
13.404999999998836,89.21700000000419,104.43900000000001,1789798305.9004424,gps_back
13.415500000002794,89.1304999999993,104.443,1789798306.0004423,gps_back
13.425499999997555,89.04349999999977,104.44200000000001,1789798306.1004422,gps_back
13.436000000001513,88.95699999999488,104.436,1789798306.200442,gps_back
13.445999999996275,88.86999999999534,104.44,1789798306.3004422,gps_back
13.555999999996857,88.5679999999993,104.35300000000001,1789798306.4004421,gps_back
13.56600000000617,88.49199999999837,104.346,1789798306.500442,gps_back
13.585000000006403,88.40549999999348,104.34700000000001,1789798306.6004422,gps_back
13.595499999995809,88.31849999999395,104.34700000000001,1789798306.700442,gps_back
13.614000000001397,88.24299999998766,104.34700000000001,1789798306.800442,gps_back
13.624500000005355,88.15599999998813,104.345,1789798306.900442,gps_back
13.643500000005588,88.06950000001234,104.34700000000001,1789798307.000442,gps_back
13.65350000000035,87.99400000000605,104.34700000000001,1789798307.100442,gps_back
13.672500000000582,87.90700000000652,104.348,1789798307.2004418,gps_back
13.691500000000815,87.82050000000163,104.34700000000001,1789798307.3004417,gps_back
13.701499999995576,87.7445000000007,104.34400000000001,1789798307.400442,gps_back
13.720499999995809,87.65799999999581,104.34400000000001,1789798307.5004418,gps_back
13.730999999999767,87.57149999999092,104.34100000000001,1789798307.6004417,gps_back
13.740999999994528,87.48449999999139,104.343,1789798307.7004416,gps_back
13.759999999994761,87.4090000000142,104.345,1789798307.8004417,gps_back
13.770000000004075,87.32199999998556,104.34400000000001,1789798307.9004416,gps_back
13.78049999999348,87.23550000000978,104.34100000000001,1789798308.0004416,gps_back
13.809500000003027,87.06200000000536,104.34,1789798308.2004416,gps_back
13.819499999997788,86.98649999999907,104.337,1789798308.3004415,gps_back
13.838499999998021,86.89949999999953,104.337,1789798308.4004414,gps_back
13.849000000001979,86.81299999999464,104.33200000000001,1789798308.5004416,gps_back
13.867499999993015,86.73699999999371,104.33200000000001,1789798308.6004415,gps_back
13.886499999993248,86.65049999998882,104.334,1789798308.7004414,gps_back
13.888000000006286,86.57449999998789,104.331,1789798308.8004413,gps_back
13.898499999995693,86.48800000001211,104.327,1789798308.9004414,gps_back
13.917499999995925,86.40150000000722,104.32300000000001,1789798309.0004413,gps_back
13.927500000005239,86.32550000000629,104.319,1789798309.1004412,gps_back
13.946500000005472,86.2390000000014,104.32300000000001,1789798309.2004411,gps_back
13.947499999994761,86.16300000000047,104.313,1789798309.3004413,gps_back
13.957500000004075,86.08699999999953,104.311,1789798309.4004412,gps_back
13.96799999999348,86.0,104.301,1789798309.500441,gps_back
13.978499999997439,85.91349999999511,104.296,1789798309.600441,gps_back
13.997000000003027,85.83749999999418,104.293,1789798309.7004411,gps_back
14.007500000006985,85.75099999998929,104.293,1789798309.800441,gps_back
14.025999999998021,85.67550000001211,104.297,1789798309.900441,gps_back
14.036500000001979,85.58850000001257,104.302,1789798310.0004408,gps_back
14.055500000002212,85.50200000000768,104.303,1789798310.100441,gps_back
14.073999999993248,85.42600000000675,104.304,1789798310.200441,gps_back
14.084499999997206,85.33950000000186,104.302,1789798310.3004408,gps_back
14.09450000000652,85.25250000000233,104.3,1789798310.4004407,gps_back
14.113500000006752,85.17699999999604,104.297,1789798310.5004408,gps_back
14.123500000001513,85.09049999999115,104.301,1789798310.6004407,gps_back
14.142500000001746,85.00349999999162,104.304,1789798310.7004406,gps_back
14.161500000001979,84.92800000001444,104.307,1789798310.8004408,gps_back
14.163000000000466,84.8409999999858,104.305,1789798310.9004407,gps_back
14.182000000000698,84.75450000001001,104.303,1789798311.0004406,gps_back
14.201000000000931,84.66800000000512,104.301,1789798311.1004405,gps_back
14.202499999999418,84.59200000000419,104.299,1789798311.2004406,gps_back
14.22149999999965,84.5054999999993,104.298,1789798311.3004405,gps_back
14.231499999994412,84.41849999999977,104.296,1789798311.4004405,gps_back
14.241500000003725,84.34249999999884,104.294,1789798311.5004404,gps_back
14.260500000003958,84.25599999999395,104.287,1789798311.6004405,gps_back
14.244500000000698,84.17999999999302,104.281,1789798311.7004404,gps_back
14.263500000000931,84.09299999999348,104.283,1789798311.8004403,gps_back
14.290999999997439,84.00649999998859,104.293,1789798311.9004402,gps_back
14.301500000001397,83.9200000000128,104.29,1789798312.0004404,gps_back
14.32050000000163,83.83350000000792,104.294,1789798312.1004403,gps_back
14.339500000001863,83.75750000000698,104.292,1789798312.2004402,gps_back
14.349499999996624,83.6710000000021,104.294,1789798312.30044,gps_back
14.368499999996857,83.59500000000116,104.293,1789798312.4004402,gps_back
14.38749999999709,83.50849999999627,104.297,1789798312.5004401,gps_back
14.406000000002678,83.42199999999139,104.298,1789798312.60044,gps_back
14.42500000000291,83.3465000000142,104.298,1789798312.7004402,gps_back
14.435500000006869,83.25949999998556,104.296,1789798312.80044,gps_back
14.453999999997905,83.18400000000838,104.291,1789798312.90044,gps_back
14.464000000007218,83.10800000000745,104.289,1789798313.00044,gps_back
14.482999999992899,83.02150000000256,104.284,1789798313.10044,gps_back
14.484500000005937,82.93450000000303,104.285,1789798313.20044,gps_back
14.512000000002445,82.85899999999674,104.288,1789798313.3004398,gps_back
14.522500000006403,82.7719999999972,104.287,1789798313.4004397,gps_back
14.541500000006636,82.68549999999232,104.286,1789798313.50044,gps_back
14.560500000006869,82.59899999998743,104.29,1789798313.6004398,gps_back
14.579500000007101,82.51250000001164,104.29,1789798313.7004397,gps_back
14.606499999994412,82.45850000000792,104.274,1789798313.8004396,gps_back
14.610000000000582,82.27400000000489,104.266,1789798314.0004396,gps_back
14.629000000000815,82.1765000000014,104.277,1789798314.1004395,gps_back
14.638999999995576,82.08999999999651,104.278,1789798314.2004397,gps_back
14.649499999999534,82.00299999999697,104.28,1789798314.3004396,gps_back
14.659499999994296,81.91649999999208,104.284,1789798314.4004395,gps_back
14.669999999998254,81.81849999999395,104.286,1789798314.5004394,gps_back
14.680500000002212,81.73199999998906,104.282,1789798314.6004395,gps_back
14.699500000002445,81.64550000001327,104.281,1789798314.7004395,gps_back
14.718500000002678,81.55900000000838,104.28,1789798314.8004394,gps_back
14.728499999997439,81.47200000000885,104.277,1789798314.9004393,gps_back
14.756500000003143,81.38550000000396,104.278,1789798315.0004394,gps_back
14.77499999999418,81.30999999999767,104.277,1789798315.1004393,gps_back
14.813500000003842,81.12599999998929,104.277,1789798315.3004391,gps_back
14.823499999998603,81.03899999998976,104.281,1789798315.4004393,gps_back
14.842499999998836,80.95250000001397,104.278,1789798315.5004392,gps_back
14.861499999999069,80.86600000000908,104.275,1789798315.600439,gps_back
14.87149999999383,80.79000000000815,104.275,1789798315.7004392,gps_back
14.881999999997788,80.70350000000326,104.276,1789798315.8004391,gps_back
14.900999999998021,80.61699999999837,104.277,1789798315.900439,gps_back
14.910999999992782,80.52999999999884,104.275,1789798316.000439,gps_back
14.92149999999674,80.44349999999395,104.271,1789798316.100439,gps_back
14.931500000006054,80.36749999999302,104.27,1789798316.200439,gps_back
14.950500000006286,80.28099999998813,104.27,1789798316.300439,gps_back
14.960500000001048,80.19399999998859,104.266,1789798316.4004388,gps_back
14.97950000000128,80.1075000000128,104.266,1789798316.500439,gps_back
14.998000000006869,80.04250000001048,104.272,1789798316.6004388,gps_back
14.982499999998254,79.95550000001094,104.278,1789798316.7004387,gps_back
14.97500000000582,79.89000000001397,104.27,1789798316.8004386,gps_back
14.985000000000582,79.81450000000768,104.258,1789798317.0004387,gps_back
14.994999999995343,79.72750000000815,104.254,1789798317.2004387,gps_back
15.014500000004773,79.63000000000466,104.252,1789798317.4004385,gps_back
15.02400000000489,79.57600000000093,104.25,1789798317.5004385,gps_back
15.03399999999965,79.5109999999986,104.258,1789798317.6004386,gps_back
15.043999999994412,79.43499999999767,104.252,1789798317.7004385,gps_back
15.054000000003725,79.34849999999278,104.248,1789798317.8004384,gps_back
15.064499999993131,79.26149999999325,104.247,1789798317.9004383,gps_back
15.083499999993364,79.17499999998836,104.252,1789798318.0004385,gps_back
15.102499999993597,79.08850000001257,104.233,1789798318.1004384,gps_back
15.112999999997555,78.98000000001048,104.238,1789798318.2004383,gps_back
15.123999999996158,78.87150000000838,104.227,1789798318.3004382,gps_back
15.177500000005239,78.78549999999814,104.259,1789798318.4004383,gps_back
15.187999999994645,78.68799999999464,104.271,1789798318.5004382,gps_back
15.216499999994994,78.56899999998859,104.285,1789798318.600438,gps_back
15.235499999995227,78.4604999999865,104.287,1789798318.7004383,gps_back
15.23750000000291,78.3520000000135,104.306,1789798318.8004382,gps_back
15.256999999997788,78.25450000001001,104.305,1789798318.900438,gps_back
15.275999999998021,78.15700000000652,104.305,1789798319.000438,gps_back
15.285999999992782,78.09200000000419,104.3,1789798319.100438,gps_back
15.295499999992899,78.02700000000186,104.296,1789798319.200438,gps_back
15.305500000002212,77.96199999999953,104.298,1789798319.300438,gps_back
15.31600000000617,77.87549999999464,104.303,1789798319.4004378,gps_back
15.334000000002561,77.82149999999092,104.311,1789798319.500438,gps_back
15.353000000002794,77.75649999998859,104.324,1789798319.6004379,gps_back
15.354000000006636,77.69149999998626,104.321,1789798319.7004378,gps_back
15.373000000006869,77.60449999998673,104.321,1789798319.8004377,gps_back
15.384500000000116,77.45300000000861,104.302,1789798320.0004377,gps_back
15.395000000004075,77.34450000000652,104.325,1789798320.1004376,gps_back
15.47500000000582,77.25899999999092,104.33800000000001,1789798320.4004376,gps_back
15.46799999999348,77.16099999999278,104.32000000000001,1789798320.5004375,gps_back
15.470000000001164,77.06299999999464,104.292,1789798320.6004376,gps_back
15.497000000003027,76.99849999998696,104.259,1789798320.7004375,gps_back
15.480999999999767,76.92199999999139,104.244,1789798320.8004375,gps_back
15.447499999994761,76.85649999999441,104.163,1789798320.9004374,gps_back
15.450500000006286,76.67149999999674,104.119,1789798321.1004374,gps_back
15.41700000000128,76.60599999999977,104.081,1789798321.2004373,gps_back
15.498999999996158,76.41149999998743,104.19500000000001,1789798321.4004374,gps_back
15.509000000005472,76.3465000000142,104.157,1789798321.5004373,gps_back
15.519000000000233,76.26000000000931,104.181,1789798321.6004372,gps_back
15.547999999995227,76.09750000000349,104.181,1789798321.8004372,gps_back
15.558499999999185,76.0109999999986,104.183,1789798321.900437,gps_back
15.568499999993946,75.92399999999907,104.187,1789798322.000437,gps_back
15.596000000005006,75.84849999999278,104.208,1789798322.1004372,gps_back
15.606499999994412,75.76149999999325,104.173,1789798322.200437,gps_back
15.625499999994645,75.67499999998836,104.154,1789798322.300437,gps_back
15.635500000003958,75.58850000001257,104.163,1789798322.400437,gps_back
15.688999999998487,75.51350000000093,104.191,1789798322.500437,gps_back
15.734500000005937,75.42699999999604,104.22,1789798322.600437,gps_back
15.790999999997439,75.17850000000908,104.226,1789798322.7004368,gps_back
15.792499999995925,75.09150000000955,104.226,1789798322.800437,gps_back
15.811499999996158,75.01550000000861,104.224,1789798322.9004369,gps_back
15.830499999996391,74.92900000000373,104.22,1789798323.0004368,gps_back
15.840500000005704,74.84249999999884,104.223,1789798323.1004367,gps_back
15.859500000005937,74.7664999999979,104.22,1789798323.2004368,gps_back
15.87850000000617,74.67999999999302,104.218,1789798323.3004367,gps_back
15.896999999997206,74.60449999998673,104.22,1789798323.4004366,gps_back
15.907500000001164,74.5174999999872,104.221,1789798323.5004368,gps_back
15.926500000001397,74.43100000001141,104.217,1789798323.6004367,gps_back
15.936499999996158,74.34450000000652,104.21600000000001,1789798323.7004366,gps_back
15.955499999996391,74.25750000000698,104.21600000000001,1789798323.8004365,gps_back
15.974499999996624,74.1710000000021,104.218,1789798323.9004366,gps_back
15.993499999996857,74.0844999999972,104.215,1789798324.0004365,gps_back
16.01249999999709,73.99799999999232,104.21900000000001,1789798324.1004364,gps_back
16.022500000006403,73.92199999999139,104.212,1789798324.2004364,gps_back
16.041500000006636,73.8354999999865,104.218,1789798324.3004365,gps_back
16.043000000005122,73.74849999998696,104.21600000000001,1789798324.4004364,gps_back
16.04450000000361,73.66149999998743,104.215,1789798324.5004363,gps_back
16.054999999993015,73.57500000001164,104.212,1789798324.6004362,gps_back
16.08299999999872,73.47750000000815,104.20400000000001,1789798324.7004364,gps_back
16.111999999993714,73.30449999999837,104.199,1789798324.9004362,gps_back
16.226999999998952,73.21950000000652,104.224,1789798325.0004363,gps_back
16.315499999996973,73.13399999999092,104.227,1789798325.1004362,gps_back
16.4320000000007,72.96249999999418,104.227,1789798325.300436,gps_back
16.476999999998952,72.87650000001304,104.221,1789798325.4004362,gps_back
16.470000000001164,72.7784999999858,104.223,1789798325.500436,gps_back
16.488500000006752,72.70250000001397,104.22200000000001,1789798325.600436,gps_back
16.507500000006985,72.61600000000908,104.23700000000001,1789798325.7004359,gps_back
16.491500000003725,72.5395000000135,104.247,1789798325.800436,gps_back
16.484500000005937,72.45250000001397,104.252,1789798325.900436,gps_back
16.52950000000419,72.37750000000233,104.249,1789798326.0004358,gps_back
16.531000000002678,72.2905000000028,104.247,1789798326.100436,gps_back
16.54099999999744,72.2039999999979,104.249,1789798326.2004359,gps_back
16.568499999993946,72.12799999999697,104.251,1789798326.3004358,gps_back
16.615499999999884,71.9549999999872,104.27,1789798326.4004357,gps_back
16.6079999999929,71.87899999998626,104.211,1789798326.5004358,gps_back
16.609500000005937,71.80300000001444,104.246,1789798326.6004357,gps_back
16.610499999995227,71.73800000001211,104.233,1789798326.7004356,gps_back
16.611999999993714,71.66200000001118,104.236,1789798326.8004355,gps_back
16.6304999999993,71.58600000001024,104.196,1789798326.9004357,gps_back
16.623500000001513,71.51000000000931,104.15,1789798327.0004356,gps_back
16.644000000000233,71.33650000000489,104.14,1789798327.2004356,gps_back
16.690499999996973,71.17399999999907,104.138,1789798327.4004354,gps_back
16.69199999999546,71.08749999999418,104.127,1789798327.5004354,gps_back
16.641499999997905,70.9780000000028,104.092,1789798327.6004355,gps_back
16.66950000000361,70.8914999999979,104.09100000000001,1789798327.7004354,gps_back
16.714999999996508,70.78349999999045,104.154,1789798327.8004353,gps_back
16.735000000000582,70.62100000001374,104.138,1789798328.0004354,gps_back
16.764500000004773,70.43650000001071,104.175,1789798328.2004352,gps_back
16.731499999994412,70.33850000001257,104.193,1789798328.3004353,gps_back
16.7329999999929,70.26250000001164,104.171,1789798328.4004352,gps_back
16.743000000002212,70.17550000001211,104.187,1789798328.500435,gps_back
16.75350000000617,70.08900000000722,104.174,1789798328.600435,gps_back
16.75449999999546,70.02350000001024,104.183,1789798328.7004352,gps_back
16.76600000000326,69.86100000000442,104.182,1789798328.900435,gps_back
16.776500000007218,69.77400000000489,104.173,1789798329.0004349,gps_back
16.77950000000419,69.60050000000047,104.175,1789798329.200435,gps_back
16.798500000004424,69.52449999999953,104.22200000000001,1789798329.3004348,gps_back
16.808499999999185,69.44899999999325,104.22200000000001,1789798329.400435,gps_back
16.730500000005122,69.43650000001071,104.191,1789798329.5004349,gps_back
16.740499999999884,69.34950000001118,104.184,1789798329.6004348,gps_back
16.75100000000384,69.26300000000629,104.182,1789798329.7004347,gps_back
16.769499999994878,69.1875,104.179,1789798329.8004348,gps_back
16.78849999999511,69.10050000000047,104.179,1789798329.9004347,gps_back
16.79899999999907,69.01399999999558,104.182,1789798330.0004346,gps_back
16.800499999997555,68.92699999999604,104.182,1789798330.1004345,gps_back
16.87300000000687,68.76550000000861,104.179,1789798330.3004346,gps_back
16.867499999993015,68.59150000000955,104.184,1789798330.5004346,gps_back
16.869000000006054,68.50450000001001,104.175,1789798330.6004345,gps_back
16.888000000006286,68.40700000000652,104.172,1789798330.7004344,gps_back
16.872000000003027,68.33100000000559,104.145,1789798330.8004344,gps_back
16.89999999999418,68.2445000000007,104.146,1789798330.9004345,gps_back
16.909499999994296,68.17949999999837,104.14,1789798331.0004344,gps_back
16.929999999993015,68.0164999999979,104.11,1789798331.2004342,gps_back
16.940499999996973,67.92999999999302,104.12,1789798331.3004344,gps_back
16.95900000000256,67.84349999998813,104.119,1789798331.4004343,gps_back
16.96950000000652,67.75649999998859,104.107,1789798331.5004342,gps_back
16.97950000000128,67.68100000001141,104.11500000000001,1789798331.6004343,gps_back
17.007500000006985,67.58350000000792,104.114,1789798331.7004342,gps_back
17.00900000000547,67.49650000000838,104.11,1789798331.800434,gps_back
17.03650000000198,67.41000000000349,104.11500000000001,1789798331.900434,gps_back
17.047000000005937,67.3234999999986,104.114,1789798332.0004342,gps_back
17.05800000000454,67.18249999999534,104.08200000000001,1789798332.200434,gps_back
17.076499999995576,67.12849999999162,104.113,1789798332.300434,gps_back
17.095000000001164,67.07449999998789,104.111,1789798332.400434,gps_back
17.11500000000524,66.93350000001374,104.113,1789798332.6004338,gps_back
17.171000000002095,66.7280000000028,104.154,1789798332.700434,gps_back
17.20900000000256,66.55499999999302,104.146,1789798332.9004338,gps_back
17.228000000002794,66.45749999998952,104.144,1789798333.0004337,gps_back
17.211999999999534,66.38099999999395,104.14,1789798333.1004338,gps_back
17.239499999996042,66.29449999998906,104.144,1789798333.2004337,gps_back
17.29450000000361,66.15450000000419,104.133,1789798333.4004338,gps_back
17.289000000004307,65.98050000000512,104.148,1789798333.6004336,gps_back
17.3070000000007,65.9265000000014,104.172,1789798333.7004335,gps_back
17.361000000004424,65.84049999999115,104.17,1789798333.8004336,gps_back
17.38850000000093,65.75399999998626,104.151,1789798333.9004335,gps_back
17.407500000001164,65.67850000000908,104.166,1789798334.0004334,gps_back
17.278000000005704,65.61100000000442,104.171,1789798334.1004333,gps_back
17.18499999999767,65.45699999999488,104.11800000000001,1789798334.4004333,gps_back
17.221000000005006,65.38149999998859,104.125,1789798334.5004334,gps_back
17.275500000003376,65.26300000000629,104.177,1789798334.6004333,gps_back
17.285499999998137,65.18700000000536,104.138,1789798334.7004333,gps_back
17.296000000002095,65.10050000000047,104.134,1789798334.8004332,gps_back
17.31500000000233,65.00299999999697,104.144,1789798334.9004333,gps_back
17.325500000006286,64.91649999999208,104.146,1789798335.0004332,gps_back
17.34450000000652,64.82949999999255,104.156,1789798335.100433,gps_back
17.363500000006752,64.74299999998766,104.151,1789798335.200433,gps_back
17.37399999999616,64.64550000001327,104.146,1789798335.3004332,gps_back
17.39299999999639,64.55900000000838,104.155,1789798335.400433,gps_back
17.403000000005704,64.47200000000885,104.157,1789798335.500433,gps_back
17.422000000005937,64.38550000000396,104.155,1789798335.600433,gps_back
17.609500000005937,64.11749999999302,104.11500000000001,1789798335.700433,gps_back
17.62850000000617,64.03049999999348,104.11200000000001,1789798335.800433,gps_back
17.638999999995576,63.94399999998859,104.111,1789798335.9004328,gps_back
17.64900000000489,63.857500000012806,104.113,1789798336.000433,gps_back
17.668499999999767,63.76000000000931,104.113,1789798336.1004329,gps_back
17.69749999999476,63.58650000000489,104.111,1789798336.300433,gps_back
17.716499999994994,63.5,104.10900000000001,1789798336.4004328,gps_back
17.726999999998952,63.413000000000466,104.108,1789798336.5004327,gps_back
17.74749999999767,63.228999999992084,104.104,1789798336.7004328,gps_back
17.766499999997905,63.142499999987194,104.10900000000001,1789798336.8004327,gps_back
17.785499999998137,63.05549999998766,104.108,1789798336.9004326,gps_back
17.81500000000233,62.882500000006985,104.10600000000001,1789798337.1004326,gps_back
17.843999999997322,62.720000000001164,104.105,1789798337.3004324,gps_back
17.864499999996042,62.54649999999674,104.104,1789798337.5004325,gps_back
17.8920000000071,62.44899999999325,104.11,1789798337.6004324,gps_back
17.919999999998254,62.352000000013504,104.119,1789798337.7004323,gps_back
17.860499999995227,62.263999999995576,104.10000000000001,1789798337.8004324,gps_back
17.864000000001397,62.078999999997905,104.093,1789798338.0004323,gps_back
17.910999999992782,61.884499999985565,104.099,1789798338.2004323,gps_back
17.938999999998487,61.77650000000722,104.061,1789798338.3004322,gps_back
17.968999999997322,61.57050000000163,104.071,1789798338.5004323,gps_back
17.99649999999383,61.49499999999534,104.11500000000001,1789798338.6004322,gps_back
18.02400000000489,61.429999999993015,104.162,1789798338.700432,gps_back
18.033500000005006,61.36499999999069,104.199,1789798338.800432,gps_back
18.052999999999884,61.267499999987194,104.188,1789798338.900432,gps_back
18.072000000000116,61.170000000012806,104.19,1789798339.000432,gps_back
18.118499999996857,60.99700000000303,104.20400000000001,1789798339.200432,gps_back
18.08650000000489,60.84450000000652,104.101,1789798339.4004319,gps_back
18.07249999999476,60.67050000000745,104.071,1789798339.600432,gps_back
18.09100000000035,60.58400000000256,104.078,1789798339.7004318,gps_back
18.110000000000582,60.49700000000303,104.086,1789798339.8004317,gps_back
18.129000000000815,60.41049999999814,104.092,1789798339.9004316,gps_back
18.139500000004773,60.32399999999325,104.095,1789798340.0004318,gps_back
18.151500000007218,60.150499999988824,104.09700000000001,1789798340.2004316,gps_back
18.16150000000198,60.06349999998929,104.089,1789798340.3004317,gps_back
18.188999999998487,59.977000000013504,104.099,1789798340.4004316,gps_back
18.199500000002445,59.890500000008615,104.104,1789798340.5004315,gps_back
18.261499999993248,59.836999999999534,104.113,1789798340.6004314,gps_back
18.31600000000617,59.696999999985565,104.099,1789798340.8004315,gps_back
18.317500000004657,59.60999999998603,104.074,1789798340.9004314,gps_back
18.34549999999581,59.523500000010245,104.087,1789798341.0004315,gps_back
18.355500000005122,59.437000000005355,104.07600000000001,1789798341.1004314,gps_back
18.374500000005355,59.350500000000466,104.083,1789798341.2004313,gps_back
18.393500000005588,59.26350000000093,104.08,1789798341.3004313,gps_back
18.41250000000582,59.17699999999604,104.07900000000001,1789798341.4004314,gps_back
18.431500000006054,59.101499999989755,104.042,1789798341.5004313,gps_back
18.44199999999546,59.00399999998626,104.072,1789798341.6004312,gps_back
18.460999999995693,58.906500000011874,104.084,1789798341.700431,gps_back
18.479999999995925,58.81950000001234,104.098,1789798341.8004313,gps_back
18.50800000000163,58.71150000000489,104.041,1789798341.9004312,gps_back
18.527000000001863,58.6140000000014,104.042,1789798342.000431,gps_back
18.554999999993015,58.52749999999651,104.048,1789798342.1004312,gps_back
18.56500000000233,58.44099999999162,104.052,1789798342.200431,gps_back
18.58400000000256,58.35449999998673,104.049,1789798342.300431,gps_back
18.611999999993714,58.26800000001094,104.048,1789798342.400431,gps_back
18.6304999999993,58.19250000000466,104.046,1789798342.500431,gps_back
18.649499999999534,58.10550000000512,104.049,1789798342.600431,gps_back
18.668499999999767,58.01900000000023,104.046,1789798342.7004309,gps_back
18.6875,57.943499999993946,104.045,1789798342.800431,gps_back
18.706500000000233,57.85699999998906,104.045,1789798342.900431,gps_back
18.72500000000582,57.780999999988126,104.041,1789798343.0004308,gps_back
18.726500000004307,57.69399999998859,104.036,1789798343.1004307,gps_back
18.74550000000454,57.607500000012806,104.037,1789798343.2004309,gps_back
18.738500000006752,57.531500000011874,104.022,1789798343.3004308,gps_back
18.748500000001513,57.44450000001234,104.022,1789798343.4004307,gps_back
18.75900000000547,57.34700000000885,104.022,1789798343.5004306,gps_back
18.751499999998487,57.271000000007916,104.011,1789798343.6004307,gps_back
18.762000000002445,57.195000000006985,104.012,1789798343.7004306,gps_back
18.781000000002678,57.09750000000349,104.011,1789798343.8004305,gps_back
18.799499999993714,57.021999999997206,104.01,1789798343.9004307,gps_back
18.80999999999767,56.93499999999767,104.01,1789798344.0004306,gps_back
18.839000000007218,56.76199999998789,104.012,1789798344.2004304,gps_back
18.849499999996624,56.67499999998836,104.016,1789798344.3004305,gps_back
18.868499999996857,56.58850000001257,104.016,1789798344.4004304,gps_back
18.88749999999709,56.50200000000768,104.018,1789798344.5004303,gps_back
18.888999999995576,56.42600000000675,104.014,1789798344.6004305,gps_back
18.90799999999581,56.33900000000722,104.014,1789798344.7004304,gps_back
18.926500000001397,56.26350000000093,104.013,1789798344.8004303,gps_back
18.937000000005355,56.16599999999744,104.012,1789798344.9004302,gps_back
18.956000000005588,56.08999999999651,104.013,1789798345.0004303,gps_back
18.97500000000582,56.00349999999162,104.008,1789798345.1004303,gps_back
18.985000000000582,55.92749999999069,104.007,1789798345.2004302,gps_back
18.99550000000454,55.829999999987194,104.006,1789798345.30043,gps_back
19.013999999995576,55.75450000001001,104.003,1789798345.4004302,gps_back
19.03299999999581,55.66800000000512,104.004,1789798345.50043,gps_back
19.051999999996042,55.58100000000559,103.999,1789798345.60043,gps_back
19.070999999996275,55.4945000000007,104.002,1789798345.7004302,gps_back
19.081000000005588,55.41899999999441,104.001,1789798345.80043,gps_back
19.10899999999674,55.33249999998952,104.001,1789798345.90043,gps_back
19.119000000006054,55.24549999998999,104.005,1789798346.0004299,gps_back
19.15700000000652,55.083500000007916,104.007,1789798346.20043,gps_back
19.19650000000547,54.82300000000396,104.013,1789798346.5004299,gps_back
19.206500000000233,54.73649999999907,104.009,1789798346.6004298,gps_back
19.225500000000466,54.64999999999418,104.01,1789798346.7004297,gps_back
19.255000000004657,54.476499999989755,104.006,1789798346.9004297,gps_back
19.256500000003143,54.38949999999022,104.003,1789798347.0004296,gps_back
19.268500000005588,54.204999999987194,103.997,1789798347.2004297,gps_back
19.297500000000582,54.03200000000652,103.99300000000001,1789798347.4004295,gps_back
19.307499999995343,53.96700000000419,103.982,1789798347.5004296,gps_back
19.30899999999383,53.88000000000466,103.982,1789798347.6004295,gps_back
19.336999999999534,53.782500000001164,103.99300000000001,1789798347.7004294,gps_back
19.346999999994296,53.695999999996275,103.996,1789798347.8004293,gps_back
19.36599999999453,53.609499999991385,103.996,1789798347.9004295,gps_back
19.376499999998487,53.52249999999185,103.994,1789798348.0004294,gps_back
19.386499999993248,53.43599999998696,103.998,1789798348.1004293,gps_back
19.40549999999348,53.349500000011176,103.99000000000001,1789798348.2004294,gps_back
19.41599999999744,53.26250000001164,103.991,1789798348.3004293,gps_back
19.426000000006752,53.18650000001071,103.988,1789798348.4004292,gps_back
19.43649999999616,53.10000000000582,103.989,1789798348.5004292,gps_back
19.44650000000547,53.013000000006286,103.989,1789798348.6004293,gps_back
19.465500000005704,52.9265000000014,103.99000000000001,1789798348.7004292,gps_back
19.47599999999511,52.83999999999651,103.99300000000001,1789798348.800429,gps_back
19.494999999995343,52.75349999999162,103.99000000000001,1789798348.9004292,gps_back
19.505000000004657,52.666499999992084,103.986,1789798349.0004292,gps_back
19.532500000001164,52.579999999987194,103.99000000000001,1789798349.100429,gps_back
19.56050000000687,52.49350000001141,103.996,1789798349.200429,gps_back
19.5795000000071,52.40700000000652,103.998,1789798349.300429,gps_back
19.598499999992782,52.32050000000163,104.002,1789798349.400429,gps_back
19.608500000002095,52.23399999999674,104.007,1789798349.500429,gps_back
19.627999999996973,52.125499999994645,104.011,1789798349.6004288,gps_back
19.64650000000256,52.04999999998836,104.011,1789798349.700429,gps_back
19.65700000000652,51.962999999988824,104.008,1789798349.8004289,gps_back
19.676000000006752,51.87650000001304,104.009,1789798349.9004288,gps_back
19.686000000001513,51.789500000013504,104.0,1789798350.000429,gps_back
19.69650000000547,51.703000000008615,104.0,1789798350.1004288,gps_back
19.715500000005704,51.616500000003725,103.995,1789798350.2004287,gps_back
19.72599999999511,51.52950000000419,103.99300000000001,1789798350.3004286,gps_back
19.736000000004424,51.4429999999993,103.988,1789798350.4004288,gps_back
19.755000000004657,51.35649999999441,103.988,1789798350.5004287,gps_back
19.765499999994063,51.26949999999488,103.983,1789798350.6004286,gps_back
19.78399999999965,51.18299999998999,103.98100000000001,1789798350.7004287,gps_back
19.79450000000361,51.0965000000142,103.973,1789798350.8004286,gps_back
19.81350000000384,50.99900000001071,103.967,1789798350.9004285,gps_back
19.832500000004075,50.912000000011176,103.958,1789798351.0004284,gps_back
19.851500000004307,50.825500000006286,103.95400000000001,1789798351.1004286,gps_back
19.87050000000454,50.7390000000014,103.959,1789798351.2004285,gps_back
19.880999999993946,50.641499999997905,103.962,1789798351.3004284,gps_back
19.89100000000326,50.56549999999697,103.961,1789798351.4004285,gps_back
19.918999999994412,50.468499999988126,103.96300000000001,1789798351.5004284,gps_back
19.929000000003725,50.392499999987194,103.964,1789798351.6004283,gps_back
19.956999999994878,50.30600000001141,103.967,1789798351.7004282,gps_back
19.96700000000419,50.23000000001048,103.971,1789798351.8004284,gps_back
20.02049999999872,50.14400000000023,103.971,1789798351.9004283,gps_back
20.065499999996973,50.05799999998999,103.974,1789798352.0004282,gps_back
20.110499999995227,49.99350000001141,103.98,1789798352.100428,gps_back
20.15549999999348,49.91849999999977,103.983,1789798352.2004282,gps_back
20.217499999998836,49.85449999998673,103.988,1789798352.3004282,gps_back
20.262000000002445,49.79000000000815,103.99300000000001,1789798352.400428,gps_back
20.315499999996973,49.71499999999651,103.998,1789798352.5004282,gps_back
20.361000000004424,49.62849999999162,103.998,1789798352.600428,gps_back
20.40549999999348,49.55350000000908,103.996,1789798352.700428,gps_back
20.46799999999348,49.48949999999604,103.988,1789798352.800428,gps_back
20.520999999993364,49.42499999998836,103.989,1789798352.900428,gps_back
20.600500000000466,49.36149999999907,103.992,1789798353.000428,gps_back
20.67149999999674,49.30850000001374,103.99000000000001,1789798353.1004279,gps_back
20.74199999999837,49.2554999999993,103.97500000000001,1789798353.200428,gps_back
20.804000000003725,49.20199999999022,103.968,1789798353.300428,gps_back
20.86599999999453,49.138000000006286,103.961,1789798353.4004278,gps_back
20.927999999999884,49.08499999999185,103.959,1789798353.5004277,gps_back
20.99000000000524,49.02050000001327,103.956,1789798353.6004279,gps_back
21.051999999996042,48.95650000000023,103.953,1789798353.7004278,gps_back
21.105999999999767,48.88149999998859,103.952,1789798353.8004277,gps_back
21.150500000003376,48.81700000001001,103.95100000000001,1789798353.9004278,gps_back
21.203999999997905,48.74199999999837,103.94800000000001,1789798354.0004277,gps_back
21.240499999999884,48.655999999988126,103.947,1789798354.1004276,gps_back
21.276500000007218,48.58050000001094,103.94800000000001,1789798354.2004275,gps_back
21.30449999999837,48.494000000006054,103.953,1789798354.3004277,gps_back
21.342499999998836,48.320999999996275,103.967,1789798354.5004275,gps_back
21.352499999993597,48.23399999999674,103.97200000000001,1789798354.6004276,gps_back
21.362999999997555,48.14749999999185,103.974,1789798354.7004275,gps_back
21.37300000000687,48.06049999999232,103.977,1789798354.8004274,gps_back
21.3920000000071,47.97399999998743,103.973,1789798354.9004273,gps_back
21.410999999992782,47.88750000001164,103.97500000000001,1789798355.0004275,gps_back
21.43850000000384,47.80100000000675,103.971,1789798355.1004274,gps_back
21.475500000000466,47.6929999999993,103.967,1789798355.2004273,gps_back
21.52049999999872,47.595999999990454,103.961,1789798355.3004272,gps_back
21.566500000000815,47.47750000000815,103.958,1789798355.4004273,gps_back
21.62949999999546,47.35899999999674,103.952,1789798355.5004272,gps_back
21.692500000004657,47.240500000014435,103.95,1789798355.6004272,gps_back
21.773000000001048,47.133499999996275,103.94800000000001,1789798355.7004273,gps_back
21.853000000002794,47.037000000011176,103.944,1789798355.8004272,gps_back
21.93300000000454,46.951499999995576,103.932,1789798355.900427,gps_back
21.986000000004424,46.9090000000142,103.928,1789798356.000427,gps_back
22.02150000000256,46.86600000000908,103.932,1789798356.200427,gps_back
22.0570000000007,46.8234999999986,103.944,1789798356.400427,gps_back
22.101999999998952,46.75899999999092,103.946,1789798356.600427,gps_back
22.12850000000617,46.7159999999858,103.944,1789798356.7004268,gps_back
22.156000000002678,46.662000000011176,103.944,1789798356.800427,gps_back
22.19199999999546,46.59750000000349,103.93900000000001,1789798356.9004269,gps_back
22.228000000002794,46.53299999999581,103.935,1789798357.0004268,gps_back
22.272500000006403,46.45800000001327,103.934,1789798357.100427,gps_back
22.326499999995576,46.382500000006985,103.931,1789798357.2004268,gps_back
22.38850000000093,46.30799999998999,103.933,1789798357.3004267,gps_back
22.45100000000093,46.22200000000885,103.929,1789798357.4004266,gps_back
22.51350000000093,46.1359999999986,103.927,1789798357.5004268,gps_back
22.584499999997206,46.071999999985565,103.927,1789798357.6004267,gps_back
22.65549999999348,45.99749999999767,103.926,1789798357.7004266,gps_back
22.708499999993364,45.9659999999858,103.924,1789798357.8004265,gps_back
22.778999999994994,45.913000000000466,103.926,1789798358.0004265,gps_back
22.823000000003958,45.880999999993946,103.927,1789798358.1004264,gps_back
22.893500000005588,45.828000000008615,103.927,1789798358.3004265,gps_back
22.9375,45.796000000002095,103.927,1789798358.4004264,gps_back
22.990499999999884,45.76449999999022,103.934,1789798358.5004263,gps_back
23.043499999999767,45.72200000000885,103.934,1789798358.6004264,gps_back
23.09649999999965,45.67949999999837,103.931,1789798358.7004263,gps_back
23.158500000005006,45.62599999998929,103.932,1789798358.8004262,gps_back
23.22049999999581,45.562000000005355,103.936,1789798358.9004264,gps_back
23.282500000001164,45.50899999999092,103.929,1789798359.0004263,gps_back
23.361999999993714,45.445000000006985,103.928,1789798359.1004262,gps_back
23.441500000000815,45.392499999987194,103.923,1789798359.200426,gps_back
23.52950000000419,45.33950000000186,103.922,1789798359.3004262,gps_back
23.617499999993015,45.27600000001257,103.921,1789798359.4004261,gps_back
23.714500000001863,45.22349999999278,103.915,1789798359.500426,gps_back
23.801999999996042,45.181500000006054,103.914,1789798359.6004262,gps_back
23.89900000000489,45.12899999998626,103.913,1789798359.700426,gps_back
24.004000000000815,45.08749999999418,103.913,1789798359.800426,gps_back
24.10099999999511,45.03450000000885,103.914,1789798359.900426,gps_back
24.19749999999476,44.98199999998906,103.914,1789798360.000426,gps_back
24.285499999998137,44.92949999999837,103.913,1789798360.100426,gps_back
24.37399999999616,44.865500000014435,103.914,1789798360.2004259,gps_back
24.461999999999534,44.80199999999604,103.92,1789798360.3004258,gps_back
24.541500000006636,44.73850000000675,103.916,1789798360.400426,gps_back
24.63850000000093,44.68599999998696,103.914,1789798360.5004258,gps_back
24.735000000000582,44.64400000000023,103.917,1789798360.6004257,gps_back
24.831500000000233,44.591500000009546,103.914,1789798360.7004259,gps_back
24.937000000005355,44.56099999998696,103.913,1789798360.8004258,gps_back
25.033500000005006,44.51900000000023,103.916,1789798360.9004257,gps_back
25.12949999999546,44.48800000001211,103.915,1789798361.0004256,gps_back
25.235000000000582,44.44649999999092,103.916,1789798361.1004257,gps_back
25.331000000005588,44.415500000002794,103.917,1789798361.2004256,gps_back
25.427999999999884,44.36300000001211,103.915,1789798361.3004255,gps_back
25.51600000000326,44.31049999999232,103.917,1789798361.4004257,gps_back
25.61250000000291,44.26850000000559,103.917,1789798361.5004256,gps_back
25.700500000006286,44.2159999999858,103.912,1789798361.6004255,gps_back
25.78849999999511,44.17399999999907,103.904,1789798361.7004254,gps_back
25.876499999998487,44.13200000001234,103.896,1789798361.8004255,gps_back
25.972500000003492,44.101499999989755,103.892,1789798361.9004254,gps_back
26.08650000000489,44.070999999996275,103.892,1789798362.0004253,gps_back
26.182499999995343,44.05100000000675,103.89,1789798362.1004255,gps_back
26.278999999994994,44.01999999998952,103.894,1789798362.2004254,gps_back
26.375499999994645,43.978000000002794,103.898,1789798362.3004253,gps_back
26.480500000005122,43.94750000000931,103.898,1789798362.4004252,gps_back
26.585500000001048,43.92749999999069,103.906,1789798362.5004253,gps_back
26.690499999996973,43.896999999997206,103.905,1789798362.6004252,gps_back
26.778000000005704,43.85500000001048,103.904,1789798362.7004251,gps_back
26.874500000005355,43.82399999999325,103.9,1789798362.800425,gps_back
26.979000000006636,43.81500000000233,103.895,1789798362.9004252,gps_back
27.075500000006286,43.795000000012806,103.893,1789798363.000425,gps_back
27.179999999993015,43.775499999988824,103.893,1789798363.100425,gps_back
27.276500000007218,43.7554999999993,103.884,1789798363.2004251,gps_back
27.380999999993946,43.73550000000978,103.88,1789798363.300425,gps_back
27.476999999998952,43.726499999989755,103.878,1789798363.400425,gps_back
27.573000000003958,43.71700000000419,103.875,1789798363.5004249,gps_back
27.668999999994412,43.70800000001327,103.874,1789798363.600425,gps_back
27.77400000000489,43.687999999994645,103.873,1789798363.700425,gps_back
27.869999999995343,43.679000000003725,103.871,1789798363.8004248,gps_back
27.956999999994878,43.670000000012806,103.87,1789798363.900425,gps_back
28.052999999999884,43.66049999999814,103.866,1789798364.0004249,gps_back
28.15799999999581,43.65150000000722,103.869,1789798364.1004248,gps_back
28.25350000000617,43.6534999999858,103.86800000000001,1789798364.2004247,gps_back
28.3579999999929,43.65549999999348,103.86500000000001,1789798364.3004248,gps_back
28.45350000000326,43.66800000000512,103.864,1789798364.4004247,gps_back
28.549499999993714,43.66949999998906,103.86800000000001,1789798364.5004246,gps_back
28.65350000000035,43.6929999999993,103.86500000000001,1789798364.6004248,gps_back
28.757500000006985,43.71700000000419,103.867,1789798364.7004247,gps_back
28.86149999999907,43.740500000014435,103.869,1789798364.8004246,gps_back
28.965500000005704,43.763999999995576,103.872,1789798364.9004245,gps_back
29.061000000001513,43.798500000004424,103.86800000000001,1789798365.0004246,gps_back
29.156000000002678,43.83249999998952,103.86800000000001,1789798365.1004245,gps_back
29.25100000000384,43.86699999999837,103.869,1789798365.2004244,gps_back
29.34649999999965,43.90100000001257,103.86800000000001,1789798365.3004243,gps_back
29.432499999995343,43.945999999996275,103.874,1789798365.4004245,gps_back
29.528000000005704,43.96950000000652,103.872,1789798365.5004244,gps_back
29.631999999997788,44.00399999998626,103.873,1789798365.6004243,gps_back
29.727499999993597,44.02749999999651,103.871,1789798365.7004244,gps_back
29.82249999999476,44.05100000000675,103.87,1789798365.8004243,gps_back
29.918000000005122,44.06349999998929,103.87,1789798365.9004242,gps_back
30.01350000000093,44.086999999999534,103.866,1789798366.0004241,gps_back
30.117499999993015,44.11050000000978,103.866,1789798366.1004243,gps_back
30.221999999994296,44.12349999998696,103.869,1789798366.2004242,gps_back
30.317500000004657,44.146999999997206,103.86800000000001,1789798366.300424,gps_back
30.42149999999674,44.17050000000745,103.867,1789798366.4004242,gps_back
30.525500000003376,44.18299999998999,103.87,1789798366.5004241,gps_back
30.620999999999185,44.20650000000023,103.86800000000001,1789798366.600424,gps_back
30.725500000000466,44.21950000000652,103.869,1789798366.700424,gps_back
30.82050000000163,44.24299999998766,103.869,1789798366.800424,gps_back
30.92500000000291,44.2554999999993,103.866,1789798366.900424,gps_back
31.02950000000419,44.257500000006985,103.864,1789798367.000424,gps_back
31.124500000005355,44.280999999988126,103.86500000000001,1789798367.100424,gps_back
31.229000000006636,44.30449999999837,103.863,1789798367.200424,gps_back
31.333499999993364,44.306500000006054,103.861,1789798367.3004239,gps_back
31.4375,44.31899999998859,103.86200000000001,1789798367.4004238,gps_back
31.53299999999581,44.33150000000023,103.86200000000001,1789798367.500424,gps_back
31.63749999999709,44.34450000000652,103.861,1789798367.6004238,gps_back
31.741500000003725,44.35699999998906,103.861,1789798367.7004237,gps_back
31.836999999999534,44.36999999999534,103.85900000000001,1789798367.8004236,gps_back
31.941500000000815,44.382500000006985,103.857,1789798367.9004238,gps_back
32.046000000002095,44.39499999998952,103.854,1789798368.0004237,gps_back
32.141499999997905,44.40799999999581,103.855,1789798368.1004236,gps_back
32.236999999993714,44.42050000000745,103.85600000000001,1789798368.2004237,gps_back
32.332500000004075,44.43299999998999,103.854,1789798368.3004236,gps_back
32.427999999999884,44.45650000000023,103.855,1789798368.4004235,gps_back
32.52349999999569,44.469000000011874,103.857,1789798368.5004234,gps_back
32.619000000006054,44.48149999999441,103.855,1789798368.6004236,gps_back
32.71450000000186,44.494000000006054,103.85600000000001,1789798368.7004235,gps_back
32.80999999999767,44.50700000001234,103.85600000000001,1789798368.8004234,gps_back
32.90549999999348,44.51949999999488,103.857,1789798368.9004235,gps_back
33.00100000000384,44.53200000000652,103.855,1789798369.0004234,gps_back
33.096999999994296,44.54449999998906,103.854,1789798369.1004233,gps_back
33.20100000000093,44.5679999999993,103.85600000000001,1789798369.2004232,gps_back
33.29649999999674,44.58050000001094,103.855,1789798369.3004234,gps_back
33.383499999996275,44.59299999999348,103.851,1789798369.4004233,gps_back
33.43550000000687,44.60500000001048,103.849,1789798369.5004232,gps_back
