x,y,z,stamp,frame_id
31.073499999999,44.236499999999,0.000000000000,,gps_back
31.122762141249,44.245067376135,0.000000000000,,gps_back
31.171906706331,44.254285259866,0.000000000000,,gps_back
31.220622964528,44.265549079284,0.000000000000,,gps_back
31.268583713655,44.279688342557,0.000000000000,,gps_back
31.317117533323,44.291713046011,0.000000000000,,gps_back
31.366516897926,44.299449389707,0.000000000000,,gps_back
31.416163605497,44.305394845732,0.000000000000,,gps_back
31.465510880109,44.313456703491,0.000000000000,,gps_back
31.514556393919,44.323187783058,0.000000000000,,gps_back
31.563442806446,44.333675156527,0.000000000000,,gps_back
31.610241067442,44.351274292321,0.000000000000,,gps_back
31.659278334185,44.361045210713,0.000000000000,,gps_back
31.708656370332,44.368916613369,0.000000000000,,gps_back
31.757856086118,44.377818795502,0.000000000000,,gps_back
31.805739672415,44.392216981326,0.000000000000,,gps_back
31.853938208529,44.405510913703,0.000000000000,,gps_back
31.903206751723,44.414039452731,0.000000000000,,gps_back
31.952187378003,44.424092143084,0.000000000000,,gps_back
32.001144338582,44.434259469972,0.000000000000,,gps_back
32.050101299162,44.444426796859,0.000000000000,,gps_back
32.099058259741,44.454594123746,0.000000000000,,gps_back
32.148015590287,44.464759657442,0.000000000000,,gps_back
32.197003012164,44.474777498491,0.000000000000,,gps_back
32.246284084807,44.483214738590,0.000000000000,,gps_back
32.296158578940,44.486777495892,0.000000000000,,gps_back
32.346021110949,44.490386997016,0.000000000000,,gps_back
32.394958752304,44.500591343066,0.000000000000,,gps_back
32.441905675569,44.517780238089,0.000000000000,,gps_back
32.490527221100,44.529442484680,0.000000000000,,gps_back
32.539579274917,44.539140477437,0.000000000000,,gps_back
32.588552295648,44.549229697519,0.000000000000,,gps_back
32.637404669103,44.559882820558,0.000000000000,,gps_back
32.686668150316,44.568437014397,0.000000000000,,gps_back
32.735554597583,44.578937817723,0.000000000000,,gps_back
32.784330958152,44.589938167247,0.000000000000,,gps_back
32.833295781263,44.600062110704,0.000000000000,,gps_back
32.882654045652,44.608048695524,0.000000000000,,gps_back
32.932325588299,44.613782918481,0.000000000000,,gps_back
32.981882804746,44.620394191469,0.000000000000,,gps_back
33.030654757848,44.631414859126,0.000000000000,,gps_back
33.079424743564,44.642444171585,0.000000000000,,gps_back
33.128178904825,44.653422222111,0.000000000000,,gps_back
33.178145189976,44.654707661027,0.000000000000,,gps_back
33.227246330547,44.664152550522,0.000000000000,,gps_back
33.276148452210,44.674580414900,0.000000000000,,gps_back
33.325081968604,44.684859966925,0.000000000000,,gps_back
33.374037736840,44.695032931542,0.000000000000,,gps_back
33.423049806920,44.704930540525,0.000000000000,,gps_back
33.472186395251,44.714190897556,0.000000000000,,gps_back
33.521317154475,44.723480562065,0.000000000000,,gps_back
33.570258248650,44.733723973071,0.000000000000,,gps_back
33.619224083472,44.743848156869,0.000000000000,,gps_back
33.668280074828,44.753526389118,0.000000000000,,gps_back
33.717328106814,44.763244873462,0.000000000000,,gps_back
33.766388992991,44.772898258430,0.000000000000,,gps_back
33.815460840138,44.782448202593,0.000000000000,,gps_back
33.865284770660,44.786659309749,0.000000000000,,gps_back
33.915075024778,44.791189928399,0.000000000000,,gps_back
33.964415012887,44.799162541192,0.000000000000,,gps_back
34.014375888714,44.800319037052,0.000000000000,,gps_back
34.063529261884,44.809489663085,0.000000000000,,gps_back
34.112734583601,44.818377109950,0.000000000000,,gps_back
34.161847504105,44.827756693256,0.000000000000,,gps_back
34.210660974568,44.838589044186,0.000000000000,,gps_back
34.259730562787,44.848195642871,0.000000000000,,gps_back
34.308984805485,44.856807404968,0.000000000000,,gps_back
34.358150224975,44.865898635381,0.000000000000,,gps_back
34.407727730002,44.872276657986,0.000000000000,,gps_back
34.457691386011,44.873351157835,0.000000000000,,gps_back
34.506968842086,44.881828077595,0.000000000000,,gps_back
34.556103623285,44.891097890051,0.000000000000,,gps_back
34.605290278806,44.900083119812,0.000000000000,,gps_back
34.654733747249,44.907466707089,0.000000000000,,gps_back
34.704646612267,44.910441690795,0.000000000000,,gps_back
34.754494759357,44.914193339742,0.000000000000,,gps_back
34.803767279247,44.922700825202,0.000000000000,,gps_back
34.853039799140,44.931208310644,0.000000000000,,gps_back
34.902318109967,44.939680828987,0.000000000000,,gps_back
34.951734539959,44.947156141137,0.000000000000,,gps_back
35.001704028688,44.948510918635,0.000000000000,,gps_back
35.051288195054,44.954938249499,0.000000000000,,gps_back
35.100560714947,44.963445734946,0.000000000000,,gps_back
35.149838082523,44.971924226170,0.000000000000,,gps_back
35.199194057644,44.979932674157,0.000000000000,,gps_back
35.248467185835,44.988432410385,0.000000000000,,gps_back
35.297552272244,44.997958665713,0.000000000000,,gps_back
35.346857736035,45.006198951146,0.000000000000,,gps_back
35.396723957547,45.009871714499,0.000000000000,,gps_back
35.446597493108,45.013193092337,0.000000000000,,gps_back
35.495858526344,45.021763178732,0.000000000000,,gps_back
35.544948012940,45.031269095292,0.000000000000,,gps_back
35.594141368664,45.040222250708,0.000000000000,,gps_back
35.643413888557,45.048729736154,0.000000000000,,gps_back
35.692686408447,45.057237221614,0.000000000000,,gps_back
35.741957539755,45.065752686193,0.000000000000,,gps_back
35.791205020906,45.074403780744,0.000000000000,,gps_back
35.840429350252,45.083180896260,0.000000000000,,gps_back
35.889840221851,45.090843700048,0.000000000000,,gps_back
35.939199234776,45.098832961397,0.000000000000,,gps_back
35.988477724417,45.107304611067,0.000000000000,,gps_back
36.037848804746,45.115220009529,0.000000000000,,gps_back
36.087245016655,45.122976945219,0.000000000000,,gps_back
36.136704838773,45.130203066937,0.000000000000,,gps_back
36.186655831589,45.132448830918,0.000000000000,,gps_back
36.236549219211,45.135475990324,0.000000000000,,gps_back
36.285930448260,45.143327799565,0.000000000000,,gps_back
36.335336784813,45.151020160834,0.000000000000,,gps_back
36.384728572230,45.158800102921,0.000000000000,,gps_back
36.433949864369,45.167596644191,0.000000000000,,gps_back
36.483308699777,45.175587536983,0.000000000000,,gps_back
36.532722783951,45.183229742670,0.000000000000,,gps_back
36.582098808269,45.191113915342,0.000000000000,,gps_back
36.631423093610,45.199315730422,0.000000000000,,gps_back
36.680718429319,45.207687450664,0.000000000000,,gps_back
36.730165187647,45.215067002547,0.000000000000,,gps_back
36.780000787030,45.219054155159,0.000000000000,,gps_back
36.829948489955,45.220498838683,0.000000000000,,gps_back
36.879284322320,45.228631116699,0.000000000000,,gps_back
36.928614808671,45.236795351693,0.000000000000,,gps_back
36.977987264084,45.244700687598,0.000000000000,,gps_back
37.027268608999,45.253156572879,0.000000000000,,gps_back
37.076598668703,45.261323504593,0.000000000000,,gps_back
37.125973523828,45.269215043213,0.000000000000,,gps_back
37.175386660966,45.276862662152,0.000000000000,,gps_back
37.224721800082,45.284996726626,0.000000000000,,gps_back
37.273947849601,45.293763542924,0.000000000000,,gps_back
37.323358669483,45.301426620449,0.000000000000,,gps_back
37.372716622351,45.309422294499,0.000000000000,,gps_back
37.421984993256,45.317953328704,0.000000000000,,gps_back
37.471240703624,45.326475689517,0.000000000000,,gps_back
37.521072265962,45.330555241895,0.000000000000,,gps_back
37.570979883146,45.333083457943,0.000000000000,,gps_back
37.620239147744,45.341667162092,0.000000000000,,gps_back
37.669463681575,45.350448025937,0.000000000000,,gps_back
37.718700334357,45.359160489387,0.000000000000,,gps_back
37.767957862478,45.367749453569,0.000000000000,,gps_back
37.817055230845,45.377203622261,0.000000000000,,gps_back
37.866450896702,45.384961355778,0.000000000000,,gps_back
37.915955625713,45.391992737630,0.000000000000,,gps_back
37.965460354723,45.399024119482,0.000000000000,,gps_back
38.014965083734,45.406055501334,0.000000000000,,gps_back
38.064455886311,45.413177144024,0.000000000000,,gps_back
38.113760357506,45.421490468656,0.000000000000,,gps_back
38.162868922556,45.430894634116,0.000000000000,,gps_back
38.212137764809,45.439423072814,0.000000000000,,gps_back
38.261363212570,45.448198809282,0.000000000000,,gps_back
38.310601435759,45.456902406179,0.000000000000,,gps_back
38.359929408704,45.464827501426,0.000000000000,,gps_back
38.409899609026,45.466121389738,0.000000000000,,gps_back
38.459565555923,45.471838951361,0.000000000000,,gps_back
38.508830516838,45.480384919772,0.000000000000,,gps_back
38.558250367993,45.487988242808,0.000000000000,,gps_back
38.607577850974,45.496169969507,0.000000000000,,gps_back
38.656827759157,45.504807150932,0.000000000000,,gps_back
38.706043509317,45.513636823448,0.000000000000,,gps_back
38.755307932590,45.522190281001,0.000000000000,,gps_back
38.804645725044,45.530308900643,0.000000000000,,gps_back
38.854059220039,45.537949672638,0.000000000000,,gps_back
38.903313431000,45.546562402042,0.000000000000,,gps_back
38.952544504598,45.555306245396,0.000000000000,,gps_back
39.001875691239,45.563205344864,0.000000000000,,gps_back
39.051844148505,45.564614153431,0.000000000000,,gps_back
39.101526272379,45.570166615048,0.000000000000,,gps_back
39.150749171636,45.578956377668,0.000000000000,,gps_back
39.200011982216,45.587519896783,0.000000000000,,gps_back
39.249282061028,45.596041506941,0.000000000000,,gps_back
39.298554580920,45.604548992388,0.000000000000,,gps_back
39.347827100810,45.613056477848,0.000000000000,,gps_back
39.397096986466,45.621579059682,0.000000000000,,gps_back
39.446347942724,45.630208723740,0.000000000000,,gps_back
39.495751328717,45.637633112654,0.000000000000,,gps_back
39.545632246202,45.639290242989,0.000000000000,,gps_back
39.594289788820,45.650802838333,0.000000000000,,gps_back
39.642926745044,45.661876116790,0.000000000000,,gps_back
39.692859440976,45.663624476492,0.000000000000,,gps_back
39.742295242305,45.671122100024,0.000000000000,,gps_back
39.791643687207,45.679175951872,0.000000000000,,gps_back
39.841044768941,45.686894590497,0.000000000000,,gps_back
39.890294586268,45.695531551358,0.000000000000,,gps_back
39.939620258755,45.703722205154,0.000000000000,,gps_back
39.989042507779,45.711311047597,0.000000000000,,gps_back
40.038418138669,45.719197804993,0.000000000000,,gps_back
40.087754702317,45.727324552911,0.000000000000,,gps_back
40.137041196403,45.735747057467,0.000000000000,,gps_back
40.186443865045,45.743462937010,0.000000000000,,gps_back
40.235846226191,45.751180484962,0.000000000000,,gps_back
40.285210286085,45.759138513943,0.000000000000,,gps_back
40.334512330269,45.767473194526,0.000000000000,,gps_back
40.383826160652,45.775736649780,0.000000000000,,gps_back
40.433214089393,45.783544694340,0.000000000000,,gps_back
40.482674970168,45.790877885858,0.000000000000,,gps_back
40.532140076513,45.798171166003,0.000000000000,,gps_back
40.581429297738,45.806579981046,0.000000000000,,gps_back
40.630797287688,45.814513598116,0.000000000000,,gps_back
40.680218842194,45.822106799286,0.000000000000,,gps_back
40.729592153627,45.830008357952,0.000000000000,,gps_back
40.778963774052,45.837920476617,0.000000000000,,gps_back
40.828339672280,45.845805463742,0.000000000000,,gps_back
40.877750604446,45.853468250935,0.000000000000,,gps_back
40.927158151801,45.861152571948,0.000000000000,,gps_back
40.976543252119,45.868979414716,0.000000000000,,gps_back
41.025977423611,45.876490587156,0.000000000000,,gps_back
41.075436748034,45.883834547449,0.000000000000,,gps_back
41.124891829943,45.891206577648,0.000000000000,,gps_back
41.174301969042,45.898872191482,0.000000000000,,gps_back
41.223627740520,45.907065285727,0.000000000000,,gps_back
41.272956093049,45.915242700276,0.000000000000,,gps_back
41.322310974365,45.923257948076,0.000000000000,,gps_back
41.371710883340,45.930991480152,0.000000000000,,gps_back
41.421110732682,45.938725393071,0.000000000000,,gps_back
41.470509741379,45.946464670934,0.000000000000,,gps_back
41.519905857160,45.954222394246,0.000000000000,,gps_back
41.569301972940,45.961980117557,0.000000000000,,gps_back
41.618698499834,45.969735219041,0.000000000000,,gps_back
41.668098358556,45.977469072118,0.000000000000,,gps_back
41.717498267532,45.985202604194,0.000000000000,,gps_back
41.766897835060,45.992938314503,0.000000000000,,gps_back
41.816294569742,46.000692095900,0.000000000000,,gps_back
41.865690685522,46.008449819212,0.000000000000,,gps_back
41.915043496904,46.016448343379,0.000000000000,,gps_back
41.964020730059,46.026511092132,0.000000000000,,gps_back
42.012783505579,46.037572296803,0.000000000000,,gps_back
42.061580935351,46.048469274281,0.000000000000,,gps_back
42.110691406986,46.057848970978,0.000000000000,,gps_back
42.160087522766,46.065606694289,0.000000000000,,gps_back
42.209479751495,46.073388816333,0.000000000000,,gps_back
42.258831185035,46.081424089507,0.000000000000,,gps_back
42.308116341293,46.089855251503,0.000000000000,,gps_back
42.357503231821,46.097671432454,0.000000000000,,gps_back
42.406903140796,46.105404964530,0.000000000000,,gps_back
42.456191755417,46.113675993818,0.000000000000,,gps_back
42.504558449188,46.126349660213,0.000000000000,,gps_back
42.552755991079,46.139500921709,0.000000000000,,gps_back
42.602117297315,46.147425534667,0.000000000000,,gps_back
42.650949913902,46.158136681809,0.000000000000,,gps_back
42.699314529766,46.170748631850,0.000000000000,,gps_back
42.748558800366,46.179399252922,0.000000000000,,gps_back
42.798061810112,46.186440072617,0.000000000000,,gps_back
42.847632013522,46.192993267578,0.000000000000,,gps_back
42.896808999279,46.201176369659,0.000000000000,,gps_back
42.943429372768,46.219239072467,0.000000000000,,gps_back
42.990961656581,46.234392886997,0.000000000000,,gps_back
43.040516581178,46.241046669295,0.000000000000,,gps_back
43.089799151095,46.249379895817,0.000000000000,,gps_back
43.138352341852,46.261327539621,0.000000000000,,gps_back
43.186905532610,46.273275183419,0.000000000000,,gps_back
43.235506286126,46.285014257688,0.000000000000,,gps_back
43.284520860867,46.294816866594,0.000000000000,,gps_back
43.334099553489,46.301306224274,0.000000000000,,gps_back
43.383678246111,46.307795581953,0.000000000000,,gps_back
43.433207319751,46.314601641414,0.000000000000,,gps_back
43.482313497051,46.323967195615,0.000000000000,,gps_back
43.530996171101,46.335230976276,0.000000000000,,gps_back
43.580614626680,46.341095495241,0.000000000000,,gps_back
43.630569176627,46.342648548349,0.000000000000,,gps_back
43.680115468400,46.348960142186,0.000000000000,,gps_back
43.728729685653,46.360624988729,0.000000000000,,gps_back
43.777877254625,46.369760059200,0.000000000000,,gps_back
43.827396429909,46.376617136465,0.000000000000,,gps_back
43.876445799106,46.386278697668,0.000000000000,,gps_back
43.925181259320,46.397007589455,0.000000000000,,gps_back
43.975069901096,46.398994008482,0.000000000000,,gps_back
44.024904329211,46.395856485966,0.000000000000,,gps_back
44.074585545728,46.400318529738,0.000000000000,,gps_back
44.123213202844,46.411924215844,0.000000000000,,gps_back
44.172347011397,46.421147559105,0.000000000000,,gps_back
44.221851139486,46.428181079779,0.000000000000,,gps_back
44.271410926890,46.434812948542,0.000000000000,,gps_back
44.320830415560,46.442170885248,0.000000000000,,gps_back
44.369432550358,46.453907455838,0.000000000000,,gps_back
44.417758052898,46.466744422279,0.000000000000,,gps_back
44.466070592229,46.479620156644,0.000000000000,,gps_back
44.514838821894,46.490465814393,0.000000000000,,gps_back
44.564413481170,46.496985574924,0.000000000000,,gps_back
44.613958260193,46.503726761520,0.000000000000,,gps_back
44.663354174530,46.511390306966,0.000000000000,,gps_back
44.712171864691,46.522147847633,0.000000000000,,gps_back
44.760508522230,46.534921859451,0.000000000000,,gps_back
44.809261443562,46.546022916632,0.000000000000,,gps_back
44.858144426520,46.556540164481,0.000000000000,,gps_back
44.906994514785,46.567204274168,0.000000000000,,gps_back
44.955625994775,46.578813848313,0.000000000000,,gps_back
45.004081000299,46.591089108883,0.000000000000,,gps_back
45.053221411624,46.600276064895,0.000000000000,,gps_back
45.102714750692,46.607387176834,0.000000000000,,gps_back
45.152215247347,46.614447447453,0.000000000000,,gps_back
45.201831785846,46.620195375615,0.000000000000,,gps_back
45.251812134642,46.621425071333,0.000000000000,,gps_back
45.301642045389,46.625157885673,0.000000000000,,gps_back
45.351079387939,46.632648392118,0.000000000000,,gps_back
45.400516730489,46.640138898563,0.000000000000,,gps_back
45.449890301618,46.647999111111,0.000000000000,,gps_back
45.498977789361,46.657516272102,0.000000000000,,gps_back
45.548054492859,46.667088925805,0.000000000000,,gps_back
45.597125717315,46.676689440124,0.000000000000,,gps_back
45.646156406782,46.686493548380,0.000000000000,,gps_back
45.695115180434,46.696652141183,0.000000000000,,gps_back
45.744073954085,46.706810733985,0.000000000000,,gps_back
45.793109522722,46.716550809161,0.000000000000,,gps_back
45.842510792954,46.724267324289,0.000000000000,,gps_back
45.892023964658,46.731239006512,0.000000000000,,gps_back
45.941538314811,46.738202291425,0.000000000000,,gps_back
45.991062505328,46.745094896008,0.000000000000,,gps_back
46.040583080164,46.752004861433,0.000000000000,,gps_back
46.089918183746,46.760087005895,0.000000000000,,gps_back
46.138904853414,46.770110214962,0.000000000000,,gps_back
46.187891523082,46.780133424030,0.000000000000,,gps_back
46.236820829974,46.790417769747,0.000000000000,,gps_back
46.285475300162,46.801944183812,0.000000000000,,gps_back
46.334168955517,46.813212735337,0.000000000000,,gps_back
46.383511206186,46.821293410494,0.000000000000,,gps_back
46.432999899211,46.828436767120,0.000000000000,,gps_back
46.482497482233,46.835517998579,0.000000000000,,gps_back
46.532025240296,46.842382884860,0.000000000000,,gps_back
46.581543329551,46.849268939075,0.000000000000,,gps_back
46.630621894807,46.858679810189,0.000000000000,,gps_back
46.679087959409,46.870904383516,0.000000000000,,gps_back
46.728258855854,46.879910053400,0.000000000000,,gps_back
46.777875210481,46.885946541517,0.000000000000,,gps_back
46.827793236508,46.888686090284,0.000000000000,,gps_back
46.877541730630,46.891551468375,0.000000000000,,gps_back
46.926205720272,46.903029079049,0.000000000000,,gps_back
46.974845162025,46.914417408339,0.000000000000,,gps_back
47.024338141904,46.921531017973,0.000000000000,,gps_back
47.073828874048,46.928660241906,0.000000000000,,gps_back
47.123317060366,46.935807119269,0.000000000000,,gps_back
47.172808384281,46.942932239127,0.000000000000,,gps_back
47.222290113828,46.950121907487,0.000000000000,,gps_back
47.271719981227,46.957661329884,0.000000000000,,gps_back
47.321124676837,46.965363802046,0.000000000000,,gps_back
47.370490802573,46.973308384767,0.000000000000,,gps_back
47.419847602968,46.981289933761,0.000000000000,,gps_back
47.469477020484,46.986913019627,0.000000000000,,gps_back
47.519408470110,46.988800408585,0.000000000000,,gps_back
47.569032252719,46.994862911215,0.000000000000,,gps_back
47.618383554979,47.002897160570,0.000000000000,,gps_back
47.667676421237,47.011282339587,0.000000000000,,gps_back
47.717055504932,47.019147380361,0.000000000000,,gps_back
47.766419509232,47.027093436915,0.000000000000,,gps_back
47.815660764327,47.035773206365,0.000000000000,,gps_back
47.865027412789,47.043715273937,0.000000000000,,gps_back
47.914406481154,47.051573780915,0.000000000000,,gps_back
47.963693009519,47.059998071534,0.000000000000,,gps_back
48.013064737349,47.067899791138,0.000000000000,,gps_back
48.062658164243,47.073723688057,0.000000000000,,gps_back
48.112569073593,47.075618862236,0.000000000000,,gps_back
48.162073776628,47.082588825664,0.000000000000,,gps_back
48.211308066773,47.091314446391,0.000000000000,,gps_back
48.260601069931,47.099694180068,0.000000000000,,gps_back
48.310012104646,47.107356305798,0.000000000000,,gps_back
48.359414566803,47.115072847243,0.000000000000,,gps_back
48.408793546391,47.122938366185,0.000000000000,,gps_back
48.458202130980,47.130616253059,0.000000000000,,gps_back
48.507609102956,47.138303997286,0.000000000000,,gps_back
48.556987664241,47.146172674634,0.000000000000,,gps_back
48.606362030832,47.154067633139,0.000000000000,,gps_back
48.655743524558,47.161916910886,0.000000000000,,gps_back
48.705151016983,47.169600449984,0.000000000000,,gps_back
48.754495171495,47.177679022411,0.000000000000,,gps_back
48.803480853730,47.187404869295,0.000000000000,,gps_back
48.851508910062,47.201277934406,0.000000000000,,gps_back
48.900236483459,47.212344074387,0.000000000000,,gps_back
48.949649960127,47.219989975763,0.000000000000,,gps_back
48.999032303428,47.227834535816,0.000000000000,,gps_back
49.048373494752,47.235931394787,0.000000000000,,gps_back
49.097670636971,47.244289915903,0.000000000000,,gps_back
49.147064469039,47.252061968807,0.000000000000,,gps_back
49.196466709976,47.259779921461,0.000000000000,,gps_back
49.245825471281,47.267770392012,0.000000000000,,gps_back
49.295128075064,47.276101250365,0.000000000000,,gps_back
49.344400594956,47.284608735813,0.000000000000,,gps_back
49.393637767570,47.293310126721,0.000000000000,,gps_back
49.442731823789,47.302792727059,0.000000000000,,gps_back
49.491783224187,47.312494193229,0.000000000000,,gps_back
49.540829635869,47.322220858516,0.000000000000,,gps_back
49.589880060268,47.331927224966,0.000000000000,,gps_back
49.639128220465,47.340041152870,0.000000000000,,gps_back
49.689018992792,47.343101729332,0.000000000000,,gps_back
49.738542135890,47.349704562524,0.000000000000,,gps_back
49.787499607503,47.359862855706,0.000000000000,,gps_back
49.836633047469,47.369130885900,0.000000000000,,gps_back
49.885895834606,47.377693886400,0.000000000000,,gps_back
49.935135958417,47.386385895534,0.000000000000,,gps_back
49.984449286290,47.394646044049,0.000000000000,,gps_back
50.033881525681,47.402168580790,0.000000000000,,gps_back
50.083360823819,47.409376555150,0.000000000000,,gps_back
50.132522603003,47.418013190737,0.000000000000,,gps_back
50.180645334980,47.431550701100,0.000000000000,,gps_back
50.229466109595,47.442185853986,0.000000000000,,gps_back
50.278954439574,47.449331734817,0.000000000000,,gps_back
50.328446046127,47.456454891683,0.000000000000,,gps_back
50.377713081636,47.464710116345,0.000000000000,,gps_back
50.426161292526,47.477075122172,0.000000000000,,gps_back
50.474783126952,47.488470086473,0.000000000000,,gps_back
50.524313083178,47.495321411243,0.000000000000,,gps_back
50.573827649466,47.502282708247,0.000000000000,,gps_back
50.623320275077,47.509398777968,0.000000000000,,gps_back
50.672809840071,47.516536104060,0.000000000000,,gps_back
50.722278150455,47.523815310734,0.000000000000,,gps_back
50.771660289196,47.531658224688,0.000000000000,,gps_back
50.820914680298,47.540247539893,0.000000000000,,gps_back
50.869980537305,47.549873694220,0.000000000000,,gps_back
50.919100354512,47.559221532395,0.000000000000,,gps_back
50.968166833537,47.568846391169,0.000000000000,,gps_back
51.017221404599,47.578531819594,0.000000000000,,gps_back
51.066268967610,47.588252233753,0.000000000000,,gps_back
51.114935726000,47.599449952487,0.000000000000,,gps_back
51.162849457444,47.613300557569,0.000000000000,,gps_back
51.212423956050,47.619188344074,0.000000000000,,gps_back
51.262070094348,47.622699587693,0.000000000000,,gps_back
51.310534054018,47.634997671080,0.000000000000,,gps_back
51.359124083455,47.646482632204,0.000000000000,,gps_back
51.408657994509,47.653305381305,0.000000000000,,gps_back
51.458197537955,47.660087099404,0.000000000000,,gps_back
51.507640341802,47.667457377981,0.000000000000,,gps_back
51.556637561864,47.677370146550,0.000000000000,,gps_back
51.605229143209,47.689160598504,0.000000000000,,gps_back
51.653797351682,47.701046992288,0.000000000000,,gps_back
51.702509787573,47.712248201200,0.000000000000,,gps_back
51.751796242776,47.720621478074,0.000000000000,,gps_back
51.801358028247,47.727234698179,0.000000000000,,gps_back
51.850980344815,47.733380424029,0.000000000000,,gps_back
51.900618748070,47.739394562598,0.000000000000,,gps_back
51.950221165933,47.745699105496,0.000000000000,,gps_back
51.999686667185,47.752894138052,0.000000000000,,gps_back
52.048721026894,47.762653308964,0.000000000000,,gps_back
52.097466633901,47.773788065394,0.000000000000,,gps_back
52.146104494122,47.785384351957,0.000000000000,,gps_back
52.194811140283,47.796618820224,0.000000000000,,gps_back
52.244083645274,47.805050215343,0.000000000000,,gps_back
52.293526042687,47.812365306687,0.000000000000,,gps_back
52.342439133798,47.822697064341,0.000000000000,,gps_back
52.391181861253,47.833729329463,0.000000000000,,gps_back
52.440565905658,47.841508238208,0.000000000000,,gps_back
52.490057470817,47.848498845123,0.000000000000,,gps_back
52.539037943848,47.858483158949,0.000000000000,,gps_back
52.587773924706,47.869557643381,0.000000000000,,gps_back
52.637140041425,47.877421057588,0.000000000000,,gps_back
52.686678566238,47.884092644047,0.000000000000,,gps_back
52.735724599641,47.893713453598,0.000000000000,,gps_back
52.784420668458,47.904995340476,0.000000000000,,gps_back
52.833679244391,47.913497283293,0.000000000000,,gps_back
52.883264152787,47.919938456346,0.000000000000,,gps_back
52.932870982033,47.926208830305,0.000000000000,,gps_back
52.982379503205,47.933104682427,0.000000000000,,gps_back
53.031406356886,47.942835595674,0.000000000000,,gps_back
53.079989463728,47.954659072580,0.000000000000,,gps_back
53.128683981791,47.966015130493,0.000000000000,,gps_back
53.177640156013,47.976045985769,0.000000000000,,gps_back
53.227251201887,47.981617247885,0.000000000000,,gps_back
53.277228704818,47.983000123719,0.000000000000,,gps_back
53.327068916659,47.986608496948,0.000000000000,,gps_back
53.376582253560,47.993540104455,0.000000000000,,gps_back
53.425765822694,48.002451892621,0.000000000000,,gps_back
53.474597390436,48.013195271501,0.000000000000,,gps_back
53.523748779380,48.022239369032,0.000000000000,,gps_back
53.573330837646,48.028702819746,0.000000000000,,gps_back
53.622929534969,48.035036688566,0.000000000000,,gps_back
53.672546546577,48.041226189195,0.000000000000,,gps_back
53.722149043209,48.047529979470,0.000000000000,,gps_back
53.771669089534,48.054420789193,0.000000000000,,gps_back
53.820810812589,48.063474388441,0.000000000000,,gps_back
53.869474810949,48.074933298082,0.000000000000,,gps_back
53.918621880619,48.083940129888,0.000000000000,,gps_back
53.968264755592,48.089918685249,0.000000000000,,gps_back
54.017898396590,48.095973006269,0.000000000000,,gps_back
54.067496357028,48.102307867194,0.000000000000,,gps_back
54.116761595755,48.110517342111,0.000000000000,,gps_back
54.165356459553,48.122287762257,0.000000000000,,gps_back
54.214349752628,48.131993989556,0.000000000000,,gps_back
54.263997082036,48.137935469810,0.000000000000,,gps_back
54.313634953986,48.143954369242,0.000000000000,,gps_back
54.363250420807,48.150156302597,0.000000000000,,gps_back
54.412969644413,48.154942512782,0.000000000000,,gps_back
54.462959633244,48.156018761054,0.000000000000,,gps_back
54.512550520128,48.160080494489,0.000000000000,,gps_back
54.561123489648,48.171946705307,0.000000000000,,gps_back
54.610013849042,48.182161498560,0.000000000000,,gps_back
54.659565461344,48.188846926844,0.000000000000,,gps_back
54.708787419650,48.197369155622,0.000000000000,,gps_back
54.757398108799,48.209073807681,0.000000000000,,gps_back
54.806386955192,48.218864784700,0.000000000000,,gps_back
54.855968110126,48.225335230481,0.000000000000,,gps_back
54.905563437073,48.231695429633,0.000000000000,,gps_back
54.955154095521,48.238085493396,0.000000000000,,gps_back
55.004468658946,48.246125129672,0.000000000000,,gps_back
55.053242259997,48.257138495453,0.000000000000,,gps_back
55.102246828427,48.266855055796,0.000000000000,,gps_back
55.151831101131,48.273301619888,0.000000000000,,gps_back
55.201434558535,48.279595499823,0.000000000000,,gps_back
55.251078844127,48.285562361077,0.000000000000,,gps_back
55.300425931192,48.293172791636,0.000000000000,,gps_back
55.349008381431,48.305000782271,0.000000000000,,gps_back
55.397858003593,48.315379319833,0.000000000000,,gps_back
55.447421954065,48.321977987928,0.000000000000,,gps_back
55.496720680406,48.330089387787,0.000000000000,,gps_back
55.545441784821,48.341332719578,0.000000000000,,gps_back
55.594395805426,48.351303822815,0.000000000000,,gps_back
55.643949397187,48.357981221228,0.000000000000,,gps_back
55.693502750151,48.364655567542,0.000000000000,,gps_back
55.742951099157,48.372058219543,0.000000000000,,gps_back
55.792125859853,48.381016420259,0.000000000000,,gps_back
55.840929288686,48.391894385011,0.000000000000,,gps_back
55.889985744760,48.401443354138,0.000000000000,,gps_back
55.939395574616,48.409068656195,0.000000000000,,gps_back
55.988410654459,48.418852359994,0.000000000000,,gps_back
56.037103252580,48.430173107719,0.000000000000,,gps_back
56.086298665208,48.438989354082,0.000000000000,,gps_back
56.135756654101,48.446241196580,0.000000000000,,gps_back
56.184736172162,48.456211053103,0.000000000000,,gps_back
56.233468831382,48.467308961918,0.000000000000,,gps_back
56.282805985186,48.475321290095,0.000000000000,,gps_back
56.332321915638,48.482134978126,0.000000000000,,gps_back
56.381240188370,48.492302247708,0.000000000000,,gps_back
56.429767742572,48.504198550536,0.000000000000,,gps_back
56.479072626830,48.512433935779,0.000000000000,,gps_back
56.528463063117,48.520023657797,0.000000000000,,gps_back
56.577278689127,48.530818938893,0.000000000000,,gps_back
56.626061498811,48.541630324075,0.000000000000,,gps_back
56.675485925925,48.549173550514,0.000000000000,,gps_back
56.725065661474,48.555654923529,0.000000000000,,gps_back
56.774648094785,48.562115637341,0.000000000000,,gps_back
56.823970901777,48.570014390715,0.000000000000,,gps_back
56.872632113535,48.581508996500,0.000000000000,,gps_back
56.921437443877,48.592180201760,0.000000000000,,gps_back
56.970888436148,48.599575803973,0.000000000000,,gps_back
57.020416832870,48.606434140427,0.000000000000,,gps_back
57.069989952579,48.612965613020,0.000000000000,,gps_back
57.119530009023,48.619739943829,0.000000000000,,gps_back
57.168876474423,48.627699949104,0.000000000000,,gps_back
57.217653820224,48.638593812426,0.000000000000,,gps_back
57.265920734376,48.651649713260,0.000000000000,,gps_back
57.314227497311,48.664557600435,0.000000000000,,gps_back
57.362874399116,48.675870041432,0.000000000000,,gps_back
57.412297441877,48.683447908312,0.000000000000,,gps_back
57.461790780945,48.690559020254,0.000000000000,,gps_back
57.511176878930,48.698317097146,0.000000000000,,gps_back
57.560067403850,48.708659540915,0.000000000000,,gps_back
57.608622057823,48.720498843649,0.000000000000,,gps_back
57.657830207582,48.729297443622,0.000000000000,,gps_back
57.707323546651,48.736408555560,0.000000000000,,gps_back
57.756816775043,48.743520437670,0.000000000000,,gps_back
57.806308079240,48.750645676185,0.000000000000,,gps_back
57.855796178406,48.757793160445,0.000000000000,,gps_back
57.905286765838,48.764923385893,0.000000000000,,gps_back
57.954767753037,48.772118809342,0.000000000000,,gps_back
58.004210797063,48.779570891851,0.000000000000,,gps_back
58.053653017819,48.787025749579,0.000000000000,,gps_back
58.103080753154,48.794554206031,0.000000000000,,gps_back
58.152045450165,48.804440093386,0.000000000000,,gps_back
58.200489913415,48.816761986182,0.000000000000,,gps_back
58.249555672984,48.826252251866,0.000000000000,,gps_back
58.299049012053,48.833363363805,0.000000000000,,gps_back
58.348542351123,48.840474475734,0.000000000000,,gps_back
58.398060037299,48.847408962971,0.000000000000,,gps_back
58.447633730413,48.853936352146,0.000000000000,,gps_back
58.497186220709,48.860616714654,0.000000000000,,gps_back
58.546616123603,48.868130648882,0.000000000000,,gps_back
58.595600999518,48.877940150171,0.000000000000,,gps_back
58.644127184224,48.889925244935,0.000000000000,,gps_back
58.693290887702,48.898881006248,0.000000000000,,gps_back
58.742961547909,48.904465947586,0.000000000000,,gps_back
58.792871023438,48.907213293512,0.000000000000,,gps_back
58.842764776685,48.909604554526,0.000000000000,,gps_back
58.892380366250,48.915765187302,0.000000000000,,gps_back
58.941470818247,48.924838892823,0.000000000000,,gps_back
58.989840918502,48.937488464266,0.000000000000,,gps_back
59.038770391435,48.947485728043,0.000000000000,,gps_back
59.088345073075,48.954004997341,0.000000000000,,gps_back
59.137879786922,48.960817888289,0.000000000000,,gps_back
59.187368321155,48.967962354777,0.000000000000,,gps_back
59.236859830775,48.975086182586,0.000000000000,,gps_back
59.286079694721,48.983632885323,0.000000000000,,gps_back
59.334618347243,48.995623953606,0.000000000000,,gps_back
59.383342211539,49.006450019114,0.000000000000,,gps_back
59.432926843394,49.012890915975,0.000000000000,,gps_back
59.482666869809,49.017399309782,0.000000000000,,gps_back
59.532636832221,49.018989626291,0.000000000000,,gps_back
59.582016479967,49.025117193982,0.000000000000,,gps_back
59.630452476271,49.037482624480,0.000000000000,,gps_back
59.679517940958,49.046887165052,0.000000000000,,gps_back
59.729085130806,49.053462635929,0.000000000000,,gps_back
59.778612276144,49.060332223581,0.000000000000,,gps_back
59.827874817871,49.068700585149,0.000000000000,,gps_back
59.876511586426,49.080266086562,0.000000000000,,gps_back
59.924901016159,49.092854801113,0.000000000000,,gps_back
59.973435188623,49.104879339606,0.000000000000,,gps_back
60.022304373207,49.115192275336,0.000000000000,,gps_back
60.071835850549,49.122028252698,0.000000000000,,gps_back
60.121386851940,49.128719520489,0.000000000000,,gps_back
60.170811473833,49.136266063002,0.000000000000,,gps_back
60.219750930463,49.146267593824,0.000000000000,,gps_back
60.268230237891,49.158434574062,0.000000000000,,gps_back
60.317381445275,49.167432479852,0.000000000000,,gps_back
60.366791248263,49.174951354347,0.000000000000,,gps_back
60.415606650801,49.185664196163,0.000000000000,,gps_back
60.464230712708,49.197156516074,0.000000000000,,gps_back
60.513540302448,49.205405215863,0.000000000000,,gps_back
60.563061059196,49.212317122653,0.000000000000,,gps_back
60.612636216097,49.218833427102,0.000000000000,,gps_back
60.662182939879,49.225555338134,0.000000000000,,gps_back
60.711679551471,49.232643068849,0.000000000000,,gps_back
60.761217170679,49.239434527436,0.000000000000,,gps_back
60.810683724639,49.246650485971,0.000000000000,,gps_back
60.859586294156,49.256852923842,0.000000000000,,gps_back
60.908099514317,49.268859388059,0.000000000000,,gps_back
60.957278927887,49.277790075855,0.000000000000,,gps_back
61.006770705896,49.284912028248,0.000000000000,,gps_back
61.056260212435,49.292049760445,0.000000000000,,gps_back
61.105781288052,49.298958283776,0.000000000000,,gps_back
61.155327339221,49.305684249149,0.000000000000,,gps_back
61.204416849505,49.314794109646,0.000000000000,,gps_back
61.252913082983,49.326937384161,0.000000000000,,gps_back
61.301965534422,49.336419392118,0.000000000000,,gps_back
61.351508608035,49.343175287633,0.000000000000,,gps_back
61.401046111110,49.349971877390,0.000000000000,,gps_back
61.450569054566,49.356873139135,0.000000000000,,gps_back
61.500067810035,49.363946215319,0.000000000000,,gps_back
61.549574219191,49.370963293203,0.000000000000,,gps_back
61.599118706280,49.377708783147,0.000000000000,,gps_back
61.648275744173,49.386421603808,0.000000000000,,gps_back
61.696726647598,49.398776285009,0.000000000000,,gps_back
61.745536641078,49.409432154015,0.000000000000,,gps_back
61.794951046195,49.417062577790,0.000000000000,,gps_back
61.844474820332,49.423952201611,0.000000000000,,gps_back
61.894034707315,49.430580869266,0.000000000000,,gps_back
61.943548516458,49.437547200636,0.000000000000,,gps_back
61.992692473590,49.446431728209,0.000000000000,,gps_back
62.041173712033,49.458667919109,0.000000000000,,gps_back
62.089996417023,49.469160404734,0.000000000000,,gps_back
62.139489756091,49.476271516675,0.000000000000,,gps_back
62.188983095160,49.483382628617,0.000000000000,,gps_back
62.238475259489,49.490501903100,0.000000000000,,gps_back
62.287964388261,49.497642252639,0.000000000000,,gps_back
62.337191392518,49.506192765167,0.000000000000,,gps_back
62.385868801008,49.517616930089,0.000000000000,,gps_back
62.434695470075,49.528233341447,0.000000000000,,gps_back
62.484066412412,49.536142110194,0.000000000000,,gps_back
62.533525913668,49.543483513529,0.000000000000,,gps_back
62.582860667231,49.551528884581,0.000000000000,,gps_back
62.631737496504,49.562016556736,0.000000000000,,gps_back
62.680497538932,49.573010982876,0.000000000000,,gps_back
62.729761766376,49.581503127355,0.000000000000,,gps_back
62.779253455334,49.588625697517,0.000000000000,,gps_back
62.828725756474,49.595880147739,0.000000000000,,gps_back
62.877776745216,49.605228334946,0.000000000000,,gps_back
62.926206791078,49.617656131750,0.000000000000,,gps_back
62.975019464551,49.628399184268,0.000000000000,,gps_back
63.024204582807,49.637396015309,0.000000000000,,gps_back
63.073580050625,49.644927037203,0.000000000000,,gps_back
63.123383276315,49.649376087188,0.000000000000,,gps_back
63.172916132633,49.655744911269,0.000000000000,,gps_back
63.222005199331,49.665253054413,0.000000000000,,gps_back
63.271157160425,49.674428891740,0.000000000000,,gps_back
63.320418412359,49.682989779963,0.000000000000,,gps_back
63.369827416087,49.690653364374,0.000000000000,,gps_back
63.419488203721,49.695972609519,0.000000000000,,gps_back
63.469457139666,49.697654483811,0.000000000000,,gps_back
63.519451768571,49.698488056428,0.000000000000,,gps_back
63.569403616110,49.697759404672,0.000000000000,,gps_back
63.619224738014,49.693602049661,0.000000000000,,gps_back
63.669049690663,49.690623331930,0.000000000000,,gps_back
63.719046665142,49.691062842845,0.000000000000,,gps_back
63.768651381301,49.687072628900,0.000000000000,,gps_back
63.817499626746,49.676412521652,0.000000000000,,gps_back
63.865331720461,49.662298111458,0.000000000000,,gps_back
63.912152671640,49.644805176146,0.000000000000,,gps_back
63.959976382406,49.630314934418,0.000000000000,,gps_back
64.008081938975,49.616769401494,0.000000000000,,gps_back
64.055561787317,49.601092643346,0.000000000000,,gps_back
64.102642334815,49.584289891734,0.000000000000,,gps_back
64.147804513203,49.563226130343,0.000000000000,,gps_back
64.192082039532,49.540335418291,0.000000000000,,gps_back
64.237390848907,49.519465720137,0.000000000000,,gps_back
64.281329366733,49.495636796682,0.000000000000,,gps_back
64.326373603839,49.473950635568,0.000000000000,,gps_back
64.371515426009,49.452479903762,0.000000000000,,gps_back
64.417156420324,49.432389829419,0.000000000000,,gps_back
64.464920951781,49.417676140405,0.000000000000,,gps_back
64.513216567997,49.404726546609,0.000000000000,,gps_back
64.561512184213,49.391776952813,0.000000000000,,gps_back
64.609807611714,49.378826655253,0.000000000000,,gps_back
64.657411531287,49.363775221908,0.000000000000,,gps_back
64.704029969406,49.345697103550,0.000000000000,,gps_back
64.750917948397,49.328337641139,0.000000000000,,gps_back
64.798413096581,49.312774936728,0.000000000000,,gps_back
64.846822298132,49.300391187890,0.000000000000,,gps_back
64.895539971422,49.289202764144,0.000000000000,,gps_back
64.943601816631,49.275475064085,0.000000000000,,gps_back
64.990795512258,49.259023863265,0.000000000000,,gps_back
65.036787892433,49.239487596789,0.000000000000,,gps_back
65.081718614484,49.217553651629,0.000000000000,,gps_back
65.126162032006,49.194648033607,0.000000000000,,gps_back
65.170414541810,49.171371404279,0.000000000000,,gps_back
65.214195046779,49.147267647878,0.000000000000,,gps_back
65.255483494939,49.119258518210,0.000000000000,,gps_back
65.296066338432,49.090238965109,0.000000000000,,gps_back
65.339362592690,49.065247962142,0.000000000000,,gps_back
65.383961294353,49.042717417541,0.000000000000,,gps_back
65.428721006540,49.020542069902,0.000000000000,,gps_back
65.472012902291,48.995530193150,0.000000000000,,gps_back
65.515471312386,48.970836012726,0.000000000000,,gps_back
65.560616231639,48.949497958279,0.000000000000,,gps_back
65.606927679691,48.930650416209,0.000000000000,,gps_back
65.652971393211,48.911154789453,0.000000000000,,gps_back
65.698284072066,48.890085459796,0.000000000000,,gps_back
65.742090551109,48.866026596852,0.000000000000,,gps_back
65.785019366682,48.840389215606,0.000000000000,,gps_back
65.828603497733,48.815934793840,0.000000000000,,gps_back
65.873461095993,48.793865830417,0.000000000000,,gps_back
65.918892321364,48.772982460803,0.000000000000,,gps_back
65.963999624160,48.751439216892,0.000000000000,,gps_back
66.009688044732,48.731444522269,0.000000000000,,gps_back
66.056917814930,48.715033177132,0.000000000000,,gps_back
66.102898949552,48.695649318528,0.000000000000,,gps_back
66.147286893474,48.672632292775,0.000000000000,,gps_back
66.191287073521,48.648887305584,0.000000000000,,gps_back
66.233333209003,48.622052103796,0.000000000000,,gps_back
66.273467123536,48.592234694963,0.000000000000,,gps_back
66.314513405825,48.563698694257,0.000000000000,,gps_back
66.355144603868,48.534636793021,0.000000000000,,gps_back
66.393441074410,48.502524804869,0.000000000000,,gps_back
66.432436573553,48.471413934042,0.000000000000,,gps_back
66.474249816571,48.444008568886,0.000000000000,,gps_back
66.515788802395,48.416225661315,0.000000000000,,gps_back
66.555183660008,48.385496226126,0.000000000000,,gps_back
66.593573053161,48.353465717236,0.000000000000,,gps_back
66.633443008932,48.323348616136,0.000000000000,,gps_back
66.675099157314,48.295711457297,0.000000000000,,gps_back
66.716959065319,48.268379261093,0.000000000000,,gps_back
66.759671075937,48.242570912332,0.000000000000,,gps_back
66.803636218200,48.218787907209,0.000000000000,,gps_back
66.847091819775,48.194056862598,0.000000000000,,gps_back
66.890972576490,48.170090528953,0.000000000000,,gps_back
66.934658368681,48.145788736829,0.000000000000,,gps_back
66.978865437207,48.122579320586,0.000000000000,,gps_back
67.024838842495,48.102947292057,0.000000000000,,gps_back
67.069697846693,48.081211921126,0.000000000000,,gps_back
67.112995565940,48.056213834123,0.000000000000,,gps_back
67.156904191499,48.032297771614,0.000000000000,,gps_back
67.201424970579,48.009554470758,0.000000000000,,gps_back
67.246463014850,47.987835833823,0.000000000000,,gps_back
67.290680774767,47.964588021082,0.000000000000,,gps_back
67.333676273658,47.939064289731,0.000000000000,,gps_back
67.377423520971,47.914939592215,0.000000000000,,gps_back
67.422438425399,47.893176765287,0.000000000000,,gps_back
67.466714305833,47.870049262345,0.000000000000,,gps_back
67.509717840889,47.844539254916,0.000000000000,,gps_back
67.553410072858,47.820303303876,0.000000000000,,gps_back
67.598289159336,47.798261203528,0.000000000000,,gps_back
67.642527606051,47.775038094273,0.000000000000,,gps_back
67.686479865621,47.751252876593,0.000000000000,,gps_back
67.731543850499,47.729598609651,0.000000000000,,gps_back
67.775775206238,47.706434876256,0.000000000000,,gps_back
67.818694665387,47.680781997949,0.000000000000,,gps_back
67.862133993132,47.656040777320,0.000000000000,,gps_back
67.906437473644,47.632871506601,0.000000000000,,gps_back
67.951318969829,47.610836400771,0.000000000000,,gps_back
67.996137003669,47.588679134600,0.000000000000,,gps_back
68.039947895612,47.564623544308,0.000000000000,,gps_back
68.083796951113,47.540660284999,0.000000000000,,gps_back
68.128562079416,47.518383799343,0.000000000000,,gps_back
68.172732106025,47.494989141789,0.000000000000,,gps_back
68.216345340887,47.470535922808,0.000000000000,,gps_back
68.260286848679,47.446679146599,0.000000000000,,gps_back
68.303029749789,47.420894075345,0.000000000000,,gps_back
68.345865820843,47.395352767678,0.000000000000,,gps_back
68.391483577149,47.374993786181,0.000000000000,,gps_back
68.435745749007,47.352331816572,0.000000000000,,gps_back
68.477540511381,47.324884983769,0.000000000000,,gps_back
68.519834613681,47.298225413122,0.000000000000,,gps_back
68.562655768146,47.272409132174,0.000000000000,,gps_back
68.605476351084,47.246592028838,0.000000000000,,gps_back
68.647495321744,47.219523368160,0.000000000000,,gps_back
68.690179988033,47.193648058663,0.000000000000,,gps_back
68.735014637752,47.171550777030,0.000000000000,,gps_back
68.779198230677,47.148309577254,0.000000000000,,gps_back
68.822704608349,47.123707734488,0.000000000000,,gps_back
68.867661363280,47.101885681978,0.000000000000,,gps_back
68.912091170770,47.079134412898,0.000000000000,,gps_back
68.954838194719,47.053201807675,0.000000000000,,gps_back
68.996768950939,47.025979097743,0.000000000000,,gps_back
69.038712466275,46.998779499763,0.000000000000,,gps_back
69.081599332008,46.973082134778,0.000000000000,,gps_back
69.126055162751,46.950354142204,0.000000000000,,gps_back
69.170537588280,46.927690826975,0.000000000000,,gps_back
69.212844179368,46.901090279792,0.000000000000,,gps_back
69.254902640395,46.874076968327,0.000000000000,,gps_back
69.297342558604,46.847644538407,0.000000000000,,gps_back
69.339111733821,46.820166244827,0.000000000000,,gps_back
69.381185979051,46.793179747344,0.000000000000,,gps_back
69.423752302438,46.766948254334,0.000000000000,,gps_back
69.465579740080,46.739567494582,0.000000000000,,gps_back
69.506851015602,46.711339157341,0.000000000000,,gps_back
69.548370272765,46.683481178242,0.000000000000,,gps_back
69.590697474840,46.656881515101,0.000000000000,,gps_back
69.633022246685,46.630279668702,0.000000000000,,gps_back
69.674513710740,46.602380004666,0.000000000000,,gps_back
69.715692676494,46.574017256077,0.000000000000,,gps_back
69.756864490057,46.545644101110,0.000000000000,,gps_back
69.798095033184,46.517356303858,0.000000000000,,gps_back
69.839366272235,46.489127911646,0.000000000000,,gps_back
69.881195714113,46.461751738345,0.000000000000,,gps_back
69.923753449002,46.435505058481,0.000000000000,,gps_back
69.965778309335,46.408444081432,0.000000000000,,gps_back
70.007055880002,46.380224937786,0.000000000000,,gps_back
70.048305279582,46.351964631124,0.000000000000,,gps_back
70.089491085698,46.323611851345,0.000000000000,,gps_back
70.130700061461,46.295292931665,0.000000000000,,gps_back
70.172030995195,46.267152112901,0.000000000000,,gps_back
70.213289370742,46.238905719407,0.000000000000,,gps_back
70.253517239302,46.209249871958,0.000000000000,,gps_back
70.292100369579,46.177465810130,0.000000000000,,gps_back
70.331559619605,46.146870134166,0.000000000000,,gps_back
70.372020316946,46.117512567037,0.000000000000,,gps_back
70.410858099014,46.086057930686,0.000000000000,,gps_back
70.449181084640,46.053949212195,0.000000000000,,gps_back
70.487859863032,46.022262071516,0.000000000000,,gps_back
70.526144574491,45.990102218580,0.000000000000,,gps_back
70.565490450177,45.959324527767,0.000000000000,,gps_back
70.605953328417,45.929952038078,0.000000000000,,gps_back
70.645004416741,45.898780746553,0.000000000000,,gps_back
70.682016798389,45.865186420086,0.000000000000,,gps_back
70.718339351478,45.830824197022,0.000000000000,,gps_back
70.757166508529,45.799535339635,0.000000000000,,gps_back
70.797244017977,45.769688397980,0.000000000000,,gps_back
70.835686449669,45.737727343611,0.000000000000,,gps_back
70.872288337819,45.703711662179,0.000000000000,,gps_back
70.908671302015,45.669444649873,0.000000000000,,gps_back
70.946777979352,45.637089481145,0.000000000000,,gps_back
70.985113599937,45.604995596799,0.000000000000,,gps_back
71.022289272962,45.571573302754,0.000000000000,,gps_back
71.058356581447,45.536947504159,0.000000000000,,gps_back
71.096788886083,45.505251582790,0.000000000000,,gps_back
71.137074749466,45.475667752626,0.000000000000,,gps_back
71.175796289057,45.444053172263,0.000000000000,,gps_back
71.212567135142,45.410217786484,0.000000000000,,gps_back
71.248565312490,45.375520093392,0.000000000000,,gps_back
71.285721183843,45.342077678961,0.000000000000,,gps_back
71.324962687383,45.311165082704,0.000000000000,,gps_back
71.365076278067,45.281323312738,0.000000000000,,gps_back
71.402452415542,45.248283882433,0.000000000000,,gps_back
71.438775246278,45.213958297391,0.000000000000,,gps_back
71.476285766995,45.180896391753,0.000000000000,,gps_back
71.512654081219,45.146627484057,0.000000000000,,gps_back
71.547898784034,45.111159697626,0.000000000000,,gps_back
71.583215438223,45.075763487853,0.000000000000,,gps_back
71.618476211544,45.040311748720,0.000000000000,,gps_back
71.654577923972,45.005740146052,0.000000000000,,gps_back
71.692077910117,44.972675334895,0.000000000000,,gps_back
71.728736363048,44.938725093060,0.000000000000,,gps_back
71.764740093704,44.904038296274,0.000000000000,,gps_back
71.801987292128,44.870693878331,0.000000000000,,gps_back
71.838763964430,44.836853554544,0.000000000000,,gps_back
71.874281748206,44.801660609677,0.000000000000,,gps_back
71.909525178089,44.766191565500,0.000000000000,,gps_back
71.945934722766,44.731963461432,0.000000000000,,gps_back
71.983456596483,44.698914006094,0.000000000000,,gps_back
72.019844379492,44.664655620504,0.000000000000,,gps_back
72.055200839474,44.629299160519,0.000000000000,,gps_back
72.090541323938,44.593926738902,0.000000000000,,gps_back
72.125796578688,44.558469491323,0.000000000000,,gps_back
72.161045392810,44.523005801640,0.000000000000,,gps_back
72.196612369619,44.487862972135,0.000000000000,,gps_back
72.233565539688,44.454218167683,0.000000000000,,gps_back
72.271494502655,44.421636900585,0.000000000000,,gps_back
72.309282629999,44.388892346261,0.000000000000,,gps_back
72.347612783753,44.356796556975,0.000000000000,,gps_back
72.385556009041,44.324261610787,0.000000000000,,gps_back
72.421778736229,44.289813426216,0.000000000000,,gps_back
72.458561438214,44.255995867335,0.000000000000,,gps_back
72.495995190172,44.222856967853,0.000000000000,,gps_back
72.532005020845,44.188188328023,0.000000000000,,gps_back
72.567272974689,44.152743738030,0.000000000000,,gps_back
72.603136051643,44.117908650546,0.000000000000,,gps_back
72.640281672002,44.084456445258,0.000000000000,,gps_back
72.675896645399,44.049496404845,0.000000000000,,gps_back
72.708831347470,44.011882034158,0.000000000000,,gps_back
72.742776001678,43.975223998324,0.000000000000,,gps_back
72.777056961636,43.938850814963,0.000000000000,,gps_back
72.809542617368,43.900853795833,0.000000000000,,gps_back
72.843103450956,43.863860768596,0.000000000000,,gps_back
72.877725109326,43.827791947457,0.000000000000,,gps_back
72.910681026087,43.790216333031,0.000000000000,,gps_back
72.944994148398,43.753977882696,0.000000000000,,gps_back
72.981848845811,43.720191074568,0.000000000000,,gps_back
73.014340790139,43.682640877213,0.000000000000,,gps_back
73.045592839701,43.643757317196,0.000000000000,,gps_back
73.081649487796,43.609251244295,0.000000000000,,gps_back
73.115029942014,43.572473170946,0.000000000000,,gps_back
73.145235390288,43.532633934870,0.000000000000,,gps_back
73.178538716275,43.495461283730,0.000000000000,,gps_back
73.210813909079,43.457447934167,0.000000000000,,gps_back
73.240321956037,43.417082744013,0.000000000000,,gps_back
73.271105132912,43.377716300880,0.000000000000,,gps_back
73.303124710913,43.339311842336,0.000000000000,,gps_back
73.334820408648,43.300641858322,0.000000000000,,gps_back
73.364553375913,43.260484432665,0.000000000000,,gps_back
73.394195155923,43.220239969649,0.000000000000,,gps_back
73.425941961724,43.181630818249,0.000000000000,,gps_back
73.459776284848,43.144843834997,0.000000000000,,gps_back
73.492127094429,43.106826135470,0.000000000000,,gps_back
73.519119877642,43.064889385875,0.000000000000,,gps_back
73.545812857598,43.022676886794,0.000000000000,,gps_back
73.574316062721,42.981594958033,0.000000000000,,gps_back
73.602767602732,42.940477294921,0.000000000000,,gps_back
73.631263306652,42.899390290968,0.000000000000,,gps_back
73.659847789288,42.858364863221,0.000000000000,,gps_back
73.688413631443,42.817326462641,0.000000000000,,gps_back
73.715274300650,42.775188657057,0.000000000000,,gps_back
73.740605689272,42.732079267184,0.000000000000,,gps_back
73.767685478594,42.690092794832,0.000000000000,,gps_back
73.796254320508,42.649056479904,0.000000000000,,gps_back
73.824845119183,42.608035451870,0.000000000000,,gps_back
73.853325715117,42.566938008425,0.000000000000,,gps_back
73.881783057811,42.525824338921,0.000000000000,,gps_back
73.910347616162,42.484785083497,0.000000000000,,gps_back
73.942570870782,42.446769792851,0.000000000000,,gps_back
73.976096288545,42.409710818006,0.000000000000,,gps_back
74.006215570253,42.369878555472,0.000000000000,,gps_back
74.036380579158,42.330046290386,0.000000000000,,gps_back
74.067770146893,42.291125289317,0.000000000000,,gps_back
74.097619033926,42.251041818419,0.000000000000,,gps_back
74.126246923944,42.210046899820,0.000000000000,,gps_back
74.154699490115,42.168929952528,0.000000000000,,gps_back
74.183094492949,42.127773150669,0.000000000000,,gps_back
74.211550732236,42.086658714211,0.000000000000,,gps_back
74.240114643384,42.045619011141,0.000000000000,,gps_back
74.268610582559,42.004532203248,0.000000000000,,gps_back
74.297087290521,41.963431947028,0.000000000000,,gps_back
74.325747255542,41.922459458778,0.000000000000,,gps_back
74.352523726625,41.880280241163,0.000000000000,,gps_back
74.378032544636,41.837275329617,0.000000000000,,gps_back
74.405269148860,41.795373930293,0.000000000000,,gps_back
74.430737243044,41.752443858090,0.000000000000,,gps_back
74.453323913954,41.707840109065,0.000000000000,,gps_back
74.479188500183,41.665213149745,0.000000000000,,gps_back
74.505791604788,41.622924184529,0.000000000000,,gps_back
74.528822003662,41.578588575661,0.000000000000,,gps_back
74.551723076173,41.534158882708,0.000000000000,,gps_back
74.575386684070,41.490111753081,0.000000000000,,gps_back
74.597942126476,41.445495630529,0.000000000000,,gps_back
74.620761507269,41.401013605899,0.000000000000,,gps_back
74.643896749655,41.356687419665,0.000000000000,,gps_back
74.663387336153,41.310745677107,0.000000000000,,gps_back
74.683456042455,41.265027198794,0.000000000000,,gps_back
74.707594579816,41.221278798049,0.000000000000,,gps_back
74.732537616933,41.177946314640,0.000000000000,,gps_back
74.754141934860,41.132935130652,0.000000000000,,gps_back
74.768384915799,41.085221304402,0.000000000000,,gps_back
74.781381255973,41.036975748247,0.000000000000,,gps_back
74.797398212480,40.989626758237,0.000000000000,,gps_back
74.811566754828,40.941734848957,0.000000000000,,gps_back
74.822377829381,40.892931848200,0.000000000000,,gps_back
74.830200892297,40.843573218499,0.000000000000,,gps_back
74.838990535101,40.794385005761,0.000000000000,,gps_back
74.849239605691,40.745445093174,0.000000000000,,gps_back
74.857221175049,40.696119069600,0.000000000000,,gps_back
74.863759148997,40.646546766107,0.000000000000,,gps_back
74.870305837314,40.596975611223,0.000000000000,,gps_back
74.876665357681,40.547380326720,0.000000000000,,gps_back
74.882904749026,40.497769556510,0.000000000000,,gps_back
74.889144140371,40.448158786300,0.000000000000,,gps_back
74.895536983998,40.398567711752,0.000000000000,,gps_back
74.902067014306,40.348994369502,0.000000000000,,gps_back
74.908602404439,40.299421726285,0.000000000000,,gps_back
74.914893277126,40.249817812492,0.000000000000,,gps_back
74.920943352052,40.200183654459,0.000000000000,,gps_back
74.923802996234,40.150327348812,0.000000000000,,gps_back
74.924624092044,40.100332510402,0.000000000000,,gps_back
74.925539354301,40.050339382209,0.000000000000,,gps_back
74.929643892363,40.000569457053,0.000000000000,,gps_back
74.933364679620,39.950743218785,0.000000000000,,gps_back
74.931384599075,39.900889932783,0.000000000000,,gps_back
74.932301886785,39.851086098937,0.000000000000,,gps_back
74.937153601418,39.801322024752,0.000000000000,,gps_back
74.939726899036,39.751428149024,0.000000000000,,gps_back
74.938544842622,39.701469336424,0.000000000000,,gps_back
74.934999572322,39.651600152271,0.000000000000,,gps_back
74.937482830908,39.601930485117,0.000000000000,,gps_back
74.943841126633,39.552334982400,0.000000000000,,gps_back
74.949954441421,39.502708649253,0.000000000000,,gps_back
74.953505855606,39.452870788060,0.000000000000,,gps_back
74.956720187335,39.402980826751,0.000000000000,,gps_back
74.965606411452,39.353927715092,0.000000000000,,gps_back
74.977599199860,39.305385834959,0.000000000000,,gps_back
74.989624700081,39.256851896845,0.000000000000,,gps_back
75.000819658483,39.208123660044,0.000000000000,,gps_back
75.010558944439,39.159085872718,0.000000000000,,gps_back
75.018057046562,39.109666446132,0.000000000000,,gps_back
75.027438035522,39.060603241556,0.000000000000,,gps_back
75.039069604761,39.011975427775,0.000000000000,,gps_back
75.051137016930,38.963451932255,0.000000000000,,gps_back
75.063298532244,38.914951877243,0.000000000000,,gps_back
75.075313836155,38.866415562958,0.000000000000,,gps_back
75.086310346012,38.817643517273,0.000000000000,,gps_back
75.095871610978,38.768569568461,0.000000000000,,gps_back
75.103522778158,38.719168462865,0.000000000000,,gps_back
75.113077895838,38.670133495938,0.000000000000,,gps_back
75.124445215325,38.621441507479,0.000000000000,,gps_back
75.135457082760,38.572669070571,0.000000000000,,gps_back
75.144794606198,38.523558944005,0.000000000000,,gps_back
75.152053068818,38.474096677013,0.000000000000,,gps_back
75.162143968006,38.425201819355,0.000000000000,,gps_back
75.173923497144,38.376608448086,0.000000000000,,gps_back
75.184956864369,38.327841117502,0.000000000000,,gps_back
75.196146303087,38.279108937701,0.000000000000,,gps_back
75.207512865769,38.230416485541,0.000000000000,,gps_back
75.215812795434,38.181163394469,0.000000000000,,gps_back
75.223880857505,38.131830502259,0.000000000000,,gps_back
75.233916967902,38.082853883834,0.000000000000,,gps_back
75.245360567899,38.034183153586,0.000000000000,,gps_back
75.256601503329,37.985464085898,0.000000000000,,gps_back
75.264701496321,37.936168627967,0.000000000000,,gps_back
75.273114542662,37.886901063042,0.000000000000,,gps_back
75.283393605755,37.837971215911,0.000000000000,,gps_back
75.294999084411,37.789339845002,0.000000000000,,gps_back
75.305815589451,37.740532312757,0.000000000000,,gps_back
75.313621799184,37.691174326185,0.000000000000,,gps_back
75.324812328423,37.642572396300,0.000000000000,,gps_back
75.339340680693,37.594731234819,0.000000000000,,gps_back
75.348865947373,37.545818799993,0.000000000000,,gps_back
75.357200464210,37.496535707163,0.000000000000,,gps_back
75.368385983895,37.447821485046,0.000000000000,,gps_back
75.373821086174,37.398375961512,0.000000000000,,gps_back
75.375027841581,37.348390292492,0.000000000000,,gps_back
75.375915575853,37.298396600491,0.000000000000,,gps_back
75.381627105837,37.248853125303,0.000000000000,,gps_back
75.392314367447,37.200037785204,0.000000000000,,gps_back
75.404372025689,37.151511897273,0.000000000000,,gps_back
75.414204384315,37.102516533153,0.000000000000,,gps_back
75.420937628506,37.052989513442,0.000000000000,,gps_back
75.427669496977,37.003448480562,0.000000000000,,gps_back
75.436152381275,36.954180023843,0.000000000000,,gps_back
75.446290451156,36.905222671000,0.000000000000,,gps_back
75.457679274301,36.856538326489,0.000000000000,,gps_back
75.468554860676,36.807738336192,0.000000000000,,gps_back
75.472537986180,36.758113050076,0.000000000000,,gps_back
75.475804550396,36.708253688536,0.000000000000,,gps_back
75.482243185354,36.658685818070,0.000000000000,,gps_back
75.492610443424,36.609819541689,0.000000000000,,gps_back
75.502564905122,36.560839530862,0.000000000000,,gps_back
75.509970705163,36.511402131010,0.000000000000,,gps_back
75.520291735056,36.462551263340,0.000000000000,,gps_back
75.530530241376,36.413630123145,0.000000000000,,gps_back
75.537421338957,36.364134351081,0.000000000000,,gps_back
75.546201544340,36.314959121085,0.000000000000,,gps_back
75.557215015246,36.266188096003,0.000000000000,,gps_back
75.565341373936,36.216905558112,0.000000000000,,gps_back
75.571644938491,36.167303145536,0.000000000000,,gps_back
75.577703611632,36.117670075052,0.000000000000,,gps_back
75.580612270307,36.067800627648,0.000000000000,,gps_back
75.583533498045,36.017896229024,0.000000000000,,gps_back
75.591063489545,35.968539011509,0.000000000000,,gps_back
75.600464074685,35.919429058097,0.000000000000,,gps_back
75.609364269297,35.870227235958,0.000000000000,,gps_back
75.616584208199,35.820760017689,0.000000000000,,gps_back
75.622863816899,35.771154616124,0.000000000000,,gps_back
75.628933641742,35.721522856083,0.000000000000,,gps_back
75.638802657078,35.672580348184,0.000000000000,,gps_back
75.647566516698,35.623397736356,0.000000000000,,gps_back
75.650584033069,35.573575657736,0.000000000000,,gps_back
75.651437839796,35.523581445874,0.000000000000,,gps_back
75.655486907285,35.473794448675,0.000000000000,,gps_back
75.663256785881,35.424423182559,0.000000000000,,gps_back
75.672041354364,35.375199307440,0.000000000000,,gps_back
75.681221090781,35.326048355439,0.000000000000,,gps_back
75.691516456317,35.277122448869,0.000000000000,,gps_back
75.702747474759,35.228399772920,0.000000000000,,gps_back
75.714664948928,35.179840204284,0.000000000000,,gps_back
75.726643200832,35.131294667721,0.000000000000,,gps_back
75.736934192107,35.082376527428,0.000000000000,,gps_back
75.744065389265,35.032913698003,0.000000000000,,gps_back
75.750316394874,34.983304628854,0.000000000000,,gps_back
75.756786385807,34.933723467882,0.000000000000,,gps_back
75.763309318232,34.884149181424,0.000000000000,,gps_back
75.771553433577,34.834846010094,0.000000000000,,gps_back
75.781749919412,34.785901682649,0.000000000000,,gps_back
75.793269716558,34.737248305717,0.000000000000,,gps_back
75.804347488240,34.688492467437,0.000000000000,,gps_back
75.812205208725,34.639150674149,0.000000000000,,gps_back
75.821588481014,34.590075135978,0.000000000000,,gps_back
75.831967342279,34.541162960530,0.000000000000,,gps_back
75.835565920938,34.491490008726,0.000000000000,,gps_back
75.841436178140,34.441956171338,0.000000000000,,gps_back
75.852405910600,34.393208615372,0.000000000000,,gps_back
75.864334926103,34.344651114382,0.000000000000,,gps_back
75.875271966771,34.295863994512,0.000000000000,,gps_back
75.885018733337,34.246824548251,0.000000000000,,gps_back
75.894419318477,34.197714594838,0.000000000000,,gps_back
75.902935634869,34.148447100381,0.000000000000,,gps_back
75.909941525976,34.098944402602,0.000000000000,,gps_back
75.919139234374,34.049827999311,0.000000000000,,gps_back
75.928840350177,34.000778359215,0.000000000000,,gps_back
75.932327972328,33.951049402308,0.000000000000,,gps_back
75.935715723417,33.901187100933,0.000000000000,,gps_back
75.941583917726,33.851540256066,0.000000000000,,gps_back
75.947743815406,33.801919996896,0.000000000000,,gps_back
75.953888236590,33.752297435451,0.000000000000,,gps_back
75.960314376396,33.702710739394,0.000000000000,,gps_back
75.966837308822,33.653136452936,0.000000000000,,gps_back
75.974173503332,33.603678820896,0.000000000000,,gps_back
75.984005188903,33.554673745230,0.000000000000,,gps_back
75.991301019665,33.505258140026,0.000000000000,,gps_back
75.993696777656,33.455363265585,0.000000000000,,gps_back
76.002306196175,33.406352079374,0.000000000000,,gps_back
76.012525777017,33.357415468892,0.000000000000,,gps_back
76.019935999527,33.307986403622,0.000000000000,,gps_back
76.026458931955,33.258412117165,0.000000000000,,gps_back
76.034067165558,33.208997637832,0.000000000000,,gps_back
76.044028731410,33.160013933316,0.000000000000,,gps_back
76.053126086420,33.110858099082,0.000000000000,,gps_back
76.060566291674,33.061417334877,0.000000000000,,gps_back
76.070052562660,33.012348828647,0.000000000000,,gps_back
76.079776240013,32.963304092910,0.000000000000,,gps_back
76.087353444077,32.913894119064,0.000000000000,,gps_back
76.095241550047,32.864523133422,0.000000000000,,gps_back
76.103889289800,32.815275531291,0.000000000000,,gps_back
76.112673858281,32.766051656172,0.000000000000,,gps_back
76.120598683256,32.716685111075,0.000000000000,,gps_back
76.127124219512,32.667115716442,0.000000000000,,gps_back
76.133232173224,32.617488592542,0.000000000000,,gps_back
76.139753703500,32.567914812175,0.000000000000,,gps_back
76.148388000016,32.518679930939,0.000000000000,,gps_back
76.157788585156,32.469569977526,0.000000000000,,gps_back
76.167149722308,32.420452495883,0.000000000000,,gps_back
76.176092457797,32.371257779558,0.000000000000,,gps_back
76.184877026282,32.322033904440,0.000000000000,,gps_back
76.193661594768,32.272810029321,0.000000000000,,gps_back
76.200885970442,32.223342978119,0.000000000000,,gps_back
76.207092630763,32.173728762975,0.000000000000,,gps_back
76.213481902570,32.124137540462,0.000000000000,,gps_back
76.220004835001,32.074563254005,0.000000000000,,gps_back
76.226527767428,32.024988967548,0.000000000000,,gps_back
76.233050699859,31.975414681091,0.000000000000,,gps_back
76.239488868872,31.925829344053,0.000000000000,,gps_back
76.245788384924,31.876226217123,0.000000000000,,gps_back
76.252046674102,31.826617827290,0.000000000000,,gps_back
76.258998237411,31.777103756794,0.000000000000,,gps_back
76.269589449025,31.728283599925,0.000000000000,,gps_back
76.278882465931,31.679181188609,0.000000000000,,gps_back
76.285509978226,31.629631608981,0.000000000000,,gps_back
76.295187191090,31.580630339601,0.000000000000,,gps_back
76.305561804655,31.531719016955,0.000000000000,,gps_back
76.312683875269,31.482262176332,0.000000000000,,gps_back
76.318888947788,31.432647279769,0.000000000000,,gps_back
76.325436617348,31.383076520517,0.000000000000,,gps_back
76.336111666701,31.334293113918,0.000000000000,,gps_back
76.347167746427,31.285534568138,0.000000000000,,gps_back
76.356455999645,31.236410346843,0.000000000000,,gps_back
76.365240568126,31.187186471724,0.000000000000,,gps_back
76.373758330510,31.137916008429,0.000000000000,,gps_back
76.380799985431,31.088420110708,0.000000000000,,gps_back
76.387095353893,31.038816612691,0.000000000000,,gps_back
76.393171111432,30.989185605804,0.000000000000,,gps_back
76.399517102008,30.939588755321,0.000000000000,,gps_back
76.407110573650,30.890172063511,0.000000000000,,gps_back
76.417099070269,30.841193706375,0.000000000000,,gps_back
76.426049799106,30.792012247715,0.000000000000,,gps_back
76.433051363672,30.742509636098,0.000000000000,,gps_back
76.439574296099,30.692935349641,0.000000000000,,gps_back
76.448129934677,30.643687201402,0.000000000000,,gps_back
76.459331685070,30.594970690659,0.000000000000,,gps_back
76.467108279066,30.545643372960,0.000000000000,,gps_back
76.473189410042,30.496013066136,0.000000000000,,gps_back
76.479187791984,30.446372580671,0.000000000000,,gps_back
76.486706072616,30.396948327542,0.000000000000,,gps_back
76.496526056501,30.347932222317,0.000000000000,,gps_back
76.505143498390,30.298691855473,0.000000000000,,gps_back
76.512150115362,30.249186921192,0.000000000000,,gps_back
76.518139074989,30.199547001377,0.000000000000,,gps_back
76.525862616825,30.150160331518,0.000000000000,,gps_back
76.537013435053,30.101446259795,0.000000000000,,gps_back
76.545139130560,30.052170100935,0.000000000000,,gps_back
76.551544213635,30.002580731517,0.000000000000,,gps_back
76.561106422084,29.953541815225,0.000000000000,,gps_back
76.570782976573,29.904489685232,0.000000000000,,gps_back
76.578035221181,29.855032319033,0.000000000000,,gps_back
76.584241343932,29.805417741864,0.000000000000,,gps_back
76.590282769083,29.755782484909,0.000000000000,,gps_back
76.596705861296,29.706195747212,0.000000000000,,gps_back
76.604887221833,29.656877664802,0.000000000000,,gps_back
76.615055851367,29.607928470089,0.000000000000,,gps_back
76.623451770614,29.558655985746,0.000000000000,,gps_back
76.630659248807,29.509177126935,0.000000000000,,gps_back
76.638998043400,29.459881653356,0.000000000000,,gps_back
76.647782611881,29.410657778237,0.000000000000,,gps_back
76.656567180362,29.361433903117,0.000000000000,,gps_back
76.663802144375,29.311967256704,0.000000000000,,gps_back
76.670461741817,29.262411147597,0.000000000000,,gps_back
76.677254364913,29.212873168218,0.000000000000,,gps_back
76.686396860417,29.163733938895,0.000000000000,,gps_back
76.696485032426,29.114760677927,0.000000000000,,gps_back
76.704181510160,29.065376688363,0.000000000000,,gps_back
76.713113066720,29.016195204052,0.000000000000,,gps_back
76.724435822512,28.967502808992,0.000000000000,,gps_back
76.731948780383,28.918138676775,0.000000000000,,gps_back
76.738045523660,28.868510213918,0.000000000000,,gps_back
76.744499696123,28.818927294305,0.000000000000,,gps_back
76.753276685133,28.769719745411,0.000000000000,,gps_back
76.763656446082,28.720809957457,0.000000000000,,gps_back
76.770871941136,28.671374510469,0.000000000000,,gps_back
76.776851619461,28.621731774036,0.000000000000,,gps_back
76.783469711729,28.572171610376,0.000000000000,,gps_back
76.791665276753,28.522852786695,0.000000000000,,gps_back
76.800998455111,28.473731611964,0.000000000000,,gps_back
76.808630353099,28.424329229316,0.000000000000,,gps_back
76.814685142693,28.374698515715,0.000000000000,,gps_back
76.823917043961,28.325600079177,0.000000000000,,gps_back
76.833899532246,28.276605804839,0.000000000000,,gps_back
76.840368137319,28.227064051707,0.000000000000,,gps_back
76.846490011276,28.177440834616,0.000000000000,,gps_back
76.856123109984,28.128413209826,0.000000000000,,gps_back
76.866558169907,28.079512924564,0.000000000000,,gps_back
76.876498032169,28.030509839171,0.000000000000,,gps_back
76.885646271738,27.981353791417,0.000000000000,,gps_back
76.893718430863,27.932010645558,0.000000000000,,gps_back
76.901503022010,27.882618756894,0.000000000000,,gps_back
76.909287613157,27.833226868229,0.000000000000,,gps_back
76.915780865584,27.783654450970,0.000000000000,,gps_back
76.921311926983,27.733960678004,0.000000000000,,gps_back
76.929687691092,27.684697378075,0.000000000000,,gps_back
76.940080509643,27.635791363991,0.000000000000,,gps_back
76.950807782936,27.586954040837,0.000000000000,,gps_back
76.960806954212,27.537964340555,0.000000000000,,gps_back
76.967736058461,27.488472658471,0.000000000000,,gps_back
76.975348373717,27.439062922820,0.000000000000,,gps_back
76.985436960135,27.390102786761,0.000000000000,,gps_back
76.994010266701,27.340857743015,0.000000000000,,gps_back
77.001339659416,27.291397226562,0.000000000000,,gps_back
77.011186742390,27.242399830692,0.000000000000,,gps_back
77.020721940346,27.193320760464,0.000000000000,,gps_back
77.027888343206,27.143848591606,0.000000000000,,gps_back
77.034411275637,27.094274305149,0.000000000000,,gps_back
77.039608415229,27.044549362791,0.000000000000,,gps_back
77.041425856127,26.994608963473,0.000000000000,,gps_back
77.047279667825,26.945032528958,0.000000000000,,gps_back
77.058238072294,26.896287129040,0.000000000000,,gps_back
77.066070947540,26.846960798689,0.000000000000,,gps_back
77.072609472900,26.797388567204,0.000000000000,,gps_back
77.079169642975,26.747819195566,0.000000000000,,gps_back
77.085315238118,26.698197279166,0.000000000000,,gps_back
77.092245028825,26.648680894924,0.000000000000,,gps_back
77.103040875884,26.599900749758,0.000000000000,,gps_back
77.112274834058,26.550782441965,0.000000000000,,gps_back
77.119240133578,26.501274984775,0.000000000000,,gps_back
77.125763066010,26.451700698318,0.000000000000,,gps_back
77.134840908994,26.402550901240,0.000000000000,,gps_back
77.146381852248,26.353908684677,0.000000000000,,gps_back
77.154187211711,26.304577191022,0.000000000000,,gps_back
77.160710144136,26.255002904565,0.000000000000,,gps_back
77.167233076562,26.205428618107,0.000000000000,,gps_back
77.174553413907,26.155967770729,0.000000000000,,gps_back
77.181364791027,26.106434037545,0.000000000000,,gps_back
77.187519773356,26.056813295647,0.000000000000,,gps_back
77.197575186189,26.007884735277,0.000000000000,,gps_back
77.207774793292,25.958938160684,0.000000000000,,gps_back
77.214683183644,25.909443296659,0.000000000000,,gps_back
77.220937048102,25.859834507692,0.000000000000,,gps_back
77.227617450069,25.810281587652,0.000000000000,,gps_back
77.237443441328,25.761283806568,0.000000000000,,gps_back
77.247232088671,25.712252504545,0.000000000000,,gps_back
77.254435680374,25.662788829180,0.000000000000,,gps_back
77.260667392527,25.613177349999,0.000000000000,,gps_back
77.266788779018,25.563551883009,0.000000000000,,gps_back
77.277315345350,25.514731554250,0.000000000000,,gps_back
77.287133671700,25.465716075946,0.000000000000,,gps_back
77.293881510337,25.416190414892,0.000000000000,,gps_back
77.303098628099,25.367076710971,0.000000000000,,gps_back
77.314426352716,25.318379499927,0.000000000000,,gps_back
77.325364485356,25.269590632450,0.000000000000,,gps_back
77.334883206381,25.220507909122,0.000000000000,,gps_back
77.341996388929,25.171027444176,0.000000000000,,gps_back
77.351264574947,25.121914958189,0.000000000000,,gps_back
77.361625019470,25.072998785116,0.000000000000,,gps_back
77.369052444319,25.023579045413,0.000000000000,,gps_back
77.377985973966,24.974398688557,0.000000000000,,gps_back
77.389558387488,24.925766450044,0.000000000000,,gps_back
77.400618420467,24.877006889315,0.000000000000,,gps_back
77.411529790002,24.828210438354,0.000000000000,,gps_back
77.423164097028,24.779582628423,0.000000000000,,gps_back
77.432095814526,24.730410255110,0.000000000000,,gps_back
77.438577441083,24.680838223440,0.000000000000,,gps_back
77.448951471479,24.631980378949,0.000000000000,,gps_back
77.459398174308,24.583086156393,0.000000000000,,gps_back
77.466358885677,24.533600081723,0.000000000000,,gps_back
77.472448381646,24.483970689585,0.000000000000,,gps_back
77.478534986267,24.434340942789,0.000000000000,,gps_back
77.484573343988,24.384705309080,0.000000000000,,gps_back
77.492040169545,24.335270266000,0.000000000000,,gps_back
77.503018883351,24.286517019739,0.000000000000,,gps_back
77.511430850477,24.237261502366,0.000000000000,,gps_back
77.517768841258,24.187666867871,0.000000000000,,gps_back
77.524186931962,24.138079317058,0.000000000000,,gps_back
77.530709864391,24.088505030601,0.000000000000,,gps_back
77.537232796824,24.038930744145,0.000000000000,,gps_back
77.539561836111,23.989031127572,0.000000000000,,gps_back
77.542381784805,23.939116192233,0.000000000000,,gps_back
77.552669981668,23.890320073354,0.000000000000,,gps_back
77.561549697937,23.841142476292,0.000000000000,,gps_back
77.567761614434,23.791537035141,0.000000000000,,gps_back
77.574293620345,23.741965592374,0.000000000000,,gps_back
77.581244789771,23.692449659832,0.000000000000,,gps_back
77.588474858050,23.642973690821,0.000000000000,,gps_back
77.595762503441,23.593506037250,0.000000000000,,gps_back
77.603050148832,23.544038383679,0.000000000000,,gps_back
77.610337794223,23.494570730108,0.000000000000,,gps_back
77.617625439614,23.445103076537,0.000000000000,,gps_back
77.624913085005,23.395635422965,0.000000000000,,gps_back
77.631851058152,23.346117840483,0.000000000000,,gps_back
77.638581484364,23.296571334395,0.000000000000,,gps_back
77.648486375613,23.247588342619,0.000000000000,,gps_back
77.658313641050,23.198564199051,0.000000000000,,gps_back
77.665461573560,23.149092040941,0.000000000000,,gps_back
77.674460160310,23.099923166174,0.000000000000,,gps_back
77.684965279385,23.051039649126,0.000000000000,,gps_back
77.692453475277,23.001629738468,0.000000000000,,gps_back
77.699608472335,22.952143349084,0.000000000000,,gps_back
77.707675409256,22.902798420643,0.000000000000,,gps_back
77.715941839839,22.853484886491,0.000000000000,,gps_back
77.724208270421,22.804171352339,0.000000000000,,gps_back
77.731424476761,22.754696111994,0.000000000000,,gps_back
77.737946795532,22.705122220916,0.000000000000,,gps_back
77.743824503654,22.655468043395,0.000000000000,,gps_back
77.752125714780,22.606177482427,0.000000000000,,gps_back
77.762449339494,22.557258287592,0.000000000000,,gps_back
77.770273674485,22.507893858015,0.000000000000,,gps_back
77.778099693943,22.458509834320,0.000000000000,,gps_back
77.788285378491,22.409569197901,0.000000000000,,gps_back
77.796846264602,22.360318181360,0.000000000000,,gps_back
77.803239038972,22.310733677085,0.000000000000,,gps_back
77.809580233657,22.261136125267,0.000000000000,,gps_back
77.817057272348,22.211699542111,0.000000000000,,gps_back
77.827196171498,22.162751640275,0.000000000000,,gps_back
77.835866498478,22.113518416238,0.000000000000,,gps_back
77.842082177607,22.063914163746,0.000000000000,,gps_back
77.847979550083,22.014261635008,0.000000000000,,gps_back
77.853968944434,21.964620070242,0.000000000000,,gps_back
77.860390398368,21.915032972417,0.000000000000,,gps_back
77.868572164500,21.865712233302,0.000000000000,,gps_back
77.878883607054,21.816793052123,0.000000000000,,gps_back
77.886899034908,21.767456629636,0.000000000000,,gps_back
77.893182429245,21.717854273327,0.000000000000,,gps_back
77.902905919739,21.668841501691,0.000000000000,,gps_back
77.912926176472,21.619855103208,0.000000000000,,gps_back
77.920093676515,21.570388058487,0.000000000000,,gps_back
77.926176669599,21.520758339331,0.000000000000,,gps_back
77.931937943713,21.471089889686,0.000000000000,,gps_back
77.939930531720,21.421744017793,0.000000000000,,gps_back
77.948667141059,21.372511709565,0.000000000000,,gps_back
77.957451709542,21.323287834446,0.000000000000,,gps_back
77.965131094992,21.273882483861,0.000000000000,,gps_back
77.971880362856,21.224339591123,0.000000000000,,gps_back
77.978675386144,21.174801966947,0.000000000000,,gps_back
77.985373735374,21.125251128356,0.000000000000,,gps_back
77.992036612464,21.075695456697,0.000000000000,,gps_back
78.002938132953,21.026941673613,0.000000000000,,gps_back
78.013654548775,20.978105520977,0.000000000000,,gps_back
78.022753217531,20.928943177608,0.000000000000,,gps_back
78.031537786016,20.879719302490,0.000000000000,,gps_back
78.039853286062,20.830414557397,0.000000000000,,gps_back
78.045747373211,20.780774391648,0.000000000000,,gps_back
78.051048824188,20.731054652163,0.000000000000,,gps_back
78.056138783885,20.681312904460,0.000000000000,,gps_back
78.061286175727,20.631576998584,0.000000000000,,gps_back
78.070184111463,20.582407145620,0.000000000000,,gps_back
78.079950685136,20.533368665180,0.000000000000,,gps_back
78.089717258810,20.484330184740,0.000000000000,,gps_back
78.099483832484,20.435291704300,0.000000000000,,gps_back
78.108778066646,20.386162060601,0.000000000000,,gps_back
78.115521767363,20.336631610573,0.000000000000,,gps_back
78.121699174270,20.287013084103,0.000000000000,,gps_back
78.127876581178,20.237394557632,0.000000000000,,gps_back
78.134053988085,20.187776031162,0.000000000000,,gps_back
78.140654297091,20.138212412175,0.000000000000,,gps_back
78.149845097174,20.089077775209,0.000000000000,,gps_back
78.159611670847,20.040039294769,0.000000000000,,gps_back
78.169378244519,19.991000814329,0.000000000000,,gps_back
78.179144818191,19.941962333889,0.000000000000,,gps_back
78.187910632850,19.892737542437,0.000000000000,,gps_back
78.193857744604,19.843106657208,0.000000000000,,gps_back
78.199515544508,19.793426415763,0.000000000000,,gps_back
78.205890284547,19.743833837387,0.000000000000,,gps_back
78.213925234537,19.694487479378,0.000000000000,,gps_back
78.222716020721,19.645265116011,0.000000000000,,gps_back
78.230705333829,19.595907834565,0.000000000000,,gps_back
78.237869078727,19.546422995016,0.000000000000,,gps_back
78.244891212303,19.496916953312,0.000000000000,,gps_back
78.254159218794,19.447793838662,0.000000000000,,gps_back
78.264711257870,19.398919799729,0.000000000000,,gps_back
78.271183959870,19.349381459650,0.000000000000,,gps_back
78.276593330466,19.299673361686,0.000000000000,,gps_back
78.284620768750,19.250336662644,0.000000000000,,gps_back
78.293245564144,19.201084541578,0.000000000000,,gps_back
78.302015151716,19.151858044932,0.000000000000,,gps_back
78.310852081616,19.102643545892,0.000000000000,,gps_back
78.319716313533,19.053433955067,0.000000000000,,gps_back
78.328597816485,19.004227477933,0.000000000000,,gps_back
78.337206186558,18.954972663333,0.000000000000,,gps_back
78.345349692868,18.905639061643,0.000000000000,,gps_back
78.353402438732,18.856290183143,0.000000000000,,gps_back
78.361481687612,18.806945638356,0.000000000000,,gps_back
78.369567297403,18.757602133824,0.000000000000,,gps_back
78.376016049914,18.708024348411,0.000000000000,,gps_back
78.380873312484,18.658262650801,0.000000000000,,gps_back
78.385986033734,18.608523780316,0.000000000000,,gps_back
78.393732535727,18.559140464364,0.000000000000,,gps_back
78.402040394313,18.509833892683,0.000000000000,,gps_back
78.410348252899,18.460527321003,0.000000000000,,gps_back
78.418656111485,18.411220749322,0.000000000000,,gps_back
78.426963970072,18.361914177642,0.000000000000,,gps_back
78.435271828658,18.312607605961,0.000000000000,,gps_back
78.443579687244,18.263301034281,0.000000000000,,gps_back
78.451887545830,18.213994462600,0.000000000000,,gps_back
78.460195404417,18.164687890920,0.000000000000,,gps_back
78.468503263003,18.115381319239,0.000000000000,,gps_back
78.476811121589,18.066074747559,0.000000000000,,gps_back
78.485118980175,18.016768175878,0.000000000000,,gps_back
78.493426838762,17.967461604198,0.000000000000,,gps_back
78.501734697348,17.918155032517,0.000000000000,,gps_back
78.510042555934,17.868848460837,0.000000000000,,gps_back
78.518350414520,17.819541889156,0.000000000000,,gps_back
78.526658273107,17.770235317476,0.000000000000,,gps_back
78.535238995132,17.720975671075,0.000000000000,,gps_back
78.544063055116,17.671758937616,0.000000000000,,gps_back
78.552927590656,17.622549400585,0.000000000000,,gps_back
78.561792126196,17.573339863553,0.000000000000,,gps_back
78.570001756490,17.524017830609,0.000000000000,,gps_back
78.575404041967,17.474324899700,0.000000000000,,gps_back
78.580256447817,17.424559325311,0.000000000000,,gps_back
78.587039568908,17.375028293526,0.000000000000,,gps_back
78.594245342572,17.325548647700,0.000000000000,,gps_back
78.601451116235,17.276069001874,0.000000000000,,gps_back
78.608656889899,17.226589356047,0.000000000000,,gps_back
78.617266528739,17.177339089935,0.000000000000,,gps_back
78.626421925888,17.128182967022,0.000000000000,,gps_back
78.635629424881,17.079036446419,0.000000000000,,gps_back
78.644836923875,17.029889925815,0.000000000000,,gps_back
78.653844146295,16.980706398160,0.000000000000,,gps_back
78.662710188842,16.931497154374,0.000000000000,,gps_back
78.670011844740,16.882036963601,0.000000000000,,gps_back
78.675211608534,16.832313378454,0.000000000000,,gps_back
78.680993914976,16.782649322755,0.000000000000,,gps_back
78.689364466032,16.733366034258,0.000000000000,,gps_back
78.698229030016,16.684156503243,0.000000000000,,gps_back
78.706895628501,16.634911805618,0.000000000000,,gps_back
78.715520423895,16.585659684552,0.000000000000,,gps_back
78.725010210051,16.536568590059,0.000000000000,,gps_back
78.734793313853,16.487533430731,0.000000000000,,gps_back
78.741587687807,16.438015854786,0.000000000000,,gps_back
78.747638762431,16.388381783141,0.000000000000,,gps_back
78.754917367997,16.338916239641,0.000000000000,,gps_back
78.763231487193,16.289612039084,0.000000000000,,gps_back
78.771218464898,16.240253013121,0.000000000000,,gps_back
78.781003299188,16.191226351609,0.000000000000,,gps_back
78.793673098891,16.142870762846,0.000000000000,,gps_back
78.801389454856,16.093534615828,0.000000000000,,gps_back
78.808424655741,16.044030906631,0.000000000000,,gps_back
78.815946364890,15.994598628204,0.000000000000,,gps_back
78.823549465153,15.945178476529,0.000000000000,,gps_back
78.832492597113,15.895987100656,0.000000000000,,gps_back
78.841837944018,15.846866638264,0.000000000000,,gps_back
78.851208693991,15.797750983223,0.000000000000,,gps_back
78.858674324265,15.748317773602,0.000000000000,,gps_back
78.865115174738,15.698733596461,0.000000000000,,gps_back
78.870928548339,15.649071629454,0.000000000000,,gps_back
78.879593818831,15.599845542156,0.000000000000,,gps_back
78.891298939422,15.551246319697,0.000000000000,,gps_back
78.898169086381,15.501779886861,0.000000000000,,gps_back
78.905184072445,15.452276066415,0.000000000000,,gps_back
78.916555607714,15.403621137776,0.000000000000,,gps_back
78.927923383371,15.354930452243,0.000000000000,,gps_back
78.938729964433,15.306110951403,0.000000000000,,gps_back
78.950289168138,15.257465335005,0.000000000000,,gps_back
78.963132329334,15.209144079344,0.000000000000,,gps_back
78.978141131950,15.161456860223,0.000000000000,,gps_back
78.994294318993,15.114137667892,0.000000000000,,gps_back
79.011272015176,15.067107740127,0.000000000000,,gps_back
79.031768388809,15.021529601677,0.000000000000,,gps_back
79.052014221983,14.975812460994,0.000000000000,,gps_back
79.068249525348,14.928555029308,0.000000000000,,gps_back
79.087451591374,14.882421413862,0.000000000000,,gps_back
79.111974042708,14.838903590455,0.000000000000,,gps_back
79.139234173430,14.796997458111,0.000000000000,,gps_back
79.168022552932,14.756119518758,0.000000000000,,gps_back
79.199608996430,14.717383630434,0.000000000000,,gps_back
79.231556963949,14.678919605155,0.000000000000,,gps_back
79.263329839896,14.640310855221,0.000000000000,,gps_back
79.297564672858,14.603895807149,0.000000000000,,gps_back
79.332883362205,14.568503588810,0.000000000000,,gps_back
79.368111516580,14.533019506849,0.000000000000,,gps_back
79.401254504036,14.495599509361,0.000000000000,,gps_back
79.434435708541,14.458194841531,0.000000000000,,gps_back
79.469467793251,14.422532206753,0.000000000000,,gps_back
79.502389254632,14.384924679001,0.000000000000,,gps_back
79.532775765765,14.345231933711,0.000000000000,,gps_back
79.560930018844,14.303921286346,0.000000000000,,gps_back
79.589419870690,14.262831518679,0.000000000000,,gps_back
79.621516731234,14.224537333957,0.000000000000,,gps_back
79.656592748606,14.188928046030,0.000000000000,,gps_back
79.694226305334,14.156032351887,0.000000000000,,gps_back
79.732173128128,14.123471705963,0.000000000000,,gps_back
79.770041088652,14.090819383191,0.000000000000,,gps_back
79.808004401758,14.058278014454,0.000000000000,,gps_back
79.845959814334,14.025727363270,0.000000000000,,gps_back
79.883718102136,13.992948480242,0.000000000000,,gps_back
79.923288573590,13.962405929861,0.000000000000,,gps_back
79.964380038875,13.933929165321,0.000000000000,,gps_back
80.004541167629,13.904153448442,0.000000000000,,gps_back
80.044851486674,13.874570006124,0.000000000000,,gps_back
80.085966602429,13.846119667694,0.000000000000,,gps_back
80.124822761974,13.814692088068,0.000000000000,,gps_back
80.162694714332,13.782046427105,0.000000000000,,gps_back
80.200668401539,13.749517334170,0.000000000000,,gps_back
80.238675673721,13.717027246659,0.000000000000,,gps_back
80.276682945901,13.684537159145,0.000000000000,,gps_back
80.314572210266,13.651909614825,0.000000000000,,gps_back
80.353729346439,13.620826093222,0.000000000000,,gps_back
80.396181120956,13.594498481132,0.000000000000,,gps_back
80.439064749783,13.568785651536,0.000000000000,,gps_back
80.481894016073,13.542982330731,0.000000000000,,gps_back
80.527846701936,13.523478841481,0.000000000000,,gps_back
80.574357624242,13.505124275552,0.000000000000,,gps_back
80.620899933066,13.486849393361,0.000000000000,,gps_back
80.666980810941,13.467446694026,0.000000000000,,gps_back
80.712658818616,13.447110280622,0.000000000000,,gps_back
80.758283641277,13.426652175080,0.000000000000,,gps_back
80.803974715345,13.406342571943,0.000000000000,,gps_back
80.849736904227,13.386193701689,0.000000000000,,gps_back
80.893025094189,13.361262901101,0.000000000000,,gps_back
80.936756242077,13.337029120061,0.000000000000,,gps_back
80.982220557586,13.316266610212,0.000000000000,,gps_back
81.024100050275,13.289130817123,0.000000000000,,gps_back
81.064171851518,13.259234924347,0.000000000000,,gps_back
81.102298526426,13.226903690908,0.000000000000,,gps_back
81.140907322742,13.195134067736,0.000000000000,,gps_back
81.180709874689,13.164877682861,0.000000000000,,gps_back
81.219608781574,13.133467882368,0.000000000000,,gps_back
81.257711386902,13.101091938231,0.000000000000,,gps_back
81.295587278965,13.068448880252,0.000000000000,,gps_back
81.334135501871,13.036605236141,0.000000000000,,gps_back
81.373930382032,13.006339570967,0.000000000000,,gps_back
81.412884999297,12.974998088597,0.000000000000,,gps_back
81.450996006811,12.942632445788,0.000000000000,,gps_back
81.490547128009,12.912055322005,0.000000000000,,gps_back
81.530060278409,12.881414823335,0.000000000000,,gps_back
81.568258098195,12.849158399931,0.000000000000,,gps_back
81.607255504201,12.817869441458,0.000000000000,,gps_back
81.647116370644,12.787685565328,0.000000000000,,gps_back
81.689216942128,12.760748824343,0.000000000000,,gps_back
81.732084900579,12.735011952447,0.000000000000,,gps_back
81.774921585249,12.709221030171,0.000000000000,,gps_back
81.817804736717,12.683507380216,0.000000000000,,gps_back
81.860752930610,12.657902509426,0.000000000000,,gps_back
81.899860165724,12.626850526433,0.000000000000,,gps_back
81.938562354002,12.595191563796,0.000000000000,,gps_back
81.979532586679,12.566563111542,0.000000000000,,gps_back
82.019733702619,12.536838940801,0.000000000000,,gps_back
82.059402036623,12.506400044375,0.000000000000,,gps_back
82.099016671326,12.475890386191,0.000000000000,,gps_back
82.139467756875,12.446503496427,0.000000000000,,gps_back
82.180532589220,12.417977478999,0.000000000000,,gps_back
82.221667566458,12.389550868706,0.000000000000,,gps_back
82.262219991907,12.360301673019,0.000000000000,,gps_back
82.302338534004,12.330458559128,0.000000000000,,gps_back
82.343211543383,12.301661175086,0.000000000000,,gps_back
82.384411854120,12.273329690138,0.000000000000,,gps_back
82.425788500775,12.245256176903,0.000000000000,,gps_back
82.466987143861,12.216922224088,0.000000000000,,gps_back
82.507111377340,12.187093498305,0.000000000000,,gps_back
82.545226100881,12.154748445202,0.000000000000,,gps_back
82.586468383022,12.126555105641,0.000000000000,,gps_back
82.629139119042,12.100498763432,0.000000000000,,gps_back
82.670471502367,12.072377417060,0.000000000000,,gps_back
82.712582379736,12.045425381221,0.000000000000,,gps_back
82.755454611736,12.019697252588,0.000000000000,,gps_back
82.795103977215,11.989307275984,0.000000000000,,gps_back
82.836294138448,11.960987135808,0.000000000000,,gps_back
82.879077864381,11.935123825484,0.000000000000,,gps_back
82.917751396063,11.903540955747,0.000000000000,,gps_back
82.957179783176,11.872800075594,0.000000000000,,gps_back
82.999764184185,11.846661762607,0.000000000000,,gps_back
83.041646548379,11.819357600269,0.000000000000,,gps_back
83.083152094628,11.791475269680,0.000000000000,,gps_back
83.125946060526,11.765627878832,0.000000000000,,gps_back
83.168051105116,11.738664890780,0.000000000000,,gps_back
83.209353304953,11.710485236478,0.000000000000,,gps_back
83.252120406921,11.684598480982,0.000000000000,,gps_back
83.294481757341,11.658036923172,0.000000000000,,gps_back
83.335837185730,11.629938219472,0.000000000000,,gps_back
83.376993524260,11.601542594058,0.000000000000,,gps_back
83.417050788676,11.571623456035,0.000000000000,,gps_back
83.455262783091,11.539388266052,0.000000000000,,gps_back
83.495459276193,11.509674499468,0.000000000000,,gps_back
83.536549255333,11.481185366722,0.000000000000,,gps_back
83.577783251342,11.452902609961,0.000000000000,,gps_back
83.620224127710,11.426476113091,0.000000000000,,gps_back
83.663481286731,11.401400780183,0.000000000000,,gps_back
83.708843023406,11.380420639467,0.000000000000,,gps_back
83.752284942699,11.355714804237,0.000000000000,,gps_back
83.794243370477,11.328529582532,0.000000000000,,gps_back
83.839516735576,11.307439330914,0.000000000000,,gps_back
83.884600685456,11.285819961326,0.000000000000,,gps_back
83.928657786972,11.262184341738,0.000000000000,,gps_back
83.970065923333,11.234202410708,0.000000000000,,gps_back
84.012346806921,11.207518734618,0.000000000000,,gps_back
84.055368112116,11.182039826713,0.000000000000,,gps_back
84.100773827159,11.161164885734,0.000000000000,,gps_back
84.147576868214,11.143596617895,0.000000000000,,gps_back
84.195394976683,11.129010237525,0.000000000000,,gps_back
84.241318005183,11.109316311989,0.000000000000,,gps_back
84.288417155067,11.092571936751,0.000000000000,,gps_back
84.336711938177,11.079669686919,0.000000000000,,gps_back
84.382938423338,11.060727777506,0.000000000000,,gps_back
84.428627203241,11.040414468945,0.000000000000,,gps_back
84.474389126687,11.020265064856,0.000000000000,,gps_back
84.520033824132,10.999851573317,0.000000000000,,gps_back
84.565045658911,10.978082638285,0.000000000000,,gps_back
84.608174590039,10.952810882524,0.000000000000,,gps_back
84.651054590637,10.927091979418,0.000000000000,,gps_back
84.693881262230,10.901284345472,0.000000000000,,gps_back
84.738208694104,10.878168633174,0.000000000000,,gps_back
84.783318210191,10.856602606780,0.000000000000,,gps_back
84.829076244209,10.836448889685,0.000000000000,,gps_back
84.877323169798,10.823519450677,0.000000000000,,gps_back
84.925759036940,10.811104810948,0.000000000000,,gps_back
84.974142676733,10.798488218189,0.000000000000,,gps_back
85.022233911030,10.784803116317,0.000000000000,,gps_back
85.070389142237,10.771341243641,0.000000000000,,gps_back
85.118835501225,10.758972025012,0.000000000000,,gps_back
85.166993437977,10.745524514419,0.000000000000,,gps_back
85.214500547428,10.729941793017,0.000000000000,,gps_back
85.260250003011,10.709812498658,0.000000000000,,gps_back
85.307837833848,10.694556984592,0.000000000000,,gps_back
85.356152839225,10.681693242131,0.000000000000,,gps_back
85.404168652296,10.667747037533,0.000000000000,,gps_back
85.451353380109,10.651218860795,0.000000000000,,gps_back
85.497943961652,10.633072622640,0.000000000000,,gps_back
85.542737247480,10.610887834096,0.000000000000,,gps_back
85.590561750535,10.596515564698,0.000000000000,,gps_back
85.640105148244,10.590031861041,0.000000000000,,gps_back
85.688671674771,10.578235181302,0.000000000000,,gps_back
85.736987710602,10.565363291888,0.000000000000,,gps_back
85.785018560775,10.551466234101,0.000000000000,,gps_back
85.834444669434,10.544101336142,0.000000000000,,gps_back
85.884049922058,10.537820429411,0.000000000000,,gps_back
85.933595014105,10.531080537641,0.000000000000,,gps_back
85.983219788546,10.524955734667,0.000000000000,,gps_back
86.032858639690,10.518943858901,0.000000000000,,gps_back
86.082498046124,10.512936542190,0.000000000000,,gps_back
86.132108453542,10.506694550678,0.000000000000,,gps_back
86.181706400024,10.500354063295,0.000000000000,,gps_back
86.231303674260,10.494008284100,0.000000000000,,gps_back
86.280133603728,10.483304975582,0.000000000000,,gps_back
86.328513555077,10.470681072863,0.000000000000,,gps_back
86.376520977956,10.456704570745,0.000000000000,,gps_back
86.424752926103,10.443521712970,0.000000000000,,gps_back
86.473127038745,10.430869088589,0.000000000000,,gps_back
86.521594204737,10.418577416515,0.000000000000,,gps_back
86.569891114219,10.405633779387,0.000000000000,,gps_back
86.617894369784,10.391641648862,0.000000000000,,gps_back
86.667381786404,10.384717193155,0.000000000000,,gps_back
86.716688629008,10.376422821938,0.000000000000,,gps_back
86.765116953629,10.364017228658,0.000000000000,,gps_back
86.813226295947,10.350394093110,0.000000000000,,gps_back
86.862171973577,10.340208586636,0.000000000000,,gps_back
86.912120052208,10.340677453216,0.000000000000,,gps_back
86.961970135435,10.336922911033,0.000000000000,,gps_back
87.011618172616,10.331001622422,0.000000000000,,gps_back
87.061257579050,10.324994305710,0.000000000000,,gps_back
87.110193095788,10.314763619010,0.000000000000,,gps_back
87.158405681747,10.301521110657,0.000000000000,,gps_back
87.208029800709,10.295572554357,0.000000000000,,gps_back
87.257076879619,10.285882609530,0.000000000000,,gps_back
87.305112565489,10.272021324225,0.000000000000,,gps_back
87.353488448074,10.259377610339,0.000000000000,,gps_back
87.401877364386,10.246781130538,0.000000000000,,gps_back
87.450266280697,10.234184650737,0.000000000000,,gps_back
87.498704192488,10.221777963087,0.000000000000,,gps_back
87.547356094409,10.210240035526,0.000000000000,,gps_back
87.596827853330,10.203024592385,0.000000000000,,gps_back
87.646504936530,10.197343029371,0.000000000000,,gps_back
87.696239392333,10.192182131838,0.000000000000,,gps_back
87.745331270147,10.201312625295,0.000000000000,,gps_back
87.795278237683,10.200066962110,0.000000000000,,gps_back
87.845007119969,10.194881766646,0.000000000000,,gps_back
87.894730051947,10.189610281019,0.000000000000,,gps_back
87.944434093010,10.184163622971,0.000000000000,,gps_back
87.994074994466,10.178169268189,0.000000000000,,gps_back
88.043758287939,10.172536729712,0.000000000000,,gps_back
88.093463908326,10.167104515751,0.000000000000,,gps_back
88.142339341181,10.156582090807,0.000000000000,,gps_back
88.191197555046,10.145950371277,0.000000000000,,gps_back
88.240729791395,10.139140242588,0.000000000000,,gps_back
88.290341558970,10.132909231240,0.000000000000,,gps_back
88.339877175499,10.126099434621,0.000000000000,,gps_back
88.388280273676,10.113586043173,0.000000000000,,gps_back
88.437388718802,10.104189959523,0.000000000000,,gps_back
88.487023119781,10.098158612180,0.000000000000,,gps_back
88.536749826708,10.092923827222,0.000000000000,,gps_back
88.586570284482,10.088673779165,0.000000000000,,gps_back
88.636564796710,10.089226940090,0.000000000000,,gps_back
88.686326829885,10.094083612594,0.000000000000,,gps_back
88.735713146798,10.101895541708,0.000000000000,,gps_back
88.785696846523,10.102949621275,0.000000000000,,gps_back
88.835549995301,10.106783934890,0.000000000000,,gps_back
88.884975313371,10.114342355916,0.000000000000,,gps_back
88.934934650108,10.116300775284,0.000000000000,,gps_back
88.984929346619,10.115519053253,0.000000000000,,gps_back
89.034667886057,10.110413666965,0.000000000000,,gps_back
89.084628007704,10.108400143315,0.000000000000,,gps_back
89.134623738834,10.109128920364,0.000000000000,,gps_back
89.184616107113,10.110088771297,0.000000000000,,gps_back
89.234602059223,10.108852559437,0.000000000000,,gps_back
89.284522356926,10.106005454329,0.000000000000,,gps_back
89.334442232539,10.103148087713,0.000000000000,,gps_back
89.384403640762,10.105115262385,0.000000000000,,gps_back
89.434138482876,10.110270150158,0.000000000000,,gps_back
89.483872620154,10.115434849030,0.000000000000,,gps_back
89.533529427025,10.109603770996,0.000000000000,,gps_back
89.583426993551,10.106383108030,0.000000000000,,gps_back
89.633419369119,10.107340307394,0.000000000000,,gps_back
89.683411770006,10.108298628176,0.000000000000,,gps_back
89.733404388461,10.107377812861,0.000000000000,,gps_back
89.783043378441,10.101396647491,0.000000000000,,gps_back
89.832441793188,10.109094488661,0.000000000000,,gps_back
89.880557956676,10.122695714206,0.000000000000,,gps_back
89.928683016930,10.136263085367,0.000000000000,,gps_back
89.977289191159,10.147970922924,0.000000000000,,gps_back
90.026828390997,10.154742335305,0.000000000000,,gps_back
90.076678187740,10.158613291670,0.000000000000,,gps_back
90.126658013207,10.159877852035,0.000000000000,,gps_back
90.176264502719,10.166146839087,0.000000000000,,gps_back
90.225664411695,10.173880371163,0.000000000000,,gps_back
90.275076088836,10.181509618625,0.000000000000,,gps_back
90.324960259062,10.184903693695,0.000000000000,,gps_back
90.374957433028,10.185566065592,0.000000000000,,gps_back
90.424949861172,10.186522916524,0.000000000000,,gps_back
90.474941145045,10.187537807098,0.000000000000,,gps_back
90.524931581668,10.188593112819,0.000000000000,,gps_back
90.574922056502,10.189530747362,0.000000000000,,gps_back
90.624758396249,10.193495006956,0.000000000000,,gps_back
90.673991262532,10.202111918311,0.000000000000,,gps_back
90.723985398543,10.202974968006,0.000000000000,,gps_back
90.773978931832,10.203872208888,0.000000000000,,gps_back
90.823971391109,10.204827478801,0.000000000000,,gps_back
90.873957327736,10.205900660318,0.000000000000,,gps_back
90.923626239627,10.211009758537,0.000000000000,,gps_back
90.970535032702,10.228310228919,0.000000000000,,gps_back
91.018481563584,10.242442440810,0.000000000000,,gps_back
91.067803162653,10.249958873075,0.000000000000,,gps_back
91.117497919689,10.244534438391,0.000000000000,,gps_back
91.167485263198,10.243570031238,0.000000000000,,gps_back
91.217417884799,10.245738516691,0.000000000000,,gps_back
91.266836403289,10.253106483510,0.000000000000,,gps_back
91.316811789951,10.252650165542,0.000000000000,,gps_back
91.366477001634,10.247132454983,0.000000000000,,gps_back
91.416472769568,10.247894810301,0.000000000000,,gps_back
91.466467220683,10.248739430138,0.000000000000,,gps_back
91.516461569547,10.249589937822,0.000000000000,,gps_back
91.566454941935,10.250496162094,0.000000000000,,gps_back
91.616448314323,10.251402386366,0.000000000000,,gps_back
91.666441684110,10.252308753968,0.000000000000,,gps_back
91.716435019802,10.253217000362,0.000000000000,,gps_back
91.766428342353,10.254125969862,0.000000000000,,gps_back
91.816421639067,10.255036345454,0.000000000000,,gps_back
91.866414571066,10.255966520470,0.000000000000,,gps_back
91.916373236433,10.257353167806,0.000000000000,,gps_back
91.965912733334,10.264131573240,0.000000000000,,gps_back
92.015580718210,10.269717588766,0.000000000000,,gps_back
92.065577992710,10.270371497556,0.000000000000,,gps_back
92.115568851360,10.270989721123,0.000000000000,,gps_back
92.164925722465,10.266666282790,0.000000000000,,gps_back
92.208443105977,10.242041176549,0.000000000000,,gps_back
92.251960489490,10.217416070309,0.000000000000,,gps_back
92.295895933278,10.193785091248,0.000000000000,,gps_back
92.343803253530,10.184881674468,0.000000000000,,gps_back
92.391048930967,10.201252517106,0.000000000000,,gps_back
92.438294608404,10.217623359744,0.000000000000,,gps_back
92.485914948149,10.230161280758,0.000000000000,,gps_back
92.535230579635,10.222203919732,0.000000000000,,gps_back
92.583665610495,10.209786139047,0.000000000000,,gps_back
92.632368925736,10.199445414477,0.000000000000,,gps_back
92.682210788602,10.200492749261,0.000000000000,,gps_back
92.731515821443,10.208807022668,0.000000000000,,gps_back
92.780893311564,10.216682098315,0.000000000000,,gps_back
92.830296908259,10.224391832036,0.000000000000,,gps_back
92.879838906459,10.230598245185,0.000000000000,,gps_back
92.929805240732,10.232188009274,0.000000000000,,gps_back
92.979600866499,10.236468515295,0.000000000000,,gps_back
93.029183374965,10.242710507190,0.000000000000,,gps_back
93.079107015523,10.245394624653,0.000000000000,,gps_back
93.129056300587,10.247298786324,0.000000000000,,gps_back
93.178872883515,10.251596063436,0.000000000000,,gps_back
93.228689466443,10.255893340549,0.000000000000,,gps_back
93.278507280102,10.260176239257,0.000000000000,,gps_back
93.328329577162,10.264406751996,0.000000000000,,gps_back
93.378152141086,10.268634121063,0.000000000000,,gps_back
93.427933618877,10.273259173018,0.000000000000,,gps_back
93.477537199584,10.279539827527,0.000000000000,,gps_back
93.527136668649,10.285429993505,0.000000000000,,gps_back
93.577080997192,10.287551432520,0.000000000000,,gps_back
93.626804977876,10.292577720817,0.000000000000,,gps_back
93.676201187342,10.300328880870,0.000000000000,,gps_back
93.725713490844,10.307293902494,0.000000000000,,gps_back
93.775416400592,10.312234603832,0.000000000000,,gps_back
93.825362522788,10.313810072974,0.000000000000,,gps_back
93.875040687784,10.319336648684,0.000000000000,,gps_back
93.924552891352,10.325680489287,0.000000000000,,gps_back
93.974507330886,10.327395443835,0.000000000000,,gps_back
94.024209571929,10.332547965490,0.000000000000,,gps_back
94.073616027800,10.340028026608,0.000000000000,,gps_back
94.123438591725,10.344255395667,0.000000000000,,gps_back
94.173261155649,10.348482764726,0.000000000000,,gps_back
94.223003849796,10.353402050815,0.000000000000,,gps_back
94.272448166553,10.360837186755,0.000000000000,,gps_back
94.321824201180,10.368710373727,0.000000000000,,gps_back
94.371316826675,10.375826444507,0.000000000000,,gps_back
94.420806450828,10.382963359953,0.000000000000,,gps_back
94.470283139189,10.390188145911,0.000000000000,,gps_back
94.519761600654,10.397384622867,0.000000000000,,gps_back
94.569455548556,10.402463069390,0.000000000000,,gps_back
94.619446610740,10.403483301917,0.000000000000,,gps_back
94.669441583741,10.404296039586,0.000000000000,,gps_back
94.719364230590,10.406198537831,0.000000000000,,gps_back
94.767414517182,10.416772945453,0.000000000000,,gps_back
94.811893828908,10.438953924786,0.000000000000,,gps_back
94.860506252096,10.446899356926,0.000000000000,,gps_back
94.910318305678,10.442896452305,0.000000000000,,gps_back
94.960302167212,10.442248034072,0.000000000000,,gps_back
95.010139336317,10.445193545711,0.000000000000,,gps_back
95.059749135222,10.451184847152,0.000000000000,,gps_back
95.109606896219,10.452036853469,0.000000000000,,gps_back
95.159432492800,10.449695552947,0.000000000000,,gps_back
95.208712458053,10.456235724815,0.000000000000,,gps_back
95.255637626519,10.473017219670,0.000000000000,,gps_back
95.300744921259,10.494566579002,0.000000000000,,gps_back
95.347362439616,10.512269781635,0.000000000000,,gps_back
95.395916035148,10.524131561537,0.000000000000,,gps_back
95.445045625988,10.533377544529,0.000000000000,,gps_back
95.494436698816,10.541165482620,0.000000000000,,gps_back
95.543934262727,10.548210671425,0.000000000000,,gps_back
95.593638403626,10.553568607199,0.000000000000,,gps_back
95.643478920974,10.557578763766,0.000000000000,,gps_back
95.693319438322,10.561588920333,0.000000000000,,gps_back
95.743049722499,10.566599162305,0.000000000000,,gps_back
95.792550385098,10.573657218104,0.000000000000,,gps_back
95.841988375437,10.581138276337,0.000000000000,,gps_back
95.891398699993,10.588799753911,0.000000000000,,gps_back
95.940888140177,10.595935348922,0.000000000000,,gps_back
95.990564461060,10.601125425709,0.000000000000,,gps_back
96.040537026207,10.602776976465,0.000000000000,,gps_back
96.090509531029,10.604341256540,0.000000000000,,gps_back
96.138026605505,10.614886136583,0.000000000000,,gps_back
96.181042545941,10.640377064256,0.000000000000,,gps_back
96.226182946779,10.660279642388,0.000000000000,,gps_back
96.275428324880,10.668845581663,0.000000000000,,gps_back
96.324944255198,10.675796588380,0.000000000000,,gps_back
96.374437594267,10.682907700322,0.000000000000,,gps_back
96.423930933335,10.690018812264,0.000000000000,,gps_back
96.473423046144,10.697138444486,0.000000000000,,gps_back
96.522912115294,10.704279207413,0.000000000000,,gps_back
96.571961702309,10.713550681866,0.000000000000,,gps_back
96.620268893018,10.726455642083,0.000000000000,,gps_back
96.669048022626,10.737101727391,0.000000000000,,gps_back
96.718555841802,10.744109968546,0.000000000000,,gps_back
96.768105573327,10.750814865614,0.000000000000,,gps_back
96.817646285304,10.757578175622,0.000000000000,,gps_back
96.867083173094,10.765064611081,0.000000000000,,gps_back
96.916496926141,10.772700226063,0.000000000000,,gps_back
96.965908523185,10.780331720446,0.000000000000,,gps_back
97.014705487913,10.790874695155,0.000000000000,,gps_back
97.063027664023,10.803574545859,0.000000000000,,gps_back
97.112178339754,10.812634818931,0.000000000000,,gps_back
97.161650075045,10.819892121891,0.000000000000,,gps_back
97.211090354110,10.827363058161,0.000000000000,,gps_back
97.260575174120,10.834525939937,0.000000000000,,gps_back
97.310015306687,10.841944412344,0.000000000000,,gps_back
97.358935758615,10.852074970663,0.000000000000,,gps_back
97.407543525273,10.863695418701,0.000000000000,,gps_back
97.456797901787,10.872167264628,0.000000000000,,gps_back
97.506222933256,10.879629731641,0.000000000000,,gps_back
97.555241773134,10.889448862189,0.000000000000,,gps_back
97.604174764729,10.899677510520,0.000000000000,,gps_back
97.653532397835,10.907566549728,0.000000000000,,gps_back
97.703220119844,10.913090420716,0.000000000000,,gps_back
97.753097644731,10.916190864019,0.000000000000,,gps_back
97.803074772237,10.917627305634,0.000000000000,,gps_back
97.852911818277,10.921257394535,0.000000000000,,gps_back
97.902607410115,10.926750597672,0.000000000000,,gps_back
97.952453575981,10.928963959157,0.000000000000,,gps_back
98.002416857616,10.927007172668,0.000000000000,,gps_back
98.052380139252,10.925050386179,0.000000000000,,gps_back
98.102356611122,10.924060339667,0.000000000000,,gps_back
98.152214744121,10.926745688120,0.000000000000,,gps_back
98.201846515616,10.932815760896,0.000000000000,,gps_back
98.251478287110,10.938885833673,0.000000000000,,gps_back
98.301102223005,10.945019100190,0.000000000000,,gps_back
98.350646992700,10.951734392836,0.000000000000,,gps_back
98.400084335249,10.959224899282,0.000000000000,,gps_back
98.449521677799,10.966715405727,0.000000000000,,gps_back
98.499003118980,10.973897976635,0.000000000000,,gps_back
98.548567372566,10.980495751642,0.000000000000,,gps_back
98.598170270090,10.986794191689,0.000000000000,,gps_back
98.647808785407,10.992808748245,0.000000000000,,gps_back
98.697365576748,10.999412979898,0.000000000000,,gps_back
98.746746867222,11.007259649123,0.000000000000,,gps_back
98.796072638699,11.015452743369,0.000000000000,,gps_back
98.845461639393,11.023238060315,0.000000000000,,gps_back
98.894970857888,11.030235733948,0.000000000000,,gps_back
98.944509798219,11.037021890156,0.000000000000,,gps_back
98.994044886964,11.043836009893,0.000000000000,,gps_back
99.043520713397,11.051053374810,0.000000000000,,gps_back
99.092911281063,11.058846342844,0.000000000000,,gps_back
99.142301848729,11.066639310879,0.000000000000,,gps_back
99.191692416395,11.074432278914,0.000000000000,,gps_back
99.241088181733,11.082192117018,0.000000000000,,gps_back
99.290502941897,11.089829666049,0.000000000000,,gps_back
99.339934793040,11.097356326513,0.000000000000,,gps_back
99.389366644183,11.104882986978,0.000000000000,,gps_back
99.438798495326,11.112409647442,0.000000000000,,gps_back
99.488236577452,11.119895085048,0.000000000000,,gps_back
99.537693529595,11.127254605541,0.000000000000,,gps_back
99.587164715702,11.134518232070,0.000000000000,,gps_back
99.636635901809,11.141781858598,0.000000000000,,gps_back
99.686107087916,11.149045485126,0.000000000000,,gps_back
99.735573856751,11.156339033152,0.000000000000,,gps_back
99.785023727972,11.163745905270,0.000000000000,,gps_back
99.834457876846,11.171257459721,0.000000000000,,gps_back
99.883892025720,11.178769014172,0.000000000000,,gps_back
99.933326174594,11.186280568622,0.000000000000,,gps_back
99.982807076544,11.193465629789,0.000000000000,,gps_back
100.032425166137,11.199611334652,0.000000000000,,gps_back
100.082142973536,11.204930935446,0.000000000000,,gps_back
100.131860780935,11.210250536241,0.000000000000,,gps_back
100.181578588334,11.215570137035,0.000000000000,,gps_back
100.231252553605,11.221264744771,0.000000000000,,gps_back
100.280805372370,11.227931741193,0.000000000000,,gps_back
100.330276558477,11.235195367721,0.000000000000,,gps_back
100.379747744584,11.242458994249,0.000000000000,,gps_back
100.429218930691,11.249722620777,0.000000000000,,gps_back
100.478684024128,11.257027434301,0.000000000000,,gps_back
100.528130333965,11.264458116692,0.000000000000,,gps_back
100.577562185108,11.271984777156,0.000000000000,,gps_back
100.626994036251,11.279511437621,0.000000000000,,gps_back
100.676425887394,11.287038098085,0.000000000000,,gps_back
100.725858173211,11.294561902369,0.000000000000,,gps_back
100.775291602479,11.302078190114,0.000000000000,,gps_back
100.824725751354,11.309589744559,0.000000000000,,gps_back
100.874159900229,11.317101299005,0.000000000000,,gps_back
100.923594049104,11.324612853450,0.000000000000,,gps_back
100.972949911069,11.332599695809,0.000000000000,,gps_back
101.022112760559,11.341707458868,0.000000000000,,gps_back
101.071166502845,11.351397086976,0.000000000000,,gps_back
101.120220245132,11.361086715084,0.000000000000,,gps_back
101.169273987418,11.370776343191,0.000000000000,,gps_back
101.218327729705,11.380465971299,0.000000000000,,gps_back
101.267381471991,11.390155599406,0.000000000000,,gps_back
101.316435214278,11.399845227514,0.000000000000,,gps_back
101.365488956564,11.409534855622,0.000000000000,,gps_back
101.414542698850,11.419224483730,0.000000000000,,gps_back
101.463696638207,11.428365475396,0.000000000000,,gps_back
101.513055223998,11.436349972383,0.000000000000,,gps_back
101.562487075142,11.443876632841,0.000000000000,,gps_back
101.611918926286,11.451403293300,0.000000000000,,gps_back
101.661350777430,11.458929953758,0.000000000000,,gps_back
101.710782628573,11.466456614219,0.000000000000,,gps_back
101.760214479716,11.473983274682,0.000000000000,,gps_back
101.809646330859,11.481509935147,0.000000000000,,gps_back
101.859078182002,11.489036595612,0.000000000000,,gps_back
101.908510033145,11.496563256077,0.000000000000,,gps_back
101.957809144969,11.504857887555,0.000000000000,,gps_back
102.006866824362,11.514525262930,0.000000000000,,gps_back
102.055873151022,11.524451917581,0.000000000000,,gps_back
102.104879477681,11.534378572231,0.000000000000,,gps_back
102.153886496485,11.544301808294,0.000000000000,,gps_back
102.202912365455,11.554130837610,0.000000000000,,gps_back
102.251966107741,11.563820465718,0.000000000000,,gps_back
102.301173996877,11.572622071846,0.000000000000,,gps_back
102.350715993424,11.579327468282,0.000000000000,,gps_back
102.400402300045,11.584933666599,0.000000000000,,gps_back
102.450088606665,11.590539864916,0.000000000000,,gps_back
102.499773831888,11.596155626231,0.000000000000,,gps_back
102.549342939552,11.602630868936,0.000000000000,,gps_back
102.598733507219,11.610423836966,0.000000000000,,gps_back
102.648124074886,11.618216804995,0.000000000000,,gps_back
102.697514642553,11.626009773024,0.000000000000,,gps_back
102.746868869864,11.634024752789,0.000000000000,,gps_back
102.796050926684,11.643006064173,0.000000000000,,gps_back
102.845053122359,11.652953091076,0.000000000000,,gps_back
102.894055318034,11.662900117978,0.000000000000,,gps_back
102.943057513709,11.672847144881,0.000000000000,,gps_back
102.992056607644,11.682809420835,0.000000000000,,gps_back
103.041047602039,11.692811449462,0.000000000000,,gps_back
103.090033503090,11.702838414279,0.000000000000,,gps_back
103.139019404140,11.712865379096,0.000000000000,,gps_back
103.188005305191,11.722892343912,0.000000000000,,gps_back
103.237337097083,11.730417680862,0.000000000000,,gps_back
103.287255315933,11.732969120629,0.000000000000,,gps_back
103.337161884521,11.735391447357,0.000000000000,,gps_back
103.386647785393,11.742127957607,0.000000000000,,gps_back
103.435701527680,11.751817585714,0.000000000000,,gps_back
103.484717019317,11.761696062682,0.000000000000,,gps_back
103.533673493625,11.771865726557,0.000000000000,,gps_back
103.582653915427,11.781918141112,0.000000000000,,gps_back
103.631687311761,11.791709839368,0.000000000000,,gps_back
103.680741054049,11.801399467470,0.000000000000,,gps_back
103.729794796336,11.811089095572,0.000000000000,,gps_back
103.778848538624,11.820778723674,0.000000000000,,gps_back
103.828104484645,11.829247011849,0.000000000000,,gps_back
103.877727272792,11.835355592969,0.000000000000,,gps_back
103.927391733539,11.841125569506,0.000000000000,,gps_back
103.976763128400,11.848872963635,0.000000000000,,gps_back
104.025816870687,11.858562591742,0.000000000000,,gps_back
104.074836813356,11.868419587741,0.000000000000,,gps_back
104.123796611427,11.878573069951,0.000000000000,,gps_back
104.172763011957,11.888694021183,0.000000000000,,gps_back
104.221783441552,11.898549815621,0.000000000000,,gps_back
104.270837183841,11.908239443717,0.000000000000,,gps_back
104.319890926129,11.917929071818,0.000000000000,,gps_back
104.368944668415,11.927618699927,0.000000000000,,gps_back
104.418169713975,11.936309412030,0.000000000000,,gps_back
104.467760477920,11.942608323468,0.000000000000,,gps_back
104.517515798669,11.947564792204,0.000000000000,,gps_back
104.566676334005,11.955768910374,0.000000000000,,gps_back
104.614863671461,11.969108876555,0.000000000000,,gps_back
104.663080828744,11.982324338595,0.000000000000,,gps_back
104.711785410628,11.993562550253,0.000000000000,,gps_back
104.760839152914,12.003252178361,0.000000000000,,gps_back
104.810142333321,12.011349090027,0.000000000000,,gps_back
104.859830246860,12.016936569620,0.000000000000,,gps_back
104.909445086282,12.023064990023,0.000000000000,,gps_back
104.958742168452,12.031344132027,0.000000000000,,gps_back
105.007795910738,12.041033760136,0.000000000000,,gps_back
105.056849653024,12.050723388244,0.000000000000,,gps_back
105.105903395311,12.060413016352,0.000000000000,,gps_back
105.154964924450,12.070063017397,0.000000000000,,gps_back
105.204045477051,12.079615791858,0.000000000000,,gps_back
105.253135548560,12.089119648423,0.000000000000,,gps_back
105.302150850355,12.098992216012,0.000000000000,,gps_back
105.351061443279,12.109380306547,0.000000000000,,gps_back
105.399931963546,12.119952875024,0.000000000000,,gps_back
105.448727917083,12.130866404342,0.000000000000,,gps_back
105.497566692427,12.141580422288,0.000000000000,,gps_back
105.546503379261,12.151844882743,0.000000000000,,gps_back
105.595364689509,12.162453473202,0.000000000000,,gps_back
105.644223992561,12.173061663434,0.000000000000,,gps_back
105.693473321139,12.181532984517,0.000000000000,,gps_back
105.743072811135,12.187859480325,0.000000000000,,gps_back
105.792734797619,12.193662982466,0.000000000000,,gps_back
105.842452605018,12.198982583259,0.000000000000,,gps_back
105.892004333943,12.205512484922,0.000000000000,,gps_back
105.941313524890,12.213804737261,0.000000000000,,gps_back
105.990665067177,12.221833087258,0.000000000000,,gps_back
106.039903639218,12.230447502116,0.000000000000,,gps_back
106.088842726971,12.240697980659,0.000000000000,,gps_back
106.137725709929,12.251215228506,0.000000000000,,gps_back
106.186749474134,12.261016629666,0.000000000000,,gps_back
106.236103988629,12.268973149132,0.000000000000,,gps_back
106.285642928959,12.275759305340,0.000000000000,,gps_back
106.335181869290,12.282545461548,0.000000000000,,gps_back
106.384830317742,12.288362127983,0.000000000000,,gps_back
106.434656948674,12.292528930656,0.000000000000,,gps_back
106.484515067313,12.296313971073,0.000000000000,,gps_back
106.534373185951,12.300099011491,0.000000000000,,gps_back
106.583922296925,12.306203280076,0.000000000000,,gps_back
106.633009991095,12.315718409200,0.000000000000,,gps_back
106.682066255304,12.325395261324,0.000000000000,,gps_back
106.731076921524,12.335296706816,0.000000000000,,gps_back
106.779854335075,12.346256072367,0.000000000000,,gps_back
106.828549796744,12.357579208922,0.000000000000,,gps_back
106.877770731774,12.366099369827,0.000000000000,,gps_back
106.927420277173,12.372022275375,0.000000000000,,gps_back
106.977081511508,12.377845660623,0.000000000000,,gps_back
107.026755455499,12.383560362147,0.000000000000,,gps_back
107.076362979515,12.389794655778,0.000000000000,,gps_back
107.125873538517,12.396784801577,0.000000000000,,gps_back
107.175409473162,12.403587627375,0.000000000000,,gps_back
107.224988165784,12.410076985053,0.000000000000,,gps_back
107.274566858407,12.416566342723,0.000000000000,,gps_back
107.324145551030,12.423055700389,0.000000000000,,gps_back
107.373724243653,12.429545058062,0.000000000000,,gps_back
107.423302936274,12.436034415741,0.000000000000,,gps_back
107.472881628896,12.442523773420,0.000000000000,,gps_back
107.522564758744,12.448036838242,0.000000000000,,gps_back
107.572461650311,12.450884617717,0.000000000000,,gps_back
107.622270976904,12.454272490849,0.000000000000,,gps_back
107.671402079949,12.463172239563,0.000000000000,,gps_back
107.720223851099,12.473866256830,0.000000000000,,gps_back
107.769577255405,12.481792834484,0.000000000000,,gps_back
107.819155948027,12.488282192159,0.000000000000,,gps_back
107.868734640650,12.494771549826,0.000000000000,,gps_back
107.918038820075,12.502873962916,0.000000000000,,gps_back
107.966810240320,12.513864299974,0.000000000000,,gps_back
108.015706896742,12.524126500726,0.000000000000,,gps_back
108.065158769816,12.531481514368,0.000000000000,,gps_back
108.114706581140,12.538197413073,0.000000000000,,gps_back
108.164207188363,12.545257579547,0.000000000000,,gps_back
108.213738537687,12.552090955430,0.000000000000,,gps_back
108.263284347327,12.558819314387,0.000000000000,,gps_back
108.312369019899,12.568022862824,0.000000000000,,gps_back
108.360994810547,12.579663434786,0.000000000000,,gps_back
108.410096923979,12.588808497899,0.000000000000,,gps_back
108.459597345490,12.595841830649,0.000000000000,,gps_back
108.508629838534,12.605406295352,0.000000000000,,gps_back
108.557309601212,12.616809287587,0.000000000000,,gps_back
108.606436024554,12.625947704684,0.000000000000,,gps_back
108.655749622010,12.634121316445,0.000000000000,,gps_back
108.704599838690,12.644720902716,0.000000000000,,gps_back
108.753396676279,12.655552781684,0.000000000000,,gps_back
108.802673417368,12.663961476495,0.000000000000,,gps_back
108.852192647457,12.670885052113,0.000000000000,,gps_back
108.901760940684,12.677453002704,0.000000000000,,gps_back
108.950969110890,12.686000376364,0.000000000000,,gps_back
108.999621226191,12.697532448337,0.000000000000,,gps_back
109.048552264197,12.707587921728,0.000000000000,,gps_back
109.097981293070,12.715132648300,0.000000000000,,gps_back
109.147264033781,12.723513039548,0.000000000000,,gps_back
109.196340737279,12.733085693252,0.000000000000,,gps_back
109.245417440777,12.742658346956,0.000000000000,,gps_back
109.294401885612,12.752679025476,0.000000000000,,gps_back
109.343130808716,12.763867267061,0.000000000000,,gps_back
109.391913355605,12.774774441711,0.000000000000,,gps_back
109.441193211939,12.783122357800,0.000000000000,,gps_back
109.490732152269,12.789908514008,0.000000000000,,gps_back
109.540271092600,12.796694670217,0.000000000000,,gps_back
109.589493014284,12.805252492091,0.000000000000,,gps_back
109.638194401540,12.816566161639,0.000000000000,,gps_back
109.687097770445,12.826800547451,0.000000000000,,gps_back
109.736498390872,12.834519653635,0.000000000000,,gps_back
109.785819868926,12.842678090470,0.000000000000,,gps_back
109.834956277168,12.851939403024,0.000000000000,,gps_back
109.884092685411,12.861200715577,0.000000000000,,gps_back
109.933222976970,12.870494348408,0.000000000000,,gps_back
109.982316228762,12.879980187600,0.000000000000,,gps_back
110.031372492973,12.889657039717,0.000000000000,,gps_back
110.080428757183,12.899333891833,0.000000000000,,gps_back
110.129578993934,12.908503243277,0.000000000000,,gps_back
110.178944582389,12.916422627507,0.000000000000,,gps_back
110.228462479389,12.923356285354,0.000000000000,,gps_back
110.278030503116,12.929925846753,0.000000000000,,gps_back
110.327612053254,12.936393322793,0.000000000000,,gps_back
110.377191300260,12.942878442447,0.000000000000,,gps_back
110.426736128358,12.949615646052,0.000000000000,,gps_back
110.476269289306,12.956439107327,0.000000000000,,gps_back
110.526029304423,12.960422332877,0.000000000000,,gps_back
110.575988345019,12.962174654805,0.000000000000,,gps_back
110.625156557876,12.969692822079,0.000000000000,,gps_back
110.673685288128,12.981670029899,0.000000000000,,gps_back
110.722874766552,12.990401405545,0.000000000000,,gps_back
110.772455636851,12.996874104024,0.000000000000,,gps_back
110.822036507150,13.003346802502,0.000000000000,,gps_back
110.871612926764,13.009853393182,0.000000000000,,gps_back
110.921179793166,13.016432380769,0.000000000000,,gps_back
110.970741625666,13.023049274634,0.000000000000,,gps_back
111.020303458166,13.029666168499,0.000000000000,,gps_back
111.069590545039,13.037893998304,0.000000000000,,gps_back
111.118362650671,13.048877196767,0.000000000000,,gps_back
111.167269859975,13.059099576699,0.000000000000,,gps_back
111.216715454458,13.066488933827,0.000000000000,,gps_back
111.266294147081,13.072978291496,0.000000000000,,gps_back
111.315872839703,13.079467649174,0.000000000000,,gps_back
111.365254589869,13.087195187806,0.000000000000,,gps_back
111.414357144944,13.096631083615,0.000000000000,,gps_back
111.463408355299,13.106333520826,0.000000000000,,gps_back
111.512481513671,13.115923512016,0.000000000000,,gps_back
111.561706842977,13.124663919948,0.000000000000,,gps_back
111.611082857353,13.132548571461,0.000000000000,,gps_back
111.660458871730,13.140433222973,0.000000000000,,gps_back
111.709834886106,13.148317874486,0.000000000000,,gps_back
111.759210900482,13.156202525998,0.000000000000,,gps_back
111.808586914859,13.164087177511,0.000000000000,,gps_back
111.857962929235,13.171971829023,0.000000000000,,gps_back
111.907360949780,13.179715851676,0.000000000000,,gps_back
111.956816720121,13.187079988526,0.000000000000,,gps_back
112.006060148142,13.195610202999,0.000000000000,,gps_back
112.054826128326,13.206622136290,0.000000000000,,gps_back
112.103725937692,13.216892651563,0.000000000000,,gps_back
112.153159958742,13.224350779934,0.000000000000,,gps_back
112.202322210208,13.233119599069,0.000000000000,,gps_back
112.250800350991,13.245338823674,0.000000000000,,gps_back
112.299647036010,13.255523269226,0.000000000000,,gps_back
112.349202047926,13.262190325163,0.000000000000,,gps_back
112.398296024740,13.271262700861,0.000000000000,,gps_back
112.446872261756,13.283115048805,0.000000000000,,gps_back
112.495934925934,13.292394623806,0.000000000000,,gps_back
112.545458332612,13.299279719105,0.000000000000,,gps_back
112.594399926009,13.309140210322,0.000000000000,,gps_back
112.642965731285,13.320991894194,0.000000000000,,gps_back
112.692126090340,13.329894127471,0.000000000000,,gps_back
112.741513983661,13.337629404375,0.000000000000,,gps_back
112.790416420419,13.347937548477,0.000000000000,,gps_back
112.839199760901,13.358848684981,0.000000000000,,gps_back
112.888471263477,13.367238787995,0.000000000000,,gps_back
112.938004188252,13.374068570772,0.000000000000,,gps_back
112.987546029162,13.380833490877,0.000000000000,,gps_back
113.037282194468,13.385442129463,0.000000000000,,gps_back
113.087255720311,13.386964933137,0.000000000000,,gps_back
113.136754831879,13.392193329104,0.000000000000,,gps_back
113.185510688833,13.403251321335,0.000000000000,,gps_back
113.234535474199,13.412717476267,0.000000000000,,gps_back
113.284130704913,13.419068594341,0.000000000000,,gps_back
113.333738503072,13.425324055413,0.000000000000,,gps_back
113.383295040409,13.431979953153,0.000000000000,,gps_back
113.432855307102,13.438607399616,0.000000000000,,gps_back
113.482435487107,13.445085349882,0.000000000000,,gps_back
113.531977069880,13.451844507332,0.000000000000,,gps_back
113.581482858730,13.458868002947,0.000000000000,,gps_back
113.631061872727,13.465335152239,0.000000000000,,gps_back
113.680727463171,13.471119694050,0.000000000000,,gps_back
113.730557715097,13.474566653709,0.000000000000,,gps_back
113.780518361929,13.476408333603,0.000000000000,,gps_back
113.829817349253,13.483421979402,0.000000000000,,gps_back
113.878490103530,13.494869401267,0.000000000000,,gps_back
113.927455488061,13.504927246056,0.000000000000,,gps_back
113.977012677820,13.510788737210,0.000000000000,,gps_back
114.026888278148,13.514226329943,0.000000000000,,gps_back
114.076546743249,13.519906141274,0.000000000000,,gps_back
114.126099449483,13.526575049733,0.000000000000,,gps_back
114.175729294730,13.532659771003,0.000000000000,,gps_back
114.225188609382,13.539884834342,0.000000000000,,gps_back
114.274426212033,13.548591015084,0.000000000000,,gps_back
114.323715658557,13.556986483744,0.000000000000,,gps_back
114.373108046049,13.564766685794,0.000000000000,,gps_back
114.422536332842,13.572316133406,0.000000000000,,gps_back
114.472003655440,13.579603973481,0.000000000000,,gps_back
114.521530280533,13.586474868601,0.000000000000,,gps_back
114.571118224708,13.592889778096,0.000000000000,,gps_back
114.620608868555,13.599961654245,0.000000000000,,gps_back
114.669770833407,13.609018713147,0.000000000000,,gps_back
114.718784874651,13.618902270377,0.000000000000,,gps_back
114.768145961047,13.626651595429,0.000000000000,,gps_back
114.817807399490,13.632473970974,0.000000000000,,gps_back
114.867468837932,13.638296346519,0.000000000000,,gps_back
114.917130276375,13.644118722064,0.000000000000,,gps_back
114.966795279015,13.649910529690,0.000000000000,,gps_back
115.016465161279,13.655660418634,0.000000000000,,gps_back
115.065979303357,13.662526332778,0.000000000000,,gps_back
115.115114307700,13.671718967998,0.000000000000,,gps_back
115.164114123171,13.681667056888,0.000000000000,,gps_back
115.213502965447,13.689206080245,0.000000000000,,gps_back
115.263201403613,13.694703695091,0.000000000000,,gps_back
115.312888952369,13.700297986848,0.000000000000,,gps_back
115.362564015973,13.706002939898,0.000000000000,,gps_back
115.411989461354,13.713374649522,0.000000000000,,gps_back
115.460962012715,13.723419300951,0.000000000000,,gps_back
115.509947761148,13.733386863746,0.000000000000,,gps_back
115.559321216249,13.741213882835,0.000000000000,,gps_back
115.608792556904,13.748458197861,0.000000000000,,gps_back
115.658127559393,13.756586772834,0.000000000000,,gps_back
115.707400079284,13.765094258287,0.000000000000,,gps_back
115.756214647296,13.775701486300,0.000000000000,,gps_back
115.804463159087,13.788820695663,0.000000000000,,gps_back
115.853139016323,13.800010614441,0.000000000000,,gps_back
115.902372517722,13.808740174932,0.000000000000,,gps_back
115.951636477774,13.817296945795,0.000000000000,,gps_back
116.000908997666,13.825804431249,0.000000000000,,gps_back
116.050181517557,13.834311916701,0.000000000000,,gps_back
116.099478211364,13.842676907941,0.000000000000,,gps_back
116.148824452507,13.850744303288,0.000000000000,,gps_back
116.198217805260,13.858518310734,0.000000000000,,gps_back
116.247627942816,13.866186134247,0.000000000000,,gps_back
116.297016206292,13.873992981777,0.000000000000,,gps_back
116.346030074566,13.883706162282,0.000000000000,,gps_back
116.394525746270,13.895868875447,0.000000000000,,gps_back
116.443355903650,13.906367649529,0.000000000000,,gps_back
116.492706099747,13.914411233935,0.000000000000,,gps_back
116.542077720172,13.922323352600,0.000000000000,,gps_back
116.590931610654,13.932673776544,0.000000000000,,gps_back
116.639231957809,13.945605301225,0.000000000000,,gps_back
116.688113502127,13.955685848013,0.000000000000,,gps_back
116.737592446759,13.962895739842,0.000000000000,,gps_back
116.787034816596,13.970351510252,0.000000000000,,gps_back
116.836004574608,13.980194067812,0.000000000000,,gps_back
116.884414576777,13.992701946137,0.000000000000,,gps_back
116.933275923212,14.002965526655,0.000000000000,,gps_back
116.982412873705,14.012093153071,0.000000000000,,gps_back
117.030775298418,14.024640634784,0.000000000000,,gps_back
117.079374171967,14.035967162820,0.000000000000,,gps_back
117.128794442197,14.043538056694,0.000000000000,,gps_back
117.178241581032,14.050945766192,0.000000000000,,gps_back
117.227378442653,14.060117234335,0.000000000000,,gps_back
117.275953954800,14.071892114886,0.000000000000,,gps_back
117.324694255842,14.082834053635,0.000000000000,,gps_back
117.374071223459,14.090647754961,0.000000000000,,gps_back
117.422842362885,14.101065207653,0.000000000000,,gps_back
117.471081134024,14.114202659455,0.000000000000,,gps_back
117.520020394154,14.124156983712,0.000000000000,,gps_back
117.569698971885,14.129280735264,0.000000000000,,gps_back
117.619659838589,14.131063100659,0.000000000000,,gps_back
117.668802472610,14.138051975807,0.000000000000,,gps_back
117.717241950320,14.150445762906,0.000000000000,,gps_back
117.766269243402,14.159952202807,0.000000000000,,gps_back
117.815743687724,14.167193071419,0.000000000000,,gps_back
117.865187926530,14.174637007881,0.000000000000,,gps_back
117.914591248450,14.182347216072,0.000000000000,,gps_back
117.963873653289,14.190778251313,0.000000000000,,gps_back
118.012735114277,14.201285604038,0.000000000000,,gps_back
118.061639281108,14.211573503802,0.000000000000,,gps_back
118.111269224081,14.216202917654,0.000000000000,,gps_back
118.161184317118,14.218693184129,0.000000000000,,gps_back
118.210888858513,14.223988070481,0.000000000000,,gps_back
118.260440012255,14.230681573771,0.000000000000,,gps_back
118.309948945333,14.237682319727,0.000000000000,,gps_back
118.359242917684,14.245984891157,0.000000000000,,gps_back
118.408584604548,14.253966491997,0.000000000000,,gps_back
118.458242593891,14.259752135779,0.000000000000,,gps_back
118.507993677718,14.264750791021,0.000000000000,,gps_back
118.557220275726,14.272966793506,0.000000000000,,gps_back
118.605975392385,14.284061707873,0.000000000000,,gps_back
118.654730509043,14.295156622240,0.000000000000,,gps_back
118.703835353773,14.304414522583,0.000000000000,,gps_back
118.753318480772,14.311584723392,0.000000000000,,gps_back
118.802857421102,14.318370879608,0.000000000000,,gps_back
118.852397929966,14.325145566745,0.000000000000,,gps_back
118.901950322728,14.331832372942,0.000000000000,,gps_back
118.951512155228,14.338449266806,0.000000000000,,gps_back
119.001073987728,14.345066160671,0.000000000000,,gps_back
119.050526198883,14.352423633342,0.000000000000,,gps_back
119.099488569469,14.362389917250,0.000000000000,,gps_back
119.148285258421,14.373271033581,0.000000000000,,gps_back
119.197564541658,14.381549192727,0.000000000000,,gps_back
119.247126374157,14.388166086600,0.000000000000,,gps_back
119.296688206656,14.394782980473,0.000000000000,,gps_back
119.346156740410,14.402039063205,0.000000000000,,gps_back
119.395410374968,14.410624468587,0.000000000000,,gps_back
119.444546783212,14.419885781133,0.000000000000,,gps_back
119.493683191455,14.429147093679,0.000000000000,,gps_back
119.542933140102,14.437762092914,0.000000000000,,gps_back
119.592359483054,14.445310270552,0.000000000000,,gps_back
119.641852822124,14.452421382486,0.000000000000,,gps_back
119.691345223517,14.459539014886,0.000000000000,,gps_back
119.740819707523,14.466779289899,0.000000000000,,gps_back
119.790279031946,14.474123250193,0.000000000000,,gps_back
119.839738356370,14.481467210486,0.000000000000,,gps_back
119.889208436597,14.488738031793,0.000000000000,,gps_back
119.938692251701,14.495915065277,0.000000000000,,gps_back
119.988165307401,14.503165336570,0.000000000000,,gps_back
120.037625054729,14.510506447525,0.000000000000,,gps_back
120.087084379152,14.517850407818,0.000000000000,,gps_back
120.136555177119,14.525116298084,0.000000000000,,gps_back
120.186042701980,14.532267629597,0.000000000000,,gps_back
120.235536041049,14.539378741531,0.000000000000,,gps_back
120.284998166991,14.546701057063,0.000000000000,,gps_back
120.334139844660,14.555807360516,0.000000000000,,gps_back
120.383022827618,14.566324608364,0.000000000000,,gps_back
120.431905810576,14.576841856212,0.000000000000,,gps_back
120.481026007267,14.586112416696,0.000000000000,,gps_back
120.530424561144,14.593843343924,0.000000000000,,gps_back
120.579883885567,14.601187304217,0.000000000000,,gps_back
120.629338511113,14.608562780020,0.000000000000,,gps_back
120.678782007841,14.616012425425,0.000000000000,,gps_back
120.728219350391,14.623502931870,0.000000000000,,gps_back
120.777657478504,14.630988250140,0.000000000000,,gps_back
120.827107207708,14.638396221741,0.000000000000,,gps_back
120.876566532131,14.645740182035,0.000000000000,,gps_back
120.926025856554,14.653084142328,0.000000000000,,gps_back
120.975496186281,14.660353253161,0.000000000000,,gps_back
121.024980198793,14.667528930461,0.000000000000,,gps_back
121.074411270992,14.675052440656,0.000000000000,,gps_back
121.123823824963,14.682702403976,0.000000000000,,gps_back
121.173310226105,14.689855175882,0.000000000000,,gps_back
121.222452746304,14.698858127507,0.000000000000,,gps_back
121.270972594256,14.710889149030,0.000000000000,,gps_back
121.319817609537,14.721277732358,0.000000000000,,gps_back
121.369238865914,14.728859010135,0.000000000000,,gps_back
121.418729768509,14.735987035704,0.000000000000,,gps_back
121.468223107578,14.743098147643,0.000000000000,,gps_back
121.517716446648,14.750209259574,0.000000000000,,gps_back
121.567222088075,14.757233742679,0.000000000000,,gps_back
121.616747136616,14.764120294706,0.000000000000,,gps_back
121.666259953907,14.771093238107,0.000000000000,,gps_back
121.715715748822,14.778456601340,0.000000000000,,gps_back
121.764519965521,14.788973783782,0.000000000000,,gps_back
121.813006800492,14.801160618173,0.000000000000,,gps_back
121.862118068609,14.810297408762,0.000000000000,,gps_back
121.911633218328,14.817252609695,0.000000000000,,gps_back
121.961195847555,14.823861438484,0.000000000000,,gps_back
122.010749272551,14.830537834906,0.000000000000,,gps_back
122.060255503679,14.837557153711,0.000000000000,,gps_back
122.109784611328,14.844408993559,0.000000000000,,gps_back
122.159356852785,14.850947232032,0.000000000000,,gps_back
122.208310382041,14.860665858260,0.000000000000,,gps_back
122.256745474626,14.873083448014,0.000000000000,,gps_back
122.305777364743,14.882477784708,0.000000000000,,gps_back
122.355309014461,14.889316887666,0.000000000000,,gps_back
122.404851938906,14.896073700063,0.000000000000,,gps_back
122.454396216798,14.902820688809,0.000000000000,,gps_back
122.503929321174,14.909649154383,0.000000000000,,gps_back
122.553040019697,14.918799959597,0.000000000000,,gps_back
122.601533636947,14.930945867448,0.000000000000,,gps_back
122.650453679712,14.940867966315,0.000000000000,,gps_back
122.699981159622,14.947725282670,0.000000000000,,gps_back
122.749512793404,14.954557226955,0.000000000000,,gps_back
122.799003080718,14.961689536742,0.000000000000,,gps_back
122.848494313476,14.968815274931,0.000000000000,,gps_back
122.898008867439,14.975775739833,0.000000000000,,gps_back
122.947566426284,14.982422307106,0.000000000000,,gps_back
122.996835249427,14.990774262130,0.000000000000,,gps_back
123.045441391615,15.002395088534,0.000000000000,,gps_back
123.094228838329,15.013134550153,0.000000000000,,gps_back
123.143593410996,15.021045290603,0.000000000000,,gps_back
123.193104909128,15.028027117575,0.000000000000,,gps_back
123.242632414862,15.034896185091,0.000000000000,,gps_back
123.292139793548,15.041908016308,0.000000000000,,gps_back
123.341654925831,15.048864313417,0.000000000000,,gps_back
123.391213022911,15.055506940177,0.000000000000,,gps_back
123.440767532456,15.062176417304,0.000000000000,,gps_back
123.490279498394,15.069155100343,0.000000000000,,gps_back
123.539284096464,15.078808803969,0.000000000000,,gps_back
123.587694147504,15.091304190364,0.000000000000,,gps_back
123.636618327456,15.101189319114,0.000000000000,,gps_back
123.686101968515,15.108367311890,0.000000000000,,gps_back
123.735591543075,15.115504558239,0.000000000000,,gps_back
123.785090918929,15.122573122579,0.000000000000,,gps_back
123.834612946689,15.129481096086,0.000000000000,,gps_back
123.884130199398,15.136423010426,0.000000000000,,gps_back
123.933628646155,15.143498368695,0.000000000000,,gps_back
123.983121985223,15.150609480636,0.000000000000,,gps_back
124.032511906765,15.158383009070,0.000000000000,,gps_back
124.081236066486,15.169344480491,0.000000000000,,gps_back
124.129815703767,15.181119337109,0.000000000000,,gps_back
124.179019883723,15.189827569496,0.000000000000,,gps_back
124.228525482317,15.196852391364,0.000000000000,,gps_back
124.278047486662,15.203760922999,0.000000000000,,gps_back
124.327557828097,15.210751830982,0.000000000000,,gps_back
124.376979198148,15.218333757951,0.000000000000,,gps_back
124.425724490672,15.229162144869,0.000000000000,,gps_back
124.474265126792,15.241113101902,0.000000000000,,gps_back
124.523438723930,15.249956713211,0.000000000000,,gps_back
124.572493409098,15.259406529825,0.000000000000,,gps_back
124.620781840612,15.272301055569,0.000000000000,,gps_back
124.669580881516,15.282639935624,0.000000000000,,gps_back
124.718953401730,15.290531516113,0.000000000000,,gps_back
124.767706744252,15.301393122748,0.000000000000,,gps_back
124.816350157387,15.312903960666,0.000000000000,,gps_back
124.865581750465,15.321480136560,0.000000000000,,gps_back
124.914659739767,15.330833278648,0.000000000000,,gps_back
124.963131279347,15.343064567219,0.000000000000,,gps_back
125.011976716211,15.353477019646,0.000000000000,,gps_back
125.061192683376,15.362295467641,0.000000000000,,gps_back
125.109844473366,15.373667760042,0.000000000000,,gps_back
125.158110816314,15.386726027767,0.000000000000,,gps_back
125.206367613858,15.399819525158,0.000000000000,,gps_back
125.255117615863,15.410767052483,0.000000000000,,gps_back
125.304292908023,15.419816900862,0.000000000000,,gps_back
125.351974449071,15.434067991543,0.000000000000,,gps_back
125.398723936540,15.451798586715,0.000000000000,,gps_back
125.446186649394,15.467456875139,0.000000000000,,gps_back
125.494233266003,15.481291612011,0.000000000000,,gps_back
125.542502853273,15.494334087648,0.000000000000,,gps_back
125.590801952114,15.507269933322,0.000000000000,,gps_back
125.639032558961,15.520459023113,0.000000000000,,gps_back
125.686279980295,15.536615830400,0.000000000000,,gps_back
125.732815760146,15.554907350808,0.000000000000,,gps_back
125.779351539999,15.573198871210,0.000000000000,,gps_back
125.825756037034,15.591818437734,0.000000000000,,gps_back
125.871765827908,15.611384363205,0.000000000000,,gps_back
125.916680331849,15.633289243087,0.000000000000,,gps_back
125.960356036075,15.657609956419,0.000000000000,,gps_back
126.005215786740,15.679474541156,0.000000000000,,gps_back
126.051548237154,15.698264625006,0.000000000000,,gps_back
126.097691852847,15.717504006690,0.000000000000,,gps_back
126.143164724839,15.738282517026,0.000000000000,,gps_back
126.187228073018,15.761825977887,0.000000000000,,gps_back
126.230468891237,15.786933549751,0.000000000000,,gps_back
126.273709709453,15.812041121622,0.000000000000,,gps_back
126.318323974899,15.834471784114,0.000000000000,,gps_back
126.364473847817,15.853680471973,0.000000000000,,gps_back
126.409467121735,15.875272227428,0.000000000000,,gps_back
126.452975367189,15.899905051907,0.000000000000,,gps_back
126.496216185406,15.925012623774,0.000000000000,,gps_back
126.539483969292,15.950073655965,0.000000000000,,gps_back
126.582854774597,15.974955608583,0.000000000000,,gps_back
126.626934715673,15.998530651034,0.000000000000,,gps_back
126.672206576417,16.019709981914,0.000000000000,,gps_back
126.716902813631,16.042026580396,0.000000000000,,gps_back
126.760424936940,16.066633834359,0.000000000000,,gps_back
126.802142081055,16.094097938528,0.000000000000,,gps_back
126.842894581351,16.123069755922,0.000000000000,,gps_back
126.886666116240,16.146713435280,0.000000000000,,gps_back
126.932034242811,16.167713603630,0.000000000000,,gps_back
126.976085583831,16.191303980389,0.000000000000,,gps_back
127.019722110658,16.215712840458,0.000000000000,,gps_back
127.063760002366,16.239391662686,0.000000000000,,gps_back
127.107944059126,16.262799517208,0.000000000000,,gps_back
127.152128115887,16.286207371731,0.000000000000,,gps_back
127.196312172648,16.309615226253,0.000000000000,,gps_back
127.240496229409,16.333023080775,0.000000000000,,gps_back
127.284680286169,16.356430935297,0.000000000000,,gps_back
127.328899318181,16.379772568292,0.000000000000,,gps_back
127.373210321432,16.402938895539,0.000000000000,,gps_back
127.417345032035,16.426436298382,0.000000000000,,gps_back
127.460959971809,16.450880241873,0.000000000000,,gps_back
127.503317593970,16.477403012268,0.000000000000,,gps_back
127.544254798363,16.506094398805,0.000000000000,,gps_back
127.585907846423,16.533697137987,0.000000000000,,gps_back
127.628885015141,16.559241354879,0.000000000000,,gps_back
127.672725263345,16.583269844986,0.000000000000,,gps_back
127.716987891627,16.606528547942,0.000000000000,,gps_back
127.760758496761,16.630683244687,0.000000000000,,gps_back
127.803875665748,16.655998152630,0.000000000000,,gps_back
127.845374376422,16.683809226827,0.000000000000,,gps_back
127.886964414685,16.711521477321,0.000000000000,,gps_back
127.931813188809,16.733149114681,0.000000000000,,gps_back
127.977759338644,16.752836219641,0.000000000000,,gps_back
128.022277536753,16.775524257987,0.000000000000,,gps_back
128.066112274977,16.799579907011,0.000000000000,,gps_back
128.109947013202,16.823635556035,0.000000000000,,gps_back
128.153549147451,16.848107225423,0.000000000000,,gps_back
128.196872564968,16.873071166753,0.000000000000,,gps_back
128.241864057613,16.894651411859,0.000000000000,,gps_back
128.288239488909,16.913339148148,0.000000000000,,gps_back
128.332780206323,16.935759474638,0.000000000000,,gps_back
128.376160722812,16.960623863616,0.000000000000,,gps_back
128.420135209390,16.984407958396,0.000000000000,,gps_back
128.464299467619,17.007851919588,0.000000000000,,gps_back
128.507984103762,17.032170418172,0.000000000000,,gps_back
128.552330994108,17.055213855084,0.000000000000,,gps_back
128.598163864128,17.075123875723,0.000000000000,,gps_back
128.643509056504,17.096092198033,0.000000000000,,gps_back
128.687419188791,17.119976332060,0.000000000000,,gps_back
128.730754541155,17.144919915473,0.000000000000,,gps_back
128.774029816277,17.169968050856,0.000000000000,,gps_back
128.817932267388,17.193877349214,0.000000000000,,gps_back
128.862049777012,17.217408264612,0.000000000000,,gps_back
128.903928206581,17.244541671848,0.000000000000,,gps_back
128.944784924993,17.273363221845,0.000000000000,,gps_back
128.987255684301,17.299669392919,0.000000000000,,gps_back
129.029973678501,17.325637504346,0.000000000000,,gps_back
129.071190803239,17.353902386855,0.000000000000,,gps_back
129.111755632955,17.383136795756,0.000000000000,,gps_back
129.152383128238,17.412284046665,0.000000000000,,gps_back
129.192413896122,17.442234184809,0.000000000000,,gps_back
129.231568630782,17.473325678951,0.000000000000,,gps_back
129.271257921297,17.503718737997,0.000000000000,,gps_back
129.311666005475,17.533168339431,0.000000000000,,gps_back
129.351273693186,17.563663252413,0.000000000000,,gps_back
129.390345268853,17.594865299581,0.000000000000,,gps_back
129.430399122583,17.624769694239,0.000000000000,,gps_back
129.470481310113,17.654652825606,0.000000000000,,gps_back
129.508070160569,17.687523810030,0.000000000000,,gps_back
129.544331848129,17.721951248803,0.000000000000,,gps_back
129.580593535690,17.756378687575,0.000000000000,,gps_back
129.615541039985,17.792109681667,0.000000000000,,gps_back
129.649034170858,17.829229869949,0.000000000000,,gps_back
129.682286788709,17.866571476131,0.000000000000,,gps_back
129.715725997468,17.903746313866,0.000000000000,,gps_back
129.746206334454,17.943267732784,0.000000000000,,gps_back
129.774200101142,17.984694270340,0.000000000000,,gps_back
129.805411596186,18.023595284734,0.000000000000,,gps_back
129.838135341704,18.061394651446,0.000000000000,,gps_back
129.867517882573,18.101752489377,0.000000000000,,gps_back
129.894311109886,18.143962782112,0.000000000000,,gps_back
129.919141733202,18.187343177532,0.000000000000,,gps_back
129.945657910657,18.229669938173,0.000000000000,,gps_back
129.975296300015,18.269912858843,0.000000000000,,gps_back
130.003807311809,18.310942852042,0.000000000000,,gps_back
130.032470631719,18.351892662019,0.000000000000,,gps_back
130.064383720421,18.390311216931,0.000000000000,,gps_back
130.095463534434,18.429416169985,0.000000000000,,gps_back
130.123557551204,18.470750563248,0.000000000000,,gps_back
130.152867008703,18.511210246565,0.000000000000,,gps_back
130.183440353040,18.550775751000,0.000000000000,,gps_back
130.214013697380,18.590341255432,0.000000000000,,gps_back
130.243321277188,18.630835630042,0.000000000000,,gps_back
130.271284836809,18.672282988922,0.000000000000,,gps_back
130.298895665010,18.713969925620,0.000000000000,,gps_back
130.326506493216,18.755656862314,0.000000000000,,gps_back
130.355969583059,18.796018816231,0.000000000000,,gps_back
130.385419483354,18.836414535497,0.000000000000,,gps_back
130.411739925205,18.878868582528,0.000000000000,,gps_back
130.436494527199,18.922312279949,0.000000000000,,gps_back
130.460844628134,18.965983208623,0.000000000000,,gps_back
130.486084531261,19.009136653472,0.000000000000,,gps_back
130.512877992198,19.051345310628,0.000000000000,,gps_back
130.540205690995,19.093218397494,0.000000000000,,gps_back
130.567415564582,19.135168010835,0.000000000000,,gps_back
130.593733363958,19.177676753220,0.000000000000,,gps_back
130.619581481272,19.220479011998,0.000000000000,,gps_back
130.645429598586,19.263281270775,0.000000000000,,gps_back
130.670640416113,19.306458374096,0.000000000000,,gps_back
130.694911613751,19.350171291866,0.000000000000,,gps_back
130.720675904996,19.392994451493,0.000000000000,,gps_back
130.747993040923,19.434871846108,0.000000000000,,gps_back
130.776447802727,19.475980147777,0.000000000000,,gps_back
130.805446305292,19.516713937820,0.000000000000,,gps_back
130.834482202178,19.557421126586,0.000000000000,,gps_back
130.863927509189,19.597831370440,0.000000000000,,gps_back
130.894177264093,19.637641165303,0.000000000000,,gps_back
130.923348774761,19.678230331811,0.000000000000,,gps_back
130.951236742502,19.719729983773,0.000000000000,,gps_back
130.978847570705,19.761416920468,0.000000000000,,gps_back
131.006346214103,19.803177822926,0.000000000000,,gps_back
131.031623408885,19.846278351888,0.000000000000,,gps_back
131.054446530963,19.890754905734,0.000000000000,,gps_back
131.073637064322,19.936865504859,0.000000000000,,gps_back
131.093067796505,19.982912440216,0.000000000000,,gps_back
131.115999326330,20.027298787391,0.000000000000,,gps_back
131.137420157670,20.072417655193,0.000000000000,,gps_back
131.155840841056,20.118888593695,0.000000000000,,gps_back
131.172385736114,20.166065747759,0.000000000000,,gps_back
131.188332499133,20.213456245481,0.000000000000,,gps_back
131.205379858815,20.260454171115,0.000000000000,,gps_back
131.222157147159,20.307552153583,0.000000000000,,gps_back
131.236629912899,20.355392546077,0.000000000000,,gps_back
131.248657604675,20.403913434634,0.000000000000,,gps_back
131.258470080568,20.452931063100,0.000000000000,,gps_back
131.269651145050,20.501640107593,0.000000000000,,gps_back
131.282731216113,20.549897200425,0.000000000000,,gps_back
131.296213139815,20.598046927927,0.000000000000,,gps_back
131.309399695858,20.646277862741,0.000000000000,,gps_back
131.319830461311,20.695140633394,0.000000000000,,gps_back
131.328329318054,20.744412983563,0.000000000000,,gps_back
131.335445151101,20.793899081185,0.000000000000,,gps_back
131.341979106409,20.843471916016,0.000000000000,,gps_back
131.348513061716,20.893044750847,0.000000000000,,gps_back
131.358748799989,20.941910151890,0.000000000000,,gps_back
131.371789598609,20.990177137903,0.000000000000,,gps_back
131.379097250601,21.039431259459,0.000000000000,,gps_back
131.383948523965,21.089193468697,0.000000000000,,gps_back
131.391694626071,21.138558279285,0.000000000000,,gps_back
131.399155720617,21.187986415958,0.000000000000,,gps_back
131.404064542618,21.237730744006,0.000000000000,,gps_back
131.408212163789,21.287559910456,0.000000000000,,gps_back
131.412480942300,21.337378930651,0.000000000000,,gps_back
131.416299648390,21.387233289651,0.000000000000,,gps_back
131.419790394942,21.437112843464,0.000000000000,,gps_back
131.420216898068,21.487064933991,0.000000000000,,gps_back
131.420082952201,21.537060968476,0.000000000000,,gps_back
131.423046579014,21.586940316593,0.000000000000,,gps_back
131.423697750679,21.636868784827,0.000000000000,,gps_back
131.419303757931,21.686626005711,0.000000000000,,gps_back
131.415980929102,21.736480736359,0.000000000000,,gps_back
131.414558980903,21.786460564404,0.000000000000,,gps_back
131.410189201652,21.836218043444,0.000000000000,,gps_back
131.405223447304,21.885967069257,0.000000000000,,gps_back
131.403165559256,21.935897562942,0.000000000000,,gps_back
131.400475058737,21.985809942778,0.000000000000,,gps_back
131.395442503410,22.035547345496,0.000000000000,,gps_back
131.395043781099,22.085405130919,0.000000000000,,gps_back
131.398236407041,22.135300357713,0.000000000000,,gps_back
131.398857705667,22.185253071321,0.000000000000,,gps_back
131.399087069792,22.235248303262,0.000000000000,,gps_back
131.402034224371,22.285139645745,0.000000000000,,gps_back
131.408040392053,22.334759421288,0.000000000000,,gps_back
131.416410696219,22.384045660692,0.000000000000,,gps_back
131.422667480066,22.433615611863,0.000000000000,,gps_back
131.426993661909,22.483428037030,0.000000000000,,gps_back
131.431623012839,22.533213196742,0.000000000000,,gps_back
131.436208247557,22.583003585072,0.000000000000,,gps_back
131.440354346303,22.632832589703,0.000000000000,,gps_back
131.441766622307,22.682781688022,0.000000000000,,gps_back
131.441384160773,22.732780385986,0.000000000000,,gps_back
131.443585334729,22.782694686134,0.000000000000,,gps_back
131.447224732124,22.832563619005,0.000000000000,,gps_back
131.451735977848,22.882357908861,0.000000000000,,gps_back
131.456307391621,22.932149527199,0.000000000000,,gps_back
131.460446597530,22.981979140799,0.000000000000,,gps_back
131.464456754101,23.031819658146,0.000000000000,,gps_back
131.468688660828,23.081641599587,0.000000000000,,gps_back
131.476179776092,23.131030025497,0.000000000000,,gps_back
131.483277921826,23.180507513795,0.000000000000,,gps_back
131.484661019067,23.230381233573,0.000000000000,,gps_back
131.481849071781,23.280285935994,0.000000000000,,gps_back
131.476577879672,23.329997568389,0.000000000000,,gps_back
131.473399552815,23.379860979209,0.000000000000,,gps_back
131.472428060795,23.429849371916,0.000000000000,,gps_back
131.474996304920,23.479739789734,0.000000000000,,gps_back
131.477950302185,23.529648861501,0.000000000000,,gps_back
131.478135755193,23.579626198733,0.000000000000,,gps_back
131.479314985824,23.629594740092,0.000000000000,,gps_back
131.482927189724,23.679455400812,0.000000000000,,gps_back
131.487059526375,23.729285815585,0.000000000000,,gps_back
131.491084779041,23.779125110954,0.000000000000,,gps_back
131.495094935608,23.828965628302,0.000000000000,,gps_back
131.496834970660,23.878913382236,0.000000000000,,gps_back
131.493082693340,23.928684702604,0.000000000000,,gps_back
131.489236007018,23.978521895334,0.000000000000,,gps_back
131.487517548870,24.028486623979,0.000000000000,,gps_back
131.489601407191,24.078398293361,0.000000000000,,gps_back
131.493636300326,24.128235624886,0.000000000000,,gps_back
131.497723999255,24.178069705039,0.000000000000,,gps_back
131.500503211416,24.227987261080,0.000000000000,,gps_back
131.500586751314,24.277968423748,0.000000000000,,gps_back
131.497495823785,24.327852459436,0.000000000000,,gps_back
131.492088447655,24.377552862269,0.000000000000,,gps_back
131.486248311712,24.427212113561,0.000000000000,,gps_back
131.480473763096,24.476879135955,0.000000000000,,gps_back
131.474548311050,24.526528279879,0.000000000000,,gps_back
131.468406103510,24.576151074238,0.000000000000,,gps_back
131.461949175619,24.625733724080,0.000000000000,,gps_back
131.455892855900,24.675366020598,0.000000000000,,gps_back
131.450470184182,24.725071939427,0.000000000000,,gps_back
131.448080900781,24.774980815835,0.000000000000,,gps_back
131.447004256257,24.824970785595,0.000000000000,,gps_back
131.446086829608,24.874963882796,0.000000000000,,gps_back
131.443105548160,24.924856932511,0.000000000000,,gps_back
131.437918325885,24.974581481141,0.000000000000,,gps_back
131.431695932838,25.024193368807,0.000000000000,,gps_back
131.424176930867,25.073621097315,0.000000000000,,gps_back
131.414272377235,25.122615229936,0.000000000000,,gps_back
131.400950944398,25.170777592304,0.000000000000,,gps_back
131.384636532068,25.218025157413,0.000000000000,,gps_back
131.368688980839,25.265408585765,0.000000000000,,gps_back
131.352615690902,25.312754399578,0.000000000000,,gps_back
131.332633692464,25.358518228313,0.000000000000,,gps_back
131.313221255441,25.404573436474,0.000000000000,,gps_back
131.297079049058,25.451869536610,0.000000000000,,gps_back
131.283987385440,25.500107058336,0.000000000000,,gps_back
131.272818347796,25.548840153471,0.000000000000,,gps_back
131.258061407534,25.596538353143,0.000000000000,,gps_back
131.243320727095,25.644304183810,0.000000000000,,gps_back
131.234995148467,25.693468538828,0.000000000000,,gps_back
131.227149625858,25.742837000251,0.000000000000,,gps_back
131.217036325932,25.791795147762,0.000000000000,,gps_back
131.206341395643,25.840639559450,0.000000000000,,gps_back
131.195669085855,25.889488922697,0.000000000000,,gps_back
131.188479640117,25.938920712437,0.000000000000,,gps_back
131.181836989887,25.988476193562,0.000000000000,,gps_back
131.172175130546,26.037505326703,0.000000000000,,gps_back
131.161447857251,26.086342649856,0.000000000000,,gps_back
131.150720583957,26.135179973010,0.000000000000,,gps_back
131.142375820234,26.184456692529,0.000000000000,,gps_back
131.135986046580,26.234044185504,0.000000000000,,gps_back
131.123738203762,26.282355741820,0.000000000000,,gps_back
131.108711010580,26.330045366709,0.000000000000,,gps_back
131.093561716578,26.377696782390,0.000000000000,,gps_back
131.079086697340,26.425555292942,0.000000000000,,gps_back
131.066319008963,26.473890253857,0.000000000000,,gps_back
131.057516732241,26.523063101540,0.000000000000,,gps_back
131.051113360523,26.572648424478,0.000000000000,,gps_back
131.045302190666,26.622311050702,0.000000000000,,gps_back
131.038588113410,26.671856048928,0.000000000000,,gps_back
131.028873852046,26.720876936721,0.000000000000,,gps_back
131.017642870817,26.769599832474,0.000000000000,,gps_back
131.005711041573,26.818155833693,0.000000000000,,gps_back
130.994524314492,26.866886272244,0.000000000000,,gps_back
130.984890057298,26.915945126961,0.000000000000,,gps_back
130.981737803224,26.965707412926,0.000000000000,,gps_back
130.977860171567,27.015523612835,0.000000000000,,gps_back
130.968675820246,27.064607449930,0.000000000000,,gps_back
130.957948546953,27.113444773084,0.000000000000,,gps_back
130.947221273659,27.162282096238,0.000000000000,,gps_back
130.939680765107,27.211672618986,0.000000000000,,gps_back
130.933282740716,27.261263175194,0.000000000000,,gps_back
130.923759430772,27.310312080180,0.000000000000,,gps_back
130.915564340428,27.359613937860,0.000000000000,,gps_back
130.912882735926,27.409466623638,0.000000000000,,gps_back
130.911905813477,27.459458656006,0.000000000000,,gps_back
130.911018063078,27.509452341354,0.000000000000,,gps_back
130.905318056520,27.559042645371,0.000000000000,,gps_back
130.895445424668,27.608037935049,0.000000000000,,gps_back
130.888263490670,27.657475169660,0.000000000000,,gps_back
130.882758387897,27.707172112327,0.000000000000,,gps_back
130.877159159075,27.756858990300,0.000000000000,,gps_back
130.870786116238,27.806451074783,0.000000000000,,gps_back
130.861120971880,27.855475575378,0.000000000000,,gps_back
130.850393698587,27.904312898533,0.000000000000,,gps_back
130.839666425293,27.953150221687,0.000000000000,,gps_back
130.831169887675,28.002406452564,0.000000000000,,gps_back
130.824734412253,28.051986298443,0.000000000000,,gps_back
130.816363255347,28.101261841618,0.000000000000,,gps_back
130.806858987895,28.150351482831,0.000000000000,,gps_back
130.799877633721,28.199838595600,0.000000000000,,gps_back
130.793491296057,28.249430321277,0.000000000000,,gps_back
130.783844759442,28.298456753065,0.000000000000,,gps_back
130.773117486146,28.347294076219,0.000000000000,,gps_back
130.762390212852,28.396131399373,0.000000000000,,gps_back
130.751662939558,28.444968722527,0.000000000000,,gps_back
130.740935666265,28.493806045681,0.000000000000,,gps_back
130.732841577293,28.543123316379,0.000000000000,,gps_back
130.725177278084,28.592533230176,0.000000000000,,gps_back
130.715185769253,28.641509524211,0.000000000000,,gps_back
130.706349960721,28.690711428017,0.000000000000,,gps_back
130.699803239356,28.740273159636,0.000000000000,,gps_back
130.691028682018,28.789471608797,0.000000000000,,gps_back
130.680556289588,28.838362155300,0.000000000000,,gps_back
130.669829016295,28.887199478455,0.000000000000,,gps_back
130.659101743001,28.936036801609,0.000000000000,,gps_back
130.648374469704,28.984874124762,0.000000000000,,gps_back
130.639406559366,29.034053982131,0.000000000000,,gps_back
130.633030613391,29.083633663511,0.000000000000,,gps_back
130.622056709790,29.132318249828,0.000000000000,,gps_back
130.607314461979,29.180082108519,0.000000000000,,gps_back
130.598466775067,29.229145239906,0.000000000000,,gps_back
130.592393337442,29.278775236437,0.000000000000,,gps_back
130.586030330254,29.328369490056,0.000000000000,,gps_back
130.579742842212,29.377974004805,0.000000000000,,gps_back
130.573672148367,29.427605634910,0.000000000000,,gps_back
130.571095339328,29.477502253367,0.000000000000,,gps_back
130.569532044328,29.527479365218,0.000000000000,,gps_back
130.564604961965,29.577201743758,0.000000000000,,gps_back
130.558687304646,29.626851900922,0.000000000000,,gps_back
130.552908282105,29.676518359771,0.000000000000,,gps_back
130.547043646501,29.726174776630,0.000000000000,,gps_back
130.541073609274,29.775818666040,0.000000000000,,gps_back
130.535251450558,29.825480036952,0.000000000000,,gps_back
130.528751874478,29.875055645953,0.000000000000,,gps_back
130.517921564246,29.923813743008,0.000000000000,,gps_back
130.508628992504,29.972917234094,0.000000000000,,gps_back
130.502254602061,30.022497692157,0.000000000000,,gps_back
130.493296165657,30.071656514690,0.000000000000,,gps_back
130.483015591103,30.120589486307,0.000000000000,,gps_back
130.475984368899,30.170058086237,0.000000000000,,gps_back
130.470054221100,30.219706758910,0.000000000000,,gps_back
130.464271927446,30.269372827582,0.000000000000,,gps_back
130.456315165651,30.318721533029,0.000000000000,,gps_back
130.446078506212,30.367655748041,0.000000000000,,gps_back
130.438275479063,30.417017208700,0.000000000000,,gps_back
130.432081071864,30.466632039915,0.000000000000,,gps_back
130.426283664955,30.516296298137,0.000000000000,,gps_back
130.420634816423,30.565977746649,0.000000000000,,gps_back
130.415218540035,30.615684985397,0.000000000000,,gps_back
130.409548487662,30.665363733797,0.000000000000,,gps_back
130.403202638224,30.714959949524,0.000000000000,,gps_back
130.394616044058,30.764205191659,0.000000000000,,gps_back
130.384947511977,30.813262440108,0.000000000000,,gps_back
130.377748017579,30.862721494524,0.000000000000,,gps_back
130.371568316800,30.912339577837,0.000000000000,,gps_back
130.361915020510,30.961360564515,0.000000000000,,gps_back
130.352166774651,31.010399603877,0.000000000000,,gps_back
130.344932489584,31.059859703653,0.000000000000,,gps_back
130.335888000089,31.109017117546,0.000000000000,,gps_back
130.325421852499,31.157909609867,0.000000000000,,gps_back
130.314708114963,31.206749897682,0.000000000000,,gps_back
130.304816065570,31.255760992239,0.000000000000,,gps_back
130.297959016506,31.305266197368,0.000000000000,,gps_back
130.290152711371,31.354644867117,0.000000000000,,gps_back
130.279971921918,31.403588355485,0.000000000000,,gps_back
130.272019838758,31.452929660896,0.000000000000,,gps_back
130.265987085748,31.502562354034,0.000000000000,,gps_back
130.256527656097,31.551617676104,0.000000000000,,gps_back
130.245625310388,31.600415852164,0.000000000000,,gps_back
130.233753682907,31.648985268403,0.000000000000,,gps_back
130.224717828778,31.698133866935,0.000000000000,,gps_back
130.218438793604,31.747729435291,0.000000000000,,gps_back
130.212501849747,31.797377195290,0.000000000000,,gps_back
130.205829299739,31.846930192840,0.000000000000,,gps_back
130.195113084167,31.895724627213,0.000000000000,,gps_back
130.183781155267,31.944424437658,0.000000000000,,gps_back
130.172950494627,31.993238537618,0.000000000000,,gps_back
130.161343666912,32.041871913292,0.000000000000,,gps_back
130.150410676707,32.090660923717,0.000000000000,,gps_back
130.143354948641,32.140123518323,0.000000000000,,gps_back
130.135035670684,32.189412587401,0.000000000000,,gps_back
130.123779765353,32.238115011690,0.000000000000,,gps_back
130.112786811080,32.286890710950,0.000000000000,,gps_back
130.102690194762,32.335861069891,0.000000000000,,gps_back
130.095811740175,32.385360426194,0.000000000000,,gps_back
130.089622946940,32.434977457013,0.000000000000,,gps_back
130.083163175339,32.484559867444,0.000000000000,,gps_back
130.077181196905,32.534201494198,0.000000000000,,gps_back
130.071072013134,32.583828243696,0.000000000000,,gps_back
130.062855347005,32.633138141765,0.000000000000,,gps_back
130.054070778524,32.682362016884,0.000000000000,,gps_back
130.045286210043,32.731585892004,0.000000000000,,gps_back
130.038343938572,32.781093388825,0.000000000000,,gps_back
130.032275420837,32.830724982891,0.000000000000,,gps_back
130.026483822995,32.880389931096,0.000000000000,,gps_back
130.020439927356,32.930024637949,0.000000000000,,gps_back
130.013752640341,32.979576127060,0.000000000000,,gps_back
130.007611586866,33.029197759822,0.000000000000,,gps_back
130.001810641433,33.078861646681,0.000000000000,,gps_back
129.995869610966,33.128508937734,0.000000000000,,gps_back
129.988383333043,33.177940509921,0.000000000000,,gps_back
129.977346634774,33.226679949953,0.000000000000,,gps_back
129.972069338838,33.276277737653,0.000000000000,,gps_back
129.970659513488,33.326248217434,0.000000000000,,gps_back
129.969797545299,33.376242372452,0.000000000000,,gps_back
129.968907451957,33.426236032522,0.000000000000,,gps_back
129.967939574286,33.476228236079,0.000000000000,,gps_back
129.961046821687,33.525657291125,0.000000000000,,gps_back
129.950787430123,33.574586173373,0.000000000000,,gps_back
129.943791871621,33.624058082181,0.000000000000,,gps_back
129.938772376497,33.673804428104,0.000000000000,,gps_back
129.937102545141,33.723753229918,0.000000000000,,gps_back
129.931757103613,33.773415529912,0.000000000000,,gps_back
129.920994767663,33.822197170692,0.000000000000,,gps_back
129.913560448463,33.871592537789,0.000000000000,,gps_back
129.907524568033,33.921228248899,0.000000000000,,gps_back
129.901764726882,33.970896876164,0.000000000000,,gps_back
129.895644133581,34.020522012915,0.000000000000,,gps_back
129.888924621433,34.070069406798,0.000000000000,,gps_back
129.882890625391,34.119703909628,0.000000000000,,gps_back
129.877095167596,34.169368493034,0.000000000000,,gps_back
129.871144779116,34.219014687323,0.000000000000,,gps_back
129.865238042541,34.268666144407,0.000000000000,,gps_back
129.859467217785,34.318333566142,0.000000000000,,gps_back
129.850992695985,34.367592534066,0.000000000000,,gps_back
129.840576681611,34.416493002105,0.000000000000,,gps_back
129.833308659828,34.465932843592,0.000000000000,,gps_back
129.826629219576,34.515486110593,0.000000000000,,gps_back
129.816684556183,34.564462415282,0.000000000000,,gps_back
129.809060103835,34.613854700857,0.000000000000,,gps_back
129.807213656541,34.663762102957,0.000000000000,,gps_back
129.801135261345,34.713322290914,0.000000000000,,gps_back
129.792947577787,34.762647296730,0.000000000000,,gps_back
129.784566156738,34.811941417133,0.000000000000,,gps_back
129.776924045250,34.861354222462,0.000000000000,,gps_back
129.770854751883,34.910981396211,0.000000000000,,gps_back
129.764572182715,34.960586019577,0.000000000000,,gps_back
129.757587809488,35.010096607328,0.000000000000,,gps_back
129.747542249095,35.059057655430,0.000000000000,,gps_back
129.738017037392,35.108140019796,0.000000000000,,gps_back
129.731617219958,35.157711047382,0.000000000000,,gps_back
129.724493849922,35.207198093989,0.000000000000,,gps_back
129.715960401393,35.256463268054,0.000000000000,,gps_back
129.707175832906,35.305687143172,0.000000000000,,gps_back
129.698971128194,35.355010178042,0.000000000000,,gps_back
129.692591814394,35.404596395006,0.000000000000,,gps_back
129.686702555060,35.454249921903,0.000000000000,,gps_back
129.680937226384,35.503917991741,0.000000000000,,gps_back
129.675040624553,35.553570615862,0.000000000000,,gps_back
129.669062330802,35.603213520996,0.000000000000,,gps_back
129.663274120347,35.652878859003,0.000000000000,,gps_back
129.656131114140,35.702362990302,0.000000000000,,gps_back
129.644864078989,35.751043684024,0.000000000000,,gps_back
129.636375406793,35.800287835017,0.000000000000,,gps_back
129.630281956639,35.849911075079,0.000000000000,,gps_back
129.624344473512,35.899558796051,0.000000000000,,gps_back
129.617551167076,35.949095245588,0.000000000000,,gps_back
129.607505216590,35.998055198149,0.000000000000,,gps_back
129.598544848906,36.047240067365,0.000000000000,,gps_back
129.592293389967,36.096837176801,0.000000000000,,gps_back
129.586409536350,36.146491323951,0.000000000000,,gps_back
129.580432064310,36.196134324290,0.000000000000,,gps_back
129.574414531746,36.245772491789,0.000000000000,,gps_back
129.568440838750,36.295415950263,0.000000000000,,gps_back
129.562685618427,36.345085119646,0.000000000000,,gps_back
129.555129371566,36.394504754906,0.000000000000,,gps_back
129.544895563616,36.443435986682,0.000000000000,,gps_back
129.536771179209,36.492757704312,0.000000000000,,gps_back
129.530473928298,36.542357638266,0.000000000000,,gps_back
129.521089754450,36.591445331912,0.000000000000,,gps_back
129.511290408616,36.640477057627,0.000000000000,,gps_back
129.504611513397,36.690009913456,0.000000000000,,gps_back
129.498417724597,36.739626335567,0.000000000000,,gps_back
129.491946413275,36.789207259145,0.000000000000,,gps_back
129.485783290021,36.838827278589,0.000000000000,,gps_back
129.479221756622,36.888395976060,0.000000000000,,gps_back
129.469207212519,36.937359269336,0.000000000000,,gps_back
129.459975549128,36.986496224669,0.000000000000,,gps_back
129.453708244212,37.036088275408,0.000000000000,,gps_back
129.447587228288,37.085713425794,0.000000000000,,gps_back
129.440843644687,37.135257558728,0.000000000000,,gps_back
129.430788046117,37.184214947929,0.000000000000,,gps_back
129.421248649788,37.233294984376,0.000000000000,,gps_back
129.414660442608,37.282844925123,0.000000000000,,gps_back
129.405910281588,37.332058844897,0.000000000000,,gps_back
129.394513702778,37.380734774126,0.000000000000,,gps_back
129.387499773607,37.430192341235,0.000000000000,,gps_back
129.381541870168,37.479837693126,0.000000000000,,gps_back
129.375792238284,37.529507526937,0.000000000000,,gps_back
129.367339840892,37.578773515152,0.000000000000,,gps_back
129.355672690305,37.627379572752,0.000000000000,,gps_back
129.348372252524,37.676794534423,0.000000000000,,gps_back
129.341549619578,37.726327922996,0.000000000000,,gps_back
129.331456061379,37.775278983724,0.000000000000,,gps_back
129.322356706075,37.824440039947,0.000000000000,,gps_back
129.315807599939,37.874000750476,0.000000000000,,gps_back
129.309699646226,37.923627874376,0.000000000000,,gps_back
129.303009145511,37.973179134315,0.000000000000,,gps_back
129.292927747161,38.022131572099,0.000000000000,,gps_back
129.283691632183,38.071268084388,0.000000000000,,gps_back
129.277218002896,38.120836547441,0.000000000000,,gps_back
129.271357202214,38.170493431881,0.000000000000,,gps_back
129.265599719830,38.220162423441,0.000000000000,,gps_back
129.256162940102,38.269237602922,0.000000000000,,gps_back
129.245528328602,38.318094714501,0.000000000000,,gps_back
129.234801055309,38.366932037656,0.000000000000,,gps_back
129.225422517721,38.416042464683,0.000000000000,,gps_back
129.218926781035,38.465606671450,0.000000000000,,gps_back
129.210586488436,38.514896757892,0.000000000000,,gps_back
129.200169136541,38.563795773150,0.000000000000,,gps_back
129.192885034003,38.613240391971,0.000000000000,,gps_back
129.186746870929,38.662863323417,0.000000000000,,gps_back
129.176763360759,38.711827331262,0.000000000000,,gps_back
129.166036087463,38.760664654416,0.000000000000,,gps_back
129.155308814169,38.809501977570,0.000000000000,,gps_back
129.146646162081,38.858738986735,0.000000000000,,gps_back
129.140266899627,38.908325065009,0.000000000000,,gps_back
129.130412903541,38.957317328313,0.000000000000,,gps_back
129.119833205773,39.006186833102,0.000000000000,,gps_back
129.113102271146,39.055705099591,0.000000000000,,gps_back
129.107203339965,39.105357472829,0.000000000000,,gps_back
129.101467931786,39.155028993466,0.000000000000,,gps_back
129.091777690199,39.204052269527,0.000000000000,,gps_back
129.080053582387,39.252656590978,0.000000000000,,gps_back
129.069138133243,39.301450077620,0.000000000000,,gps_back
129.060076624905,39.350618442269,0.000000000000,,gps_back
129.053905127289,39.400225392647,0.000000000000,,gps_back
129.048023300196,39.449879770946,0.000000000000,,gps_back
129.042015029199,39.499519045191,0.000000000000,,gps_back
129.034295224438,39.548915824216,0.000000000000,,gps_back
129.026085452722,39.598238756967,0.000000000000,,gps_back
129.017842196327,39.647556170212,0.000000000000,,gps_back
129.008792097551,39.696730706414,0.000000000000,,gps_back
128.998295562598,39.745614938662,0.000000000000,,gps_back
128.986841704653,39.794285970565,0.000000000000,,gps_back
128.974889917138,39.842837878551,0.000000000000,,gps_back
128.964957816754,39.891834887707,0.000000000000,,gps_back
128.955562576774,39.940945810923,0.000000000000,,gps_back
128.949036957561,39.990505063951,0.000000000000,,gps_back
128.941751202487,40.039970115841,0.000000000000,,gps_back
128.931502557529,40.088896251271,0.000000000000,,gps_back
128.923083591074,40.138174194992,0.000000000000,,gps_back
128.917034293670,40.187801645041,0.000000000000,,gps_back
128.910747313435,40.237405818736,0.000000000000,,gps_back
128.903267213935,40.286842609674,0.000000000000,,gps_back
128.893037702527,40.335774730516,0.000000000000,,gps_back
128.882344824580,40.384619594925,0.000000000000,,gps_back
128.871621967103,40.433457886596,0.000000000000,,gps_back
128.863760460332,40.482822877777,0.000000000000,,gps_back
128.857539839966,40.532433699281,0.000000000000,,gps_back
128.847604142981,40.581410964688,0.000000000000,,gps_back
128.836706043114,40.630210289081,0.000000000000,,gps_back
128.825006919188,40.678822926584,0.000000000000,,gps_back
128.815039283421,40.727814684265,0.000000000000,,gps_back
128.806454522506,40.777071783288,0.000000000000,,gps_back
128.798049561193,40.826361895385,0.000000000000,,gps_back
128.789935643609,40.875700604658,0.000000000000,,gps_back
128.783887579902,40.925328054885,0.000000000000,,gps_back
128.779731466635,40.975152514805,0.000000000000,,gps_back
128.778437481316,41.025126083977,0.000000000000,,gps_back
128.772176481950,41.074685032214,0.000000000000,,gps_back
128.761940768213,41.123611765785,0.000000000000,,gps_back
128.754103461089,41.172981363910,0.000000000000,,gps_back
128.746118539367,41.222340650672,0.000000000000,,gps_back
128.735868670870,41.271272531709,0.000000000000,,gps_back
128.725276171203,41.320139263501,0.000000000000,,gps_back
128.714683671536,41.369005995292,0.000000000000,,gps_back
128.707197289306,41.418428075759,0.000000000000,,gps_back
128.700855891386,41.468025220557,0.000000000000,,gps_back
128.690786354812,41.516978270104,0.000000000000,,gps_back
128.681237487326,41.566057528603,0.000000000000,,gps_back
128.675008234045,41.615653775516,0.000000000000,,gps_back
128.666998810261,41.665001481115,0.000000000000,,gps_back
128.656585574287,41.713899885477,0.000000000000,,gps_back
128.648941077165,41.763298460164,0.000000000000,,gps_back
128.642794241120,41.812919145069,0.000000000000,,gps_back
128.636773433586,41.862556915638,0.000000000000,,gps_back
128.630253392753,41.912131202536,0.000000000000,,gps_back
128.622226504699,41.961481083946,0.000000000000,,gps_back
128.613983248304,42.010798497191,0.000000000000,,gps_back
128.605739991909,42.060115910436,0.000000000000,,gps_back
128.598917916374,42.109646772648,0.000000000000,,gps_back
128.592816415006,42.159274295453,0.000000000000,,gps_back
128.591258027813,42.209221416369,0.000000000000,,gps_back
128.588752132750,42.259156219202,0.000000000000,,gps_back
128.581214683155,42.308551809417,0.000000000000,,gps_back
128.572971426760,42.357869222662,0.000000000000,,gps_back
128.564728170365,42.407186635907,0.000000000000,,gps_back
128.556381067957,42.456486562631,0.000000000000,,gps_back
128.547981564803,42.505777603028,0.000000000000,,gps_back
128.539576603495,42.555067715126,0.000000000000,,gps_back
128.531272398307,42.604374886692,0.000000000000,,gps_back
128.523327314669,42.653741032030,0.000000000000,,gps_back
128.515432757851,42.703115463650,0.000000000000,,gps_back
128.507538201032,42.752489895271,0.000000000000,,gps_back
128.498194735138,42.801607519752,0.000000000000,,gps_back
128.487137131583,42.850367591568,0.000000000000,,gps_back
128.475860860446,42.899081082866,0.000000000000,,gps_back
128.465064937442,42.947902915222,0.000000000000,,gps_back
128.456812045889,42.997209407906,0.000000000000,,gps_back
128.448917489075,43.046583839527,0.000000000000,,gps_back
128.441022932260,43.095958271148,0.000000000000,,gps_back
128.433639119115,43.145411271186,0.000000000000,,gps_back
128.427016883188,43.194971687765,0.000000000000,,gps_back
128.417207792094,43.243985324533,0.000000000000,,gps_back
128.407034514481,43.292941030348,0.000000000000,,gps_back
128.400492132016,43.342493388598,0.000000000000,,gps_back
128.394571568806,43.392143200934,0.000000000000,,gps_back
128.388837372927,43.441814855522,0.000000000000,,gps_back
128.380361066594,43.491081420505,0.000000000000,,gps_back
128.369863264209,43.539964612952,0.000000000000,,gps_back
128.358027655480,43.588543356025,0.000000000000,,gps_back
128.347630873862,43.637448250021,0.000000000000,,gps_back
128.341692419432,43.687070390940,0.000000000000,,gps_back
128.335082732898,43.736630956608,0.000000000000,,gps_back
128.325853518009,43.785764841763,0.000000000000,,gps_back
128.315947617919,43.834775198299,0.000000000000,,gps_back
128.305365204672,43.883643536471,0.000000000000,,gps_back
128.297354116099,43.932989088877,0.000000000000,,gps_back
128.291728113016,43.982667522008,0.000000000000,,gps_back
128.284594286307,44.032153215872,0.000000000000,,gps_back
128.276082944023,44.081423265585,0.000000000000,,gps_back
128.270208297443,44.131067866648,0.000000000000,,gps_back
128.268672952230,44.181025340709,0.000000000000,,gps_back
128.264471344923,44.230836859259,0.000000000000,,gps_back
128.256063861161,44.280107845869,0.000000000000,,gps_back
128.247022210196,44.329285115648,0.000000000000,,gps_back
128.237514271378,44.378374133713,0.000000000000,,gps_back
128.227950277085,44.427452525479,0.000000000000,,gps_back
128.218386282793,44.476530917245,0.000000000000,,gps_back
128.209889427764,44.525803775789,0.000000000000,,gps_back
128.204203033103,44.575471835457,0.000000000000,,gps_back
128.197555268838,44.625027408012,0.000000000000,,gps_back
128.188077336850,44.674113315750,0.000000000000,,gps_back
128.179607388788,44.723390001274,0.000000000000,,gps_back
128.173957581758,44.773062570253,0.000000000000,,gps_back
128.168663024034,44.822783049491,0.000000000000,,gps_back
128.163428448840,44.872509876877,0.000000000000,,gps_back
128.158200681038,44.922237424262,0.000000000000,,gps_back
128.152972913237,44.971964971648,0.000000000000,,gps_back
128.145926363070,45.021463431206,0.000000000000,,gps_back
128.136391783100,45.070541084522,0.000000000000,,gps_back
128.128388015833,45.119893866793,0.000000000000,,gps_back
128.122776662223,45.169573850819,0.000000000000,,gps_back
128.115558129458,45.219047413547,0.000000000000,,gps_back
128.106216716510,45.268164217907,0.000000000000,,gps_back
128.098557450765,45.317571276066,0.000000000000,,gps_back
128.092987648321,45.367257551274,0.000000000000,,gps_back
128.085922670529,45.416754022286,0.000000000000,,gps_back
128.077240763759,45.465993699076,0.000000000000,,gps_back
128.069459186179,45.515384713831,0.000000000000,,gps_back
128.063869611028,45.565067897586,0.000000000000,,gps_back
128.057790685948,45.614697974781,0.000000000000,,gps_back
128.050445704784,45.664155510726,0.000000000000,,gps_back
128.042966464161,45.713594558905,0.000000000000,,gps_back
128.035487223538,45.763033607084,0.000000000000,,gps_back
128.029046127396,45.812617338904,0.000000000000,,gps_back
128.024077163570,45.862369309778,0.000000000000,,gps_back
128.018113654341,45.912012488270,0.000000000000,,gps_back
128.008679399735,45.961103001322,0.000000000000,,gps_back
128.000059720047,46.010354373937,0.000000000000,,gps_back
127.994879874710,46.060074628012,0.000000000000,,gps_back
127.989695270177,46.109806542923,0.000000000000,,gps_back
127.980558674638,46.158948906500,0.000000000000,,gps_back
127.971055217983,46.208039052370,0.000000000000,,gps_back
127.962110574429,46.257233741632,0.000000000000,,gps_back
127.953226166232,46.306439694688,0.000000000000,,gps_back
127.943787730156,46.355542035277,0.000000000000,,gps_back
127.934230136124,46.404621669860,0.000000000000,,gps_back
127.928404076729,46.454267026973,0.000000000000,,gps_back
127.923323897131,46.504009741893,0.000000000000,,gps_back
127.915272149636,46.553348682404,0.000000000000,,gps_back
127.905822951790,46.602448010532,0.000000000000,,gps_back
127.896745563274,46.651618462041,0.000000000000,,gps_back
127.887883376506,46.700828392263,0.000000000000,,gps_back
127.878661287222,46.749972017209,0.000000000000,,gps_back
127.869083459961,46.799047599161,0.000000000000,,gps_back
127.859434208471,46.848109298203,0.000000000000,,gps_back
127.849752131168,46.897164530467,0.000000000000,,gps_back
127.840066986718,46.946219158201,0.000000000000,,gps_back
127.830381842268,46.995273785936,0.000000000000,,gps_back
127.823008426744,47.044722820081,0.000000000000,,gps_back
127.817485997174,47.094415740549,0.000000000000,,gps_back
127.814662027746,47.144330747113,0.000000000000,,gps_back
127.813590485269,47.194318552642,0.000000000000,,gps_back
127.809129971648,47.244107676855,0.000000000000,,gps_back
127.799992659955,47.293248192300,0.000000000000,,gps_back
127.790715034019,47.342381437381,0.000000000000,,gps_back
127.781797813571,47.391581340206,0.000000000000,,gps_back
127.773772203053,47.440933879830,0.000000000000,,gps_back
127.768187397760,47.490617020774,0.000000000000,,gps_back
127.761651556160,47.540188206409,0.000000000000,,gps_back
127.752344930476,47.589308909384,0.000000000000,,gps_back
127.744012178835,47.638609742630,0.000000000000,,gps_back
127.738432970901,47.688292271612,0.000000000000,,gps_back
127.731969555520,47.737873087996,0.000000000000,,gps_back
127.723285620048,47.787110412053,0.000000000000,,gps_back
127.714895195067,47.836402758730,0.000000000000,,gps_back
127.709283560082,47.886081227829,0.000000000000,,gps_back
127.703185465687,47.935709030935,0.000000000000,,gps_back
127.693911891434,47.984833715037,0.000000000000,,gps_back
127.684347897141,48.033912106803,0.000000000000,,gps_back
127.674783902848,48.082990498569,0.000000000000,,gps_back
127.666120269986,48.132235008991,0.000000000000,,gps_back
127.660777925683,48.181940460301,0.000000000000,,gps_back
127.655576925413,48.231670791154,0.000000000000,,gps_back
127.646379225754,48.280803973069,0.000000000000,,gps_back
127.637010903548,48.329920054092,0.000000000000,,gps_back
127.631321691832,48.379584290120,0.000000000000,,gps_back
127.626012050165,48.429303160278,0.000000000000,,gps_back
127.621154703001,48.479068069020,0.000000000000,,gps_back
127.616338340560,48.528837147553,0.000000000000,,gps_back
127.607561674802,48.578047601567,0.000000000000,,gps_back
127.598033107513,48.627132737772,0.000000000000,,gps_back
127.588264242365,48.676170721481,0.000000000000,,gps_back
127.578459676073,48.725201619672,0.000000000000,,gps_back
127.572466132205,48.774829117669,0.000000000000,,gps_back
127.567087940331,48.824540554070,0.000000000000,,gps_back
127.558313585980,48.873755324476,0.000000000000,,gps_back
127.549136224671,48.922907473196,0.000000000000,,gps_back
127.539950318831,48.972058034323,0.000000000000,,gps_back
127.530764412990,49.021208595449,0.000000000000,,gps_back
127.521794663097,49.070399019151,0.000000000000,,gps_back
127.512904835157,49.119603989890,0.000000000000,,gps_back
127.503654520030,49.168742343701,0.000000000000,,gps_back
127.494113559395,49.217825155718,0.000000000000,,gps_back
127.487155782780,49.267333996651,0.000000000000,,gps_back
127.482185306566,49.317085165521,0.000000000000,,gps_back
127.475811372316,49.366676655270,0.000000000000,,gps_back
127.467152860302,49.415918700382,0.000000000000,,gps_back
127.458156644958,49.465104313949,0.000000000000,,gps_back
127.448593115447,49.514182515855,0.000000000000,,gps_back
127.439149041861,49.563284099190,0.000000000000,,gps_back
127.430257816782,49.612488557892,0.000000000000,,gps_back
127.421391437602,49.661697762354,0.000000000000,,gps_back
127.411882630080,49.710786503536,0.000000000000,,gps_back
127.402308405935,49.759862900590,0.000000000000,,gps_back
127.392520579544,49.808897102296,0.000000000000,,gps_back
127.382774486985,49.857939654057,0.000000000000,,gps_back
127.374025818057,49.907169034242,0.000000000000,,gps_back
127.365362289094,49.956414356772,0.000000000000,,gps_back
127.359352579133,50.006047268466,0.000000000000,,gps_back
127.353989967638,50.055760302079,0.000000000000,,gps_back
127.348640929195,50.105474950528,0.000000000000,,gps_back
127.343287326816,50.155189108131,0.000000000000,,gps_back
127.334901832092,50.204474453065,0.000000000000,,gps_back
127.326036265485,50.253683760422,0.000000000000,,gps_back
127.316690387539,50.302803964465,0.000000000000,,gps_back
127.307140349336,50.351885049472,0.000000000000,,gps_back
127.300500756158,50.401436368803,0.000000000000,,gps_back
127.295091746003,50.451143703965,0.000000000000,,gps_back
127.286506827456,50.500393611922,0.000000000000,,gps_back
127.276728200906,50.549428949352,0.000000000000,,gps_back
127.267781286277,50.598622859788,0.000000000000,,gps_back
127.259137685337,50.647871639021,0.000000000000,,gps_back
127.254691650568,50.697660510090,0.000000000000,,gps_back
127.253446119914,50.747640124147,0.000000000000,,gps_back
127.252484053405,50.797632450425,0.000000000000,,gps_back
127.251559898736,50.847625493699,0.000000000000,,gps_back
127.247189750030,50.897426321336,0.000000000000,,gps_back
127.238600773239,50.946672640512,0.000000000000,,gps_back
127.229781626263,50.995890328828,0.000000000000,,gps_back
127.221143665899,51.045140118391,0.000000000000,,gps_back
127.212741414882,51.094430653982,0.000000000000,,gps_back
127.207466776620,51.144145885117,0.000000000000,,gps_back
127.202423344449,51.193892466076,0.000000000000,,gps_back
127.197331931749,51.243634157537,0.000000000000,,gps_back
127.192230784277,51.293374853318,0.000000000000,,gps_back
127.183901499552,51.342669842798,0.000000000000,,gps_back
127.175075734665,51.391886296904,0.000000000000,,gps_back
127.168571749639,51.441458909300,0.000000000000,,gps_back
127.163151437856,51.491165219924,0.000000000000,,gps_back
127.155323125856,51.540545598428,0.000000000000,,gps_back
127.146534724119,51.589768329923,0.000000000000,,gps_back
127.137669460101,51.638977735403,0.000000000000,,gps_back
127.128786239787,51.688183902718,0.000000000000,,gps_back
127.121081892512,51.737587328319,0.000000000000,,gps_back
127.115577351276,51.787281738111,0.000000000000,,gps_back
127.109004248284,51.836848314236,0.000000000000,,gps_back
127.100508860678,51.886120453461,0.000000000000,,gps_back
127.092304971650,51.935444300548,0.000000000000,,gps_back
127.085874189834,51.985028428911,0.000000000000,,gps_back
127.079565702066,52.034630460193,0.000000000000,,gps_back
127.073257214297,52.084232491474,0.000000000000,,gps_back
127.066948726529,52.133834522756,0.000000000000,,gps_back
127.060640238761,52.183436554037,0.000000000000,,gps_back
127.054331750993,52.233038585319,0.000000000000,,gps_back
127.048023263224,52.282640616600,0.000000000000,,gps_back
127.041452657533,52.332208557899,0.000000000000,,gps_back
127.032754211745,52.381444514144,0.000000000000,,gps_back
127.023909461589,52.430657611180,0.000000000000,,gps_back
127.018474421453,52.480354675877,0.000000000000,,gps_back
127.013633425023,52.530121274790,0.000000000000,,gps_back
127.005588642133,52.579464069692,0.000000000000,,gps_back
126.996106773922,52.628557344354,0.000000000000,,gps_back
126.989450642148,52.678108011754,0.000000000000,,gps_back
126.984027731043,52.727813926017,0.000000000000,,gps_back
126.975601531360,52.777093912235,0.000000000000,,gps_back
126.966095115832,52.826182958224,0.000000000000,,gps_back
126.959649719831,52.875760779627,0.000000000000,,gps_back
126.954241842679,52.925468603653,0.000000000000,,gps_back
126.947136080362,52.974960668764,0.000000000000,,gps_back
126.939556260065,53.024384309552,0.000000000000,,gps_back
126.931953159808,53.073804461228,0.000000000000,,gps_back
126.924350059550,53.123224612903,0.000000000000,,gps_back
126.915433563317,53.172423601589,0.000000000000,,gps_back
126.906258812175,53.221576225753,0.000000000000,,gps_back
126.897072906334,53.270726786879,0.000000000000,,gps_back
126.887887000492,53.319877348006,0.000000000000,,gps_back
126.878439954253,53.368978339072,0.000000000000,,gps_back
126.868859717034,53.418053553597,0.000000000000,,gps_back
126.859272039481,53.467127324232,0.000000000000,,gps_back
126.849684361928,53.516201094866,0.000000000000,,gps_back
126.839947222299,53.565245413195,0.000000000000,,gps_back
126.830144658033,53.614276709858,0.000000000000,,gps_back
126.823800149751,53.663866278816,0.000000000000,,gps_back
126.818907072962,53.713626912747,0.000000000000,,gps_back
126.811585281002,53.763085515975,0.000000000000,,gps_back
126.802140948407,53.812184606873,0.000000000000,,gps_back
126.792964569640,53.861336851347,0.000000000000,,gps_back
126.784102201499,53.910546725026,0.000000000000,,gps_back
126.774924260848,53.959698703413,0.000000000000,,gps_back
126.765152799985,54.008736000068,0.000000000000,,gps_back
126.757118613240,54.058085920754,0.000000000000,,gps_back
126.752129089626,54.107832740545,0.000000000000,,gps_back
126.746548292407,54.157521556687,0.000000000000,,gps_back
126.737843063731,54.206753800877,0.000000000000,,gps_back
126.728956584193,54.255959379894,0.000000000000,,gps_back
126.719429741785,54.305044746088,0.000000000000,,gps_back
126.709938960144,54.354137344988,0.000000000000,,gps_back
126.704867466528,54.403869512497,0.000000000000,,gps_back
126.700051104088,54.453638591030,0.000000000000,,gps_back
126.691283536417,54.502856179828,0.000000000000,,gps_back
126.681520978669,54.551895106649,0.000000000000,,gps_back
126.672631010594,54.601099554570,0.000000000000,,gps_back
126.663958137888,54.650343216215,0.000000000000,,gps_back
126.654586456592,54.699458395397,0.000000000000,,gps_back
126.644801379239,54.748493103808,0.000000000000,,gps_back
126.635739107795,54.797666282291,0.000000000000,,gps_back
126.627093289755,54.846914634827,0.000000000000,,gps_back
126.618372145446,54.896149781123,0.000000000000,,gps_back
126.609533659656,54.945363996249,0.000000000000,,gps_back
126.601083809308,54.994646341685,0.000000000000,,gps_back
126.593797311994,55.044113412795,0.000000000000,,gps_back
126.586574371447,55.093590555548,0.000000000000,,gps_back
126.579351430899,55.143067698301,0.000000000000,,gps_back
126.571897266148,55.192510502862,0.000000000000,,gps_back
126.562443080342,55.241607877167,0.000000000000,,gps_back
126.553402135878,55.290785150503,0.000000000000,,gps_back
126.548368656093,55.340523887040,0.000000000000,,gps_back
126.543552293659,55.390292965574,0.000000000000,,gps_back
126.535154793790,55.439577140355,0.000000000000,,gps_back
126.526323001178,55.488792531898,0.000000000000,,gps_back
126.516978516873,55.537913048785,0.000000000000,,gps_back
126.507424374688,55.586993340408,0.000000000000,,gps_back
126.500833730362,55.636553740362,0.000000000000,,gps_back
126.495425691053,55.686261440253,0.000000000000,,gps_back
126.487469447562,55.735622270489,0.000000000000,,gps_back
126.478662074330,55.784841791528,0.000000000000,,gps_back
126.469395113597,55.833977036725,0.000000000000,,gps_back
126.459799635192,55.883049230843,0.000000000000,,gps_back
126.450626732558,55.932202114683,0.000000000000,,gps_back
126.441766886813,55.981412450297,0.000000000000,,gps_back
126.432558622880,56.030558755400,0.000000000000,,gps_back
126.422781025417,56.079594872945,0.000000000000,,gps_back
126.413433263969,56.128714793541,0.000000000000,,gps_back
126.404774170680,56.177960656949,0.000000000000,,gps_back
126.396786004167,56.227319812712,0.000000000000,,gps_back
126.391305863849,56.277016978595,0.000000000000,,gps_back
126.385128988425,56.326635218705,0.000000000000,,gps_back
126.376372373031,56.375860703195,0.000000000000,,gps_back
126.367489820920,56.425066991340,0.000000000000,,gps_back
126.358643268266,56.474279763711,0.000000000000,,gps_back
126.349798518110,56.523492860747,0.000000000000,,gps_back
126.341130615364,56.572737397221,0.000000000000,,gps_back
126.332504189745,56.621989232226,0.000000000000,,gps_back
126.323720813841,56.671213307018,0.000000000000,,gps_back
126.314840823682,56.720420053460,0.000000000000,,gps_back
126.306309629236,56.769688408909,0.000000000000,,gps_back
126.298235098368,56.819033627935,0.000000000000,,gps_back
126.290140191985,56.868375607277,0.000000000000,,gps_back
126.280368293506,56.917411565623,0.000000000000,,gps_back
126.270566899543,56.966443096862,0.000000000000,,gps_back
126.261886978740,57.015684884565,0.000000000000,,gps_back
126.253262183346,57.064937005632,0.000000000000,,gps_back
126.244460742831,57.114157850702,0.000000000000,,gps_back
126.235617611589,57.163371238107,0.000000000000,,gps_back
126.228891275074,57.212916064523,0.000000000000,,gps_back
126.223479045135,57.262623152311,0.000000000000,,gps_back
126.215843154195,57.312035665342,0.000000000000,,gps_back
126.207010358319,57.361250323170,0.000000000000,,gps_back
126.199756208058,57.410721592622,0.000000000000,,gps_back
126.194346974352,57.460428239395,0.000000000000,,gps_back
126.186948807883,57.509877431757,0.000000000000,,gps_back
126.177474802972,57.558971405802,0.000000000000,,gps_back
126.167887042651,57.608045159995,0.000000000000,,gps_back
126.158276547702,57.657114467000,0.000000000000,,gps_back
126.148626567024,57.706176023522,0.000000000000,,gps_back
126.138942866519,57.755230935832,0.000000000000,,gps_back
126.129257722070,57.804285563567,0.000000000000,,gps_back
126.119572577622,57.853340191302,0.000000000000,,gps_back
126.112539381351,57.902841380980,0.000000000000,,gps_back
126.107635472593,57.952600116557,0.000000000000,,gps_back
126.105633819692,58.002558158163,0.000000000000,,gps_back
126.108170864682,58.052487435245,0.000000000000,,gps_back
126.110886601716,58.102415216064,0.000000000000,,gps_back
126.097770603579,58.150559765949,0.000000000000,,gps_back
126.083970848612,58.198619366425,0.000000000000,,gps_back
126.078530898390,58.248294973116,0.000000000000,,gps_back
126.073703584541,58.298062959688,0.000000000000,,gps_back
126.068603624507,58.347803745200,0.000000000000,,gps_back
126.063416196296,58.397535514552,0.000000000000,,gps_back
126.058225776973,58.447266974137,0.000000000000,,gps_back
126.053035357651,58.496998433722,0.000000000000,,gps_back
126.050591553410,58.546937304159,0.000000000000,,gps_back
126.049768909410,58.596931251598,0.000000000000,,gps_back
126.043142097608,58.646478565797,0.000000000000,,gps_back
126.033621702769,58.695562885834,0.000000000000,,gps_back
126.023285944942,58.744484374472,0.000000000000,,gps_back
126.012627605034,58.793336755869,0.000000000000,,gps_back
126.006722526072,58.842980487483,0.000000000000,,gps_back
126.001356115233,58.892693215732,0.000000000000,,gps_back
125.992701938378,58.941936431368,0.000000000000,,gps_back
125.983821388999,58.991143076278,0.000000000000,,gps_back
125.976652230903,59.040627033791,0.000000000000,,gps_back
125.970052018361,59.090191002215,0.000000000000,,gps_back
125.963468570886,59.139757288585,0.000000000000,,gps_back
125.956885123411,59.189323574955,0.000000000000,,gps_back
125.950301675935,59.238889861325,0.000000000000,,gps_back
125.943718228460,59.288456147695,0.000000000000,,gps_back
125.937134780985,59.338022434065,0.000000000000,,gps_back
125.930551333510,59.387588720435,0.000000000000,,gps_back
125.923967886035,59.437155006805,0.000000000000,,gps_back
125.914013189485,59.486151813303,0.000000000000,,gps_back
125.901537388073,59.534570074570,0.000000000000,,gps_back
125.892901918052,59.583815435070,0.000000000000,,gps_back
125.891890484434,59.633793555063,0.000000000000,,gps_back
125.891053755001,59.683788138860,0.000000000000,,gps_back
125.886275957062,59.733557314017,0.000000000000,,gps_back
125.881236432025,59.783304284171,0.000000000000,,gps_back
125.873879117454,59.832760368567,0.000000000000,,gps_back
125.865808230711,59.882106181815,0.000000000000,,gps_back
125.858887362730,59.931626168698,0.000000000000,,gps_back
125.854026771234,59.981390030594,0.000000000000,,gps_back
125.848622384351,60.031098616934,0.000000000000,,gps_back
125.840624505037,60.080454956308,0.000000000000,,gps_back
125.832571759169,60.129803834808,0.000000000000,,gps_back
125.824494377937,60.179148686864,0.000000000000,,gps_back
125.816408840641,60.228492203262,0.000000000000,,gps_back
125.810754828044,60.278171820041,0.000000000000,,gps_back
125.809684378989,60.328158131369,0.000000000000,,gps_back
125.808754319818,60.378151065431,0.000000000000,,gps_back
125.799579537702,60.427290885401,0.000000000000,,gps_back
125.788433597012,60.476033896990,0.000000000000,,gps_back
125.781855492835,60.525598254478,0.000000000000,,gps_back
125.775332560404,60.575172540935,0.000000000000,,gps_back
125.768318760695,60.624679734604,0.000000000000,,gps_back
125.757633323234,60.673524607364,0.000000000000,,gps_back
125.748733669058,60.722727404916,0.000000000000,,gps_back
125.743345292736,60.772436567479,0.000000000000,,gps_back
125.737855801943,60.822135901811,0.000000000000,,gps_back
125.732148200296,60.871810657419,0.000000000000,,gps_back
125.724443493207,60.921214673423,0.000000000000,,gps_back
125.715569568084,60.970422392141,0.000000000000,,gps_back
125.708446390802,61.019913705300,0.000000000000,,gps_back
125.703611558207,61.069680565171,0.000000000000,,gps_back
125.697760144409,61.119338502615,0.000000000000,,gps_back
125.688937149433,61.168554835198,0.000000000000,,gps_back
125.680132463483,61.217775115759,0.000000000000,,gps_back
125.672041633076,61.267117726337,0.000000000000,,gps_back
125.663955935118,61.316461216421,0.000000000000,,gps_back
125.658097632031,61.366118070346,0.000000000000,,gps_back
125.653506347527,61.415908315426,0.000000000000,,gps_back
125.646998390946,61.465484330804,0.000000000000,,gps_back
125.634472913174,61.513890192043,0.000000000000,,gps_back
125.621967053012,61.562302607594,0.000000000000,,gps_back
125.613865270281,61.611642709568,0.000000000000,,gps_back
125.605779572323,61.660986199652,0.000000000000,,gps_back
125.597713506028,61.710332902666,0.000000000000,,gps_back
125.589660714743,61.759681773748,0.000000000000,,gps_back
125.580973746434,61.808922952783,0.000000000000,,gps_back
125.569336477957,61.857551197299,0.000000000000,,gps_back
125.557690643956,61.906177662065,0.000000000000,,gps_back
125.551150558469,61.955748936950,0.000000000000,,gps_back
125.546546896868,62.005538115690,0.000000000000,,gps_back
125.539604694431,62.055055048661,0.000000000000,,gps_back
125.528152364664,62.103727450164,0.000000000000,,gps_back
125.516696313189,62.152398890309,0.000000000000,,gps_back
125.503143071466,62.200528590427,0.000000000000,,gps_back
125.489338412980,62.248586730522,0.000000000000,,gps_back
125.474016611858,62.296182957275,0.000000000000,,gps_back
125.458458611395,62.343702502167,0.000000000000,,gps_back
125.442910793351,62.391224873333,0.000000000000,,gps_back
125.431751824271,62.439965362983,0.000000000000,,gps_back
125.421045520299,62.488807281258,0.000000000000,,gps_back
125.410788994199,62.537745570586,0.000000000000,,gps_back
125.401904173411,62.586951448579,0.000000000000,,gps_back
125.392880731979,62.636131889111,0.000000000000,,gps_back
125.381428402211,62.684804290614,0.000000000000,,gps_back
125.369983109801,62.733478192744,0.000000000000,,gps_back
125.360589998072,62.782589499005,0.000000000000,,gps_back
125.352537227099,62.831938373406,0.000000000000,,gps_back
125.344478304628,62.881286243580,0.000000000000,,gps_back
125.336392606670,62.930629733664,0.000000000000,,gps_back
125.328294920996,62.979970912400,0.000000000000,,gps_back
125.317451252531,63.028782489417,0.000000000000,,gps_back
125.305811120565,63.077410248886,0.000000000000,,gps_back
125.295328923281,63.126300416860,0.000000000000,,gps_back
125.287243225329,63.175643906945,0.000000000000,,gps_back
125.279157700279,63.224987425309,0.000000000000,,gps_back
125.271102101714,63.274335838221,0.000000000000,,gps_back
125.263041541754,63.323683333261,0.000000000000,,gps_back
125.253653116567,63.372795487897,0.000000000000,,gps_back
125.242906090057,63.421628468007,0.000000000000,,gps_back
125.232173693662,63.470464316448,0.000000000000,,gps_back
125.223688754333,63.519740710642,0.000000000000,,gps_back
125.215625736772,63.569087751244,0.000000000000,,gps_back
125.206051124719,63.618163724843,0.000000000000,,gps_back
125.194405290721,63.666790189609,0.000000000000,,gps_back
125.182840529920,63.715427129442,0.000000000000,,gps_back
125.181746218175,63.765416735629,0.000000000000,,gps_back
125.180770837002,63.815404357853,0.000000000000,,gps_back
125.172718091140,63.864753236354,0.000000000000,,gps_back
125.164646223027,63.914098562487,0.000000000000,,gps_back
125.154424347589,63.963043952187,0.000000000000,,gps_back
125.142778513588,64.011670416952,0.000000000000,,gps_back
125.131132679588,64.060296881718,0.000000000000,,gps_back
125.119486845590,64.108923346484,0.000000000000,,gps_back
125.107865672420,64.157555055203,0.000000000000,,gps_back
125.098729513306,64.206714764970,0.000000000000,,gps_back
125.090645870913,64.256058587730,0.000000000000,,gps_back
125.082759846263,64.305434358286,0.000000000000,,gps_back
125.075342588460,64.354882743617,0.000000000000,,gps_back
125.067945561289,64.404333773508,0.000000000000,,gps_back
125.062413712149,64.454028308903,0.000000000000,,gps_back
125.057830375908,64.503819387961,0.000000000000,,gps_back
125.053241933080,64.553609996667,0.000000000000,,gps_back
125.048639558695,64.603399319571,0.000000000000,,gps_back
125.044002544043,64.653184377488,0.000000000000,,gps_back
125.036384983792,64.702602278827,0.000000000000,,gps_back
125.028328959401,64.751950612950,0.000000000000,,gps_back
125.019997135137,64.801253126602,0.000000000000,,gps_back
125.011346204010,64.850500528389,0.000000000000,,gps_back
125.003764432167,64.899922759691,0.000000000000,,gps_back
124.999181152444,64.949713843955,0.000000000000,,gps_back
124.994639388839,64.999507407241,0.000000000000,,gps_back
124.993272129585,65.049490257458,0.000000000000,,gps_back
124.992384833630,65.099482084418,0.000000000000,,gps_back
124.987709721701,65.149261541343,0.000000000000,,gps_back
124.978844840008,65.198470783210,0.000000000000,,gps_back
124.971176402450,65.247879082518,0.000000000000,,gps_back
124.966593122727,65.297670166782,0.000000000000,,gps_back
124.961955563487,65.347454565451,0.000000000000,,gps_back
124.954311487490,65.396868358409,0.000000000000,,gps_back
124.946226064913,65.446211893575,0.000000000000,,gps_back
124.938155821628,65.495557913603,0.000000000000,,gps_back
124.930102504004,65.544906698618,0.000000000000,,gps_back
124.922003843806,65.594247942012,0.000000000000,,gps_back
124.913119435615,65.643453895069,0.000000000000,,gps_back
124.904248027561,65.692662100067,0.000000000000,,gps_back
124.896066519406,65.741989791336,0.000000000000,,gps_back
124.888040874010,65.791342685842,0.000000000000,,gps_back
124.881474661533,65.840910479733,0.000000000000,,gps_back
124.876870235438,65.890699610791,0.000000000000,,gps_back
124.872096842110,65.940470634230,0.000000000000,,gps_back
124.864044096248,65.989819512731,0.000000000000,,gps_back
124.855990954531,66.039168326553,0.000000000000,,gps_back
124.847917892701,66.088513885569,0.000000000000,,gps_back
124.839829220867,66.137856883705,0.000000000000,,gps_back
124.831581719163,66.187173511291,0.000000000000,,gps_back
124.822736969007,66.236386608327,0.000000000000,,gps_back
124.813980968191,66.285611603637,0.000000000000,,gps_back
124.809551476081,66.335416604388,0.000000000000,,gps_back
124.805102123125,66.385218373681,0.000000000000,,gps_back
124.797980768597,66.434709569589,0.000000000000,,gps_back
124.789129894105,66.483921547521,0.000000000000,,gps_back
124.779989433464,66.533080538808,0.000000000000,,gps_back
124.770465321491,66.582165927389,0.000000000000,,gps_back
124.762812492245,66.631576781019,0.000000000000,,gps_back
124.757745362066,66.681320707655,0.000000000000,,gps_back
124.751576300445,66.730937405603,0.000000000000,,gps_back
124.742061681873,66.780024334591,0.000000000000,,gps_back
124.734766253149,66.829479401778,0.000000000000,,gps_back
124.733838514468,66.879471021799,0.000000000000,,gps_back
124.730621315309,66.929367723793,0.000000000000,,gps_back
124.725361264838,66.979090281038,0.000000000000,,gps_back
124.722505622865,67.029009081380,0.000000000000,,gps_back
124.721408814612,67.078980649228,0.000000000000,,gps_back
124.712510087885,67.128183071799,0.000000000000,,gps_back
124.702091780021,67.177082060840,0.000000000000,,gps_back
124.695535734776,67.226651952113,0.000000000000,,gps_back
124.689270413774,67.276259428764,0.000000000000,,gps_back
124.683266272240,67.325899167957,0.000000000000,,gps_back
124.676878098010,67.375490994282,0.000000000000,,gps_back
124.670642859366,67.425102020234,0.000000000000,,gps_back
124.665283352254,67.474815531867,0.000000000000,,gps_back
124.659738830835,67.524508679330,0.000000000000,,gps_back
124.653718836765,67.574146541320,0.000000000000,,gps_back
124.647861623515,67.623803875430,0.000000000000,,gps_back
124.642054861613,67.673464290758,0.000000000000,,gps_back
124.633360272645,67.722703864079,0.000000000000,,gps_back
124.623906068744,67.771799894052,0.000000000000,,gps_back
124.617648362598,67.821408061593,0.000000000000,,gps_back
124.612169544943,67.871104056954,0.000000000000,,gps_back
124.603143211809,67.920283940956,0.000000000000,,gps_back
124.593466253348,67.969335380104,0.000000000000,,gps_back
124.587373095179,68.018964116212,0.000000000000,,gps_back
124.582019265456,68.068678249338,0.000000000000,,gps_back
124.576665435733,68.118392382464,0.000000000000,,gps_back
124.571205166670,68.168091818654,0.000000000000,,gps_back
124.562875584077,68.217394690912,0.000000000000,,gps_back
124.554333967521,68.266659394800,0.000000000000,,gps_back
124.548040903252,68.316263041235,0.000000000000,,gps_back
124.542687073536,68.365977174361,0.000000000000,,gps_back
124.537333243815,68.415691307488,0.000000000000,,gps_back
124.531734676893,68.465362281759,0.000000000000,,gps_back
124.519688108595,68.513889621858,0.000000000000,,gps_back
124.506137338658,68.562003435910,0.000000000000,,gps_back
124.498751046159,68.611454571325,0.000000000000,,gps_back
124.493255441745,68.661148591794,0.000000000000,,gps_back
124.484533021095,68.710383181177,0.000000000000,,gps_back
124.474960604504,68.759459914342,0.000000000000,,gps_back
124.465200080349,68.808499598225,0.000000000000,,gps_back
124.455402530132,68.857531882037,0.000000000000,,gps_back
124.445795532400,68.906601873197,0.000000000000,,gps_back
124.436229824874,68.955679930390,0.000000000000,,gps_back
124.426626175474,69.004750577833,0.000000000000,,gps_back
124.417043220359,69.053825083190,0.000000000000,,gps_back
124.408088867920,69.103018350300,0.000000000000,,gps_back
124.399223718884,69.152227681579,0.000000000000,,gps_back
124.389903037485,69.201352833984,0.000000000000,,gps_back
124.380332011272,69.250429843551,0.000000000000,,gps_back
124.370604772299,69.299476138503,0.000000000000,,gps_back
124.360805828158,69.348508149093,0.000000000000,,gps_back
124.351165532891,69.397571607514,0.000000000000,,gps_back
124.341601538605,69.446649999282,0.000000000000,,gps_back
124.332037544314,69.495728391048,0.000000000000,,gps_back
124.322466042807,69.544805306464,0.000000000000,,gps_back
124.312730027863,69.593849860697,0.000000000000,,gps_back
124.302930061286,69.642881670152,0.000000000000,,gps_back
124.293264306269,69.691940120616,0.000000000000,,gps_back
124.283792890617,69.741032086793,0.000000000000,,gps_back
124.277362373148,69.790617850586,0.000000000000,,gps_back
124.271888289534,69.840314235737,0.000000000000,,gps_back
124.263288861261,69.889570317185,0.000000000000,,gps_back
124.253749273240,69.938653329753,0.000000000000,,gps_back
124.244717746410,69.987832481398,0.000000000000,,gps_back
124.235928303804,70.037053565463,0.000000000000,,gps_back
124.229151548648,70.086592762519,0.000000000000,,gps_back
124.223674350471,70.136290320896,0.000000000000,,gps_back
124.215639222695,70.185640830871,0.000000000000,,gps_back
124.206067846646,70.234717772223,0.000000000000,,gps_back
124.196346935811,70.283765320922,0.000000000000,,gps_back
124.186548352025,70.332797403523,0.000000000000,,gps_back
124.176901716084,70.381859614827,0.000000000000,,gps_back
124.167617372205,70.430975832256,0.000000000000,,gps_back
124.163959100411,70.480838773122,0.000000000000,,gps_back
124.162862149940,70.530808274765,0.000000000000,,gps_back
124.155606785286,70.580276503975,0.000000000000,,gps_back
124.145763733847,70.629299666720,0.000000000000,,gps_back
124.136121614880,70.678362765788,0.000000000000,,gps_back
124.126557620587,70.727441157554,0.000000000000,,gps_back
124.116993626292,70.776519549320,0.000000000000,,gps_back
124.107605333759,70.825626450368,0.000000000000,,gps_back
124.101222641139,70.875218332303,0.000000000000,,gps_back
124.095669790820,70.924903920704,0.000000000000,,gps_back
124.086778386333,70.974108068343,0.000000000000,,gps_back
124.077176519577,71.023171977045,0.000000000000,,gps_back
124.070946400613,71.072783422915,0.000000000000,,gps_back
124.065593889917,71.122497697789,0.000000000000,,gps_back
124.060262756795,71.172214269912,0.000000000000,,gps_back
124.054934563832,71.221931156929,0.000000000000,,gps_back
124.049584311896,71.271645675217,0.000000000000,,gps_back
124.044006915194,71.321327042739,0.000000000000,,gps_back
124.034844554586,71.370481890909,0.000000000000,,gps_back
124.025508958220,71.419595655428,0.000000000000,,gps_back
124.019801652618,71.469270368543,0.000000000000,,gps_back
124.014207796798,71.518948782178,0.000000000000,,gps_back
124.004841142075,71.568065192014,0.000000000000,,gps_back
123.995277147783,71.617143583780,0.000000000000,,gps_back
123.985713153490,71.666221975546,0.000000000000,,gps_back
123.976134868615,71.715297546727,0.000000000000,,gps_back
123.966334156840,71.764329215798,0.000000000000,,gps_back
123.956542528757,71.813362665231,0.000000000000,,gps_back
123.946975683065,71.862440501249,0.000000000000,,gps_back
123.937393820066,71.911515356560,0.000000000000,,gps_back
123.927540746576,71.960536529793,0.000000000000,,gps_back
123.917786139623,72.009576518465,0.000000000000,,gps_back
123.909161344229,72.058828639532,0.000000000000,,gps_back
123.900699879243,72.108104828360,0.000000000000,,gps_back
123.894787872639,72.157755468332,0.000000000000,,gps_back
123.889434042917,72.207469601458,0.000000000000,,gps_back
123.884080213200,72.257183734585,0.000000000000,,gps_back
123.878493668454,72.306863779332,0.000000000000,,gps_back
123.869337183906,72.356019714208,0.000000000000,,gps_back
123.859759513687,72.405095409052,0.000000000000,,gps_back
123.849973978216,72.454130108924,0.000000000000,,gps_back
123.840453720695,72.503204174086,0.000000000000,,gps_back
123.835264292655,72.552935642567,0.000000000000,,gps_back
123.830226828060,72.602675361641,0.000000000000,,gps_back
123.821809873997,72.651962488728,0.000000000000,,gps_back
123.812234237525,72.701038589278,0.000000000000,,gps_back
123.802483938802,72.750080305999,0.000000000000,,gps_back
123.792689661710,72.799113239099,0.000000000000,,gps_back
123.783072378745,72.848181214316,0.000000000000,,gps_back
123.773933693937,72.897313270593,0.000000000000,,gps_back
123.771133658725,72.947234137177,0.000000000000,,gps_back
123.770122581828,72.997225469997,0.000000000000,,gps_back
123.769315501944,73.047220539972,0.000000000000,,gps_back
123.768024432624,73.097166525360,0.000000000000,,gps_back
123.759319286880,73.146403565607,0.000000000000,,gps_back
123.749798038064,73.195478831422,0.000000000000,,gps_back
123.744162907839,73.245161648560,0.000000000000,,gps_back
123.739045184762,73.294900606365,0.000000000000,,gps_back
123.733710498773,73.344616797116,0.000000000000,,gps_back
123.728645824736,73.394349956834,0.000000000000,,gps_back
123.727452300555,73.444337272879,0.000000000000,,gps_back
123.725835879342,73.494264931085,0.000000000000,,gps_back
123.716301616240,73.543349107175,0.000000000000,,gps_back
123.707071432173,73.592479558444,0.000000000000,,gps_back
123.701719432612,73.642193888179,0.000000000000,,gps_back
123.696427630180,73.691914488123,0.000000000000,,gps_back
123.691611267740,73.741683566656,0.000000000000,,gps_back
123.686624166143,73.791431908290,0.000000000000,,gps_back
123.679361064538,73.840903080468,0.000000000000,,gps_back
123.671757964281,73.890323232144,0.000000000000,,gps_back
123.664154864024,73.939743383819,0.000000000000,,gps_back
123.656698989168,73.989183042258,0.000000000000,,gps_back
123.651182225164,74.038879337719,0.000000000000,,gps_back
123.645540254592,74.088550451962,0.000000000000,,gps_back
123.636128149513,74.137658180098,0.000000000000,,gps_back
123.626564155220,74.186736571864,0.000000000000,,gps_back
123.617000160927,74.235814963631,0.000000000000,,gps_back
123.607419044446,74.284889975440,0.000000000000,,gps_back
123.597615773418,74.333921132898,0.000000000000,,gps_back
123.587827007999,74.382955147116,0.000000000000,,gps_back
123.578262666134,74.432033471149,0.000000000000,,gps_back
123.568694734193,74.481111093861,0.000000000000,,gps_back
123.559093945196,74.530182285486,0.000000000000,,gps_back
123.549929471611,74.579324931597,0.000000000000,,gps_back
123.544581953441,74.629039688048,0.000000000000,,gps_back
123.538664464581,74.678677677056,0.000000000000,,gps_back
123.528859406025,74.727708476937,0.000000000000,,gps_back
123.519080960832,74.776744568375,0.000000000000,,gps_back
123.509469823286,74.825813749729,0.000000000000,,gps_back
123.499866119786,74.874884385303,0.000000000000,,gps_back
123.490300160781,74.923962393643,0.000000000000,,gps_back
123.480693515688,74.973032421564,0.000000000000,,gps_back
123.470889564776,75.022063442456,0.000000000000,,gps_back
123.461128643079,75.071103015806,0.000000000000,,gps_back
123.451564648787,75.120181407572,0.000000000000,,gps_back
123.442000654493,75.169259799338,0.000000000000,,gps_back
123.432485723154,75.218347405895,0.000000000000,,gps_back
123.423875509878,75.267591561679,0.000000000000,,gps_back
123.418832077708,75.317338142638,0.000000000000,,gps_back
123.413766391505,75.367082399500,0.000000000000,,gps_back
123.408419773880,75.416797307809,0.000000000000,,gps_back
123.402728014579,75.466461504129,0.000000000000,,gps_back
123.393164020287,75.515539895895,0.000000000000,,gps_back
123.383600025994,75.564618287661,0.000000000000,,gps_back
123.374035437244,75.613696563534,0.000000000000,,gps_back
123.364446009564,75.662769952182,0.000000000000,,gps_back
123.354643656453,75.711801291301,0.000000000000,,gps_back
123.344969561437,75.760857229760,0.000000000000,,gps_back
123.336306032474,75.810102552290,0.000000000000,,gps_back
123.327854828455,75.859378979101,0.000000000000,,gps_back
123.322066688251,75.909044243033,0.000000000000,,gps_back
123.316758621929,75.958763239253,0.000000000000,,gps_back
123.311683661371,76.008506612869,0.000000000000,,gps_back
123.306623882037,76.058251500503,0.000000000000,,gps_back
123.301356552813,76.107974866744,0.000000000000,,gps_back
123.295818182036,76.157664511845,0.000000000000,,gps_back
123.287955318717,76.207043451482,0.000000000000,,gps_back
123.279429619594,76.256310425007,0.000000000000,,gps_back
123.272694150764,76.305854592834,0.000000000000,,gps_back
123.267167548574,76.355544903088,0.000000000000,,gps_back
123.259089747903,76.404886895021,0.000000000000,,gps_back
123.249467639133,76.453947219557,0.000000000000,,gps_back
123.242758691744,76.503493518630,0.000000000000,,gps_back
123.237785906565,76.553244320272,0.000000000000,,gps_back
123.230775129900,76.602746043913,0.000000000000,,gps_back
123.221235864250,76.651829174493,0.000000000000,,gps_back
123.212011860718,76.700972467271,0.000000000000,,gps_back
123.203229415572,76.750196259474,0.000000000000,,gps_back
123.195376894228,76.799571696460,0.000000000000,,gps_back
123.190023064505,76.849285829586,0.000000000000,,gps_back
123.184669234784,76.898999962712,0.000000000000,,gps_back
123.179230001954,76.948703986005,0.000000000000,,gps_back
123.172627823718,76.998263134715,0.000000000000,,gps_back
123.163811917227,77.047481309583,0.000000000000,,gps_back
123.155597987657,77.096794620314,0.000000000000,,gps_back
123.150444079949,77.146529567782,0.000000000000,,gps_back
123.144370428936,77.196147855323,0.000000000000,,gps_back
123.134567238503,77.245179027901,0.000000000000,,gps_back
123.124813531724,77.294220034537,0.000000000000,,gps_back
123.115311847283,77.343310077684,0.000000000000,,gps_back
123.106831496472,77.392574536393,0.000000000000,,gps_back
123.102015134038,77.442343614927,0.000000000000,,gps_back
123.097154500247,77.492108172821,0.000000000000,,gps_back
123.091806301537,77.541822908062,0.000000000000,,gps_back
123.086103384699,77.591488859499,0.000000000000,,gps_back
123.077258634543,77.640701956535,0.000000000000,,gps_back
123.068507574456,77.689930806847,0.000000000000,,gps_back
123.060793115265,77.739333644893,0.000000000000,,gps_back
123.053313874642,77.788772693073,0.000000000000,,gps_back
123.045834634019,77.838211741252,0.000000000000,,gps_back
123.038251906061,77.887633822945,0.000000000000,,gps_back
123.029537340973,77.936870111556,0.000000000000,,gps_back
123.020614042862,77.986068855904,0.000000000000,,gps_back
123.011253419251,78.035186401234,0.000000000000,,gps_back
123.001935015825,78.084305244466,0.000000000000,,gps_back
122.995367605060,78.133872238761,0.000000000000,,gps_back
122.989795605038,78.183557219179,0.000000000000,,gps_back
122.981825656999,78.232918780307,0.000000000000,,gps_back
122.973137924318,78.282157135443,0.000000000000,,gps_back
122.966249878635,78.331679698445,0.000000000000,,gps_back
122.960689710466,78.381366633308,0.000000000000,,gps_back
122.952814522189,78.430741267735,0.000000000000,,gps_back
122.943463070151,78.479855731736,0.000000000000,,gps_back
122.936461028461,78.529361878595,0.000000000000,,gps_back
122.930863103144,78.579042912854,0.000000000000,,gps_back
122.922628171964,78.628359140186,0.000000000000,,gps_back
122.913102589091,78.677436738281,0.000000000000,,gps_back
122.906563946711,78.727005883998,0.000000000000,,gps_back
122.901554045490,78.776752087172,0.000000000000,,gps_back
122.894388241118,78.826231394249,0.000000000000,,gps_back
122.884813975185,78.875307772400,0.000000000000,,gps_back
122.875127572777,78.924362136111,0.000000000000,,gps_back
122.865514549765,78.973427145526,0.000000000000,,gps_back
122.858000139837,79.022855844396,0.000000000000,,gps_back
122.852444731401,79.072543876963,0.000000000000,,gps_back
122.844761467492,79.121947732608,0.000000000000,,gps_back
122.835197473200,79.171026124374,0.000000000000,,gps_back
122.825633478907,79.220104516140,0.000000000000,,gps_back
122.816282992420,79.269219524044,0.000000000000,,gps_back
122.809139496479,79.318704675546,0.000000000000,,gps_back
122.803603775275,79.368395729019,0.000000000000,,gps_back
122.796234056798,79.417849402116,0.000000000000,,gps_back
122.787589605328,79.467098077062,0.000000000000,,gps_back
122.778945153859,79.516346752009,0.000000000000,,gps_back
122.770300702389,79.565595426955,0.000000000000,,gps_back
122.761656250919,79.614844101901,0.000000000000,,gps_back
122.753011799450,79.664092776847,0.000000000000,,gps_back
122.744367347980,79.713341451794,0.000000000000,,gps_back
122.735722896510,79.762590126740,0.000000000000,,gps_back
122.727078445041,79.811838801686,0.000000000000,,gps_back
122.718577816624,79.861110525392,0.000000000000,,gps_back
122.711579715020,79.910616931964,0.000000000000,,gps_back
122.706023352757,79.960305008016,0.000000000000,,gps_back
122.698403625977,80.009718235108,0.000000000000,,gps_back
122.688873438293,80.058803093916,0.000000000000,,gps_back
122.679682179488,80.107952544374,0.000000000000,,gps_back
122.670777119219,80.157154723791,0.000000000000,,gps_back
122.661638820746,80.206313946196,0.000000000000,,gps_back
122.652067139576,80.255390833765,0.000000000000,,gps_back
122.642409815998,80.304450920022,0.000000000000,,gps_back
122.632757726369,80.353509819977,0.000000000000,,gps_back
122.624808608800,80.402866064130,0.000000000000,,gps_back
122.619530716002,80.452585507740,0.000000000000,,gps_back
122.612386857246,80.502065713761,0.000000000000,,gps_back
122.602590159280,80.551098176757,0.000000000000,,gps_back
122.592891269087,80.600150066539,0.000000000000,,gps_back
122.583496373891,80.649258486861,0.000000000000,,gps_back
122.575843801107,80.698664704026,0.000000000000,,gps_back
122.570300958622,80.748354964214,0.000000000000,,gps_back
122.562875542431,80.797796558576,0.000000000000,,gps_back
122.553300269618,80.846872739636,0.000000000000,,gps_back
122.543614552731,80.895927236353,0.000000000000,,gps_back
122.534238303066,80.945025398809,0.000000000000,,gps_back
122.529067832692,80.994734931128,0.000000000000,,gps_back
122.528054042129,81.044721189845,0.000000000000,,gps_back
122.524757525432,81.094608692470,0.000000000000,,gps_back
122.519195059993,81.144296327482,0.000000000000,,gps_back
122.511769051216,81.193740639440,0.000000000000,,gps_back
122.503018214803,81.242969032808,0.000000000000,,gps_back
122.495598776424,81.292411420086,0.000000000000,,gps_back
122.490095003311,81.342106638200,0.000000000000,,gps_back
122.482881709489,81.391577588402,0.000000000000,,gps_back
122.473458455886,81.440680272668,0.000000000000,,gps_back
122.465812146144,81.490086636002,0.000000000000,,gps_back
122.460484030454,81.539803531472,0.000000000000,,gps_back
122.455144090650,81.589519158220,0.000000000000,,gps_back
122.449679022123,81.639220205761,0.000000000000,,gps_back
122.443218522914,81.688801289186,0.000000000000,,gps_back
122.435739282295,81.738240337366,0.000000000000,,gps_back
122.428260041676,81.787679385545,0.000000000000,,gps_back
122.420643586965,81.837095969454,0.000000000000,,gps_back
122.411837087827,81.886314560881,0.000000000000,,gps_back
122.402298865607,81.935392168577,0.000000000000,,gps_back
122.395068548129,81.984863481659,0.000000000000,,gps_back
122.389438316713,82.034541118476,0.000000000000,,gps_back
122.381490618471,82.083903405249,0.000000000000,,gps_back
122.372210468056,82.133029905268,0.000000000000,,gps_back
122.365279725437,82.182545406692,0.000000000000,,gps_back
122.359671388431,82.232226528089,0.000000000000,,gps_back
122.352005680977,82.281635057142,0.000000000000,,gps_back
122.343125776652,82.330841727066,0.000000000000,,gps_back
122.333935050439,82.379991188569,0.000000000000,,gps_back
122.324609719170,82.429111070187,0.000000000000,,gps_back
122.317379455155,82.478578963460,0.000000000000,,gps_back
122.312414652643,82.528331816004,0.000000000000,,gps_back
122.305903229052,82.577891629852,0.000000000000,,gps_back
122.296209487186,82.626942582620,0.000000000000,,gps_back
122.288134910317,82.676272593348,0.000000000000,,gps_back
122.283269137443,82.726036688184,0.000000000000,,gps_back
122.277515204763,82.775685133483,0.000000000000,,gps_back
122.268001506241,82.824773109569,0.000000000000,,gps_back
122.259315572809,82.873998252533,0.000000000000,,gps_back
122.253902697753,82.923705739623,0.000000000000,,gps_back
122.247697623608,82.973310658376,0.000000000000,,gps_back
122.238852873452,83.022523755412,0.000000000000,,gps_back
122.230411545804,83.071795748178,0.000000000000,,gps_back
122.224847582044,83.121486738180,0.000000000000,,gps_back
122.219072384094,83.171140846417,0.000000000000,,gps_back
122.210318270736,83.220370134636,0.000000000000,,gps_back
122.201603671718,83.269605202365,0.000000000000,,gps_back
122.193843466944,83.319000811756,0.000000000000,,gps_back
122.186364226321,83.368439859935,0.000000000000,,gps_back
122.178884985699,83.417878908115,0.000000000000,,gps_back
122.171678715097,83.467353120936,0.000000000000,,gps_back
122.166443902656,83.517079672556,0.000000000000,,gps_back
122.161225844170,83.566796723595,0.000000000000,,gps_back
122.152978060903,83.616109695489,0.000000000000,,gps_back
122.143266182801,83.665158389969,0.000000000000,,gps_back
122.134254812509,83.714341065765,0.000000000000,,gps_back
122.125784844950,83.763617364512,0.000000000000,,gps_back
122.118878293810,83.813135924467,0.000000000000,,gps_back
122.113269066188,83.862816305860,0.000000000000,,gps_back
122.105430203703,83.912193345692,0.000000000000,,gps_back
122.095887127862,83.961268905997,0.000000000000,,gps_back
122.088759850245,84.010753467602,0.000000000000,,gps_back
122.083416809407,84.060463884466,0.000000000000,,gps_back
122.076056622445,84.109917167969,0.000000000000,,gps_back
122.067130762129,84.159115498725,0.000000000000,,gps_back
122.057850424553,84.208247877241,0.000000000000,,gps_back
122.048261796027,84.257318160910,0.000000000000,,gps_back
122.040517394420,84.306705404438,0.000000000000,,gps_back
122.035305925283,84.356433856554,0.000000000000,,gps_back
122.029204866485,84.406059916780,0.000000000000,,gps_back
122.021999092822,84.455539562606,0.000000000000,,gps_back
122.014793319158,84.505019208432,0.000000000000,,gps_back
122.007584854189,84.554498461757,0.000000000000,,gps_back
122.000349822079,84.603973832367,0.000000000000,,gps_back
121.993056123322,84.653440593770,0.000000000000,,gps_back
121.985762424565,84.702907355172,0.000000000000,,gps_back
121.978468725808,84.752374116574,0.000000000000,,gps_back
121.971175027050,84.801840877976,0.000000000000,,gps_back
121.963881328293,84.851307639378,0.000000000000,,gps_back
121.956587629536,84.900774400780,0.000000000000,,gps_back
121.949293930778,84.950241162182,0.000000000000,,gps_back
121.942000232021,84.999707923584,0.000000000000,,gps_back
121.934706533264,85.049174684986,0.000000000000,,gps_back
121.927412834507,85.098641446388,0.000000000000,,gps_back
121.920119135749,85.148108207790,0.000000000000,,gps_back
121.912851786565,85.197578800734,0.000000000000,,gps_back
121.905756337692,85.247074387628,0.000000000000,,gps_back
121.898668226860,85.296571025999,0.000000000000,,gps_back
121.891580116028,85.346067664370,0.000000000000,,gps_back
121.884214594044,85.395518615656,0.000000000000,,gps_back
121.874984950005,85.444660642856,0.000000000000,,gps_back
121.865299805553,85.493715270590,0.000000000000,,gps_back
121.855614661101,85.542769898324,0.000000000000,,gps_back
121.846407307725,85.591901109975,0.000000000000,,gps_back
121.840380583182,85.641537441886,0.000000000000,,gps_back
121.835089213795,85.691258008145,0.000000000000,,gps_back
121.830207671380,85.741020729113,0.000000000000,,gps_back
121.824931212467,85.790729293702,0.000000000000,,gps_back
121.816497718216,85.840011408904,0.000000000000,,gps_back
121.807110895132,85.889112358304,0.000000000000,,gps_back
121.800565089568,85.938681311125,0.000000000000,,gps_back
121.794787866071,85.988336488649,0.000000000000,,gps_back
121.786199745031,86.037593413669,0.000000000000,,gps_back
121.776705606586,86.086685046333,0.000000000000,,gps_back
121.767670477535,86.135863509038,0.000000000000,,gps_back
121.759053493732,86.185112368514,0.000000000000,,gps_back
121.752321707027,86.234655577592,0.000000000000,,gps_back
121.746622837564,86.284323808618,0.000000000000,,gps_back
121.738549784776,86.333665578156,0.000000000000,,gps_back
121.729341619696,86.382803861943,0.000000000000,,gps_back
121.722552979637,86.432338856763,0.000000000000,,gps_back
121.716844442621,86.482004441909,0.000000000000,,gps_back
121.708592508491,86.531317193499,0.000000000000,,gps_back
121.699403936440,86.580456002041,0.000000000000,,gps_back
121.692991189242,86.630041451565,0.000000000000,,gps_back
121.687641577022,86.679750326981,0.000000000000,,gps_back
121.680119634933,86.729175557580,0.000000000000,,gps_back
121.670555640641,86.778253949346,0.000000000000,,gps_back
121.660991646348,86.827332341112,0.000000000000,,gps_back
121.651729597985,86.876462969492,0.000000000000,,gps_back
121.644560081612,86.925942099317,0.000000000000,,gps_back
121.638932920089,86.975621563811,0.000000000000,,gps_back
121.631468575384,87.025059465166,0.000000000000,,gps_back
121.622792421933,87.074300838481,0.000000000000,,gps_back
121.615442077954,87.123752133307,0.000000000000,,gps_back
121.609858366136,87.173437847801,0.000000000000,,gps_back
121.602551531924,87.222893454600,0.000000000000,,gps_back
121.593225349512,87.272014181963,0.000000000000,,gps_back
121.585653663539,87.321430267114,0.000000000000,,gps_back
121.580079711381,87.371117382293,0.000000000000,,gps_back
121.572949307148,87.420602573011,0.000000000000,,gps_back
121.564217319404,87.469835049907,0.000000000000,,gps_back
121.556536416561,87.519233274766,0.000000000000,,gps_back
121.551182586838,87.568947407892,0.000000000000,,gps_back
121.545828757118,87.618661541019,0.000000000000,,gps_back
121.540287855257,87.668353159855,0.000000000000,,gps_back
121.533243175025,87.717844233450,0.000000000000,,gps_back
121.523874096331,87.766957973040,0.000000000000,,gps_back
121.516041295430,87.816330828195,0.000000000000,,gps_back
121.510464721571,87.866017654148,0.000000000000,,gps_back
121.503229007888,87.915482722694,0.000000000000,,gps_back
121.493651675942,87.964558503073,0.000000000000,,gps_back
121.483976968583,88.013615157106,0.000000000000,,gps_back
121.473721141470,88.062541666162,0.000000000000,,gps_back
121.460224056334,88.110651137983,0.000000000000,,gps_back
121.443172265313,88.157635567607,0.000000000000,,gps_back
121.430545938059,88.205904578140,0.000000000000,,gps_back
121.424989670301,88.255593747626,0.000000000000,,gps_back
121.417786834643,88.305061949450,0.000000000000,,gps_back
121.408178086159,88.354131598303,0.000000000000,,gps_back
121.398588266356,88.403204948960,0.000000000000,,gps_back
121.389009817204,88.452280510473,0.000000000000,,gps_back
121.379332663906,88.501336680478,0.000000000000,,gps_back
121.369541456277,88.550370236423,0.000000000000,,gps_back
121.359850759532,88.599423734012,0.000000000000,,gps_back
121.350286765239,88.648502125778,0.000000000000,,gps_back
121.340722770947,88.697580517545,0.000000000000,,gps_back
121.331142771896,88.746655774038,0.000000000000,,gps_back
121.321457914487,88.795710427586,0.000000000000,,gps_back
121.311668258889,88.844744290854,0.000000000000,,gps_back
121.301985262110,88.893799312840,0.000000000000,,gps_back
121.292715937813,88.942929618285,0.000000000000,,gps_back
121.285336513666,88.992375230217,0.000000000000,,gps_back
121.279656833273,89.042047756541,0.000000000000,,gps_back
121.271969215064,89.091447449038,0.000000000000,,gps_back
121.262740203980,89.140584093223,0.000000000000,,gps_back
121.255547535510,89.190058598867,0.000000000000,,gps_back
121.249805694198,89.239721814247,0.000000000000,,gps_back
121.241786144337,89.289069278334,0.000000000000,,gps_back
121.232001660111,89.338104164033,0.000000000000,,gps_back
121.222342423368,89.387163880122,0.000000000000,,gps_back
121.213570183651,89.436358182546,0.000000000000,,gps_back
121.209361602305,89.486159071541,0.000000000000,,gps_back
121.208466576680,89.536152645671,0.000000000000,,gps_back
121.207571551054,89.586146219801,0.000000000000,,gps_back
121.205984441283,89.636099785525,0.000000000000,,gps_back
121.200701919726,89.685813484563,0.000000000000,,gps_back
121.193496146062,89.735293130389,0.000000000000,,gps_back
121.186290372399,89.784772776215,0.000000000000,,gps_back
121.179062185173,89.834249128495,0.000000000000,,gps_back
121.171703418009,89.883706219955,0.000000000000,,gps_back
121.164224177385,89.933145268134,0.000000000000,,gps_back
121.156744936761,89.982584316313,0.000000000000,,gps_back
121.149225608567,90.032017205692,0.000000000000,,gps_back
121.141482294913,90.081415516444,0.000000000000,,gps_back
121.133566822393,90.130786599276,0.000000000000,,gps_back
121.125651349873,90.180157682108,0.000000000000,,gps_back
121.117504525528,90.229488513827,0.000000000000,,gps_back
121.108220129441,90.278620388361,0.000000000000,,gps_back
121.099256630291,90.327794516558,0.000000000000,,gps_back
121.093230545221,90.377430651511,0.000000000000,,gps_back
121.087243536452,90.427053433033,0.000000000000,,gps_back
121.078211237332,90.476231808451,0.000000000000,,gps_back
121.068610172412,90.525302894634,0.000000000000,,gps_back
121.058832180443,90.574339097787,0.000000000000,,gps_back
121.049716729188,90.623479867287,0.000000000000,,gps_back
121.043884955908,90.673139695138,0.000000000000,,gps_back
121.037845728868,90.722753059767,0.000000000000,,gps_back
121.028595534674,90.771891335236,0.000000000000,,gps_back
121.019031540382,90.820969727002,0.000000000000,,gps_back
121.009467546089,90.870048118768,0.000000000000,,gps_back
121.000610492374,90.919235260373,0.000000000000,,gps_back
120.995031209531,90.968924482941,0.000000000000,,gps_back
120.988896887999,91.018519737125,0.000000000000,,gps_back
120.979186143529,91.067569282371,0.000000000000,,gps_back
120.969423011384,91.116608359084,0.000000000000,,gps_back
120.959856028730,91.165686168388,0.000000000000,,gps_back
120.950292034437,91.214764560154,0.000000000000,,gps_back
120.940736657333,91.263844626817,0.000000000000,,gps_back
120.931972031559,91.313045421285,0.000000000000,,gps_back
120.926577726499,91.362755103214,0.000000000000,,gps_back
120.920234920905,91.412325395490,0.000000000000,,gps_back
120.910431491994,91.461356521041,0.000000000000,,gps_back
120.900681377293,91.510398195485,0.000000000000,,gps_back
120.891173872492,91.559487409377,0.000000000000,,gps_back
120.882629070470,91.608730059959,0.000000000000,,gps_back
120.877126102819,91.658426883033,0.000000000000,,gps_back
120.869786555177,91.707823287172,0.000000000000,,gps_back
120.857238049404,91.756224666575,0.000000000000,,gps_back
120.846572056930,91.804909298194,0.000000000000,,gps_back
120.844319605801,91.854860123654,0.000000000000,,gps_back
120.840463372873,91.904600960329,0.000000000000,,gps_back
120.829953011517,91.953483260835,0.000000000000,,gps_back
120.820818872407,92.002634714670,0.000000000000,,gps_back
120.814781446503,92.052207774002,0.000000000000,,gps_back
120.813886420878,92.102201348133,0.000000000000,,gps_back
120.812991395253,92.152194922263,0.000000000000,,gps_back
120.811858884219,92.202181266999,0.000000000000,,gps_back
120.808290712206,92.251968713668,0.000000000000,,gps_back
120.798719418643,92.301045680071,0.000000000000,,gps_back
120.789078220859,92.350108895700,0.000000000000,,gps_back
120.779560656533,92.399192616606,0.000000000000,,gps_back
120.772722440760,92.448633870399,0.000000000000,,gps_back
120.771599989542,92.498617554232,0.000000000000,,gps_back
120.767625388840,92.548382873056,0.000000000000,,gps_back
120.758669827164,92.597560175672,0.000000000000,,gps_back
120.754451127134,92.647183665993,0.000000000000,,gps_back
120.757702315674,92.697009690540,0.000000000000,,gps_back
120.755151681301,92.746932626529,0.000000000000,,gps_back
120.750740667136,92.796732946406,0.000000000000,,gps_back
120.748258107718,92.846667248658,0.000000000000,,gps_back
120.746222179624,92.896588444125,0.000000000000,,gps_back
120.739571091587,92.946122030027,0.000000000000,,gps_back
120.729316997012,92.995041911222,0.000000000000,,gps_back
120.716005349694,93.043228627341,0.000000000000,,gps_back
120.698957590789,93.090067729778,0.000000000000,,gps_back
120.675921634613,93.134400297154,0.000000000000,,gps_back
120.657135363462,93.180710530199,0.000000000000,,gps_back
120.642764451662,93.228502922761,0.000000000000,,gps_back
120.633919701506,93.277716019796,0.000000000000,,gps_back
120.624922710115,93.326900679307,0.000000000000,,gps_back
120.615395011333,93.375986126037,0.000000000000,,gps_back
120.606590898775,93.425185972432,0.000000000000,,gps_back
120.600662851474,93.474832135157,0.000000000000,,gps_back
120.596637803060,93.524641266884,0.000000000000,,gps_back
120.595801073627,93.574635850681,0.000000000000,,gps_back
120.593339828330,93.624486515598,0.000000000000,,gps_back
120.585006195122,93.673783998721,0.000000000000,,gps_back
120.575579343328,93.722888254268,0.000000000000,,gps_back
120.566639264121,93.772084094525,0.000000000000,,gps_back
120.557523728454,93.821245173852,0.000000000000,,gps_back
120.547340909337,93.870197965419,0.000000000000,,gps_back
120.536613636044,93.919035288573,0.000000000000,,gps_back
120.525921213640,93.967880210419,0.000000000000,,gps_back
120.515744901565,94.016829650299,0.000000000000,,gps_back
120.506900151400,94.066042747334,0.000000000000,,gps_back
120.498073689712,94.115259116066,0.000000000000,,gps_back
120.489310656224,94.164486829257,0.000000000000,,gps_back
120.480556262917,94.213716079942,0.000000000000,,gps_back
120.471801869610,94.262945330627,0.000000000000,,gps_back
120.463033105479,94.312172016410,0.000000000000,,gps_back
120.454200893937,94.361387356672,0.000000000000,,gps_back
120.445548287468,94.410632736911,0.000000000000,,gps_back
120.438258420566,94.460088074771,0.000000000000,,gps_back
120.432624115123,94.509768010660,0.000000000000,,gps_back
120.425294258469,94.559213673657,0.000000000000,,gps_back
120.416087565280,94.608355937146,0.000000000000,,gps_back
120.408809108213,94.657805881818,0.000000000000,,gps_back
120.403821615316,94.707557130103,0.000000000000,,gps_back
120.397262404681,94.757092140814,0.000000000000,,gps_back
120.387446895459,94.806120796790,0.000000000000,,gps_back
120.377957242144,94.855212268063,0.000000000000,,gps_back
120.369112491982,94.904425365098,0.000000000000,,gps_back
120.361113740488,94.953758983170,0.000000000000,,gps_back
120.355898507675,95.003487806844,0.000000000000,,gps_back
120.349914468852,95.053104109197,0.000000000000,,gps_back
120.341069718696,95.102317206233,0.000000000000,,gps_back
120.332659990441,95.151600120618,0.000000000000,,gps_back
120.325075779481,95.201011656962,0.000000000000,,gps_back
120.313637303248,95.249552920116,0.000000000000,,gps_back
120.296923321800,95.296648559794,0.000000000000,,gps_back
120.287327509500,95.345159197148,0.000000000000,,gps_back
120.290276986490,95.395073666596,0.000000000000,,gps_back
120.290477056500,95.444871999389,0.000000000000,,gps_back
120.282997815881,95.494311047569,0.000000000000,,gps_back
120.275518575262,95.543750095749,0.000000000000,,gps_back
120.267864306976,95.593161421648,0.000000000000,,gps_back
120.257428231434,95.641898342244,0.000000000000,,gps_back
120.241839072760,95.689340382421,0.000000000000,,gps_back
120.232190197231,95.738306048100,0.000000000000,,gps_back
120.227476029511,95.788084559056,0.000000000000,,gps_back
120.220825525631,95.837566052808,0.000000000000,,gps_back
120.209677491987,95.886309050982,0.000000000000,,gps_back
120.198529458344,95.935052049157,0.000000000000,,gps_back
120.187381424701,95.983795047332,0.000000000000,,gps_back
120.176535689173,96.032603492749,0.000000000000,,gps_back
120.166579261546,96.081603692274,0.000000000000,,gps_back
120.156828474542,96.130645224682,0.000000000000,,gps_back
120.147239427868,96.179718725401,0.000000000000,,gps_back
120.138777022502,96.228964269370,0.000000000000,,gps_back
120.133514125105,96.278687373938,0.000000000000,,gps_back
120.127773920049,96.328334351887,0.000000000000,,gps_back
120.119085889356,96.377570553240,0.000000000000,,gps_back
120.110962960631,96.426828037285,0.000000000000,,gps_back
120.108159708877,96.476736885024,0.000000000000,,gps_back
120.103891792294,96.526236086799,0.000000000000,,gps_back
120.090361738885,96.574371833164,0.000000000000,,gps_back
120.079868814480,96.622941178762,0.000000000000,,gps_back
120.078567478521,96.672924736527,0.000000000000,,gps_back
120.076245123094,96.722807980830,0.000000000000,,gps_back
120.068396354239,96.772134059818,0.000000000000,,gps_back
120.055110245477,96.820254964067,0.000000000000,,gps_back
120.038417017109,96.867362395821,0.000000000000,,gps_back
120.025634774134,96.915634718276,0.000000000000,,gps_back
120.016961370284,96.964877535124,0.000000000000,,gps_back
120.009543725417,97.014308263999,0.000000000000,,gps_back
120.003863107588,97.063983399458,0.000000000000,,gps_back
119.996151772528,97.113348509282,0.000000000000,,gps_back
119.986167743455,97.162328683782,0.000000000000,,gps_back
119.978988182881,97.211788776882,0.000000000000,,gps_back
119.973795172235,97.261516419865,0.000000000000,,gps_back
119.966606113517,97.310969432402,0.000000000000,,gps_back
119.956819046924,97.360003817590,0.000000000000,,gps_back
119.947129807146,97.409057568578,0.000000000000,,gps_back
119.937911769408,97.458199041838,0.000000000000,,gps_back
119.930418221767,97.507616512140,0.000000000000,,gps_back
119.924731066042,97.557290860043,0.000000000000,,gps_back
119.917536401890,97.606759927973,0.000000000000,,gps_back
119.908784208083,97.655989126297,0.000000000000,,gps_back
119.901260621135,97.705400869409,0.000000000000,,gps_back
119.895549307406,97.755071552944,0.000000000000,,gps_back
119.886847312206,97.804202207848,0.000000000000,,gps_back
119.873365784133,97.852351388753,0.000000000000,,gps_back
119.861233191910,97.900834040466,0.000000000000,,gps_back
119.852106144532,97.949984016943,0.000000000000,,gps_back
119.848581936199,97.999491533086,0.000000000000,,gps_back
119.854284462832,98.049166876217,0.000000000000,,gps_back
119.859986989465,98.098842219348,0.000000000000,,gps_back
119.864749345959,98.148595789541,0.000000000000,,gps_back
119.863576449859,98.198265586246,0.000000000000,,gps_back
119.854295710302,98.247396444017,0.000000000000,,gps_back
119.846668880700,98.296788964930,0.000000000000,,gps_back
119.841674619175,98.346537590034,0.000000000000,,gps_back
119.838524425683,98.396415565749,0.000000000000,,gps_back
119.837687696244,98.446410149546,0.000000000000,,gps_back
119.833338500071,98.495942559346,0.000000000000,,gps_back
119.820685345145,98.544309958848,0.000000000000,,gps_back
119.808518563337,98.592745646758,0.000000000000,,gps_back
119.799897896254,98.641998490177,0.000000000000,,gps_back
119.790972257275,98.691194995554,0.000000000000,,gps_back
119.782211753858,98.740408614877,0.000000000000,,gps_back
119.775887312492,98.789997770883,0.000000000000,,gps_back
119.771010118318,98.839760844455,0.000000000000,,gps_back
119.765892354096,98.889499569098,0.000000000000,,gps_back
119.761080676511,98.939262722420,0.000000000000,,gps_back
119.758268305155,98.989170123829,0.000000000000,,gps_back
119.756027180119,99.039089799619,0.000000000000,,gps_back
119.749666059157,99.088634696426,0.000000000000,,gps_back
119.740102064865,99.137713088192,0.000000000000,,gps_back
119.730538070572,99.186791479958,0.000000000000,,gps_back
119.720937259514,99.235862652806,0.000000000000,,gps_back
119.711217904857,99.284910475717,0.000000000000,,gps_back
119.702811901965,99.334157780146,0.000000000000,,gps_back
119.698877612610,99.383955180535,0.000000000000,,gps_back
119.698060285287,99.433950037660,0.000000000000,,gps_back
119.697101623539,99.483942394956,0.000000000000,,gps_back
119.696068736816,99.533933307395,0.000000000000,,gps_back
119.695141436250,99.583926165140,0.000000000000,,gps_back
119.693853823204,99.633905568183,0.000000000000,,gps_back
119.689115545232,99.683564965266,0.000000000000,,gps_back
119.679536053000,99.732640329231,0.000000000000,,gps_back
119.669860642308,99.781696788456,0.000000000000,,gps_back
119.660390158534,99.830790903108,0.000000000000,,gps_back
119.652916637944,99.880194741203,0.000000000000,,gps_back
119.648004304417,99.929954250283,0.000000000000,,gps_back
119.639156265503,99.978865827789,0.000000000000,,gps_back
119.622786302531,100.026111810025,0.000000000000,,gps_back
119.606416339559,100.073357792261,0.000000000000,,gps_back
119.590046376586,100.120603774497,0.000000000000,,gps_back
119.573676413614,100.167849756733,0.000000000000,,gps_back
119.557306450642,100.215095738969,0.000000000000,,gps_back
119.542276798397,100.262743820195,0.000000000000,,gps_back
119.530167721738,100.311255828501,0.000000000000,,gps_back
119.517703661202,100.359664215723,0.000000000000,,gps_back
119.502426684780,100.407242782912,0.000000000000,,gps_back
119.485781389040,100.454370637682,0.000000000000,,gps_back
119.473044406561,100.502637532751,0.000000000000,,gps_back
119.464352047003,100.551877301135,0.000000000000,,gps_back
119.456989426831,100.601312465118,0.000000000000,,gps_back
119.451666252383,100.651029871437,0.000000000000,,gps_back
119.446554609593,100.700769034177,0.000000000000,,gps_back
119.441738247159,100.750538112710,0.000000000000,,gps_back
119.434937157881,100.799995816685,0.000000000000,,gps_back
119.424688108395,100.848932311705,0.000000000000,,gps_back
119.416813566033,100.898259817676,0.000000000000,,gps_back
119.411938175660,100.948023080296,0.000000000000,,gps_back
119.405386104048,100.997544992377,0.000000000000,,gps_back
119.395818013302,101.046622585340,0.000000000000,,gps_back
119.386163379798,101.095683101010,0.000000000000,,gps_back
119.376449036870,101.144731783143,0.000000000000,,gps_back
119.368342809374,101.194031055844,0.000000000000,,gps_back
119.362988979651,101.243745188970,0.000000000000,,gps_back
119.357635149928,101.293459322096,0.000000000000,,gps_back
119.352490099535,101.343194645383,0.000000000000,,gps_back
119.349056772298,101.393045102728,0.000000000000,,gps_back
119.348135240641,101.443038195297,0.000000000000,,gps_back
119.343956767876,101.492657903670,0.000000000000,,gps_back
119.333574911012,101.541569795871,0.000000000000,,gps_back
119.323840559409,101.590607858138,0.000000000000,,gps_back
119.315215764012,101.639859979205,0.000000000000,,gps_back
119.307490926972,101.689245275681,0.000000000000,,gps_back
119.301247781349,101.738854504129,0.000000000000,,gps_back
119.293802281296,101.788287365118,0.000000000000,,gps_back
119.284907200188,101.837491387652,0.000000000000,,gps_back
119.275768263007,101.886649703006,0.000000000000,,gps_back
119.266180651145,101.935723475259,0.000000000000,,gps_back
119.256170644356,101.984709961235,0.000000000000,,gps_back
119.245629475678,102.033587087706,0.000000000000,,gps_back
119.235905265824,102.082629674780,0.000000000000,,gps_back
119.227039983477,102.131839068887,0.000000000000,,gps_back
119.217907958634,102.180998633298,0.000000000000,,gps_back
119.208482316292,102.230103400746,0.000000000000,,gps_back
119.200635986574,102.279451553212,0.000000000000,,gps_back
119.195282156858,102.329165686339,0.000000000000,,gps_back
119.189928327139,102.378879819465,0.000000000000,,gps_back
119.184574497416,102.428593952591,0.000000000000,,gps_back
119.179220667692,102.478308085717,0.000000000000,,gps_back
119.173556947725,102.527986017097,0.000000000000,,gps_back
119.166158296554,102.577411372920,0.000000000000,,gps_back
119.156650374786,102.626500595835,0.000000000000,,gps_back
119.147441481813,102.675646113996,0.000000000000,,gps_back
119.138591689480,102.724858304066,0.000000000000,,gps_back
119.129487836409,102.774022944747,0.000000000000,,gps_back
119.119923842116,102.823101336513,0.000000000000,,gps_back
119.110359847824,102.872179728279,0.000000000000,,gps_back
119.100791140170,102.921257200867,0.000000000000,,gps_back
119.091117313325,102.970313877321,0.000000000000,,gps_back
119.081286341026,103.019339476841,0.000000000000,,gps_back
119.071827160331,103.068436056654,0.000000000000,,gps_back
119.062982410169,103.117649153688,0.000000000000,,gps_back
119.055259853310,103.167026343093,0.000000000000,,gps_back
119.049822482459,103.216730796020,0.000000000000,,gps_back
119.046003130204,103.266555277085,0.000000000000,,gps_back
119.044723670809,103.316540130239,0.000000000000,,gps_back
119.040895356027,103.366245374262,0.000000000000,,gps_back
119.031648267065,103.415383892659,0.000000000000,,gps_back
119.022003427927,103.464446332102,0.000000000000,,gps_back
119.012204335098,103.513478324488,0.000000000000,,gps_back
119.004084368512,103.562761358806,0.000000000000,,gps_back
118.999159379897,103.612519741024,0.000000000000,,gps_back
118.993020988515,103.662109783965,0.000000000000,,gps_back
118.984069874100,103.711301169045,0.000000000000,,gps_back
118.976896414191,103.760672558415,0.000000000000,,gps_back
118.974813784199,103.810624574199,0.000000000000,,gps_back
118.973868867560,103.860617126372,0.000000000000,,gps_back
118.973075193712,103.910612408936,0.000000000000,,gps_back
118.969430648574,103.960327680672,0.000000000000,,gps_back
118.960206188585,104.009469057067,0.000000000000,,gps_back
118.950478309610,104.058515110368,0.000000000000,,gps_back
118.940900262088,104.107590760317,0.000000000000,,gps_back
118.934137853753,104.156987107995,0.000000000000,,gps_back
118.932694553748,104.206966866290,0.000000000000,,gps_back
118.928740670374,104.256654075181,0.000000000000,,gps_back
118.919377954127,104.305771024886,0.000000000000,,gps_back
118.911468498321,104.355092060599,0.000000000000,,gps_back
118.906578650729,104.404853942448,0.000000000000,,gps_back
118.901609426338,104.454607564240,0.000000000000,,gps_back
118.896326085102,104.504329209782,0.000000000000,,gps_back
118.889714710991,104.553862504735,0.000000000000,,gps_back
118.880595268454,104.603024280328,0.000000000000,,gps_back
118.872308445923,104.652304002746,0.000000000000,,gps_back
118.866541590436,104.701970945983,0.000000000000,,gps_back
118.860064345658,104.751528022429,0.000000000000,,gps_back
118.851435720052,104.800779088929,0.000000000000,,gps_back
118.842382509088,104.849953729768,0.000000000000,,gps_back
118.832952801388,104.899057992849,0.000000000000,,gps_back
118.823327502461,104.948124327387,0.000000000000,,gps_back
118.813567191551,104.997164042235,0.000000000000,,gps_back
118.804904788430,105.046385231851,0.000000000000,,gps_back
118.798738319870,105.096001315468,0.000000000000,,gps_back
118.792237487908,105.145554489704,0.000000000000,,gps_back
118.783330044750,105.194753717701,0.000000000000,,gps_back
118.773766050455,105.243832109467,0.000000000000,,gps_back
118.764202056162,105.292910501233,0.000000000000,,gps_back
118.755824913159,105.342179441243,0.000000000000,,gps_back
118.749880450043,105.391824392451,0.000000000000,,gps_back
118.743203107683,105.441346317515,0.000000000000,,gps_back
118.733905149338,105.490474253303,0.000000000000,,gps_back
118.724455112594,105.539572366307,0.000000000000,,gps_back
118.715702891964,105.588801906387,0.000000000000,,gps_back
118.706808586484,105.638004733118,0.000000000000,,gps_back
118.697282013763,105.687089931172,0.000000000000,,gps_back
118.687532103929,105.736131668781,0.000000000000,,gps_back
118.677912470112,105.785199166537,0.000000000000,,gps_back
118.668348475819,105.834277558303,0.000000000000,,gps_back
118.658784481527,105.883355950069,0.000000000000,,gps_back
118.649150122191,105.932420485542,0.000000000000,,gps_back
118.639357246457,105.981453697126,0.000000000000,,gps_back
118.630631253214,106.030664705322,0.000000000000,,gps_back
118.624399468863,106.080271623957,0.000000000000,,gps_back
118.619065596676,106.129987901424,0.000000000000,,gps_back
118.613716647408,106.179702559756,0.000000000000,,gps_back
118.607461622616,106.229296858904,0.000000000000,,gps_back
118.599345239987,106.278633761104,0.000000000000,,gps_back
118.591377714809,106.327988684952,0.000000000000,,gps_back
118.585090494048,106.377588269567,0.000000000000,,gps_back
118.578772644627,106.427172591687,0.000000000000,,gps_back
118.570117726776,106.476411366135,0.000000000000,,gps_back
118.560354558046,106.525450490897,0.000000000000,,gps_back
118.550693929712,106.574509937781,0.000000000000,,gps_back
118.542062449726,106.623743621122,0.000000000000,,gps_back
118.535714176883,106.673334349063,0.000000000000,,gps_back
118.531445850614,106.723134020026,0.000000000000,,gps_back
118.529558166206,106.773094483138,0.000000000000,,gps_back
118.527089751810,106.822994041808,0.000000000000,,gps_back
118.520317913331,106.872487023709,0.000000000000,,gps_back
118.511530245412,106.921699760627,0.000000000000,,gps_back
118.504843247476,106.971241273423,0.000000000000,,gps_back
118.498644882163,107.020844968152,0.000000000000,,gps_back
118.490301661776,107.070136209275,0.000000000000,,gps_back
118.481600457739,107.119361944610,0.000000000000,,gps_back
118.475054298238,107.168924373511,0.000000000000,,gps_back
118.469700468520,107.218638506637,0.000000000000,,gps_back
118.464346638799,107.268352639764,0.000000000000,,gps_back
118.457942403120,107.317923639265,0.000000000000,,gps_back
118.449171378758,107.367143106199,0.000000000000,,gps_back
118.440432320460,107.416355471832,0.000000000000,,gps_back
118.434067575882,107.465943938230,0.000000000000,,gps_back
118.428851070953,107.515672354033,0.000000000000,,gps_back
118.423926058845,107.565430725296,0.000000000000,,gps_back
118.418217048783,107.615091984721,0.000000000000,,gps_back
118.410135687754,107.664422128640,0.000000000000,,gps_back
118.401381837839,107.713640285345,0.000000000000,,gps_back
118.394741240153,107.763188484275,0.000000000000,,gps_back
118.388507799074,107.812787128415,0.000000000000,,gps_back
118.380119471540,107.862071132849,0.000000000000,,gps_back
118.371459454428,107.911303278304,0.000000000000,,gps_back
118.364977734679,107.960874476324,0.000000000000,,gps_back
118.358626650983,108.010453748300,0.000000000000,,gps_back
118.349914456895,108.059681932368,0.000000000000,,gps_back
118.341117999551,108.108884931928,0.000000000000,,gps_back
118.334700148507,108.158465280617,0.000000000000,,gps_back
118.328327983264,108.208041299412,0.000000000000,,gps_back
118.319700452599,108.257287151171,0.000000000000,,gps_back
118.310124500183,108.306363208724,0.000000000000,,gps_back
118.300523176286,108.355434310578,0.000000000000,,gps_back
118.290860921800,108.404493408780,0.000000000000,,gps_back
118.281093651911,108.453531740461,0.000000000000,,gps_back
118.271351764257,108.502575061684,0.000000000000,,gps_back
118.261741106392,108.551644322461,0.000000000000,,gps_back
118.252371619224,108.600759586624,0.000000000000,,gps_back
118.243394046559,108.649948510171,0.000000000000,,gps_back
118.234411587611,108.699136343402,0.000000000000,,gps_back
118.225070373603,108.748257293352,0.000000000000,,gps_back
118.215506379310,108.797335685118,0.000000000000,,gps_back
118.205942385018,108.846414076884,0.000000000000,,gps_back
118.196319723981,108.895480942186,0.000000000000,,gps_back
118.186550341464,108.944518814273,0.000000000000,,gps_back
118.177750157464,108.993721524961,0.000000000000,,gps_back
118.171517412837,109.043320067411,0.000000000000,,gps_back
118.166030573000,109.093012502983,0.000000000000,,gps_back
118.158310801367,109.142391940372,0.000000000000,,gps_back
118.148123147553,109.191338190724,0.000000000000,,gps_back
118.135928445161,109.239811664184,0.000000000000,,gps_back
118.122663870377,109.288016725581,0.000000000000,,gps_back
118.111263290608,109.336683546958,0.000000000000,,gps_back
118.101617002105,109.385745411470,0.000000000000,,gps_back
118.092506801630,109.434908706525,0.000000000000,,gps_back
118.083769663762,109.484140934731,0.000000000000,,gps_back
118.074543661513,109.533281692444,0.000000000000,,gps_back
118.065041685538,109.582370618134,0.000000000000,,gps_back
118.057456595480,109.631760184879,0.000000000000,,gps_back
118.052126141290,109.681476821240,0.000000000000,,gps_back
118.046917726177,109.731206283468,0.000000000000,,gps_back
118.042239029936,109.780986030194,0.000000000000,,gps_back
118.039412277874,109.830883925109,0.000000000000,,gps_back
118.038233957865,109.880870610600,0.000000000000,,gps_back
118.033405347331,109.930473263356,0.000000000000,,gps_back
118.023637298191,109.979511426439,0.000000000000,,gps_back
118.014341367971,110.028638539994,0.000000000000,,gps_back
118.005677839008,110.077883862524,0.000000000000,,gps_back
117.999709057824,110.127414862145,0.000000000000,,gps_back
117.998185886225,110.177391574978,0.000000000000,,gps_back
117.995563869997,110.227285187328,0.000000000000,,gps_back
117.990390348789,110.277018189784,0.000000000000,,gps_back
117.983414253749,110.326489523251,0.000000000000,,gps_back
117.973927444289,110.375582851638,0.000000000000,,gps_back
117.964644475353,110.424713912979,0.000000000000,,gps_back
117.955792164255,110.473925650141,0.000000000000,,gps_back
117.946710125053,110.523094612967,0.000000000000,,gps_back
117.937201146522,110.572183620374,0.000000000000,,gps_back
117.927527636674,110.621240482115,0.000000000000,,gps_back
117.917744854435,110.670275727831,0.000000000000,,gps_back
117.908320499455,110.719378800771,0.000000000000,,gps_back
117.899561877181,110.768607175070,0.000000000000,,gps_back
117.890650294936,110.817806909128,0.000000000000,,gps_back
117.881121671760,110.866891641197,0.000000000000,,gps_back
117.871375392051,110.915934101778,0.000000000000,,gps_back
117.861756086543,110.965001661136,0.000000000000,,gps_back
117.852192092250,111.014080052902,0.000000000000,,gps_back
117.842628097955,111.063158444668,0.000000000000,,gps_back
117.833239304550,111.112270165602,0.000000000000,,gps_back
117.824210474774,111.161449678142,0.000000000000,,gps_back
117.815203499791,111.210633105533,0.000000000000,,gps_back
117.805863279297,111.259754224649,0.000000000000,,gps_back
117.797876653778,111.309074991098,0.000000000000,,gps_back
117.794114617584,111.358883738450,0.000000000000,,gps_back
117.791349590584,111.408763431151,0.000000000000,,gps_back
117.784285484894,111.458219222276,0.000000000000,,gps_back
117.773810482447,111.507098303453,0.000000000000,,gps_back
117.761165282416,111.555463128785,0.000000000000,,gps_back
117.749121963170,111.603940040156,0.000000000000,,gps_back
117.741613975711,111.653322250966,0.000000000000,,gps_back
117.736139993387,111.703017016338,0.000000000000,,gps_back
117.728324993036,111.752375034815,0.000000000000,,gps_back
117.718551861227,111.801412192313,0.000000000000,,gps_back
117.708892661680,111.850471867699,0.000000000000,,gps_back
117.699424953477,111.899568786136,0.000000000000,,gps_back
117.690278600354,111.948726213425,0.000000000000,,gps_back
117.681885398075,111.998014764517,0.000000000000,,gps_back
117.677068894159,112.047665581957,0.000000000000,,gps_back
117.675945648488,112.097652745930,0.000000000000,,gps_back
117.672767163157,112.147519199302,0.000000000000,,gps_back
117.667829462457,112.197273924488,0.000000000000,,gps_back
117.664907165941,112.247161247717,0.000000000000,,gps_back
117.663778747006,112.297149500238,0.000000000000,,gps_back
117.658853332489,112.346733337537,0.000000000000,,gps_back
117.649185734198,112.395791143751,0.000000000000,,gps_back
117.641661090711,112.445168729312,0.000000000000,,gps_back
117.636844728271,112.494937807845,0.000000000000,,gps_back
117.630263532647,112.544459914907,0.000000000000,,gps_back
117.621009316254,112.593596929737,0.000000000000,,gps_back
117.613033655613,112.642922080067,0.000000000000,,gps_back
117.607434444393,112.692608730676,0.000000000000,,gps_back
117.600704334247,112.742128369306,0.000000000000,,gps_back
117.591983078179,112.791363385533,0.000000000000,,gps_back
117.582916505189,112.840535385059,0.000000000000,,gps_back
117.573463404194,112.889635162673,0.000000000000,,gps_back
117.565316726106,112.938939817245,0.000000000000,,gps_back
117.559608538647,112.988611232399,0.000000000000,,gps_back
117.553484362378,113.038219921598,0.000000000000,,gps_back
117.545049652459,113.087495204471,0.000000000000,,gps_back
117.536643689998,113.136766026688,0.000000000000,,gps_back
117.530671008490,113.186399578898,0.000000000000,,gps_back
117.524999676245,113.236068346141,0.000000000000,,gps_back
117.516881709127,113.285383293044,0.000000000000,,gps_back
117.507876241313,113.334556994540,0.000000000000,,gps_back
117.501204886314,113.384092114145,0.000000000000,,gps_back
117.496075736744,113.433829891394,0.000000000000,,gps_back
117.490809640711,113.483553336280,0.000000000000,,gps_back
117.484718577619,113.533175056006,0.000000000000,,gps_back
117.476866337076,113.582547979293,0.000000000000,,gps_back
117.468426007073,113.631829287911,0.000000000000,,gps_back
117.461658412035,113.681354821059,0.000000000000,,gps_back
117.456327865308,113.731071455881,0.000000000000,,gps_back
117.450984507636,113.780786714816,0.000000000000,,gps_back
117.444978154751,113.830420420337,0.000000000000,,gps_back
117.436947831408,113.879754549328,0.000000000000,,gps_back
117.428056388663,113.928952920027,0.000000000000,,gps_back
117.421196177740,113.978464063797,0.000000000000,,gps_back
117.415049345076,114.028077853725,0.000000000000,,gps_back
117.406727086020,114.077364569875,0.000000000000,,gps_back
117.397731305760,114.126541190303,0.000000000000,,gps_back
117.390916666449,114.176059525803,0.000000000000,,gps_back
117.384718151616,114.225665822503,0.000000000000,,gps_back
117.376432824407,114.274963137888,0.000000000000,,gps_back
117.366868830114,114.324041529654,0.000000000000,,gps_back
117.357304835821,114.373119921420,0.000000000000,,gps_back
117.347689503151,114.422188244457,0.000000000000,,gps_back
117.337953449283,114.471232753576,0.000000000000,,gps_back
117.328199848437,114.520273777740,0.000000000000,,gps_back
117.318567324927,114.569338727359,0.000000000000,,gps_back
117.309003330633,114.618417119125,0.000000000000,,gps_back
117.299439336339,114.667495510891,0.000000000000,,gps_back
117.289609119504,114.716520291825,0.000000000000,,gps_back
117.279192967274,114.765424122657,0.000000000000,,gps_back
117.269069582147,114.814385130439,0.000000000000,,gps_back
117.259929605106,114.863543725573,0.000000000000,,gps_back
117.250595761739,114.912663632327,0.000000000000,,gps_back
117.240325432041,114.961597375201,0.000000000000,,gps_back
117.232959327990,115.010901774559,0.000000000000,,gps_back
117.230874326313,115.060849215881,0.000000000000,,gps_back
117.227641299589,115.110676846870,0.000000000000,,gps_back
117.219953392348,115.160054960301,0.000000000000,,gps_back
117.210376348874,115.209130805073,0.000000000000,,gps_back
117.200774889433,115.258201880253,0.000000000000,,gps_back
117.192382333214,115.307474544001,0.000000000000,,gps_back
117.186204944048,115.357087188913,0.000000000000,,gps_back
117.179814394949,115.406664118497,0.000000000000,,gps_back
117.171573334017,115.455978457760,0.000000000000,,gps_back
117.164352225109,115.505420097267,0.000000000000,,gps_back
117.161055698668,115.555270765274,0.000000000000,,gps_back
117.160093623706,115.605263052189,0.000000000000,,gps_back
117.159257575216,115.655257611199,0.000000000000,,gps_back
117.156245243368,115.705105729996,0.000000000000,,gps_back
117.148755139776,115.754506519591,0.000000000000,,gps_back
117.140373075458,115.803782801332,0.000000000000,,gps_back
117.134288568980,115.853403660567,0.000000000000,,gps_back
117.129188979939,115.903144477377,0.000000000000,,gps_back
117.123937141434,115.952869401011,0.000000000000,,gps_back
117.117744991385,116.002477378719,0.000000000000,,gps_back
117.109469482638,116.051775023317,0.000000000000,,gps_back
117.100052739165,116.100881605076,0.000000000000,,gps_back
117.090992407882,116.150055063862,0.000000000000,,gps_back
117.081580397482,116.199158735093,0.000000000000,,gps_back
117.069770145375,116.247706996397,0.000000000000,,gps_back
117.056344443739,116.295869816213,0.000000000000,,gps_back
117.044965997506,116.344529749637,0.000000000000,,gps_back
117.035402003213,116.393608141403,0.000000000000,,gps_back
117.025838008920,116.442686533169,0.000000000000,,gps_back
117.016245956800,116.491759438983,0.000000000000,,gps_back
117.006538101664,116.540809491691,0.000000000000,,gps_back
116.996761277736,116.589845918701,0.000000000000,,gps_back
116.987100511454,116.638905270198,0.000000000000,,gps_back
116.977536517162,116.687983661964,0.000000000000,,gps_back
116.967972522869,116.737062053730,0.000000000000,,gps_back
116.958376270078,116.786134135092,0.000000000000,,gps_back
116.948663360865,116.835183195689,0.000000000000,,gps_back
116.938890738278,116.884220456857,0.000000000000,,gps_back
116.929235021493,116.933280810747,0.000000000000,,gps_back
116.920909399336,116.982565345850,0.000000000000,,gps_back
116.916784639926,117.032308283927,0.000000000000,,gps_back
116.915280639066,117.082283253234,0.000000000000,,gps_back
116.909686439339,117.131832745516,0.000000000000,,gps_back
116.899803286205,117.180846603396,0.000000000000,,gps_back
116.887877800419,117.229369762828,0.000000000000,,gps_back
116.874553019172,117.277559396302,0.000000000000,,gps_back
116.865280207278,117.326551398690,0.000000000000,,gps_back
116.859673528290,117.376236730733,0.000000000000,,gps_back
116.852370343509,117.425679635918,0.000000000000,,gps_back
116.843485935321,117.474885588975,0.000000000000,,gps_back
116.834293770628,117.524033832623,0.000000000000,,gps_back
116.824739307496,117.573114079947,0.000000000000,,gps_back
116.815175313204,117.622192471713,0.000000000000,,gps_back
116.805611797223,117.671270956684,0.000000000000,,gps_back
116.798151942087,117.720660389403,0.000000000000,,gps_back
116.793108509917,117.770406970362,0.000000000000,,gps_back
116.789694197110,117.820261157824,0.000000000000,,gps_back
116.788511580581,117.870247262222,0.000000000000,,gps_back
116.782442319244,117.919548389380,0.000000000000,,gps_back
116.769521689279,117.967844117665,0.000000000000,,gps_back
116.759050179060,118.016603346280,0.000000000000,,gps_back
116.752975256015,118.066229765579,0.000000000000,,gps_back
116.747844458093,118.115966847276,0.000000000000,,gps_back
116.742993622565,118.165732566856,0.000000000000,,gps_back
116.736607002456,118.215296368720,0.000000000000,,gps_back
116.727792986956,118.264509672205,0.000000000000,,gps_back
116.719749875974,118.313833395952,0.000000000000,,gps_back
116.714018328071,118.363501036773,0.000000000000,,gps_back
116.708896755269,118.413239564974,0.000000000000,,gps_back
116.703619495174,118.462961830533,0.000000000000,,gps_back
116.696028819135,118.512326501078,0.000000000000,,gps_back
116.684285719935,118.560896083873,0.000000000000,,gps_back
116.672831328099,118.609514932995,0.000000000000,,gps_back
116.665514028840,118.658941160781,0.000000000000,,gps_back
116.660160199117,118.708655293907,0.000000000000,,gps_back
116.654806369394,118.758369427033,0.000000000000,,gps_back
116.648406724188,118.807947734667,0.000000000000,,gps_back
116.640245638533,118.857274267632,0.000000000000,,gps_back
116.631256563369,118.906460973162,0.000000000000,,gps_back
116.621909904547,118.955580752969,0.000000000000,,gps_back
116.613213949107,119.004811917386,0.000000000000,,gps_back
116.606614947226,119.054361204292,0.000000000000,,gps_back
116.600250731677,119.103944963301,0.000000000000,,gps_back
116.591662238301,119.153188808480,0.000000000000,,gps_back
116.582121060726,119.202270853890,0.000000000000,,gps_back
116.573150512908,119.251460242421,0.000000000000,,gps_back
116.564328578222,119.300677155579,0.000000000000,,gps_back
116.554942379194,119.349788104046,0.000000000000,,gps_back
116.545171108844,119.398825635221,0.000000000000,,gps_back
116.535519496420,119.447886794725,0.000000000000,,gps_back
116.526665902552,119.497092698639,0.000000000000,,gps_back
116.520163673395,119.546642041638,0.000000000000,,gps_back
116.515031201121,119.596378445100,0.000000000000,,gps_back
116.507449383532,119.645753082361,0.000000000000,,gps_back
116.497659880890,119.694786987586,0.000000000000,,gps_back
116.487989301438,119.743844374222,0.000000000000,,gps_back
116.478739561999,119.792981869746,0.000000000000,,gps_back
116.471561093640,119.842432701951,0.000000000000,,gps_back
116.465809387710,119.892100682912,0.000000000000,,gps_back
116.457980439036,119.941455641796,0.000000000000,,gps_back
116.448530486746,119.990555976192,0.000000000000,,gps_back
116.439640505973,120.039758793548,0.000000000000,,gps_back
116.431210834046,120.089044685610,0.000000000000,,gps_back
116.422781162119,120.138330577672,0.000000000000,,gps_back
116.414351490192,120.187616469735,0.000000000000,,gps_back
116.405921818265,120.236902361797,0.000000000000,,gps_back
116.397492146338,120.286188253859,0.000000000000,,gps_back
116.389062474411,120.335474145921,0.000000000000,,gps_back
116.380588677960,120.384752449564,0.000000000000,,gps_back
116.371557463510,120.433928805628,0.000000000000,,gps_back
116.362379941669,120.483079295492,0.000000000000,,gps_back
116.357464552166,120.532681906677,0.000000000000,,gps_back
116.356547246292,120.582675076962,0.000000000000,,gps_back
116.351728440790,120.632283804361,0.000000000000,,gps_back
116.342499272743,120.681424765462,0.000000000000,,gps_back
116.332798114712,120.730476141108,0.000000000000,,gps_back
116.322998398260,120.779508008717,0.000000000000,,gps_back
116.313743241285,120.828642285487,0.000000000000,,gps_back
116.305086300775,120.877888756128,0.000000000000,,gps_back
116.296028336209,120.927061027572,0.000000000000,,gps_back
116.286375638422,120.976121807886,0.000000000000,,gps_back
116.276659624610,121.025170242424,0.000000000000,,gps_back
116.267065515999,121.074242746829,0.000000000000,,gps_back
116.259094418497,121.123577791186,0.000000000000,,gps_back
116.253244086067,121.173233486551,0.000000000000,,gps_back
116.246691219446,121.222788715545,0.000000000000,,gps_back
116.238624338989,121.272134412771,0.000000000000,,gps_back
116.230264611620,121.321432216814,0.000000000000,,gps_back
116.221904884250,121.370730020857,0.000000000000,,gps_back
116.213545156881,121.420027824900,0.000000000000,,gps_back
116.205185429512,121.469325628944,0.000000000000,,gps_back
116.196825702143,121.518623432987,0.000000000000,,gps_back
116.188465974774,121.567921237030,0.000000000000,,gps_back
116.181104392028,121.617367436354,0.000000000000,,gps_back
116.175251393243,121.667022777060,0.000000000000,,gps_back
116.168326807738,121.716516689638,0.000000000000,,gps_back
116.159166461300,121.765667693529,0.000000000000,,gps_back
116.149447087545,121.814715469918,0.000000000000,,gps_back
116.139849156330,121.863787224136,0.000000000000,,gps_back
116.130267831123,121.912862232200,0.000000000000,,gps_back
116.120662689128,121.961932587113,0.000000000000,,gps_back
116.110977913794,122.010987230087,0.000000000000,,gps_back
116.101195490912,122.060022545435,0.000000000000,,gps_back
116.091840736966,122.109139073959,0.000000000000,,gps_back
116.083078632326,122.158366757482,0.000000000000,,gps_back
116.073860980479,122.207507629892,0.000000000000,,gps_back
116.063591004708,122.256440952234,0.000000000000,,gps_back
116.056697518929,122.305812035358,0.000000000000,,gps_back
116.054678310176,122.355762801450,0.000000000000,,gps_back
116.050060069434,122.405419741721,0.000000000000,,gps_back
116.041147496099,122.454615414671,0.000000000000,,gps_back
116.031866603015,122.503746989953,0.000000000000,,gps_back
116.022967466580,122.552950250048,0.000000000000,,gps_back
116.015266992016,122.602341914511,0.000000000000,,gps_back
116.009309464779,122.651983541348,0.000000000000,,gps_back
116.002486210922,122.701495508865,0.000000000000,,gps_back
115.993562965951,122.750690043184,0.000000000000,,gps_back
115.987031338408,122.800170490324,0.000000000000,,gps_back
115.984763173862,122.850104480777,0.000000000000,,gps_back
115.980503605570,122.899821446278,0.000000000000,,gps_back
115.971999352671,122.949082269167,0.000000000000,,gps_back
115.962698190973,122.998210452623,0.000000000000,,gps_back
115.953733029070,123.047401685140,0.000000000000,,gps_back
115.945860856352,123.096769509462,0.000000000000,,gps_back
115.939750289214,123.146390171573,0.000000000000,,gps_back
115.933098134348,123.195930769965,0.000000000000,,gps_back
115.924349531551,123.245153719658,0.000000000000,,gps_back
115.914785537259,123.294232111424,0.000000000000,,gps_back
115.905221542966,123.343310503190,0.000000000000,,gps_back
115.897108992167,123.392628758732,0.000000000000,,gps_back
115.891243719883,123.442277853866,0.000000000000,,gps_back
115.885159676783,123.491897448924,0.000000000000,,gps_back
115.876805942908,123.541180029815,0.000000000000,,gps_back
115.867241948615,123.590258421582,0.000000000000,,gps_back
115.857677954322,123.639336813348,0.000000000000,,gps_back
115.848054963148,123.688403636841,0.000000000000,,gps_back
115.838310697641,123.737446511798,0.000000000000,,gps_back
115.828789332141,123.786532386148,0.000000000000,,gps_back
115.819839932554,123.835725646545,0.000000000000,,gps_back
115.811004842164,123.884940188899,0.000000000000,,gps_back
115.801590831757,123.934045841210,0.000000000000,,gps_back
115.791822427769,123.983083942941,0.000000000000,,gps_back
115.782176628790,124.032146246963,0.000000000000,,gps_back
115.774007138146,124.081456936028,0.000000000000,,gps_back
115.770230843149,124.131226758956,0.000000000000,,gps_back
115.769321066690,124.181220065549,0.000000000000,,gps_back
115.768491611338,124.231214725945,0.000000000000,,gps_back
115.767315803113,124.281200925030,0.000000000000,,gps_back
115.763945709286,124.331058231160,0.000000000000,,gps_back
115.758894553633,124.380804027929,0.000000000000,,gps_back
115.751491377463,124.430202141987,0.000000000000,,gps_back
115.741963273305,124.479287501565,0.000000000000,,gps_back
115.734624260542,124.528703294992,0.000000000000,,gps_back
115.729270430819,124.578417428118,0.000000000000,,gps_back
115.723916601095,124.628131561243,0.000000000000,,gps_back
115.718356143224,124.677822607362,0.000000000000,,gps_back
115.710617958902,124.727184158225,0.000000000000,,gps_back
115.701287262691,124.776306911035,0.000000000000,,gps_back
115.694133788888,124.825757674585,0.000000000000,,gps_back
115.688439901656,124.875432927989,0.000000000000,,gps_back
115.680449116177,124.924754419119,0.000000000000,,gps_back
115.671005630720,124.973854871572,0.000000000000,,gps_back
115.663859272036,125.023306759663,0.000000000000,,gps_back
115.658072700999,125.072970640827,0.000000000000,,gps_back
115.650119845079,125.122306058182,0.000000000000,,gps_back
115.641013808561,125.171469473381,0.000000000000,,gps_back
115.634073701717,125.220958484106,0.000000000000,,gps_back
115.628723378479,125.270672994615,0.000000000000,,gps_back
115.623386893763,125.320388991557,0.000000000000,,gps_back
115.617443398795,125.370032561272,0.000000000000,,gps_back
115.609332271589,125.419347553685,0.000000000000,,gps_back
115.600405572555,125.468542002367,0.000000000000,,gps_back
115.593632040596,125.518059623017,0.000000000000,,gps_back
115.588278210874,125.567773756144,0.000000000000,,gps_back
115.582924381154,125.617487889270,0.000000000000,,gps_back
115.576754292893,125.667101198154,0.000000000000,,gps_back
115.568447172947,125.716389507257,0.000000000000,,gps_back
115.559723712918,125.765617619771,0.000000000000,,gps_back
115.553135989870,125.815165808362,0.000000000000,,gps_back
115.546793074154,125.864754510620,0.000000000000,,gps_back
115.538201000442,125.913994997800,0.000000000000,,gps_back
115.529461828104,125.963216358747,0.000000000000,,gps_back
115.523098168315,126.012792858934,0.000000000000,,gps_back
115.517933654692,126.062526979923,0.000000000000,,gps_back
115.512642546518,126.112247782355,0.000000000000,,gps_back
115.506082606998,126.161804006571,0.000000000000,,gps_back
115.497296945026,126.211015274886,0.000000000000,,gps_back
115.488718188739,126.260261581598,0.000000000000,,gps_back
115.482362753014,126.309845864840,0.000000000000,,gps_back
115.475751483041,126.359394250314,0.000000000000,,gps_back
115.467050199805,126.408623974664,0.000000000000,,gps_back
115.458768795532,126.457920045362,0.000000000000,,gps_back
115.452573902812,126.507528045315,0.000000000000,,gps_back
115.447228896297,126.557243127153,0.000000000000,,gps_back
115.441897181787,126.606959636661,0.000000000000,,gps_back
115.435116773518,126.656480534297,0.000000000000,,gps_back
115.426258781718,126.705685199064,0.000000000000,,gps_back
115.418165041969,126.755007927947,0.000000000000,,gps_back
115.412131224947,126.804638625464,0.000000000000,,gps_back
115.405210566360,126.854137223372,0.000000000000,,gps_back
115.396244555075,126.903323993667,0.000000000000,,gps_back
115.388273942289,126.952663565867,0.000000000000,,gps_back
115.382343724942,127.002308268415,0.000000000000,,gps_back
115.375202785823,127.051769195597,0.000000000000,,gps_back
115.365920355286,127.100898223574,0.000000000000,,gps_back
115.357925320908,127.150227436825,0.000000000000,,gps_back
115.352066604290,127.199881531545,0.000000000000,,gps_back
115.346712774570,127.249595664672,0.000000000000,,gps_back
115.341358944854,127.299309797798,0.000000000000,,gps_back
115.334108147183,127.348751404763,0.000000000000,,gps_back
115.324867511239,127.397890402880,0.000000000000,,gps_back
115.317228984070,127.447272589031,0.000000000000,,gps_back
115.311574366129,127.496952314512,0.000000000000,,gps_back
115.304201191059,127.546371785241,0.000000000000,,gps_back
115.294860430448,127.595492527952,0.000000000000,,gps_back
115.287345074381,127.644889510746,0.000000000000,,gps_back
115.281791253862,127.694581214095,0.000000000000,,gps_back
115.276451150105,127.744296821876,0.000000000000,,gps_back
115.271123524645,127.794013770006,0.000000000000,,gps_back
115.263550773414,127.843394782201,0.000000000000,,gps_back
115.254009553189,127.892477544276,0.000000000000,,gps_back
115.246698051844,127.941895801312,0.000000000000,,gps_back
115.241307340389,127.991605948285,0.000000000000,,gps_back
115.233510810314,128.040945948444,0.000000000000,,gps_back
115.223769145762,128.089989346388,0.000000000000,,gps_back
115.216441232203,128.139402843883,0.000000000000,,gps_back
115.210936606457,128.189100312340,0.000000000000,,gps_back
115.203162785684,128.238454126120,0.000000000000,,gps_back
115.193778065125,128.287566830413,0.000000000000,,gps_back
115.186659330408,128.337020503372,0.000000000000,,gps_back
115.181305500683,128.386734636498,0.000000000000,,gps_back
115.175951670959,128.436448769623,0.000000000000,,gps_back
115.170237978793,128.486121729339,0.000000000000,,gps_back
115.162285796564,128.535454464964,0.000000000000,,gps_back
115.152699413654,128.584528484112,0.000000000000,,gps_back
115.142984573342,128.633577133264,0.000000000000,,gps_back
115.133202326779,128.682612484646,0.000000000000,,gps_back
115.123548310285,128.731673144585,0.000000000000,,gps_back
115.113984315992,128.780751536351,0.000000000000,,gps_back
115.104420321699,128.829829928117,0.000000000000,,gps_back
115.094823416464,128.878901885506,0.000000000000,,gps_back
115.085073216999,128.927943484684,0.000000000000,,gps_back
115.075254753762,128.976971590622,0.000000000000,,gps_back
115.065589041466,129.026029918814,0.000000000000,,gps_back
115.056025047171,129.075108310580,0.000000000000,,gps_back
115.046461052877,129.124186702346,0.000000000000,,gps_back
115.036863324190,129.173258498222,0.000000000000,,gps_back
115.027138944454,129.222305277721,0.000000000000,,gps_back
115.018013184895,129.271463008126,0.000000000000,,gps_back
115.011347407646,129.320987775410,0.000000000000,,gps_back
115.005454214159,129.370635586001,0.000000000000,,gps_back
114.997118011659,129.419909941710,0.000000000000,,gps_back
114.986611929524,129.468791024811,0.000000000000,,gps_back
114.974034732816,129.517164769666,0.000000000000,,gps_back
114.960899223195,129.565406109745,0.000000000000,,gps_back
114.949976045134,129.614175557864,0.000000000000,,gps_back
114.941107518886,129.663380239093,0.000000000000,,gps_back
114.934432534735,129.712912177443,0.000000000000,,gps_back
114.929179507785,129.762636979013,0.000000000000,,gps_back
114.924204183697,129.812390101796,0.000000000000,,gps_back
114.919340407394,129.862154550591,0.000000000000,,gps_back
114.914188819282,129.911889535277,0.000000000000,,gps_back
114.908371817951,129.961549828430,0.000000000000,,gps_back
114.900315293933,130.010868886392,0.000000000000,,gps_back
114.890722958263,130.059941739859,0.000000000000,,gps_back
114.881002156272,130.108989218649,0.000000000000,,gps_back
114.871225879088,130.158025757897,0.000000000000,,gps_back
114.861577801656,130.207087596793,0.000000000000,,gps_back
114.852013807363,130.256165988559,0.000000000000,,gps_back
114.842449813070,130.305244380325,0.000000000000,,gps_back
114.833463666416,130.354429023013,0.000000000000,,gps_back
114.826698198230,130.403945302190,0.000000000000,,gps_back
114.820984606240,130.453618312085,0.000000000000,,gps_back
114.814094402834,130.503136381594,0.000000000000,,gps_back
114.806491302577,130.552556533270,0.000000000000,,gps_back
114.798888202320,130.601976684946,0.000000000000,,gps_back
114.790912285908,130.651336879506,0.000000000000,,gps_back
114.781921885858,130.700519269954,0.000000000000,,gps_back
114.772767931446,130.749674372585,0.000000000000,,gps_back
114.764690114631,130.799014496507,0.000000000000,,gps_back
114.757210874008,130.848453544686,0.000000000000,,gps_back
114.749731633385,130.897892592866,0.000000000000,,gps_back
114.741747977784,130.947250580096,0.000000000000,,gps_back
114.732639337708,130.996411146669,0.000000000000,,gps_back
114.722954193259,131.045465774403,0.000000000000,,gps_back
114.713269048810,131.094520402138,0.000000000000,,gps_back
114.704696072221,131.143771230929,0.000000000000,,gps_back
114.698467534428,131.193366090866,0.000000000000,,gps_back
114.693396566398,131.243109872472,0.000000000000,,gps_back
114.688325598369,131.292853654077,0.000000000000,,gps_back
114.682234850825,131.342474450208,0.000000000000,,gps_back
114.672896688625,131.391546957613,0.000000000000,,gps_back
114.661636043722,131.440264063454,0.000000000000,,gps_back
114.650375398818,131.488981169295,0.000000000000,,gps_back
114.639360315968,131.537753871914,0.000000000000,,gps_back
114.631599839919,131.587072915012,0.000000000000,,gps_back
114.625976320177,131.636756681573,0.000000000000,,gps_back
114.618051549852,131.686090731040,0.000000000000,,gps_back
114.608538740008,131.735179047795,0.000000000000,,gps_back
114.599418026197,131.784340726040,0.000000000000,,gps_back
114.590573276035,131.833553823074,0.000000000000,,gps_back
114.581356580255,131.882697478329,0.000000000000,,gps_back
114.571817107193,131.931780634120,0.000000000000,,gps_back
114.562228201850,131.980854159721,0.000000000000,,gps_back
114.552618069870,132.029923538014,0.000000000000,,gps_back
114.545462360719,132.079361653612,0.000000000000,,gps_back
114.540335522633,132.129099617637,0.000000000000,,gps_back
114.537091712827,132.178970374285,0.000000000000,,gps_back
114.535771514799,132.228952443523,0.000000000000,,gps_back
114.534903904091,132.278946481682,0.000000000000,,gps_back
114.534108588733,132.328941732664,0.000000000000,,gps_back
114.528560914994,132.378453470062,0.000000000000,,gps_back
114.516707200669,132.426974926244,0.000000000000,,gps_back
114.506051894580,132.475747647171,0.000000000000,,gps_back
114.499759207205,132.525321525500,0.000000000000,,gps_back
114.493684033295,132.574940671563,0.000000000000,,gps_back
114.485065228247,132.624173858744,0.000000000000,,gps_back
114.475309392535,132.673214456799,0.000000000000,,gps_back
114.465652397153,132.722274604005,0.000000000000,,gps_back
114.457201088201,132.771546424351,0.000000000000,,gps_back
114.450913759240,132.821138247077,0.000000000000,,gps_back
114.444359295764,132.870697040839,0.000000000000,,gps_back
114.435685587552,132.919929221752,0.000000000000,,gps_back
114.425775705174,132.968938015560,0.000000000000,,gps_back
114.415286722067,133.017826238997,0.000000000000,,gps_back
114.405058561669,133.066768587641,0.000000000000,,gps_back
114.395368036092,133.115821920039,0.000000000000,,gps_back
114.387641939467,133.165197415026,0.000000000000,,gps_back
114.381853520201,133.214860169599,0.000000000000,,gps_back
114.374447669354,133.264278682031,0.000000000000,,gps_back
114.365023598466,133.313382007663,0.000000000000,,gps_back
114.355330619249,133.362434989708,0.000000000000,,gps_back
114.345746862662,133.411509520523,0.000000000000,,gps_back
114.336160308517,133.460583506732,0.000000000000,,gps_back
114.326552440851,133.509653328266,0.000000000000,,gps_back
114.321136013278,133.559230603041,0.000000000000,,gps_back
114.319546889612,133.609202409073,0.000000000000,,gps_back
114.316300587361,133.659062764478,0.000000000000,,gps_back
114.311160132773,133.708798767108,0.000000000000,,gps_back
114.303546437656,133.758179505127,0.000000000000,,gps_back
114.294121481738,133.807284501608,0.000000000000,,gps_back
114.287141828248,133.856747291981,0.000000000000,,gps_back
114.282193243674,133.906503148672,0.000000000000,,gps_back
114.275178101258,133.955974721511,0.000000000000,,gps_back
114.265879931937,134.005100340319,0.000000000000,,gps_back
114.258061870522,134.054457766373,0.000000000000,,gps_back
114.252271668800,134.104120218254,0.000000000000,,gps_back
114.246750401359,134.153815832368,0.000000000000,,gps_back
114.240943764060,134.203478912358,0.000000000000,,gps_back
114.232715792119,134.252759905894,0.000000000000,,gps_back
114.222873471383,134.301783238452,0.000000000000,,gps_back
114.213197929111,134.350839574326,0.000000000000,,gps_back
114.203845935918,134.399958469632,0.000000000000,,gps_back
114.196917134759,134.449440075627,0.000000000000,,gps_back
114.191588492770,134.499156914801,0.000000000000,,gps_back
114.186244542063,134.548872109418,0.000000000000,,gps_back
114.180890712340,134.598586242544,0.000000000000,,gps_back
114.175536882617,134.648300375670,0.000000000000,,gps_back
114.169813270375,134.697972312704,0.000000000000,,gps_back
114.162278133237,134.747385397010,0.000000000000,,gps_back
114.153653337843,134.796637518077,0.000000000000,,gps_back
114.144313936048,134.845755365815,0.000000000000,,gps_back
114.134470771603,134.894778530091,0.000000000000,,gps_back
114.125213757777,134.943913193917,0.000000000000,,gps_back
114.116369007619,134.993126290953,0.000000000000,,gps_back
114.109294276384,135.042602159857,0.000000000000,,gps_back
114.103891317314,135.092309656155,0.000000000000,,gps_back
114.098818630453,135.142053256569,0.000000000000,,gps_back
114.093771483257,135.191799460549,0.000000000000,,gps_back
114.086957999446,135.241312151541,0.000000000000,,gps_back
114.078015055691,135.290501687877,0.000000000000,,gps_back
114.067986421488,135.339485650223,0.000000000000,,gps_back
114.057413095721,135.388356169460,0.000000000000,,gps_back
114.049554166039,135.437676675944,0.000000000000,,gps_back
114.043991224418,135.487367201876,0.000000000000,,gps_back
114.038652450719,135.537082952514,0.000000000000,,gps_back
114.033325008545,135.586799920287,0.000000000000,,gps_back
114.025562869536,135.636152784378,0.000000000000,,gps_back
114.016045498412,135.685240205537,0.000000000000,,gps_back
114.008934517757,135.734690485986,0.000000000000,,gps_back
114.003491171734,135.784394890634,0.000000000000,,gps_back
113.995459998615,135.833700006934,0.000000000000,,gps_back
113.985753367988,135.882750315139,0.000000000000,,gps_back
113.978798512796,135.932214500248,0.000000000000,,gps_back
113.973685598052,135.981953986963,0.000000000000,,gps_back
113.968426968805,136.031678146779,0.000000000000,,gps_back
113.962770259786,136.081358082882,0.000000000000,,gps_back
113.954571223662,136.130643881687,0.000000000000,,gps_back
113.945094204268,136.179738354326,0.000000000000,,gps_back
113.938153442077,136.229218037845,0.000000000000,,gps_back
113.932630324593,136.278913447820,0.000000000000,,gps_back
113.926131893755,136.328485758900,0.000000000000,,gps_back
113.919043782919,136.377982397270,0.000000000000,,gps_back
113.911955672084,136.427479035641,0.000000000000,,gps_back
113.904864005828,136.476975164641,0.000000000000,,gps_back
113.896161005887,136.526194970587,0.000000000000,,gps_back
113.886390242662,136.575232607361,0.000000000000,,gps_back
113.879250527846,136.624673670059,0.000000000000,,gps_back
113.873590053704,136.674353166190,0.000000000000,,gps_back
113.862202624302,136.722817199939,0.000000000000,,gps_back
113.847233249844,136.770525187796,0.000000000000,,gps_back
113.832969087570,136.818446375207,0.000000000000,,gps_back
113.819364660038,136.866561105153,0.000000000000,,gps_back
113.806890950017,136.914975016133,0.000000000000,,gps_back
113.790906313518,136.962215462618,0.000000000000,,gps_back
113.773797337891,137.009175509456,0.000000000000,,gps_back
113.762583461691,137.057746940786,0.000000000000,,gps_back
113.751925555825,137.106558975537,0.000000000000,,gps_back
113.741710750421,137.155479426540,0.000000000000,,gps_back
113.734067238431,137.204882049199,0.000000000000,,gps_back
113.722908263609,137.253496372506,0.000000000000,,gps_back
113.709106889695,137.301555478524,0.000000000000,,gps_back
113.698533893447,137.350358190198,0.000000000000,,gps_back
113.690501188037,137.399708346643,0.000000000000,,gps_back
113.681274527490,137.448835765876,0.000000000000,,gps_back
113.670024787137,137.497547806800,0.000000000000,,gps_back
113.657980737196,137.546077051201,0.000000000000,,gps_back
113.644372817114,137.594176113902,0.000000000000,,gps_back
113.628246372050,137.641487233098,0.000000000000,,gps_back
113.614564531478,137.689498306321,0.000000000000,,gps_back
113.603121050350,137.738172685030,0.000000000000,,gps_back
113.588187497814,137.785803415109,0.000000000000,,gps_back
113.571074823326,137.832785485062,0.000000000000,,gps_back
113.553962148832,137.879767555013,0.000000000000,,gps_back
113.536849474343,137.926749624965,0.000000000000,,gps_back
113.518817374103,137.973380201267,0.000000000000,,gps_back
113.497878824228,138.018742351535,0.000000000000,,gps_back
113.475517435525,138.063465128958,0.000000000000,,gps_back
113.453066527669,138.108142966625,0.000000000000,,gps_back
113.427996311180,138.151344615762,0.000000000000,,gps_back
113.399934570048,138.192707698833,0.000000000000,,gps_back
113.369102813815,138.232028077777,0.000000000000,,gps_back
113.339870244267,138.272507972403,0.000000000000,,gps_back
113.313530061659,138.314994007676,0.000000000000,,gps_back
113.286187125779,138.356826805703,0.000000000000,,gps_back
113.256901110610,138.397345261096,0.000000000000,,gps_back
113.226272195889,138.436860096390,0.000000000000,,gps_back
113.196470192616,138.476990384185,0.000000000000,,gps_back
113.166601494570,138.517082669328,0.000000000000,,gps_back
113.134680074353,138.555537766253,0.000000000000,,gps_back
113.100795877788,138.592291649375,0.000000000000,,gps_back
113.066700151837,138.628863007866,0.000000000000,,gps_back
113.033768817092,138.666476646770,0.000000000000,,gps_back
112.999118612083,138.702447931508,0.000000000000,,gps_back
112.965358795251,138.739259787324,0.000000000000,,gps_back
112.931181562337,138.775715135943,0.000000000000,,gps_back
112.895513637294,138.810753083751,0.000000000000,,gps_back
112.859553834277,138.845495724580,0.000000000000,,gps_back
112.823579061786,138.880222860813,0.000000000000,,gps_back
112.787483764668,138.914824494411,0.000000000000,,gps_back
112.749744259483,138.947575319589,0.000000000000,,gps_back
112.711828202595,138.980160499748,0.000000000000,,gps_back
112.673991425681,139.012846588445,0.000000000000,,gps_back
112.632958820463,139.041163462957,0.000000000000,,gps_back
112.592623698665,139.070551751075,0.000000000000,,gps_back
112.553614949259,139.101832352012,0.000000000000,,gps_back
112.515188950405,139.133818812618,0.000000000000,,gps_back
112.478146707768,139.167384085517,0.000000000000,,gps_back
112.440049612727,139.199714933196,0.000000000000,,gps_back
112.402829881627,139.233042853087,0.000000000000,,gps_back
112.367741011189,139.268644818982,0.000000000000,,gps_back
112.334884327840,139.306301987870,0.000000000000,,gps_back
112.300614857579,139.342639801260,0.000000000000,,gps_back
112.264993759653,139.377729497123,0.000000000000,,gps_back
112.229536708602,139.412984364299,0.000000000000,,gps_back
112.194293580595,139.448453649768,0.000000000000,,gps_back
112.160314549506,139.485115246016,0.000000000000,,gps_back
112.126884814421,139.522298560457,0.000000000000,,gps_back
112.089802413463,139.555620706189,0.000000000000,,gps_back
112.052864900243,139.589244136527,0.000000000000,,gps_back
112.015993921548,139.622999616549,0.000000000000,,gps_back
111.975961203783,139.652800474851,0.000000000000,,gps_back
111.937913705502,139.685011792443,0.000000000000,,gps_back
111.900929376495,139.718653687934,0.000000000000,,gps_back
111.861001748769,139.748603639958,0.000000000000,,gps_back
111.819818373391,139.776959990990,0.000000000000,,gps_back
111.778619062622,139.805293222321,0.000000000000,,gps_back
111.737280646867,139.833422787602,0.000000000000,,gps_back
111.696028442265,139.861678416487,0.000000000000,,gps_back
111.654878793149,139.890083760841,0.000000000000,,gps_back
111.613743815905,139.918510371125,0.000000000000,,gps_back
111.572461754558,139.946722347139,0.000000000000,,gps_back
111.531607746193,139.975544528695,0.000000000000,,gps_back
111.492065143615,140.006122290493,0.000000000000,,gps_back
111.451660069210,140.035530321019,0.000000000000,,gps_back
111.409369092244,140.062161806416,0.000000000000,,gps_back
111.365621370900,140.086343660227,0.000000000000,,gps_back
111.323403281196,140.113001783044,0.000000000000,,gps_back
111.282204517078,140.141335816199,0.000000000000,,gps_back
111.240658356996,140.169154125970,0.000000000000,,gps_back
111.196221932078,140.191732200081,0.000000000000,,gps_back
111.152096603958,140.215110821029,0.000000000000,,gps_back
111.110061127446,140.242136213720,0.000000000000,,gps_back
111.066560815116,140.266627387375,0.000000000000,,gps_back
111.021509799375,140.288302644539,0.000000000000,,gps_back
110.975960588321,140.308924827385,0.000000000000,,gps_back
110.930260154462,140.329213360159,0.000000000000,,gps_back
110.885037875374,140.350530835955,0.000000000000,,gps_back
110.840187100070,140.372633389788,0.000000000000,,gps_back
110.794815240591,140.393625105277,0.000000000000,,gps_back
110.749188793684,140.414079542800,0.000000000000,,gps_back
110.703696990500,140.434830745516,0.000000000000,,gps_back
110.658892759688,140.457006147478,0.000000000000,,gps_back
110.612408106608,140.475084651049,0.000000000000,,gps_back
110.565180557355,140.491502093074,0.000000000000,,gps_back
110.519847120335,140.512370987148,0.000000000000,,gps_back
110.472799041858,140.528614492592,0.000000000000,,gps_back
110.424942509161,140.543076323229,0.000000000000,,gps_back
110.378694257764,140.561887584008,0.000000000000,,gps_back
110.331775253919,140.578996899666,0.000000000000,,gps_back
110.284351034393,140.594841908771,0.000000000000,,gps_back
110.238083686931,140.613690151845,0.000000000000,,gps_back
110.191488341017,140.631769750409,0.000000000000,,gps_back
110.143881140401,140.646996560653,0.000000000000,,gps_back
110.095585864885,140.659908641806,0.000000000000,,gps_back
110.047397571128,140.673232448905,0.000000000000,,gps_back
109.999277667372,140.686819737669,0.000000000000,,gps_back
109.950970082334,140.699718003973,0.000000000000,,gps_back
109.902784193682,140.713061214461,0.000000000000,,gps_back
109.854349198786,140.725448941744,0.000000000000,,gps_back
109.805098737935,140.733752690502,0.000000000000,,gps_back
109.756250524776,140.744149653630,0.000000000000,,gps_back
109.707879980351,140.756807889765,0.000000000000,,gps_back
109.659800921855,140.770529730030,0.000000000000,,gps_back
109.610785281235,140.779892373804,0.000000000000,,gps_back
109.561318141587,140.787183447764,0.000000000000,,gps_back
109.512614380324,140.798221722331,0.000000000000,,gps_back
109.463680574758,140.808364836891,0.000000000000,,gps_back
109.414376288059,140.816670315191,0.000000000000,,gps_back
109.365827695819,140.828379627318,0.000000000000,,gps_back
109.317617966330,140.841645391817,0.000000000000,,gps_back
109.269406134742,140.854903513627,0.000000000000,,gps_back
109.221174358127,140.868088811425,0.000000000000,,gps_back
109.172934637694,140.881245098807,0.000000000000,,gps_back
109.124695346172,140.894402958723,0.000000000000,,gps_back
109.076476981931,140.907637206306,0.000000000000,,gps_back
109.028267252442,140.920902970805,0.000000000000,,gps_back
108.980057522953,140.934168735303,0.000000000000,,gps_back
108.930666265223,140.940500776799,0.000000000000,,gps_back
108.880751073415,140.943418860894,0.000000000000,,gps_back
108.830822376835,140.946117709349,0.000000000000,,gps_back
108.781088733057,140.951077529411,0.000000000000,,gps_back
108.731445295189,140.957051206311,0.000000000000,,gps_back
108.681805888753,140.963058523008,0.000000000000,,gps_back
108.632166482318,140.969065839711,0.000000000000,,gps_back
108.582527075884,140.975073156418,0.000000000000,,gps_back
108.532887669448,140.981080473116,0.000000000000,,gps_back
108.483289081718,140.987412500224,0.000000000000,,gps_back
108.433872410316,140.995003246074,0.000000000000,,gps_back
108.385198205746,141.006255528898,0.000000000000,,gps_back
108.336259432316,141.016386030487,0.000000000000,,gps_back
108.286945771568,141.024631558507,0.000000000000,,gps_back
108.238266531978,141.035848558164,0.000000000000,,gps_back
108.189296982129,141.045813583844,0.000000000000,,gps_back
108.139782871550,141.052650480515,0.000000000000,,gps_back
108.089890370412,141.053706290123,0.000000000000,,gps_back
108.039898413050,141.052725979324,0.000000000000,,gps_back
107.989906240377,141.051756099813,0.000000000000,,gps_back
107.939913865625,141.050796420488,0.000000000000,,gps_back
107.890054572236,141.047364330431,0.000000000000,,gps_back
107.840590977852,141.040250234495,0.000000000000,,gps_back
107.790784605334,141.037269769523,0.000000000000,,gps_back
107.740907925846,141.034037457184,0.000000000000,,gps_back
107.691373289869,141.027403583054,0.000000000000,,gps_back
107.641979410285,141.019632352653,0.000000000000,,gps_back
107.592621763328,141.011634176631,0.000000000000,,gps_back
107.543328369434,141.003250941482,0.000000000000,,gps_back
107.493551557879,140.999623028674,0.000000000000,,gps_back
107.443565100511,140.998445045343,0.000000000000,,gps_back
107.393572662793,140.997488649605,0.000000000000,,gps_back
107.343839457966,140.992847232220,0.000000000000,,gps_back
107.294365915811,140.985635648229,0.000000000000,,gps_back
107.244977319093,140.977830783291,0.000000000000,,gps_back
107.195241254573,140.973053227306,0.000000000000,,gps_back
107.145279458267,140.971511695382,0.000000000000,,gps_back
107.095286120764,140.970607378110,0.000000000000,,gps_back
107.045292861457,140.969695319770,0.000000000000,,gps_back
106.995298868765,140.968824118418,0.000000000000,,gps_back
106.945305889637,140.967897300911,0.000000000000,,gps_back
106.895313465191,140.966940216977,0.000000000000,,gps_back
106.845321027089,140.965983841277,0.000000000000,,gps_back
106.795589667079,140.961316818694,0.000000000000,,gps_back
106.746117243618,140.954097115353,0.000000000000,,gps_back
106.696728809984,140.946291211778,0.000000000000,,gps_back
106.647331488217,140.938541485003,0.000000000000,,gps_back
106.597916365793,140.930905895660,0.000000000000,,gps_back
106.548531886602,140.923075622850,0.000000000000,,gps_back
106.498873995101,140.917383444604,0.000000000000,,gps_back
106.448942700610,140.915381070716,0.000000000000,,gps_back
106.398947680928,140.914575892394,0.000000000000,,gps_back
106.349073764304,140.911337358798,0.000000000000,,gps_back
106.299575249991,140.904457842358,0.000000000000,,gps_back
106.250169149978,140.896764651533,0.000000000000,,gps_back
106.201092545414,140.887259745240,0.000000000000,,gps_back
106.153259942862,140.872919980953,0.000000000000,,gps_back
106.104535891052,140.862119095529,0.000000000000,,gps_back
106.055200185461,140.854004596444,0.000000000000,,gps_back
106.005787752453,140.846351961916,0.000000000000,,gps_back
105.956005577241,140.842126819164,0.000000000000,,gps_back
105.906052929932,140.839978860025,0.000000000000,,gps_back
105.856602338706,140.833179540493,0.000000000000,,gps_back
105.806863100957,140.828629700835,0.000000000000,,gps_back
105.756916252618,140.826351788079,0.000000000000,,gps_back
105.707389591645,140.819976049626,0.000000000000,,gps_back
105.657993087924,140.812221056780,0.000000000000,,gps_back
105.608577450766,140.804588838573,0.000000000000,,gps_back
105.560596685466,140.790981687069,0.000000000000,,gps_back
105.512969991227,140.775756864674,0.000000000000,,gps_back
105.465145676691,140.761165684639,0.000000000000,,gps_back
105.416197413333,140.751328454109,0.000000000000,,gps_back
105.366812329240,140.743505722540,0.000000000000,,gps_back
105.317430933132,140.735655598256,0.000000000000,,gps_back
105.268032787667,140.727911432951,0.000000000000,,gps_back
105.218511567484,140.721012515575,0.000000000000,,gps_back
105.168626978035,140.718642553720,0.000000000000,,gps_back
105.119191253733,140.711923184687,0.000000000000,,gps_back
105.070921146732,140.699104953528,0.000000000000,,gps_back
105.023338544541,140.683757308118,0.000000000000,,gps_back
104.975693376054,140.668592025670,0.000000000000,,gps_back
104.927795105670,140.654247274750,0.000000000000,,gps_back
104.878983096300,140.643594659764,0.000000000000,,gps_back
104.829699013147,140.635179273359,0.000000000000,,gps_back
104.780240382356,140.627842008964,0.000000000000,,gps_back
104.730785563802,140.620469253704,0.000000000000,,gps_back
104.681363682800,140.612877797107,0.000000000000,,gps_back
104.631975655029,140.605069371824,0.000000000000,,gps_back
104.582642593642,140.596921883971,0.000000000000,,gps_back
104.533467661410,140.587878951670,0.000000000000,,gps_back
104.485229733749,140.574888254825,0.000000000000,,gps_back
104.437269740360,140.560746205494,0.000000000000,,gps_back
104.389309746973,140.546604156154,0.000000000000,,gps_back
104.340367237249,140.536653140637,0.000000000000,,gps_back
104.291341647953,140.526844132120,0.000000000000,,gps_back
104.243550737359,140.512350245785,0.000000000000,,gps_back
104.194774407869,140.501758779084,0.000000000000,,gps_back
104.145416567169,140.493781476487,0.000000000000,,gps_back
104.096030039968,140.485963382159,0.000000000000,,gps_back
104.047305607331,140.474880103477,0.000000000000,,gps_back
103.999164282211,140.461392561473,0.000000000000,,gps_back
103.950100700336,140.452105881466,0.000000000000,,gps_back
103.900763326678,140.443983772993,0.000000000000,,gps_back
103.851514130038,140.435345928891,0.000000000000,,gps_back
103.803264884887,140.422430671185,0.000000000000,,gps_back
103.754845085926,140.409990340204,0.000000000000,,gps_back
103.705789571759,140.400397100843,0.000000000000,,gps_back
103.657953382577,140.386151127526,0.000000000000,,gps_back
103.609535977383,140.373818979826,0.000000000000,,gps_back
103.560275315352,140.365388510059,0.000000000000,,gps_back
103.510966802323,140.357100514510,0.000000000000,,gps_back
103.461645723742,140.348880472467,0.000000000000,,gps_back
103.412276412758,140.340954842801,0.000000000000,,gps_back
103.364356224179,140.327069294259,0.000000000000,,gps_back
103.316056813953,140.314225904924,0.000000000000,,gps_back
103.267034364104,140.304457424447,0.000000000000,,gps_back
103.218811548269,140.291412379614,0.000000000000,,gps_back
103.170323577355,140.279250990675,0.000000000000,,gps_back
103.121263681611,140.269653307201,0.000000000000,,gps_back
103.072498705841,140.258652235289,0.000000000000,,gps_back
103.023848019672,140.247108004672,0.000000000000,,gps_back
102.975215856087,140.235486067495,0.000000000000,,gps_back
102.927111333711,140.221885393269,0.000000000000,,gps_back
102.878698151108,140.209415743120,0.000000000000,,gps_back
102.829639358282,140.199839787686,0.000000000000,,gps_back
102.780382131682,140.191245835681,0.000000000000,,gps_back
102.731664736888,140.180076708691,0.000000000000,,gps_back
102.683575612449,140.166413321617,0.000000000000,,gps_back
102.634604926138,140.156578410235,0.000000000000,,gps_back
102.586031161573,140.144828717765,0.000000000000,,gps_back
102.538328185786,140.129895879804,0.000000000000,,gps_back
102.490460722058,140.115456366765,0.000000000000,,gps_back
102.441984160766,140.103244906045,0.000000000000,,gps_back
102.392958372191,140.093466621161,0.000000000000,,gps_back
102.344754051903,140.080337733259,0.000000000000,,gps_back
102.296194088039,140.068479212700,0.000000000000,,gps_back
102.246912684031,140.060161811570,0.000000000000,,gps_back
102.198766753368,140.046988521764,0.000000000000,,gps_back
102.151110372959,140.031857212046,0.000000000000,,gps_back
102.103287374302,140.017262862771,0.000000000000,,gps_back
102.054504457978,140.006453751588,0.000000000000,,gps_back
102.005240290442,139.997926305231,0.000000000000,,gps_back
101.955838879034,139.990205981388,0.000000000000,,gps_back
101.906546208169,139.981825404022,0.000000000000,,gps_back
101.857638491828,139.971464048633,0.000000000000,,gps_back
101.809506487826,139.957989092563,0.000000000000,,gps_back
101.760717952142,139.947177647877,0.000000000000,,gps_back
101.711473535113,139.938535428848,0.000000000000,,gps_back
101.662114943329,139.930544061431,0.000000000000,,gps_back
101.612296751842,139.926813119716,0.000000000000,,gps_back
101.562315935507,139.925561749425,0.000000000000,,gps_back
101.512319194956,139.924873492930,0.000000000000,,gps_back
101.462577321321,139.920195012051,0.000000000000,,gps_back
101.413239723205,139.912158409682,0.000000000000,,gps_back
101.363851364131,139.904361748328,0.000000000000,,gps_back
101.314060620992,139.900075385408,0.000000000000,,gps_back
101.264095989337,139.898358303273,0.000000000000,,gps_back
101.214607556610,139.891706339204,0.000000000000,,gps_back
101.165272853949,139.883567956452,0.000000000000,,gps_back
101.115982778955,139.875163429702,0.000000000000,,gps_back
101.066588986758,139.867398305656,0.000000000000,,gps_back
101.017187510080,139.859675019290,0.000000000000,,gps_back
100.967811046918,139.851793437014,0.000000000000,,gps_back
100.918511419290,139.843447192500,0.000000000000,,gps_back
100.869193694085,139.835206432023,0.000000000000,,gps_back
100.819824389733,139.827280953787,0.000000000000,,gps_back
100.770522571971,139.818948118149,0.000000000000,,gps_back
100.721187760584,139.810811018332,0.000000000000,,gps_back
100.671781519319,139.803120233746,0.000000000000,,gps_back
100.621909631131,139.800422710322,0.000000000000,,gps_back
100.571928886132,139.801280044694,0.000000000000,,gps_back
100.522225675603,139.806431287671,0.000000000000,,gps_back
100.472463214830,139.803818860614,0.000000000000,,gps_back
100.423009236868,139.796547987028,0.000000000000,,gps_back
100.373596200384,139.788899415448,0.000000000000,,gps_back
100.324195965587,139.781168202130,0.000000000000,,gps_back
100.274814533458,139.773317672209,0.000000000000,,gps_back
100.225531600311,139.764875060929,0.000000000000,,gps_back
100.175663043391,139.763589603296,0.000000000000,,gps_back
100.125946417105,139.768497884044,0.000000000000,,gps_back
100.076010237488,139.768682889186,0.000000000000,,gps_back
100.026017850779,139.767723829667,0.000000000000,,gps_back
99.976025402191,139.766768001316,0.000000000000,,gps_back
99.926032942914,139.765812731399,0.000000000000,,gps_back
99.876040514545,139.764855845599,0.000000000000,,gps_back
99.826048159130,139.763895156911,0.000000000000,,gps_back
99.776344996688,139.758772672797,0.000000000000,,gps_back
99.726753289998,139.752386372521,0.000000000000,,gps_back
99.676830846418,139.750417212516,0.000000000000,,gps_back
99.627149837497,139.745090772667,0.000000000000,,gps_back
99.577703733776,139.737679146171,0.000000000000,,gps_back
99.528318925899,139.729850147440,0.000000000000,,gps_back
99.478531235472,139.725502877881,0.000000000000,,gps_back
99.428566261641,139.723791487840,0.000000000000,,gps_back
99.379179687870,139.716433902937,0.000000000000,,gps_back
99.329826335505,139.708411498846,0.000000000000,,gps_back
99.280416453165,139.700742814180,0.000000000000,,gps_back
99.231030857147,139.692918926302,0.000000000000,,gps_back
99.181635154372,139.685158706562,0.000000000000,,gps_back
99.132218419183,139.677533602960,0.000000000000,,gps_back
99.082834574601,139.669698811912,0.000000000000,,gps_back
99.033447227557,139.661885513121,0.000000000000,,gps_back
98.984025903003,139.654290583909,0.000000000000,,gps_back
98.934185293476,139.650672046312,0.000000000000,,gps_back
98.884292287249,139.647383650633,0.000000000000,,gps_back
98.834840217623,139.640179522046,0.000000000000,,gps_back
98.785432889296,139.632494164831,0.000000000000,,gps_back
98.736015228296,139.624874900088,0.000000000000,,gps_back
98.686636339144,139.617009028701,0.000000000000,,gps_back
98.637240521079,139.609249693822,0.000000000000,,gps_back
98.587817372501,139.601666370694,0.000000000000,,gps_back
98.537912653043,139.599686229033,0.000000000000,,gps_back
98.488039030189,139.596270712140,0.000000000000,,gps_back
98.438552867596,139.589238902705,0.000000000000,,gps_back
98.389162226990,139.581446820558,0.000000000000,,gps_back
98.339807716916,139.573429085698,0.000000000000,,gps_back
98.290532312499,139.564940402170,0.000000000000,,gps_back
98.241183404168,139.556890923067,0.000000000000,,gps_back
98.191830685175,139.548861809098,0.000000000000,,gps_back
98.142546262624,139.540425253975,0.000000000000,,gps_back
98.093200539310,139.532355388930,0.000000000000,,gps_back
98.043818870015,139.524506469714,0.000000000000,,gps_back
97.994403953415,139.516869838984,0.000000000000,,gps_back
97.945008133217,139.509110522892,0.000000000000,,gps_back
97.895519247544,139.501973923020,0.000000000000,,gps_back
97.845596805350,139.500303551153,0.000000000000,,gps_back
97.795900161851,139.495121999569,0.000000000000,,gps_back
97.746481863812,139.487537253338,0.000000000000,,gps_back
97.697067834376,139.479895051439,0.000000000000,,gps_back
97.647667299820,139.472165700772,0.000000000000,,gps_back
97.598285208757,139.464319300748,0.000000000000,,gps_back
97.548871754940,139.456673341308,0.000000000000,,gps_back
97.499169055749,139.451295660557,0.000000000000,,gps_back
97.449215370244,139.449579171512,0.000000000000,,gps_back
97.399706041267,139.442958248341,0.000000000000,,gps_back
97.350353018744,139.434933342038,0.000000000000,,gps_back
97.301120196250,139.426202993234,0.000000000000,,gps_back
97.251730028039,139.418420004309,0.000000000000,,gps_back
97.202327617424,139.410702616850,0.000000000000,,gps_back
97.152951953679,139.402816018209,0.000000000000,,gps_back
97.103652162107,139.394469993799,0.000000000000,,gps_back
97.054319921807,139.386316703233,0.000000000000,,gps_back
97.004911443745,139.378640222126,0.000000000000,,gps_back
96.955024003742,139.375943462424,0.000000000000,,gps_back
96.905119639195,139.372867083845,0.000000000000,,gps_back
96.855811197050,139.364804172123,0.000000000000,,gps_back
96.807520718321,139.351943380126,0.000000000000,,gps_back
96.759145173948,139.339301009932,0.000000000000,,gps_back
96.709864789479,139.331017659930,0.000000000000,,gps_back
96.660562890198,139.322687371442,0.000000000000,,gps_back
96.611291149516,139.314175414687,0.000000000000,,gps_back
96.561891817483,139.306444895009,0.000000000000,,gps_back
96.512495559402,139.298688327910,0.000000000000,,gps_back
96.463122789781,139.290783542637,0.000000000000,,gps_back
96.413836832925,139.282356719346,0.000000000000,,gps_back
96.364475635807,139.274382775229,0.000000000000,,gps_back
96.315163884606,139.266107207947,0.000000000000,,gps_back
96.267092360611,139.252518211202,0.000000000000,,gps_back
96.218563911991,139.240511906829,0.000000000000,,gps_back
96.169369037962,139.231635264484,0.000000000000,,gps_back
96.119967439916,139.223918067686,0.000000000000,,gps_back
96.070567571540,139.216184452422,0.000000000000,,gps_back
96.021192565233,139.208293680328,0.000000000000,,gps_back
95.971898546890,139.199913751551,0.000000000000,,gps_back
95.923148131228,139.188848155000,0.000000000000,,gps_back
95.875166985352,139.174816335334,0.000000000000,,gps_back
95.826203522584,139.164840100648,0.000000000000,,gps_back
95.776889360079,139.156587731248,0.000000000000,,gps_back
95.727479493083,139.148919922013,0.000000000000,,gps_back
95.678216818385,139.140363881601,0.000000000000,,gps_back
95.629446616515,139.129373093652,0.000000000000,,gps_back
95.581390444360,139.115595900256,0.000000000000,,gps_back
95.532432469347,139.105566021568,0.000000000000,,gps_back
95.482789486485,139.099755281481,0.000000000000,,gps_back
95.432831104937,139.098254734490,0.000000000000,,gps_back
95.384527715435,139.086074947630,0.000000000000,,gps_back
95.336159649874,139.073406069626,0.000000000000,,gps_back
95.286851225842,139.065270251082,0.000000000000,,gps_back
95.237463869658,139.057457529319,0.000000000000,,gps_back
95.188111153316,139.049428618407,0.000000000000,,gps_back
95.138829722950,139.040974196766,0.000000000000,,gps_back
95.089484454104,139.032900947168,0.000000000000,,gps_back
95.040104085956,139.025043825956,0.000000000000,,gps_back
94.990688178318,139.017413565895,0.000000000000,,gps_back
94.940847697805,139.013657054766,0.000000000000,,gps_back
94.890928716732,139.010787361785,0.000000000000,,gps_back
94.841451996419,139.003723384064,0.000000000000,,gps_back
94.792088849541,138.995759633109,0.000000000000,,gps_back
94.742759685370,138.987587201972,0.000000000000,,gps_back
94.693433913892,138.979394107727,0.000000000000,,gps_back
94.644079582373,138.971375096358,0.000000000000,,gps_back
94.594719561071,138.963390936978,0.000000000000,,gps_back
94.545437187153,138.954942392026,0.000000000000,,gps_back
94.495606789963,138.951172215698,0.000000000000,,gps_back
94.445696211688,138.948157307765,0.000000000000,,gps_back
94.397971636181,138.933774786075,0.000000000000,,gps_back
94.348518538539,138.927096923733,0.000000000000,,gps_back
94.298569093523,138.925146554374,0.000000000000,,gps_back
94.249286398616,138.916968776729,0.000000000000,,gps_back
94.199862704697,138.909400089306,0.000000000000,,gps_back
94.150338129672,138.902512155824,0.000000000000,,gps_back
94.101078340352,138.893949424004,0.000000000000,,gps_back
94.051760464867,138.885710511093,0.000000000000,,gps_back
94.002348906096,138.878053677867,0.000000000000,,gps_back
93.952970729186,138.870183051275,0.000000000000,,gps_back
93.903579712570,138.862393006032,0.000000000000,,gps_back
93.854155479775,138.854816761245,0.000000000000,,gps_back
93.804767654088,138.847006861407,0.000000000000,,gps_back
93.755385737676,138.839159260400,0.000000000000,,gps_back
93.705969097466,138.831533707307,0.000000000000,,gps_back
93.656664114307,138.823219561127,0.000000000000,,gps_back
93.607400198626,138.814662569663,0.000000000000,,gps_back
93.557987942791,138.807014080431,0.000000000000,,gps_back
93.508652347890,138.798882440059,0.000000000000,,gps_back
93.459359555880,138.790493454276,0.000000000000,,gps_back
93.409988255937,138.782580932479,0.000000000000,,gps_back
93.360669676603,138.774345517825,0.000000000000,,gps_back
93.311372722131,138.765980834013,0.000000000000,,gps_back
93.262007999939,138.758026923072,0.000000000000,,gps_back
93.212161533280,138.754325133319,0.000000000000,,gps_back
93.162228412868,138.751717875548,0.000000000000,,gps_back
93.112801025344,138.744312265186,0.000000000000,,gps_back
93.064214768595,138.732562553745,0.000000000000,,gps_back
93.016068932928,138.719073601967,0.000000000000,,gps_back
92.966231029231,138.717077662982,0.000000000000,,gps_back
92.916724074523,138.710284355148,0.000000000000,,gps_back
92.868654111063,138.696641596850,0.000000000000,,gps_back
92.819127032389,138.690126394723,0.000000000000,,gps_back
92.769335051319,138.685568311297,0.000000000000,,gps_back
92.719532342875,138.681113116933,0.000000000000,,gps_back
92.670046987162,138.673985038775,0.000000000000,,gps_back
92.621061042028,138.663985752258,0.000000000000,,gps_back
92.573033545714,138.650112455785,0.000000000000,,gps_back
92.524108274039,138.639850473748,0.000000000000,,gps_back
92.474667353040,138.632415347493,0.000000000000,,gps_back
92.424704089196,138.631346548907,0.000000000000,,gps_back
92.374887368008,138.627154966190,0.000000000000,,gps_back
92.325488736082,138.619459733357,0.000000000000,,gps_back
92.275543946738,138.617685452412,0.000000000000,,gps_back
92.225870489071,138.612071907391,0.000000000000,,gps_back
92.177820146850,138.598370043311,0.000000000000,,gps_back
92.128107437178,138.593491354476,0.000000000000,,gps_back
92.078157321050,138.591273077105,0.000000000000,,gps_back
92.028712977776,138.583917381204,0.000000000000,,gps_back
91.979407594306,138.575603941019,0.000000000000,,gps_back
91.930153014100,138.566993395553,0.000000000000,,gps_back
91.880740364936,138.559344671537,0.000000000000,,gps_back
91.831277372652,138.552025719515,0.000000000000,,gps_back
91.781785297266,138.544905933517,0.000000000000,,gps_back
91.732468179768,138.536664605363,0.000000000000,,gps_back
91.683100048729,138.528731134339,0.000000000000,,gps_back
91.633617671198,138.521545906246,0.000000000000,,gps_back
91.584187068528,138.514011510601,0.000000000000,,gps_back
91.534785922725,138.506285975124,0.000000000000,,gps_back
91.485386013749,138.498552443048,0.000000000000,,gps_back
91.436047974789,138.490433979382,0.000000000000,,gps_back
91.386884800175,138.481318308849,0.000000000000,,gps_back
91.338953828747,138.467120704820,0.000000000000,,gps_back
91.290254609862,138.455803427253,0.000000000000,,gps_back
91.240862128294,138.448055712033,0.000000000000,,gps_back
91.191483879518,138.440185261533,0.000000000000,,gps_back
91.142141892423,138.432090517671,0.000000000000,,gps_back
91.092866636410,138.423599275338,0.000000000000,,gps_back
91.043500274640,138.415655271378,0.000000000000,,gps_back
90.994473614224,138.405837438084,0.000000000000,,gps_back
90.946473422219,138.391857547570,0.000000000000,,gps_back
90.897447876514,138.382066795319,0.000000000000,,gps_back
90.848045804225,138.374356212855,0.000000000000,,gps_back
90.798672632665,138.366453947534,0.000000000000,,gps_back
90.748863404603,138.362128246309,0.000000000000,,gps_back
90.698876537760,138.361064519834,0.000000000000,,gps_back
90.651202170098,138.346216956695,0.000000000000,,gps_back
90.602719061686,138.334002146111,0.000000000000,,gps_back
90.553452626681,138.325483058933,0.000000000000,,gps_back
90.504029217230,138.317902555509,0.000000000000,,gps_back
90.454629252464,138.310169441563,0.000000000000,,gps_back
90.405256841140,138.302262314287,0.000000000000,,gps_back
90.355974744835,138.293811001078,0.000000000000,,gps_back
90.306650934266,138.285606237132,0.000000000000,,gps_back
90.257280638954,138.277685999835,0.000000000000,,gps_back
90.207864563289,138.270056609643,0.000000000000,,gps_back
90.158458696938,138.262361238924,0.000000000000,,gps_back
90.109078488791,138.254502944079,0.000000000000,,gps_back
90.059668323966,138.246835284566,0.000000000000,,gps_back
90.010467671770,138.237924173709,0.000000000000,,gps_back
89.962556784344,138.223645313239,0.000000000000,,gps_back
89.913715915353,138.212953061604,0.000000000000,,gps_back
89.864309026712,138.205278311789,0.000000000000,,gps_back
89.814331897779,138.204081596509,0.000000000000,,gps_back
89.764339478517,138.203124321245,0.000000000000,,gps_back
89.714347019240,138.202169051315,0.000000000000,,gps_back
89.665815242295,138.190257965893,0.000000000000,,gps_back
89.617510521608,138.177342809914,0.000000000000,,gps_back
89.568265371921,138.168698325541,0.000000000000,,gps_back
89.518908054057,138.160697839687,0.000000000000,,gps_back
89.469519648863,138.152891218136,0.000000000000,,gps_back
89.420100042288,138.145284621882,0.000000000000,,gps_back
89.370214471105,138.141928233810,0.000000000000,,gps_back
89.320237237317,138.140383010901,0.000000000000,,gps_back
89.270856817716,138.132563592578,0.000000000000,,gps_back
89.221461005253,138.124803960667,0.000000000000,,gps_back
89.172041197824,138.117198645823,0.000000000000,,gps_back
89.122657985140,138.109359258003,0.000000000000,,gps_back
89.073264982945,138.101581739349,0.000000000000,,gps_back
89.023845212982,138.093976186615,0.000000000000,,gps_back
88.974460968736,138.086143296112,0.000000000000,,gps_back
88.925079416338,138.078293404060,0.000000000000,,gps_back
88.875652646814,138.070733525629,0.000000000000,,gps_back
88.827018073923,138.059131881141,0.000000000000,,gps_back
88.779159189364,138.044654721930,0.000000000000,,gps_back
88.729786097510,138.036785230626,0.000000000000,,gps_back
88.680379640290,138.029093651306,0.000000000000,,gps_back
88.631007643214,138.021183917178,0.000000000000,,gps_back
88.581068170834,138.018759283696,0.000000000000,,gps_back
88.531127658042,138.016288735978,0.000000000000,,gps_back
88.481703653055,138.008723638929,0.000000000000,,gps_back
88.432376750839,138.000537512446,0.000000000000,,gps_back
88.383079734588,137.992173154279,0.000000000000,,gps_back
88.333708648575,137.984257796243,0.000000000000,,gps_back
88.284331889536,137.976377809925,0.000000000000,,gps_back
88.234877302056,137.969002142641,0.000000000000,,gps_back
88.184883220392,137.968319015645,0.000000000000,,gps_back
88.135483805799,137.960613710721,0.000000000000,,gps_back
88.087600192883,137.946234603968,0.000000000000,,gps_back
88.037652366193,137.943917171188,0.000000000000,,gps_back
87.987740054644,137.940974367728,0.000000000000,,gps_back
87.938368374916,137.933062619976,0.000000000000,,gps_back
87.888990944570,137.925186842444,0.000000000000,,gps_back
87.839605364428,137.917362363760,0.000000000000,,gps_back
87.790185497762,137.909757432313,0.000000000000,,gps_back
87.740792550212,137.901979575362,0.000000000000,,gps_back
87.691414246570,137.894143884457,0.000000000000,,gps_back
87.641420413141,137.893331204030,0.000000000000,,gps_back
87.591589914810,137.889239193318,0.000000000000,,gps_back
87.542395974028,137.880311934958,0.000000000000,,gps_back
87.494416377189,137.866248991807,0.000000000000,,gps_back
87.445271187224,137.857120599764,0.000000000000,,gps_back
87.395310654358,137.855911887137,0.000000000000,,gps_back
87.346711326045,137.844155370034,0.000000000000,,gps_back
87.298395761000,137.831311426923,0.000000000000,,gps_back
87.249018341540,137.823435912088,0.000000000000,,gps_back
87.199707924593,137.815150921434,0.000000000000,,gps_back
87.150408081505,137.806804420114,0.000000000000,,gps_back
87.100967191101,137.799369004621,0.000000000000,,gps_back
87.051089173563,137.795886339308,0.000000000000,,gps_back
87.001096822624,137.794925417005,0.000000000000,,gps_back
86.951109540315,137.793867951110,0.000000000000,,gps_back
86.901290560156,137.789646327671,0.000000000000,,gps_back
86.851844179018,137.782294125799,0.000000000000,,gps_back
86.801874445778,137.780532035170,0.000000000000,,gps_back
86.751996488654,137.777133198826,0.000000000000,,gps_back
86.702615872866,137.769277504339,0.000000000000,,gps_back
86.653205437697,137.761611565467,0.000000000000,,gps_back
86.603771027527,137.754102159124,0.000000000000,,gps_back
86.554266732819,137.747083101862,0.000000000000,,gps_back
86.504478513898,137.742522070032,0.000000000000,,gps_back
86.454512898750,137.741117369042,0.000000000000,,gps_back
86.405093581699,137.733508892041,0.000000000000,,gps_back
86.355695266219,137.725765267014,0.000000000000,,gps_back
86.306321717694,137.717865420858,0.000000000000,,gps_back
86.256902675964,137.710255113860,0.000000000000,,gps_back
86.207491392076,137.702594774361,0.000000000000,,gps_back
86.158118414507,137.694691241709,0.000000000000,,gps_back
86.108712970157,137.686993164382,0.000000000000,,gps_back
86.059298515580,137.679353266801,0.000000000000,,gps_back
86.009921253705,137.671476713427,0.000000000000,,gps_back
85.960597561034,137.663271267722,0.000000000000,,gps_back
85.911310712785,137.654847870628,0.000000000000,,gps_back
85.861940073111,137.646929690039,0.000000000000,,gps_back
85.812593212088,137.638864635233,0.000000000000,,gps_back
85.763267440611,137.630671540988,0.000000000000,,gps_back
85.713941075369,137.622482041044,0.000000000000,,gps_back
85.664600424174,137.614379052074,0.000000000000,,gps_back
85.615247879187,137.606348807465,0.000000000000,,gps_back
85.565910659444,137.598235155160,0.000000000000,,gps_back
85.516942671980,137.588126880378,0.000000000000,,gps_back
85.468329254592,137.576426701956,0.000000000000,,gps_back
85.419729351357,137.564673398223,0.000000000000,,gps_back
85.371448640587,137.551670752996,0.000000000000,,gps_back
85.323488647198,137.537528703663,0.000000000000,,gps_back
85.275519054847,137.523420209309,0.000000000000,,gps_back
85.227310897410,137.510157287553,0.000000000000,,gps_back
85.178555780751,137.499062373186,0.000000000000,,gps_back
85.129801013108,137.487965927671,0.000000000000,,gps_back
85.081059741611,137.476810988663,0.000000000000,,gps_back
85.032446324223,137.465110810241,0.000000000000,,gps_back
84.983833520072,137.453408090537,0.000000000000,,gps_back
84.935262169914,137.441545255235,0.000000000000,,gps_back
84.887302176526,137.427403205902,0.000000000000,,gps_back
84.839342183137,137.413261156569,0.000000000000,,gps_back
84.791383611227,137.399114306667,0.000000000000,,gps_back
84.743456277669,137.384861967385,0.000000000000,,gps_back
84.695538157204,137.370578681479,0.000000000000,,gps_back
84.647624514300,137.356280563707,0.000000000000,,gps_back
84.599811765340,137.341648579636,0.000000000000,,gps_back
84.552092033179,137.326715874333,0.000000000000,,gps_back
84.504392431954,137.311721958518,0.000000000000,,gps_back
84.457153899397,137.295335185484,0.000000000000,,gps_back
84.410534355946,137.277258219655,0.000000000000,,gps_back
84.363896274094,137.259230770246,0.000000000000,,gps_back
84.316824607213,137.242377768793,0.000000000000,,gps_back
84.268951413278,137.227992469165,0.000000000000,,gps_back
84.222912182891,137.208489501062,0.000000000000,,gps_back
84.177495512716,137.187639702467,0.000000000000,,gps_back
84.129604606552,137.173295031263,0.000000000000,,gps_back
84.083091594423,137.154972669709,0.000000000000,,gps_back
84.038188012252,137.132982442389,0.000000000000,,gps_back
83.992395905808,137.112901577562,0.000000000000,,gps_back
83.946573368146,137.092890251821,0.000000000000,,gps_back
83.900892588173,137.072582625456,0.000000000000,,gps_back
83.857168518847,137.048340566509,0.000000000000,,gps_back
83.814943744915,137.021614029765,0.000000000000,,gps_back
83.769427446834,137.000915662976,0.000000000000,,gps_back
83.723866382180,136.980319525097,0.000000000000,,gps_back
83.679067647525,136.958131825044,0.000000000000,,gps_back
83.636159325475,136.932464553811,0.000000000000,,gps_back
83.594233656470,136.905217602047,0.000000000000,,gps_back
83.552348430375,136.877908523341,0.000000000000,,gps_back
83.510406752298,136.850686238806,0.000000000000,,gps_back
83.468390292398,136.823579510419,0.000000000000,,gps_back
83.426439004054,136.796372015574,0.000000000000,,gps_back
83.384516836343,136.769119675875,0.000000000000,,gps_back
83.342630932332,136.741811641571,0.000000000000,,gps_back
83.300679267055,136.714604744689,0.000000000000,,gps_back
83.258819562651,136.687277866999,0.000000000000,,gps_back
83.219411443508,136.656502277933,0.000000000000,,gps_back
83.180176509021,136.625528158040,0.000000000000,,gps_back
83.138290974813,136.598219553546,0.000000000000,,gps_back
83.096346099403,136.571002194547,0.000000000000,,gps_back
83.054479103765,136.543684263190,0.000000000000,,gps_back
83.014919576841,136.513104608597,0.000000000000,,gps_back
82.975970979318,136.481753476320,0.000000000000,,gps_back
82.935702129286,136.452121234393,0.000000000000,,gps_back
82.893789943074,136.424861902436,0.000000000000,,gps_back
82.850851885822,136.399317375505,0.000000000000,,gps_back
82.812282726928,136.367504080797,0.000000000000,,gps_back
82.775220859915,136.333949387331,0.000000000000,,gps_back
82.736187848236,136.302701836660,0.000000000000,,gps_back
82.696092064486,136.272840830209,0.000000000000,,gps_back
82.654313546124,136.245384908694,0.000000000000,,gps_back
82.614537845781,136.215088686428,0.000000000000,,gps_back
82.575846058263,136.183424974364,0.000000000000,,gps_back
82.538816266409,136.149825198404,0.000000000000,,gps_back
82.502008196602,136.115982581856,0.000000000000,,gps_back
82.465302060906,136.082029406343,0.000000000000,,gps_back
82.428593245099,136.048079131312,0.000000000000,,gps_back
82.391594747919,136.014474438030,0.000000000000,,gps_back
82.351563003182,135.984523206746,0.000000000000,,gps_back
82.313259699451,135.952390221988,0.000000000000,,gps_back
82.276553563759,135.918437046470,0.000000000000,,gps_back
82.239814462678,135.884519967525,0.000000000000,,gps_back
82.202580551789,135.851150459825,0.000000000000,,gps_back
82.164168270006,135.819140225003,0.000000000000,,gps_back
82.125770276196,135.787112944650,0.000000000000,,gps_back
82.087648930443,135.754761519566,0.000000000000,,gps_back
82.050903430031,135.720855672556,0.000000000000,,gps_back
82.015630138459,135.685421033033,0.000000000000,,gps_back
81.981574947683,135.648825369638,0.000000000000,,gps_back
81.944902999789,135.614835274808,0.000000000000,,gps_back
81.908196864098,135.580882099290,0.000000000000,,gps_back
81.871632285864,135.546783579729,0.000000000000,,gps_back
81.836794303835,135.510917736207,0.000000000000,,gps_back
81.802844852937,135.474208953271,0.000000000000,,gps_back
81.769381626419,135.437059973725,0.000000000000,,gps_back
81.734342569935,135.401397355778,0.000000000000,,gps_back
81.697666005273,135.367423602894,0.000000000000,,gps_back
81.663108655926,135.331286400642,0.000000000000,,gps_back
81.629102099220,135.294629714836,0.000000000000,,gps_back
81.594929420615,135.258137096328,0.000000000000,,gps_back
81.558778056743,135.223593905342,0.000000000000,,gps_back
81.522648849668,135.189039051595,0.000000000000,,gps_back
81.488638560502,135.152385828728,0.000000000000,,gps_back
81.454672781114,135.115691735766,0.000000000000,,gps_back
81.421365429848,135.078414085687,0.000000000000,,gps_back
81.390544324472,135.039055838758,0.000000000000,,gps_back
81.356726111047,135.002246652726,0.000000000000,,gps_back
81.320457887070,134.967881272478,0.000000000000,,gps_back
81.288831326603,134.929152957399,0.000000000000,,gps_back
81.257425703035,134.890259738220,0.000000000000,,gps_back
81.223255879621,134.853762036428,0.000000000000,,gps_back
81.187393835041,134.818920463513,0.000000000000,,gps_back
81.150964712329,134.784687434856,0.000000000000,,gps_back
81.116989960531,134.748001406230,0.000000000000,,gps_back
81.083271295776,134.711079852818,0.000000000000,,gps_back
81.049742768003,134.673985696931,0.000000000000,,gps_back
81.015940845886,134.637141029248,0.000000000000,,gps_back
80.982965908924,134.599568293012,0.000000000000,,gps_back
80.952203387159,134.560173675205,0.000000000000,,gps_back
80.917871330446,134.523840386251,0.000000000000,,gps_back
80.881573630113,134.489531637748,0.000000000000,,gps_back
80.850543326611,134.450323735633,0.000000000000,,gps_back
80.818906816006,134.411618929720,0.000000000000,,gps_back
80.784987183561,134.374896324182,0.000000000000,,gps_back
80.753503347201,134.336052474909,0.000000000000,,gps_back
80.722377265454,134.296940548217,0.000000000000,,gps_back
80.688216113618,134.260433317648,0.000000000000,,gps_back
80.652574073435,134.225368517928,0.000000000000,,gps_back
80.616427873962,134.190895804751,0.000000000000,,gps_back
80.585205084687,134.151842984913,0.000000000000,,gps_back
80.552552356135,134.114023429420,0.000000000000,,gps_back
80.516016625021,134.079894518189,0.000000000000,,gps_back
80.481027794515,134.044175638879,0.000000000000,,gps_back
80.446459864120,134.008062874313,0.000000000000,,gps_back
80.410050564013,133.973813418827,0.000000000000,,gps_back
80.376526189276,133.936739774356,0.000000000000,,gps_back
80.345952844940,133.897174269920,0.000000000000,,gps_back
80.315432446397,133.857568367699,0.000000000000,,gps_back
80.285675365317,133.817401743797,0.000000000000,,gps_back
80.257972567102,133.775836964986,0.000000000000,,gps_back
80.224675511462,133.738574848095,0.000000000000,,gps_back
80.188641566872,133.704000143122,0.000000000000,,gps_back
80.157598092040,133.664803076770,0.000000000000,,gps_back
80.125776333208,133.626249252301,0.000000000000,,gps_back
80.091766529190,133.589595579398,0.000000000000,,gps_back
80.057871038397,133.552838212793,0.000000000000,,gps_back
80.025079091091,133.515108030541,0.000000000000,,gps_back
79.994187367060,133.475824990381,0.000000000000,,gps_back
79.959588150142,133.439747470970,0.000000000000,,gps_back
79.923125302198,133.405565428642,0.000000000000,,gps_back
79.889479871492,133.368577085666,0.000000000000,,gps_back
79.855988341930,133.331449253239,0.000000000000,,gps_back
79.822650246680,133.294186956757,0.000000000000,,gps_back
79.790551891264,133.255856877833,0.000000000000,,gps_back
79.759836236862,133.216413856005,0.000000000000,,gps_back
79.727003773662,133.178704151024,0.000000000000,,gps_back
79.693724609451,133.141405923575,0.000000000000,,gps_back
79.662941808468,133.102003339730,0.000000000000,,gps_back
79.632418796527,133.062399019013,0.000000000000,,gps_back
79.601751816636,133.022914214517,0.000000000000,,gps_back
79.569273801321,132.984901181461,0.000000000000,,gps_back
79.535947306544,132.947640178678,0.000000000000,,gps_back
79.504704642911,132.908601106648,0.000000000000,,gps_back
79.472623112490,132.870326379038,0.000000000000,,gps_back
79.436292939766,132.835998674743,0.000000000000,,gps_back
79.402912631456,132.798798699529,0.000000000000,,gps_back
79.372033617693,132.759484198865,0.000000000000,,gps_back
79.339120748957,132.721842833677,0.000000000000,,gps_back
79.306239343823,132.684192092003,0.000000000000,,gps_back
79.275518131464,132.644744210549,0.000000000000,,gps_back
79.243597387775,132.606266271450,0.000000000000,,gps_back
79.210154792761,132.569094789071,0.000000000000,,gps_back
79.177090260116,132.531586416192,0.000000000000,,gps_back
79.144274997513,132.493859541614,0.000000000000,,gps_back
79.111459734909,132.456132667036,0.000000000000,,gps_back
79.078644472305,132.418405792458,0.000000000000,,gps_back
79.045829209702,132.380678917880,0.000000000000,,gps_back
79.013013947098,132.342952043302,0.000000000000,,gps_back
78.980365165285,132.305084992271,0.000000000000,,gps_back
78.948915868053,132.266214652780,0.000000000000,,gps_back
78.917990851030,132.226940243342,0.000000000000,,gps_back
78.884789663189,132.189552849343,0.000000000000,,gps_back
78.851305803947,132.152418099360,0.000000000000,,gps_back
78.817810924197,132.115293288912,0.000000000000,,gps_back
78.784321605788,132.078163461890,0.000000000000,,gps_back
78.750840113676,132.041026577304,0.000000000000,,gps_back
78.717350605587,132.003896921196,0.000000000000,,gps_back
78.684151973196,131.966519784388,0.000000000000,,gps_back
78.652960366243,131.927442209320,0.000000000000,,gps_back
78.622993823490,131.887431851155,0.000000000000,,gps_back
78.595407442959,131.845728796446,0.000000000000,,gps_back
78.568055190725,131.803872442586,0.000000000000,,gps_back
78.541139793523,131.761733676221,0.000000000000,,gps_back
78.513747435242,131.719902990465,0.000000000000,,gps_back
78.485461843482,131.678724962873,0.000000000000,,gps_back
78.452828660492,131.640843307505,0.000000000000,,gps_back
78.419335628014,131.603716831058,0.000000000000,,gps_back
78.385955339448,131.566490425746,0.000000000000,,gps_back
78.353497975520,131.528467968319,0.000000000000,,gps_back
78.322681382838,131.489099217666,0.000000000000,,gps_back
78.290210711541,131.451079371961,0.000000000000,,gps_back
78.257040854501,131.413678669431,0.000000000000,,gps_back
78.225933984296,131.374532214964,0.000000000000,,gps_back
78.195360639959,131.334966710529,0.000000000000,,gps_back
78.164790946734,131.295398386670,0.000000000000,,gps_back
78.134260186729,131.255800047406,0.000000000000,,gps_back
78.103821050315,131.216131212320,0.000000000000,,gps_back
78.073309437614,131.176518095734,0.000000000000,,gps_back
78.042736093277,131.136952591298,0.000000000000,,gps_back
78.012243061599,131.097325929983,0.000000000000,,gps_back
77.982653738152,131.057038746316,0.000000000000,,gps_back
77.955280506100,131.015204967893,0.000000000000,,gps_back
77.925898741793,130.974751312895,0.000000000000,,gps_back
77.894864302834,130.935573919685,0.000000000000,,gps_back
77.861457694451,130.898387733472,0.000000000000,,gps_back
77.830815031728,130.858918637504,0.000000000000,,gps_back
77.803303667689,130.817185770418,0.000000000000,,gps_back
77.773187422171,130.777271958098,0.000000000000,,gps_back
77.742614077834,130.737706453662,0.000000000000,,gps_back
77.712040733498,130.698140949227,0.000000000000,,gps_back
77.681467389157,130.658575444794,0.000000000000,,gps_back
77.650894044818,130.619009940361,0.000000000000,,gps_back
77.620515964708,130.579298573175,0.000000000000,,gps_back
77.591497881836,130.538585037281,0.000000000000,,gps_back
77.563955994539,130.496852980376,0.000000000000,,gps_back
77.536846109421,130.454838714680,0.000000000000,,gps_back
77.509862902304,130.412743989758,0.000000000000,,gps_back
77.482460156309,130.370924091928,0.000000000000,,gps_back
77.457192196922,130.327852213796,0.000000000000,,gps_back
77.436623636097,130.282306115039,0.000000000000,,gps_back
77.412032347059,130.238798520589,0.000000000000,,gps_back
77.384010850150,130.197394385979,0.000000000000,,gps_back
77.354318592008,130.157165418987,0.000000000000,,gps_back
77.324886956440,130.116837278110,0.000000000000,,gps_back
77.300647196703,130.073105546792,0.000000000000,,gps_back
77.275266448765,130.030039540286,0.000000000000,,gps_back
77.248032626537,129.988117816035,0.000000000000,,gps_back
77.223394079809,129.944635214853,0.000000000000,,gps_back
77.201963953814,129.899459607781,0.000000000000,,gps_back
77.181222778984,129.853963957986,0.000000000000,,gps_back
77.161468674796,129.808036032617,0.000000000000,,gps_back
77.143376607461,129.761422822807,0.000000000000,,gps_back
77.126042763427,129.714527906915,0.000000000000,,gps_back
77.110127730670,129.667128993388,0.000000000000,,gps_back
77.092706368164,129.620277228797,0.000000000000,,gps_back
77.073482002545,129.574163011177,0.000000000000,,gps_back
77.059031406991,129.526309004147,0.000000000000,,gps_back
77.047026066516,129.477770142836,0.000000000000,,gps_back
77.033957681903,129.429547955820,0.000000000000,,gps_back
77.017060292758,129.382499456473,0.000000000000,,gps_back
77.002822903143,129.334579749657,0.000000000000,,gps_back
76.990821686111,129.286039975593,0.000000000000,,gps_back
76.978580532988,129.237560154406,0.000000000000,,gps_back
76.966448709006,129.189054639529,0.000000000000,,gps_back
76.953106593977,129.140869986481,0.000000000000,,gps_back
76.938344986918,129.093097612225,0.000000000000,,gps_back
76.923467939466,129.045368257375,0.000000000000,,gps_back
76.910363034132,128.997114699108,0.000000000000,,gps_back
76.896681838426,128.949026964891,0.000000000000,,gps_back
76.882079539294,128.901228032324,0.000000000000,,gps_back
76.870340040285,128.852628195587,0.000000000000,,gps_back
76.855509080831,128.805047039272,0.000000000000,,gps_back
76.832978537027,128.760417890366,0.000000000000,,gps_back
76.812333380738,128.714879551903,0.000000000000,,gps_back
76.793365789633,128.668652363524,0.000000000000,,gps_back
76.778518672309,128.620914422519,0.000000000000,,gps_back
76.766019002428,128.572512730332,0.000000000000,,gps_back
76.754930354334,128.523792295194,0.000000000000,,gps_back
76.739884580436,128.476108517135,0.000000000000,,gps_back
76.724468010398,128.428542971266,0.000000000000,,gps_back
76.709183064286,128.380934956627,0.000000000000,,gps_back
76.693673344283,128.333399886589,0.000000000000,,gps_back
76.677079841020,128.286264413062,0.000000000000,,gps_back
76.657030385986,128.240458544989,0.000000000000,,gps_back
76.637028214236,128.194632014807,0.000000000000,,gps_back
76.618323638925,128.148344923402,0.000000000000,,gps_back
76.605732110612,128.099967973714,0.000000000000,,gps_back
76.595451689715,128.051034641445,0.000000000000,,gps_back
76.585842382235,128.001983113925,0.000000000000,,gps_back
76.579384635369,127.952407913771,0.000000000000,,gps_back
76.574527982293,127.902644378703,0.000000000000,,gps_back
76.568648393945,127.852991296592,0.000000000000,,gps_back
76.561880509262,127.803450032906,0.000000000000,,gps_back
76.554062827767,127.754090685433,0.000000000000,,gps_back
76.542258711840,127.705521199721,0.000000000000,,gps_back
76.527776362181,127.657662868252,0.000000000000,,gps_back
76.513334566343,127.609792291083,0.000000000000,,gps_back
76.498931486476,127.561910061371,0.000000000000,,gps_back
76.484938050071,127.513918074763,0.000000000000,,gps_back
76.472591069539,127.465473995588,0.000000000000,,gps_back
76.458146888207,127.417606814384,0.000000000000,,gps_back
76.443398981643,127.369852081118,0.000000000000,,gps_back
76.431322156273,127.321332919577,0.000000000000,,gps_back
76.418259131801,127.273068327890,0.000000000000,,gps_back
76.404436346108,127.225020855152,0.000000000000,,gps_back
76.389147182860,127.177414215249,0.000000000000,,gps_back
76.373726476904,127.129850019729,0.000000000000,,gps_back
76.359244947289,127.082019179530,0.000000000000,,gps_back
76.348407278800,127.033214578475,0.000000000000,,gps_back
76.337469939843,126.984588243137,0.000000000000,,gps_back
76.318664210388,126.938258125775,0.000000000000,,gps_back
76.300339477922,126.891764084099,0.000000000000,,gps_back
76.284392721481,126.844396817640,0.000000000000,,gps_back
76.265141885063,126.798262820870,0.000000000000,,gps_back
76.243801287374,126.753044348697,0.000000000000,,gps_back
76.222815670917,126.707681841021,0.000000000000,,gps_back
76.205267776206,126.660894507523,0.000000000000,,gps_back
76.190808085123,126.613031727397,0.000000000000,,gps_back
76.174243235203,126.565921816406,0.000000000000,,gps_back
76.154223717728,126.520169457029,0.000000000000,,gps_back
76.138419715715,126.472734933776,0.000000000000,,gps_back
76.120875799644,126.425930942472,0.000000000000,,gps_back
76.100349747795,126.380353722872,0.000000000000,,gps_back
76.077342875403,126.335963808778,0.000000000000,,gps_back
76.055270660835,126.291294884615,0.000000000000,,gps_back
76.040853401828,126.243417530523,0.000000000000,,gps_back
76.026485281696,126.195531825662,0.000000000000,,gps_back
76.010567776535,126.148131541867,0.000000000000,,gps_back
75.993342620288,126.101255458925,0.000000000000,,gps_back
75.971707194294,126.056177006731,0.000000000000,,gps_back
75.950097886251,126.011086047384,0.000000000000,,gps_back
75.928563875183,125.965959061588,0.000000000000,,gps_back
75.907061731157,125.920816903048,0.000000000000,,gps_back
75.885478777155,125.875714540434,0.000000000000,,gps_back
75.862698181611,125.831224313348,0.000000000000,,gps_back
75.837930433176,125.787793135382,0.000000000000,,gps_back
75.815944388096,125.743016667675,0.000000000000,,gps_back
75.799817596290,125.695688374851,0.000000000000,,gps_back
75.781511841415,125.649271709256,0.000000000000,,gps_back
75.758174334865,125.605069285267,0.000000000000,,gps_back
75.738264957847,125.559270771012,0.000000000000,,gps_back
75.722360738263,125.511871757814,0.000000000000,,gps_back
75.704651955935,125.465121590895,0.000000000000,,gps_back
75.684504567372,125.419382132729,0.000000000000,,gps_back
75.663261655432,125.374205364774,0.000000000000,,gps_back
75.646694634053,125.327029445198,0.000000000000,,gps_back
75.628181537130,125.280658549481,0.000000000000,,gps_back
75.603846517967,125.237068458260,0.000000000000,,gps_back
75.575330734048,125.195998869835,0.000000000000,,gps_back
75.548789037663,125.153691999005,0.000000000000,,gps_back
75.524374068522,125.110197908204,0.000000000000,,gps_back
75.494789472990,125.069891098171,0.000000000000,,gps_back
75.466379670143,125.028754311281,0.000000000000,,gps_back
75.439308748205,124.986714761919,0.000000000000,,gps_back
75.411928336281,124.944881466271,0.000000000000,,gps_back
75.383027610150,124.904094554312,0.000000000000,,gps_back
75.353066802903,124.864086148315,0.000000000000,,gps_back
75.325340586509,124.822479764812,0.000000000000,,gps_back
75.298418882965,124.780344618256,0.000000000000,,gps_back
75.271347961027,124.738305068893,0.000000000000,,gps_back
75.244277039090,124.696265519531,0.000000000000,,gps_back
75.217206117152,124.654225970168,0.000000000000,,gps_back
75.190158062581,124.612171732421,0.000000000000,,gps_back
75.163214110275,124.570050744726,0.000000000000,,gps_back
75.136918446131,124.527537325783,0.000000000000,,gps_back
75.112399267793,124.483960204601,0.000000000000,,gps_back
75.087387552387,124.440680439455,0.000000000000,,gps_back
75.060428307076,124.398569887963,0.000000000000,,gps_back
75.033006106668,124.356759159996,0.000000000000,,gps_back
75.004817491812,124.315472468941,0.000000000000,,gps_back
74.974998470998,124.275337709317,0.000000000000,,gps_back
74.944532704900,124.235689382822,0.000000000000,,gps_back
74.913959360572,124.196123878380,0.000000000000,,gps_back
74.883386016237,124.156558373943,0.000000000000,,gps_back
74.853383168166,124.116578178548,0.000000000000,,gps_back
74.825455287792,124.075107035160,0.000000000000,,gps_back
74.798384365854,124.033067485798,0.000000000000,,gps_back
74.771313443917,123.991027936435,0.000000000000,,gps_back
74.744242521979,123.948988387072,0.000000000000,,gps_back
74.717224827083,123.906914759389,0.000000000000,,gps_back
74.690353295364,123.864747504681,0.000000000000,,gps_back
74.663383705532,123.822642930955,0.000000000000,,gps_back
74.636920846663,123.780236630561,0.000000000000,,gps_back
74.612414756275,123.736652231720,0.000000000000,,gps_back
74.587405058942,123.693376091523,0.000000000000,,gps_back
74.560334137002,123.651336542162,0.000000000000,,gps_back
74.533263215059,123.609296992802,0.000000000000,,gps_back
74.506915199395,123.566826644330,0.000000000000,,gps_back
74.482526385796,123.523180558053,0.000000000000,,gps_back
74.455924002624,123.480931062203,0.000000000000,,gps_back
74.424895489779,123.441735005496,0.000000000000,,gps_back
74.392089026799,123.404010706670,0.000000000000,,gps_back
74.358965711367,123.366602685303,0.000000000000,,gps_back
74.328705451187,123.326803093379,0.000000000000,,gps_back
74.300011059099,123.285874521422,0.000000000000,,gps_back
74.272401639057,123.244218183810,0.000000000000,,gps_back
74.242363751197,123.204245259311,0.000000000000,,gps_back
74.212888952353,123.163896925127,0.000000000000,,gps_back
74.186388667038,123.121501163906,0.000000000000,,gps_back
74.161221624634,123.078298924334,0.000000000000,,gps_back
74.136429345150,123.034888654897,0.000000000000,,gps_back
74.109764088599,122.992596427722,0.000000000000,,gps_back
74.081390709543,122.951450631067,0.000000000000,,gps_back
74.051401903846,122.911451380942,0.000000000000,,gps_back
74.023095202019,122.870240840769,0.000000000000,,gps_back
73.996640377934,122.827838567439,0.000000000000,,gps_back
73.972299900582,122.784162391977,0.000000000000,,gps_back
73.946988377907,122.741053165269,0.000000000000,,gps_back
73.918999265582,122.699690403551,0.000000000000,,gps_back
73.887075444206,122.661225283990,0.000000000000,,gps_back
73.853467352806,122.624203844936,0.000000000000,,gps_back
73.820152090006,122.586944177818,0.000000000000,,gps_back
73.789796427736,122.547283864241,0.000000000000,,gps_back
73.762612590220,122.505317859093,0.000000000000,,gps_back
73.735078928376,122.463579950691,0.000000000000,,gps_back
73.707658611740,122.421769218821,0.000000000000,,gps_back
73.680381971102,122.379870729842,0.000000000000,,gps_back
73.651351998972,122.339179260817,0.000000000000,,gps_back
73.620009799235,122.300240798151,0.000000000000,,gps_back
73.586807641933,122.262856920853,0.000000000000,,gps_back
73.553057937799,122.225963731581,0.000000000000,,gps_back
73.519087363029,122.189281892639,0.000000000000,,gps_back
73.483736552794,122.153934935792,0.000000000000,,gps_back
73.448376283074,122.118691480664,0.000000000000,,gps_back
73.416727413633,122.079987294993,0.000000000000,,gps_back
73.386034183291,122.040514825443,0.000000000000,,gps_back
73.355057667044,122.001273648430,0.000000000000,,gps_back
73.322499853053,121.963338075380,0.000000000000,,gps_back
73.287939900980,121.927242886229,0.000000000000,,gps_back
73.251583564388,121.892919304273,0.000000000000,,gps_back
73.216387989031,121.857426787918,0.000000000000,,gps_back
73.181779177916,121.821411101408,0.000000000000,,gps_back
73.143726031984,121.789035796925,0.000000000000,,gps_back
73.103956512211,121.758742137637,0.000000000000,,gps_back
73.064868255332,121.727567308135,0.000000000000,,gps_back
73.024553950673,121.698035185216,0.000000000000,,gps_back
72.983177766054,121.669997773703,0.000000000000,,gps_back
72.943471635264,121.639619354115,0.000000000000,,gps_back
72.905718993343,121.606940710406,0.000000000000,,gps_back
72.870799975003,121.571152496567,0.000000000000,,gps_back
72.835256205441,121.535999490031,0.000000000000,,gps_back
72.799749214927,121.500896982615,0.000000000000,,gps_back
72.767784813813,121.462455599394,0.000000000000,,gps_back
72.735240181826,121.424659668180,0.000000000000,,gps_back
72.698534046129,121.390706492667,0.000000000000,,gps_back
72.661827910433,121.356753317154,0.000000000000,,gps_back
72.626448869569,121.321541323911,0.000000000000,,gps_back
72.594660007264,121.282947419520,0.000000000000,,gps_back
72.561801701331,121.245404073728,0.000000000000,,gps_back
72.525095565635,121.211450898214,0.000000000000,,gps_back
72.488389429945,121.177497722695,0.000000000000,,gps_back
72.451683294255,121.143544547175,0.000000000000,,gps_back
72.414977158560,121.109591371661,0.000000000000,,gps_back
72.378271022863,121.075638196148,0.000000000000,,gps_back
72.341539768479,121.041712247010,0.000000000000,,gps_back
72.304726995944,121.007874746276,0.000000000000,,gps_back
72.266527989264,120.975794264170,0.000000000000,,gps_back
72.225376560912,120.947414452488,0.000000000000,,gps_back
72.186491706191,120.916119685572,0.000000000000,,gps_back
72.150809763288,120.881094411357,0.000000000000,,gps_back
72.115903216334,120.845299551413,0.000000000000,,gps_back
72.081069453714,120.809457546053,0.000000000000,,gps_back
72.044781861762,120.775059297620,0.000000000000,,gps_back
72.009586649496,120.739575107002,0.000000000000,,gps_back
71.975643604800,120.702873014308,0.000000000000,,gps_back
71.940095312279,120.667725663849,0.000000000000,,gps_back
71.903389176581,120.633772488337,0.000000000000,,gps_back
71.866845158097,120.599646874435,0.000000000000,,gps_back
71.831320414171,120.564486077418,0.000000000000,,gps_back
71.797417683626,120.527734054182,0.000000000000,,gps_back
71.763823517249,120.490699195601,0.000000000000,,gps_back
71.730199939461,120.453692132266,0.000000000000,,gps_back
71.695888805494,120.417327800840,0.000000000000,,gps_back
71.660288037575,120.382232639766,0.000000000000,,gps_back
71.623573032042,120.348289056323,0.000000000000,,gps_back
71.587111714177,120.314077648188,0.000000000000,,gps_back
71.552754600020,120.277884535949,0.000000000000,,gps_back
71.521145308387,120.239179569049,0.000000000000,,gps_back
71.486637151747,120.203043897843,0.000000000000,,gps_back
71.450036937094,120.168976666823,0.000000000000,,gps_back
71.413345761012,120.135007328944,0.000000000000,,gps_back
71.376639625320,120.101054153427,0.000000000000,,gps_back
71.339933489631,120.067100977906,0.000000000000,,gps_back
71.303227353937,120.033147802391,0.000000000000,,gps_back
71.265007648381,120.001127372435,0.000000000000,,gps_back
71.223522840411,119.973223887555,0.000000000000,,gps_back
71.183590375427,119.943214415136,0.000000000000,,gps_back
71.145655845007,119.910640137838,0.000000000000,,gps_back
71.107262136440,119.878613022786,0.000000000000,,gps_back
71.069159595511,119.846295143197,0.000000000000,,gps_back
71.034000861203,119.810798775625,0.000000000000,,gps_back
71.000483459908,119.773710703200,0.000000000000,,gps_back
70.965077303808,119.738433205549,0.000000000000,,gps_back
70.928171084391,119.704697623539,0.000000000000,,gps_back
70.891264864975,119.670962041529,0.000000000000,,gps_back
70.854040817318,119.637585201089,0.000000000000,,gps_back
70.815787197012,119.605394049776,0.000000000000,,gps_back
70.776472939819,119.574510289542,0.000000000000,,gps_back
70.736238834665,119.544824190211,0.000000000000,,gps_back
70.695701810257,119.515551204593,0.000000000000,,gps_back
70.655143373264,119.486307885929,0.000000000000,,gps_back
70.614555144900,119.457106001097,0.000000000000,,gps_back
70.573906672321,119.427987963771,0.000000000000,,gps_back
70.532870138103,119.399437046587,0.000000000000,,gps_back
70.490984708733,119.372128270775,0.000000000000,,gps_back
70.449173240462,119.344707289620,0.000000000000,,gps_back
70.408187583228,119.316113073074,0.000000000000,,gps_back
70.368632196206,119.285526640091,0.000000000000,,gps_back
70.328788681230,119.255324994271,0.000000000000,,gps_back
70.288325147473,119.225950543690,0.000000000000,,gps_back
70.248758667658,119.195446288444,0.000000000000,,gps_back
70.211010112784,119.162656385836,0.000000000000,,gps_back
70.172645276257,119.130607075184,0.000000000000,,gps_back
70.132487463583,119.100883128431,0.000000000000,,gps_back
70.090969112764,119.073035851974,0.000000000000,,gps_back
70.050309023431,119.043934433294,0.000000000000,,gps_back
70.009312127683,119.015335357714,0.000000000000,,gps_back
69.967543775930,118.987856092971,0.000000000000,,gps_back
69.926543411459,118.959241045695,0.000000000000,,gps_back
69.886541305643,118.929268486855,0.000000000000,,gps_back
69.848006292821,118.897414525617,0.000000000000,,gps_back
69.809619042468,118.865399424729,0.000000000000,,gps_back
69.769706152500,118.835292793079,0.000000000000,,gps_back
69.729660485485,118.805387139123,0.000000000000,,gps_back
69.691209015991,118.773430513810,0.000000000000,,gps_back
69.652793644091,118.741451638486,0.000000000000,,gps_back
69.612865690595,118.711361015142,0.000000000000,,gps_back
69.572967744426,118.681260546150,0.000000000000,,gps_back
69.534644644033,118.649147647118,0.000000000000,,gps_back
69.496778538157,118.616493187592,0.000000000000,,gps_back
69.458852202835,118.583908664368,0.000000000000,,gps_back
69.420581986224,118.551737199405,0.000000000000,,gps_back
69.381467542464,118.520590992391,0.000000000000,,gps_back
69.341846044231,118.490093221320,0.000000000000,,gps_back
69.301666730016,118.460334461246,0.000000000000,,gps_back
69.260614778791,118.431816205809,0.000000000000,,gps_back
69.218208173545,118.405338502301,0.000000000000,,gps_back
69.175275507207,118.379710704862,0.000000000000,,gps_back
69.132878165743,118.353211363732,0.000000000000,,gps_back
69.090699431603,118.326368504547,0.000000000000,,gps_back
69.047420926276,118.301372158171,0.000000000000,,gps_back
69.003350614153,118.277766947190,0.000000000000,,gps_back
68.960391121171,118.252219799830,0.000000000000,,gps_back
68.918219123311,118.225365715696,0.000000000000,,gps_back
68.874973109820,118.200311510951,0.000000000000,,gps_back
68.831099338155,118.176360695918,0.000000000000,,gps_back
68.788879754720,118.149646146930,0.000000000000,,gps_back
68.748029809146,118.120815652701,0.000000000000,,gps_back
68.706569162241,118.092871192765,0.000000000000,,gps_back
68.665507890151,118.064409715821,0.000000000000,,gps_back
68.626222423359,118.033478136754,0.000000000000,,gps_back
68.586166363571,118.003643524324,0.000000000000,,gps_back
68.544401431200,117.976158714262,0.000000000000,,gps_back
68.503514462464,117.947389893000,0.000000000000,,gps_back
68.461890987808,117.919968045065,0.000000000000,,gps_back
68.417354936781,117.897237689826,0.000000000000,,gps_back
68.373151054019,117.873876752826,0.000000000000,,gps_back
68.329029800483,117.850377003138,0.000000000000,,gps_back
68.284348168939,117.827939888687,0.000000000000,,gps_back
68.240172318426,117.804521644761,0.000000000000,,gps_back
68.195990061910,117.781132784131,0.000000000000,,gps_back
68.151634864219,117.758099510900,0.000000000000,,gps_back
68.108724430085,117.732459958528,0.000000000000,,gps_back
68.067267191409,117.704540694667,0.000000000000,,gps_back
68.026281585782,117.675945846081,0.000000000000,,gps_back
67.983128863574,117.650809874806,0.000000000000,,gps_back
67.939646975496,117.626407885434,0.000000000000,,gps_back
67.898831889313,117.597523871004,0.000000000000,,gps_back
67.857636876495,117.569197962930,0.000000000000,,gps_back
67.814098827809,117.545140483631,0.000000000000,,gps_back
67.767026812399,117.528332463483,0.000000000000,,gps_back
67.720334294465,117.510816898727,0.000000000000,,gps_back
67.675035934243,117.489696627111,0.000000000000,,gps_back
67.628615114998,117.471147830472,0.000000000000,,gps_back
67.581650379861,117.453987638787,0.000000000000,,gps_back
67.534782991291,117.436567404052,0.000000000000,,gps_back
67.488411796173,117.417896787995,0.000000000000,,gps_back
67.442163303782,117.398965557850,0.000000000000,,gps_back
67.394763422424,117.383103316868,0.000000000000,,gps_back
67.347496642820,117.367029956218,0.000000000000,,gps_back
67.301627839251,117.347130252494,0.000000000000,,gps_back
67.256281131893,117.326080557746,0.000000000000,,gps_back
67.211195593402,117.304472363653,0.000000000000,,gps_back
67.165587240755,117.283980208850,0.000000000000,,gps_back
67.119781482952,117.263930573026,0.000000000000,,gps_back
67.073694791178,117.244555323663,0.000000000000,,gps_back
67.026646920242,117.227754861096,0.000000000000,,gps_back
66.979177489584,117.212176699555,0.000000000000,,gps_back
66.932876156594,117.193326313861,0.000000000000,,gps_back
66.887980483552,117.171472906860,0.000000000000,,gps_back
66.844575931698,117.146650878839,0.000000000000,,gps_back
66.800491335649,117.123100865863,0.000000000000,,gps_back
66.755893210622,117.100519306509,0.000000000000,,gps_back
66.712193325056,117.076226918302,0.000000000000,,gps_back
66.668405361818,117.052123164428,0.000000000000,,gps_back
66.623585150585,117.029965003416,0.000000000000,,gps_back
66.578202196487,117.008988705555,0.000000000000,,gps_back
66.532402649151,116.988924838538,0.000000000000,,gps_back
66.486577902641,116.968918572944,0.000000000000,,gps_back
66.440026796831,116.950872362560,0.000000000000,,gps_back
66.392130527325,116.936521531262,0.000000000000,,gps_back
66.344008896040,116.922944613378,0.000000000000,,gps_back
66.295743640848,116.909882472785,0.000000000000,,gps_back
66.247443408765,116.896950270541,0.000000000000,,gps_back
66.199212609455,116.883769220162,0.000000000000,,gps_back
66.151234714011,116.869694563566,0.000000000000,,gps_back
66.104138701397,116.853124562143,0.000000000000,,gps_back
66.057993444388,116.833899272768,0.000000000000,,gps_back
66.010872786991,116.817266160187,0.000000000000,,gps_back
65.963545485068,116.801280677642,0.000000000000,,gps_back
65.917384093956,116.782077632356,0.000000000000,,gps_back
65.871576073107,116.762033160082,0.000000000000,,gps_back
65.825745972931,116.742039160091,0.000000000000,,gps_back
65.779937691416,116.721995245274,0.000000000000,,gps_back
65.733589387727,116.703343005165,0.000000000000,,gps_back
65.686038612834,116.687915231994,0.000000000000,,gps_back
65.638078619446,116.673773182658,0.000000000000,,gps_back
65.589869786325,116.660564273841,0.000000000000,,gps_back
65.540962065935,116.650324049034,0.000000000000,,gps_back
65.491895359281,116.640909147701,0.000000000000,,gps_back
65.443427352811,116.628628201520,0.000000000000,,gps_back
65.395267715472,116.615205657878,0.000000000000,,gps_back
65.347382941637,116.600811028345,0.000000000000,,gps_back
65.299470014853,116.586510456015,0.000000000000,,gps_back
65.251527588482,116.572309006017,0.000000000000,,gps_back
65.203570963733,116.558155540585,0.000000000000,,gps_back
65.155610970345,116.544013491252,0.000000000000,,gps_back
65.108037100852,116.528705102615,0.000000000000,,gps_back
65.061520578069,116.510419226332,0.000000000000,,gps_back
65.015033119909,116.492158942438,0.000000000000,,gps_back
64.967311212524,116.477247336871,0.000000000000,,gps_back
64.919209307442,116.463610567292,0.000000000000,,gps_back
64.870702802533,116.451516010666,0.000000000000,,gps_back
64.821679831557,116.441778819158,0.000000000000,,gps_back
64.772263431214,116.434160953249,0.000000000000,,gps_back
64.722764548380,116.427088973758,0.000000000000,,gps_back
64.673251376677,116.420117291536,0.000000000000,,gps_back
64.623754288905,116.413033802476,0.000000000000,,gps_back
64.574321095937,116.405522611529,0.000000000000,,gps_back
64.524915206142,116.397832791095,0.000000000000,,gps_back
64.475441185096,116.390589250736,0.000000000000,,gps_back
64.426509754703,116.380880498039,0.000000000000,,gps_back
64.378520210460,116.366839292836,0.000000000000,,gps_back
64.330560217073,116.352697243500,0.000000000000,,gps_back
64.282519232185,116.338837938393,0.000000000000,,gps_back
64.234315537557,116.325551041985,0.000000000000,,gps_back
64.186165854522,116.312077676115,0.000000000000,,gps_back
64.138202458560,116.297947394839,0.000000000000,,gps_back
64.090290111990,116.283645097838,0.000000000000,,gps_back
64.042392624254,116.269293097880,0.000000000000,,gps_back
63.994449488564,116.255094079951,0.000000000000,,gps_back
63.946489495176,116.240952030618,0.000000000000,,gps_back
63.898349029565,116.227465056926,0.000000000000,,gps_back
63.849703756215,116.215959558176,0.000000000000,,gps_back
63.800717086547,116.205936349109,0.000000000000,,gps_back
63.751730416879,116.195913140041,0.000000000000,,gps_back
63.703029904570,116.184690703533,0.000000000000,,gps_back
63.654840482331,116.171353084660,0.000000000000,,gps_back
63.606724318843,116.157751859115,0.000000000000,,gps_back
63.558608155354,116.144150633571,0.000000000000,,gps_back
63.510491991865,116.130549408027,0.000000000000,,gps_back
63.462375828376,116.116948182484,0.000000000000,,gps_back
63.414262750700,116.103336052850,0.000000000000,,gps_back
63.366227093548,116.089457114421,0.000000000000,,gps_back
63.318308973084,116.075173828513,0.000000000000,,gps_back
63.270390852619,116.060890542605,0.000000000000,,gps_back
63.222413041823,116.046811670017,0.000000000000,,gps_back
63.174322576228,116.033120059540,0.000000000000,,gps_back
63.126206412739,116.019518833996,0.000000000000,,gps_back
63.078111855241,116.005841773266,0.000000000000,,gps_back
63.030090308627,115.991911244852,0.000000000000,,gps_back
62.982130315238,115.977769195519,0.000000000000,,gps_back
62.934124914954,115.963783591672,0.000000000000,,gps_back
62.885738670874,115.951280138279,0.000000000000,,gps_back
62.836855687916,115.940762890431,0.000000000000,,gps_back
62.787972704958,115.930245642584,0.000000000000,,gps_back
62.739091580190,115.919719767757,0.000000000000,,gps_back
62.690214115216,115.909176906327,0.000000000000,,gps_back
62.641337714446,115.898629111632,0.000000000000,,gps_back
62.592362639379,115.888569254109,0.000000000000,,gps_back
62.543090740804,115.880125106437,0.000000000000,,gps_back
62.493625493351,115.872825161561,0.000000000000,,gps_back
62.444234576382,115.865037971065,0.000000000000,,gps_back
62.395275458494,115.855153282136,0.000000000000,,gps_back
62.346974581070,115.842224798628,0.000000000000,,gps_back
62.298876395718,115.828574939737,0.000000000000,,gps_back
62.250980861169,115.814216361102,0.000000000000,,gps_back
62.203041176729,115.800005731604,0.000000000000,,gps_back
62.154502667162,115.788492337072,0.000000000000,,gps_back
62.105120354695,115.780675320867,0.000000000000,,gps_back
62.056304843213,115.770131364893,0.000000000000,,gps_back
62.008177903839,115.756568318342,0.000000000000,,gps_back
61.960050964466,115.743005271792,0.000000000000,,gps_back
61.911500819025,115.731285189341,0.000000000000,,gps_back
61.862195146630,115.722996763156,0.000000000000,,gps_back
61.812736332883,115.715651771964,0.000000000000,,gps_back
61.763255977832,115.708451755473,0.000000000000,,gps_back
61.713811523252,115.701009465112,0.000000000000,,gps_back
61.664179547314,115.695627191221,0.000000000000,,gps_back
61.614214835120,115.693708027470,0.000000000000,,gps_back
61.564420048120,115.689833799738,0.000000000000,,gps_back
61.514894186672,115.682953116467,0.000000000000,,gps_back
61.465389728532,115.675920481003,0.000000000000,,gps_back
61.415928796648,115.668590823214,0.000000000000,,gps_back
61.366522718464,115.660897546711,0.000000000000,,gps_back
61.317097479760,115.653334895927,0.000000000000,,gps_back
61.267749804346,115.645345163520,0.000000000000,,gps_back
61.219079422522,115.634145214340,0.000000000000,,gps_back
61.170667850691,115.621865500107,0.000000000000,,gps_back
61.121406004407,115.613371552365,0.000000000000,,gps_back
61.071939180049,115.606081712679,0.000000000000,,gps_back
61.022401513444,115.599370084493,0.000000000000,,gps_back
60.972581869591,115.595656157030,0.000000000000,,gps_back
60.922618143161,115.596057522916,0.000000000000,,gps_back
60.872779861811,115.599874612790,0.000000000000,,gps_back
60.822955891940,115.603191672961,0.000000000000,,gps_back
60.772957462291,115.602926547494,0.000000000000,,gps_back
60.722964083571,115.602021606696,0.000000000000,,gps_back
60.672991694596,115.602423166292,0.000000000000,,gps_back
60.623144434724,115.606061814602,0.000000000000,,gps_back
60.573320474236,115.609515524972,0.000000000000,,gps_back
60.523323554182,115.609478230905,0.000000000000,,gps_back
60.473330122210,115.608576371763,0.000000000000,,gps_back
60.423337332722,115.607638788141,0.000000000000,,gps_back
60.373343701207,115.606747305199,0.000000000000,,gps_back
60.323416342341,115.607912234260,0.000000000000,,gps_back
60.273617464262,115.612392328225,0.000000000000,,gps_back
60.223767374536,115.614862468392,0.000000000000,,gps_back
60.173777940595,115.613761736714,0.000000000000,,gps_back
60.123785638691,115.612802039521,0.000000000000,,gps_back
60.073791896952,115.611917065556,0.000000000000,,gps_back
60.023795887265,115.611225793639,0.000000000000,,gps_back
59.973914405392,115.613223578849,0.000000000000,,gps_back
59.924130157298,115.617764317831,0.000000000000,,gps_back
59.874195958943,115.619356826881,0.000000000000,,gps_back
59.824201803924,115.618494858696,0.000000000000,,gps_back
59.774207648906,115.617632890502,0.000000000000,,gps_back
59.724314094116,115.619185768040,0.000000000000,,gps_back
59.674529845707,115.623819996498,0.000000000000,,gps_back
59.624630820177,115.625783975431,0.000000000000,,gps_back
59.574644298974,115.625774265020,0.000000000000,,gps_back
59.524805818663,115.629122225765,0.000000000000,,gps_back
59.475018011676,115.632947296228,0.000000000000,,gps_back
59.425022439059,115.633065797473,0.000000000000,,gps_back
59.375132236655,115.634729781542,0.000000000000,,gps_back
59.325347953538,115.639356881890,0.000000000000,,gps_back
59.275445287065,115.641194144531,0.000000000000,,gps_back
59.225475342535,115.641535384695,0.000000000000,,gps_back
59.175630379980,115.645197273036,0.000000000000,,gps_back
59.125798228047,115.648528026465,0.000000000000,,gps_back
59.075799859981,115.648564387648,0.000000000000,,gps_back
59.025924865371,115.650505300322,0.000000000000,,gps_back
58.976212186392,115.655872502621,0.000000000000,,gps_back
58.926487013906,115.661122033042,0.000000000000,,gps_back
58.876756794246,115.666323897227,0.000000000000,,gps_back
58.827040017840,115.671652798063,0.000000000000,,gps_back
58.777207554391,115.675000852689,0.000000000000,,gps_back
58.727210008136,115.675041184581,0.000000000000,,gps_back
58.677324733626,115.676845717210,0.000000000000,,gps_back
58.627526752032,115.681276560551,0.000000000000,,gps_back
58.577597374135,115.682889609907,0.000000000000,,gps_back
58.527603219117,115.682027641710,0.000000000000,,gps_back
58.477609064099,115.681165673512,0.000000000000,,gps_back
58.427615484504,115.680271712985,0.000000000000,,gps_back
58.377619940185,115.679949084496,0.000000000000,,gps_back
58.327745700236,115.682556181115,0.000000000000,,gps_back
58.277936718838,115.686693689613,0.000000000000,,gps_back
58.227973133234,115.687723674709,0.000000000000,,gps_back
58.177980727446,115.686771215393,0.000000000000,,gps_back
58.127991363089,115.685666468117,0.000000000000,,gps_back
58.078000509463,115.684640135408,0.000000000000,,gps_back
58.028004545665,115.684393897518,0.000000000000,,gps_back
57.978110455766,115.686853652823,0.000000000000,,gps_back
57.928362699315,115.691884002434,0.000000000000,,gps_back
57.878654005235,115.697281706401,0.000000000000,,gps_back
57.828968178648,115.702891295692,0.000000000000,,gps_back
57.779266435495,115.708358837503,0.000000000000,,gps_back
57.729558878479,115.713773361810,0.000000000000,,gps_back
57.679846771117,115.719145893016,0.000000000000,,gps_back
57.630122216426,115.724401150023,0.000000000000,,gps_back
57.580293272736,115.728302085291,0.000000000000,,gps_back
57.530324411594,115.729212489859,0.000000000000,,gps_back
57.480388608381,115.730368058527,0.000000000000,,gps_back
57.430594272801,115.734841193247,0.000000000000,,gps_back
57.380758741710,115.737556782741,0.000000000000,,gps_back
57.330763773704,115.736750712786,0.000000000000,,gps_back
57.280772835926,115.735724662891,0.000000000000,,gps_back
57.230797932538,115.736000939765,0.000000000000,,gps_back
57.180949878746,115.739554013164,0.000000000000,,gps_back
57.131114192557,115.742920784544,0.000000000000,,gps_back
57.081119479954,115.742984818617,0.000000000000,,gps_back
57.031238117372,115.744771184171,0.000000000000,,gps_back
56.981581430516,115.750580583709,0.000000000000,,gps_back
56.932415905184,115.759368273650,0.000000000000,,gps_back
56.883478185948,115.769529322589,0.000000000000,,gps_back
56.834006776270,115.776576445862,0.000000000000,,gps_back
56.784277684924,115.781788403920,0.000000000000,,gps_back
56.734565747258,115.787162360929,0.000000000000,,gps_back
56.684887527508,115.792833253639,0.000000000000,,gps_back
56.635228992021,115.798678644710,0.000000000000,,gps_back
56.585524293975,115.804111786903,0.000000000000,,gps_back
56.535793850400,115.809311100231,0.000000000000,,gps_back
56.486080238513,115.814669399243,0.000000000000,,gps_back
56.436241817698,115.817712811955,0.000000000000,,gps_back
56.386241713075,115.818023080654,0.000000000000,,gps_back
56.336967310539,115.824014811827,0.000000000000,,gps_back
56.288492217041,115.836270648102,0.000000000000,,gps_back
56.239844544910,115.847821246881,0.000000000000,,gps_back
56.191210057701,115.859421934217,0.000000000000,,gps_back
56.142761551739,115.871784995345,0.000000000000,,gps_back
56.094337304431,115.884243720391,0.000000000000,,gps_back
56.045574192240,115.895204712939,0.000000000000,,gps_back
55.996190442395,115.902783802260,0.000000000000,,gps_back
55.946816650594,115.910327503112,0.000000000000,,gps_back
55.898035804380,115.921266020935,0.000000000000,,gps_back
55.848956499884,115.930234635065,0.000000000000,,gps_back
55.799259077164,115.935740753775,0.000000000000,,gps_back
55.749593823031,115.941526862179,0.000000000000,,gps_back
55.699921022029,115.947242602777,0.000000000000,,gps_back
55.650196439588,115.952496937646,0.000000000000,,gps_back
55.600471718323,115.957749405120,0.000000000000,,gps_back
55.550848227667,115.963841683600,0.000000000000,,gps_back
55.501842512012,115.973344664607,0.000000000000,,gps_back
55.453350508458,115.985531189565,0.000000000000,,gps_back
55.404683216780,115.997000979025,0.000000000000,,gps_back
55.356067634441,116.008677032160,0.000000000000,,gps_back
55.307615079704,116.021026346527,0.000000000000,,gps_back
55.259035629353,116.032848999014,0.000000000000,,gps_back
55.210096246384,116.043047660856,0.000000000000,,gps_back
55.160678123461,116.050432089448,0.000000000000,,gps_back
55.110961197113,116.055759382889,0.000000000000,,gps_back
55.061230712967,116.060958891762,0.000000000000,,gps_back
55.011987339276,116.069025677938,0.000000000000,,gps_back
54.963264262604,116.080257819984,0.000000000000,,gps_back
54.914037125569,116.088513400803,0.000000000000,,gps_back
54.864484119322,116.095030296574,0.000000000000,,gps_back
54.815449996265,116.104671715164,0.000000000000,,gps_back
54.767223745340,116.117748025766,0.000000000000,,gps_back
54.719786785714,116.133529824496,0.000000000000,,gps_back
54.672393317418,116.149443590705,0.000000000000,,gps_back
54.624647884408,116.164292539916,0.000000000000,,gps_back
54.576838831788,116.178936754225,0.000000000000,,gps_back
54.529036026411,116.193601331043,0.000000000000,,gps_back
54.481252994202,116.208330154937,0.000000000000,,gps_back
54.433484292016,116.223105459218,0.000000000000,,gps_back
54.385715589829,116.237880763499,0.000000000000,,gps_back
54.337620094959,116.251495024753,0.000000000000,,gps_back
54.289103756473,116.263589143746,0.000000000000,,gps_back
54.240527021106,116.275440696653,0.000000000000,,gps_back
54.192021713881,116.287577290059,0.000000000000,,gps_back
54.143698121705,116.300415281942,0.000000000000,,gps_back
54.095488392213,116.313681046432,0.000000000000,,gps_back
54.047580257322,116.327954466930,0.000000000000,,gps_back
54.000741390274,116.345315899630,0.000000000000,,gps_back
53.954714936375,116.364853659652,0.000000000000,,gps_back
53.908222758414,116.383206800313,0.000000000000,,gps_back
53.861011176913,116.399662941016,0.000000000000,,gps_back
53.813592171463,116.415524636902,0.000000000000,,gps_back
53.766388891488,116.432005359667,0.000000000000,,gps_back
53.719403750237,116.449109599692,0.000000000000,,gps_back
53.672590168612,116.466670470007,0.000000000000,,gps_back
53.626515393145,116.486037211660,0.000000000000,,gps_back
53.581420670189,116.507619711878,0.000000000000,,gps_back
53.536243332154,116.529013667180,0.000000000000,,gps_back
53.489818271093,116.547475126311,0.000000000000,,gps_back
53.442519568069,116.563689028058,0.000000000000,,gps_back
53.397328328269,116.584380085798,0.000000000000,,gps_back
53.353520467739,116.608390712536,0.000000000000,,gps_back
53.307838617987,116.628613960033,0.000000000000,,gps_back
53.261292409974,116.646878927726,0.000000000000,,gps_back
53.214860255281,116.665429239501,0.000000000000,,gps_back
53.169602723859,116.686533994900,0.000000000000,,gps_back
53.124944574567,116.708994222783,0.000000000000,,gps_back
53.078829013283,116.728163478206,0.000000000000,,gps_back
53.032341519804,116.746504741518,0.000000000000,,gps_back
52.987316770007,116.768160704558,0.000000000000,,gps_back
52.943166822005,116.791632828805,0.000000000000,,gps_back
52.899016874004,116.815104953052,0.000000000000,,gps_back
52.854162311534,116.837141217429,0.000000000000,,gps_back
52.808381761370,116.857241997693,0.000000000000,,gps_back
52.762188195400,116.876373526681,0.000000000000,,gps_back
52.715872464253,116.895213754214,0.000000000000,,gps_back
52.669699198271,116.914401508247,0.000000000000,,gps_back
52.623578246728,116.933715139547,0.000000000000,,gps_back
52.577457295186,116.953028770847,0.000000000000,,gps_back
52.531336343643,116.972342402147,0.000000000000,,gps_back
52.485215392101,116.991656033447,0.000000000000,,gps_back
52.439122852763,117.011037231643,0.000000000000,,gps_back
52.393203460980,117.030821882402,0.000000000000,,gps_back
52.347485380096,117.051070276956,0.000000000000,,gps_back
52.301854784643,117.071515346915,0.000000000000,,gps_back
52.256257263781,117.092034231301,0.000000000000,,gps_back
52.210398854765,117.111952220108,0.000000000000,,gps_back
52.164077410069,117.130772535426,0.000000000000,,gps_back
52.117555515520,117.149099342369,0.000000000000,,gps_back
52.071039074212,117.167439979975,0.000000000000,,gps_back
52.024542814879,117.185831684147,0.000000000000,,gps_back
51.978472237854,117.205235808626,0.000000000000,,gps_back
51.932059905603,117.223722070682,0.000000000000,,gps_back
51.884240697572,117.238167975147,0.000000000000,,gps_back
51.836959873834,117.254011459946,0.000000000000,,gps_back
51.790932876338,117.273546958879,0.000000000000,,gps_back
51.744683769354,117.292535482916,0.000000000000,,gps_back
51.698168996158,117.310880157719,0.000000000000,,gps_back
51.651704524046,117.329351993579,0.000000000000,,gps_back
51.604940248363,117.347028334628,0.000000000000,,gps_back
51.557918051628,117.364029555615,0.000000000000,,gps_back
51.512367618249,117.384361519423,0.000000000000,,gps_back
51.467853889479,117.407122319023,0.000000000000,,gps_back
51.422137530288,117.427268817222,0.000000000000,,gps_back
51.376255191191,117.447072902490,0.000000000000,,gps_back
51.331571885726,117.469480769611,0.000000000000,,gps_back
51.286812726841,117.491728146889,0.000000000000,,gps_back
51.241614373396,117.513108888185,0.000000000000,,gps_back
51.197628759945,117.536784994067,0.000000000000,,gps_back
51.154299703337,117.561729135912,0.000000000000,,gps_back
51.110375759354,117.585616684893,0.000000000000,,gps_back
51.065618863528,117.607869330787,0.000000000000,,gps_back
51.020137672897,117.628642298751,0.000000000000,,gps_back
50.974505015022,117.649082865638,0.000000000000,,gps_back
50.930416838950,117.672439982245,0.000000000000,,gps_back
50.888061731199,117.699011370708,0.000000000000,,gps_back
50.844706944102,117.723808638394,0.000000000000,,gps_back
50.799690239093,117.745541939606,0.000000000000,,gps_back
50.754530195330,117.766992350397,0.000000000000,,gps_back
50.710781126345,117.791104455113,0.000000000000,,gps_back
50.668819155417,117.818261062819,0.000000000000,,gps_back
50.626538410727,117.844886939519,0.000000000000,,gps_back
50.582796466261,117.869091682322,0.000000000000,,gps_back
50.539243302899,117.893621011033,0.000000000000,,gps_back
50.495819962475,117.918394933644,0.000000000000,,gps_back
50.451923282460,117.942337238983,0.000000000000,,gps_back
50.409444827046,117.968578778060,0.000000000000,,gps_back
50.368290496776,117.996977344094,0.000000000000,,gps_back
50.327109663048,118.025337478879,0.000000000000,,gps_back
50.285920862718,118.053686045907,0.000000000000,,gps_back
50.244695081796,118.081980737486,0.000000000000,,gps_back
50.203424008968,118.110209388041,0.000000000000,,gps_back
50.162163023539,118.138452766115,0.000000000000,,gps_back
50.122074580452,118.168279203994,0.000000000000,,gps_back
50.083462161553,118.200041650164,0.000000000000,,gps_back
50.043713938213,118.230283050834,0.000000000000,,gps_back
50.002546841617,118.258663074634,0.000000000000,,gps_back
49.961440781345,118.287131078080,0.000000000000,,gps_back
49.922061566215,118.317837186837,0.000000000000,,gps_back
49.883369083285,118.349484282119,0.000000000000,,gps_back
49.842985622918,118.378929210092,0.000000000000,,gps_back
49.803335974831,118.409290325257,0.000000000000,,gps_back
49.764701115390,118.441025008139,0.000000000000,,gps_back
49.724566697427,118.470795371688,0.000000000000,,gps_back
49.684758033879,118.500979131969,0.000000000000,,gps_back
49.646365188820,118.533011019719,0.000000000000,,gps_back
49.607741380908,118.564759270030,0.000000000000,,gps_back
49.569232458121,118.596644516680,0.000000000000,,gps_back
49.531264813050,118.629180623968,0.000000000000,,gps_back
49.493315553580,118.661738317093,0.000000000000,,gps_back
49.453822887543,118.692320088847,0.000000000000,,gps_back
49.411938209441,118.719569164516,0.000000000000,,gps_back
49.371481384346,118.748702031842,0.000000000000,,gps_back
49.332837240146,118.780429295670,0.000000000000,,gps_back
49.292693152629,118.810174048602,0.000000000000,,gps_back
49.252782136349,118.840223216741,0.000000000000,,gps_back
49.214453489214,118.872327791561,0.000000000000,,gps_back
49.176617005725,118.905016100710,0.000000000000,,gps_back
49.137830336883,118.936532724233,0.000000000000,,gps_back
49.097283313571,118.965761843304,0.000000000000,,gps_back
49.059278210350,118.997907844273,0.000000000000,,gps_back
49.022314641043,119.031492126729,0.000000000000,,gps_back
48.982348924081,119.061456193117,0.000000000000,,gps_back
48.942329961918,119.091376917328,0.000000000000,,gps_back
48.902554111804,119.121653810399,0.000000000000,,gps_back
48.861921021954,119.150791464419,0.000000000000,,gps_back
48.822089230705,119.180980333871,0.000000000000,,gps_back
48.782030249174,119.210861053343,0.000000000000,,gps_back
48.740984063961,119.239415247657,0.000000000000,,gps_back
48.700189426404,119.268323180152,0.000000000000,,gps_back
48.659678471996,119.297632241860,0.000000000000,,gps_back
48.619166237942,119.326939534690,0.000000000000,,gps_back
48.578625644405,119.356207554413,0.000000000000,,gps_back
48.538062162500,119.385443875333,0.000000000000,,gps_back
48.497498680596,119.414680196253,0.000000000000,,gps_back
48.456492250637,119.443283178574,0.000000000000,,gps_back
48.414991495566,119.471172336280,0.000000000000,,gps_back
48.374155945634,119.500001512937,0.000000000000,,gps_back
48.334086209056,119.529910367662,0.000000000000,,gps_back
48.294118981247,119.559956652398,0.000000000000,,gps_back
48.254654787239,119.590651485663,0.000000000000,,gps_back
48.216649900868,119.623111356959,0.000000000000,,gps_back
48.178435480263,119.655321876871,0.000000000000,,gps_back
48.138003085987,119.684668815721,0.000000000000,,gps_back
48.096891261026,119.713121323854,0.000000000000,,gps_back
48.056504483562,119.742595244659,0.000000000000,,gps_back
48.018567275987,119.775029117771,0.000000000000,,gps_back
47.983150968079,119.810311903926,0.000000000000,,gps_back
47.944701339925,119.841861817509,0.000000000000,,gps_back
47.903227945199,119.869792275938,0.000000000000,,gps_back
47.862569487120,119.898866201178,0.000000000000,,gps_back
47.822602259314,119.928912485917,0.000000000000,,gps_back
47.782635031503,119.958958770650,0.000000000000,,gps_back
47.742825569723,119.989212863324,0.000000000000,,gps_back
47.703284977997,120.019817717162,0.000000000000,,gps_back
47.663858612741,120.050570282062,0.000000000000,,gps_back
47.624432247486,120.081322846962,0.000000000000,,gps_back
47.583853892883,120.110485071452,0.000000000000,,gps_back
47.541938152826,120.137739169876,0.000000000000,,gps_back
47.499695859818,120.164492622113,0.000000000000,,gps_back
47.457514493457,120.191341839637,0.000000000000,,gps_back
47.415674973170,120.218716684557,0.000000000000,,gps_back
47.374676004140,120.247323300572,0.000000000000,,gps_back
47.336032328685,120.278942512472,0.000000000000,,gps_back
47.297920008342,120.311282385764,0.000000000000,,gps_back
47.257518963595,120.340654024264,0.000000000000,,gps_back
47.215935719370,120.368420753266,0.000000000000,,gps_back
47.174393430799,120.396248710976,0.000000000000,,gps_back
47.133312508779,120.424745025813,0.000000000000,,gps_back
47.092951299433,120.454254663796,0.000000000000,,gps_back
47.054196069784,120.485794199233,0.000000000000,,gps_back
47.016866861898,120.519057033167,0.000000000000,,gps_back
46.977567992753,120.549802075672,0.000000000000,,gps_back
46.936191537223,120.577872308510,0.000000000000,,gps_back
46.896999879545,120.608727476302,0.000000000000,,gps_back
46.859697060826,120.642023995020,0.000000000000,,gps_back
46.820898030452,120.673495097675,0.000000000000,,gps_back
46.781390350321,120.704135961186,0.000000000000,,gps_back
46.743439296861,120.736650851082,0.000000000000,,gps_back
46.706201571338,120.770018941579,0.000000000000,,gps_back
46.668457129209,120.802810841169,0.000000000000,,gps_back
46.630816861515,120.835721743956,0.000000000000,,gps_back
46.593582616977,120.869094542448,0.000000000000,,gps_back
46.556442752942,120.902572729744,0.000000000000,,gps_back
46.519302888909,120.936050917043,0.000000000000,,gps_back
46.483391895279,120.970809028873,0.000000000000,,gps_back
46.448065163254,121.006192292013,0.000000000000,,gps_back
46.409989777920,121.038433216600,0.000000000000,,gps_back
46.371140678325,121.069872976958,0.000000000000,,gps_back
46.335139022483,121.104480884865,0.000000000000,,gps_back
46.300614326637,121.140649969873,0.000000000000,,gps_back
46.266008386765,121.176741275061,0.000000000000,,gps_back
46.231314723686,121.212748296718,0.000000000000,,gps_back
46.196551799983,121.248688464523,0.000000000000,,gps_back
46.161699152773,121.284541580162,0.000000000000,,gps_back
46.126779642045,121.320329646537,0.000000000000,,gps_back
46.093532888873,121.357624580671,0.000000000000,,gps_back
46.061592971243,121.396095333910,0.000000000000,,gps_back
46.027956158109,121.433036894107,0.000000000000,,gps_back
45.993040142705,121.468828371816,0.000000000000,,gps_back
45.958201566717,121.504695156940,0.000000000000,,gps_back
45.924142954251,121.541293136872,0.000000000000,,gps_back
45.891577614695,121.579220627379,0.000000000000,,gps_back
45.859658940773,121.617708965524,0.000000000000,,gps_back
45.827634887202,121.656109667642,0.000000000000,,gps_back
45.795593735797,121.694496151505,0.000000000000,,gps_back
45.763579254972,121.732904894024,0.000000000000,,gps_back
45.731613297284,121.771353997887,0.000000000000,,gps_back
45.699694022516,121.809841894599,0.000000000000,,gps_back
45.667813900298,121.848362217383,0.000000000000,,gps_back
45.636361426109,121.887229886960,0.000000000000,,gps_back
45.606421234104,121.927255279293,0.000000000000,,gps_back
45.577341584654,121.967931199376,0.000000000000,,gps_back
45.548170215897,122.008541366808,0.000000000000,,gps_back
45.520178105033,122.049953464972,0.000000000000,,gps_back
45.494068759546,122.092585587738,0.000000000000,,gps_back
45.464142944117,122.132349321671,0.000000000000,,gps_back
45.430016125306,122.168881280800,0.000000000000,,gps_back
45.400619730074,122.208921803234,0.000000000000,,gps_back
45.375091379289,122.251915542809,0.000000000000,,gps_back
45.349517300272,122.294882085096,0.000000000000,,gps_back
45.322865407988,122.337175302457,0.000000000000,,gps_back
45.294508950278,122.378347265961,0.000000000000,,gps_back
45.265401237291,122.419003066529,0.000000000000,,gps_back
45.236209161545,122.459598386739,0.000000000000,,gps_back
45.208828735746,122.501395012905,0.000000000000,,gps_back
45.183146395955,122.544295382250,0.000000000000,,gps_back
45.157550760676,122.587248732199,0.000000000000,,gps_back
45.131849120317,122.630139099942,0.000000000000,,gps_back
45.106213778014,122.673069105764,0.000000000000,,gps_back
45.079460706893,122.715295817485,0.000000000000,,gps_back
45.051030854503,122.756419362852,0.000000000000,,gps_back
45.020723569993,122.796166161049,0.000000000000,,gps_back
44.989043442774,122.834847868672,0.000000000000,,gps_back
44.955766918842,122.872141128832,0.000000000000,,gps_back
44.921229320090,122.908295540552,0.000000000000,,gps_back
44.889771242880,122.946987944748,0.000000000000,,gps_back
44.860186101607,122.987294232350,0.000000000000,,gps_back
44.827405167359,123.024920472397,0.000000000000,,gps_back
44.793768774550,123.061893573581,0.000000000000,,gps_back
44.763067555366,123.101295061991,0.000000000000,,gps_back
44.733033874387,123.141262629021,0.000000000000,,gps_back
44.701690564162,123.180213027224,0.000000000000,,gps_back
44.670773650238,123.219497800767,0.000000000000,,gps_back
44.641234699447,123.259834533483,0.000000000000,,gps_back
44.613246602839,123.301255561555,0.000000000000,,gps_back
44.586383440939,123.343426371833,0.000000000000,,gps_back
44.560201730954,123.386023520595,0.000000000000,,gps_back
44.534479435429,123.428901169448,0.000000000000,,gps_back
44.506966034944,123.470609101436,0.000000000000,,gps_back
44.477829136765,123.511242946826,0.000000000000,,gps_back
44.446912206484,123.550505352214,0.000000000000,,gps_back
44.415153329918,123.589124760949,0.000000000000,,gps_back
44.385074185187,123.629036188981,0.000000000000,,gps_back
44.355508192352,123.669356331598,0.000000000000,,gps_back
44.324398737014,123.708481896498,0.000000000000,,gps_back
44.293538094712,123.747807649501,0.000000000000,,gps_back
44.264056222719,123.788187538236,0.000000000000,,gps_back
44.235019068058,123.828893829819,0.000000000000,,gps_back
44.205981913401,123.869600121403,0.000000000000,,gps_back
44.175247211613,123.909000419424,0.000000000000,,gps_back
44.143280567599,123.947448921021,0.000000000000,,gps_back
44.111359931017,123.985935567324,0.000000000000,,gps_back
44.080007118748,124.024882578249,0.000000000000,,gps_back
44.050063579045,124.064911695777,0.000000000000,,gps_back
44.020934739631,124.105552332272,0.000000000000,,gps_back
43.991960542607,124.146303346432,0.000000000000,,gps_back
43.963003463811,124.187066611287,0.000000000000,,gps_back
43.933985550485,124.227786611474,0.000000000000,,gps_back
43.907661066044,124.270214465054,0.000000000000,,gps_back
43.883958341781,124.314235169042,0.000000000000,,gps_back
43.861490003517,124.358899451908,0.000000000000,,gps_back
43.839494589331,124.403803351189,0.000000000000,,gps_back
43.816789016952,124.448347656493,0.000000000000,,gps_back
43.793276550888,124.492475056720,0.000000000000,,gps_back
43.768428722897,124.535852920470,0.000000000000,,gps_back
43.741853991520,124.578197343999,0.000000000000,,gps_back
43.713542792600,124.619397954312,0.000000000000,,gps_back
43.684505637939,124.660104245894,0.000000000000,,gps_back
43.655468483271,124.700810537472,0.000000000000,,gps_back
43.627973568503,124.742546282451,0.000000000000,,gps_back
43.601940239870,124.785234210459,0.000000000000,,gps_back
43.575794537938,124.827853639952,0.000000000000,,gps_back
43.549368604628,124.870301589165,0.000000000000,,gps_back
43.521345812205,124.911683169968,0.000000000000,,gps_back
43.492262159826,124.952356252806,0.000000000000,,gps_back
43.463207589962,124.993050107532,0.000000000000,,gps_back
43.434170435303,125.033756399116,0.000000000000,,gps_back
43.405133280638,125.074462690694,0.000000000000,,gps_back
43.376096125972,125.115168982273,0.000000000000,,gps_back
43.347058971312,125.155875273856,0.000000000000,,gps_back
43.318021816654,125.196581565440,0.000000000000,,gps_back
43.288984661993,125.237287857022,0.000000000000,,gps_back
43.259863668607,125.277934125637,0.000000000000,,gps_back
43.230663160145,125.318523388689,0.000000000000,,gps_back
43.199967055129,125.357964194227,0.000000000000,,gps_back
43.168177659178,125.396559283255,0.000000000000,,gps_back
43.133191696491,125.432106811567,0.000000000000,,gps_back
43.096179678330,125.465726195724,0.000000000000,,gps_back
43.060517149078,125.500740362237,0.000000000000,,gps_back
43.025303407065,125.536235646634,0.000000000000,,gps_back
42.988820399715,125.570408372082,0.000000000000,,gps_back
42.951707493583,125.603916425545,0.000000000000,,gps_back
42.914656391607,125.637492779244,0.000000000000,,gps_back
42.879019274951,125.672528833911,0.000000000000,,gps_back
42.845935090612,125.709977891271,0.000000000000,,gps_back
42.813924855792,125.748390173056,0.000000000000,,gps_back
42.781914620969,125.786802454838,0.000000000000,,gps_back
42.749945227570,125.825248710258,0.000000000000,,gps_back
42.718033358461,125.863742736956,0.000000000000,,gps_back
42.686076588929,125.902199449085,0.000000000000,,gps_back
42.654070605845,125.940615272978,0.000000000000,,gps_back
42.620451949022,125.977586651928,0.000000000000,,gps_back
42.585991878240,126.013816534680,0.000000000000,,gps_back
42.553068010121,126.051418387855,0.000000000000,,gps_back
42.520352162040,126.089224009511,0.000000000000,,gps_back
42.484844342146,126.124329249690,0.000000000000,,gps_back
42.447799683236,126.157912743071,0.000000000000,,gps_back
42.410691490170,126.191425980698,0.000000000000,,gps_back
42.372833972877,126.224078545719,0.000000000000,,gps_back
42.333512146113,126.254937677389,0.000000000000,,gps_back
42.293892769066,126.285437714030,0.000000000000,,gps_back
42.254696234814,126.316481623754,0.000000000000,,gps_back
42.215306445236,126.347278187072,0.000000000000,,gps_back
42.175504750680,126.377542194905,0.000000000000,,gps_back
42.134703205095,126.406420532487,0.000000000000,,gps_back
42.093169755123,126.434260605758,0.000000000000,,gps_back
42.053046202024,126.464025638255,0.000000000000,,gps_back
42.014020826266,126.495285120988,0.000000000000,,gps_back
41.974463516728,126.525858758388,0.000000000000,,gps_back
41.934520540976,126.555937274991,0.000000000000,,gps_back
41.895184309448,126.586795021333,0.000000000000,,gps_back
41.856186890203,126.618089684819,0.000000000000,,gps_back
41.816586521118,126.648608714620,0.000000000000,,gps_back
41.776290875145,126.678209780919,0.000000000000,,gps_back
41.735090747200,126.706525136359,0.000000000000,,gps_back
41.693456664122,126.734215593775,0.000000000000,,gps_back
41.651843588715,126.761937607518,0.000000000000,,gps_back
41.610239755009,126.789673496654,0.000000000000,,gps_back
41.568635921306,126.817409385793,0.000000000000,,gps_back
41.527615010935,126.845988601327,0.000000000000,,gps_back
41.487382508744,126.875673433133,0.000000000000,,gps_back
41.445251468666,126.902416419511,0.000000000000,,gps_back
41.401406271910,126.926446700618,0.000000000000,,gps_back
41.358852238963,126.952598507356,0.000000000000,,gps_back
41.316940795170,126.979863677543,0.000000000000,,gps_back
41.272981211710,127.003497603499,0.000000000000,,gps_back
41.228208391992,127.025749650432,0.000000000000,,gps_back
41.185521469223,127.051624837104,0.000000000000,,gps_back
41.143964261758,127.079430495589,0.000000000000,,gps_back
41.102295759299,127.107068838199,0.000000000000,,gps_back
41.060019542801,127.133756321350,0.000000000000,,gps_back
41.016527276951,127.158387224424,0.000000000000,,gps_back
40.973288217936,127.183466108385,0.000000000000,,gps_back
40.931173635238,127.210404203151,0.000000000000,,gps_back
40.888003390482,127.235535223227,0.000000000000,,gps_back
40.843310912779,127.257930761868,0.000000000000,,gps_back
40.799197233592,127.281414478824,0.000000000000,,gps_back
40.756062660800,127.306696937607,0.000000000000,,gps_back
40.712638987404,127.331473239140,0.000000000000,,gps_back
40.668642435949,127.355228072030,0.000000000000,,gps_back
40.625148225080,127.379871829287,0.000000000000,,gps_back
40.582149307814,127.405391037944,0.000000000000,,gps_back
40.538581809240,127.429907457891,0.000000000000,,gps_back
40.494537492526,127.453576678680,0.000000000000,,gps_back
40.451224987363,127.478529268975,0.000000000000,,gps_back
40.408391989027,127.504326415692,0.000000000000,,gps_back
40.364092877448,127.527389545446,0.000000000000,,gps_back
40.318883972685,127.548751008205,0.000000000000,,gps_back
40.273722368990,127.570212051170,0.000000000000,,gps_back
40.228599476526,127.591754638735,0.000000000000,,gps_back
40.183505393358,127.613357411193,0.000000000000,,gps_back
40.138509092337,127.635162693072,0.000000000000,,gps_back
40.094058625437,127.658044781421,0.000000000000,,gps_back
40.049686133493,127.681090398705,0.000000000000,,gps_back
40.004793553430,127.703098531311,0.000000000000,,gps_back
39.959668070902,127.724635693423,0.000000000000,,gps_back
39.914542588379,127.746172855543,0.000000000000,,gps_back
39.869402213924,127.767678770914,0.000000000000,,gps_back
39.824235112358,127.789128489567,0.000000000000,,gps_back
39.778376459399,127.809013877119,0.000000000000,,gps_back
39.731549748965,127.826505202074,0.000000000000,,gps_back
39.685200626988,127.845185702357,0.000000000000,,gps_back
39.639829976345,127.866181611358,0.000000000000,,gps_back
39.594731020452,127.887774231496,0.000000000000,,gps_back
39.549610686546,127.909322172320,0.000000000000,,gps_back
39.504485204019,127.930859334434,0.000000000000,,gps_back
39.459359721496,127.952396496554,0.000000000000,,gps_back
39.414726290900,127.974919660342,0.000000000000,,gps_back
39.370520880558,127.998286093550,0.000000000000,,gps_back
39.327138917729,128.023121668395,0.000000000000,,gps_back
39.284198464338,128.048739552533,0.000000000000,,gps_back
39.240519441427,128.073049248088,0.000000000000,,gps_back
39.196374521965,128.096530785627,0.000000000000,,gps_back
39.152182049387,128.119922690891,0.000000000000,,gps_back
39.107757082416,128.142867252070,0.000000000000,,gps_back
39.062875119470,128.164899942657,0.000000000000,,gps_back
39.017784193850,128.186509347727,0.000000000000,,gps_back
38.972668624528,128.208067247390,0.000000000000,,gps_back
38.927838503849,128.230206633890,0.000000000000,,gps_back
38.883500798284,128.253316031300,0.000000000000,,gps_back
38.838541976664,128.275154018211,0.000000000000,,gps_back
38.792792213572,128.295322519550,0.000000000000,,gps_back
38.746411431768,128.313981508396,0.000000000000,,gps_back
38.699495067425,128.331263129276,0.000000000000,,gps_back
38.652393348462,128.348043572580,0.000000000000,,gps_back
38.605267638598,128.364756608034,0.000000000000,,gps_back
38.558136549022,128.381454479772,0.000000000000,,gps_back
38.511026102368,128.398210437252,0.000000000000,,gps_back
38.465108668102,128.417860684936,0.000000000000,,gps_back
38.419888374817,128.439198059013,0.000000000000,,gps_back
38.374728851916,128.460663502490,0.000000000000,,gps_back
38.329545360091,128.482078447458,0.000000000000,,gps_back
38.283930600695,128.502545748912,0.000000000000,,gps_back
38.238075249918,128.522481774032,0.000000000000,,gps_back
38.191807368353,128.541423204853,0.000000000000,,gps_back
38.145409856196,128.560061311119,0.000000000000,,gps_back
38.099305066661,128.579408141586,0.000000000000,,gps_back
38.053162725747,128.598667638174,0.000000000000,,gps_back
38.006359032696,128.616221371281,0.000000000000,,gps_back
37.959660546073,128.634068780885,0.000000000000,,gps_back
37.914080711836,128.654561258313,0.000000000000,,gps_back
37.868781978706,128.675727897276,0.000000000000,,gps_back
37.823064951646,128.695971876602,0.000000000000,,gps_back
37.777170369817,128.715817418818,0.000000000000,,gps_back
37.731248748926,128.735600278960,0.000000000000,,gps_back
37.685015238143,128.754633637698,0.000000000000,,gps_back
37.637625546029,128.770420076890,0.000000000000,,gps_back
37.589703412372,128.784689620398,0.000000000000,,gps_back
37.544329396215,128.805097996891,0.000000000000,,gps_back
37.500407160412,128.828993513775,0.000000000000,,gps_back
37.455092273954,128.849988268233,0.000000000000,,gps_back
37.408712852310,128.868665086532,0.000000000000,,gps_back
37.361797396890,128.885939633291,0.000000000000,,gps_back
37.314377438573,128.901784368799,0.000000000000,,gps_back
37.267139137820,128.918156807331,0.000000000000,,gps_back
37.220422889971,128.935968721016,0.000000000000,,gps_back
37.173613336332,128.953537841382,0.000000000000,,gps_back
37.125975392814,128.968642862090,0.000000000000,,gps_back
37.078025536914,128.982818124261,0.000000000000,,gps_back
37.030996437196,128.999679126596,0.000000000000,,gps_back
36.984465432855,129.017982791808,0.000000000000,,gps_back
36.937175965404,129.034136232729,0.000000000000,,gps_back
36.889306436901,129.048576194824,0.000000000000,,gps_back
36.841469817239,129.063126860453,0.000000000000,,gps_back
36.793773906498,129.078134331795,0.000000000000,,gps_back
36.746568824435,129.094588969574,0.000000000000,,gps_back
36.699934746506,129.112616025082,0.000000000000,,gps_back
36.653109874439,129.130136965331,0.000000000000,,gps_back
36.605445526745,129.145168204134,0.000000000000,,gps_back
36.557466968422,129.159246773634,0.000000000000,,gps_back
36.509735694279,129.174131538632,0.000000000000,,gps_back
36.461980680543,129.188946312013,0.000000000000,,gps_back
36.413296418736,129.200035596501,0.000000000000,,gps_back
36.364143282447,129.209207712840,0.000000000000,,gps_back
36.315983036076,129.222309291615,0.000000000000,,gps_back
36.268375811646,129.237596889531,0.000000000000,,gps_back
36.219818476716,129.249182967979,0.000000000000,,gps_back
36.170712218517,129.258602434572,0.000000000000,,gps_back
36.121575123920,129.267859804798,0.000000000000,,gps_back
36.072424036720,129.277042883098,0.000000000000,,gps_back
36.023286620543,129.286298630371,0.000000000000,,gps_back
35.974164489346,129.295635335371,0.000000000000,,gps_back
35.925434615441,129.306759575301,0.000000000000,,gps_back
35.877280885634,129.320188500440,0.000000000000,,gps_back
35.828991379442,129.333126989448,0.000000000000,,gps_back
35.780073249807,129.343364967893,0.000000000000,,gps_back
35.731109605882,129.353473224991,0.000000000000,,gps_back
35.683064747530,129.367132050009,0.000000000000,,gps_back
35.635016313438,129.380922553049,0.000000000000,,gps_back
35.585729567194,129.388226640140,0.000000000000,,gps_back
35.535948459386,129.392908293224,0.000000000000,,gps_back
35.486607173936,129.400717681157,0.000000000000,,gps_back
35.437488688384,129.410073583162,0.000000000000,,gps_back
35.389073289698,129.422372436707,0.000000000000,,gps_back
35.341047299562,129.436288641545,0.000000000000,,gps_back
35.291993641694,129.445240149532,0.000000000000,,gps_back
35.242250237377,129.450222467597,0.000000000000,,gps_back
35.193273081771,129.459583642970,0.000000000000,,gps_back
35.145352703520,129.473767525297,0.000000000000,,gps_back
35.096584555293,129.484218210803,0.000000000000,,gps_back
35.046919122143,129.489734238276,0.000000000000,,gps_back
34.997313390694,129.495875172927,0.000000000000,,gps_back
34.948040175791,129.504321110212,0.000000000000,,gps_back
34.898891459599,129.513516762337,0.000000000000,,gps_back
34.849764995256,129.522830477100,0.000000000000,,gps_back
34.800613401652,129.532009993242,0.000000000000,,gps_back
34.751370657912,129.540683014719,0.000000000000,,gps_back
34.702091084887,129.549149549290,0.000000000000,,gps_back
34.653030367795,129.558768685300,0.000000000000,,gps_back
34.604075248988,129.568944874155,0.000000000000,,gps_back
34.555010262965,129.578569473713,0.000000000000,,gps_back
34.505891777417,129.587925375732,0.000000000000,,gps_back
34.456698400581,129.596874463744,0.000000000000,,gps_back
34.407459683216,129.605575386215,0.000000000000,,gps_back
34.357958399893,129.612523936729,0.000000000000,,gps_back
34.308203287371,129.617408329323,0.000000000000,,gps_back
34.258562850141,129.623300488589,0.000000000000,,gps_back
34.209273361997,129.631627804211,0.000000000000,,gps_back
34.159758326488,129.638382034347,0.000000000000,,gps_back
34.109863405288,129.639586077975,0.000000000000,,gps_back
34.059869731846,129.638696622599,0.000000000000,,gps_back
34.009876913977,129.637760802179,0.000000000000,,gps_back
33.959884471287,129.636804664692,0.000000000000,,gps_back
33.909889319097,129.636010373000,0.000000000000,,gps_back
33.859892884219,129.635292720832,0.000000000000,,gps_back
33.809969223232,129.637335231995,0.000000000000,,gps_back
33.760098529413,129.640946365645,0.000000000000,,gps_back
33.710147263423,129.642755186559,0.000000000000,,gps_back
33.660151760703,129.642554809960,0.000000000000,,gps_back
33.610157705606,129.641692744140,0.000000000000,,gps_back
33.560167206566,129.640643079783,0.000000000000,,gps_back
33.510211799608,129.638594394119,0.000000000000,,gps_back
33.460471078519,129.633754913697,0.000000000000,,gps_back
33.410755722169,129.628429143101,0.000000000000,,gps_back
33.360841339468,129.626173996932,0.000000000000,,gps_back
33.310856282459,129.624906140692,0.000000000000,,gps_back
33.261104890541,129.620385203186,0.000000000000,,gps_back
33.211460604949,129.614418341931,0.000000000000,,gps_back
33.161796155431,129.608622901609,0.000000000000,,gps_back
33.112122249485,129.602907869415,0.000000000000,,gps_back
33.062475003877,129.596967702828,0.000000000000,,gps_back
33.012850904299,129.590835519202,0.000000000000,,gps_back
32.963221156624,129.584749210622,0.000000000000,,gps_back
32.913579914036,129.578757201204,0.000000000000,,gps_back
32.863958441008,129.572604825256,0.000000000000,,gps_back
32.814369547189,129.566194966914,0.000000000000,,gps_back
32.764774305258,129.559833933912,0.000000000000,,gps_back
32.715160323760,129.553620423058,0.000000000000,,gps_back
32.665532760745,129.547516219051,0.000000000000,,gps_back
32.615892529116,129.541515928978,0.000000000000,,gps_back
32.566412491990,129.534359353962,0.000000000000,,gps_back
32.517346252605,129.524816903198,0.000000000000,,gps_back
32.468454323221,129.514341498974,0.000000000000,,gps_back
32.419797044568,129.502845346042,0.000000000000,,gps_back
32.371226092826,129.490970220521,0.000000000000,,gps_back
32.322514891752,129.479690864966,0.000000000000,,gps_back
32.273742920999,129.468670275415,0.000000000000,,gps_back
32.224970950245,129.457649685865,0.000000000000,,gps_back
32.176198979492,129.446629096316,0.000000000000,,gps_back
32.127427008737,129.435608506774,0.000000000000,,gps_back
32.078655037981,129.424587917237,0.000000000000,,gps_back
32.029638769667,129.414744105465,0.000000000000,,gps_back
31.980425211026,129.405907770756,0.000000000000,,gps_back
31.931172627640,129.397285615866,0.000000000000,,gps_back
31.881920044254,129.388663460976,0.000000000000,,gps_back
31.832525416411,129.380919650443,0.000000000000,,gps_back
31.782939044364,129.374521519754,0.000000000000,,gps_back
31.733375199834,129.367933315480,0.000000000000,,gps_back
31.683997919444,129.360084903504,0.000000000000,,gps_back
31.634688997359,129.351791006467,0.000000000000,,gps_back
31.585380075275,129.343497109430,0.000000000000,,gps_back
31.536071153191,129.335203212393,0.000000000000,,gps_back
31.486551494516,129.328347639694,0.000000000000,,gps_back
31.436933451700,129.322166362420,0.000000000000,,gps_back
31.387935307108,129.312492558953,0.000000000000,,gps_back
31.339331504186,129.300756967001,0.000000000000,,gps_back
31.290640284487,129.289392065947,0.000000000000,,gps_back
31.241873973777,129.278346522915,0.000000000000,,gps_back
31.192583301309,129.270174037687,0.000000000000,,gps_back
31.142955412029,129.264096640309,0.000000000000,,gps_back
31.093313670241,129.258111446784,0.000000000000,,gps_back
31.043719901352,129.251740824780,0.000000000000,,gps_back
30.994114518469,129.245460336004,0.000000000000,,gps_back
30.944478578737,129.239425309940,0.000000000000,,gps_back
30.894842638284,129.233389601581,0.000000000000,,gps_back
30.845219470269,129.227249790564,0.000000000000,,gps_back
30.795592811858,129.221138195515,0.000000000000,,gps_back
30.745950613247,129.215154379584,0.000000000000,,gps_back
30.696438593520,129.208207900950,0.000000000000,,gps_back
30.647491996227,129.198151999129,0.000000000000,,gps_back
30.598658967405,129.187410695765,0.000000000000,,gps_back
30.549249216101,129.180041973082,0.000000000000,,gps_back
30.499606846615,129.174059200923,0.000000000000,,gps_back
30.450008807278,129.167723665867,0.000000000000,,gps_back
30.400421926986,129.161297311339,0.000000000000,,gps_back
30.350773659955,129.155372190969,0.000000000000,,gps_back
30.301099715963,129.149657489445,0.000000000000,,gps_back
30.251925921137,129.140842007800,0.000000000000,,gps_back
30.203098854312,129.130075221877,0.000000000000,,gps_back
30.153897307542,129.121296831472,0.000000000000,,gps_back
30.104372807121,129.114433959261,0.000000000000,,gps_back
30.054772270938,129.108114387296,0.000000000000,,gps_back
30.005159011651,129.101894876456,0.000000000000,,gps_back
29.955904745288,129.093418869568,0.000000000000,,gps_back
29.907034326687,129.082868333426,0.000000000000,,gps_back
29.857920492179,129.073559378707,0.000000000000,,gps_back
29.808437409055,129.066442069247,0.000000000000,,gps_back
29.758816661321,129.060286530186,0.000000000000,,gps_back
29.709153294556,129.054482237428,0.000000000000,,gps_back
29.659685478314,129.047264674633,0.000000000000,,gps_back
29.610883838170,129.036544714097,0.000000000000,,gps_back
29.561982460334,129.026166852009,0.000000000000,,gps_back
29.512513243371,129.019102062601,0.000000000000,,gps_back
29.462871614566,129.013113229082,0.000000000000,,gps_back
29.413249092593,129.006968636577,0.000000000000,,gps_back
29.363638061615,129.000731362386,0.000000000000,,gps_back
29.314050266622,128.994312862118,0.000000000000,,gps_back
29.264584946574,128.987028252401,0.000000000000,,gps_back
29.215620738611,128.977020070741,0.000000000000,,gps_back
29.166762386537,128.966392214559,0.000000000000,,gps_back
29.117358618719,128.958944134391,0.000000000000,,gps_back
29.067739297856,128.952773111694,0.000000000000,,gps_back
29.018100035068,128.946765554432,0.000000000000,,gps_back
28.968452374651,128.940826839065,0.000000000000,,gps_back
28.920415735286,128.927781079397,0.000000000000,,gps_back
28.873312033218,128.911013317331,0.000000000000,,gps_back
28.824570949172,128.900851283753,0.000000000000,,gps_back
28.774977743112,128.894502132586,0.000000000000,,gps_back
28.725347467682,128.888420294434,0.000000000000,,gps_back
28.675726784242,128.882260269804,0.000000000000,,gps_back
28.626095438042,128.876187061507,0.000000000000,,gps_back
28.576453456486,128.870201136600,0.000000000000,,gps_back
28.527200917608,128.861733114974,0.000000000000,,gps_back
28.478491814515,128.850495367972,0.000000000000,,gps_back
28.429411936752,128.841083184062,0.000000000000,,gps_back
28.379886260287,128.834275324242,0.000000000000,,gps_back
28.330257854601,128.828177985301,0.000000000000,,gps_back
28.280617058200,128.822182338729,0.000000000000,,gps_back
28.230980215197,128.816154006234,0.000000000000,,gps_back
28.181356867987,128.810015686933,0.000000000000,,gps_back
28.131732078168,128.803888869071,0.000000000000,,gps_back
28.082092739455,128.797881338875,0.000000000000,,gps_back
28.032452311895,128.791882500803,0.000000000000,,gps_back
27.982827521680,128.785756055319,0.000000000000,,gps_back
27.933258911081,128.779194844891,0.000000000000,,gps_back
27.884264303657,128.769408280147,0.000000000000,,gps_back
27.835492332901,128.758387690609,0.000000000000,,gps_back
27.786104827655,128.750916562820,0.000000000000,,gps_back
27.736460834038,128.744947468182,0.000000000000,,gps_back
27.686833203752,128.738844530205,0.000000000000,,gps_back
27.637216556058,128.732652069496,0.000000000000,,gps_back
27.587583126322,128.726596288708,0.000000000000,,gps_back
27.537937476711,128.720640846495,0.000000000000,,gps_back
27.488669493051,128.712252656545,0.000000000000,,gps_back
27.439799568933,128.701702306439,0.000000000000,,gps_back
27.390659609209,128.692537275612,0.000000000000,,gps_back
27.341137420328,128.685704677532,0.000000000000,,gps_back
27.291745950180,128.677977999861,0.000000000000,,gps_back
27.242816016746,128.667752884146,0.000000000000,,gps_back
27.193817537807,128.657809298361,0.000000000000,,gps_back
27.144351740091,128.650668967514,0.000000000000,,gps_back
27.094731430400,128.644505949570,0.000000000000,,gps_back
27.045090923111,128.638508483621,0.000000000000,,gps_back
26.995445548767,128.632550699856,0.000000000000,,gps_back
26.945821933498,128.626415241684,0.000000000000,,gps_back
26.896206581627,128.620212388829,0.000000000000,,gps_back
26.846617611352,128.613803352278,0.000000000000,,gps_back
26.797073363942,128.607057980373,0.000000000000,,gps_back
26.748088725323,128.597207548507,0.000000000000,,gps_back
26.699316754570,128.586186958956,0.000000000000,,gps_back
26.649984806131,128.578272307090,0.000000000000,,gps_back
26.600411091434,128.571746010107,0.000000000000,,gps_back
26.550831196299,128.565265863392,0.000000000000,,gps_back
26.501252503678,128.558776505714,0.000000000000,,gps_back
26.451673811054,128.552287148046,0.000000000000,,gps_back
26.402116523931,128.545637064050,0.000000000000,,gps_back
26.352695346130,128.538060151630,0.000000000000,,gps_back
26.302980094528,128.533031971825,0.000000000000,,gps_back
26.253028094734,128.531228506847,0.000000000000,,gps_back
26.203449773000,128.525453811225,0.000000000000,,gps_back
26.154006540951,128.518002887305,0.000000000000,,gps_back
26.104524619790,128.510813882146,0.000000000000,,gps_back
26.054989291442,128.504004006204,0.000000000000,,gps_back
26.005418149841,128.497457873016,0.000000000000,,gps_back
25.955857678949,128.490831340271,0.000000000000,,gps_back
25.906310576021,128.484105104591,0.000000000000,,gps_back
25.856745751350,128.477511328919,0.000000000000,,gps_back
25.807168762738,128.471009000349,0.000000000000,,gps_back
25.758094759974,128.461598898501,0.000000000000,,gps_back
25.709292597905,128.450715154338,0.000000000000,,gps_back
25.659987766824,128.442598729748,0.000000000000,,gps_back
25.610359496229,128.436528083640,0.000000000000,,gps_back
25.560694652776,128.430735027648,0.000000000000,,gps_back
25.511043223315,128.424828136755,0.000000000000,,gps_back
25.461388285586,128.418950701460,0.000000000000,,gps_back
25.411718797919,128.413197737814,0.000000000000,,gps_back
25.362047006683,128.407464366448,0.000000000000,,gps_back
25.312395407931,128.401559544230,0.000000000000,,gps_back
25.262753810462,128.395570376048,0.000000000000,,gps_back
25.213643342762,128.386384426780,0.000000000000,,gps_back
25.164732749838,128.375996336246,0.000000000000,,gps_back
25.115999114709,128.364818477415,0.000000000000,,gps_back
25.067414809146,128.352999979224,0.000000000000,,gps_back
25.018230972128,128.344213732699,0.000000000000,,gps_back
24.968647353654,128.337803768474,0.000000000000,,gps_back
24.919014624055,128.331741817251,0.000000000000,,gps_back
24.869392984704,128.325589557904,0.000000000000,,gps_back
24.820122302531,128.317183996800,0.000000000000,,gps_back
24.771410550157,128.305967517568,0.000000000000,,gps_back
24.722950346449,128.293650313280,0.000000000000,,gps_back
24.674599946862,128.280908078352,0.000000000000,,gps_back
24.625516602514,128.271631214961,0.000000000000,,gps_back
24.575995407657,128.264748089999,0.000000000000,,gps_back
24.526469104341,128.257874321181,0.000000000000,,gps_back
24.477042490119,128.250320545137,0.000000000000,,gps_back
24.428760470142,128.237677833954,0.000000000000,,gps_back
24.380224754777,128.225761692436,0.000000000000,,gps_back
24.330895730122,128.217800563720,0.000000000000,,gps_back
24.281444279674,128.210410442026,0.000000000000,,gps_back
24.232049321058,128.202646189697,0.000000000000,,gps_back
24.182638578365,128.194982858212,0.000000000000,,gps_back
24.133188745858,128.187576208109,0.000000000000,,gps_back
24.083704070402,128.180405757241,0.000000000000,,gps_back
24.034214081904,128.173271378078,0.000000000000,,gps_back
23.984745158273,128.165992821758,0.000000000000,,gps_back
23.935952939516,128.155260670991,0.000000000000,,gps_back
23.887333076543,128.143588534173,0.000000000000,,gps_back
23.837999854473,128.135764378856,0.000000000000,,gps_back
23.788487274091,128.128794501614,0.000000000000,,gps_back
23.739527524526,128.118789873330,0.000000000000,,gps_back
23.690748133907,128.107802190568,0.000000000000,,gps_back
23.641399589315,128.099975986061,0.000000000000,,gps_back
23.591890257639,128.092979211255,0.000000000000,,gps_back
23.543101875575,128.082254148168,0.000000000000,,gps_back
23.494343232022,128.071189688717,0.000000000000,,gps_back
23.444646502058,128.067884878020,0.000000000000,,gps_back
23.394651672670,128.067065163820,0.000000000000,,gps_back
23.344935744089,128.062264733722,0.000000000000,,gps_back
23.295316633380,128.056092021382,0.000000000000,,gps_back
23.246415495169,128.045936075324,0.000000000000,,gps_back
23.197847843623,128.034049203418,0.000000000000,,gps_back
23.148506751580,128.026375291644,0.000000000000,,gps_back
23.098866437312,128.020376368107,0.000000000000,,gps_back
23.048976531228,128.017608637202,0.000000000000,,gps_back
22.998988917159,128.016468687415,0.000000000000,,gps_back
22.949655705056,128.009216203249,0.000000000000,,gps_back
22.900963352879,127.997904594683,0.000000000000,,gps_back
22.851760122061,127.989216175465,0.000000000000,,gps_back
22.802220754450,127.982450360537,0.000000000000,,gps_back
22.752598918833,127.976302816046,0.000000000000,,gps_back
22.702956645329,127.970319308334,0.000000000000,,gps_back
22.653814237241,127.961268182646,0.000000000000,,gps_back
22.605029891761,127.950314590401,0.000000000000,,gps_back
22.555812041075,127.941624547901,0.000000000000,,gps_back
22.506230027105,127.935214118080,0.000000000000,,gps_back
22.456593819825,127.929180673377,0.000000000000,,gps_back
22.406971409735,127.923034720835,0.000000000000,,gps_back
22.357625401914,127.915034300022,0.000000000000,,gps_back
22.308865893783,127.904046479542,0.000000000000,,gps_back
22.259811182080,127.894444388924,0.000000000000,,gps_back
22.210251901514,127.887953758583,0.000000000000,,gps_back
22.160591761617,127.882120710095,0.000000000000,,gps_back
22.110994307273,127.875781977398,0.000000000000,,gps_back
22.061557810976,127.868307210927,0.000000000000,,gps_back
22.012665344412,127.857939887712,0.000000000000,,gps_back
21.963818309503,127.847261071034,0.000000000000,,gps_back
21.914357983325,127.840194469153,0.000000000000,,gps_back
21.864715413614,127.834213354546,0.000000000000,,gps_back
21.815121414869,127.827845734939,0.000000000000,,gps_back
21.765539288318,127.821382683983,0.000000000000,,gps_back
21.715928846708,127.815141866096,0.000000000000,,gps_back
21.666311623213,127.808954008330,0.000000000000,,gps_back
21.617512832880,127.798350542872,0.000000000000,,gps_back
21.568927434505,127.786535076937,0.000000000000,,gps_back
21.519581203494,127.778802240048,0.000000000000,,gps_back
21.469992889178,127.772386862217,0.000000000000,,gps_back
21.420361678536,127.766315105591,0.000000000000,,gps_back
21.370717669582,127.760345943308,0.000000000000,,gps_back
21.321092587645,127.754222044395,0.000000000000,,gps_back
21.271473476935,127.748049332068,0.000000000000,,gps_back
21.221882190815,127.741658127058,0.000000000000,,gps_back
21.172302588983,127.735175731546,0.000000000000,,gps_back
21.123323007894,127.725305188517,0.000000000000,,gps_back
21.074546709637,127.714303823806,0.000000000000,,gps_back
21.025164559040,127.706704926078,0.000000000000,,gps_back
20.975514293063,127.700798104499,0.000000000000,,gps_back
20.925853194764,127.694973161063,0.000000000000,,gps_back
20.876205853886,127.689031953589,0.000000000000,,gps_back
20.826841454919,127.681149290623,0.000000000000,,gps_back
20.777979398205,127.670600531646,0.000000000000,,gps_back
20.728966725424,127.660734219154,0.000000000000,,gps_back
20.679451072330,127.653943638493,0.000000000000,,gps_back
20.629811342953,127.647939028146,0.000000000000,,gps_back
20.580187696157,127.641803254064,0.000000000000,,gps_back
20.530622696786,127.635214255089,0.000000000000,,gps_back
20.481535457536,127.625816295579,0.000000000000,,gps_back
20.432590320881,127.615592200362,0.000000000000,,gps_back
20.383225682760,127.607750744663,0.000000000000,,gps_back
20.333666931062,127.601116090442,0.000000000000,,gps_back
20.284060070658,127.594846896040,0.000000000000,,gps_back
20.234441805652,127.588667401665,0.000000000000,,gps_back
20.184847397024,127.582300191607,0.000000000000,,gps_back
20.135266794589,127.575825496675,0.000000000000,,gps_back
20.086350929873,127.565669674349,0.000000000000,,gps_back
20.037760439584,127.553878223344,0.000000000000,,gps_back
19.988473547148,127.545730196312,0.000000000000,,gps_back
19.938910687218,127.539124435503,0.000000000000,,gps_back
19.889331994596,127.532635077828,0.000000000000,,gps_back
19.839753301974,127.526145720149,0.000000000000,,gps_back
19.790174609351,127.519656362482,0.000000000000,,gps_back
19.740599256920,127.513141551943,0.000000000000,,gps_back
19.691047687911,127.506448899934,0.000000000000,,gps_back
19.641616709464,127.498928902438,0.000000000000,,gps_back
19.592823031654,127.488138007621,0.000000000000,,gps_back
19.544006273972,127.477329395703,0.000000000000,,gps_back
19.494615372325,127.469709422413,0.000000000000,,gps_back
19.445031464403,127.463262122869,0.000000000000,,gps_back
19.395356727108,127.457566009644,0.000000000000,,gps_back
19.345662149382,127.452033640947,0.000000000000,,gps_back
19.296083201891,127.445566299733,0.000000000000,,gps_back
19.246589147835,127.438462936739,0.000000000000,,gps_back
19.197654582330,127.428318583510,0.000000000000,,gps_back
19.148882611573,127.417297993974,0.000000000000,,gps_back
19.099447675127,127.410096530967,0.000000000000,,gps_back
19.049803425644,127.404129596372,0.000000000000,,gps_back
19.000201779299,127.397821357280,0.000000000000,,gps_back
18.950620965774,127.391348293942,0.000000000000,,gps_back
18.901067021245,127.384673365457,0.000000000000,,gps_back
18.851522080812,127.377931158191,0.000000000000,,gps_back
18.801986742004,127.371118860971,0.000000000000,,gps_back
18.752610941920,127.363253491437,0.000000000000,,gps_back
18.703880738425,127.352166987979,0.000000000000,,gps_back
18.655078606620,127.341297358771,0.000000000000,,gps_back
18.605729955138,127.333374270970,0.000000000000,,gps_back
18.556239969081,127.326239867075,0.000000000000,,gps_back
18.506747227561,127.319124601656,0.000000000000,,gps_back
18.457253888491,127.312013489724,0.000000000000,,gps_back
18.407758520952,127.304916514489,0.000000000000,,gps_back
18.358198577785,127.298290389766,0.000000000000,,gps_back
18.308626409688,127.291751434016,0.000000000000,,gps_back
18.259115649888,127.284766616354,0.000000000000,,gps_back
18.209875899145,127.276112714995,0.000000000000,,gps_back
18.161363862166,127.264105419991,0.000000000000,,gps_back
18.112396334745,127.254112681077,0.000000000000,,gps_back
18.062880540761,127.247274612722,0.000000000000,,gps_back
18.013305489502,127.240760100484,0.000000000000,,gps_back
17.963801306959,127.233728512572,0.000000000000,,gps_back
17.914784967811,127.223954574755,0.000000000000,,gps_back
17.866159142983,127.212321883355,0.000000000000,,gps_back
17.816973445249,127.203486446905,0.000000000000,,gps_back
17.767441676162,127.196675612054,0.000000000000,,gps_back
17.717819162707,127.190533113782,0.000000000000,,gps_back
17.668174315615,127.184571090386,0.000000000000,,gps_back
17.618612012793,127.177967285428,0.000000000000,,gps_back
17.569113341278,127.170894991511,0.000000000000,,gps_back
17.519621480956,127.163773613202,0.000000000000,,gps_back
17.470242800922,127.155915810486,0.000000000000,,gps_back
17.421516372416,127.144815547146,0.000000000000,,gps_back
17.372761923229,127.133727510199,0.000000000000,,gps_back
17.323416971164,127.125804162518,0.000000000000,,gps_back
17.273891381375,127.118922331447,0.000000000000,,gps_back
17.224322277907,127.112361554701,0.000000000000,,gps_back
17.174504612360,127.108268907009,0.000000000000,,gps_back
17.124534205206,127.106854038018,0.000000000000,,gps_back
17.075298367098,127.098963004128,0.000000000000,,gps_back
17.026644876948,127.087464969730,0.000000000000,,gps_back
16.977619964998,127.077698598896,0.000000000000,,gps_back
16.928391525505,127.068942503281,0.000000000000,,gps_back
16.879142466435,127.060300240508,0.000000000000,,gps_back
16.829893407365,127.051657977734,0.000000000000,,gps_back
16.780864720787,127.041861164934,0.000000000000,,gps_back
16.732051119728,127.031033185697,0.000000000000,,gps_back
16.682894604135,127.021935298137,0.000000000000,,gps_back
16.633328155771,127.015443559299,0.000000000000,,gps_back
16.583938003740,127.007704180261,0.000000000000,,gps_back
16.535225615238,126.996529339874,0.000000000000,,gps_back
16.486599713922,126.984882224454,0.000000000000,,gps_back
16.437854031294,126.973748266691,0.000000000000,,gps_back
16.389053125747,126.962856729451,0.000000000000,,gps_back
16.340171102266,126.952336501827,0.000000000000,,gps_back
16.291269910105,126.941904247497,0.000000000000,,gps_back
16.241786779789,126.934951668167,0.000000000000,,gps_back
16.192141812116,126.928990647381,0.000000000000,,gps_back
16.143109492588,126.919378932433,0.000000000000,,gps_back
16.094357289638,126.908274759139,0.000000000000,,gps_back
16.045606348906,126.897161718084,0.000000000000,,gps_back
15.996837113002,126.886129059193,0.000000000000,,gps_back
15.947976345259,126.875511151911,0.000000000000,,gps_back
15.899036633502,126.865262043254,0.000000000000,,gps_back
15.850094791146,126.855022236038,0.000000000000,,gps_back
15.801185913845,126.844626328284,0.000000000000,,gps_back
15.752284721684,126.834194073955,0.000000000000,,gps_back
15.703476756337,126.823336260630,0.000000000000,,gps_back
15.654693340421,126.812366444986,0.000000000000,,gps_back
15.605730332043,126.802237697219,0.000000000000,,gps_back
15.556691751758,126.792471917715,0.000000000000,,gps_back
15.507401831011,126.784094727904,0.000000000000,,gps_back
15.457756548071,126.778240451850,0.000000000000,,gps_back
15.408036438955,126.772942407433,0.000000000000,,gps_back
15.358103386623,126.770917551876,0.000000000000,,gps_back
15.308110911190,126.769970989575,0.000000000000,,gps_back
15.258670679390,126.763135791598,0.000000000000,,gps_back
15.209970144790,126.751898412601,0.000000000000,,gps_back
15.160845930659,126.742675428951,0.000000000000,,gps_back
15.111397488363,126.735281248331,0.000000000000,,gps_back
15.061788863072,126.729039868349,0.000000000000,,gps_back
15.012146049614,126.723060823264,0.000000000000,,gps_back
14.963211142210,126.712995443076,0.000000000000,,gps_back
14.914617241353,126.701219949450,0.000000000000,,gps_back
14.865309323933,126.693151272975,0.000000000000,,gps_back
14.815747711564,126.686537658580,0.000000000000,,gps_back
14.766195250865,126.679851652815,0.000000000000,,gps_back
14.716664428715,126.673006718287,0.000000000000,,gps_back
14.667745928494,126.662791147304,0.000000000000,,gps_back
14.618973957738,126.651770557766,0.000000000000,,gps_back
14.569528318970,126.644584340768,0.000000000000,,gps_back
14.519867183246,126.638763481264,0.000000000000,,gps_back
14.470657379996,126.630027570401,0.000000000000,,gps_back
14.421952515510,126.618750344043,0.000000000000,,gps_back
14.372709406970,126.610218378248,0.000000000000,,gps_back
14.323088820639,126.604111988219,0.000000000000,,gps_back
14.273639641757,126.596744065663,0.000000000000,,gps_back
14.224750182747,126.586337781684,0.000000000000,,gps_back
14.176359818292,126.573770231874,0.000000000000,,gps_back
14.129571081738,126.556285575949,0.000000000000,,gps_back
14.081801998649,126.541641696654,0.000000000000,,gps_back
14.032434116820,126.534315085746,0.000000000000,,gps_back
13.982981329629,126.526957239255,0.000000000000,,gps_back
13.934289454925,126.515713707275,0.000000000000,,gps_back
13.885820418475,126.503429829662,0.000000000000,,gps_back
13.837516764897,126.490513149133,0.000000000000,,gps_back
13.789933290675,126.475191230828,0.000000000000,,gps_back
13.743240780124,126.457331636117,0.000000000000,,gps_back
13.695711199961,126.441865210228,0.000000000000,,gps_back
13.647547241280,126.428452140689,0.000000000000,,gps_back
13.599244175080,126.415530667877,0.000000000000,,gps_back
13.551055499378,126.402190384174,0.000000000000,,gps_back
13.504820548729,126.383332034061,0.000000000000,,gps_back
13.459741256668,126.361713923094,0.000000000000,,gps_back
13.416215033936,126.337140987449,0.000000000000,,gps_back
13.372168859986,126.313486616625,0.000000000000,,gps_back
13.327481178149,126.291060134896,0.000000000000,,gps_back
13.283879182041,126.266611272269,0.000000000000,,gps_back
13.240826849465,126.241183359376,0.000000000000,,gps_back
13.198758502048,126.214168588291,0.000000000000,,gps_back
13.155228441218,126.189608295839,0.000000000000,,gps_back
13.110520238286,126.167232768066,0.000000000000,,gps_back
13.066716643303,126.143142411106,0.000000000000,,gps_back
13.025043377251,126.115558573946,0.000000000000,,gps_back
12.984060133872,126.086914646047,0.000000000000,,gps_back
12.940776165932,126.061958703457,0.000000000000,,gps_back
12.897196614059,126.037444232584,0.000000000000,,gps_back
12.853106972416,126.013864284775,0.000000000000,,gps_back
12.808202164325,125.991881618777,0.000000000000,,gps_back
12.763301853319,125.969879339368,0.000000000000,,gps_back
12.718161058287,125.948375997725,0.000000000000,,gps_back
12.672468508091,125.928076506776,0.000000000000,,gps_back
12.626653359429,125.908048280291,0.000000000000,,gps_back
12.580819700996,125.888062433758,0.000000000000,,gps_back
12.535772556297,125.866377559350,0.000000000000,,gps_back
12.490288698672,125.845616805702,0.000000000000,,gps_back
12.443903491564,125.826967846392,0.000000000000,,gps_back
12.400572023377,125.802216801508,0.000000000000,,gps_back
12.361146292000,125.771556484759,0.000000000000,,gps_back
12.317330467820,125.747772182260,0.000000000000,,gps_back
12.271849112470,125.727010945788,0.000000000000,,gps_back
12.228271076440,125.702560625031,0.000000000000,,gps_back
12.184316845764,125.678731453922,0.000000000000,,gps_back
12.138769246679,125.658147153380,0.000000000000,,gps_back
12.096264035945,125.631962697555,0.000000000000,,gps_back
12.056904721817,125.601173363208,0.000000000000,,gps_back
12.014676650510,125.574489552167,0.000000000000,,gps_back
11.971583194592,125.549131414225,0.000000000000,,gps_back
11.932296163834,125.518311462402,0.000000000000,,gps_back
11.892726943609,125.487747578530,0.000000000000,,gps_back
11.851004320232,125.460223800722,0.000000000000,,gps_back
11.808983681720,125.433123533856,0.000000000000,,gps_back
11.766963043205,125.406023266994,0.000000000000,,gps_back
11.729689900002,125.372825343279,0.000000000000,,gps_back
11.691782490031,125.340227819982,0.000000000000,,gps_back
11.651559880388,125.310552945826,0.000000000000,,gps_back
11.612444253541,125.279418629216,0.000000000000,,gps_back
11.575330318857,125.245927792293,0.000000000000,,gps_back
11.537116446543,125.213690271713,0.000000000000,,gps_back
11.498538078366,125.181880560798,0.000000000000,,gps_back
11.461463484755,125.148341527688,0.000000000000,,gps_back
11.424974030004,125.114156200193,0.000000000000,,gps_back
11.389028444522,125.079399876813,0.000000000000,,gps_back
11.352769163438,125.044970529541,0.000000000000,,gps_back
11.316111457326,125.010965598031,0.000000000000,,gps_back
11.279405321632,124.977012422516,0.000000000000,,gps_back
11.243360520960,124.942359849772,0.000000000000,,gps_back
11.209442355010,124.905636590509,0.000000000000,,gps_back
11.175928627720,124.868528843372,0.000000000000,,gps_back
11.142568758672,124.831282730281,0.000000000000,,gps_back
11.105752719230,124.797498496738,0.000000000000,,gps_back
11.066988906055,124.765925859210,0.000000000000,,gps_back
11.029837224972,124.732476405012,0.000000000000,,gps_back
10.993340415666,124.698299039220,0.000000000000,,gps_back
10.957509630188,124.663424858943,0.000000000000,,gps_back
10.921439999503,124.628796668397,0.000000000000,,gps_back
10.884804138113,124.594768827755,0.000000000000,,gps_back
10.850086256152,124.558800078530,0.000000000000,,gps_back
10.816355571589,124.521891128749,0.000000000000,,gps_back
10.782969376616,124.484668748492,0.000000000000,,gps_back
10.749581979331,124.447447250061,0.000000000000,,gps_back
10.715975765038,124.410423341535,0.000000000000,,gps_back
10.682388865661,124.373381768115,0.000000000000,,gps_back
10.648883364121,124.336266561904,0.000000000000,,gps_back
10.616911413175,124.297829391721,0.000000000000,,gps_back
10.586198814927,124.258374936959,0.000000000000,,gps_back
10.553231123783,124.220798154178,0.000000000000,,gps_back
10.520524410107,124.182978155074,0.000000000000,,gps_back
10.492338427741,124.141726645811,0.000000000000,,gps_back
10.463946932769,124.100568821065,0.000000000000,,gps_back
10.433720456610,124.060745132559,0.000000000000,,gps_back
10.402257726287,124.021885891208,0.000000000000,,gps_back
10.368853710197,123.984689081216,0.000000000000,,gps_back
10.336737157437,123.946372362865,0.000000000000,,gps_back
10.306012536986,123.906927989052,0.000000000000,,gps_back
10.277158977024,123.866098390839,0.000000000000,,gps_back
10.249602040759,123.824378359174,0.000000000000,,gps_back
10.219954103463,123.784126220723,0.000000000000,,gps_back
10.189682777284,123.744329460629,0.000000000000,,gps_back
10.161942200667,123.702743553488,0.000000000000,,gps_back
10.134477401807,123.660960267096,0.000000000000,,gps_back
10.106882060231,123.619263110543,0.000000000000,,gps_back
10.080539854787,123.576766442246,0.000000000000,,gps_back
10.056244695214,123.533070694866,0.000000000000,,gps_back
10.030069165143,123.490476475720,0.000000000000,,gps_back
10.002585653474,123.448707751333,0.000000000000,,gps_back
9.974974825274,123.407020814635,0.000000000000,,gps_back
9.947363997074,123.365333877936,0.000000000000,,gps_back
9.920219318680,123.323342361757,0.000000000000,,gps_back
9.893021742542,123.281384664874,0.000000000000,,gps_back
9.865622665448,123.239558321581,0.000000000000,,gps_back
9.839802260636,123.196744373116,0.000000000000,,gps_back
9.815483430087,123.153058214498,0.000000000000,,gps_back
9.788899444236,123.110720280027,0.000000000000,,gps_back
9.761424204125,123.068944586431,0.000000000000,,gps_back
9.728741472864,123.031168880940,0.000000000000,,gps_back
9.695705553166,122.993635261893,0.000000000000,,gps_back
9.664876121375,122.954280862952,0.000000000000,,gps_back
9.634302777042,122.914715358514,0.000000000000,,gps_back
9.603729432701,122.875149854082,0.000000000000,,gps_back
9.573248792780,122.835512907848,0.000000000000,,gps_back
9.542797260909,122.795853575152,0.000000000000,,gps_back
9.512250034534,122.756267924991,0.000000000000,,gps_back
9.481647595295,122.716724924604,0.000000000000,,gps_back
9.450927334998,122.677273413241,0.000000000000,,gps_back
9.421714613584,122.636698119401,0.000000000000,,gps_back
9.397251361639,122.593127496342,0.000000000000,,gps_back
9.373253212334,122.549261257476,0.000000000000,,gps_back
9.349195558445,122.505427624323,0.000000000000,,gps_back
9.326109327198,122.461076240546,0.000000000000,,gps_back
9.302820627216,122.416829423458,0.000000000000,,gps_back
9.277925780820,122.373469974748,0.000000000000,,gps_back
9.253940225326,122.329598836728,0.000000000000,,gps_back
9.233502233919,122.283982713287,0.000000000000,,gps_back
9.209861696335,122.239942817452,0.000000000000,,gps_back
9.183378001019,122.197541087933,0.000000000000,,gps_back
9.164642474949,122.151275121122,0.000000000000,,gps_back
9.146491226532,122.104684547775,0.000000000000,,gps_back
9.126614916210,122.058807196708,0.000000000000,,gps_back
9.105930151832,122.013285238539,0.000000000000,,gps_back
9.084468516059,121.968124509843,0.000000000000,,gps_back
9.063620614063,121.922677155717,0.000000000000,,gps_back
9.043494554571,121.876905475386,0.000000000000,,gps_back
9.023437274409,121.831103029625,0.000000000000,,gps_back
9.003761451204,121.785135625742,0.000000000000,,gps_back
8.985926793626,121.738427104309,0.000000000000,,gps_back
8.968217544789,121.691666645298,0.000000000000,,gps_back
8.950355000237,121.644964552855,0.000000000000,,gps_back
8.933498438471,121.597891311616,0.000000000000,,gps_back
8.918105814622,121.550320196668,0.000000000000,,gps_back
8.907519776435,121.501476972114,0.000000000000,,gps_back
8.898232187273,121.452346239414,0.000000000000,,gps_back
8.885148992163,121.404103543436,0.000000000000,,gps_back
8.871652151936,121.355957995309,0.000000000000,,gps_back
8.858103575727,121.307826983177,0.000000000000,,gps_back
8.845811175454,121.259361730198,0.000000000000,,gps_back
8.835396875499,121.210460060976,0.000000000000,,gps_back
8.822629235690,121.162123147807,0.000000000000,,gps_back
8.809351567316,121.113916767506,0.000000000000,,gps_back
8.799916927903,121.064829545484,0.000000000000,,gps_back
8.790885237325,121.015650412972,0.000000000000,,gps_back
8.781887883512,120.966464987941,0.000000000000,,gps_back
8.770842850290,120.917703076822,0.000000000000,,gps_back
8.757497081566,120.869520248844,0.000000000000,,gps_back
8.746943182795,120.820654850499,0.000000000000,,gps_back
8.738084760377,120.771446227952,0.000000000000,,gps_back
8.729096644248,120.722259185698,0.000000000000,,gps_back
8.719672711078,120.673153880204,0.000000000000,,gps_back
8.707834568587,120.624579796173,0.000000000000,,gps_back
8.696180607001,120.575955461294,0.000000000000,,gps_back
8.688033986794,120.526634239077,0.000000000000,,gps_back
8.680364267438,120.477224402553,0.000000000000,,gps_back
8.673714728503,120.427667946044,0.000000000000,,gps_back
8.667162319435,120.378097547008,0.000000000000,,gps_back
8.660609910366,120.328527147972,0.000000000000,,gps_back
8.655478012362,120.278791594221,0.000000000000,,gps_back
8.651381747599,120.228958862972,0.000000000000,,gps_back
8.645372688829,120.179323560022,0.000000000000,,gps_back
8.638867798596,120.129746993669,0.000000000000,,gps_back
8.632333843288,120.080174158838,0.000000000000,,gps_back
8.625002364058,120.030713607520,0.000000000000,,gps_back
8.616100109158,119.981513093546,0.000000000000,,gps_back
8.609706255012,119.931928862965,0.000000000000,,gps_back
8.605514348123,119.882106898093,0.000000000000,,gps_back
8.601845014658,119.832240239481,0.000000000000,,gps_back
8.598276156059,119.782366184787,0.000000000000,,gps_back
8.594132793169,119.732536880872,0.000000000000,,gps_back
8.590170707669,119.682692570932,0.000000000000,,gps_back
8.588600563732,119.632720858098,0.000000000000,,gps_back
8.587249662838,119.582737524956,0.000000000000,,gps_back
8.585898761945,119.532754191815,0.000000000000,,gps_back
8.584460056004,119.482773316086,0.000000000000,,gps_back
8.582891551359,119.432796351872,0.000000000000,,gps_back
8.581311830466,119.382819727265,0.000000000000,,gps_back
8.579732109574,119.332843102658,0.000000000000,,gps_back
8.576450358519,119.282952004235,0.000000000000,,gps_back
8.572898339634,119.233076754942,0.000000000000,,gps_back
8.570973774530,119.183114690374,0.000000000000,,gps_back
8.569246308843,119.133142956508,0.000000000000,,gps_back
8.567523140422,119.083171072255,0.000000000000,,gps_back
8.569284228170,119.033211615743,0.000000000000,,gps_back
8.574991224131,118.983548486959,0.000000000000,,gps_back
8.577471493084,118.933619562592,0.000000000000,,gps_back
8.578437438604,118.883628561189,0.000000000000,,gps_back
8.579299406793,118.833634406171,0.000000000000,,gps_back
8.581430568854,118.783679650262,0.000000000000,,gps_back
8.587159684052,118.734017840947,0.000000000000,,gps_back
8.590696110957,118.684146786273,0.000000000000,,gps_back
8.591747231717,118.634160560692,0.000000000000,,gps_back
8.595861178872,118.584337345082,0.000000000000,,gps_back
8.601141353298,118.534616005045,0.000000000000,,gps_back
8.603083551095,118.484661767612,0.000000000000,,gps_back
8.604005704624,118.434669132157,0.000000000000,,gps_back
8.604867672814,118.384674977138,0.000000000000,,gps_back
8.607363238232,118.334737878969,0.000000000000,,gps_back
8.613137825762,118.285078863931,0.000000000000,,gps_back
8.618988159573,118.235420736229,0.000000000000,,gps_back
8.624707206494,118.185747303516,0.000000000000,,gps_back
8.630664634120,118.136101934757,0.000000000000,,gps_back
8.636621516091,118.086456451080,0.000000000000,,gps_back
8.642019516638,118.036747345466,0.000000000000,,gps_back
8.647528483979,117.987050183821,0.000000000000,,gps_back
8.653978027210,117.937466993244,0.000000000000,,gps_back
8.662884744272,117.888269748282,0.000000000000,,gps_back
8.673494071431,117.839408569579,0.000000000000,,gps_back
8.680321734626,117.789887644504,0.000000000000,,gps_back
8.686060864973,117.740217001436,0.000000000000,,gps_back
8.691437875547,117.690505441394,0.000000000000,,gps_back
8.697422643568,117.640863623081,0.000000000000,,gps_back
8.707818742987,117.591969933272,0.000000000000,,gps_back
8.718546016280,117.543132610118,0.000000000000,,gps_back
8.729273289574,117.494295286964,0.000000000000,,gps_back
8.737098022603,117.444916420478,0.000000000000,,gps_back
8.742606803084,117.395222542761,0.000000000000,,gps_back
8.753682556443,117.346488592255,0.000000000000,,gps_back
8.768598317910,117.298772563670,0.000000000000,,gps_back
8.780416924595,117.250196195929,0.000000000000,,gps_back
8.791353648637,117.201405662357,0.000000000000,,gps_back
8.806468856990,117.153756923956,0.000000000000,,gps_back
8.820699827936,117.105824286444,0.000000000000,,gps_back
8.830546319295,117.056814940456,0.000000000000,,gps_back
8.840665465379,117.007848213010,0.000000000000,,gps_back
8.852672006621,116.959311973511,0.000000000000,,gps_back
8.866686174127,116.911317049849,0.000000000000,,gps_back
8.881774124545,116.863646844597,0.000000000000,,gps_back
8.893408074961,116.815026344255,0.000000000000,,gps_back
8.904176102257,116.766198271274,0.000000000000,,gps_back
8.914903375550,116.717360948120,0.000000000000,,gps_back
8.925630648845,116.668523624966,0.000000000000,,gps_back
8.936357922142,116.619686301813,0.000000000000,,gps_back
8.945841480972,116.570593345080,0.000000000000,,gps_back
8.954153545779,116.521288269224,0.000000000000,,gps_back
8.962396802174,116.471970855979,0.000000000000,,gps_back
8.970676130638,116.422659486486,0.000000000000,,gps_back
8.981259075164,116.373794210468,0.000000000000,,gps_back
8.990914016649,116.324734394881,0.000000000000,,gps_back
8.997146084951,116.275129871573,0.000000000000,,gps_back
9.003022396932,116.225474800364,0.000000000000,,gps_back
9.008741224710,116.175801345038,0.000000000000,,gps_back
9.014199560515,116.126098617056,0.000000000000,,gps_back
9.019558533876,116.076385042523,0.000000000000,,gps_back
9.028913498880,116.027276581588,0.000000000000,,gps_back
9.039576946349,115.978426007370,0.000000000000,,gps_back
9.050304219646,115.929588684217,0.000000000000,,gps_back
9.059788914833,115.880495886710,0.000000000000,,gps_back
9.065341515574,115.830812521276,0.000000000000,,gps_back
9.070849594373,115.781115261290,0.000000000000,,gps_back
9.076846990592,115.731474791795,0.000000000000,,gps_back
9.082730123944,115.681820526398,0.000000000000,,gps_back
9.088479697575,115.632150615963,0.000000000000,,gps_back
9.097908143993,115.583054238898,0.000000000000,,gps_back
9.108511724199,115.534190473004,0.000000000000,,gps_back
9.118134757140,115.485124272562,0.000000000000,,gps_back
9.127723357320,115.436050682557,0.000000000000,,gps_back
9.138389449562,115.387200663824,0.000000000000,,gps_back
9.146803898711,115.337915367113,0.000000000000,,gps_back
9.148041235379,115.287955426250,0.000000000000,,gps_back
9.151447584562,115.238073403803,0.000000000000,,gps_back
9.157319919645,115.188420665788,0.000000000000,,gps_back
9.171503498136,115.140510149595,0.000000000000,,gps_back
9.186806688464,115.092908194661,0.000000000000,,gps_back
9.192900373025,115.043316754685,0.000000000000,,gps_back
9.200245295874,114.993858713893,0.000000000000,,gps_back
9.210005014171,114.944821211569,0.000000000000,,gps_back
9.222067425470,114.896298538059,0.000000000000,,gps_back
9.237104935797,114.848615383764,0.000000000000,,gps_back
9.246869476816,114.799588674434,0.000000000000,,gps_back
9.252978260863,114.749965838573,0.000000000000,,gps_back
9.258761878463,114.700299886396,0.000000000000,,gps_back
9.264982135623,114.650686781842,0.000000000000,,gps_back
9.274672525284,114.601637373579,0.000000000000,,gps_back
9.284737766657,114.552659346822,0.000000000000,,gps_back
9.296507506489,114.504063757118,0.000000000000,,gps_back
9.310211497956,114.455978062888,0.000000000000,,gps_back
9.325394759775,114.408338205822,0.000000000000,,gps_back
9.330171844725,114.358602316676,0.000000000000,,gps_back
9.331273151509,114.308615576085,0.000000000000,,gps_back
9.343426511612,114.260145002565,0.000000000000,,gps_back
9.358529394299,114.212480268842,0.000000000000,,gps_back
9.364837448125,114.162892424778,0.000000000000,,gps_back
9.370789509672,114.113246369777,0.000000000000,,gps_back
9.376503181966,114.063572316878,0.000000000000,,gps_back
9.384199993384,114.014167355844,0.000000000000,,gps_back
9.393973797849,113.965131010771,0.000000000000,,gps_back
9.401774347231,113.915742301230,0.000000000000,,gps_back
9.407546177123,113.866075567887,0.000000000000,,gps_back
9.417037274172,113.816985184318,0.000000000000,,gps_back
9.427748594166,113.768144558132,0.000000000000,,gps_back
9.433850426578,113.718519702456,0.000000000000,,gps_back
9.439693108132,113.668860654232,0.000000000000,,gps_back
9.445053373499,113.619147246045,0.000000000000,,gps_back
9.450513021094,113.569444624161,0.000000000000,,gps_back
9.456251624716,113.519773446211,0.000000000000,,gps_back
9.464602282633,113.470475033831,0.000000000000,,gps_back
9.475243987862,113.421619634556,0.000000000000,,gps_back
9.485956230998,113.372779012646,0.000000000000,,gps_back
9.496683336418,113.323941652645,0.000000000000,,gps_back
9.502846981231,113.274323926710,0.000000000000,,gps_back
9.509991120148,113.224835470210,0.000000000000,,gps_back
9.520681088136,113.175991361941,0.000000000000,,gps_back
9.529095723907,113.126703490930,0.000000000000,,gps_back
9.534829607260,113.077032416860,0.000000000000,,gps_back
9.540763420100,113.027384174889,0.000000000000,,gps_back
9.546787953925,112.977746855804,0.000000000000,,gps_back
9.552139213514,112.928032487067,0.000000000000,,gps_back
9.557478649203,112.878316805925,0.000000000000,,gps_back
9.568159353454,112.829471890827,0.000000000000,,gps_back
9.578824868071,112.780621043459,0.000000000000,,gps_back
9.589284115624,112.731725621526,0.000000000000,,gps_back
9.597415245002,112.682390080483,0.000000000000,,gps_back
9.602788460339,112.632678582611,0.000000000000,,gps_back
9.608459161512,112.582999603545,0.000000000000,,gps_back
9.614448173335,112.533357992350,0.000000000000,,gps_back
9.620254522272,112.483694679935,0.000000000000,,gps_back
9.625998755982,112.434024142603,0.000000000000,,gps_back
9.631988307666,112.384382593618,0.000000000000,,gps_back
9.637988100072,112.334742277184,0.000000000000,,gps_back
9.644013261810,112.285105033637,0.000000000000,,gps_back
9.652295882437,112.235794558247,0.000000000000,,gps_back
9.662741779938,112.186896542463,0.000000000000,,gps_back
9.669910549421,112.137412121956,0.000000000000,,gps_back
9.675906893992,112.087771449836,0.000000000000,,gps_back
9.686561335852,112.038919189868,0.000000000000,,gps_back
9.697288386803,111.990081818001,0.000000000000,,gps_back
9.708015660097,111.941244494847,0.000000000000,,gps_back
9.716524104564,111.891972354320,0.000000000000,,gps_back
9.722241501151,111.842298939999,0.000000000000,,gps_back
9.728169902313,111.792650048225,0.000000000000,,gps_back
9.734194978707,111.743012794522,0.000000000000,,gps_back
9.744686964507,111.694124917072,0.000000000000,,gps_back
9.754454029178,111.645086547477,0.000000000000,,gps_back
9.759813644600,111.595373300151,0.000000000000,,gps_back
9.766337724561,111.545799182108,0.000000000000,,gps_back
9.777005424912,111.496948843812,0.000000000000,,gps_back
9.787699641101,111.448104271286,0.000000000000,,gps_back
9.798426801213,111.399266927203,0.000000000000,,gps_back
9.805836139868,111.349817390140,0.000000000000,,gps_back
9.811584472281,111.300147614865,0.000000000000,,gps_back
9.821943494174,111.251230859494,0.000000000000,,gps_back
9.832661620308,111.202391528083,0.000000000000,,gps_back
9.843326828447,111.153540672518,0.000000000000,,gps_back
9.852264524146,111.104344634440,0.000000000000,,gps_back
9.858298927086,111.054708790608,0.000000000000,,gps_back
9.867303785834,111.005524869731,0.000000000000,,gps_back
9.878011442449,110.956684190730,0.000000000000,,gps_back
9.884124551990,110.907057731507,0.000000000000,,gps_back
9.889502805309,110.857347430420,0.000000000000,,gps_back
9.899631466529,110.808382455772,0.000000000000,,gps_back
9.909704367001,110.759407225443,0.000000000000,,gps_back
9.915458616154,110.709738075891,0.000000000000,,gps_back
9.923102042477,110.660324911858,0.000000000000,,gps_back
9.933807343084,110.611483426323,0.000000000000,,gps_back
9.941668484309,110.562103987122,0.000000000000,,gps_back
9.947695826375,110.512468502658,0.000000000000,,gps_back
9.957725195413,110.463483103447,0.000000000000,,gps_back
9.968014018996,110.414553735665,0.000000000000,,gps_back
9.973754974795,110.364882820867,0.000000000000,,gps_back
9.979363424213,110.315196775103,0.000000000000,,gps_back
9.984755594077,110.265488240303,0.000000000000,,gps_back
9.993931808234,110.216341766809,0.000000000000,,gps_back
10.009004000172,110.168670241518,0.000000000000,,gps_back
10.018978641357,110.119676971586,0.000000000000,,gps_back
10.025045050828,110.070047674893,0.000000000000,,gps_back
10.034889014782,110.021024817863,0.000000000000,,gps_back
10.045509539320,109.972164870961,0.000000000000,,gps_back
10.054354289476,109.922951773925,0.000000000000,,gps_back
10.063212207839,109.873741131888,0.000000000000,,gps_back
10.072697902553,109.824647550092,0.000000000000,,gps_back
10.082295748372,109.775575859503,0.000000000000,,gps_back
10.091249240217,109.726382432619,0.000000000000,,gps_back
10.100103793967,109.677171145731,0.000000000000,,gps_back
10.109421904404,109.628045490563,0.000000000000,,gps_back
10.118975826088,109.578965186659,0.000000000000,,gps_back
10.128057530668,109.529795278073,0.000000000000,,gps_back
10.136900512049,109.480581864689,0.000000000000,,gps_back
10.145660027607,109.431353527269,0.000000000000,,gps_back
10.154303049699,109.382104801902,0.000000000000,,gps_back
10.161950473265,109.332693059150,0.000000000000,,gps_back
10.167000602916,109.282947177841,0.000000000000,,gps_back
10.172420645611,109.233242628998,0.000000000000,,gps_back
10.181045441005,109.183990507931,0.000000000000,,gps_back
10.189693659458,109.134742744797,0.000000000000,,gps_back
10.199362999226,109.085685003878,0.000000000000,,gps_back
10.209150474806,109.036650849335,0.000000000000,,gps_back
10.218131772455,108.987462491038,0.000000000000,,gps_back
10.227012048268,108.938255799703,0.000000000000,,gps_back
10.235713581441,108.889017179664,0.000000000000,,gps_back
10.244301320567,108.839759191718,0.000000000000,,gps_back
10.251273429223,108.790246728661,0.000000000000,,gps_back
10.256683583944,108.740540033906,0.000000000000,,gps_back
10.264470094373,108.691149528149,0.000000000000,,gps_back
10.274209055349,108.642107417485,0.000000000000,,gps_back
10.281247892949,108.592605106220,0.000000000000,,gps_back
10.286109753167,108.542841234661,0.000000000000,,gps_back
10.292744597864,108.493284300470,0.000000000000,,gps_back
10.302320647269,108.444208314064,0.000000000000,,gps_back
10.312344324784,108.395221889829,0.000000000000,,gps_back
10.323123235780,108.346396954303,0.000000000000,,gps_back
10.335753974401,108.298017410578,0.000000000000,,gps_back
10.349266770162,108.249907089809,0.000000000000,,gps_back
10.352508563877,108.200035008220,0.000000000000,,gps_back
10.348673847049,108.150187381259,0.000000000000,,gps_back
10.348674060402,108.100186073716,0.000000000000,,gps_back
10.349763431934,108.050218329431,0.000000000000,,gps_back
10.357704071920,108.000851702396,0.000000000000,,gps_back
10.366707269053,107.951672830088,0.000000000000,,gps_back
10.379040334665,107.903217412054,0.000000000000,,gps_back
10.392500736125,107.855097276635,0.000000000000,,gps_back
10.397596371417,107.805366807775,0.000000000000,,gps_back
10.398627466809,107.755382272753,0.000000000000,,gps_back
10.403543823675,107.705677756871,0.000000000000,,gps_back
10.417207467223,107.657582445831,0.000000000000,,gps_back
10.428329640963,107.608867419484,0.000000000000,,gps_back
10.432706223575,107.559057741209,0.000000000000,,gps_back
10.437333239153,107.509279733075,0.000000000000,,gps_back
10.445542488210,107.459956988371,0.000000000000,,gps_back
10.454425189793,107.410750727634,0.000000000000,,gps_back
10.463283132982,107.361540003653,0.000000000000,,gps_back
10.472105586780,107.312322977142,0.000000000000,,gps_back
10.480589030231,107.263046430917,0.000000000000,,gps_back
10.488668874170,107.213701986866,0.000000000000,,gps_back
10.496453231728,107.164316605465,0.000000000000,,gps_back
10.501269594168,107.114547526932,0.000000000000,,gps_back
10.506528741989,107.064851288136,0.000000000000,,gps_back
10.517989873783,107.016181915409,0.000000000000,,gps_back
10.530220459847,106.967713864249,0.000000000000,,gps_back
10.537965098680,106.918321526604,0.000000000000,,gps_back
10.543124941352,106.868588663039,0.000000000000,,gps_back
10.549935738149,106.819056173760,0.000000000000,,gps_back
10.558690131460,106.769826923076,0.000000000000,,gps_back
10.567444524771,106.720597672392,0.000000000000,,gps_back
10.576206511859,106.671369780374,0.000000000000,,gps_back
10.585268875924,106.622201886506,0.000000000000,,gps_back
10.596914709922,106.573575421740,0.000000000000,,gps_back
10.608430518765,106.524920301951,0.000000000000,,gps_back
10.618211247977,106.475885768146,0.000000000000,,gps_back
10.626820695203,106.426630992691,0.000000000000,,gps_back
10.635213378913,106.377338867150,0.000000000000,,gps_back
10.643299076866,106.327995377065,0.000000000000,,gps_back
10.651439577452,106.278661289647,0.000000000000,,gps_back
10.660265673206,106.229444843919,0.000000000000,,gps_back
10.669110423362,106.180231746884,0.000000000000,,gps_back
10.677955173525,106.131018649849,0.000000000000,,gps_back
10.686801588179,106.081805852353,0.000000000000,,gps_back
10.695669984110,106.032597011100,0.000000000000,,gps_back
10.704531540594,105.983387005413,0.000000000000,,gps_back
10.713070359445,105.934120104941,0.000000000000,,gps_back
10.721123105312,105.884771226441,0.000000000000,,gps_back
10.729234796781,105.835432450906,0.000000000000,,gps_back
10.738078484229,105.786219164297,0.000000000000,,gps_back
10.746733777468,105.736979114247,0.000000000000,,gps_back
10.752486105444,105.687310243777,0.000000000000,,gps_back
10.757477392594,105.637562210022,0.000000000000,,gps_back
10.764734573042,105.588092247449,0.000000000000,,gps_back
10.773557978150,105.538875376439,0.000000000000,,gps_back
10.782087534056,105.489606843442,0.000000000000,,gps_back
10.790173232009,105.440263353357,0.000000000000,,gps_back
10.798298549343,105.390926568158,0.000000000000,,gps_back
10.806901011111,105.341670541787,0.000000000000,,gps_back
10.815540857668,105.292421087177,0.000000000000,,gps_back
10.824365863414,105.243204448790,0.000000000000,,gps_back
10.833075709435,105.193971085557,0.000000000000,,gps_back
10.839558649134,105.144393958971,0.000000000000,,gps_back
10.844494085078,105.094638248013,0.000000000000,,gps_back
10.851031101681,105.045070536784,0.000000000000,,gps_back
10.859875851843,104.995857439750,0.000000000000,,gps_back
10.868720602004,104.946644342715,0.000000000000,,gps_back
10.877565352160,104.897431245679,0.000000000000,,gps_back
10.886468927986,104.848229179739,0.000000000000,,gps_back
10.896057166347,104.799155519167,0.000000000000,,gps_back
10.905242807148,104.750026698241,0.000000000000,,gps_back
10.909492213611,104.700206011217,0.000000000000,,gps_back
10.913858370841,104.650398662494,0.000000000000,,gps_back
10.920431874600,104.600840626992,0.000000000000,,gps_back
10.930083753910,104.551782271155,0.000000000000,,gps_back
10.937737669034,104.502377420020,0.000000000000,,gps_back
10.942653410224,104.452619173383,0.000000000000,,gps_back
10.949068032433,104.403048526170,0.000000000000,,gps_back
10.959807149145,104.354213805966,0.000000000000,,gps_back
10.970546265858,104.305379085762,0.000000000000,,gps_back
10.981285382570,104.256544365558,0.000000000000,,gps_back
10.991900480650,104.207684321660,0.000000000000,,gps_back
11.001130664440,104.158542200426,0.000000000000,,gps_back
11.009964763533,104.109327203228,0.000000000000,,gps_back
11.018675447642,104.060090206920,0.000000000000,,gps_back
11.027174665218,104.010818036227,0.000000000000,,gps_back
11.034098020257,103.961303235461,0.000000000000,,gps_back
11.038700394643,103.911513912558,0.000000000000,,gps_back
11.044074710896,103.861868308221,0.000000000000,,gps_back
11.057714212875,103.813763008731,0.000000000000,,gps_back
11.071110236666,103.765608453660,0.000000000000,,gps_back
11.080177418659,103.716435901314,0.000000000000,,gps_back
11.088764021736,103.667184416463,0.000000000000,,gps_back
11.094533012122,103.617517589626,0.000000000000,,gps_back
11.099533237506,103.567769438168,0.000000000000,,gps_back
11.106346469264,103.518235739630,0.000000000000,,gps_back
11.114410514967,103.468888720164,0.000000000000,,gps_back
11.122653718669,103.419571712014,0.000000000000,,gps_back
11.131538126857,103.370365758956,0.000000000000,,gps_back
11.140400597957,103.321155902318,0.000000000000,,gps_back
11.149034988133,103.271905462500,0.000000000000,,gps_back
11.157390432678,103.222614695442,0.000000000000,,gps_back
11.162873887342,103.172915496587,0.000000000000,,gps_back
11.167830524360,103.123174801096,0.000000000000,,gps_back
11.177319924481,103.074133733935,0.000000000000,,gps_back
11.193480158881,103.026815833157,0.000000000000,,gps_back
11.208617851189,102.979197868863,0.000000000000,,gps_back
11.218110456453,102.930106122931,0.000000000000,,gps_back
11.226153753476,102.880813229539,0.000000000000,,gps_back
11.226990482916,102.830818645742,0.000000000000,,gps_back
11.228629340645,102.780903929614,0.000000000000,,gps_back
11.238031635137,102.731806550193,0.000000000000,,gps_back
11.250220995970,102.683325516902,0.000000000000,,gps_back
11.258879713809,102.634095550133,0.000000000000,,gps_back
11.264033017753,102.584361257279,0.000000000000,,gps_back
11.270382853375,102.534771149265,0.000000000000,,gps_back
11.279048132039,102.485526134851,0.000000000000,,gps_back
11.287745683614,102.436286837288,0.000000000000,,gps_back
11.296590433776,102.387073740253,0.000000000000,,gps_back
11.305362783071,102.337848139796,0.000000000000,,gps_back
11.313526542097,102.288517512324,0.000000000000,,gps_back
11.321457211708,102.239150924209,0.000000000000,,gps_back
11.327932694327,102.189572969544,0.000000000000,,gps_back
11.333214054998,102.139855831083,0.000000000000,,gps_back
11.341032748465,102.090498099677,0.000000000000,,gps_back
11.353506922734,102.042077545686,0.000000000000,,gps_back
11.365438496630,101.993532941762,0.000000000000,,gps_back
11.374322904818,101.944326988705,0.000000000000,,gps_back
11.383182563110,101.895116624550,0.000000000000,,gps_back
11.391840675870,101.845870350935,0.000000000000,,gps_back
11.400484374555,101.796621573653,0.000000000000,,gps_back
11.409288666630,101.747401230973,0.000000000000,,gps_back
11.418171047991,101.698194912346,0.000000000000,,gps_back
11.427034908243,101.648985254156,0.000000000000,,gps_back
11.435873444292,101.599771043919,0.000000000000,,gps_back
11.444644238933,101.550544740828,0.000000000000,,gps_back
11.453267163310,101.501292292445,0.000000000000,,gps_back
11.461839312904,101.452031088219,0.000000000000,,gps_back
11.470126710366,101.402721073329,0.000000000000,,gps_back
11.478166753288,101.353375131772,0.000000000000,,gps_back
11.484106844537,101.303729273129,0.000000000000,,gps_back
11.489324106291,101.254013543690,0.000000000000,,gps_back
11.498176085594,101.204820812703,0.000000000000,,gps_back
11.510525855696,101.156371626079,0.000000000000,,gps_back
11.520650443334,101.107445418893,0.000000000000,,gps_back
11.525487936847,101.057678423555,0.000000000000,,gps_back
11.530939440992,101.007990802710,0.000000000000,,gps_back
11.539784191148,100.958777705675,0.000000000000,,gps_back
11.548632894258,100.909565320458,0.000000000000,,gps_back
11.557511686131,100.860358353719,0.000000000000,,gps_back
11.566376209861,100.811148845282,0.000000000000,,gps_back
11.575082395781,100.761911055632,0.000000000000,,gps_back
11.583718745504,100.712660969641,0.000000000000,,gps_back
11.592455236585,100.663428555386,0.000000000000,,gps_back
11.601328473797,100.614220649615,0.000000000000,,gps_back
11.610504201031,100.565068846161,0.000000000000,,gps_back
11.620303680921,100.516037169121,0.000000000000,,gps_back
11.629535601424,100.466897211784,0.000000000000,,gps_back
11.637588347286,100.417548333284,0.000000000000,,gps_back
11.645792354906,100.368226134421,0.000000000000,,gps_back
11.655138350812,100.319105831332,0.000000000000,,gps_back
11.664633174676,100.270014381172,0.000000000000,,gps_back
11.673608012606,100.220824853248,0.000000000000,,gps_back
11.682139144186,100.171565913871,0.000000000000,,gps_back
11.687891720055,100.121898995607,0.000000000000,,gps_back
11.692163024410,100.072080991069,0.000000000000,,gps_back
11.695360369475,100.022188713697,0.000000000000,,gps_back
11.696318078524,99.972196301087,0.000000000000,,gps_back
11.697673941850,99.922224568108,0.000000000000,,gps_back
11.702121850998,99.872424751272,0.000000000000,,gps_back
11.708072665550,99.822778943137,0.000000000000,,gps_back
11.713484649475,99.773071112020,0.000000000000,,gps_back
11.718776203531,99.723350592019,0.000000000000,,gps_back
11.723620877811,99.673584262614,0.000000000000,,gps_back
11.728437240249,99.623815184081,0.000000000000,,gps_back
11.733253602686,99.574046105548,0.000000000000,,gps_back
11.738494988188,99.524333101615,0.000000000000,,gps_back
11.747060953139,99.475077765949,0.000000000000,,gps_back
11.757782261384,99.426239135596,0.000000000000,,gps_back
11.768465805906,99.377392228887,0.000000000000,,gps_back
11.779363438661,99.328595283211,0.000000000000,,gps_back
11.791187066122,99.280022527300,0.000000000000,,gps_back
11.799932890350,99.230805498477,0.000000000000,,gps_back
11.805747956204,99.181143572373,0.000000000000,,gps_back
11.812227234388,99.131565543442,0.000000000000,,gps_back
11.820433495092,99.082266019632,0.000000000000,,gps_back
11.832447129032,99.033730061332,0.000000000000,,gps_back
11.843628270899,98.984994977225,0.000000000000,,gps_back
11.854355544192,98.936157654071,0.000000000000,,gps_back
11.865048330221,98.887312854105,0.000000000000,,gps_back
11.875138512147,98.838349671041,0.000000000000,,gps_back
11.882723025238,98.788926687349,0.000000000000,,gps_back
11.890177416733,98.739483888459,0.000000000000,,gps_back
11.897672756422,98.690047701301,0.000000000000,,gps_back
11.906164176382,98.640788175842,0.000000000000,,gps_back
11.917810010380,98.592161711076,0.000000000000,,gps_back
11.929073480524,98.543455677967,0.000000000000,,gps_back
11.937621179828,98.494192134515,0.000000000000,,gps_back
11.945040018215,98.444743986468,0.000000000000,,gps_back
11.952492171721,98.395300883819,0.000000000000,,gps_back
11.960095271980,98.345880732144,0.000000000000,,gps_back
11.968116377615,98.296538773572,0.000000000000,,gps_back
11.979439321375,98.247857317745,0.000000000000,,gps_back
11.994284990242,98.200110436789,0.000000000000,,gps_back
12.008583438485,98.152218330374,0.000000000000,,gps_back
12.019332282378,98.103385831805,0.000000000000,,gps_back
12.029868751847,98.054506993122,0.000000000000,,gps_back
12.040479821196,98.005644321209,0.000000000000,,gps_back
12.051226847706,97.956811341100,0.000000000000,,gps_back
12.061706650508,97.907925170071,0.000000000000,,gps_back
12.070319592798,97.858672646779,0.000000000000,,gps_back
12.077922693057,97.809252495103,0.000000000000,,gps_back
12.085496775978,97.759827943317,0.000000000000,,gps_back
12.092886430689,97.710375425399,0.000000000000,,gps_back
12.100595870158,97.660978527176,0.000000000000,,gps_back
12.110906609884,97.612073530056,0.000000000000,,gps_back
12.124431984277,97.563944072945,0.000000000000,,gps_back
12.135140394091,97.515133004901,0.000000000000,,gps_back
12.142771497650,97.465796450408,0.000000000000,,gps_back
12.155962626727,97.417658006093,0.000000000000,,gps_back
12.161861982998,97.368007859977,0.000000000000,,gps_back
12.167106602363,97.318292305645,0.000000000000,,gps_back
12.174674349181,97.268866730336,0.000000000000,,gps_back
12.182000898319,97.219409042261,0.000000000000,,gps_back
12.187817238328,97.169746941208,0.000000000000,,gps_back
12.193431815827,97.120061710198,0.000000000000,,gps_back
12.198919196231,97.070363113462,0.000000000000,,gps_back
12.205538538849,97.020811206939,0.000000000000,,gps_back
12.214357334894,96.971593489987,0.000000000000,,gps_back
12.222359271811,96.922261586145,0.000000000000,,gps_back
12.226754101659,96.872453514553,0.000000000000,,gps_back
12.230796193769,96.822622233489,0.000000000000,,gps_back
12.232772764405,96.772661698281,0.000000000000,,gps_back
12.233788419892,96.722670606839,0.000000000000,,gps_back
12.236611362282,96.672869224703,0.000000000000,,gps_back
12.247318953097,96.624027582387,0.000000000000,,gps_back
12.257630130802,96.575109457288,0.000000000000,,gps_back
12.265185309605,96.525706204029,0.000000000000,,gps_back
12.269249956309,96.475870100928,0.000000000000,,gps_back
12.272150994408,96.426022742157,0.000000000000,,gps_back
12.268040313926,96.376240880178,0.000000000000,,gps_back
12.259029688589,96.327057883561,0.000000000000,,gps_back
12.250969073827,96.277755295129,0.000000000000,,gps_back
12.247637043630,96.227865648271,0.000000000000,,gps_back
12.245218752894,96.177926842740,0.000000000000,,gps_back
12.244543840517,96.127934496761,0.000000000000,,gps_back
12.245366123794,96.077939673276,0.000000000000,,gps_back
12.246856212115,96.027981697232,0.000000000000,,gps_back
12.252373000962,95.978318632876,0.000000000000,,gps_back
12.261773586108,95.929208679465,0.000000000000,,gps_back
12.271065068280,95.880078550304,0.000000000000,,gps_back
12.279656449015,95.830822383394,0.000000000000,,gps_back
12.287353972389,95.781416850717,0.000000000000,,gps_back
12.295051495763,95.732011318041,0.000000000000,,gps_back
12.302749019137,95.682605785364,0.000000000000,,gps_back
12.310446542511,95.633200252687,0.000000000000,,gps_back
12.318144065884,95.583794720010,0.000000000000,,gps_back
12.318456227491,95.536636333506,0.000000000000,,gps_back
12.284528989535,95.499906254344,0.000000000000,,gps_back
12.250525739820,95.463246500745,0.000000000000,,gps_back
12.216522490105,95.426586747145,0.000000000000,,gps_back
12.182519240389,95.389926993546,0.000000000000,,gps_back
12.148515990674,95.353267239946,0.000000000000,,gps_back
12.114512740959,95.316607486346,0.000000000000,,gps_back
12.080854139241,95.279644115175,0.000000000000,,gps_back
12.049188510160,95.240963567816,0.000000000000,,gps_back
12.019401052551,95.200803066147,0.000000000000,,gps_back
11.989613594942,95.160642564477,0.000000000000,,gps_back
11.959826137333,95.120482062807,0.000000000000,,gps_back
11.930038679724,95.080321561137,0.000000000000,,gps_back
11.900251222115,95.040161059468,0.000000000000,,gps_back
11.869982634080,95.000383392955,0.000000000000,,gps_back
11.836635694502,94.963219745321,0.000000000000,,gps_back
11.799328725246,94.929927875891,0.000000000000,,gps_back
11.765099830318,94.894367199266,0.000000000000,,gps_back
11.759754228076,94.849008493883,0.000000000000,,gps_back
11.778252484564,94.802749955801,0.000000000000,,gps_back
11.791631370415,94.754571901036,0.000000000000,,gps_back
11.806567874996,94.706886379560,0.000000000000,,gps_back
11.820969337422,94.659141331285,0.000000000000,,gps_back
11.830743702129,94.610104686449,0.000000000000,,gps_back
11.842733787604,94.561669475772,0.000000000000,,gps_back
11.859784721438,94.514686824416,0.000000000000,,gps_back
11.876907349877,94.467762528425,0.000000000000,,gps_back
11.890575570529,94.419674705682,0.000000000000,,gps_back
11.917380672968,94.383319444422,0.000000000000,,gps_back
11.962988989764,94.362824567888,0.000000000000,,gps_back
12.008597306561,94.342329691354,0.000000000000,,gps_back
12.054205623358,94.321834814820,0.000000000000,,gps_back
12.099813940155,94.301339938286,0.000000000000,,gps_back
12.145422256951,94.280845061753,0.000000000000,,gps_back
12.191030573748,94.260350185219,0.000000000000,,gps_back
12.236638890545,94.239855308685,0.000000000000,,gps_back
12.278205170712,94.213335365046,0.000000000000,,gps_back
12.306035482573,94.173073445409,0.000000000000,,gps_back
12.316417844822,94.125043116824,0.000000000000,,gps_back
12.310343349326,94.075873397331,0.000000000000,,gps_back
12.299253913910,94.027126484271,0.000000000000,,gps_back
12.289849836036,93.978023267962,0.000000000000,,gps_back
12.293363785580,93.929379576036,0.000000000000,,gps_back
12.310748058508,93.882633644393,0.000000000000,,gps_back
12.331874218198,93.837321822632,0.000000000000,,gps_back
12.345187460352,93.789713473233,0.000000000000,,gps_back
12.348558130738,93.739924959776,0.000000000000,,gps_back
12.349371057184,93.689929983271,0.000000000000,,gps_back
12.350323029339,93.639937589655,0.000000000000,,gps_back
12.364472622944,93.593256895960,0.000000000000,,gps_back
12.387291506635,93.548765806152,0.000000000000,,gps_back
12.410110390325,93.504274716344,0.000000000000,,gps_back
12.432929274016,93.459783626536,0.000000000000,,gps_back
12.460860900410,93.418607797977,0.000000000000,,gps_back
12.494000693221,93.381215281146,0.000000000000,,gps_back
12.524256331324,93.341615503017,0.000000000000,,gps_back
12.549184182600,93.298347559436,0.000000000000,,gps_back
12.569431434199,93.252699333895,0.000000000000,,gps_back
12.588482211081,93.206472199286,0.000000000000,,gps_back
12.607130238424,93.160082853998,0.000000000000,,gps_back
12.618622056269,93.111706634217,0.000000000000,,gps_back
12.633469127955,93.064306238626,0.000000000000,,gps_back
12.648830598160,93.016816419025,0.000000000000,,gps_back
12.659215932483,92.967953826600,0.000000000000,,gps_back
12.668000500970,92.918729951482,0.000000000000,,gps_back
12.677995801225,92.869746390007,0.000000000000,,gps_back
12.691749748721,92.821732914656,0.000000000000,,gps_back
12.699542923786,92.772692183099,0.000000000000,,gps_back
12.693775853355,92.723443923887,0.000000000000,,gps_back
12.710983323862,92.680770098480,0.000000000000,,gps_back
12.743548915892,92.642867656337,0.000000000000,,gps_back
12.776974222823,92.605680193641,0.000000000000,,gps_back
12.818555808974,92.579299803920,0.000000000000,,gps_back
12.865941159547,92.563709616543,0.000000000000,,gps_back
12.872055000152,92.514632141476,0.000000000000,,gps_back
12.879780562114,92.465232032208,0.000000000000,,gps_back
12.893558583511,92.417172049971,0.000000000000,,gps_back
12.905424954927,92.368599584471,0.000000000000,,gps_back
12.911486263962,92.318970955722,0.000000000000,,gps_back
12.914878331425,92.269085385026,0.000000000000,,gps_back
12.915718023950,92.219091526941,0.000000000000,,gps_back
12.916530950396,92.169096550436,0.000000000000,,gps_back
12.917343876843,92.119101573930,0.000000000000,,gps_back
12.914248883722,92.069197459793,0.000000000000,,gps_back
12.911388520302,92.019277763135,0.000000000000,,gps_back
12.923313688881,91.970732696921,0.000000000000,,gps_back
12.935327748164,91.922195897432,0.000000000000,,gps_back
12.947341807447,91.873659097942,0.000000000000,,gps_back
12.911848574209,91.838921226837,0.000000000000,,gps_back
12.907069437657,91.789884448106,0.000000000000,,gps_back
12.920218189765,91.741669838553,0.000000000000,,gps_back
12.929286211893,91.692517276946,0.000000000000,,gps_back
12.933283740483,91.642878000179,0.000000000000,,gps_back
12.927595536074,91.593201015007,0.000000000000,,gps_back
12.923069889057,91.543468060203,0.000000000000,,gps_back
12.925827344065,91.493693933606,0.000000000000,,gps_back
12.936058942207,91.444761465843,0.000000000000,,gps_back
12.943963238898,91.395390589827,0.000000000000,,gps_back
12.951665035759,91.346007467846,0.000000000000,,gps_back
12.963211215594,91.297393147459,0.000000000000,,gps_back
12.980297893187,91.250570441378,0.000000000000,,gps_back
13.004666973734,91.206909172060,0.000000000000,,gps_back
13.031974060146,91.165730935673,0.000000000000,,gps_back
13.074628020118,91.145171236054,0.000000000000,,gps_back
13.118379308872,91.132806239974,0.000000000000,,gps_back
13.146051689909,91.091455047406,0.000000000000,,gps_back
13.168919815538,91.046989247567,0.000000000000,,gps_back
13.188459570253,91.001152447166,0.000000000000,,gps_back
13.201647496691,90.952973238749,0.000000000000,,gps_back
13.212939793726,90.904267942423,0.000000000000,,gps_back
13.224833059678,90.855701648859,0.000000000000,,gps_back
13.236113331717,90.806991820262,0.000000000000,,gps_back
13.246820922532,90.758150177946,0.000000000000,,gps_back
13.253215595175,90.708805906673,0.000000000000,,gps_back
13.251749170684,90.658890379963,0.000000000000,,gps_back
13.251868777041,90.609131470156,0.000000000000,,gps_back
13.257396944974,90.559436485852,0.000000000000,,gps_back
13.262043501628,90.509659102919,0.000000000000,,gps_back
13.265714664790,90.459792469924,0.000000000000,,gps_back
13.269741157981,90.409954836784,0.000000000000,,gps_back
13.277021424060,90.360586674648,0.000000000000,,gps_back
13.286990352312,90.311596401145,0.000000000000,,gps_back
13.294543756507,90.262196506193,0.000000000000,,gps_back
13.299012203256,90.212414964009,0.000000000000,,gps_back
13.301072147435,90.162464775628,0.000000000000,,gps_back
13.303457360721,90.112542763598,0.000000000000,,gps_back
13.308268156341,90.062780447666,0.000000000000,,gps_back
13.312026390559,90.012968141888,0.000000000000,,gps_back
13.312850213762,89.962976894116,0.000000000000,,gps_back
13.311323802118,89.913033229585,0.000000000000,,gps_back
13.308170154295,89.863133211834,0.000000000000,,gps_back
13.307243073671,89.813176295449,0.000000000000,,gps_back
13.314402958342,89.764139377545,0.000000000000,,gps_back
13.336083707261,89.719831251503,0.000000000000,,gps_back
13.356849351757,89.675272664503,0.000000000000,,gps_back
13.363059919150,89.625999385984,0.000000000000,,gps_back
13.363944365586,89.576005635195,0.000000000000,,gps_back
13.364749838411,89.526010557229,0.000000000000,,gps_back
13.368109149002,89.476179124749,0.000000000000,,gps_back
13.376492623009,89.426954637364,0.000000000000,,gps_back
13.385406200696,89.377782540052,0.000000000000,,gps_back
13.392058738771,89.328230390152,0.000000000000,,gps_back
13.397917290663,89.278573440126,0.000000000000,,gps_back
13.403668915981,89.228903765624,0.000000000000,,gps_back
13.409581981473,89.179253200254,0.000000000000,,gps_back
13.415526095097,89.129606241260,0.000000000000,,gps_back
13.421311431574,89.079940545302,0.000000000000,,gps_back
13.427145459909,89.030280604050,0.000000000000,,gps_back
13.433130582237,88.980638536813,0.000000000000,,gps_back
13.438987000823,88.930981340670,0.000000000000,,gps_back
13.446119522761,88.881508021436,0.000000000000,,gps_back
13.459299012877,88.833488164633,0.000000000000,,gps_back
13.476411687363,88.786506094680,0.000000000000,,gps_back
13.493524361850,88.739524024727,0.000000000000,,gps_back
13.510637036337,88.692541954773,0.000000000000,,gps_back
13.527749710823,88.645559884820,0.000000000000,,gps_back
13.544862385310,88.598577814867,0.000000000000,,gps_back
13.557327923180,88.550347536185,0.000000000000,,gps_back
13.565442879370,88.501011970729,0.000000000000,,gps_back
13.574803831785,88.451919397425,0.000000000000,,gps_back
13.584238091613,88.402829833507,0.000000000000,,gps_back
13.591294734266,88.353343630361,0.000000000000,,gps_back
13.599736818812,88.304108987390,0.000000000000,,gps_back
13.610363374354,88.255250226573,0.000000000000,,gps_back
13.618469117203,88.205970171763,0.000000000000,,gps_back
13.625612769314,88.156492136486,0.000000000000,,gps_back
13.635168358588,88.107430893822,0.000000000000,,gps_back
13.644351498843,88.058299214826,0.000000000000,,gps_back
13.651852995790,88.008865451199,0.000000000000,,gps_back
13.660982757399,87.959736847707,0.000000000000,,gps_back
13.671662998217,87.910889218601,0.000000000000,,gps_back
13.682373787884,87.862048281483,0.000000000000,,gps_back
13.691717344825,87.812942951537,0.000000000000,,gps_back
13.699122198621,87.763498795167,0.000000000000,,gps_back
13.708121493645,87.714354778911,0.000000000000,,gps_back
13.718110194625,87.665365487253,0.000000000000,,gps_back
13.725603370841,87.615957944951,0.000000000000,,gps_back
13.731532575526,87.566309219496,0.000000000000,,gps_back
13.737305509976,87.516642063171,0.000000000000,,gps_back
13.745919839700,87.467454992999,0.000000000000,,gps_back
13.756695713336,87.418628385463,0.000000000000,,gps_back
13.764561609380,87.369313998385,0.000000000000,,gps_back
13.770357188721,87.319649482004,0.000000000000,,gps_back
13.776311679926,87.270003779640,0.000000000000,,gps_back
13.783267568341,87.220495058457,0.000000000000,,gps_back
13.791258088400,87.171136953870,0.000000000000,,gps_back
13.799501344795,87.121819540625,0.000000000000,,gps_back
13.807538862174,87.072468508646,0.000000000000,,gps_back
13.814667928203,87.022982142075,0.000000000000,,gps_back
13.822861608699,86.973677066344,0.000000000000,,gps_back
13.832992891606,86.924716759480,0.000000000000,,gps_back
13.841238901154,86.875445429813,0.000000000000,,gps_back
13.848004407302,86.825904455675,0.000000000000,,gps_back
13.857780681113,86.776928012712,0.000000000000,,gps_back
13.869226114010,86.728255150946,0.000000000000,,gps_back
13.880138962227,86.679459461402,0.000000000000,,gps_back
13.886210018610,86.629992380356,0.000000000000,,gps_back
13.888799654141,86.580057912955,0.000000000000,,gps_back
13.893365936779,86.530294901781,0.000000000000,,gps_back
13.900945648446,86.480889318149,0.000000000000,,gps_back
13.910826023662,86.431884155425,0.000000000000,,gps_back
13.919609922715,86.382688845165,0.000000000000,,gps_back
13.927140230149,86.333257720506,0.000000000000,,gps_back
13.936576284019,86.284179022785,0.000000000000,,gps_back
13.944432398990,86.234860158553,0.000000000000,,gps_back
13.947210524417,86.185000144167,0.000000000000,,gps_back
13.951219243953,86.135239158150,0.000000000000,,gps_back
13.957539523654,86.085638642050,0.000000000000,,gps_back
13.963653663769,86.036012500185,0.000000000000,,gps_back
13.969658637918,85.986372811674,0.000000000000,,gps_back
13.975679559925,85.936735053915,0.000000000000,,gps_back
13.984926337694,85.887672391790,0.000000000000,,gps_back
13.995334536539,85.838775112159,0.000000000000,,gps_back
14.002841991945,85.789373114015,0.000000000000,,gps_back
14.011084379080,85.740091093634,0.000000000000,,gps_back
14.021836344996,85.691266143420,0.000000000000,,gps_back
14.030041078028,85.642016782064,0.000000000000,,gps_back
14.036961307304,85.592502502345,0.000000000000,,gps_back
14.046400753616,85.543425516451,0.000000000000,,gps_back
14.057492505821,85.494670661085,0.000000000000,,gps_back
14.069121643357,85.446040816467,0.000000000000,,gps_back
14.077525297216,85.396834554226,0.000000000000,,gps_back
14.083518393617,85.347193461886,0.000000000000,,gps_back
14.089324113663,85.297530211148,0.000000000000,,gps_back
14.096971791697,85.248143494762,0.000000000000,,gps_back
14.107870203396,85.199371033898,0.000000000000,,gps_back
14.116444383146,85.150203790416,0.000000000000,,gps_back
14.122931455683,85.100625743722,0.000000000000,,gps_back
14.132018170138,85.051495747264,0.000000000000,,gps_back
14.143072326920,85.002732452091,0.000000000000,,gps_back
14.154917629341,84.954156262369,0.000000000000,,gps_back
14.161274947675,84.904797667628,0.000000000000,,gps_back
14.163489071773,84.854845434439,0.000000000000,,gps_back
14.170783758367,84.805563415856,0.000000000000,,gps_back
14.181511031663,84.756726092702,0.000000000000,,gps_back
14.192238304957,84.707888769549,0.000000000000,,gps_back
14.199572343327,84.658506437701,0.000000000000,,gps_back
14.202524068476,84.608622115049,0.000000000000,,gps_back
14.209673924831,84.559339763269,0.000000000000,,gps_back
14.219526571248,84.510323709290,0.000000000000,,gps_back
14.226630925316,84.460860949726,0.000000000000,,gps_back
14.232607200099,84.411218258959,0.000000000000,,gps_back
14.238991842798,84.361626343941,0.000000000000,,gps_back
14.248088927587,84.312503040210,0.000000000000,,gps_back
14.255893904891,84.263171004674,0.000000000000,,gps_back
14.251652465984,84.213974213407,0.000000000000,,gps_back
14.250322685653,84.164473338702,0.000000000000,,gps_back
14.258635795397,84.115272936863,0.000000000000,,gps_back
14.271908192370,84.067106135612,0.000000000000,,gps_back
14.286425175517,84.019258495026,0.000000000000,,gps_back
14.295401505522,83.970239978313,0.000000000000,,gps_back
14.302466482459,83.920746062620,0.000000000000,,gps_back
14.312107954732,83.871705890315,0.000000000000,,gps_back
14.323352555643,83.822986636949,0.000000000000,,gps_back
14.335263715662,83.774425365871,0.000000000000,,gps_back
14.343238636919,83.725160790657,0.000000000000,,gps_back
14.350065906073,83.675634011105,0.000000000000,,gps_back
14.360550566337,83.626797734640,0.000000000000,,gps_back
14.372046345825,83.578137891137,0.000000000000,,gps_back
14.382923695465,83.529334228525,0.000000000000,,gps_back
14.393488901923,83.480461738738,0.000000000000,,gps_back
14.404127556763,83.431605180798,0.000000000000,,gps_back
14.415815997861,83.382994324304,0.000000000000,,gps_back
14.425618393495,83.333995729879,0.000000000000,,gps_back
14.432484833643,83.284482806999,0.000000000000,,gps_back
14.441739894648,83.235404217119,0.000000000000,,gps_back
14.452317233965,83.186535111513,0.000000000000,,gps_back
14.460159594633,83.137187080821,0.000000000000,,gps_back
14.468770095079,83.087956211508,0.000000000000,,gps_back
14.479146059312,83.039045572065,0.000000000000,,gps_back
14.483495660319,82.989449624275,0.000000000000,,gps_back
14.487043352940,82.939607258051,0.000000000000,,gps_back
14.500088828405,82.891701580209,0.000000000000,,gps_back
14.512518162359,82.843391099968,0.000000000000,,gps_back
14.519848648774,82.793968338775,0.000000000000,,gps_back
14.528663604468,82.744790069901,0.000000000000,,gps_back
14.539212401531,82.695914593054,0.000000000000,,gps_back
14.549939674824,82.647077269900,0.000000000000,,gps_back
14.560666948118,82.598239946746,0.000000000000,,gps_back
14.571394221415,82.549402623593,0.000000000000,,gps_back
14.586680765541,82.501909320696,0.000000000000,,gps_back
14.602438866630,82.454471966601,0.000000000000,,gps_back
14.607512042135,82.405150921566,0.000000000000,,gps_back
14.608460411065,82.355158330899,0.000000000000,,gps_back
14.609408779995,82.305165740233,0.000000000000,,gps_back
14.614451858903,82.255489840067,0.000000000000,,gps_back
14.623197482821,82.206276075003,0.000000000000,,gps_back
14.630910589757,82.156887586763,0.000000000000,,gps_back
14.637004413444,82.107261823678,0.000000000000,,gps_back
14.642913265052,82.057610715832,0.000000000000,,gps_back
14.648866781569,82.007964830400,0.000000000000,,gps_back
14.654667520745,81.958300945523,0.000000000000,,gps_back
14.660277600087,81.908615149638,0.000000000000,,gps_back
14.665670851297,81.858905387858,0.000000000000,,gps_back
14.671234397916,81.809214519964,0.000000000000,,gps_back
14.677153977200,81.759564854498,0.000000000000,,gps_back
14.685637916609,81.710313880780,0.000000000000,,gps_back
14.696006939851,81.661402615962,0.000000000000,,gps_back
14.706734213145,81.612565292808,0.000000000000,,gps_back
14.716783386979,81.563585928115,0.000000000000,,gps_back
14.723661529463,81.514094693678,0.000000000000,,gps_back
14.732443496667,81.464910017740,0.000000000000,,gps_back
14.746323292528,81.416938757022,0.000000000000,,gps_back
14.760167605194,81.368902753276,0.000000000000,,gps_back
14.772363727244,81.320416015998,0.000000000000,,gps_back
14.783040464927,81.271572842923,0.000000000000,,gps_back
14.793280984298,81.222631139967,0.000000000000,,gps_back
14.803521503668,81.173689437012,0.000000000000,,gps_back
14.812768431724,81.124554402027,0.000000000000,,gps_back
14.819360927094,81.075009934276,0.000000000000,,gps_back
14.827083952179,81.025624695389,0.000000000000,,gps_back
14.837191872845,80.976665947311,0.000000000000,,gps_back
14.847919146140,80.927828624157,0.000000000000,,gps_back
14.858608057887,80.878982896663,0.000000000000,,gps_back
14.866288055460,80.829610778484,0.000000000000,,gps_back
14.872638894022,80.780014269103,0.000000000000,,gps_back
14.878736381965,80.730385996173,0.000000000000,,gps_back
14.887267423945,80.681142760535,0.000000000000,,gps_back
14.897653586794,80.632234986427,0.000000000000,,gps_back
14.904881300080,80.582807449813,0.000000000000,,gps_back
14.910688077159,80.533144208223,0.000000000000,,gps_back
14.916644652709,80.483498813354,0.000000000000,,gps_back
14.922839550776,80.433882580403,0.000000000000,,gps_back
14.929289618037,80.384298902942,0.000000000000,,gps_back
14.938665878409,80.335217001710,0.000000000000,,gps_back
14.948721625557,80.286237697121,0.000000000000,,gps_back
14.955586678524,80.236745896864,0.000000000000,,gps_back
14.962812366151,80.187278165588,0.000000000000,,gps_back
14.972737004678,80.138289426079,0.000000000000,,gps_back
14.984851373124,80.089785499089,0.000000000000,,gps_back
14.993597886267,80.040615338308,0.000000000000,,gps_back
14.988883077457,79.991327596051,0.000000000000,,gps_back
14.981319055843,79.941906552971,0.000000000000,,gps_back
14.977138598240,79.892110314074,0.000000000000,,gps_back
14.981296736113,79.842459642373,0.000000000000,,gps_back
14.987422249029,79.792835332502,0.000000000000,,gps_back
14.993198999304,79.743168706032,0.000000000000,,gps_back
15.001783917802,79.693937781359,0.000000000000,,gps_back
15.011521271308,79.644893643481,0.000000000000,,gps_back
15.020515841580,79.595709976078,0.000000000000,,gps_back
15.028519561921,79.546354914180,0.000000000000,,gps_back
15.035731144589,79.496877154478,0.000000000000,,gps_back
15.042378953930,79.447319950095,0.000000000000,,gps_back
15.048314776395,79.397673094168,0.000000000000,,gps_back
15.054105580132,79.348007971613,0.000000000000,,gps_back
15.060051233687,79.298361206567,0.000000000000,,gps_back
15.067847274991,79.248982103841,0.000000000000,,gps_back
15.078001388282,79.200033153308,0.000000000000,,gps_back
15.088728661577,79.151195830154,0.000000000000,,gps_back
15.099455934874,79.102358507000,0.000000000000,,gps_back
15.105893846803,79.052834703868,0.000000000000,,gps_back
15.110767294978,79.003071285203,0.000000000000,,gps_back
15.115717634222,78.953315413025,0.000000000000,,gps_back
15.120748906362,78.903567605406,0.000000000000,,gps_back
15.135817308831,78.856251859678,0.000000000000,,gps_back
15.160452981268,78.812902684322,0.000000000000,,gps_back
15.177714468255,78.766278049085,0.000000000000,,gps_back
15.184883685241,78.716937208452,0.000000000000,,gps_back
15.193355381344,78.667682823439,0.000000000000,,gps_back
15.204535519152,78.618956955091,0.000000000000,,gps_back
15.215781649393,78.570236907963,0.000000000000,,gps_back
15.224891067773,78.521082586626,0.000000000000,,gps_back
15.233515863167,78.471830465559,0.000000000000,,gps_back
15.236153344923,78.421984532131,0.000000000000,,gps_back
15.237131471883,78.371992650432,0.000000000000,,gps_back
15.243756027798,78.322510048845,0.000000000000,,gps_back
15.253216595051,78.273417024748,0.000000000000,,gps_back
15.262865017984,78.224355222253,0.000000000000,,gps_back
15.272438018344,78.175278590072,0.000000000000,,gps_back
15.280704227323,78.125969103034,0.000000000000,,gps_back
15.288224325141,78.076536728640,0.000000000000,,gps_back
15.295546735541,78.027074230578,0.000000000000,,gps_back
15.303092998064,77.977645512586,0.000000000000,,gps_back
15.309579958015,77.928069467399,0.000000000000,,gps_back
15.316677786202,77.878576016175,0.000000000000,,gps_back
15.330911974668,77.830764075997,0.000000000000,,gps_back
15.345285765040,77.782878416322,0.000000000000,,gps_back
15.352490277238,77.733510598104,0.000000000000,,gps_back
15.356869543962,77.683704666770,0.000000000000,,gps_back
15.366407819589,77.634685247161,0.000000000000,,gps_back
15.373931568192,77.585274420413,0.000000000000,,gps_back
15.378239719276,77.535472393931,0.000000000000,,gps_back
15.382024331408,77.485614242781,0.000000000000,,gps_back
15.386250719588,77.435791998180,0.000000000000,,gps_back
15.390982404476,77.386015153782,0.000000000000,,gps_back
15.404573291287,77.338066509452,0.000000000000,,gps_back
15.436445102501,77.300205546705,0.000000000000,,gps_back
15.470607714868,77.263694254733,0.000000000000,,gps_back
15.471858310695,77.215432703417,0.000000000000,,gps_back
15.468438796023,77.165548197258,0.000000000000,,gps_back
15.468927145419,77.115569874329,0.000000000000,,gps_back
15.471046469481,77.065614863549,0.000000000000,,gps_back
15.488396904557,77.019051839108,0.000000000000,,gps_back
15.490186615573,76.969497461079,0.000000000000,,gps_back
15.479416186968,76.920758840486,0.000000000000,,gps_back
15.457446296451,76.875947236345,0.000000000000,,gps_back
15.448366134311,76.826939655485,0.000000000000,,gps_back
15.448789630744,76.776972770773,0.000000000000,,gps_back
15.449600360674,76.726977758601,0.000000000000,,gps_back
15.450411090604,76.676982746428,0.000000000000,,gps_back
15.430012546449,76.631566967908,0.000000000000,,gps_back
15.427084926083,76.582079047278,0.000000000000,,gps_back
15.446509569579,76.536004740444,0.000000000000,,gps_back
15.465934213075,76.489930433610,0.000000000000,,gps_back
15.485202051233,76.443795407138,0.000000000000,,gps_back
15.501305814982,76.396512202596,0.000000000000,,gps_back
15.508801107757,76.347077377851,0.000000000000,,gps_back
15.514708965760,76.297426143063,0.000000000000,,gps_back
15.521168780943,76.247847348170,0.000000000000,,gps_back
15.529953349424,76.198623473051,0.000000000000,,gps_back
15.538737917905,76.149399597932,0.000000000000,,gps_back
15.547368440579,76.100152128764,0.000000000000,,gps_back
15.553695977757,76.050552607199,0.000000000000,,gps_back
15.559659997128,76.000908024974,0.000000000000,,gps_back
15.565655717361,75.951279648504,0.000000000000,,gps_back
15.576342759494,75.902468060288,0.000000000000,,gps_back
15.592847041035,75.855324331345,0.000000000000,,gps_back
15.601137275434,75.806018724278,0.000000000000,,gps_back
15.607608601602,75.756452945306,0.000000000000,,gps_back
15.618240281208,75.707595922005,0.000000000000,,gps_back
15.627412947906,75.658453000572,0.000000000000,,gps_back
15.634115348272,75.609022471596,0.000000000000,,gps_back
15.653598379144,75.563128440464,0.000000000000,,gps_back
15.682222348758,75.522154934170,0.000000000000,,gps_back
15.707222402877,75.478857409917,0.000000000000,,gps_back
15.729546326844,75.434211972369,0.000000000000,,gps_back
15.743756753671,75.386286667500,0.000000000000,,gps_back
15.754842400339,75.337529442772,0.000000000000,,gps_back
15.765928047006,75.288772218044,0.000000000000,,gps_back
15.777013693673,75.240014993317,0.000000000000,,gps_back
15.787356739732,75.191138332016,0.000000000000,,gps_back
15.791640740198,75.141337068342,0.000000000000,,gps_back
15.793722196101,75.091486974474,0.000000000000,,gps_back
15.804643320612,75.042693547273,0.000000000000,,gps_back
15.816211630967,74.994049680061,0.000000000000,,gps_back
15.826600595187,74.945147716875,0.000000000000,,gps_back
15.834343323512,74.895755251620,0.000000000000,,gps_back
15.840736841632,74.846194347331,0.000000000000,,gps_back
15.851726362342,74.797416413705,0.000000000000,,gps_back
15.863388883457,74.748795346393,0.000000000000,,gps_back
15.874186054772,74.699973785202,0.000000000000,,gps_back
15.885537767330,74.651278300899,0.000000000000,,gps_back
15.896747053463,74.602583632007,0.000000000000,,gps_back
15.903310968002,74.553014797570,0.000000000000,,gps_back
15.910561833302,74.503560601018,0.000000000000,,gps_back
15.921041184561,74.454673843908,0.000000000000,,gps_back
15.929459847771,74.405397316790,0.000000000000,,gps_back
15.935619940839,74.355788500098,0.000000000000,,gps_back
15.944769394304,74.306634878701,0.000000000000,,gps_back
15.955444565644,74.257786143487,0.000000000000,,gps_back
15.966164762261,74.208947266539,0.000000000000,,gps_back
15.976892035554,74.160109943384,0.000000000000,,gps_back
15.987619308848,74.111272620230,0.000000000000,,gps_back
15.998346582141,74.062435297076,0.000000000000,,gps_back
16.008768233147,74.013538293110,0.000000000000,,gps_back
16.016953527870,73.964215355555,0.000000000000,,gps_back
16.024093159115,73.914746933522,0.000000000000,,gps_back
16.034502470021,73.865847760604,0.000000000000,,gps_back
16.041828377951,73.816454079187,0.000000000000,,gps_back
16.042690346140,73.766459924169,0.000000000000,,gps_back
16.043552314329,73.716465769150,0.000000000000,,gps_back
16.044959350824,73.666502560384,0.000000000000,,gps_back
16.049953272221,73.616753294476,0.000000000000,,gps_back
16.057196158309,73.567352663020,0.000000000000,,gps_back
16.070997739405,73.519293585995,0.000000000000,,gps_back
16.084032740294,73.471060343287,0.000000000000,,gps_back
16.092344629039,73.421754454340,0.000000000000,,gps_back
16.100611059618,73.372440920187,0.000000000000,,gps_back
16.111295387038,73.324012493170,0.000000000000,,gps_back
16.139947163201,73.283843401109,0.000000000000,,gps_back
16.180157245078,73.254122905813,0.000000000000,,gps_back
16.219820532119,73.223722712553,0.000000000000,,gps_back
16.257102209775,73.190418204115,0.000000000000,,gps_back
16.292812180183,73.155425384402,0.000000000000,,gps_back
16.326146405694,73.118327394180,0.000000000000,,gps_back
16.354243005066,73.076966305837,0.000000000000,,gps_back
16.382339604437,73.035605217493,0.000000000000,,gps_back
16.410421674769,72.994234276628,0.000000000000,,gps_back
16.437392167828,72.952194968148,0.000000000000,,gps_back
16.460196141353,72.907703396022,0.000000000000,,gps_back
16.475925754088,72.861460557254,0.000000000000,,gps_back
16.472740513620,72.811565348050,0.000000000000,,gps_back
16.474035148764,72.761923172649,0.000000000000,,gps_back
16.485721976836,72.713307235341,0.000000000000,,gps_back
16.496834390265,72.664556591732,0.000000000000,,gps_back
16.503757814842,72.615519061809,0.000000000000,,gps_back
16.497366504578,72.565950023241,0.000000000000,,gps_back
16.489656953386,72.516593563466,0.000000000000,,gps_back
16.489224093845,72.466978874689,0.000000000000,,gps_back
16.504090832331,72.419848612799,0.000000000000,,gps_back
16.524586064669,72.375047603597,0.000000000000,,gps_back
16.530396459633,72.325505341462,0.000000000000,,gps_back
16.532809324951,72.275611930298,0.000000000000,,gps_back
16.539331019335,72.226054994847,0.000000000000,,gps_back
16.550582724384,72.177516834417,0.000000000000,,gps_back
16.566803318303,72.130234243010,0.000000000000,,gps_back
16.580922845574,72.082273355632,0.000000000000,,gps_back
16.594031925397,72.034020785220,0.000000000000,,gps_back
16.606970771898,71.985722933313,0.000000000000,,gps_back
16.613711401448,71.936875534681,0.000000000000,,gps_back
16.609790809836,71.887047537034,0.000000000000,,gps_back
16.608827476637,71.837074517059,0.000000000000,,gps_back
16.609742293039,71.787081403052,0.000000000000,,gps_back
16.610563969834,71.737086616143,0.000000000000,,gps_back
16.612096506479,71.687115992286,0.000000000000,,gps_back
16.617928179634,71.637646397170,0.000000000000,,gps_back
16.626432645684,71.588595516312,0.000000000000,,gps_back
16.626401101142,71.538673860983,0.000000000000,,gps_back
16.625994165536,71.488890842923,0.000000000000,,gps_back
16.631861320825,71.439234674988,0.000000000000,,gps_back
16.637728476113,71.389578507053,0.000000000000,,gps_back
16.645220434057,71.340191274644,0.000000000000,,gps_back
16.656851511899,71.291588802505,0.000000000000,,gps_back
16.670607538500,71.243516666528,0.000000000000,,gps_back
16.683482086980,71.195216361144,0.000000000000,,gps_back
16.690984855756,71.146039984559,0.000000000000,,gps_back
16.688074387656,71.096375702191,0.000000000000,,gps_back
16.674115158458,71.048719997058,0.000000000000,,gps_back
16.653829475541,71.003027041323,0.000000000000,,gps_back
16.648521643017,70.956308138536,0.000000000000,,gps_back
16.664304628838,70.908865411843,0.000000000000,,gps_back
16.681891795741,70.862086506813,0.000000000000,,gps_back
16.701304797575,70.816007293658,0.000000000000,,gps_back
16.715945874142,70.768579074559,0.000000000000,,gps_back
16.722929476468,70.719073003679,0.000000000000,,gps_back
16.729037430181,70.669445879779,0.000000000000,,gps_back
16.735594451770,70.619879103690,0.000000000000,,gps_back
16.743083681536,70.570442737535,0.000000000000,,gps_back
16.750978238355,70.521068305914,0.000000000000,,gps_back
16.758872795173,70.471693874294,0.000000000000,,gps_back
16.758148018938,70.422791792201,0.000000000000,,gps_back
16.743765205064,70.374923942329,0.000000000000,,gps_back
16.733574531391,70.326459337322,0.000000000000,,gps_back
16.733314459465,70.276510183486,0.000000000000,,gps_back
16.737117110731,70.226681136620,0.000000000000,,gps_back
16.742900085341,70.177015167104,0.000000000000,,gps_back
16.748842610839,70.127368015516,0.000000000000,,gps_back
16.753064360692,70.077588453680,0.000000000000,,gps_back
16.755018104831,70.027625237634,0.000000000000,,gps_back
16.757741031168,69.977702820422,0.000000000000,,gps_back
16.761270776949,69.927825977901,0.000000000000,,gps_back
16.765043463617,69.877967705598,0.000000000000,,gps_back
16.769956560537,69.828217069883,0.000000000000,,gps_back
16.774895947145,69.778474780729,0.000000000000,,gps_back
16.777285909540,69.728548231963,0.000000000000,,gps_back
16.778150361046,69.678554119822,0.000000000000,,gps_back
16.779038049282,69.628560421918,0.000000000000,,gps_back
16.784822074968,69.579211700144,0.000000000000,,gps_back
16.795898436790,69.530467862606,0.000000000000,,gps_back
16.804236208185,69.481191628210,0.000000000000,,gps_back
16.786830586451,69.447802337305,0.000000000000,,gps_back
16.742323113824,69.426889152122,0.000000000000,,gps_back
16.736733996188,69.382264233195,0.000000000000,,gps_back
16.742583103943,69.332605999749,0.000000000000,,gps_back
16.748576509657,69.282964944284,0.000000000000,,gps_back
16.758348994402,69.233974897275,0.000000000000,,gps_back
16.769758762652,69.185293158726,0.000000000000,,gps_back
16.780639809879,69.136491396846,0.000000000000,,gps_back
16.789537951918,69.087298440427,0.000000000000,,gps_back
16.796118054964,69.037741737654,0.000000000000,,gps_back
16.799155989679,68.987860977612,0.000000000000,,gps_back
16.800635014116,68.937882461109,0.000000000000,,gps_back
16.816557942002,68.891229549882,0.000000000000,,gps_back
16.837035712774,68.845613550174,0.000000000000,,gps_back
16.857513483545,68.799997550465,0.000000000000,,gps_back
16.870097920651,68.751827055887,0.000000000000,,gps_back
16.870994854378,68.702064483910,0.000000000000,,gps_back
16.869415133481,68.652087859304,0.000000000000,,gps_back
16.867835412585,68.602111234697,0.000000000000,,gps_back
16.868179493778,68.552120748626,0.000000000000,,gps_back
16.870823393702,68.502197664514,0.000000000000,,gps_back
16.879046151899,68.452947378455,0.000000000000,,gps_back
16.884386282183,68.403279870691,0.000000000000,,gps_back
16.876879798680,68.354179043716,0.000000000000,,gps_back
16.881678350295,68.304956554377,0.000000000000,,gps_back
16.895920992816,68.257101218610,0.000000000000,,gps_back
16.905189563540,68.208046200802,0.000000000000,,gps_back
16.912069962391,68.158523059704,0.000000000000,,gps_back
16.918376497901,68.108921016636,0.000000000000,,gps_back
16.924615889246,68.059310246426,0.000000000000,,gps_back
16.930801495176,68.009692747186,0.000000000000,,gps_back
16.936851276751,67.960058529583,0.000000000000,,gps_back
16.944951754445,67.910726158499,0.000000000000,,gps_back
16.955092711489,67.861769213843,0.000000000000,,gps_back
16.962603568842,67.812352477560,0.000000000000,,gps_back
16.968765181046,67.762733184479,0.000000000000,,gps_back
16.975241299921,67.713153185624,0.000000000000,,gps_back
16.984940993318,67.664121239790,0.000000000000,,gps_back
16.998188368431,67.615924431381,0.000000000000,,gps_back
17.006778146949,67.566720572836,0.000000000000,,gps_back
17.008649785208,67.516812458308,0.000000000000,,gps_back
17.018621624861,67.467966843451,0.000000000000,,gps_back
17.033265151121,67.420175070123,0.000000000000,,gps_back
17.041152415730,67.370891940590,0.000000000000,,gps_back
17.046931783854,67.321226864780,0.000000000000,,gps_back
17.051064534316,67.271400060197,0.000000000000,,gps_back
17.054953550468,67.221549944064,0.000000000000,,gps_back
17.062670832565,67.172171973123,0.000000000000,,gps_back
17.077834525187,67.124604629167,0.000000000000,,gps_back
17.093474121702,67.077112448784,0.000000000000,,gps_back
17.101614662720,67.027866627837,0.000000000000,,gps_back
17.108636796298,66.978360586134,0.000000000000,,gps_back
17.116864998999,66.929042935515,0.000000000000,,gps_back
17.129397881088,66.880664918535,0.000000000000,,gps_back
17.142544236199,66.832422490399,0.000000000000,,gps_back
17.155690591310,66.784180062263,0.000000000000,,gps_back
17.168836946421,66.735937634127,0.000000000000,,gps_back
17.179951614935,66.687193683920,0.000000000000,,gps_back
17.190689973283,66.638358805850,0.000000000000,,gps_back
17.201417246577,66.589521482696,0.000000000000,,gps_back
17.211717469438,66.540592598738,0.000000000000,,gps_back
17.221368176918,66.491531723714,0.000000000000,,gps_back
17.223438973684,66.441657108706,0.000000000000,,gps_back
17.214426113809,66.392599856643,0.000000000000,,gps_back
17.224069013317,66.344033159218,0.000000000000,,gps_back
17.239090601006,66.296351586699,0.000000000000,,gps_back
17.257094911095,66.249712953567,0.000000000000,,gps_back
17.275378109362,66.203173903445,0.000000000000,,gps_back
17.292850906562,66.156325407553,0.000000000000,,gps_back
17.292986830040,66.106628804797,0.000000000000,,gps_back
17.291407109148,66.056652180190,0.000000000000,,gps_back
17.289827388255,66.006675555584,0.000000000000,,gps_back
17.297327030625,65.957322756586,0.000000000000,,gps_back
17.316983932626,65.911469159717,0.000000000000,,gps_back
17.343164766535,65.868904260703,0.000000000000,,gps_back
17.365678935151,65.824275961645,0.000000000000,,gps_back
17.381252680893,65.776796112820,0.000000000000,,gps_back
17.394796925704,65.728665738285,0.000000000000,,gps_back
17.405966501722,65.679931233510,0.000000000000,,gps_back
17.363891937283,65.655769928705,0.000000000000,,gps_back
17.319552135417,65.632658448966,0.000000000000,,gps_back
17.276486765654,65.607256864628,0.000000000000,,gps_back
17.250174192738,65.564922856789,0.000000000000,,gps_back
17.224326075424,65.522120598011,0.000000000000,,gps_back
17.198477958109,65.479318339233,0.000000000000,,gps_back
17.197872628667,65.430003237093,0.000000000000,,gps_back
17.219344680939,65.384847047705,0.000000000000,,gps_back
17.240333122551,65.339463761064,0.000000000000,,gps_back
17.260939771643,65.293916143129,0.000000000000,,gps_back
17.277617287798,65.246908612762,0.000000000000,,gps_back
17.284105532117,65.197329884247,0.000000000000,,gps_back
17.290269344089,65.147709689177,0.000000000000,,gps_back
17.296633937486,65.098125393135,0.000000000000,,gps_back
17.306032941336,65.049015169469,0.000000000000,,gps_back
17.315252200935,64.999881843480,0.000000000000,,gps_back
17.321505433474,64.950273541132,0.000000000000,,gps_back
17.328920559037,64.900837440221,0.000000000000,,gps_back
17.339591631121,64.851987806835,0.000000000000,,gps_back
17.350289186529,64.803143966612,0.000000000000,,gps_back
17.360650349932,64.754240044718,0.000000000000,,gps_back
17.367621395679,64.704729897285,0.000000000000,,gps_back
17.373370316142,64.655073724858,0.000000000000,,gps_back
17.382687215432,64.605950308685,0.000000000000,,gps_back
17.392921029394,64.557028927760,0.000000000000,,gps_back
17.399029179750,64.507402153543,0.000000000000,,gps_back
17.406092994756,64.457918734434,0.000000000000,,gps_back
17.417642753743,64.409333035754,0.000000000000,,gps_back
17.437360365192,64.363544918030,0.000000000000,,gps_back
17.466024130617,64.322574842647,0.000000000000,,gps_back
17.494687896042,64.281604767265,0.000000000000,,gps_back
17.523351661467,64.240634691883,0.000000000000,,gps_back
17.552015426892,64.199664616500,0.000000000000,,gps_back
17.580679192317,64.158694541118,0.000000000000,,gps_back
17.607388831810,64.116808551116,0.000000000000,,gps_back
17.620150117275,64.068473461279,0.000000000000,,gps_back
17.629842269688,64.019442254511,0.000000000000,,gps_back
17.635854391979,63.969803441261,0.000000000000,,gps_back
17.641757049464,63.920151522119,0.000000000000,,gps_back
17.647832396832,63.870527666538,0.000000000000,,gps_back
17.656251373416,63.821243132945,0.000000000000,,gps_back
17.665926585244,63.772187690176,0.000000000000,,gps_back
17.674691011179,63.722960674497,0.000000000000,,gps_back
17.682934267570,63.673643261251,0.000000000000,,gps_back
17.691210325057,63.624331412637,0.000000000000,,gps_back
17.700000780177,63.575114869175,0.000000000000,,gps_back
17.710518476134,63.526234928330,0.000000000000,,gps_back
17.719273624006,63.477018543916,0.000000000000,,gps_back
17.725228880096,63.427372947102,0.000000000000,,gps_back
17.730933120338,63.377697846712,0.000000000000,,gps_back
17.736469692737,63.328003733467,0.000000000000,,gps_back
17.742006265136,63.278309620221,0.000000000000,,gps_back
17.748168626688,63.228714386832,0.000000000000,,gps_back
17.758316221686,63.179753901008,0.000000000000,,gps_back
17.769030342604,63.130913694372,0.000000000000,,gps_back
17.779599168396,63.082042491811,0.000000000000,,gps_back
17.789336494520,63.033001235510,0.000000000000,,gps_back
17.797741455833,62.983711123413,0.000000000000,,gps_back
17.806146417147,62.934421011317,0.000000000000,,gps_back
17.814594215063,62.885138340838,0.000000000000,,gps_back
17.823315725771,62.835903260775,0.000000000000,,gps_back
17.832100294252,62.786679385656,0.000000000000,,gps_back
17.840678827023,62.737421901414,0.000000000000,,gps_back
17.847789127282,62.687931044690,0.000000000000,,gps_back
17.853656282570,62.638274876755,0.000000000000,,gps_back
17.859535484293,62.588620142705,0.000000000000,,gps_back
17.866562176954,62.539188645331,0.000000000000,,gps_back
17.880135615535,62.491064635832,0.000000000000,,gps_back
17.893749874845,62.442952272592,0.000000000000,,gps_back
17.907613318343,62.394911004323,0.000000000000,,gps_back
17.915725717018,62.347701608342,0.000000000000,,gps_back
17.888666157409,62.305657510127,0.000000000000,,gps_back
17.864379211748,62.262941363561,0.000000000000,,gps_back
17.861463781757,62.213057249841,0.000000000000,,gps_back
17.862409588446,62.163064610634,0.000000000000,,gps_back
17.863626415194,62.113081224412,0.000000000000,,gps_back
17.867773786670,62.063382946653,0.000000000000,,gps_back
17.879518398408,62.014780244873,0.000000000000,,gps_back
17.891263010146,61.966177543094,0.000000000000,,gps_back
17.903027784125,61.917579737835,0.000000000000,,gps_back
17.915009271162,61.869035668339,0.000000000000,,gps_back
17.927557776938,61.820634288938,0.000000000000,,gps_back
17.939227243418,61.772050840571,0.000000000000,,gps_back
17.946844667180,61.722633285358,0.000000000000,,gps_back
17.954050440843,61.673153639531,0.000000000000,,gps_back
17.961256214507,61.623673993705,0.000000000000,,gps_back
17.969815275158,61.574497979898,0.000000000000,,gps_back
17.984963846796,61.526860379793,0.000000000000,,gps_back
18.002782895075,61.480149520718,0.000000000000,,gps_back
18.020621247518,61.433577082705,0.000000000000,,gps_back
18.030839036756,61.384640065620,0.000000000000,,gps_back
18.039423081569,61.335384592163,0.000000000000,,gps_back
18.049209419907,61.286350069474,0.000000000000,,gps_back
18.058886326947,61.237293848557,0.000000000000,,gps_back
18.068739654734,61.188276432129,0.000000000000,,gps_back
18.080169722176,61.139605119657,0.000000000000,,gps_back
18.093148787228,61.091317415264,0.000000000000,,gps_back
18.106127852280,61.043029710871,0.000000000000,,gps_back
18.115229538744,60.994501839434,0.000000000000,,gps_back
18.107610238535,60.945103480524,0.000000000000,,gps_back
18.097341734588,60.896167641389,0.000000000000,,gps_back
18.088032294757,60.847076743311,0.000000000000,,gps_back
18.082707462150,60.797364172414,0.000000000000,,gps_back
18.078697305579,60.747523655066,0.000000000000,,gps_back
18.075429608773,60.697649716020,0.000000000000,,gps_back
18.077335346875,60.647891486220,0.000000000000,,gps_back
18.087814719499,60.599000388036,0.000000000000,,gps_back
18.098396595795,60.550131377153,0.000000000000,,gps_back
18.109073956335,60.501283120287,0.000000000000,,gps_back
18.119787150969,60.452442707433,0.000000000000,,gps_back
18.129566046663,60.403440434104,0.000000000000,,gps_back
18.135776771188,60.353827267866,0.000000000000,,gps_back
18.140876769298,60.304094210638,0.000000000000,,gps_back
18.144326849973,60.254211794212,0.000000000000,,gps_back
18.147776930649,60.204329377786,0.000000000000,,gps_back
18.151575275871,60.154476623910,0.000000000000,,gps_back
18.156759163682,60.104745275990,0.000000000000,,gps_back
18.164444013367,60.055484084685,0.000000000000,,gps_back
18.178968989172,60.007639729779,0.000000000000,,gps_back
18.191153110982,59.959262466677,0.000000000000,,gps_back
18.200241534587,59.910451436735,0.000000000000,,gps_back
18.225194442306,59.868328182852,0.000000000000,,gps_back
18.258928982830,59.832368523187,0.000000000000,,gps_back
18.280778739546,59.787476632349,0.000000000000,,gps_back
18.298917687336,59.740881170142,0.000000000000,,gps_back
18.313072785802,59.693317773494,0.000000000000,,gps_back
18.316962099777,59.643507864228,0.000000000000,,gps_back
18.322583847838,59.594294541499,0.000000000000,,gps_back
18.337405422648,59.546548207927,0.000000000000,,gps_back
18.348456329628,59.497927748712,0.000000000000,,gps_back
18.354928161187,59.448358135337,0.000000000000,,gps_back
18.363809692047,59.399169033603,0.000000000000,,gps_back
18.374523966777,59.350328860830,0.000000000000,,gps_back
18.385205200883,59.301481448616,0.000000000000,,gps_back
18.395890846828,59.252635007031,0.000000000000,,gps_back
18.406674278544,59.203810139053,0.000000000000,,gps_back
18.418007759973,59.155113901176,0.000000000000,,gps_back
18.428946980485,59.106358835549,0.000000000000,,gps_back
18.436300794190,59.056921196810,0.000000000000,,gps_back
18.442497143627,59.007319872306,0.000000000000,,gps_back
18.450955300516,58.958045168381,0.000000000000,,gps_back
18.460745425585,58.909012485274,0.000000000000,,gps_back
18.471132859575,58.860102169307,0.000000000000,,gps_back
18.482322520259,58.811374672755,0.000000000000,,gps_back
18.494668509487,58.762921463411,0.000000000000,,gps_back
18.506619676147,58.714377005819,0.000000000000,,gps_back
18.516971507268,58.665462002189,0.000000000000,,gps_back
18.527741589098,58.616665833683,0.000000000000,,gps_back
18.541677307602,58.568657603293,0.000000000000,,gps_back
18.554505380855,58.520474439160,0.000000000000,,gps_back
18.561635726829,58.470990026438,0.000000000000,,gps_back
18.569256097009,58.421623558355,0.000000000000,,gps_back
18.580441575701,58.372893616251,0.000000000000,,gps_back
18.593647842295,58.324695058619,0.000000000000,,gps_back
18.608493797603,58.276955125398,0.000000000000,,gps_back
18.621625553329,58.228717336407,0.000000000000,,gps_back
18.633143819483,58.180063580234,0.000000000000,,gps_back
18.643883816249,58.131229075831,0.000000000000,,gps_back
18.654577420402,58.082384375538,0.000000000000,,gps_back
18.665486700027,58.033588082453,0.000000000000,,gps_back
18.677069215700,57.984948642871,0.000000000000,,gps_back
18.688868901613,57.936362726172,0.000000000000,,gps_back
18.699798728248,57.887570484156,0.000000000000,,gps_back
18.710924165784,57.838825048668,0.000000000000,,gps_back
18.721014019693,57.789914152516,0.000000000000,,gps_back
18.725703256430,57.740211127337,0.000000000000,,gps_back
18.729065271130,57.690442409656,0.000000000000,,gps_back
18.738080793806,57.641276912435,0.000000000000,,gps_back
18.743672128254,57.592087448189,0.000000000000,,gps_back
18.741055586213,57.542187830298,0.000000000000,,gps_back
18.743005392119,57.492303088614,0.000000000000,,gps_back
18.748628646138,57.442618846626,0.000000000000,,gps_back
18.754055558781,57.392912668505,0.000000000000,,gps_back
18.756769610729,57.343110732693,0.000000000000,,gps_back
18.754504171686,57.293161406973,0.000000000000,,gps_back
18.755316330062,57.243377039560,0.000000000000,,gps_back
18.762814961539,57.193948647117,0.000000000000,,gps_back
18.771790111240,57.144761271286,0.000000000000,,gps_back
18.781929077143,57.095804530265,0.000000000000,,gps_back
18.793095495090,57.047065760678,0.000000000000,,gps_back
18.802396121305,56.998003566283,0.000000000000,,gps_back
18.808691687427,56.948401526945,0.000000000000,,gps_back
18.816043334694,56.898948382682,0.000000000000,,gps_back
18.824309765277,56.849634848530,0.000000000000,,gps_back
18.832576195859,56.800321314378,0.000000000000,,gps_back
18.840127054682,56.750902240640,0.000000000000,,gps_back
18.846506581258,56.701309353395,0.000000000000,,gps_back
18.854551345016,56.652003087143,0.000000000000,,gps_back
18.865278618313,56.603165763990,0.000000000000,,gps_back
18.876005891608,56.554328440836,0.000000000000,,gps_back
18.884731552050,56.505165563401,0.000000000000,,gps_back
18.888562874696,56.455347524403,0.000000000000,,gps_back
18.893413914098,56.405788919643,0.000000000000,,gps_back
18.904201680204,56.356965178577,0.000000000000,,gps_back
18.915530829451,56.308266074397,0.000000000000,,gps_back
18.925709950827,56.259363969975,0.000000000000,,gps_back
18.932282490827,56.209805442356,0.000000000000,,gps_back
18.939537372795,56.160394949771,0.000000000000,,gps_back
18.950497924488,56.111615042456,0.000000000000,,gps_back
18.961942869402,56.062944305112,0.000000000000,,gps_back
18.972029772719,56.013977852503,0.000000000000,,gps_back
18.980111940418,55.964649252838,0.000000000000,,gps_back
18.986248180861,55.915028113411,0.000000000000,,gps_back
18.991695852063,55.865324230861,0.000000000000,,gps_back
18.999315546321,55.815993850907,0.000000000000,,gps_back
19.010695055127,55.767304446606,0.000000000000,,gps_back
19.021891270145,55.718573954328,0.000000000000,,gps_back
19.032605464373,55.669733763132,0.000000000000,,gps_back
19.043289074121,55.620886871119,0.000000000000,,gps_back
19.053975506827,55.572040600735,0.000000000000,,gps_back
19.064646991925,55.523191090829,0.000000000000,,gps_back
19.073707611048,55.474057536579,0.000000000000,,gps_back
19.082001533283,55.424799328159,0.000000000000,,gps_back
19.094756932396,55.376500905273,0.000000000000,,gps_back
19.107593502422,55.328290116095,0.000000000000,,gps_back
19.115162349638,55.278887558161,0.000000000000,,gps_back
19.122962607654,55.229569344612,0.000000000000,,gps_back
19.134167243885,55.180839644516,0.000000000000,,gps_back
19.145586073080,55.132159372690,0.000000000000,,gps_back
19.156073065835,55.083284339911,0.000000000000,,gps_back
19.164505042027,55.034004722883,0.000000000000,,gps_back
19.172001170138,54.984568232428,0.000000000000,,gps_back
19.179497298249,54.935131741973,0.000000000000,,gps_back
19.186993426360,54.885695251518,0.000000000000,,gps_back
19.194256342645,54.836224832069,0.000000000000,,gps_back
19.200703022871,54.786643852192,0.000000000000,,gps_back
19.207619156316,54.737144918186,0.000000000000,,gps_back
19.217138279946,54.688067830769,0.000000000000,,gps_back
19.227102646351,54.639078672927,0.000000000000,,gps_back
19.235731042577,54.589827597051,0.000000000000,,gps_back
19.244112463626,54.540533476647,0.000000000000,,gps_back
19.251590305578,54.491107193477,0.000000000000,,gps_back
19.255606326490,54.441333063808,0.000000000000,,gps_back
19.257004054695,54.391355392800,0.000000000000,,gps_back
19.259626816094,54.341425202604,0.000000000000,,gps_back
19.262872094734,54.291529043517,0.000000000000,,gps_back
19.266117373375,54.241632884429,0.000000000000,,gps_back
19.271096470498,54.191926265065,0.000000000000,,gps_back
19.278968610940,54.142549320960,0.000000000000,,gps_back
19.287235041520,54.093235786807,0.000000000000,,gps_back
19.295406442975,54.043906559325,0.000000000000,,gps_back
19.303145585012,53.994508833557,0.000000000000,,gps_back
19.307882193923,53.944832752172,0.000000000000,,gps_back
19.310329084374,53.894929173459,0.000000000000,,gps_back
19.318805627242,53.845855405129,0.000000000000,,gps_back
19.331717845568,53.797562594680,0.000000000000,,gps_back
19.340930132471,53.748504354102,0.000000000000,,gps_back
19.347765227847,53.698989939698,0.000000000000,,gps_back
19.357128953678,53.649886605592,0.000000000000,,gps_back
19.366376757729,53.600780746935,0.000000000000,,gps_back
19.373031868101,53.551227214303,0.000000000000,,gps_back
19.378919238250,53.501573589101,0.000000000000,,gps_back
19.385214989512,53.451974434911,0.000000000000,,gps_back
19.393803548644,53.402749633772,0.000000000000,,gps_back
19.403563684236,53.353723979395,0.000000000000,,gps_back
19.410956826341,53.304286296005,0.000000000000,,gps_back
19.417111823204,53.254665373845,0.000000000000,,gps_back
19.423511666928,53.205075049241,0.000000000000,,gps_back
19.429767050955,53.155466675497,0.000000000000,,gps_back
19.435731174075,53.105822115075,0.000000000000,,gps_back
19.441539187977,53.056159064611,0.000000000000,,gps_back
19.448742701051,53.006711751568,0.000000000000,,gps_back
19.458645560195,52.957705739142,0.000000000000,,gps_back
19.467526905417,52.908549477146,0.000000000000,,gps_back
19.474100859509,52.858983164943,0.000000000000,,gps_back
19.482643964555,52.809752477132,0.000000000000,,gps_back
19.492473761783,52.760738590857,0.000000000000,,gps_back
19.499850040592,52.711304646841,0.000000000000,,gps_back
19.508263128094,52.662122770353,0.000000000000,,gps_back
19.521696006133,52.613983471615,0.000000000000,,gps_back
19.536936379478,52.566361239224,0.000000000000,,gps_back
19.552225643575,52.518754640513,0.000000000000,,gps_back
19.565528085684,52.470608978373,0.000000000000,,gps_back
19.576255358977,52.421771655219,0.000000000000,,gps_back
19.586982632266,52.372934332064,0.000000000000,,gps_back
19.596653208414,52.323892963505,0.000000000000,,gps_back
19.603826686546,52.274424161353,0.000000000000,,gps_back
19.610572749425,52.224893831473,0.000000000000,,gps_back
19.618994423590,52.175607950785,0.000000000000,,gps_back
19.628564102941,52.126538210341,0.000000000000,,gps_back
19.639683016210,52.077793248503,0.000000000000,,gps_back
19.649062408225,52.028768617582,0.000000000000,,gps_back
19.655559429991,51.979194478590,0.000000000000,,gps_back
19.664251526969,51.929986469353,0.000000000000,,gps_back
19.673959981748,51.880951234032,0.000000000000,,gps_back
19.681173546985,51.831490141282,0.000000000000,,gps_back
19.686981399335,51.781827133832,0.000000000000,,gps_back
19.692957437100,51.732183970601,0.000000000000,,gps_back
19.700962877821,51.682882078936,0.000000000000,,gps_back
19.711219879720,51.633946074038,0.000000000000,,gps_back
19.719344627195,51.584644517545,0.000000000000,,gps_back
19.725286702621,51.534997291992,0.000000000000,,gps_back
19.731105721930,51.485335505309,0.000000000000,,gps_back
19.738389022185,51.435899915514,0.000000000000,,gps_back
19.748322535921,51.386900033850,0.000000000000,,gps_back
19.757120388716,51.337730140694,0.000000000000,,gps_back
19.763630555758,51.288155152977,0.000000000000,,gps_back
19.772044572509,51.238899701487,0.000000000000,,gps_back
19.781692484857,51.189846878809,0.000000000000,,gps_back
19.789168202582,51.140423854931,0.000000000000,,gps_back
19.796240122547,51.090939739130,0.000000000000,,gps_back
19.805170152666,51.041745269246,0.000000000000,,gps_back
19.815067262055,50.992734510220,0.000000000000,,gps_back
19.825545676027,50.943843483484,0.000000000000,,gps_back
19.836237434714,50.894998380600,0.000000000000,,gps_back
19.846961869948,50.846160434209,0.000000000000,,gps_back
19.857689143242,50.797323111055,0.000000000000,,gps_back
19.867554608474,50.748314721841,0.000000000000,,gps_back
19.874821364002,50.698873048551,0.000000000000,,gps_back
19.880384330741,50.649182461937,0.000000000000,,gps_back
19.886518452972,50.599559757402,0.000000000000,,gps_back
19.895853764428,50.550546102835,0.000000000000,,gps_back
19.909223859288,50.502367344593,0.000000000000,,gps_back
19.920343237719,50.453722703557,0.000000000000,,gps_back
19.928735920742,50.404439507430,0.000000000000,,gps_back
19.940810537191,50.356013876175,0.000000000000,,gps_back
19.954241991266,50.307904642037,0.000000000000,,gps_back
19.963215068153,50.258765482054,0.000000000000,,gps_back
19.978402912662,50.212238942522,0.000000000000,,gps_back
20.004558882700,50.169624973607,0.000000000000,,gps_back
20.029598987095,50.126380615866,0.000000000000,,gps_back
20.052891980193,50.082135962952,0.000000000000,,gps_back
20.078530651644,50.039322732635,0.000000000000,,gps_back
20.106586291094,49.997940488896,0.000000000000,,gps_back
20.133219850058,49.955633583232,0.000000000000,,gps_back
20.161816307295,49.914802284776,0.000000000000,,gps_back
20.195147380870,49.877573671348,0.000000000000,,gps_back
20.227326620693,49.839483854919,0.000000000000,,gps_back
20.256179507071,49.798647649815,0.000000000000,,gps_back
20.284985054119,49.757777961518,0.000000000000,,gps_back
20.312754497795,49.716229638215,0.000000000000,,gps_back
20.337646141454,49.672897994814,0.000000000000,,gps_back
20.361479469567,49.628947342800,0.000000000000,,gps_back
20.386439153596,49.585625022028,0.000000000000,,gps_back
20.415459589754,49.545179352649,0.000000000000,,gps_back
20.449427491747,49.508506927705,0.000000000000,,gps_back
20.482873581917,49.471399131427,0.000000000000,,gps_back
20.515833002433,49.433838366485,0.000000000000,,gps_back
20.552403689058,49.399916550238,0.000000000000,,gps_back
20.591614976125,49.368891177400,0.000000000000,,gps_back
20.631314586701,49.338497562045,0.000000000000,,gps_back
20.671358319573,49.308553347371,0.000000000000,,gps_back
20.711351055759,49.278541050284,0.000000000000,,gps_back
20.750568440810,49.247548914031,0.000000000000,,gps_back
20.788524772412,49.215006364542,0.000000000000,,gps_back
20.824742738935,49.180588140451,0.000000000000,,gps_back
20.860070162193,49.145211808019,0.000000000000,,gps_back
20.896980865082,49.111516357265,0.000000000000,,gps_back
20.933876811584,49.077814344042,0.000000000000,,gps_back
20.969056020231,49.042288495092,0.000000000000,,gps_back
21.003768055102,49.006299258580,0.000000000000,,gps_back
21.038204183976,48.970049271285,0.000000000000,,gps_back
21.069961201501,48.931553886797,0.000000000000,,gps_back
21.099064239989,48.890894936064,0.000000000000,,gps_back
21.127765310187,48.849952527933,0.000000000000,,gps_back
21.156381585572,48.808950249893,0.000000000000,,gps_back
21.185326188894,48.768178239870,0.000000000000,,gps_back
21.210406604330,48.725188908115,0.000000000000,,gps_back
21.230567971853,48.679436479888,0.000000000000,,gps_back
21.251065424995,48.633841955913,0.000000000000,,gps_back
21.271608898895,48.588269263979,0.000000000000,,gps_back
21.289128231833,48.541487783820,0.000000000000,,gps_back
21.303364464010,48.493572280628,0.000000000000,,gps_back
21.315258667458,48.445019750778,0.000000000000,,gps_back
21.325985940752,48.396182427624,0.000000000000,,gps_back
21.336713214045,48.347345104470,0.000000000000,,gps_back
21.345075644430,48.298110623225,0.000000000000,,gps_back
21.350874555613,48.248446442258,0.000000000000,,gps_back
21.356773536827,48.198794196570,0.000000000000,,gps_back
21.362725161757,48.149148141762,0.000000000000,,gps_back
21.368519143678,48.099483450014,0.000000000000,,gps_back
21.376006523306,48.050080813515,0.000000000000,,gps_back
21.386046883634,48.001102345582,0.000000000000,,gps_back
21.396774156925,47.952265022428,0.000000000000,,gps_back
21.407912439834,47.903521746246,0.000000000000,,gps_back
21.421218339077,47.855358678903,0.000000000000,,gps_back
21.436559890600,47.807769270440,0.000000000000,,gps_back
21.452425432662,47.760352791160,0.000000000000,,gps_back
21.468849982824,47.713126364588,0.000000000000,,gps_back
21.487632769155,47.666847142039,0.000000000000,,gps_back
21.508675262235,47.621488879174,0.000000000000,,gps_back
21.528356204046,47.575548821517,0.000000000000,,gps_back
21.546522399659,47.528964035661,0.000000000000,,gps_back
21.565705194235,47.482804498354,0.000000000000,,gps_back
21.587569028231,47.437870161187,0.000000000000,,gps_back
21.611041152480,47.393720213187,0.000000000000,,gps_back
21.634513276732,47.349570265189,0.000000000000,,gps_back
21.657985400988,47.305420317192,0.000000000000,,gps_back
21.681599459327,47.261346430784,0.000000000000,,gps_back
21.708433513008,47.219321293285,0.000000000000,,gps_back
21.738494178581,47.179364880651,0.000000000000,,gps_back
21.768887706610,47.139663402631,0.000000000000,,gps_back
21.800201344369,47.100688378358,0.000000000000,,gps_back
21.832113384537,47.062194479913,0.000000000000,,gps_back
21.864970998600,47.024526409471,0.000000000000,,gps_back
21.898973117192,46.987866231008,0.000000000000,,gps_back
21.934401620766,46.952629875289,0.000000000000,,gps_back
21.971762564881,46.919411623164,0.000000000000,,gps_back
22.006715682010,46.883916986183,0.000000000000,,gps_back
22.038663068489,46.845452664491,0.000000000000,,gps_back
22.069131511595,46.805858029831,0.000000000000,,gps_back
22.097441325347,46.764647808393,0.000000000000,,gps_back
22.123841906133,46.722215016570,0.000000000000,,gps_back
22.147818591083,46.678353120114,0.000000000000,,gps_back
22.171459839426,46.634301121036,0.000000000000,,gps_back
22.195828919971,46.590639851717,0.000000000000,,gps_back
22.220303040682,46.547037544458,0.000000000000,,gps_back
22.245347118985,46.503763282619,0.000000000000,,gps_back
22.271653145400,46.461251263783,0.000000000000,,gps_back
22.299746540593,46.419905299738,0.000000000000,,gps_back
22.329684504767,46.379871081980,0.000000000000,,gps_back
22.361073029136,46.340956602082,0.000000000000,,gps_back
22.392234277410,46.301866741360,0.000000000000,,gps_back
22.422098938804,46.261767860208,0.000000000000,,gps_back
22.451494471577,46.221319607117,0.000000000000,,gps_back
22.480890004348,46.180871354023,0.000000000000,,gps_back
22.511883347356,46.141687162424,0.000000000000,,gps_back
22.546771160510,46.106009094744,0.000000000000,,gps_back
22.583284280890,46.071860562139,0.000000000000,,gps_back
22.618473701064,46.036351539011,0.000000000000,,gps_back
22.654952948181,46.002275744036,0.000000000000,,gps_back
22.695447980283,45.973147069092,0.000000000000,,gps_back
22.736620339292,45.944859886760,0.000000000000,,gps_back
22.776691154263,45.914952360975,0.000000000000,,gps_back
22.816917469872,45.885253992654,0.000000000000,,gps_back
22.857036699123,45.855412126905,0.000000000000,,gps_back
22.897143437312,45.825553178574,0.000000000000,,gps_back
22.938142588087,45.796960033964,0.000000000000,,gps_back
22.980037119669,45.769667086361,0.000000000000,,gps_back
23.020516114928,45.740430473879,0.000000000000,,gps_back
23.059524864335,45.709149872943,0.000000000000,,gps_back
23.098217918713,45.677483244219,0.000000000000,,gps_back
23.136335718944,45.645125629616,0.000000000000,,gps_back
23.172773919771,45.610943416715,0.000000000000,,gps_back
23.207922393745,45.575380201878,0.000000000000,,gps_back
23.244568157243,45.541425607516,0.000000000000,,gps_back
23.282813583076,45.509218156804,0.000000000000,,gps_back
23.321530428427,45.477579277741,0.000000000000,,gps_back
23.361138510147,45.447078708469,0.000000000000,,gps_back
23.402141095434,45.418491729426,0.000000000000,,gps_back
23.444179743405,45.391425102920,0.000000000000,,gps_back
23.486770687839,45.365234699366,0.000000000000,,gps_back
23.529049273810,45.338557212990,0.000000000000,,gps_back
23.570180386082,45.310145403231,0.000000000000,,gps_back
23.611322009942,45.281745935918,0.000000000000,,gps_back
23.654207578280,45.256132496295,0.000000000000,,gps_back
23.698244260921,45.232448889953,0.000000000000,,gps_back
23.742854442601,45.209889867549,0.000000000000,,gps_back
23.787841489302,45.188065908012,0.000000000000,,gps_back
23.832257432749,45.165123554439,0.000000000000,,gps_back
23.876231333141,45.141323247519,0.000000000000,,gps_back
23.921483075774,45.120245537883,0.000000000000,,gps_back
23.967939030073,45.101752669059,0.000000000000,,gps_back
24.013514722845,45.081298775682,0.000000000000,,gps_back
24.057801020891,45.058103565906,0.000000000000,,gps_back
24.101691063319,45.034148979410,0.000000000000,,gps_back
24.145602817867,45.010234218256,0.000000000000,,gps_back
24.189378212376,44.986072458141,0.000000000000,,gps_back
24.232650726981,44.961029395826,0.000000000000,,gps_back
24.275298570508,44.934932679890,0.000000000000,,gps_back
24.316696330269,44.906939941955,0.000000000000,,gps_back
24.357214368299,44.877640673752,0.000000000000,,gps_back
24.397748316633,44.848363430619,0.000000000000,,gps_back
24.438295709680,44.819104800401,0.000000000000,,gps_back
24.478152133662,44.788931068627,0.000000000000,,gps_back
24.517302187448,44.757827812549,0.000000000000,,gps_back
24.558627261878,44.729932860147,0.000000000000,,gps_back
24.602299803953,44.705592889609,0.000000000000,,gps_back
24.646936390791,44.683102102702,0.000000000000,,gps_back
24.692490729383,44.662501444201,0.000000000000,,gps_back
24.737807100847,44.641402002356,0.000000000000,,gps_back
24.782162187579,44.618341815053,0.000000000000,,gps_back
24.826965834115,44.596220271050,0.000000000000,,gps_back
24.873866038109,44.579251998462,0.000000000000,,gps_back
24.921754622932,44.564877697733,0.000000000000,,gps_back
24.968483203889,44.547297465658,0.000000000000,,gps_back
25.014374316066,44.527444152523,0.000000000000,,gps_back
25.061196623791,44.510056298572,0.000000000000,,gps_back
25.108766496317,44.494652910080,0.000000000000,,gps_back
25.155769807957,44.477666378866,0.000000000000,,gps_back
25.202300812294,44.459362713644,0.000000000000,,gps_back
25.249271074418,44.442258073968,0.000000000000,,gps_back
25.296743661217,44.426561942732,0.000000000000,,gps_back
25.342962370816,44.407785504119,0.000000000000,,gps_back
25.387432372458,44.384956705638,0.000000000000,,gps_back
25.431111540398,44.360626042992,0.000000000000,,gps_back
25.474276019742,44.335392147316,0.000000000000,,gps_back
25.518031200952,44.311240662643,0.000000000000,,gps_back
25.563239103126,44.289939975842,0.000000000000,,gps_back
25.608531588312,44.268790216091,0.000000000000,,gps_back
25.652325306628,44.244740584113,0.000000000000,,gps_back
25.695683048195,44.219846980138,0.000000000000,,gps_back
25.740167584875,44.197067743575,0.000000000000,,gps_back
25.785293067403,44.175530581464,0.000000000000,,gps_back
25.830418549932,44.153993419355,0.000000000000,,gps_back
25.876199377729,44.133940349649,0.000000000000,,gps_back
25.923255306778,44.117145449411,0.000000000000,,gps_back
25.971064779407,44.102510312708,0.000000000000,,gps_back
26.019203197640,44.089004846239,0.000000000000,,gps_back
26.067527138419,44.076161569089,0.000000000000,,gps_back
26.116205601740,44.064811332971,0.000000000000,,gps_back
26.165100214989,44.054351058186,0.000000000000,,gps_back
26.213260340191,44.041118439938,0.000000000000,,gps_back
26.260810641450,44.025655526483,0.000000000000,,gps_back
26.307396737204,44.007640798307,0.000000000000,,gps_back
26.353244137192,43.987686489510,0.000000000000,,gps_back
26.400255039491,43.970927913040,0.000000000000,,gps_back
26.448239830884,43.956870811037,0.000000000000,,gps_back
26.496750692235,43.944889042923,0.000000000000,,gps_back
26.545775128177,43.935066642250,0.000000000000,,gps_back
26.594532400252,43.924081875648,0.000000000000,,gps_back
26.642749438755,43.910870401117,0.000000000000,,gps_back
26.690119779471,43.894969263283,0.000000000000,,gps_back
26.735978913121,43.875170121707,0.000000000000,,gps_back
26.781836031476,43.855312452000,0.000000000000,,gps_back
26.828944514206,43.838634404766,0.000000000000,,gps_back
26.877321653171,43.826278872507,0.000000000000,,gps_back
26.926776575163,43.819497711228,0.000000000000,,gps_back
26.976454218535,43.813926627817,0.000000000000,,gps_back
27.025677238189,43.805325961006,0.000000000000,,gps_back
27.074684769149,43.795407312235,0.000000000000,,gps_back
27.123790444858,43.785988864358,0.000000000000,,gps_back
27.172913455287,43.776657799884,0.000000000000,,gps_back
27.221934219215,43.766808970104,0.000000000000,,gps_back
27.270922767925,43.756795648829,0.000000000000,,gps_back
27.319989716574,43.747176609272,0.000000000000,,gps_back
27.369190876351,43.738276499516,0.000000000000,,gps_back
27.418754541644,43.731960511722,0.000000000000,,gps_back
27.468534258965,43.727255493987,0.000000000000,,gps_back
27.518300706605,43.722412950905,0.000000000000,,gps_back
27.568063978650,43.717537140002,0.000000000000,,gps_back
27.617840227217,43.712796228707,0.000000000000,,gps_back
27.667502003743,43.707052347390,0.000000000000,,gps_back
27.716813240894,43.698892716025,0.000000000000,,gps_back
27.766056047799,43.690236487648,0.000000000000,,gps_back
27.815648927310,43.684095413063,0.000000000000,,gps_back
27.865423486359,43.679336678441,0.000000000000,,gps_back
27.915173216498,43.674326908646,0.000000000000,,gps_back
27.964916965580,43.669256026528,0.000000000000,,gps_back
28.014671603041,43.664292914286,0.000000000000,,gps_back
28.064453433788,43.659615008069,0.000000000000,,gps_back
28.114263896772,43.655248808851,0.000000000000,,gps_back
28.164177225295,43.652649950580,0.000000000000,,gps_back
28.214164573395,43.652676221427,0.000000000000,,gps_back
28.264155871150,43.653690061882,0.000000000000,,gps_back
28.314148031231,43.654660727861,0.000000000000,,gps_back
28.364054142152,43.657363276683,0.000000000000,,gps_back
28.413744060597,43.662796343010,0.000000000000,,gps_back
28.463516862525,43.667242168002,0.000000000000,,gps_back
28.513478116301,43.668937158062,0.000000000000,,gps_back
28.563105788265,43.673894280438,0.000000000000,,gps_back
28.612122480761,43.683650272091,0.000000000000,,gps_back
28.660877665519,43.694744704248,0.000000000000,,gps_back
28.709607968874,43.705947992818,0.000000000000,,gps_back
28.758341995491,43.717135075469,0.000000000000,,gps_back
28.807102034500,43.728208152035,0.000000000000,,gps_back
28.855874005253,43.739228741583,0.000000000000,,gps_back
28.904645976009,43.750249331124,0.000000000000,,gps_back
28.953278439661,43.761858942666,0.000000000000,,gps_back
29.000927653558,43.776798471702,0.000000000000,,gps_back
29.047958672221,43.793776154414,0.000000000000,,gps_back
29.095018073645,43.810674889514,0.000000000000,,gps_back
29.142090030350,43.827538733568,0.000000000000,,gps_back
29.189117201183,43.844526773053,0.000000000000,,gps_back
29.236121645095,43.861577889017,0.000000000000,,gps_back
29.283187102609,43.878459282606,0.000000000000,,gps_back
29.330197165076,43.895493290908,0.000000000000,,gps_back
29.375587242073,43.916220068535,0.000000000000,,gps_back
29.420292580552,43.938603820616,0.000000000000,,gps_back
29.467389327221,43.954585331829,0.000000000000,,gps_back
29.515850941501,43.966895251057,0.000000000000,,gps_back
29.563692722331,43.981340374233,0.000000000000,,gps_back
29.611151158283,43.997083797690,0.000000000000,,gps_back
29.659240277049,44.010650701666,0.000000000000,,gps_back
29.707781235953,44.022647787729,0.000000000000,,gps_back
29.756325754533,44.034630581386,0.000000000000,,gps_back
29.804899062330,44.046495555774,0.000000000000,,gps_back
29.854078245497,44.055133278208,0.000000000000,,gps_back
29.903604208695,44.062006029794,0.000000000000,,gps_back
29.952537893916,44.071998853469,0.000000000000,,gps_back
30.001111313149,44.083863781163,0.000000000000,,gps_back
30.049808272698,44.095204273161,0.000000000000,,gps_back
30.098591801216,44.106173501757,0.000000000000,,gps_back
30.147874984305,44.114278706185,0.000000000000,,gps_back
30.197494095016,44.120451418512,0.000000000000,,gps_back
30.246551643693,44.129757238955,0.000000000000,,gps_back
30.295153838194,44.141501206251,0.000000000000,,gps_back
30.343830283968,44.152927797517,0.000000000000,,gps_back
30.392597549829,44.163969157899,0.000000000000,,gps_back
30.441814840103,44.172550109589,0.000000000000,,gps_back
30.491409016501,44.178902526017,0.000000000000,,gps_back
30.540630616004,44.187435379417,0.000000000000,,gps_back
30.589337496726,44.198708703380,0.000000000000,,gps_back
30.638406820887,44.208072919567,0.000000000000,,gps_back
30.687944785205,44.214828059408,0.000000000000,,gps_back
30.737194426781,44.223261378379,0.000000000000,,gps_back
30.785918162956,44.234445545568,0.000000000000,,gps_back
30.834962958201,44.243956525915,0.000000000000,,gps_back
30.884504657776,44.250656059537,0.000000000000,,gps_back
30.934309699739,44.254850637862,0.000000000000,,gps_back
30.984269008460,44.256634335094,0.000000000000,,gps_back
31.034016640715,44.260893708571,0.000000000000,,gps_back
31.082963814166,44.270725259289,0.000000000000,,gps_back
31.131583800596,44.282394816879,0.000000000000,,gps_back
31.180323723921,44.293553660396,0.000000000000,,gps_back
31.229542943017,44.302151009965,0.000000000000,,gps_back
31.279344982763,44.305463540342,0.000000000000,,gps_back
31.329305534044,44.307350563819,0.000000000000,,gps_back
31.379063405811,44.311976370890,0.000000000000,,gps_back
31.428699633253,44.318009667501,0.000000000000,,gps_back
31.478298450700,44.324340111342,0.000000000000,,gps_back
31.527884242816,44.330774850019,0.000000000000,,gps_back
31.577492281408,44.337034924963,0.000000000000,,gps_back
31.627114124960,44.343185604747,0.000000000000,,gps_back
31.676750468140,44.349217604344,0.000000000000,,gps_back
31.726390202760,44.355222134240,0.000000000000,,gps_back
31.775970164072,44.361692273634,0.000000000000,,gps_back
31.825524923054,44.368361669951,0.000000000000,,gps_back
31.875139441133,44.374562134106,0.000000000000,,gps_back
31.924787101551,44.380500849472,0.000000000000,,gps_back
31.974434761970,44.386439564830,0.000000000000,,gps_back
32.024082422389,44.392378280183,0.000000000000,,gps_back
32.073670444782,44.398785207083,0.000000000000,,gps_back
32.123217851873,44.405509231426,0.000000000000,,gps_back
32.172783712738,44.412094726798,0.000000000000,,gps_back
32.222362405360,44.418584084477,0.000000000000,,gps_back
32.271941097983,44.425073442146,0.000000000000,,gps_back
32.321443543709,44.432107603318,0.000000000000,,gps_back
32.370340439071,44.442311521650,0.000000000000,,gps_back
32.419045426160,44.453612461982,0.000000000000,,gps_back
32.468327694286,44.461778494022,0.000000000000,,gps_back
32.517906386908,44.468267851699,0.000000000000,,gps_back
32.567485079532,44.474757209367,0.000000000000,,gps_back
32.617063772155,44.481246567033,0.000000000000,,gps_back
32.666642464777,44.487735924709,0.000000000000,,gps_back
32.716212508719,44.494290815713,0.000000000000,,gps_back
32.765764791049,44.500978453241,0.000000000000,,gps_back
32.815319825800,44.507645789232,0.000000000000,,gps_back
32.864891951244,44.514184810375,0.000000000000,,gps_back
32.914470643867,44.520674168045,0.000000000000,,gps_back
32.964049336490,44.527163525721,0.000000000000,,gps_back
33.013629738038,44.533639805613,0.000000000000,,gps_back
33.063212168050,44.540100542710,0.000000000000,,gps_back
33.112471513025,44.548539315638,0.000000000000,,gps_back
33.161353045796,44.559041313228,0.000000000000,,gps_back
33.210440486619,44.568474820629,0.000000000000,,gps_back
33.259906287343,44.575710247041,0.000000000000,,gps_back
33.309451568072,44.582447157787,0.000000000000,,gps_back
33.358956864053,44.589473687363,0.000000000000,,gps_back
33.408037524767,44.598856037989,0.000000000000,,gps_back
33.395486680687,44.598753858877,0.000000000000,,gps_back
33.346082210504,44.591049764857,0.000000000000,,gps_back
33.296678249406,44.583342161273,0.000000000000,,gps_back
33.247274288308,44.575634557689,0.000000000000,,gps_back
33.197870327210,44.567926954105,0.000000000000,,gps_back
33.148466366112,44.560219350521,0.000000000000,,gps_back
33.099062405014,44.552511746938,0.000000000000,,gps_back
33.049658443916,44.544804143354,0.000000000000,,gps_back
33.000254482818,44.537096539770,0.000000000000,,gps_back
32.950850521720,44.529388936186,0.000000000000,,gps_back
32.901446560622,44.521681332602,0.000000000000,,gps_back
32.852042599525,44.513973729018,0.000000000000,,gps_back
32.802638638427,44.506266125434,0.000000000000,,gps_back
32.753234677329,44.498558521851,0.000000000000,,gps_back
32.703830716231,44.490850918267,0.000000000000,,gps_back
32.654426755133,44.483143314683,0.000000000000,,gps_back
32.605022794035,44.475435711099,0.000000000000,,gps_back
32.555618832937,44.467728107515,0.000000000000,,gps_back
32.506214871839,44.460020503931,0.000000000000,,gps_back
32.456810910741,44.452312900347,0.000000000000,,gps_back
32.407406949643,44.444605296763,0.000000000000,,gps_back
32.358002988545,44.436897693180,0.000000000000,,gps_back
32.308599027447,44.429190089596,0.000000000000,,gps_back
32.259195066349,44.421482486012,0.000000000000,,gps_back
32.209791105251,44.413774882428,0.000000000000,,gps_back
32.160387144153,44.406067278844,0.000000000000,,gps_back
32.110983183055,44.398359675260,0.000000000000,,gps_back
32.061579221957,44.390652071676,0.000000000000,,gps_back
32.012175260860,44.382944468093,0.000000000000,,gps_back
31.962771299762,44.375236864509,0.000000000000,,gps_back
31.913367338664,44.367529260925,0.000000000000,,gps_back
31.863963377566,44.359821657341,0.000000000000,,gps_back
31.814559416468,44.352114053757,0.000000000000,,gps_back
31.765155455370,44.344406450173,0.000000000000,,gps_back
31.715751494272,44.336698846589,0.000000000000,,gps_back
31.666347533174,44.328991243005,0.000000000000,,gps_back
31.616943572076,44.321283639422,0.000000000000,,gps_back
31.567539610978,44.313576035838,0.000000000000,,gps_back
31.518135649880,44.305868432254,0.000000000000,,gps_back
31.468731688782,44.298160828670,0.000000000000,,gps_back
31.419327727684,44.290453225086,0.000000000000,,gps_back
31.369923766586,44.282745621502,0.000000000000,,gps_back
31.320519805488,44.275038017918,0.000000000000,,gps_back
31.271115844390,44.267330414335,0.000000000000,,gps_back
31.221711883292,44.259622810751,0.000000000000,,gps_back
31.172307922195,44.251915207167,0.000000000000,,gps_back
31.122903961097,44.244207603583,0.000000000000,,gps_back
31.073499999999,44.236499999999,0.000000000000,,gps_back
