x,y,z,stamp,frame_id
90.384000000005,138.247000000003,0.000000000000,,gps_back
90.334737115151,138.238494178147,0.000000000000,,gps_back
90.285414957476,138.230339084449,0.000000000000,,gps_back
90.236053965154,138.222422441729,0.000000000000,,gps_back
90.186790992075,138.213917149702,0.000000000000,,gps_back
90.137391157788,138.206246664866,0.000000000000,,gps_back
90.087907615286,138.199136151624,0.000000000000,,gps_back
90.038351708798,138.192548854571,0.000000000000,,gps_back
89.988782737221,138.186060567691,0.000000000000,,gps_back
89.938812218297,138.184622391363,0.000000000000,,gps_back
89.888827447118,138.183784099803,0.000000000000,,gps_back
89.840326296057,138.171684014854,0.000000000000,,gps_back
89.792581518824,138.156878523277,0.000000000000,,gps_back
89.743502439270,138.147369989447,0.000000000000,,gps_back
89.694241376090,138.138877528933,0.000000000000,,gps_back
89.644343219727,138.135831283129,0.000000000000,,gps_back
89.594631913802,138.130551985083,0.000000000000,,gps_back
89.545192174046,138.123201989358,0.000000000000,,gps_back
89.495227198857,138.121965925870,0.000000000000,,gps_back
89.445965665319,138.113452535932,0.000000000000,,gps_back
89.396772219027,138.104559270150,0.000000000000,,gps_back
89.347244333380,138.097830853718,0.000000000000,,gps_back
89.297270724631,138.096952298062,0.000000000000,,gps_back
89.247836389562,138.089510236918,0.000000000000,,gps_back
89.198608108700,138.080806436035,0.000000000000,,gps_back
89.149345481316,138.072299128369,0.000000000000,,gps_back
89.100092797797,138.063734435475,0.000000000000,,gps_back
89.050834242026,138.055203581290,0.000000000000,,gps_back
89.001583721166,138.046626568557,0.000000000000,,gps_back
88.952377362910,138.037800969593,0.000000000000,,gps_back
88.902999969677,138.029990620426,0.000000000000,,gps_back
88.853403230216,138.023771292741,0.000000000000,,gps_back
88.803434689729,138.022549654478,0.000000000000,,gps_back
88.753943377787,138.015497417745,0.000000000000,,gps_back
88.704680492930,138.006991595900,0.000000000000,,gps_back
88.655417608076,137.998485774045,0.000000000000,,gps_back
88.606153317725,137.989988261659,0.000000000000,,gps_back
88.556832410400,137.981825706790,0.000000000000,,gps_back
88.507472795892,137.973901001147,0.000000000000,,gps_back
88.458207197660,137.965411066908,0.000000000000,,gps_back
88.408885370209,137.957254065734,0.000000000000,,gps_back
88.359522283830,137.949350627602,0.000000000000,,gps_back
88.310112338509,137.941745506458,0.000000000000,,gps_back
88.260719242703,137.934031726542,0.000000000000,,gps_back
88.211348675018,137.926175083360,0.000000000000,,gps_back
88.161945675722,137.918525001194,0.000000000000,,gps_back
88.112573080114,137.910681682899,0.000000000000,,gps_back
88.063308405529,137.902186549653,0.000000000000,,gps_back
88.013961400787,137.894183193708,0.000000000000,,gps_back
87.964597262907,137.886286188360,0.000000000000,,gps_back
87.915226885957,137.878428320651,0.000000000000,,gps_back
87.865829443199,137.870742397574,0.000000000000,,gps_back
87.816424265222,137.863106452760,0.000000000000,,gps_back
87.767060626055,137.855206709961,0.000000000000,,gps_back
87.717611615811,137.847860222863,0.000000000000,,gps_back
87.668105688179,137.840938870952,0.000000000000,,gps_back
87.619486100909,137.829308362671,0.000000000000,,gps_back
87.571218904485,137.816316909782,0.000000000000,,gps_back
87.521765403382,137.809000508066,0.000000000000,,gps_back
87.472262118847,137.802029073155,0.000000000000,,gps_back
87.422693567612,137.795537619471,0.000000000000,,gps_back
87.373148945519,137.788866227799,0.000000000000,,gps_back
87.323675686626,137.781697600475,0.000000000000,,gps_back
87.274763544879,137.771372176922,0.000000000000,,gps_back
87.226500195926,137.758356740879,0.000000000000,,gps_back
87.177236337628,137.749860184497,0.000000000000,,gps_back
87.127714197218,137.743023745779,0.000000000000,,gps_back
87.078229151627,137.735923692557,0.000000000000,,gps_back
87.028724951930,137.728958763345,0.000000000000,,gps_back
86.979161822890,137.722431792068,0.000000000000,,gps_back
86.929908353313,137.713899957254,0.000000000000,,gps_back
86.881650094050,137.700856691794,0.000000000000,,gps_back
86.832684300672,137.690790847806,0.000000000000,,gps_back
86.783200736698,137.683680453576,0.000000000000,,gps_back
86.733721405123,137.676540665476,0.000000000000,,gps_back
86.684243418803,137.669391563133,0.000000000000,,gps_back
86.634759345167,137.662284748007,0.000000000000,,gps_back
86.585253488183,137.655331608406,0.000000000000,,gps_back
86.535690731041,137.648802229674,0.000000000000,,gps_back
86.486439539670,137.640254131174,0.000000000000,,gps_back
86.438093388009,137.627540199372,0.000000000000,,gps_back
86.389084915376,137.617682791244,0.000000000000,,gps_back
86.339606952697,137.610533524362,0.000000000000,,gps_back
86.290124732102,137.603413786610,0.000000000000,,gps_back
86.240673296924,137.596139566231,0.000000000000,,gps_back
86.192422597312,137.583062470272,0.000000000000,,gps_back
86.143818853493,137.571388807381,0.000000000000,,gps_back
86.094295785358,137.564558981962,0.000000000000,,gps_back
86.044767190050,137.557769355707,0.000000000000,,gps_back
85.995244457853,137.550954169851,0.000000000000,,gps_back
85.946269314555,137.540933267072,0.000000000000,,gps_back
85.897916530468,137.528253300336,0.000000000000,,gps_back
85.848678742881,137.519606754754,0.000000000000,,gps_back
85.799229923406,137.512315375631,0.000000000000,,gps_back
85.750932528585,137.499411326590,0.000000000000,,gps_back
85.702346475264,137.487671004617,0.000000000000,,gps_back
85.652783471601,137.481142314922,0.000000000000,,gps_back
85.603481002249,137.472905353192,0.000000000000,,gps_back
85.555151648237,137.460127722391,0.000000000000,,gps_back
85.506197441853,137.450008253141,0.000000000000,,gps_back
85.456735434324,137.442783450149,0.000000000000,,gps_back
85.408064173996,137.431372925883,0.000000000000,,gps_back
85.359788468343,137.418419765974,0.000000000000,,gps_back
85.310383830880,137.410780325012,0.000000000000,,gps_back
85.261038796773,137.402794887161,0.000000000000,,gps_back
85.212496300159,137.390844740731,0.000000000000,,gps_back
85.164000232317,137.378708154249,0.000000000000,,gps_back
85.115687913832,137.365859014213,0.000000000000,,gps_back
85.067403751179,137.352904487314,0.000000000000,,gps_back
85.019159881750,137.339800686012,0.000000000000,,gps_back
84.970889210553,137.326795955559,0.000000000000,,gps_back
84.922601585048,137.313854315295,0.000000000000,,gps_back
84.874313295533,137.300915162338,0.000000000000,,gps_back
84.825967634963,137.288233983630,0.000000000000,,gps_back
84.776400731080,137.281730610629,0.000000000000,,gps_back
84.726945654838,137.274491016067,0.000000000000,,gps_back
84.678701837224,137.261387022998,0.000000000000,,gps_back
84.630430723854,137.248383984469,0.000000000000,,gps_back
84.582100443258,137.235602587809,0.000000000000,,gps_back
84.533813751133,137.222657493075,0.000000000000,,gps_back
84.485598986854,137.209460470013,0.000000000000,,gps_back
84.438521106370,137.192644134295,0.000000000000,,gps_back
84.391956771057,137.174466738477,0.000000000000,,gps_back
84.343934808593,137.160572370880,0.000000000000,,gps_back
84.295684773907,137.147491377021,0.000000000000,,gps_back
84.247364013861,137.134676336220,0.000000000000,,gps_back
84.199494740114,137.120282773646,0.000000000000,,gps_back
84.153074773183,137.101729775736,0.000000000000,,gps_back
84.105786397700,137.085523990186,0.000000000000,,gps_back
84.057456451439,137.072741345200,0.000000000000,,gps_back
84.009178829339,137.059762456522,0.000000000000,,gps_back
83.960971439171,137.046544148711,0.000000000000,,gps_back
83.914083782432,137.029203452051,0.000000000000,,gps_back
83.867545267011,137.010946754850,0.000000000000,,gps_back
83.820577664075,136.993822941163,0.000000000000,,gps_back
83.773555356568,136.976863068696,0.000000000000,,gps_back
83.725309335790,136.963767392188,0.000000000000,,gps_back
83.677229536190,136.950100219643,0.000000000000,,gps_back
83.630794166291,136.931581657687,0.000000000000,,gps_back
83.584332976528,136.913127990772,0.000000000000,,gps_back
83.537806296555,136.894840047193,0.000000000000,,gps_back
83.491279616581,136.876552103618,0.000000000000,,gps_back
83.444753439697,136.858262882165,0.000000000000,,gps_back
83.398247101379,136.839923272632,0.000000000000,,gps_back
83.351757644532,136.821540917972,0.000000000000,,gps_back
83.305306639472,136.803061607643,0.000000000000,,gps_back
83.258870069029,136.784546081024,0.000000000000,,gps_back
83.212357784536,136.766221556927,0.000000000000,,gps_back
83.165831104564,136.747933613348,0.000000000000,,gps_back
83.119304681581,136.729645016539,0.000000000000,,gps_back
83.072790969763,136.711324144013,0.000000000000,,gps_back
83.026359697672,136.692795406300,0.000000000000,,gps_back
82.980088237156,136.673871795684,0.000000000000,,gps_back
82.934252208119,136.653916421979,0.000000000000,,gps_back
82.888020550871,136.634895361046,0.000000000000,,gps_back
82.841526295697,136.616533247210,0.000000000000,,gps_back
82.796522163444,136.594767411099,0.000000000000,,gps_back
82.752201575341,136.571643625687,0.000000000000,,gps_back
82.706717749667,136.550897709235,0.000000000000,,gps_back
82.661003471601,136.530670421188,0.000000000000,,gps_back
82.616701280231,136.507508305489,0.000000000000,,gps_back
82.571996409346,136.485150535302,0.000000000000,,gps_back
82.524984297535,136.468149645180,0.000000000000,,gps_back
82.478302085330,136.450302487717,0.000000000000,,gps_back
82.434931115489,136.425441222013,0.000000000000,,gps_back
82.390761485711,136.402034071147,0.000000000000,,gps_back
82.344991131119,136.381928539878,0.000000000000,,gps_back
82.299631307783,136.360912889523,0.000000000000,,gps_back
82.254535435734,136.339336849112,0.000000000000,,gps_back
82.209063096700,136.318565965233,0.000000000000,,gps_back
82.163262783812,136.298532579169,0.000000000000,,gps_back
82.118647921742,136.275978563709,0.000000000000,,gps_back
82.074421815976,136.252687807469,0.000000000000,,gps_back
82.033219498937,136.224376544404,0.000000000000,,gps_back
81.992494317537,136.195400144456,0.000000000000,,gps_back
81.948302713163,136.172027507140,0.000000000000,,gps_back
81.903919512977,136.149025979887,0.000000000000,,gps_back
81.858148888483,136.128921056025,0.000000000000,,gps_back
81.812811864028,136.107858773207,0.000000000000,,gps_back
81.768491225822,136.084735039401,0.000000000000,,gps_back
81.725502071677,136.059228779403,0.000000000000,,gps_back
81.685026092722,136.029892698076,0.000000000000,,gps_back
81.642642965955,136.003389404247,0.000000000000,,gps_back
81.598306553190,135.980293187516,0.000000000000,,gps_back
81.554463920563,135.956272831808,0.000000000000,,gps_back
81.511112850321,135.931375748068,0.000000000000,,gps_back
81.467847144732,135.906330600162,0.000000000000,,gps_back
81.424614782073,135.881227937981,0.000000000000,,gps_back
81.381390490825,135.856111576883,0.000000000000,,gps_back
81.338538655613,135.830372843689,0.000000000000,,gps_back
81.297871328231,135.801299033657,0.000000000000,,gps_back
81.256236923188,135.773640595880,0.000000000000,,gps_back
81.211895373997,135.750553860610,0.000000000000,,gps_back
81.167867909802,135.726874915365,0.000000000000,,gps_back
81.124666523450,135.701721642382,0.000000000000,,gps_back
81.082679656297,135.674589947417,0.000000000000,,gps_back
81.041994684430,135.645543098602,0.000000000000,,gps_back
80.999775753098,135.618773017925,0.000000000000,,gps_back
80.956601209940,135.593579454221,0.000000000000,,gps_back
80.915556152826,135.565040838424,0.000000000000,,gps_back
80.875054103905,135.535746757832,0.000000000000,,gps_back
80.831951509010,135.510421938563,0.000000000000,,gps_back
80.788846051895,135.485115310475,0.000000000000,,gps_back
80.748400348439,135.455733339718,0.000000000000,,gps_back
80.707332495319,135.427236077957,0.000000000000,,gps_back
80.664008421196,135.402294321263,0.000000000000,,gps_back
80.621773568574,135.375552514074,0.000000000000,,gps_back
80.581214805582,135.346329087897,0.000000000000,,gps_back
80.539289190426,135.319103400894,0.000000000000,,gps_back
80.496107092134,135.293920406390,0.000000000000,,gps_back
80.454651196318,135.265982469628,0.000000000000,,gps_back
80.413946596992,135.236966615684,0.000000000000,,gps_back
80.371219184085,135.211014364956,0.000000000000,,gps_back
80.328061922612,135.185795430501,0.000000000000,,gps_back
80.287394846435,135.156720261895,0.000000000000,,gps_back
80.246439569701,135.128061685629,0.000000000000,,gps_back
80.203228013212,135.102924327479,0.000000000000,,gps_back
80.160775826846,135.076529785685,0.000000000000,,gps_back
80.120100713991,135.047467460729,0.000000000000,,gps_back
80.078356718122,135.019965191165,0.000000000000,,gps_back
80.035198245482,134.994747847677,0.000000000000,,gps_back
79.994532476651,134.965675948237,0.000000000000,,gps_back
79.955645071617,134.934262776988,0.000000000000,,gps_back
79.915385024743,134.904626598520,0.000000000000,,gps_back
79.874782122546,134.875473896269,0.000000000000,,gps_back
79.831625275073,134.850241711221,0.000000000000,,gps_back
79.788291555625,134.825314451651,0.000000000000,,gps_back
79.745101159291,134.800143651936,0.000000000000,,gps_back
79.703326714614,134.772697574807,0.000000000000,,gps_back
79.664288259979,134.741479237235,0.000000000000,,gps_back
79.622707208245,134.713733217685,0.000000000000,,gps_back
79.579544395281,134.688520433582,0.000000000000,,gps_back
79.538321268261,134.660239746946,0.000000000000,,gps_back
79.497641619677,134.631183902344,0.000000000000,,gps_back
79.456002669700,134.603518454094,0.000000000000,,gps_back
79.414512606854,134.575631608786,0.000000000000,,gps_back
79.373869471483,134.546522912253,0.000000000000,,gps_back
79.333268566013,134.517355350921,0.000000000000,,gps_back
79.292706239245,134.488136809994,0.000000000000,,gps_back
79.250892699139,134.460741614349,0.000000000000,,gps_back
79.207633495146,134.435702104460,0.000000000000,,gps_back
79.167068565866,134.406489859929,0.000000000000,,gps_back
79.128171897410,134.375088806235,0.000000000000,,gps_back
79.087859291660,134.345524133322,0.000000000000,,gps_back
79.047334538551,134.316250873071,0.000000000000,,gps_back
79.006695725099,134.287136140232,0.000000000000,,gps_back
78.966068946476,134.258004688345,0.000000000000,,gps_back
78.925630321176,134.228612635658,0.000000000000,,gps_back
78.884915070494,134.199608270094,0.000000000000,,gps_back
78.842928541214,134.172474304820,0.000000000000,,gps_back
78.801678985602,134.144232557339,0.000000000000,,gps_back
78.761155996107,134.114956840093,0.000000000000,,gps_back
78.720560361364,134.085781936199,0.000000000000,,gps_back
78.679957631475,134.056619257811,0.000000000000,,gps_back
78.640552234016,134.025856189600,0.000000000000,,gps_back
78.601656721164,133.994453852247,0.000000000000,,gps_back
78.561258525685,133.965006185018,0.000000000000,,gps_back
78.520736604855,133.935728981422,0.000000000000,,gps_back
78.480181192947,133.906498186272,0.000000000000,,gps_back
78.439613472041,133.877284486418,0.000000000000,,gps_back
78.398969762018,133.848176590499,0.000000000000,,gps_back
78.358353875778,133.819029897334,0.000000000000,,gps_back
78.317832280374,133.789752243486,0.000000000000,,gps_back
78.277272556400,133.760527443605,0.000000000000,,gps_back
78.236630616989,133.731417085010,0.000000000000,,gps_back
78.196072962529,133.702189427291,0.000000000000,,gps_back
78.155678928289,133.672737939360,0.000000000000,,gps_back
78.116462692165,133.641735729401,0.000000000000,,gps_back
78.078485177792,133.609227626659,0.000000000000,,gps_back
78.039268030047,133.578227427970,0.000000000000,,gps_back
77.998627077275,133.549115701464,0.000000000000,,gps_back
77.958100092132,133.519845521544,0.000000000000,,gps_back
77.917717363626,133.490379873849,0.000000000000,,gps_back
77.878859880852,133.458928155832,0.000000000000,,gps_back
77.840871894372,133.426433421240,0.000000000000,,gps_back
77.801324558251,133.395854064708,0.000000000000,,gps_back
77.760770225399,133.366621773213,0.000000000000,,gps_back
77.720239418827,133.337356870372,0.000000000000,,gps_back
77.679716039194,133.308081697936,0.000000000000,,gps_back
77.639098032408,133.278937945780,0.000000000000,,gps_back
77.598456731499,133.249826702401,0.000000000000,,gps_back
77.557920952196,133.220568688031,0.000000000000,,gps_back
77.517358669341,133.191350537974,0.000000000000,,gps_back
77.475408645703,133.164159067863,0.000000000000,,gps_back
77.433516175450,133.136900838249,0.000000000000,,gps_back
77.395414882425,133.104536326264,0.000000000000,,gps_back
77.357626700565,133.071813928837,0.000000000000,,gps_back
77.317324286090,133.042235456485,0.000000000000,,gps_back
77.276683203467,133.013123911510,0.000000000000,,gps_back
77.236162727165,132.983844734913,0.000000000000,,gps_back
77.195853782130,132.954282811840,0.000000000000,,gps_back
77.158017150207,132.921609123879,0.000000000000,,gps_back
77.120045697550,132.889100467283,0.000000000000,,gps_back
77.079409524736,132.859982172220,0.000000000000,,gps_back
77.039137849780,132.830369052073,0.000000000000,,gps_back
77.001296770127,132.797700560044,0.000000000000,,gps_back
76.963170636879,132.765371686009,0.000000000000,,gps_back
76.922661804715,132.736076609159,0.000000000000,,gps_back
76.882631588058,132.706136371501,0.000000000000,,gps_back
76.844786082200,132.673473105162,0.000000000000,,gps_back
76.806493944014,132.641340824433,0.000000000000,,gps_back
76.765850155581,132.612233038003,0.000000000000,,gps_back
76.725236235229,132.583083602227,0.000000000000,,gps_back
76.684737116645,132.553775670776,0.000000000000,,gps_back
76.645079655119,132.523341520339,0.000000000000,,gps_back
76.607223069504,132.490691587174,0.000000000000,,gps_back
76.568515216769,132.459059284258,0.000000000000,,gps_back
76.527898758242,132.429914763145,0.000000000000,,gps_back
76.488360181668,132.399326391840,0.000000000000,,gps_back
76.450619186932,132.366543272054,0.000000000000,,gps_back
76.411838316716,132.335000342935,0.000000000000,,gps_back
76.371246810056,132.305824314795,0.000000000000,,gps_back
76.332619438090,132.274097702675,0.000000000000,,gps_back
76.296673936165,132.239360475434,0.000000000000,,gps_back
76.258156137173,132.207498911138,0.000000000000,,gps_back
76.217515744381,132.178386409303,0.000000000000,,gps_back
76.177004623751,132.149094271822,0.000000000000,,gps_back
76.136628464810,132.119620501488,0.000000000000,,gps_back
76.097958282399,132.087938397150,0.000000000000,,gps_back
76.060000115828,132.055406384870,0.000000000000,,gps_back
76.021447112104,132.023581236814,0.000000000000,,gps_back
75.982632261140,131.992076816293,0.000000000000,,gps_back
75.944700279964,131.959513878148,0.000000000000,,gps_back
75.906794712498,131.926926507221,0.000000000000,,gps_back
75.866601815797,131.897199376571,0.000000000000,,gps_back
75.826210096625,131.867765155868,0.000000000000,,gps_back
75.789993203739,131.833304781913,0.000000000000,,gps_back
75.753603620094,131.799045841618,0.000000000000,,gps_back
75.713090074024,131.769757123878,0.000000000000,,gps_back
75.672842809238,131.740106217696,0.000000000000,,gps_back
75.634011256130,131.708621599241,0.000000000000,,gps_back
75.595564092096,131.676668988625,0.000000000000,,gps_back
75.557701411871,131.644026442401,0.000000000000,,gps_back
75.518858656978,131.612559158581,0.000000000000,,gps_back
75.478369827981,131.583237775980,0.000000000000,,gps_back
75.438975427926,131.552462786544,0.000000000000,,gps_back
75.401037298757,131.519907002519,0.000000000000,,gps_back
75.363140480341,131.487303142105,0.000000000000,,gps_back
75.325275663554,131.454663235947,0.000000000000,,gps_back
75.286353176589,131.423294855495,0.000000000000,,gps_back
75.245768137803,131.394110646815,0.000000000000,,gps_back
75.207248925006,131.362252606019,0.000000000000,,gps_back
75.171299459519,131.327519736328,0.000000000000,,gps_back
75.132804059469,131.295630225064,0.000000000000,,gps_back
75.092425534480,131.266159122684,0.000000000000,,gps_back
75.053582245682,131.234689926935,0.000000000000,,gps_back
75.015644984724,131.202133133948,0.000000000000,,gps_back
74.977769012738,131.169505056455,0.000000000000,,gps_back
74.939915454306,131.136851350735,0.000000000000,,gps_back
74.901497748776,131.104863139514,0.000000000000,,gps_back
74.862678201908,131.073364183627,0.000000000000,,gps_back
74.824558532499,131.041021192407,0.000000000000,,gps_back
74.786558889523,131.008541566919,0.000000000000,,gps_back
74.746697890480,130.978371193086,0.000000000000,,gps_back
74.706334330507,130.948882113932,0.000000000000,,gps_back
74.668019070917,130.916771202785,0.000000000000,,gps_back
74.630056680036,130.884244320576,0.000000000000,,gps_back
74.591380698539,130.852568651749,0.000000000000,,gps_back
74.552605032601,130.821015931197,0.000000000000,,gps_back
74.514665716130,130.788461529108,0.000000000000,,gps_back
74.476729882328,130.755903080202,0.000000000000,,gps_back
74.438894932120,130.723227441380,0.000000000000,,gps_back
74.401030945406,130.690586476626,0.000000000000,,gps_back
74.362214700928,130.659082853465,0.000000000000,,gps_back
74.323235008289,130.627781925068,0.000000000000,,gps_back
74.283799003074,130.597057630031,0.000000000000,,gps_back
74.244394140853,130.566293792959,0.000000000000,,gps_back
74.205572698124,130.534797151616,0.000000000000,,gps_back
74.167545220266,130.502350469318,0.000000000000,,gps_back
74.131654669810,130.467550804282,0.000000000000,,gps_back
74.094999997041,130.433558061971,0.000000000000,,gps_back
74.057038011002,130.401030757696,0.000000000000,,gps_back
74.018247815913,130.369498411577,0.000000000000,,gps_back
73.977866229536,130.340031633233,0.000000000000,,gps_back
73.939234429667,130.308309815447,0.000000000000,,gps_back
73.903162655105,130.273702903734,0.000000000000,,gps_back
73.864713863896,130.241757759727,0.000000000000,,gps_back
73.824278352832,130.212371018246,0.000000000000,,gps_back
73.786489358935,130.179646603934,0.000000000000,,gps_back
73.750506446926,130.144954220822,0.000000000000,,gps_back
73.711225170552,130.114035444721,0.000000000000,,gps_back
73.670657441184,130.084829086909,0.000000000000,,gps_back
73.632194668289,130.052895395340,0.000000000000,,gps_back
73.594411453860,130.020162409477,0.000000000000,,gps_back
73.558044497639,129.985860716688,0.000000000000,,gps_back
73.522116821174,129.951101811350,0.000000000000,,gps_back
73.484587574028,129.918075632112,0.000000000000,,gps_back
73.446749698904,129.885403388809,0.000000000000,,gps_back
73.408830515242,129.852825538886,0.000000000000,,gps_back
73.370825427833,129.820352684085,0.000000000000,,gps_back
73.330955123237,129.790194635081,0.000000000000,,gps_back
73.290597555945,129.760697906977,0.000000000000,,gps_back
73.252291544305,129.728575970281,0.000000000000,,gps_back
73.214409296700,129.695958320881,0.000000000000,,gps_back
73.178153257591,129.661539293867,0.000000000000,,gps_back
73.142223686212,129.626782697798,0.000000000000,,gps_back
73.104568516436,129.593900082377,0.000000000000,,gps_back
73.066733566228,129.561224443556,0.000000000000,,gps_back
73.028898616016,129.528548804738,0.000000000000,,gps_back
72.991060812508,129.495876478659,0.000000000000,,gps_back
72.953138281356,129.463302525286,0.000000000000,,gps_back
72.915160599611,129.430794565698,0.000000000000,,gps_back
72.876019570967,129.399695479701,0.000000000000,,gps_back
72.836694697808,129.368843363727,0.000000000000,,gps_back
72.800857839737,129.333993570129,0.000000000000,,gps_back
72.767259649180,129.296986998724,0.000000000000,,gps_back
72.730187532232,129.263448891674,0.000000000000,,gps_back
72.692467676773,129.230640496616,0.000000000000,,gps_back
72.654573266847,129.198033835421,0.000000000000,,gps_back
72.616591833917,129.165530459555,0.000000000000,,gps_back
72.577421508488,129.134468375742,0.000000000000,,gps_back
72.537907206598,129.103846159221,0.000000000000,,gps_back
72.499359571450,129.072015084430,0.000000000000,,gps_back
72.461526856326,129.039336862873,0.000000000000,,gps_back
72.423759590314,129.006583020138,0.000000000000,,gps_back
72.386074303654,128.973735679242,0.000000000000,,gps_back
72.349237026268,128.939940054510,0.000000000000,,gps_back
72.313239239105,128.905250866847,0.000000000000,,gps_back
72.277319081392,128.870481297986,0.000000000000,,gps_back
72.241402917810,128.835709629196,0.000000000000,,gps_back
72.204069342944,128.802462726526,0.000000000000,,gps_back
72.166175376994,128.769857675021,0.000000000000,,gps_back
72.129668516010,128.735705239917,0.000000000000,,gps_back
72.093893330449,128.700787551467,0.000000000000,,gps_back
72.057093488657,128.666950527576,0.000000000000,,gps_back
72.019924204398,128.633520718764,0.000000000000,,gps_back
71.981730680588,128.601266925586,0.000000000000,,gps_back
71.942273733014,128.570570099633,0.000000000000,,gps_back
71.902131502696,128.540779715346,0.000000000000,,gps_back
71.860225488612,128.513520463463,0.000000000000,,gps_back
71.818286080233,128.486314879893,0.000000000000,,gps_back
71.775310059341,128.460775990011,0.000000000000,,gps_back
71.732317651172,128.435352172314,0.000000000000,,gps_back
71.696442256968,128.400536450259,0.000000000000,,gps_back
71.660317880067,128.365982439027,0.000000000000,,gps_back
71.622378713317,128.333427862482,0.000000000000,,gps_back
71.584447637817,128.300863869037,0.000000000000,,gps_back
71.546614571149,128.268186053541,0.000000000000,,gps_back
71.508965362695,128.235311898954,0.000000000000,,gps_back
71.475314004039,128.198342540053,0.000000000000,,gps_back
71.440816606923,128.162166027364,0.000000000000,,gps_back
71.403884357934,128.128473449335,0.000000000000,,gps_back
71.366976967464,128.094754298002,0.000000000000,,gps_back
71.330902796311,128.060144557794,0.000000000000,,gps_back
71.295033805692,128.025328969728,0.000000000000,,gps_back
71.262062510018,127.987751390092,0.000000000000,,gps_back
71.228709508125,127.950720218123,0.000000000000,,gps_back
71.182068716115,127.932726394825,0.000000000000,,gps_back
71.135618398169,127.914979484681,0.000000000000,,gps_back
71.105991174434,127.874715650007,0.000000000000,,gps_back
71.078283070572,127.833111006011,0.000000000000,,gps_back
71.053297366123,127.789810943800,0.000000000000,,gps_back
71.027802505590,127.746910461628,0.000000000000,,gps_back
70.991933198491,127.712088433573,0.000000000000,,gps_back
70.956063891393,127.677266405517,0.000000000000,,gps_back
70.920201622802,127.642437158188,0.000000000000,,gps_back
70.884504178917,127.607439270987,0.000000000000,,gps_back
70.849272185518,127.571972566693,0.000000000000,,gps_back
70.814155575617,127.536393267824,0.000000000000,,gps_back
70.780018708818,127.499883468376,0.000000000000,,gps_back
70.742753498580,127.466568849176,0.000000000000,,gps_back
70.703261466046,127.435916602994,0.000000000000,,gps_back
70.663769433513,127.405264356811,0.000000000000,,gps_back
70.624301151489,127.374582009196,0.000000000000,,gps_back
70.585404228150,127.343185651833,0.000000000000,,gps_back
70.548505225589,127.309456666677,0.000000000000,,gps_back
70.511606223029,127.275727681521,0.000000000000,,gps_back
70.474665919324,127.242045085636,0.000000000000,,gps_back
70.436780998762,127.209437574077,0.000000000000,,gps_back
70.396970262347,127.179284877709,0.000000000000,,gps_back
70.364127146291,127.141602585510,0.000000000000,,gps_back
70.333293567833,127.102315554089,0.000000000000,,gps_back
70.295558780167,127.069528852105,0.000000000000,,gps_back
70.256419666311,127.038427234845,0.000000000000,,gps_back
70.217878761770,127.006760869916,0.000000000000,,gps_back
70.189117137071,126.965871801042,0.000000000000,,gps_back
70.160784937497,126.924692151797,0.000000000000,,gps_back
70.129629602757,126.885601889229,0.000000000000,,gps_back
70.096787477980,126.847959223624,0.000000000000,,gps_back
70.070428858316,126.805535536767,0.000000000000,,gps_back
70.050528730437,126.759689685335,0.000000000000,,gps_back
70.026386896060,126.715970765479,0.000000000000,,gps_back
69.995886347778,126.676361456168,0.000000000000,,gps_back
69.965385799495,126.636752146857,0.000000000000,,gps_back
69.934637159174,126.597350510862,0.000000000000,,gps_back
69.900924253217,126.560439139289,0.000000000000,,gps_back
69.866223926664,126.524452448626,0.000000000000,,gps_back
69.832017772641,126.487998066067,0.000000000000,,gps_back
69.798967532870,126.450490367323,0.000000000000,,gps_back
69.766555056170,126.412436041080,0.000000000000,,gps_back
69.735968087733,126.372893428730,0.000000000000,,gps_back
69.705381119295,126.333350816381,0.000000000000,,gps_back
69.674092966013,126.294508115987,0.000000000000,,gps_back
69.634121049269,126.264604037407,0.000000000000,,gps_back
69.589970340445,126.241170631941,0.000000000000,,gps_back
69.547193674623,126.215303931042,0.000000000000,,gps_back
69.507083844573,126.186446782999,0.000000000000,,gps_back
69.483650662567,126.142287222191,0.000000000000,,gps_back
69.460217480561,126.098127661384,0.000000000000,,gps_back
69.436784298555,126.053968100576,0.000000000000,,gps_back
69.413351116549,126.009808539769,0.000000000000,,gps_back
69.389917934543,125.965648978961,0.000000000000,,gps_back
69.365878683163,125.921869362459,0.000000000000,,gps_back
69.335831806900,125.881960578461,0.000000000000,,gps_back
69.301558166780,125.845566919363,0.000000000000,,gps_back
69.267284526660,125.809173260265,0.000000000000,,gps_back
69.232798126573,125.772991550287,0.000000000000,,gps_back
69.196061481482,125.739151457426,0.000000000000,,gps_back
69.155906419732,125.709427732818,0.000000000000,,gps_back
69.119758546909,125.675012961780,0.000000000000,,gps_back
69.089212007948,125.635440261656,0.000000000000,,gps_back
69.057594591376,125.596747033165,0.000000000000,,gps_back
69.022859682486,125.560793355550,0.000000000000,,gps_back
68.987852725633,125.525120260801,0.000000000000,,gps_back
68.950734346559,125.491635822042,0.000000000000,,gps_back
68.912816742489,125.459056133105,0.000000000000,,gps_back
68.873805831221,125.428355190234,0.000000000000,,gps_back
68.826738528895,125.411507479448,0.000000000000,,gps_back
68.779876733243,125.394196530424,0.000000000000,,gps_back
68.736652568490,125.370018349610,0.000000000000,,gps_back
68.703749018263,125.332386355841,0.000000000000,,gps_back
68.672951293729,125.293112036244,0.000000000000,,gps_back
68.647392400092,125.250171303475,0.000000000000,,gps_back
68.616219401272,125.212209560054,0.000000000000,,gps_back
68.572019764923,125.189026492353,0.000000000000,,gps_back
68.531626942651,125.159632359565,0.000000000000,,gps_back
68.493981302827,125.126744735436,0.000000000000,,gps_back
68.457399054507,125.092675724455,0.000000000000,,gps_back
68.422394450005,125.057076440761,0.000000000000,,gps_back
68.392073115877,125.017351835245,0.000000000000,,gps_back
68.362018867567,124.977874940253,0.000000000000,,gps_back
68.320805940737,124.950166496939,0.000000000000,,gps_back
68.275250583684,124.929976210518,0.000000000000,,gps_back
68.233759880102,124.902155953106,0.000000000000,,gps_back
68.194913131413,124.870734910703,0.000000000000,,gps_back
68.158724158445,124.836287284851,0.000000000000,,gps_back
68.124728420611,124.799633899758,0.000000000000,,gps_back
68.090732682776,124.762980514666,0.000000000000,,gps_back
68.056736944942,124.726327129574,0.000000000000,,gps_back
68.022318071610,124.690087002869,0.000000000000,,gps_back
67.986471084959,124.655242002184,0.000000000000,,gps_back
67.950601777864,124.620419974124,0.000000000000,,gps_back
67.914656026968,124.585677453391,0.000000000000,,gps_back
67.878079587430,124.551614189151,0.000000000000,,gps_back
67.840241504757,124.518942178936,0.000000000000,,gps_back
67.802372172783,124.486306445023,0.000000000000,,gps_back
67.764414226351,124.453773809900,0.000000000000,,gps_back
67.726206386206,124.421539480794,0.000000000000,,gps_back
67.687576257085,124.389813794026,0.000000000000,,gps_back
67.650133557354,124.356713599468,0.000000000000,,gps_back
67.613788397489,124.322413245362,0.000000000000,,gps_back
67.575209153453,124.290672361499,0.000000000000,,gps_back
67.534548504414,124.261588175625,0.000000000000,,gps_back
67.493818365682,124.232601380950,0.000000000000,,gps_back
67.453131687729,124.203555114202,0.000000000000,,gps_back
67.413180231511,124.173529714902,0.000000000000,,gps_back
67.374625398413,124.141706678053,0.000000000000,,gps_back
67.336192388184,124.109738520118,0.000000000000,,gps_back
67.298213830697,124.077230126504,0.000000000000,,gps_back
67.260378880486,124.044554487687,0.000000000000,,gps_back
67.222543930274,124.011878848869,0.000000000000,,gps_back
67.184290032933,123.979718001332,0.000000000000,,gps_back
67.144418452424,123.949566881757,0.000000000000,,gps_back
67.104167399661,123.919929884874,0.000000000000,,gps_back
67.064918951349,123.888967417396,0.000000000000,,gps_back
67.026687538942,123.856819415655,0.000000000000,,gps_back
66.990817596340,123.821999106248,0.000000000000,,gps_back
66.953593004096,123.788756925525,0.000000000000,,gps_back
66.912948462719,123.759650189433,0.000000000000,,gps_back
66.872303921340,123.730543453345,0.000000000000,,gps_back
66.831777709948,123.701274540867,0.000000000000,,gps_back
66.791976990088,123.671039583141,0.000000000000,,gps_back
66.753360220204,123.639292745581,0.000000000000,,gps_back
66.715127873669,123.607083917404,0.000000000000,,gps_back
66.676905413369,123.574872985320,0.000000000000,,gps_back
66.637403199540,123.544248410059,0.000000000000,,gps_back
66.596852568272,123.515010986518,0.000000000000,,gps_back
66.556320555424,123.485747756177,0.000000000000,,gps_back
66.515781761083,123.456493977165,0.000000000000,,gps_back
66.475170208765,123.427341246279,0.000000000000,,gps_back
66.434360974975,123.398470831160,0.000000000000,,gps_back
66.392929828119,123.370495678363,0.000000000000,,gps_back
66.351314038981,123.342795372877,0.000000000000,,gps_back
66.309698249843,123.315095067390,0.000000000000,,gps_back
66.268082460705,123.287394761904,0.000000000000,,gps_back
66.226466671566,123.259694456417,0.000000000000,,gps_back
66.184850882428,123.231994150931,0.000000000000,,gps_back
66.143231398289,123.204299400270,0.000000000000,,gps_back
66.101565657213,123.176674519330,0.000000000000,,gps_back
66.059753129759,123.149272279211,0.000000000000,,gps_back
66.017800144295,123.122085641718,0.000000000000,,gps_back
65.974025299299,123.102152086486,0.000000000000,,gps_back
65.993215750683,123.142432160039,0.000000000000,,gps_back
66.018244016777,123.185707634917,0.000000000000,,gps_back
66.043272282870,123.228983109796,0.000000000000,,gps_back
66.023787926404,123.235943300914,0.000000000000,,gps_back
65.981779091133,123.208843464539,0.000000000000,,gps_back
65.939408801260,123.182315501684,0.000000000000,,gps_back
65.896819452558,123.156136727710,0.000000000000,,gps_back
65.854230103856,123.129957953736,0.000000000000,,gps_back
65.811476602742,123.104049725589,0.000000000000,,gps_back
65.768399590209,123.078683633022,0.000000000000,,gps_back
65.725141656029,123.053625105388,0.000000000000,,gps_back
65.681849934589,123.028624962263,0.000000000000,,gps_back
65.639212501095,123.002550574239,0.000000000000,,gps_back
65.597231940608,122.975406845055,0.000000000000,,gps_back
65.554682736429,122.949187485104,0.000000000000,,gps_back
65.511431645970,122.924118718066,0.000000000000,,gps_back
65.467552000358,122.900184186232,0.000000000000,,gps_back
65.423303463542,122.876919626864,0.000000000000,,gps_back
65.379588300579,122.852685558031,0.000000000000,,gps_back
65.336126803548,122.827983483957,0.000000000000,,gps_back
65.292150977924,122.804218534953,0.000000000000,,gps_back
65.248492714754,122.779893715889,0.000000000000,,gps_back
65.206722521409,122.752520644354,0.000000000000,,gps_back
65.165145937308,122.724803475332,0.000000000000,,gps_back
65.121729476278,122.700096818986,0.000000000000,,gps_back
65.077448783743,122.676893362806,0.000000000000,,gps_back
65.033193185616,122.653642080303,0.000000000000,,gps_back
64.988934009934,122.630397611272,0.000000000000,,gps_back
64.944649960136,122.607200560534,0.000000000000,,gps_back
64.900337410718,122.584058012732,0.000000000000,,gps_back
64.855997912967,122.560967122355,0.000000000000,,gps_back
64.810840082793,122.539589037163,0.000000000000,,gps_back
64.764629028058,122.520539155539,0.000000000000,,gps_back
64.719026629911,122.500160963438,0.000000000000,,gps_back
64.674456966009,122.477523855155,0.000000000000,,gps_back
64.629100144237,122.456613865708,0.000000000000,,gps_back
64.582745143582,122.437899242814,0.000000000000,,gps_back
64.537420752257,122.416962613333,0.000000000000,,gps_back
64.493009059260,122.394011111746,0.000000000000,,gps_back
64.447471592814,122.373520461864,0.000000000000,,gps_back
64.401232047990,122.354524004587,0.000000000000,,gps_back
64.356129657174,122.333062029916,0.000000000000,,gps_back
64.311418898204,122.310714460187,0.000000000000,,gps_back
64.265244732209,122.291736344450,0.000000000000,,gps_back
64.218213639703,122.274788578881,0.000000000000,,gps_back
64.171483012155,122.257039565474,0.000000000000,,gps_back
64.124863920269,122.238989994249,0.000000000000,,gps_back
64.078007748800,122.221568603513,0.000000000000,,gps_back
64.031101579280,122.204278600374,0.000000000000,,gps_back
63.984434007388,122.186358453778,0.000000000000,,gps_back
63.937784532485,122.168388739296,0.000000000000,,gps_back
63.890903262972,122.151033290233,0.000000000000,,gps_back
63.843906939760,122.133988464931,0.000000000000,,gps_back
63.796896200734,122.116983444245,0.000000000000,,gps_back
63.749989963163,122.099694760781,0.000000000000,,gps_back
63.703332906580,122.081746460394,0.000000000000,,gps_back
63.656661228773,122.063835603861,0.000000000000,,gps_back
63.609761458902,122.046529161384,0.000000000000,,gps_back
63.562907517282,122.029100380540,0.000000000000,,gps_back
63.516283254782,122.011065094362,0.000000000000,,gps_back
63.468953198605,121.995132634485,0.000000000000,,gps_back
63.420654595334,121.982273643875,0.000000000000,,gps_back
63.373120394113,121.967103376297,0.000000000000,,gps_back
63.326874909223,121.948145890936,0.000000000000,,gps_back
63.279537596577,121.932619199163,0.000000000000,,gps_back
63.231048483897,121.920455934455,0.000000000000,,gps_back
63.183654093418,121.904858256375,0.000000000000,,gps_back
63.136911782943,121.887137289723,0.000000000000,,gps_back
63.089266636871,121.872156253956,0.000000000000,,gps_back
63.040940082459,121.859364166709,0.000000000000,,gps_back
62.992431489356,121.847284547169,0.000000000000,,gps_back
62.943914266456,121.835236453195,0.000000000000,,gps_back
62.895578784300,121.822480941397,0.000000000000,,gps_back
62.847754100159,121.807981789927,0.000000000000,,gps_back
62.800528061655,121.791599142693,0.000000000000,,gps_back
62.753045730712,121.776017233421,0.000000000000,,gps_back
62.704934343395,121.762459420792,0.000000000000,,gps_back
62.656515492152,121.750023716459,0.000000000000,,gps_back
62.607988667326,121.738010300338,0.000000000000,,gps_back
62.558940182309,121.728646537657,0.000000000000,,gps_back
62.509417082181,121.721826843209,0.000000000000,,gps_back
62.460366049357,121.712531154601,0.000000000000,,gps_back
62.411787289535,121.700730380150,0.000000000000,,gps_back
62.363251370159,121.688753549028,0.000000000000,,gps_back
62.314721983554,121.676750238430,0.000000000000,,gps_back
62.266184817105,121.664778462841,0.000000000000,,gps_back
62.217649029355,121.652801099703,0.000000000000,,gps_back
62.169275710621,121.640196291317,0.000000000000,,gps_back
62.120798888734,121.628013545141,0.000000000000,,gps_back
62.071634603952,121.619309193224,0.000000000000,,gps_back
62.022207324367,121.611872480683,0.000000000000,,gps_back
61.973326304884,121.601567559633,0.000000000000,,gps_back
61.924550564845,121.590655791994,0.000000000000,,gps_back
61.875247796354,121.582576936703,0.000000000000,,gps_back
61.825921770456,121.574566944737,0.000000000000,,gps_back
61.777232495616,121.563371809195,0.000000000000,,gps_back
61.728415488874,121.552792892548,0.000000000000,,gps_back
61.679005080519,121.545278151908,0.000000000000,,gps_back
61.629449366268,121.538690004845,0.000000000000,,gps_back
61.579909949397,121.531979888398,0.000000000000,,gps_back
61.530777911859,121.522983862318,0.000000000000,,gps_back
61.482118158336,121.511534311203,0.000000000000,,gps_back
61.433087680927,121.502044132289,0.000000000000,,gps_back
61.383581594836,121.495110156391,0.000000000000,,gps_back
61.334012597119,121.488622067686,0.000000000000,,gps_back
61.284443599404,121.482133978974,0.000000000000,,gps_back
61.234874601688,121.475645890270,0.000000000000,,gps_back
61.185305603970,121.469157801573,0.000000000000,,gps_back
61.135736606254,121.462669712867,0.000000000000,,gps_back
61.086167608539,121.456181624155,0.000000000000,,gps_back
61.036598610824,121.449693535442,0.000000000000,,gps_back
60.987032618072,121.443182563725,0.000000000000,,gps_back
60.937482173474,121.436554877653,0.000000000000,,gps_back
60.887844710514,121.430660174300,0.000000000000,,gps_back
60.837979781720,121.427871410188,0.000000000000,,gps_back
60.788031968574,121.426014447698,0.000000000000,,gps_back
60.738306278217,121.421215481446,0.000000000000,,gps_back
60.688737280500,121.414727392745,0.000000000000,,gps_back
60.639168282784,121.408239304037,0.000000000000,,gps_back
60.589447755652,121.403212056057,0.000000000000,,gps_back
60.539527886510,121.400917247633,0.000000000000,,gps_back
60.489635834864,121.398167428914,0.000000000000,,gps_back
60.439954395010,121.392729632859,0.000000000000,,gps_back
60.390196596425,121.388259472190,0.000000000000,,gps_back
60.340243896118,121.386561422456,0.000000000000,,gps_back
60.290260076021,121.385672710875,0.000000000000,,gps_back
60.240278496919,121.384662052013,0.000000000000,,gps_back
60.190457326562,121.381178285817,0.000000000000,,gps_back
60.140833716629,121.375143156631,0.000000000000,,gps_back
60.091044191939,121.371405244980,0.000000000000,,gps_back
60.041066753757,121.370245145020,0.000000000000,,gps_back
59.991084465063,121.369272593015,0.000000000000,,gps_back
59.941102852756,121.368263425795,0.000000000000,,gps_back
59.891118784838,121.367389300280,0.000000000000,,gps_back
59.841133131447,121.366604899637,0.000000000000,,gps_back
59.791147444891,121.365822616324,0.000000000000,,gps_back
59.741162706937,121.364983548608,0.000000000000,,gps_back
59.691180462363,121.364009014920,0.000000000000,,gps_back
59.641198622707,121.363011758850,0.000000000000,,gps_back
59.591215022411,121.362107155563,0.000000000000,,gps_back
59.541285413340,121.363511971916,0.000000000000,,gps_back
59.491461833091,121.367550453141,0.000000000000,,gps_back
59.441568800087,121.369768475228,0.000000000000,,gps_back
59.391580527136,121.369430945738,0.000000000000,,gps_back
59.341597183709,121.368518772457,0.000000000000,,gps_back
59.291616086087,121.367484106515,0.000000000000,,gps_back
59.241759025948,121.369675002103,0.000000000000,,gps_back
59.191988408139,121.374370081533,0.000000000000,,gps_back
59.142097991298,121.375801103259,0.000000000000,,gps_back
59.092115275508,121.375694727924,0.000000000000,,gps_back
59.042252544437,121.378667072548,0.000000000000,,gps_back
58.992491198428,121.383461785576,0.000000000000,,gps_back
58.942729852420,121.388256498605,0.000000000000,,gps_back
58.892869176058,121.391638875918,0.000000000000,,gps_back
58.842902898999,121.392209420301,0.000000000000,,gps_back
58.792939933280,121.393053507332,0.000000000000,,gps_back
58.743089572858,121.396600977537,0.000000000000,,gps_back
58.693331643224,121.401428782776,0.000000000000,,gps_back
58.643596780629,121.406489988212,0.000000000000,,gps_back
58.593853665764,121.411467987430,0.000000000000,,gps_back
58.544094370169,121.416283875802,0.000000000000,,gps_back
58.494333024160,121.421078588830,0.000000000000,,gps_back
58.444571960582,121.425876231385,0.000000000000,,gps_back
58.394846435082,121.431019642156,0.000000000000,,gps_back
58.345138504058,121.436338736550,0.000000000000,,gps_back
58.295390341887,121.441260280444,0.000000000000,,gps_back
58.245616787192,121.445926551195,0.000000000000,,gps_back
58.195843232499,121.450592821953,0.000000000000,,gps_back
58.146069677805,121.455259092713,0.000000000000,,gps_back
58.096296123111,121.459925363465,0.000000000000,,gps_back
58.046695808463,121.466028419953,0.000000000000,,gps_back
57.997521494172,121.474912188710,0.000000000000,,gps_back
57.948335761615,121.483766769547,0.000000000000,,gps_back
57.898776771455,121.490224236242,0.000000000000,,gps_back
57.849046061924,121.495319509058,0.000000000000,,gps_back
57.799280315102,121.500067470459,0.000000000000,,gps_back
57.749857944981,121.507232253872,0.000000000000,,gps_back
57.700830811812,121.516993580863,0.000000000000,,gps_back
57.651884835391,121.527165686205,0.000000000000,,gps_back
57.602933958254,121.537314205544,0.000000000000,,gps_back
57.553580195109,121.544924748670,0.000000000000,,gps_back
57.503860529771,121.550126439441,0.000000000000,,gps_back
57.454533445618,121.557841407641,0.000000000000,,gps_back
57.405567607468,121.567917315926,0.000000000000,,gps_back
57.356191516811,121.575325015508,0.000000000000,,gps_back
57.306546260685,121.581166187391,0.000000000000,,gps_back
57.257310667900,121.589622141363,0.000000000000,,gps_back
57.208402399545,121.599972295892,0.000000000000,,gps_back
57.159646396001,121.611008607834,0.000000000000,,gps_back
57.110621700538,121.620645017754,0.000000000000,,gps_back
57.061049177296,121.626870389627,0.000000000000,,gps_back
57.011490336313,121.633245878961,0.000000000000,,gps_back
56.962344789077,121.642327504859,0.000000000000,,gps_back
56.913396705388,121.652489477914,0.000000000000,,gps_back
56.864453784728,121.662676294854,0.000000000000,,gps_back
56.815947339186,121.674656258925,0.000000000000,,gps_back
56.768102311491,121.689117392160,0.000000000000,,gps_back
56.720021725428,121.702714560109,0.000000000000,,gps_back
56.671288625181,121.713814869755,0.000000000000,,gps_back
56.622347624370,121.724010911594,0.000000000000,,gps_back
56.573406623557,121.734206953427,0.000000000000,,gps_back
56.524916876127,121.746246756998,0.000000000000,,gps_back
56.477046193674,121.760633068313,0.000000000000,,gps_back
56.428995038117,121.774369634287,0.000000000000,,gps_back
56.380459773863,121.786332281552,0.000000000000,,gps_back
56.331657952180,121.797161807582,0.000000000000,,gps_back
56.282732270282,121.807430777021,0.000000000000,,gps_back
56.234412117265,121.820048034395,0.000000000000,,gps_back
56.186680868942,121.834909155400,0.000000000000,,gps_back
56.138878314774,121.849535230869,0.000000000000,,gps_back
56.090946935625,121.863739476147,0.000000000000,,gps_back
56.043105566002,121.878240389938,0.000000000000,,gps_back
55.995398395072,121.893179781869,0.000000000000,,gps_back
55.947765298751,121.908354044738,0.000000000000,,gps_back
55.900178028390,121.923671678323,0.000000000000,,gps_back
55.852012105058,121.936907090544,0.000000000000,,gps_back
55.803106958731,121.947217722143,0.000000000000,,gps_back
55.754738757530,121.959544122941,0.000000000000,,gps_back
55.707995405894,121.977074514564,0.000000000000,,gps_back
55.661660217529,121.995816794293,0.000000000000,,gps_back
55.614478858476,122.012283993642,0.000000000000,,gps_back
55.566792269114,122.027287227557,0.000000000000,,gps_back
55.518895598658,122.041601754671,0.000000000000,,gps_back
55.470978918101,122.055852724241,0.000000000000,,gps_back
55.423534367822,122.071564966832,0.000000000000,,gps_back
55.376319884751,122.087993882162,0.000000000000,,gps_back
55.328861026781,122.103697493990,0.000000000000,,gps_back
55.281445672423,122.119530957347,0.000000000000,,gps_back
55.234605710067,122.136965362221,0.000000000000,,gps_back
55.188074543520,122.155241634727,0.000000000000,,gps_back
55.140941789615,122.171834761887,0.000000000000,,gps_back
55.093345595684,122.187124730916,0.000000000000,,gps_back
55.045749401755,122.202414699953,0.000000000000,,gps_back
54.998157438073,122.217717825993,0.000000000000,,gps_back
54.951484345046,122.235473053693,0.000000000000,,gps_back
54.905559275326,122.255223213207,0.000000000000,,gps_back
54.859677268532,122.275072964798,0.000000000000,,gps_back
54.813835095344,122.295014777150,0.000000000000,,gps_back
54.767170427769,122.312826982662,0.000000000000,,gps_back
54.719648945156,122.328338934438,0.000000000000,,gps_back
54.672737349604,122.345497645663,0.000000000000,,gps_back
54.626695060236,122.364964326119,0.000000000000,,gps_back
54.581137041620,122.385537740577,0.000000000000,,gps_back
54.535951364574,122.406923344997,0.000000000000,,gps_back
54.489788683416,122.425938641409,0.000000000000,,gps_back
54.442393746517,122.441813375455,0.000000000000,,gps_back
54.395409337881,122.458792141864,0.000000000000,,gps_back
54.349306984712,122.478109913393,0.000000000000,,gps_back
54.303704546035,122.498587383184,0.000000000000,,gps_back
54.258456066380,122.519839150144,0.000000000000,,gps_back
54.213044578797,122.540733500416,0.000000000000,,gps_back
54.167242210519,122.560763712583,0.000000000000,,gps_back
54.121343388740,122.580574704488,0.000000000000,,gps_back
54.075487432025,122.600484744609,0.000000000000,,gps_back
54.029799196513,122.620773987647,0.000000000000,,gps_back
53.984425849283,122.641756559715,0.000000000000,,gps_back
53.939035506218,122.662703061476,0.000000000000,,gps_back
53.893334637609,122.682963162911,0.000000000000,,gps_back
53.847638922193,122.703235809909,0.000000000000,,gps_back
53.802285111164,122.724259061558,0.000000000000,,gps_back
53.756943901297,122.745311805604,0.000000000000,,gps_back
53.711266051463,122.765622547547,0.000000000000,,gps_back
53.665544090854,122.785836761606,0.000000000000,,gps_back
53.620136024434,122.806742824474,0.000000000000,,gps_back
53.574907926682,122.828040711773,0.000000000000,,gps_back
53.529679828931,122.849338599073,0.000000000000,,gps_back
53.484451731179,122.870636486372,0.000000000000,,gps_back
53.439223633428,122.891934373672,0.000000000000,,gps_back
53.393995535676,122.913232260971,0.000000000000,,gps_back
53.348767437925,122.934530148270,0.000000000000,,gps_back
53.303539950595,122.955829331771,0.000000000000,,gps_back
53.259028697348,122.978541382266,0.000000000000,,gps_back
53.215115050359,123.002432226491,0.000000000000,,gps_back
53.170304417724,123.024518143640,0.000000000000,,gps_back
53.124544903754,123.044643901499,0.000000000000,,gps_back
53.079761280950,123.066733235843,0.000000000000,,gps_back
53.036480970826,123.091733051652,0.000000000000,,gps_back
52.992506302067,123.115409689977,0.000000000000,,gps_back
52.947030578788,123.136139699275,0.000000000000,,gps_back
52.901695568030,123.157170001623,0.000000000000,,gps_back
52.857383908508,123.180290235558,0.000000000000,,gps_back
52.813254736973,123.203775277500,0.000000000000,,gps_back
52.768433511662,123.225894991650,0.000000000000,,gps_back
52.723248988029,123.247285063337,0.000000000000,,gps_back
52.678139600263,123.268832991868,0.000000000000,,gps_back
52.633598506986,123.291507692642,0.000000000000,,gps_back
52.590195250350,123.316280133308,0.000000000000,,gps_back
52.546642645041,123.340786163360,0.000000000000,,gps_back
52.501515568184,123.362200558757,0.000000000000,,gps_back
52.456024678915,123.382909254929,0.000000000000,,gps_back
52.412067558885,123.406612465073,0.000000000000,,gps_back
52.368663785133,123.431406467801,0.000000000000,,gps_back
52.323768194545,123.453269283199,0.000000000000,,gps_back
52.278121536142,123.473650213917,0.000000000000,,gps_back
52.234042236946,123.497074233633,0.000000000000,,gps_back
52.191067282248,123.522614953318,0.000000000000,,gps_back
52.147612140144,123.547316648419,0.000000000000,,gps_back
52.103794150387,123.571382487347,0.000000000000,,gps_back
52.059291274217,123.594116668675,0.000000000000,,gps_back
52.014144342827,123.615585338331,0.000000000000,,gps_back
51.969647004674,123.638325244248,0.000000000000,,gps_back
51.925787936867,123.662315951773,0.000000000000,,gps_back
51.882325575749,123.687009616877,0.000000000000,,gps_back
51.839285930462,123.712440211934,0.000000000000,,gps_back
51.795959432453,123.737369792577,0.000000000000,,gps_back
51.752136123764,123.761423747448,0.000000000000,,gps_back
51.708184461149,123.785244568354,0.000000000000,,gps_back
51.664258711194,123.809113136400,0.000000000000,,gps_back
51.620510461629,123.833303524874,0.000000000000,,gps_back
51.577329904519,123.858483125691,0.000000000000,,gps_back
51.534074424950,123.883533806922,0.000000000000,,gps_back
51.489193083047,123.905398829579,0.000000000000,,gps_back
51.443459587828,123.925584029217,0.000000000000,,gps_back
51.399359517885,123.948951362169,0.000000000000,,gps_back
51.356468937483,123.974633631044,0.000000000000,,gps_back
51.313555010497,124.000276840323,0.000000000000,,gps_back
51.270590560975,124.025835275359,0.000000000000,,gps_back
51.226038604580,124.048299260187,0.000000000000,,gps_back
51.180200169861,124.068249667002,0.000000000000,,gps_back
51.135800539684,124.091041589058,0.000000000000,,gps_back
51.092742466144,124.116440574168,0.000000000000,,gps_back
51.049861243370,124.142138307122,0.000000000000,,gps_back
51.007030010010,124.167919425790,0.000000000000,,gps_back
50.962796084694,124.191050130390,0.000000000000,,gps_back
50.917107787012,124.211331884340,0.000000000000,,gps_back
50.871943275544,124.232702484773,0.000000000000,,gps_back
50.827748250317,124.256059242046,0.000000000000,,gps_back
50.784134956121,124.280487682013,0.000000000000,,gps_back
50.741065800039,124.305863779515,0.000000000000,,gps_back
50.697948484946,124.331158098539,0.000000000000,,gps_back
50.654257431025,124.355445720318,0.000000000000,,gps_back
50.610002230139,124.378690889688,0.000000000000,,gps_back
50.564723867538,124.399815642459,0.000000000000,,gps_back
50.519027638658,124.420083128990,0.000000000000,,gps_back
50.474991543547,124.443573274918,0.000000000000,,gps_back
50.432106403252,124.469264404602,0.000000000000,,gps_back
50.388635235667,124.493931607534,0.000000000000,,gps_back
50.344721588673,124.517822451749,0.000000000000,,gps_back
50.300211566785,124.540551916294,0.000000000000,,gps_back
50.255146188331,124.562191591932,0.000000000000,,gps_back
50.210626950080,124.584902219902,0.000000000000,,gps_back
50.166635038360,124.608648561711,0.000000000000,,gps_back
50.123129614251,124.633260145585,0.000000000000,,gps_back
50.080169402230,124.658824110025,0.000000000000,,gps_back
50.036434573391,124.682980461969,0.000000000000,,gps_back
49.991572441826,124.705025641883,0.000000000000,,gps_back
49.946893436770,124.727430270637,0.000000000000,,gps_back
49.902788965414,124.750964735211,0.000000000000,,gps_back
49.858815583048,124.774745446573,0.000000000000,,gps_back
49.814828857112,124.798501469165,0.000000000000,,gps_back
49.770836616302,124.822247280967,0.000000000000,,gps_back
49.726844375492,124.845993092769,0.000000000000,,gps_back
49.682523021319,124.869109685005,0.000000000000,,gps_back
49.637669310856,124.891178730791,0.000000000000,,gps_back
49.593285517421,124.914143531603,0.000000000000,,gps_back
49.549953819770,124.939058800706,0.000000000000,,gps_back
49.506057145636,124.962910244529,0.000000000000,,gps_back
49.460686251386,124.983852544733,0.000000000000,,gps_back
49.415249572868,125.004674101567,0.000000000000,,gps_back
49.370853513611,125.027621276064,0.000000000000,,gps_back
49.326977318882,125.051580830316,0.000000000000,,gps_back
49.283078440164,125.075498776079,0.000000000000,,gps_back
49.239102713082,125.099274858729,0.000000000000,,gps_back
49.194039249454,125.120809545566,0.000000000000,,gps_back
49.148114179733,125.140559705079,0.000000000000,,gps_back
49.103201407133,125.162411214943,0.000000000000,,gps_back
49.059188990606,125.186119360759,0.000000000000,,gps_back
49.015283468346,125.210024859810,0.000000000000,,gps_back
48.971448350671,125.234059455075,0.000000000000,,gps_back
48.927586617616,125.258045331104,0.000000000000,,gps_back
48.883651843404,125.281897198162,0.000000000000,,gps_back
48.839872070828,125.306029917051,0.000000000000,,gps_back
48.796624186570,125.331096365974,0.000000000000,,gps_back
48.753195442357,125.355840731205,0.000000000000,,gps_back
48.708264098244,125.377641532367,0.000000000000,,gps_back
48.662604934148,125.397994880310,0.000000000000,,gps_back
48.617964784851,125.420428484920,0.000000000000,,gps_back
48.574051137862,125.444319329146,0.000000000000,,gps_back
48.529035217956,125.465938901571,0.000000000000,,gps_back
48.483083386523,125.485626695461,0.000000000000,,gps_back
48.438132379214,125.507398208351,0.000000000000,,gps_back
48.394184884303,125.531224882190,0.000000000000,,gps_back
48.349567405917,125.553715766555,0.000000000000,,gps_back
48.303932185565,125.574112065276,0.000000000000,,gps_back
48.258893456080,125.595725094720,0.000000000000,,gps_back
48.215342020827,125.620230612579,0.000000000000,,gps_back
48.171525901467,125.644241807793,0.000000000000,,gps_back
48.126269610816,125.665426697876,0.000000000000,,gps_back
48.080841563653,125.686275313201,0.000000000000,,gps_back
48.036368104889,125.709073963845,0.000000000000,,gps_back
47.992306644459,125.732690362038,0.000000000000,,gps_back
47.947829127879,125.755504462435,0.000000000000,,gps_back
47.903072753205,125.777776592007,0.000000000000,,gps_back
47.859165191308,125.801622951561,0.000000000000,,gps_back
47.816110529809,125.827027808910,0.000000000000,,gps_back
47.771860924061,125.850147937017,0.000000000000,,gps_back
47.726245825793,125.870595080999,0.000000000000,,gps_back
47.680701044665,125.891196785623,0.000000000000,,gps_back
47.635526870024,125.912607102384,0.000000000000,,gps_back
47.590914295666,125.935146900262,0.000000000000,,gps_back
47.546827294590,125.958714608603,0.000000000000,,gps_back
47.502502456008,125.981822796995,0.000000000000,,gps_back
47.457609533158,126.003811359180,0.000000000000,,gps_back
47.412475452336,126.025307735849,0.000000000000,,gps_back
47.367315746495,126.046750245940,0.000000000000,,gps_back
47.321898297307,126.067634253423,0.000000000000,,gps_back
47.276157023641,126.087804715095,0.000000000000,,gps_back
47.230538404327,126.108246816248,0.000000000000,,gps_back
47.185276817557,126.129470155255,0.000000000000,,gps_back
47.140126643544,126.150932622639,0.000000000000,,gps_back
47.094927836037,126.172292554603,0.000000000000,,gps_back
47.049765538011,126.193729309155,0.000000000000,,gps_back
47.004674676487,126.215316155290,0.000000000000,,gps_back
46.959375896476,126.236457415823,0.000000000000,,gps_back
46.913702879648,126.256779591928,0.000000000000,,gps_back
46.867536675201,126.275942022282,0.000000000000,,gps_back
46.822144870832,126.296755066162,0.000000000000,,gps_back
46.777649994158,126.319545124947,0.000000000000,,gps_back
46.733751396941,126.343435868788,0.000000000000,,gps_back
46.691134934291,126.369534609848,0.000000000000,,gps_back
46.646650527322,126.391789181717,0.000000000000,,gps_back
46.600626445736,126.411268099421,0.000000000000,,gps_back
46.555021764190,126.431747176149,0.000000000000,,gps_back
46.509390121660,126.452166115857,0.000000000000,,gps_back
46.464565045685,126.474234804716,0.000000000000,,gps_back
46.420119959901,126.497114364088,0.000000000000,,gps_back
46.374407268237,126.517221822694,0.000000000000,,gps_back
46.327927944754,126.535628822108,0.000000000000,,gps_back
46.282503756839,126.556390225512,0.000000000000,,gps_back
46.237958864465,126.579082045032,0.000000000000,,gps_back
46.193343209371,126.601633430904,0.000000000000,,gps_back
46.148120052080,126.622914444817,0.000000000000,,gps_back
46.102157910755,126.642564383539,0.000000000000,,gps_back
46.055761549546,126.661175847651,0.000000000000,,gps_back
46.010450609509,126.682124914734,0.000000000000,,gps_back
45.966018009565,126.705034508579,0.000000000000,,gps_back
45.920381699142,126.725299586412,0.000000000000,,gps_back
45.874183427710,126.744384749881,0.000000000000,,gps_back
45.828704172235,126.765118463253,0.000000000000,,gps_back
45.782997136860,126.785324948183,0.000000000000,,gps_back
45.736293714514,126.803110226848,0.000000000000,,gps_back
45.690171662140,126.822246335290,0.000000000000,,gps_back
45.645510413672,126.844671678804,0.000000000000,,gps_back
45.601369099013,126.868139213182,0.000000000000,,gps_back
45.557090475511,126.891345089599,0.000000000000,,gps_back
45.511181552626,126.910828089411,0.000000000000,,gps_back
45.464241014946,126.928016915704,0.000000000000,,gps_back
45.418408107271,126.947864108512,0.000000000000,,gps_back
45.373332340913,126.969482524329,0.000000000000,,gps_back
45.328231521513,126.991048592006,0.000000000000,,gps_back
45.282737628938,127.011756341915,0.000000000000,,gps_back
45.236208874009,127.029951713211,0.000000000000,,gps_back
45.189757603721,127.048355518567,0.000000000000,,gps_back
45.144793918675,127.070118307119,0.000000000000,,gps_back
45.099465880698,127.091066506471,0.000000000000,,gps_back
45.052736428324,127.108787665400,0.000000000000,,gps_back
45.007451844551,127.129577998507,0.000000000000,,gps_back
44.964193281688,127.154616546250,0.000000000000,,gps_back
44.919477207272,127.176651348059,0.000000000000,,gps_back
44.872750040797,127.194377128400,0.000000000000,,gps_back
44.827093195514,127.214472669446,0.000000000000,,gps_back
44.782589435444,127.237245376031,0.000000000000,,gps_back
44.736600276503,127.256561266226,0.000000000000,,gps_back
44.689799096940,127.274112338110,0.000000000000,,gps_back
44.644613763769,127.295312935716,0.000000000000,,gps_back
44.600219889855,127.318294028477,0.000000000000,,gps_back
44.555333642637,127.340295306926,0.000000000000,,gps_back
44.509618042655,127.360483755949,0.000000000000,,gps_back
44.462906705386,127.378247338667,0.000000000000,,gps_back
44.415993211191,127.395510578532,0.000000000000,,gps_back
44.369362315501,127.413528711628,0.000000000000,,gps_back
44.323602939471,127.433585506624,0.000000000000,,gps_back
44.278497132128,127.455140961940,0.000000000000,,gps_back
44.233401353093,127.476717536024,0.000000000000,,gps_back
44.188214203685,127.498101669071,0.000000000000,,gps_back
44.141917342568,127.516803570056,0.000000000000,,gps_back
44.094987941876,127.534024663023,0.000000000000,,gps_back
44.049086321556,127.553729177904,0.000000000000,,gps_back
44.003884398531,127.575082541322,0.000000000000,,gps_back
43.958735133443,127.596546868136,0.000000000000,,gps_back
43.913246792517,127.617268021415,0.000000000000,,gps_back
43.866713747823,127.635449986495,0.000000000000,,gps_back
43.819591874532,127.652144593026,0.000000000000,,gps_back
43.772470001242,127.668839199556,0.000000000000,,gps_back
43.725570528232,127.686139306578,0.000000000000,,gps_back
43.679007182160,127.704329414706,0.000000000000,,gps_back
43.631949726344,127.721126792469,0.000000000000,,gps_back
43.584335807716,127.736360185123,0.000000000000,,gps_back
43.537877356713,127.754576354805,0.000000000000,,gps_back
43.492589293042,127.775741473781,0.000000000000,,gps_back
43.446431747465,127.794793350689,0.000000000000,,gps_back
43.399374319288,127.811667384026,0.000000000000,,gps_back
43.352252445997,127.828361990556,0.000000000000,,gps_back
43.305336673965,127.845619122259,0.000000000000,,gps_back
43.259499952621,127.865465931697,0.000000000000,,gps_back
43.214070832122,127.886321094019,0.000000000000,,gps_back
43.167584896520,127.904609922374,0.000000000000,,gps_back
43.120463023230,127.921304528907,0.000000000000,,gps_back
43.073341149944,127.937999135449,0.000000000000,,gps_back
43.026072520504,127.954268688883,0.000000000000,,gps_back
42.978569763314,127.969842873964,0.000000000000,,gps_back
42.931107272056,127.985538381777,0.000000000000,,gps_back
42.883881661319,128.001933354282,0.000000000000,,gps_back
42.836555436981,128.018029737033,0.000000000000,,gps_back
42.788967283273,128.033341946746,0.000000000000,,gps_back
42.741489487060,128.048986315310,0.000000000000,,gps_back
42.694276701784,128.065419111367,0.000000000000,,gps_back
42.646946857522,128.081504443114,0.000000000000,,gps_back
42.599395531527,128.096932523558,0.000000000000,,gps_back
42.551799337599,128.112222492595,0.000000000000,,gps_back
42.504203143668,128.127512461625,0.000000000000,,gps_back
42.456616316814,128.142831534530,0.000000000000,,gps_back
42.409040514914,128.158184833718,0.000000000000,,gps_back
42.361430224966,128.173430461589,0.000000000000,,gps_back
42.313774848008,128.188534892601,0.000000000000,,gps_back
42.266134306608,128.203685907742,0.000000000000,,gps_back
42.218528016458,128.218944367773,0.000000000000,,gps_back
42.170940281675,128.234260624350,0.000000000000,,gps_back
42.123363763352,128.249611701411,0.000000000000,,gps_back
42.075782561552,128.264948242236,0.000000000000,,gps_back
42.028190098113,128.280249813041,0.000000000000,,gps_back
41.980569622676,128.295463820318,0.000000000000,,gps_back
41.932914333135,128.310568526837,0.000000000000,,gps_back
41.884799213624,128.324057103620,0.000000000000,,gps_back
41.836065221852,128.335153078774,0.000000000000,,gps_back
41.787557046799,128.347129296532,0.000000000000,,gps_back
41.739710112079,128.361582761922,0.000000000000,,gps_back
41.692113918151,128.376872730959,0.000000000000,,gps_back
41.644517724220,128.392162699991,0.000000000000,,gps_back
41.596457596901,128.405842633012,0.000000000000,,gps_back
41.547742276372,128.417012025760,0.000000000000,,gps_back
41.499208781725,128.428897029133,0.000000000000,,gps_back
41.451314346916,128.443191796039,0.000000000000,,gps_back
41.403220764615,128.456758212787,0.000000000000,,gps_back
41.354518845380,128.467998587246,0.000000000000,,gps_back
41.306183511714,128.480596689214,0.000000000000,,gps_back
41.258724601286,128.496260426973,0.000000000000,,gps_back
41.211215143466,128.511778519091,0.000000000000,,gps_back
41.163291685402,128.526005748529,0.000000000000,,gps_back
41.114961439637,128.538738126119,0.000000000000,,gps_back
41.066177080706,128.549629774847,0.000000000000,,gps_back
41.017306296475,128.560152991940,0.000000000000,,gps_back
40.968535903697,128.571134650586,0.000000000000,,gps_back
40.920156723476,128.583664290546,0.000000000000,,gps_back
40.872144577668,128.597590648498,0.000000000000,,gps_back
40.823861072351,128.610495812842,0.000000000000,,gps_back
40.775142285795,128.621686459608,0.000000000000,,gps_back
40.726291472994,128.632306201524,0.000000000000,,gps_back
40.677440660194,128.642925943440,0.000000000000,,gps_back
40.628546028592,128.653340381305,0.000000000000,,gps_back
40.579610038537,128.663560408635,0.000000000000,,gps_back
40.530669037725,128.673756450473,0.000000000000,,gps_back
40.481728036915,128.683952492318,0.000000000000,,gps_back
40.433488662780,128.696834214096,0.000000000000,,gps_back
40.385857595829,128.712014658341,0.000000000000,,gps_back
40.337562862928,128.724700815585,0.000000000000,,gps_back
40.288658881662,128.735071066314,0.000000000000,,gps_back
40.239712270731,128.745240112204,0.000000000000,,gps_back
40.190760918081,128.755386338226,0.000000000000,,gps_back
40.141815166474,128.765559517553,0.000000000000,,gps_back
40.092874130275,128.775755389526,0.000000000000,,gps_back
40.043933129461,128.785951431357,0.000000000000,,gps_back
39.994992128648,128.796147473190,0.000000000000,,gps_back
39.946051127837,128.806343515029,0.000000000000,,gps_back
39.897173781604,128.816836874088,0.000000000000,,gps_back
39.848986748674,128.829960146797,0.000000000000,,gps_back
39.801176196488,128.844559389143,0.000000000000,,gps_back
39.752242686029,128.853642650857,0.000000000000,,gps_back
39.702543148361,128.859024482852,0.000000000000,,gps_back
39.653280670321,128.867233193676,0.000000000000,,gps_back
39.604461561285,128.877985521097,0.000000000000,,gps_back
39.556362754945,128.891448234164,0.000000000000,,gps_back
39.508620386911,128.906268877589,0.000000000000,,gps_back
39.460162215222,128.918362038496,0.000000000000,,gps_back
39.411220002026,128.928552257751,0.000000000000,,gps_back
39.362272205491,128.938715605087,0.000000000000,,gps_back
39.313322056440,128.948867634449,0.000000000000,,gps_back
39.264377455894,128.959046363352,0.000000000000,,gps_back
39.215436455081,128.969242405184,0.000000000000,,gps_back
39.166495454270,128.979438447025,0.000000000000,,gps_back
39.117516519421,128.989449222096,0.000000000000,,gps_back
39.068428730520,128.998906092910,0.000000000000,,gps_back
39.019199546006,129.007595513925,0.000000000000,,gps_back
38.969642044151,129.013908558361,0.000000000000,,gps_back
38.919951587409,129.019344517090,0.000000000000,,gps_back
38.870704709435,129.027686518871,0.000000000000,,gps_back
38.821762020320,129.037874450749,0.000000000000,,gps_back
38.772813847591,129.048035990145,0.000000000000,,gps_back
38.723835386425,129.058049802081,0.000000000000,,gps_back
38.674779822004,129.067676110620,0.000000000000,,gps_back
38.625694461021,129.077152546622,0.000000000000,,gps_back
38.576688270021,129.087025747145,0.000000000000,,gps_back
38.527599936113,129.096464548551,0.000000000000,,gps_back
38.478065539259,129.102810144952,0.000000000000,,gps_back
38.428334129631,129.107858990372,0.000000000000,,gps_back
38.379809562386,129.118840969593,0.000000000000,,gps_back
38.332042158790,129.133578133560,0.000000000000,,gps_back
38.283103349142,129.142553087512,0.000000000000,,gps_back
38.233388694146,129.147786916651,0.000000000000,,gps_back
38.184117116503,129.155936867053,0.000000000000,,gps_back
38.135035382598,129.165412566068,0.000000000000,,gps_back
38.085504517688,129.171772338186,0.000000000000,,gps_back
38.035730954854,129.176426924800,0.000000000000,,gps_back
37.986431201441,129.184285166363,0.000000000000,,gps_back
37.937399287016,129.194025735081,0.000000000000,,gps_back
37.887923418380,129.200788429533,0.000000000000,,gps_back
37.838210281269,129.206033663181,0.000000000000,,gps_back
37.788854042272,129.213765896707,0.000000000000,,gps_back
37.739711023219,129.222937418081,0.000000000000,,gps_back
37.690248936239,129.229967070175,0.000000000000,,gps_back
37.640636382912,129.236081718502,0.000000000000,,gps_back
37.591309603304,129.244113930817,0.000000000000,,gps_back
37.542076736608,129.252781678307,0.000000000000,,gps_back
37.492528589330,129.259208108352,0.000000000000,,gps_back
37.442869632818,129.264922839634,0.000000000000,,gps_back
37.393641300721,129.273408062359,0.000000000000,,gps_back
37.344521273190,129.282663768345,0.000000000000,,gps_back
37.294974216249,129.289033667226,0.000000000000,,gps_back
37.245200661554,129.293699937977,0.000000000000,,gps_back
37.195427106861,129.298366208736,0.000000000000,,gps_back
37.145818049596,129.304413522561,0.000000000000,,gps_back
37.096633195495,129.313231462081,0.000000000000,,gps_back
37.047404494513,129.321816835778,0.000000000000,,gps_back
36.997755217190,129.327456488471,0.000000000000,,gps_back
36.948086546752,129.333015783787,0.000000000000,,gps_back
36.898872864890,129.341609819819,0.000000000000,,gps_back
36.849693183827,129.350506878200,0.000000000000,,gps_back
36.800098066031,129.356584556318,0.000000000000,,gps_back
36.750331264132,129.361321880128,0.000000000000,,gps_back
36.700576863499,129.366187706213,0.000000000000,,gps_back
36.651044706999,129.372782890790,0.000000000000,,gps_back
36.601918754679,129.381975259443,0.000000000000,,gps_back
36.552654752405,129.390306778358,0.000000000000,,gps_back
36.502993235478,129.395938134177,0.000000000000,,gps_back
36.453219680784,129.400604404925,0.000000000000,,gps_back
36.403446126089,129.405270675673,0.000000000000,,gps_back
36.353682862795,129.410044485453,0.000000000000,,gps_back
36.303931253832,129.414939094674,0.000000000000,,gps_back
36.254171057080,129.419744573368,0.000000000000,,gps_back
36.204399430052,129.424431303431,0.000000000000,,gps_back
36.154625875358,129.429097574179,0.000000000000,,gps_back
36.104852320663,129.433763844927,0.000000000000,,gps_back
36.055078765969,129.438430115683,0.000000000000,,gps_back
36.005305683824,129.443101422038,0.000000000000,,gps_back
35.955546282841,129.447914690763,0.000000000000,,gps_back
35.905798765532,129.452850804027,0.000000000000,,gps_back
35.856063429657,129.457907231414,0.000000000000,,gps_back
35.806240674783,129.461877967743,0.000000000000,,gps_back
35.756293053422,129.462785828966,0.000000000000,,gps_back
35.706318252840,129.463332140869,0.000000000000,,gps_back
35.656459600922,129.466644412409,0.000000000000,,gps_back
35.606686046228,129.471310683161,0.000000000000,,gps_back
35.556912491534,129.475976953920,0.000000000000,,gps_back
35.507029910918,129.478880334408,0.000000000000,,gps_back
35.457051517945,129.479105521227,0.000000000000,,gps_back
35.407125780004,129.480637389688,0.000000000000,,gps_back
35.357347370972,129.485139428303,0.000000000000,,gps_back
35.307610973455,129.490176170136,0.000000000000,,gps_back
35.257842330993,129.494894440016,0.000000000000,,gps_back
35.208069790629,129.499571502303,0.000000000000,,gps_back
35.158278640602,129.504042720804,0.000000000000,,gps_back
35.108372722464,129.505513636288,0.000000000000,,gps_back
35.058383612234,129.505171775515,0.000000000000,,gps_back
35.008513670466,129.507779968400,0.000000000000,,gps_back
34.958686398579,129.511790018761,0.000000000000,,gps_back
34.908751864774,129.512891390542,0.000000000000,,gps_back
34.858767166765,129.513039663727,0.000000000000,,gps_back
34.808900916040,129.516040539118,0.000000000000,,gps_back
34.759136424383,129.520801739497,0.000000000000,,gps_back
34.709394672580,129.525793690823,0.000000000000,,gps_back
34.659530666510,129.528869412406,0.000000000000,,gps_back
34.609551744277,129.529074111157,0.000000000000,,gps_back
34.559615976094,129.530454693427,0.000000000000,,gps_back
34.509788379331,129.534426089437,0.000000000000,,gps_back
34.459893515291,129.536708998809,0.000000000000,,gps_back
34.409905873677,129.536451654273,0.000000000000,,gps_back
34.360021832925,129.538533078260,0.000000000000,,gps_back
34.310225301993,129.542946714002,0.000000000000,,gps_back
34.260325228806,129.544473831708,0.000000000000,,gps_back
34.210339529472,129.543692364115,0.000000000000,,gps_back
34.160353864561,129.542908699438,0.000000000000,,gps_back
34.110368888255,129.542083056951,0.000000000000,,gps_back
34.060386390474,129.541122633131,0.000000000000,,gps_back
34.010408867609,129.541394181402,0.000000000000,,gps_back
33.960590408912,129.545013116269,0.000000000000,,gps_back
33.910740348200,129.548219594592,0.000000000000,,gps_back
33.860764110142,129.548276335617,0.000000000000,,gps_back
33.810781247304,129.547334782944,0.000000000000,,gps_back
33.760796174998,129.546515123164,0.000000000000,,gps_back
33.710812526620,129.545617433011,0.000000000000,,gps_back
33.660831067983,129.544600647246,0.000000000000,,gps_back
33.610848431098,129.543646211134,0.000000000000,,gps_back
33.560864152873,129.542778759300,0.000000000000,,gps_back
33.510878995174,129.541964067993,0.000000000000,,gps_back
33.460893847085,129.541148546555,0.000000000000,,gps_back
33.410911214455,129.540196066962,0.000000000000,,gps_back
33.360929657060,129.539184101127,0.000000000000,,gps_back
33.310946314686,129.538266315768,0.000000000000,,gps_back
33.260961517260,129.537429436721,0.000000000000,,gps_back
33.210976066377,129.536632438535,0.000000000000,,gps_back
33.161094978928,129.533833588886,0.000000000000,,gps_back
33.111425004735,129.528267670781,0.000000000000,,gps_back
33.061660948487,129.523886145142,0.000000000000,,gps_back
33.011709180037,129.522045038626,0.000000000000,,gps_back
32.961726745095,129.521092871716,0.000000000000,,gps_back
32.911744969300,129.520105619385,0.000000000000,,gps_back
32.862043420699,129.515624054693,0.000000000000,,gps_back
32.812545077853,129.508617894594,0.000000000000,,gps_back
32.763002120242,129.501937450295,0.000000000000,,gps_back
32.713303857089,129.496632037515,0.000000000000,,gps_back
32.663399712845,129.494271870516,0.000000000000,,gps_back
32.613485980126,129.491874999769,0.000000000000,,gps_back
32.563841884347,129.486251717396,0.000000000000,,gps_back
32.514339366186,129.479276241357,0.000000000000,,gps_back
32.464807559059,129.472510398618,0.000000000000,,gps_back
32.415255237191,129.465896695715,0.000000000000,,gps_back
32.365689207547,129.459386021936,0.000000000000,,gps_back
32.316162812272,129.452586077842,0.000000000000,,gps_back
32.266673100083,129.445518631123,0.000000000000,,gps_back
32.217137709859,129.438786160133,0.000000000000,,gps_back
32.167564754936,129.432328376998,0.000000000000,,gps_back
32.117994144483,129.425852636706,0.000000000000,,gps_back
32.068436479473,129.419278993397,0.000000000000,,gps_back
32.018927333509,129.412353660911,0.000000000000,,gps_back
31.969447906013,129.405214544093,0.000000000000,,gps_back
31.919965568264,129.398095627628,0.000000000000,,gps_back
31.870465924373,129.391098787688,0.000000000000,,gps_back
31.820947682412,129.384234163090,0.000000000000,,gps_back
31.771686018448,129.375839563184,0.000000000000,,gps_back
31.722772474733,129.365530694033,0.000000000000,,gps_back
31.673415457207,129.358284111585,0.000000000000,,gps_back
31.623526621300,129.355341030195,0.000000000000,,gps_back
31.574077631878,129.349121829219,0.000000000000,,gps_back
31.524770246173,129.340990908882,0.000000000000,,gps_back
31.475228457221,129.334302154088,0.000000000000,,gps_back
31.426047472640,129.325564861194,0.000000000000,,gps_back
31.376934084265,129.316300494240,0.000000000000,,gps_back
31.327615809182,129.308122712827,0.000000000000,,gps_back
31.278321497022,129.299803711724,0.000000000000,,gps_back
31.228949143529,129.291982268291,0.000000000000,,gps_back
31.179470866726,129.284836256148,0.000000000000,,gps_back
31.129934842717,129.278106654803,0.000000000000,,gps_back
31.080388915109,129.271446462081,0.000000000000,,gps_back
31.030970583501,129.263924219902,0.000000000000,,gps_back
30.981638430284,129.255829808957,0.000000000000,,gps_back
30.932306277066,129.247735398011,0.000000000000,,gps_back
30.882974123848,129.239640987066,0.000000000000,,gps_back
30.833726084771,129.231060825936,0.000000000000,,gps_back
30.784600027336,129.221801239857,0.000000000000,,gps_back
30.735451843243,129.212661532331,0.000000000000,,gps_back
30.685957898891,129.205874955054,0.000000000000,,gps_back
30.636231458088,129.200730840488,0.000000000000,,gps_back
30.586593650281,129.194830936279,0.000000000000,,gps_back
30.537124982239,129.187644166545,0.000000000000,,gps_back
30.487734733210,129.179912146729,0.000000000000,,gps_back
30.438358881841,129.172089143783,0.000000000000,,gps_back
30.389021348289,129.164028969713,0.000000000000,,gps_back
30.339705222261,129.155837477593,0.000000000000,,gps_back
30.290488213763,129.147084908165,0.000000000000,,gps_back
30.241549761012,129.136915010479,0.000000000000,,gps_back
30.192770578398,129.125970963097,0.000000000000,,gps_back
30.143863678116,129.115627158440,0.000000000000,,gps_back
30.094418573118,129.108772268516,0.000000000000,,gps_back
30.044625603386,129.104317945347,0.000000000000,,gps_back
29.994837600418,129.099808714977,0.000000000000,,gps_back
29.945313408285,129.093235108493,0.000000000000,,gps_back
29.895997282256,129.085043616373,0.000000000000,,gps_back
29.846680522634,129.076855940391,0.000000000000,,gps_back
29.797346667189,129.068772432516,0.000000000000,,gps_back
29.747999480040,129.060770185949,0.000000000000,,gps_back
29.698652941280,129.052763942832,0.000000000000,,gps_back
29.649323468882,129.044653728724,0.000000000000,,gps_back
29.600007342853,129.036462236604,0.000000000000,,gps_back
29.550697876090,129.028230833739,0.000000000000,,gps_back
29.501537430783,129.019180233234,0.000000000000,,gps_back
29.452493280751,129.009492499893,0.000000000000,,gps_back
29.403303467741,129.000603878174,0.000000000000,,gps_back
29.353901686534,128.992965561638,0.000000000000,,gps_back
29.304520041546,128.985199118712,0.000000000000,,gps_back
29.292622903875,128.982433026553,0.000000000000,,gps_back
29.342049584374,128.989928630900,0.000000000000,,gps_back
29.391476264872,128.997424235248,0.000000000000,,gps_back
29.440902945371,129.004919839595,0.000000000000,,gps_back
29.490329625869,129.012415443943,0.000000000000,,gps_back
29.539756306368,129.019911048290,0.000000000000,,gps_back
29.589182986866,129.027406652638,0.000000000000,,gps_back
29.638609667365,129.034902256985,0.000000000000,,gps_back
29.688036347863,129.042397861333,0.000000000000,,gps_back
29.737463028362,129.049893465680,0.000000000000,,gps_back
29.786889708860,129.057389070027,0.000000000000,,gps_back
29.836316389359,129.064884674375,0.000000000000,,gps_back
29.885743069857,129.072380278722,0.000000000000,,gps_back
29.935169750356,129.079875883070,0.000000000000,,gps_back
29.984596430854,129.087371487417,0.000000000000,,gps_back
30.034023111353,129.094867091765,0.000000000000,,gps_back
30.083449791851,129.102362696112,0.000000000000,,gps_back
30.132876472350,129.109858300460,0.000000000000,,gps_back
30.182303152848,129.117353904807,0.000000000000,,gps_back
30.231729833347,129.124849509155,0.000000000000,,gps_back
30.281156513845,129.132345113502,0.000000000000,,gps_back
30.330583194344,129.139840717849,0.000000000000,,gps_back
30.380009874842,129.147336322197,0.000000000000,,gps_back
30.429436555341,129.154831926544,0.000000000000,,gps_back
30.478863235839,129.162327530892,0.000000000000,,gps_back
30.528289916338,129.169823135239,0.000000000000,,gps_back
30.577716596836,129.177318739587,0.000000000000,,gps_back
30.627143277335,129.184814343934,0.000000000000,,gps_back
30.676569957833,129.192309948282,0.000000000000,,gps_back
30.725996638332,129.199805552629,0.000000000000,,gps_back
30.775423318830,129.207301156976,0.000000000000,,gps_back
30.824849999329,129.214796761324,0.000000000000,,gps_back
30.874276679827,129.222292365671,0.000000000000,,gps_back
30.923703360326,129.229787970019,0.000000000000,,gps_back
30.973130040824,129.237283574366,0.000000000000,,gps_back
31.022556721323,129.244779178714,0.000000000000,,gps_back
31.071983401821,129.252274783061,0.000000000000,,gps_back
31.121410082320,129.259770387409,0.000000000000,,gps_back
31.170836762818,129.267265991756,0.000000000000,,gps_back
31.220263443317,129.274761596104,0.000000000000,,gps_back
31.269690123815,129.282257200451,0.000000000000,,gps_back
31.319116804313,129.289752804798,0.000000000000,,gps_back
31.368543484812,129.297248409146,0.000000000000,,gps_back
31.417970165310,129.304744013493,0.000000000000,,gps_back
31.467396845809,129.312239617841,0.000000000000,,gps_back
31.516823526307,129.319735222188,0.000000000000,,gps_back
31.566250206806,129.327230826536,0.000000000000,,gps_back
31.615676887304,129.334726430883,0.000000000000,,gps_back
31.665103567803,129.342222035231,0.000000000000,,gps_back
31.714530248301,129.349717639578,0.000000000000,,gps_back
31.763956928800,129.357213243926,0.000000000000,,gps_back
31.813383609298,129.364708848273,0.000000000000,,gps_back
31.862810289797,129.372204452620,0.000000000000,,gps_back
31.912236970295,129.379700056968,0.000000000000,,gps_back
31.961663650794,129.387195661315,0.000000000000,,gps_back
32.011090331292,129.394691265663,0.000000000000,,gps_back
32.060517011791,129.402186870010,0.000000000000,,gps_back
32.109943692289,129.409682474358,0.000000000000,,gps_back
32.159370372788,129.417178078705,0.000000000000,,gps_back
32.208797053286,129.424673683053,0.000000000000,,gps_back
32.258223733785,129.432169287400,0.000000000000,,gps_back
32.307650414283,129.439664891747,0.000000000000,,gps_back
32.357077094782,129.447160496095,0.000000000000,,gps_back
32.406503775280,129.454656100442,0.000000000000,,gps_back
32.455930455779,129.462151704790,0.000000000000,,gps_back
32.505357136277,129.469647309137,0.000000000000,,gps_back
32.554783816776,129.477142913485,0.000000000000,,gps_back
32.604210497274,129.484638517832,0.000000000000,,gps_back
32.653637177773,129.492134122180,0.000000000000,,gps_back
32.703063858271,129.499629726527,0.000000000000,,gps_back
32.752490538770,129.507125330875,0.000000000000,,gps_back
32.801917219268,129.514620935222,0.000000000000,,gps_back
32.851343899767,129.522116539569,0.000000000000,,gps_back
32.900770580265,129.529612143917,0.000000000000,,gps_back
32.950197260764,129.537107748264,0.000000000000,,gps_back
32.999623941262,129.544603352612,0.000000000000,,gps_back
33.049050621761,129.552098956959,0.000000000000,,gps_back
33.098477302259,129.559594561307,0.000000000000,,gps_back
33.147903982758,129.567090165654,0.000000000000,,gps_back
33.197330663256,129.574585770002,0.000000000000,,gps_back
33.246757343755,129.582081374349,0.000000000000,,gps_back
33.296184024253,129.589576978697,0.000000000000,,gps_back
33.345610704751,129.597072583044,0.000000000000,,gps_back
33.395037385250,129.604568187391,0.000000000000,,gps_back
33.444464065748,129.612063791739,0.000000000000,,gps_back
33.493890746247,129.619559396086,0.000000000000,,gps_back
33.543317426745,129.627055000434,0.000000000000,,gps_back
33.592744107244,129.634550604781,0.000000000000,,gps_back
33.642170787742,129.642046209129,0.000000000000,,gps_back
33.691597468241,129.649541813476,0.000000000000,,gps_back
33.741024148739,129.657037417824,0.000000000000,,gps_back
33.790450829238,129.664533022171,0.000000000000,,gps_back
33.839877509736,129.672028626519,0.000000000000,,gps_back
33.889304190235,129.679524230866,0.000000000000,,gps_back
33.938730870733,129.687019835213,0.000000000000,,gps_back
33.988157551232,129.694515439561,0.000000000000,,gps_back
34.037584231730,129.702011043908,0.000000000000,,gps_back
34.087010912229,129.709506648256,0.000000000000,,gps_back
34.136437592727,129.717002252603,0.000000000000,,gps_back
34.185864273226,129.724497856951,0.000000000000,,gps_back
34.235290953724,129.731993461298,0.000000000000,,gps_back
34.284717634223,129.739489065646,0.000000000000,,gps_back
34.334144314721,129.746984669993,0.000000000000,,gps_back
34.383570995220,129.754480274340,0.000000000000,,gps_back
34.432997675718,129.761975878688,0.000000000000,,gps_back
34.482424356217,129.769471483035,0.000000000000,,gps_back
34.531851036715,129.776967087383,0.000000000000,,gps_back
34.581277717214,129.784462691730,0.000000000000,,gps_back
34.630704397712,129.791958296078,0.000000000000,,gps_back
34.680131078211,129.799453900425,0.000000000000,,gps_back
34.729557758709,129.806949504773,0.000000000000,,gps_back
34.778984439208,129.814445109120,0.000000000000,,gps_back
34.828411119706,129.821940713468,0.000000000000,,gps_back
34.877837800205,129.829436317815,0.000000000000,,gps_back
34.927264480703,129.836931922162,0.000000000000,,gps_back
34.976691161202,129.844427526510,0.000000000000,,gps_back
35.026117841700,129.851923130857,0.000000000000,,gps_back
35.075544522199,129.859418735205,0.000000000000,,gps_back
35.124971202697,129.866914339552,0.000000000000,,gps_back
35.174397883196,129.874409943900,0.000000000000,,gps_back
35.223824563694,129.881905548247,0.000000000000,,gps_back
35.273251244193,129.889401152595,0.000000000000,,gps_back
35.322677924691,129.896896756942,0.000000000000,,gps_back
35.372104605189,129.904392361289,0.000000000000,,gps_back
35.421531285688,129.911887965637,0.000000000000,,gps_back
35.470957966186,129.919383569984,0.000000000000,,gps_back
35.520384646685,129.926879174332,0.000000000000,,gps_back
35.569811327183,129.934374778679,0.000000000000,,gps_back
35.619238007682,129.941870383027,0.000000000000,,gps_back
35.668664688180,129.949365987374,0.000000000000,,gps_back
35.718091368679,129.956861591722,0.000000000000,,gps_back
35.767518049177,129.964357196069,0.000000000000,,gps_back
35.816944729676,129.971852800417,0.000000000000,,gps_back
35.866371410174,129.979348404764,0.000000000000,,gps_back
35.915798090673,129.986844009111,0.000000000000,,gps_back
35.965224771171,129.994339613459,0.000000000000,,gps_back
36.014651451670,130.001835217806,0.000000000000,,gps_back
36.064078132168,130.009330822154,0.000000000000,,gps_back
36.113504812667,130.016826426501,0.000000000000,,gps_back
36.162931493165,130.024322030849,0.000000000000,,gps_back
36.212358173664,130.031817635196,0.000000000000,,gps_back
36.261784854162,130.039313239544,0.000000000000,,gps_back
36.311211534661,130.046808843891,0.000000000000,,gps_back
36.360638215159,130.054304448239,0.000000000000,,gps_back
36.410064895658,130.061800052586,0.000000000000,,gps_back
36.459491576156,130.069295656933,0.000000000000,,gps_back
36.508918256655,130.076791261281,0.000000000000,,gps_back
36.558344937153,130.084286865628,0.000000000000,,gps_back
36.607771617652,130.091782469976,0.000000000000,,gps_back
36.657198298150,130.099278074323,0.000000000000,,gps_back
36.706624978649,130.106773678671,0.000000000000,,gps_back
36.756051659147,130.114269283018,0.000000000000,,gps_back
36.805478339646,130.121764887366,0.000000000000,,gps_back
36.854905020144,130.129260491713,0.000000000000,,gps_back
36.904331700643,130.136756096060,0.000000000000,,gps_back
36.953758381141,130.144251700408,0.000000000000,,gps_back
37.003185061640,130.151747304755,0.000000000000,,gps_back
37.052611742138,130.159242909103,0.000000000000,,gps_back
37.102038422637,130.166738513450,0.000000000000,,gps_back
37.151465103135,130.174234117798,0.000000000000,,gps_back
37.200891783634,130.181729722145,0.000000000000,,gps_back
37.250318464132,130.189225326493,0.000000000000,,gps_back
37.299745144630,130.196720930840,0.000000000000,,gps_back
37.349171825129,130.204216535188,0.000000000000,,gps_back
37.398598505627,130.211712139535,0.000000000000,,gps_back
37.448025186126,130.219207743882,0.000000000000,,gps_back
37.497451866624,130.226703348230,0.000000000000,,gps_back
37.546878547123,130.234198952577,0.000000000000,,gps_back
37.596305227621,130.241694556925,0.000000000000,,gps_back
37.645731908120,130.249190161272,0.000000000000,,gps_back
37.695158588618,130.256685765620,0.000000000000,,gps_back
37.744585269117,130.264181369967,0.000000000000,,gps_back
37.794011949615,130.271676974315,0.000000000000,,gps_back
37.843438630114,130.279172578662,0.000000000000,,gps_back
37.892865310612,130.286668183010,0.000000000000,,gps_back
37.942291991111,130.294163787357,0.000000000000,,gps_back
37.991718671609,130.301659391704,0.000000000000,,gps_back
38.041145352108,130.309154996052,0.000000000000,,gps_back
38.090572032606,130.316650600399,0.000000000000,,gps_back
38.139998713105,130.324146204747,0.000000000000,,gps_back
38.189425393603,130.331641809094,0.000000000000,,gps_back
38.238852074102,130.339137413442,0.000000000000,,gps_back
38.288278754600,130.346633017789,0.000000000000,,gps_back
38.337705435099,130.354128622137,0.000000000000,,gps_back
38.387132115597,130.361624226484,0.000000000000,,gps_back
38.436558796096,130.369119830831,0.000000000000,,gps_back
38.485985476594,130.376615435179,0.000000000000,,gps_back
38.535412157093,130.384111039526,0.000000000000,,gps_back
38.584838837591,130.391606643874,0.000000000000,,gps_back
38.634265518090,130.399102248221,0.000000000000,,gps_back
38.683692198588,130.406597852569,0.000000000000,,gps_back
38.733118879087,130.414093456916,0.000000000000,,gps_back
38.782545559585,130.421589061264,0.000000000000,,gps_back
38.831972240084,130.429084665611,0.000000000000,,gps_back
38.881398920582,130.436580269959,0.000000000000,,gps_back
38.930825601081,130.444075874306,0.000000000000,,gps_back
38.980252281579,130.451571478653,0.000000000000,,gps_back
39.029678962078,130.459067083001,0.000000000000,,gps_back
39.079105642576,130.466562687348,0.000000000000,,gps_back
39.128532323075,130.474058291696,0.000000000000,,gps_back
39.177959003573,130.481553896043,0.000000000000,,gps_back
39.227385684072,130.489049500391,0.000000000000,,gps_back
39.276812364570,130.496545104738,0.000000000000,,gps_back
39.326239045068,130.504040709086,0.000000000000,,gps_back
39.375665725567,130.511536313433,0.000000000000,,gps_back
39.425092406065,130.519031917781,0.000000000000,,gps_back
39.474519086564,130.526527522128,0.000000000000,,gps_back
39.523945767062,130.534023126475,0.000000000000,,gps_back
39.573372447561,130.541518730823,0.000000000000,,gps_back
39.622799128059,130.549014335170,0.000000000000,,gps_back
39.672225808558,130.556509939518,0.000000000000,,gps_back
39.721652489056,130.564005543865,0.000000000000,,gps_back
39.771079169555,130.571501148213,0.000000000000,,gps_back
39.820505850053,130.578996752560,0.000000000000,,gps_back
39.869932530552,130.586492356908,0.000000000000,,gps_back
39.919359211050,130.593987961255,0.000000000000,,gps_back
39.968785891549,130.601483565603,0.000000000000,,gps_back
40.018212572047,130.608979169950,0.000000000000,,gps_back
40.067639252546,130.616474774297,0.000000000000,,gps_back
40.117065933044,130.623970378645,0.000000000000,,gps_back
40.166492613543,130.631465982992,0.000000000000,,gps_back
40.215919294041,130.638961587340,0.000000000000,,gps_back
40.265345974540,130.646457191687,0.000000000000,,gps_back
40.314772655038,130.653952796035,0.000000000000,,gps_back
40.364199335537,130.661448400382,0.000000000000,,gps_back
40.413626016035,130.668944004730,0.000000000000,,gps_back
40.463052696534,130.676439609077,0.000000000000,,gps_back
40.512479377032,130.683935213424,0.000000000000,,gps_back
40.561906057531,130.691430817772,0.000000000000,,gps_back
40.611332738029,130.698926422119,0.000000000000,,gps_back
40.660759418528,130.706422026467,0.000000000000,,gps_back
40.710186099026,130.713917630814,0.000000000000,,gps_back
40.759612779525,130.721413235162,0.000000000000,,gps_back
40.809039460023,130.728908839509,0.000000000000,,gps_back
40.858466140522,130.736404443857,0.000000000000,,gps_back
40.907892821020,130.743900048204,0.000000000000,,gps_back
40.957319501519,130.751395652552,0.000000000000,,gps_back
41.006746182017,130.758891256899,0.000000000000,,gps_back
41.056172862516,130.766386861246,0.000000000000,,gps_back
41.105599543014,130.773882465594,0.000000000000,,gps_back
41.155026223513,130.781378069941,0.000000000000,,gps_back
41.204452904011,130.788873674289,0.000000000000,,gps_back
41.253879584510,130.796369278636,0.000000000000,,gps_back
41.303306265008,130.803864882984,0.000000000000,,gps_back
41.352732945506,130.811360487331,0.000000000000,,gps_back
41.402159626005,130.818856091679,0.000000000000,,gps_back
41.451586306503,130.826351696026,0.000000000000,,gps_back
41.501012987002,130.833847300373,0.000000000000,,gps_back
41.550439667500,130.841342904721,0.000000000000,,gps_back
41.599866347999,130.848838509068,0.000000000000,,gps_back
41.649293028497,130.856334113416,0.000000000000,,gps_back
41.698719708996,130.863829717763,0.000000000000,,gps_back
41.748146389494,130.871325322111,0.000000000000,,gps_back
41.797573069993,130.878820926458,0.000000000000,,gps_back
41.846999750491,130.886316530806,0.000000000000,,gps_back
41.896426430990,130.893812135153,0.000000000000,,gps_back
41.945853111488,130.901307739501,0.000000000000,,gps_back
41.995279791987,130.908803343848,0.000000000000,,gps_back
42.044706472485,130.916298948195,0.000000000000,,gps_back
42.094133152984,130.923794552543,0.000000000000,,gps_back
42.143559833482,130.931290156890,0.000000000000,,gps_back
42.192986513981,130.938785761238,0.000000000000,,gps_back
42.242413194479,130.946281365585,0.000000000000,,gps_back
42.291839874978,130.953776969933,0.000000000000,,gps_back
42.341266555476,130.961272574280,0.000000000000,,gps_back
42.390693235975,130.968768178628,0.000000000000,,gps_back
42.440119916473,130.976263782975,0.000000000000,,gps_back
42.489546596972,130.983759387323,0.000000000000,,gps_back
42.538973277470,130.991254991670,0.000000000000,,gps_back
42.588399957969,130.998750596017,0.000000000000,,gps_back
42.637826638467,131.006246200365,0.000000000000,,gps_back
42.687253318966,131.013741804712,0.000000000000,,gps_back
42.736679999464,131.021237409060,0.000000000000,,gps_back
42.786106679963,131.028733013407,0.000000000000,,gps_back
42.835533360461,131.036228617755,0.000000000000,,gps_back
42.884960040960,131.043724222102,0.000000000000,,gps_back
42.934386721458,131.051219826450,0.000000000000,,gps_back
42.983813401957,131.058715430797,0.000000000000,,gps_back
43.033240082455,131.066211035144,0.000000000000,,gps_back
43.082666762954,131.073706639492,0.000000000000,,gps_back
43.132093443452,131.081202243839,0.000000000000,,gps_back
43.181520123951,131.088697848187,0.000000000000,,gps_back
43.230946804449,131.096193452534,0.000000000000,,gps_back
43.280373484948,131.103689056882,0.000000000000,,gps_back
43.329800165446,131.111184661229,0.000000000000,,gps_back
43.379226845944,131.118680265577,0.000000000000,,gps_back
43.428653526443,131.126175869924,0.000000000000,,gps_back
43.478080206941,131.133671474272,0.000000000000,,gps_back
43.527506887440,131.141167078619,0.000000000000,,gps_back
43.576933567938,131.148662682966,0.000000000000,,gps_back
43.626360248437,131.156158287314,0.000000000000,,gps_back
43.675786928935,131.163653891661,0.000000000000,,gps_back
43.725213609434,131.171149496009,0.000000000000,,gps_back
43.774640289932,131.178645100356,0.000000000000,,gps_back
43.824066970431,131.186140704704,0.000000000000,,gps_back
43.873493650929,131.193636309051,0.000000000000,,gps_back
43.922920331428,131.201131913399,0.000000000000,,gps_back
43.972347011926,131.208627517746,0.000000000000,,gps_back
44.021773692425,131.216123122094,0.000000000000,,gps_back
44.071200372923,131.223618726441,0.000000000000,,gps_back
44.120627053422,131.231114330788,0.000000000000,,gps_back
44.170053733920,131.238609935136,0.000000000000,,gps_back
44.219480414419,131.246105539483,0.000000000000,,gps_back
44.268907094917,131.253601143831,0.000000000000,,gps_back
44.318333775416,131.261096748178,0.000000000000,,gps_back
44.367760455914,131.268592352526,0.000000000000,,gps_back
44.417187136413,131.276087956873,0.000000000000,,gps_back
44.466613816911,131.283583561221,0.000000000000,,gps_back
44.516040497410,131.291079165568,0.000000000000,,gps_back
44.565467177908,131.298574769915,0.000000000000,,gps_back
44.614893858407,131.306070374263,0.000000000000,,gps_back
44.664320538905,131.313565978610,0.000000000000,,gps_back
44.713747219404,131.321061582958,0.000000000000,,gps_back
44.763173899902,131.328557187305,0.000000000000,,gps_back
44.812600580401,131.336052791653,0.000000000000,,gps_back
44.862027260899,131.343548396000,0.000000000000,,gps_back
44.911453941398,131.351044000348,0.000000000000,,gps_back
44.960880621896,131.358539604695,0.000000000000,,gps_back
45.010307302395,131.366035209043,0.000000000000,,gps_back
45.059733982893,131.373530813390,0.000000000000,,gps_back
45.109160663392,131.381026417737,0.000000000000,,gps_back
45.158587343890,131.388522022085,0.000000000000,,gps_back
45.208014024389,131.396017626432,0.000000000000,,gps_back
45.257440704887,131.403513230780,0.000000000000,,gps_back
45.306867385386,131.411008835127,0.000000000000,,gps_back
45.356294065884,131.418504439475,0.000000000000,,gps_back
45.405720746382,131.426000043822,0.000000000000,,gps_back
45.455147426881,131.433495648170,0.000000000000,,gps_back
45.504574107379,131.440991252517,0.000000000000,,gps_back
45.554000787878,131.448486856865,0.000000000000,,gps_back
45.603427468376,131.455982461212,0.000000000000,,gps_back
45.652854148875,131.463478065559,0.000000000000,,gps_back
45.702280829373,131.470973669907,0.000000000000,,gps_back
45.751707509872,131.478469274254,0.000000000000,,gps_back
45.801134190370,131.485964878602,0.000000000000,,gps_back
45.850560870869,131.493460482949,0.000000000000,,gps_back
45.899987551367,131.500956087297,0.000000000000,,gps_back
45.949414231866,131.508451691644,0.000000000000,,gps_back
45.998840912364,131.515947295992,0.000000000000,,gps_back
46.048267592863,131.523442900339,0.000000000000,,gps_back
46.097694273361,131.530938504687,0.000000000000,,gps_back
46.147120953860,131.538434109034,0.000000000000,,gps_back
46.196547634358,131.545929713381,0.000000000000,,gps_back
46.245974314857,131.553425317729,0.000000000000,,gps_back
46.295400995355,131.560920922076,0.000000000000,,gps_back
46.344827675854,131.568416526424,0.000000000000,,gps_back
46.394254356352,131.575912130771,0.000000000000,,gps_back
46.443681036851,131.583407735119,0.000000000000,,gps_back
46.493107717349,131.590903339466,0.000000000000,,gps_back
46.542534397848,131.598398943814,0.000000000000,,gps_back
46.591961078346,131.605894548161,0.000000000000,,gps_back
46.641387758845,131.613390152508,0.000000000000,,gps_back
46.690814439343,131.620885756856,0.000000000000,,gps_back
46.740241119842,131.628381361203,0.000000000000,,gps_back
46.789667800340,131.635876965551,0.000000000000,,gps_back
46.839094480839,131.643372569898,0.000000000000,,gps_back
46.888521161337,131.650868174246,0.000000000000,,gps_back
46.937947841836,131.658363778593,0.000000000000,,gps_back
46.987374522334,131.665859382941,0.000000000000,,gps_back
47.036801202833,131.673354987288,0.000000000000,,gps_back
47.086227883331,131.680850591636,0.000000000000,,gps_back
47.135654563830,131.688346195983,0.000000000000,,gps_back
47.185081244328,131.695841800330,0.000000000000,,gps_back
47.234507924827,131.703337404678,0.000000000000,,gps_back
47.283934605325,131.710833009025,0.000000000000,,gps_back
47.333361285823,131.718328613373,0.000000000000,,gps_back
47.382787966322,131.725824217720,0.000000000000,,gps_back
47.432214646820,131.733319822068,0.000000000000,,gps_back
47.481641327319,131.740815426415,0.000000000000,,gps_back
47.531068007817,131.748311030763,0.000000000000,,gps_back
47.580494688316,131.755806635110,0.000000000000,,gps_back
47.629921368814,131.763302239458,0.000000000000,,gps_back
47.679348049313,131.770797843805,0.000000000000,,gps_back
47.728774729811,131.778293448152,0.000000000000,,gps_back
47.778201410310,131.785789052500,0.000000000000,,gps_back
47.827628090808,131.793284656847,0.000000000000,,gps_back
47.877054771307,131.800780261195,0.000000000000,,gps_back
47.926481451805,131.808275865542,0.000000000000,,gps_back
47.975908132304,131.815771469890,0.000000000000,,gps_back
48.025334812802,131.823267074237,0.000000000000,,gps_back
48.074761493301,131.830762678585,0.000000000000,,gps_back
48.124188173799,131.838258282932,0.000000000000,,gps_back
48.173614854298,131.845753887279,0.000000000000,,gps_back
48.223041534796,131.853249491627,0.000000000000,,gps_back
48.272468215295,131.860745095974,0.000000000000,,gps_back
48.321894895793,131.868240700322,0.000000000000,,gps_back
48.371321576292,131.875736304669,0.000000000000,,gps_back
48.420748256790,131.883231909017,0.000000000000,,gps_back
48.470174937289,131.890727513364,0.000000000000,,gps_back
48.519601617787,131.898223117712,0.000000000000,,gps_back
48.569028298286,131.905718722059,0.000000000000,,gps_back
48.618454978784,131.913214326407,0.000000000000,,gps_back
48.667881659283,131.920709930754,0.000000000000,,gps_back
48.717308339781,131.928205535101,0.000000000000,,gps_back
48.766735020280,131.935701139449,0.000000000000,,gps_back
48.816161700778,131.943196743796,0.000000000000,,gps_back
48.865588381277,131.950692348144,0.000000000000,,gps_back
48.915015061775,131.958187952491,0.000000000000,,gps_back
48.964441742274,131.965683556839,0.000000000000,,gps_back
49.013868422772,131.973179161186,0.000000000000,,gps_back
49.063295103271,131.980674765534,0.000000000000,,gps_back
49.112721783769,131.988170369881,0.000000000000,,gps_back
49.162148464268,131.995665974229,0.000000000000,,gps_back
49.211575144766,132.003161578576,0.000000000000,,gps_back
49.261001825265,132.010657182923,0.000000000000,,gps_back
49.310428505763,132.018152787271,0.000000000000,,gps_back
49.359855186262,132.025648391618,0.000000000000,,gps_back
49.409281866760,132.033143995966,0.000000000000,,gps_back
49.458708547258,132.040639600313,0.000000000000,,gps_back
49.508135227757,132.048135204661,0.000000000000,,gps_back
49.557561908255,132.055630809008,0.000000000000,,gps_back
49.606988588754,132.063126413356,0.000000000000,,gps_back
49.656415269252,132.070622017703,0.000000000000,,gps_back
49.705841949751,132.078117622050,0.000000000000,,gps_back
49.755268630249,132.085613226398,0.000000000000,,gps_back
49.804695310748,132.093108830745,0.000000000000,,gps_back
49.854121991246,132.100604435093,0.000000000000,,gps_back
49.903548671745,132.108100039440,0.000000000000,,gps_back
49.952975352243,132.115595643788,0.000000000000,,gps_back
50.002402032742,132.123091248135,0.000000000000,,gps_back
50.051828713240,132.130586852483,0.000000000000,,gps_back
50.101255393739,132.138082456830,0.000000000000,,gps_back
50.150682074237,132.145578061178,0.000000000000,,gps_back
50.200108754736,132.153073665525,0.000000000000,,gps_back
50.249535435234,132.160569269872,0.000000000000,,gps_back
50.298962115733,132.168064874220,0.000000000000,,gps_back
50.348388796231,132.175560478567,0.000000000000,,gps_back
50.397815476730,132.183056082915,0.000000000000,,gps_back
50.447242157228,132.190551687262,0.000000000000,,gps_back
50.496668837727,132.198047291610,0.000000000000,,gps_back
50.546095518225,132.205542895957,0.000000000000,,gps_back
50.595522198724,132.213038500305,0.000000000000,,gps_back
50.644948879222,132.220534104652,0.000000000000,,gps_back
50.694375559721,132.228029708999,0.000000000000,,gps_back
50.743802240219,132.235525313347,0.000000000000,,gps_back
50.793228920718,132.243020917694,0.000000000000,,gps_back
50.842655601216,132.250516522042,0.000000000000,,gps_back
50.892082281715,132.258012126389,0.000000000000,,gps_back
50.941508962213,132.265507730737,0.000000000000,,gps_back
50.990935642712,132.273003335084,0.000000000000,,gps_back
51.040362323210,132.280498939432,0.000000000000,,gps_back
51.089789003709,132.287994543779,0.000000000000,,gps_back
51.139215684207,132.295490148127,0.000000000000,,gps_back
51.188642364706,132.302985752474,0.000000000000,,gps_back
51.238069045204,132.310481356821,0.000000000000,,gps_back
51.287495725703,132.317976961169,0.000000000000,,gps_back
51.336922406201,132.325472565516,0.000000000000,,gps_back
51.386349086700,132.332968169864,0.000000000000,,gps_back
51.435775767198,132.340463774211,0.000000000000,,gps_back
51.485202447696,132.347959378559,0.000000000000,,gps_back
51.534629128195,132.355454982906,0.000000000000,,gps_back
51.584055808693,132.362950587254,0.000000000000,,gps_back
51.633482489192,132.370446191601,0.000000000000,,gps_back
51.682909169690,132.377941795949,0.000000000000,,gps_back
51.732335850189,132.385437400296,0.000000000000,,gps_back
51.781762530687,132.392933004643,0.000000000000,,gps_back
51.831189211186,132.400428608991,0.000000000000,,gps_back
51.880615891684,132.407924213338,0.000000000000,,gps_back
51.930042572183,132.415419817686,0.000000000000,,gps_back
51.979469252681,132.422915422033,0.000000000000,,gps_back
52.028895933180,132.430411026381,0.000000000000,,gps_back
52.078322613678,132.437906630728,0.000000000000,,gps_back
52.127749294177,132.445402235076,0.000000000000,,gps_back
52.177175974675,132.452897839423,0.000000000000,,gps_back
52.226602655174,132.460393443770,0.000000000000,,gps_back
52.276029335672,132.467889048118,0.000000000000,,gps_back
52.325456016171,132.475384652465,0.000000000000,,gps_back
52.374882696669,132.482880256813,0.000000000000,,gps_back
52.424309377168,132.490375861160,0.000000000000,,gps_back
52.473736057666,132.497871465508,0.000000000000,,gps_back
52.523162738165,132.505367069855,0.000000000000,,gps_back
52.572589418663,132.512862674203,0.000000000000,,gps_back
52.622016099162,132.520358278550,0.000000000000,,gps_back
52.671442779660,132.527853882898,0.000000000000,,gps_back
52.720869460159,132.535349487245,0.000000000000,,gps_back
52.770296140657,132.542845091592,0.000000000000,,gps_back
52.819722821156,132.550340695940,0.000000000000,,gps_back
52.869149501654,132.557836300287,0.000000000000,,gps_back
52.918576182153,132.565331904635,0.000000000000,,gps_back
52.968002862651,132.572827508982,0.000000000000,,gps_back
53.017429543150,132.580323113330,0.000000000000,,gps_back
53.066856223648,132.587818717677,0.000000000000,,gps_back
53.116282904147,132.595314322025,0.000000000000,,gps_back
53.165709584645,132.602809926372,0.000000000000,,gps_back
53.215136265144,132.610305530720,0.000000000000,,gps_back
53.264562945642,132.617801135067,0.000000000000,,gps_back
53.313989626141,132.625296739414,0.000000000000,,gps_back
53.363416306639,132.632792343762,0.000000000000,,gps_back
53.412842987138,132.640287948109,0.000000000000,,gps_back
53.462269667636,132.647783552457,0.000000000000,,gps_back
53.511696348134,132.655279156804,0.000000000000,,gps_back
53.561123028633,132.662774761152,0.000000000000,,gps_back
53.610549709131,132.670270365499,0.000000000000,,gps_back
53.659976389630,132.677765969847,0.000000000000,,gps_back
53.709403070128,132.685261574194,0.000000000000,,gps_back
53.758829750627,132.692757178542,0.000000000000,,gps_back
53.808256431125,132.700252782889,0.000000000000,,gps_back
53.857683111624,132.707748387236,0.000000000000,,gps_back
53.907109792122,132.715243991584,0.000000000000,,gps_back
53.956536472621,132.722739595931,0.000000000000,,gps_back
54.005963153119,132.730235200279,0.000000000000,,gps_back
54.055389833618,132.737730804626,0.000000000000,,gps_back
54.104816514116,132.745226408974,0.000000000000,,gps_back
54.154243194615,132.752722013321,0.000000000000,,gps_back
54.203669875113,132.760217617669,0.000000000000,,gps_back
54.253096555612,132.767713222016,0.000000000000,,gps_back
54.302523236110,132.775208826363,0.000000000000,,gps_back
54.351949916609,132.782704430711,0.000000000000,,gps_back
54.401376597107,132.790200035058,0.000000000000,,gps_back
54.450803277606,132.797695639406,0.000000000000,,gps_back
54.500229958104,132.805191243753,0.000000000000,,gps_back
54.549656638603,132.812686848101,0.000000000000,,gps_back
54.599083319101,132.820182452448,0.000000000000,,gps_back
54.648509999600,132.827678056796,0.000000000000,,gps_back
54.697936680098,132.835173661143,0.000000000000,,gps_back
54.747363360597,132.842669265491,0.000000000000,,gps_back
54.796790041095,132.850164869838,0.000000000000,,gps_back
54.846216721594,132.857660474185,0.000000000000,,gps_back
54.895643402092,132.865156078533,0.000000000000,,gps_back
54.945070082591,132.872651682880,0.000000000000,,gps_back
54.994496763089,132.880147287228,0.000000000000,,gps_back
55.043923443588,132.887642891575,0.000000000000,,gps_back
55.093350124086,132.895138495923,0.000000000000,,gps_back
55.142776804585,132.902634100270,0.000000000000,,gps_back
55.192203485083,132.910129704618,0.000000000000,,gps_back
55.241630165582,132.917625308965,0.000000000000,,gps_back
55.291056846080,132.925120913312,0.000000000000,,gps_back
55.340483526579,132.932616517660,0.000000000000,,gps_back
55.389910207077,132.940112122007,0.000000000000,,gps_back
55.439336887576,132.947607726355,0.000000000000,,gps_back
55.488763568074,132.955103330702,0.000000000000,,gps_back
55.538190248572,132.962598935050,0.000000000000,,gps_back
55.587616929071,132.970094539397,0.000000000000,,gps_back
55.637043609569,132.977590143745,0.000000000000,,gps_back
55.686470290068,132.985085748092,0.000000000000,,gps_back
55.735896970566,132.992581352440,0.000000000000,,gps_back
55.785323651065,133.000076956787,0.000000000000,,gps_back
55.834750331563,133.007572561134,0.000000000000,,gps_back
55.884177012062,133.015068165482,0.000000000000,,gps_back
55.933603692560,133.022563769829,0.000000000000,,gps_back
55.983030373059,133.030059374177,0.000000000000,,gps_back
56.032457053557,133.037554978524,0.000000000000,,gps_back
56.081883734056,133.045050582872,0.000000000000,,gps_back
56.131310414554,133.052546187219,0.000000000000,,gps_back
56.180737095053,133.060041791567,0.000000000000,,gps_back
56.230163775551,133.067537395914,0.000000000000,,gps_back
56.279590456050,133.075033000262,0.000000000000,,gps_back
56.329017136548,133.082528604609,0.000000000000,,gps_back
56.378443817047,133.090024208956,0.000000000000,,gps_back
56.427870497545,133.097519813304,0.000000000000,,gps_back
56.477297178044,133.105015417651,0.000000000000,,gps_back
56.526723858542,133.112511021999,0.000000000000,,gps_back
56.576150539041,133.120006626346,0.000000000000,,gps_back
56.625577219539,133.127502230694,0.000000000000,,gps_back
56.675003900038,133.134997835041,0.000000000000,,gps_back
56.724430580536,133.142493439389,0.000000000000,,gps_back
56.773857261035,133.149989043736,0.000000000000,,gps_back
56.823283941533,133.157484648084,0.000000000000,,gps_back
56.872710622032,133.164980252431,0.000000000000,,gps_back
56.922137302530,133.172475856778,0.000000000000,,gps_back
56.971563983029,133.179971461126,0.000000000000,,gps_back
57.020990663527,133.187467065473,0.000000000000,,gps_back
57.070417344026,133.194962669821,0.000000000000,,gps_back
57.119844024524,133.202458274168,0.000000000000,,gps_back
57.169270705023,133.209953878516,0.000000000000,,gps_back
57.218697385521,133.217449482863,0.000000000000,,gps_back
57.268124066020,133.224945087211,0.000000000000,,gps_back
57.317550746518,133.232440691558,0.000000000000,,gps_back
57.366977427017,133.239936295905,0.000000000000,,gps_back
57.416404107515,133.247431900253,0.000000000000,,gps_back
57.465830788014,133.254927504600,0.000000000000,,gps_back
57.515257468512,133.262423108948,0.000000000000,,gps_back
57.564684149010,133.269918713295,0.000000000000,,gps_back
57.614110829509,133.277414317643,0.000000000000,,gps_back
57.663537510007,133.284909921990,0.000000000000,,gps_back
57.712964190506,133.292405526338,0.000000000000,,gps_back
57.762390871004,133.299901130685,0.000000000000,,gps_back
57.811817551503,133.307396735033,0.000000000000,,gps_back
57.861244232001,133.314892339380,0.000000000000,,gps_back
57.910670912500,133.322387943727,0.000000000000,,gps_back
57.960097592998,133.329883548075,0.000000000000,,gps_back
58.009524273497,133.337379152422,0.000000000000,,gps_back
58.058950953995,133.344874756770,0.000000000000,,gps_back
58.108377634494,133.352370361117,0.000000000000,,gps_back
58.157804314992,133.359865965465,0.000000000000,,gps_back
58.207230995491,133.367361569812,0.000000000000,,gps_back
58.256657675989,133.374857174160,0.000000000000,,gps_back
58.306084356488,133.382352778507,0.000000000000,,gps_back
58.355511036986,133.389848382854,0.000000000000,,gps_back
58.404937717485,133.397343987202,0.000000000000,,gps_back
58.454364397983,133.404839591549,0.000000000000,,gps_back
58.503791078482,133.412335195897,0.000000000000,,gps_back
58.553217758980,133.419830800244,0.000000000000,,gps_back
58.602644439479,133.427326404592,0.000000000000,,gps_back
58.652071119977,133.434822008939,0.000000000000,,gps_back
58.701497800476,133.442317613287,0.000000000000,,gps_back
58.750924480974,133.449813217634,0.000000000000,,gps_back
58.800351161473,133.457308821982,0.000000000000,,gps_back
58.849777841971,133.464804426329,0.000000000000,,gps_back
58.899204522470,133.472300030676,0.000000000000,,gps_back
58.948631202968,133.479795635024,0.000000000000,,gps_back
58.998057883467,133.487291239371,0.000000000000,,gps_back
59.047484563965,133.494786843719,0.000000000000,,gps_back
59.096911244464,133.502282448066,0.000000000000,,gps_back
59.146337924962,133.509778052414,0.000000000000,,gps_back
59.195764605461,133.517273656761,0.000000000000,,gps_back
59.245191285959,133.524769261109,0.000000000000,,gps_back
59.294617966458,133.532264865456,0.000000000000,,gps_back
59.344044646956,133.539760469804,0.000000000000,,gps_back
59.393471327455,133.547256074151,0.000000000000,,gps_back
59.442898007953,133.554751678498,0.000000000000,,gps_back
59.492324688452,133.562247282846,0.000000000000,,gps_back
59.541751368950,133.569742887193,0.000000000000,,gps_back
59.591178049449,133.577238491541,0.000000000000,,gps_back
59.640604729947,133.584734095888,0.000000000000,,gps_back
59.690031410445,133.592229700236,0.000000000000,,gps_back
59.739458090944,133.599725304583,0.000000000000,,gps_back
59.788884771442,133.607220908931,0.000000000000,,gps_back
59.838311451941,133.614716513278,0.000000000000,,gps_back
59.887738132439,133.622212117626,0.000000000000,,gps_back
59.937164812938,133.629707721973,0.000000000000,,gps_back
59.986591493436,133.637203326320,0.000000000000,,gps_back
60.036018173935,133.644698930668,0.000000000000,,gps_back
60.085444854433,133.652194535015,0.000000000000,,gps_back
60.134871534932,133.659690139363,0.000000000000,,gps_back
60.184298215430,133.667185743710,0.000000000000,,gps_back
60.233724895929,133.674681348058,0.000000000000,,gps_back
60.283151576427,133.682176952405,0.000000000000,,gps_back
60.332578256926,133.689672556753,0.000000000000,,gps_back
60.382004937424,133.697168161100,0.000000000000,,gps_back
60.431431617923,133.704663765447,0.000000000000,,gps_back
60.480858298421,133.712159369795,0.000000000000,,gps_back
60.530284978920,133.719654974142,0.000000000000,,gps_back
60.579711659418,133.727150578490,0.000000000000,,gps_back
60.629138339917,133.734646182837,0.000000000000,,gps_back
60.678565020415,133.742141787185,0.000000000000,,gps_back
60.727991700914,133.749637391532,0.000000000000,,gps_back
60.777418381412,133.757132995880,0.000000000000,,gps_back
60.826845061911,133.764628600227,0.000000000000,,gps_back
60.876271742409,133.772124204575,0.000000000000,,gps_back
60.925698422908,133.779619808922,0.000000000000,,gps_back
60.975125103406,133.787115413269,0.000000000000,,gps_back
61.024551783905,133.794611017617,0.000000000000,,gps_back
61.073978464403,133.802106621964,0.000000000000,,gps_back
61.123405144902,133.809602226312,0.000000000000,,gps_back
61.172831825400,133.817097830659,0.000000000000,,gps_back
61.222258505899,133.824593435007,0.000000000000,,gps_back
61.271685186397,133.832089039354,0.000000000000,,gps_back
61.321111866896,133.839584643702,0.000000000000,,gps_back
61.370538547394,133.847080248049,0.000000000000,,gps_back
61.419965227893,133.854575852396,0.000000000000,,gps_back
61.469391908391,133.862071456744,0.000000000000,,gps_back
61.518818588890,133.869567061091,0.000000000000,,gps_back
61.568245269388,133.877062665439,0.000000000000,,gps_back
61.617671949887,133.884558269786,0.000000000000,,gps_back
61.667098630385,133.892053874134,0.000000000000,,gps_back
61.716525310883,133.899549478481,0.000000000000,,gps_back
61.765951991382,133.907045082829,0.000000000000,,gps_back
61.815378671880,133.914540687176,0.000000000000,,gps_back
61.864805352379,133.922036291524,0.000000000000,,gps_back
61.914232032877,133.929531895871,0.000000000000,,gps_back
61.963658713376,133.937027500218,0.000000000000,,gps_back
62.013085393874,133.944523104566,0.000000000000,,gps_back
62.062512074373,133.952018708913,0.000000000000,,gps_back
62.111938754871,133.959514313261,0.000000000000,,gps_back
62.161365435370,133.967009917608,0.000000000000,,gps_back
62.210792115868,133.974505521956,0.000000000000,,gps_back
62.260218796367,133.982001126303,0.000000000000,,gps_back
62.309645476865,133.989496730651,0.000000000000,,gps_back
62.359072157364,133.996992334998,0.000000000000,,gps_back
62.408498837862,134.004487939346,0.000000000000,,gps_back
62.457925518361,134.011983543693,0.000000000000,,gps_back
62.507352198859,134.019479148040,0.000000000000,,gps_back
62.556778879358,134.026974752388,0.000000000000,,gps_back
62.606205559856,134.034470356735,0.000000000000,,gps_back
62.655632240355,134.041965961083,0.000000000000,,gps_back
62.705058920853,134.049461565430,0.000000000000,,gps_back
62.754485601352,134.056957169778,0.000000000000,,gps_back
62.803912281850,134.064452774125,0.000000000000,,gps_back
62.853338962349,134.071948378473,0.000000000000,,gps_back
62.902765642847,134.079443982820,0.000000000000,,gps_back
62.952192323346,134.086939587168,0.000000000000,,gps_back
63.001619003844,134.094435191515,0.000000000000,,gps_back
63.051045684343,134.101930795862,0.000000000000,,gps_back
63.100472364841,134.109426400210,0.000000000000,,gps_back
63.149899045340,134.116922004557,0.000000000000,,gps_back
63.199325725838,134.124417608905,0.000000000000,,gps_back
63.248752406337,134.131913213252,0.000000000000,,gps_back
63.298179086835,134.139408817600,0.000000000000,,gps_back
63.347605767334,134.146904421947,0.000000000000,,gps_back
63.397032447832,134.154400026295,0.000000000000,,gps_back
63.446459128331,134.161895630642,0.000000000000,,gps_back
63.495885808829,134.169391234989,0.000000000000,,gps_back
63.545312489328,134.176886839337,0.000000000000,,gps_back
63.594739169826,134.184382443684,0.000000000000,,gps_back
63.644165850325,134.191878048032,0.000000000000,,gps_back
63.693592530823,134.199373652379,0.000000000000,,gps_back
63.743019211321,134.206869256727,0.000000000000,,gps_back
63.792445891820,134.214364861074,0.000000000000,,gps_back
63.841872572318,134.221860465422,0.000000000000,,gps_back
63.891299252817,134.229356069769,0.000000000000,,gps_back
63.940725933315,134.236851674117,0.000000000000,,gps_back
63.990152613814,134.244347278464,0.000000000000,,gps_back
64.039579294312,134.251842882811,0.000000000000,,gps_back
64.089005974811,134.259338487159,0.000000000000,,gps_back
64.138432655309,134.266834091506,0.000000000000,,gps_back
64.187859335808,134.274329695854,0.000000000000,,gps_back
64.237286016306,134.281825300201,0.000000000000,,gps_back
64.286712696805,134.289320904549,0.000000000000,,gps_back
64.336139377303,134.296816508896,0.000000000000,,gps_back
64.385566057802,134.304312113244,0.000000000000,,gps_back
64.434992738300,134.311807717591,0.000000000000,,gps_back
64.484419418799,134.319303321939,0.000000000000,,gps_back
64.533846099297,134.326798926286,0.000000000000,,gps_back
64.583272779796,134.334294530633,0.000000000000,,gps_back
64.632699460294,134.341790134981,0.000000000000,,gps_back
64.682126140793,134.349285739328,0.000000000000,,gps_back
64.731552821291,134.356781343676,0.000000000000,,gps_back
64.780979501790,134.364276948023,0.000000000000,,gps_back
64.830406182288,134.371772552371,0.000000000000,,gps_back
64.879832862787,134.379268156718,0.000000000000,,gps_back
64.929259543285,134.386763761066,0.000000000000,,gps_back
64.978686223784,134.394259365413,0.000000000000,,gps_back
65.028112904282,134.401754969760,0.000000000000,,gps_back
65.077539584781,134.409250574108,0.000000000000,,gps_back
65.126966265279,134.416746178455,0.000000000000,,gps_back
65.176392945778,134.424241782803,0.000000000000,,gps_back
65.225819626276,134.431737387150,0.000000000000,,gps_back
65.275246306775,134.439232991498,0.000000000000,,gps_back
65.324672987273,134.446728595845,0.000000000000,,gps_back
65.374099667772,134.454224200193,0.000000000000,,gps_back
65.423526348270,134.461719804540,0.000000000000,,gps_back
65.472953028769,134.469215408888,0.000000000000,,gps_back
65.522379709267,134.476711013235,0.000000000000,,gps_back
65.571806389765,134.484206617582,0.000000000000,,gps_back
65.621233070264,134.491702221930,0.000000000000,,gps_back
65.670659750762,134.499197826277,0.000000000000,,gps_back
65.720086431261,134.506693430625,0.000000000000,,gps_back
65.769513111759,134.514189034972,0.000000000000,,gps_back
65.818939792258,134.521684639320,0.000000000000,,gps_back
65.868366472756,134.529180243667,0.000000000000,,gps_back
65.917793153255,134.536675848015,0.000000000000,,gps_back
65.967219833753,134.544171452362,0.000000000000,,gps_back
66.016646514252,134.551667056709,0.000000000000,,gps_back
66.066073194750,134.559162661057,0.000000000000,,gps_back
66.115499875249,134.566658265404,0.000000000000,,gps_back
66.164926555747,134.574153869752,0.000000000000,,gps_back
66.214353236246,134.581649474099,0.000000000000,,gps_back
66.263779916744,134.589145078447,0.000000000000,,gps_back
66.313206597243,134.596640682794,0.000000000000,,gps_back
66.362633277741,134.604136287142,0.000000000000,,gps_back
66.412059958240,134.611631891489,0.000000000000,,gps_back
66.461486638738,134.619127495837,0.000000000000,,gps_back
66.510913319237,134.626623100184,0.000000000000,,gps_back
66.560339999735,134.634118704531,0.000000000000,,gps_back
66.609766680234,134.641614308879,0.000000000000,,gps_back
66.659193360732,134.649109913226,0.000000000000,,gps_back
66.708620041231,134.656605517574,0.000000000000,,gps_back
66.758046721729,134.664101121921,0.000000000000,,gps_back
66.807473402228,134.671596726269,0.000000000000,,gps_back
66.856900082726,134.679092330616,0.000000000000,,gps_back
66.906326763225,134.686587934964,0.000000000000,,gps_back
66.955753443723,134.694083539311,0.000000000000,,gps_back
67.005180124222,134.701579143659,0.000000000000,,gps_back
67.054606804720,134.709074748006,0.000000000000,,gps_back
67.104033485219,134.716570352353,0.000000000000,,gps_back
67.153460165717,134.724065956701,0.000000000000,,gps_back
67.202886846215,134.731561561048,0.000000000000,,gps_back
67.252313526714,134.739057165396,0.000000000000,,gps_back
67.301740207212,134.746552769743,0.000000000000,,gps_back
67.351166887711,134.754048374091,0.000000000000,,gps_back
67.400593568209,134.761543978438,0.000000000000,,gps_back
67.450020248708,134.769039582786,0.000000000000,,gps_back
67.499446929206,134.776535187133,0.000000000000,,gps_back
67.548873609705,134.784030791480,0.000000000000,,gps_back
67.598300290203,134.791526395828,0.000000000000,,gps_back
67.647726970702,134.799022000175,0.000000000000,,gps_back
67.697153651200,134.806517604523,0.000000000000,,gps_back
67.746580331699,134.814013208870,0.000000000000,,gps_back
67.796007012197,134.821508813218,0.000000000000,,gps_back
67.845433692696,134.829004417565,0.000000000000,,gps_back
67.894860373194,134.836500021913,0.000000000000,,gps_back
67.944287053693,134.843995626260,0.000000000000,,gps_back
67.993713734191,134.851491230608,0.000000000000,,gps_back
68.043140414690,134.858986834955,0.000000000000,,gps_back
68.092567095188,134.866482439302,0.000000000000,,gps_back
68.141993775687,134.873978043650,0.000000000000,,gps_back
68.191420456185,134.881473647997,0.000000000000,,gps_back
68.240847136684,134.888969252345,0.000000000000,,gps_back
68.290273817182,134.896464856692,0.000000000000,,gps_back
68.339700497681,134.903960461040,0.000000000000,,gps_back
68.389127178179,134.911456065387,0.000000000000,,gps_back
68.438553858678,134.918951669735,0.000000000000,,gps_back
68.487980539176,134.926447274082,0.000000000000,,gps_back
68.537407219675,134.933942878429,0.000000000000,,gps_back
68.586833900173,134.941438482777,0.000000000000,,gps_back
68.636260580672,134.948934087124,0.000000000000,,gps_back
68.685687261170,134.956429691472,0.000000000000,,gps_back
68.735113941669,134.963925295819,0.000000000000,,gps_back
68.784540622167,134.971420900167,0.000000000000,,gps_back
68.833967302666,134.978916504514,0.000000000000,,gps_back
68.883393983164,134.986412108862,0.000000000000,,gps_back
68.932820663662,134.993907713209,0.000000000000,,gps_back
68.982247344161,135.001403317557,0.000000000000,,gps_back
69.031674024659,135.008898921904,0.000000000000,,gps_back
69.081100705158,135.016394526251,0.000000000000,,gps_back
69.130527385656,135.023890130599,0.000000000000,,gps_back
69.179954066155,135.031385734946,0.000000000000,,gps_back
69.229380746653,135.038881339294,0.000000000000,,gps_back
69.278807427152,135.046376943641,0.000000000000,,gps_back
69.328234107650,135.053872547989,0.000000000000,,gps_back
69.377660788149,135.061368152336,0.000000000000,,gps_back
69.427087468647,135.068863756684,0.000000000000,,gps_back
69.476514149146,135.076359361031,0.000000000000,,gps_back
69.525940829644,135.083854965379,0.000000000000,,gps_back
69.575367510143,135.091350569726,0.000000000000,,gps_back
69.624794190641,135.098846174073,0.000000000000,,gps_back
69.674220871140,135.106341778421,0.000000000000,,gps_back
69.723647551638,135.113837382768,0.000000000000,,gps_back
69.773074232137,135.121332987116,0.000000000000,,gps_back
69.822500912635,135.128828591463,0.000000000000,,gps_back
69.871927593134,135.136324195811,0.000000000000,,gps_back
69.921354273632,135.143819800158,0.000000000000,,gps_back
69.970780954131,135.151315404506,0.000000000000,,gps_back
70.020207634629,135.158811008853,0.000000000000,,gps_back
70.069634315128,135.166306613201,0.000000000000,,gps_back
70.119060995626,135.173802217548,0.000000000000,,gps_back
70.168487676125,135.181297821895,0.000000000000,,gps_back
70.217914356623,135.188793426243,0.000000000000,,gps_back
70.267341037122,135.196289030590,0.000000000000,,gps_back
70.316767717620,135.203784634938,0.000000000000,,gps_back
70.366194398119,135.211280239285,0.000000000000,,gps_back
70.415621078617,135.218775843633,0.000000000000,,gps_back
70.465047759116,135.226271447980,0.000000000000,,gps_back
70.514474439614,135.233767052328,0.000000000000,,gps_back
70.563901120113,135.241262656675,0.000000000000,,gps_back
70.613327800611,135.248758261022,0.000000000000,,gps_back
70.662754481109,135.256253865370,0.000000000000,,gps_back
70.712181161608,135.263749469717,0.000000000000,,gps_back
70.761607842106,135.271245074065,0.000000000000,,gps_back
70.811034522605,135.278740678412,0.000000000000,,gps_back
70.860461203103,135.286236282760,0.000000000000,,gps_back
70.909887883602,135.293731887107,0.000000000000,,gps_back
70.959314564100,135.301227491455,0.000000000000,,gps_back
71.008741244599,135.308723095802,0.000000000000,,gps_back
71.058167925097,135.316218700150,0.000000000000,,gps_back
71.107594605596,135.323714304497,0.000000000000,,gps_back
71.157021286094,135.331209908844,0.000000000000,,gps_back
71.206447966593,135.338705513192,0.000000000000,,gps_back
71.255874647091,135.346201117539,0.000000000000,,gps_back
71.305301327590,135.353696721887,0.000000000000,,gps_back
71.354728008088,135.361192326234,0.000000000000,,gps_back
71.404154688587,135.368687930582,0.000000000000,,gps_back
71.453581369085,135.376183534929,0.000000000000,,gps_back
71.503008049584,135.383679139277,0.000000000000,,gps_back
71.552434730082,135.391174743624,0.000000000000,,gps_back
71.601861410581,135.398670347971,0.000000000000,,gps_back
71.651288091079,135.406165952319,0.000000000000,,gps_back
71.700714771578,135.413661556666,0.000000000000,,gps_back
71.750141452076,135.421157161014,0.000000000000,,gps_back
71.799568132575,135.428652765361,0.000000000000,,gps_back
71.848994813073,135.436148369709,0.000000000000,,gps_back
71.898421493572,135.443643974056,0.000000000000,,gps_back
71.947848174070,135.451139578404,0.000000000000,,gps_back
71.997274854569,135.458635182751,0.000000000000,,gps_back
72.046701535067,135.466130787099,0.000000000000,,gps_back
72.096128215566,135.473626391446,0.000000000000,,gps_back
72.145554896064,135.481121995793,0.000000000000,,gps_back
72.194981576563,135.488617600141,0.000000000000,,gps_back
72.244408257061,135.496113204488,0.000000000000,,gps_back
72.293834937559,135.503608808836,0.000000000000,,gps_back
72.343261618058,135.511104413183,0.000000000000,,gps_back
72.392688298556,135.518600017531,0.000000000000,,gps_back
72.442114979055,135.526095621878,0.000000000000,,gps_back
72.491541659553,135.533591226226,0.000000000000,,gps_back
72.540968340052,135.541086830573,0.000000000000,,gps_back
72.590395020550,135.548582434921,0.000000000000,,gps_back
72.639821701049,135.556078039268,0.000000000000,,gps_back
72.689248381547,135.563573643615,0.000000000000,,gps_back
72.738675062046,135.571069247963,0.000000000000,,gps_back
72.788101742544,135.578564852310,0.000000000000,,gps_back
72.837528423043,135.586060456658,0.000000000000,,gps_back
72.886955103541,135.593556061005,0.000000000000,,gps_back
72.936381784040,135.601051665353,0.000000000000,,gps_back
72.985808464538,135.608547269700,0.000000000000,,gps_back
73.035235145037,135.616042874048,0.000000000000,,gps_back
73.084661825535,135.623538478395,0.000000000000,,gps_back
73.134088506034,135.631034082742,0.000000000000,,gps_back
73.183515186532,135.638529687090,0.000000000000,,gps_back
73.232941867031,135.646025291437,0.000000000000,,gps_back
73.282368547529,135.653520895785,0.000000000000,,gps_back
73.331795228028,135.661016500132,0.000000000000,,gps_back
73.381221908526,135.668512104480,0.000000000000,,gps_back
73.430648589025,135.676007708827,0.000000000000,,gps_back
73.480075269523,135.683503313175,0.000000000000,,gps_back
73.529501950022,135.690998917522,0.000000000000,,gps_back
73.578928630520,135.698494521870,0.000000000000,,gps_back
73.628355311019,135.705990126217,0.000000000000,,gps_back
73.677781991517,135.713485730564,0.000000000000,,gps_back
73.727208672016,135.720981334912,0.000000000000,,gps_back
73.776635352514,135.728476939259,0.000000000000,,gps_back
73.826062033013,135.735972543607,0.000000000000,,gps_back
73.875488713511,135.743468147954,0.000000000000,,gps_back
73.924915394010,135.750963752302,0.000000000000,,gps_back
73.974342074508,135.758459356649,0.000000000000,,gps_back
74.023768755006,135.765954960997,0.000000000000,,gps_back
74.073195435505,135.773450565344,0.000000000000,,gps_back
74.122622116003,135.780946169692,0.000000000000,,gps_back
74.172048796502,135.788441774039,0.000000000000,,gps_back
74.221475477000,135.795937378386,0.000000000000,,gps_back
74.270902157499,135.803432982734,0.000000000000,,gps_back
74.320328837997,135.810928587081,0.000000000000,,gps_back
74.369755518496,135.818424191429,0.000000000000,,gps_back
74.419182198994,135.825919795776,0.000000000000,,gps_back
74.468608879493,135.833415400124,0.000000000000,,gps_back
74.518035559991,135.840911004471,0.000000000000,,gps_back
74.567462240490,135.848406608819,0.000000000000,,gps_back
74.616888920988,135.855902213166,0.000000000000,,gps_back
74.666315601487,135.863397817513,0.000000000000,,gps_back
74.715742281985,135.870893421861,0.000000000000,,gps_back
74.765168962484,135.878389026208,0.000000000000,,gps_back
74.814595642982,135.885884630556,0.000000000000,,gps_back
74.864022323481,135.893380234903,0.000000000000,,gps_back
74.913449003979,135.900875839251,0.000000000000,,gps_back
74.962875684478,135.908371443598,0.000000000000,,gps_back
75.012302364976,135.915867047946,0.000000000000,,gps_back
75.061729045475,135.923362652293,0.000000000000,,gps_back
75.111155725973,135.930858256641,0.000000000000,,gps_back
75.160582406472,135.938353860988,0.000000000000,,gps_back
75.210009086970,135.945849465335,0.000000000000,,gps_back
75.259435767469,135.953345069683,0.000000000000,,gps_back
75.308862447967,135.960840674030,0.000000000000,,gps_back
75.358289128466,135.968336278378,0.000000000000,,gps_back
75.407715808964,135.975831882725,0.000000000000,,gps_back
75.457142489463,135.983327487073,0.000000000000,,gps_back
75.506569169961,135.990823091420,0.000000000000,,gps_back
75.555995850460,135.998318695768,0.000000000000,,gps_back
75.605422530958,136.005814300115,0.000000000000,,gps_back
75.654849211456,136.013309904462,0.000000000000,,gps_back
75.704275891955,136.020805508810,0.000000000000,,gps_back
75.753702572453,136.028301113157,0.000000000000,,gps_back
75.803129252952,136.035796717505,0.000000000000,,gps_back
75.852555933450,136.043292321852,0.000000000000,,gps_back
75.901982613949,136.050787926200,0.000000000000,,gps_back
75.951409294447,136.058283530547,0.000000000000,,gps_back
76.000835974946,136.065779134895,0.000000000000,,gps_back
76.050262655444,136.073274739242,0.000000000000,,gps_back
76.099689335943,136.080770343590,0.000000000000,,gps_back
76.149116016441,136.088265947937,0.000000000000,,gps_back
76.198542696940,136.095761552284,0.000000000000,,gps_back
76.247969377438,136.103257156632,0.000000000000,,gps_back
76.297396057937,136.110752760979,0.000000000000,,gps_back
76.346822738435,136.118248365327,0.000000000000,,gps_back
76.396249418934,136.125743969674,0.000000000000,,gps_back
76.445676099432,136.133239574022,0.000000000000,,gps_back
76.495102779931,136.140735178369,0.000000000000,,gps_back
76.544529460429,136.148230782717,0.000000000000,,gps_back
76.593956140928,136.155726387064,0.000000000000,,gps_back
76.643382821426,136.163221991412,0.000000000000,,gps_back
76.692809501925,136.170717595759,0.000000000000,,gps_back
76.742236182423,136.178213200106,0.000000000000,,gps_back
76.791662862922,136.185708804454,0.000000000000,,gps_back
76.841089543420,136.193204408801,0.000000000000,,gps_back
76.890516223919,136.200700013149,0.000000000000,,gps_back
76.939942904417,136.208195617496,0.000000000000,,gps_back
76.989369584916,136.215691221844,0.000000000000,,gps_back
77.038796265414,136.223186826191,0.000000000000,,gps_back
77.088222945913,136.230682430539,0.000000000000,,gps_back
77.137649626411,136.238178034886,0.000000000000,,gps_back
77.187076306910,136.245673639233,0.000000000000,,gps_back
77.236502987408,136.253169243581,0.000000000000,,gps_back
77.285929667907,136.260664847928,0.000000000000,,gps_back
77.335356348405,136.268160452276,0.000000000000,,gps_back
77.384783028903,136.275656056623,0.000000000000,,gps_back
77.434209709402,136.283151660971,0.000000000000,,gps_back
77.483636389900,136.290647265318,0.000000000000,,gps_back
77.533063070399,136.298142869666,0.000000000000,,gps_back
77.582489750897,136.305638474013,0.000000000000,,gps_back
77.631916431396,136.313134078361,0.000000000000,,gps_back
77.681343111894,136.320629682708,0.000000000000,,gps_back
77.730769792393,136.328125287055,0.000000000000,,gps_back
77.780196472891,136.335620891403,0.000000000000,,gps_back
77.829623153390,136.343116495750,0.000000000000,,gps_back
77.879049833888,136.350612100098,0.000000000000,,gps_back
77.928476514387,136.358107704445,0.000000000000,,gps_back
77.977903194885,136.365603308793,0.000000000000,,gps_back
78.027329875384,136.373098913140,0.000000000000,,gps_back
78.076756555882,136.380594517488,0.000000000000,,gps_back
78.126183236381,136.388090121835,0.000000000000,,gps_back
78.175609916879,136.395585726183,0.000000000000,,gps_back
78.225036597378,136.403081330530,0.000000000000,,gps_back
78.274463277876,136.410576934877,0.000000000000,,gps_back
78.323889958375,136.418072539225,0.000000000000,,gps_back
78.373316638873,136.425568143572,0.000000000000,,gps_back
78.422743319372,136.433063747920,0.000000000000,,gps_back
78.472169999870,136.440559352267,0.000000000000,,gps_back
78.521596680369,136.448054956615,0.000000000000,,gps_back
78.571023360867,136.455550560962,0.000000000000,,gps_back
78.620450041366,136.463046165310,0.000000000000,,gps_back
78.669876721864,136.470541769657,0.000000000000,,gps_back
78.719303402363,136.478037374004,0.000000000000,,gps_back
78.768730082861,136.485532978352,0.000000000000,,gps_back
78.818156763360,136.493028582699,0.000000000000,,gps_back
78.867583443858,136.500524187047,0.000000000000,,gps_back
78.917010124357,136.508019791394,0.000000000000,,gps_back
78.966436804855,136.515515395742,0.000000000000,,gps_back
79.015863485353,136.523011000089,0.000000000000,,gps_back
79.065290165852,136.530506604437,0.000000000000,,gps_back
79.114716846350,136.538002208784,0.000000000000,,gps_back
79.164143526849,136.545497813132,0.000000000000,,gps_back
79.213570207347,136.552993417479,0.000000000000,,gps_back
79.262996887846,136.560489021826,0.000000000000,,gps_back
79.312423568344,136.567984626174,0.000000000000,,gps_back
79.361850248843,136.575480230521,0.000000000000,,gps_back
79.411276929341,136.582975834869,0.000000000000,,gps_back
79.460703609840,136.590471439216,0.000000000000,,gps_back
79.510130290338,136.597967043564,0.000000000000,,gps_back
79.559556970837,136.605462647911,0.000000000000,,gps_back
79.608983651335,136.612958252259,0.000000000000,,gps_back
79.658410331834,136.620453856606,0.000000000000,,gps_back
79.707837012332,136.627949460954,0.000000000000,,gps_back
79.757263692831,136.635445065301,0.000000000000,,gps_back
79.806690373329,136.642940669648,0.000000000000,,gps_back
79.856117053828,136.650436273996,0.000000000000,,gps_back
79.905543734326,136.657931878343,0.000000000000,,gps_back
79.954970414825,136.665427482691,0.000000000000,,gps_back
80.004397095323,136.672923087038,0.000000000000,,gps_back
80.053823775822,136.680418691386,0.000000000000,,gps_back
80.103250456320,136.687914295733,0.000000000000,,gps_back
80.152677136819,136.695409900081,0.000000000000,,gps_back
80.202103817317,136.702905504428,0.000000000000,,gps_back
80.251530497816,136.710401108775,0.000000000000,,gps_back
80.300957178314,136.717896713123,0.000000000000,,gps_back
80.350383858813,136.725392317470,0.000000000000,,gps_back
80.399810539311,136.732887921818,0.000000000000,,gps_back
80.449237219810,136.740383526165,0.000000000000,,gps_back
80.498663900308,136.747879130513,0.000000000000,,gps_back
80.548090580807,136.755374734860,0.000000000000,,gps_back
80.597517261305,136.762870339208,0.000000000000,,gps_back
80.646943941804,136.770365943555,0.000000000000,,gps_back
80.696370622302,136.777861547903,0.000000000000,,gps_back
80.745797302800,136.785357152250,0.000000000000,,gps_back
80.795223983299,136.792852756597,0.000000000000,,gps_back
80.844650663797,136.800348360945,0.000000000000,,gps_back
80.894077344296,136.807843965292,0.000000000000,,gps_back
80.943504024794,136.815339569640,0.000000000000,,gps_back
80.992930705293,136.822835173987,0.000000000000,,gps_back
81.042357385791,136.830330778335,0.000000000000,,gps_back
81.091784066290,136.837826382682,0.000000000000,,gps_back
81.141210746788,136.845321987030,0.000000000000,,gps_back
81.190637427287,136.852817591377,0.000000000000,,gps_back
81.240064107785,136.860313195724,0.000000000000,,gps_back
81.289490788284,136.867808800072,0.000000000000,,gps_back
81.338917468782,136.875304404419,0.000000000000,,gps_back
81.388344149281,136.882800008767,0.000000000000,,gps_back
81.437770829779,136.890295613114,0.000000000000,,gps_back
81.487197510278,136.897791217462,0.000000000000,,gps_back
81.536624190776,136.905286821809,0.000000000000,,gps_back
81.586050871275,136.912782426157,0.000000000000,,gps_back
81.635477551773,136.920278030504,0.000000000000,,gps_back
81.684904232272,136.927773634852,0.000000000000,,gps_back
81.734330912770,136.935269239199,0.000000000000,,gps_back
81.783757593269,136.942764843546,0.000000000000,,gps_back
81.833184273767,136.950260447894,0.000000000000,,gps_back
81.882610954266,136.957756052241,0.000000000000,,gps_back
81.932037634764,136.965251656589,0.000000000000,,gps_back
81.981464315263,136.972747260936,0.000000000000,,gps_back
82.030890995761,136.980242865284,0.000000000000,,gps_back
82.080317676260,136.987738469631,0.000000000000,,gps_back
82.129744356758,136.995234073979,0.000000000000,,gps_back
82.179171037257,137.002729678326,0.000000000000,,gps_back
82.228597717755,137.010225282674,0.000000000000,,gps_back
82.278024398254,137.017720887021,0.000000000000,,gps_back
82.327451078752,137.025216491368,0.000000000000,,gps_back
82.376877759251,137.032712095716,0.000000000000,,gps_back
82.426304439749,137.040207700063,0.000000000000,,gps_back
82.475731120247,137.047703304411,0.000000000000,,gps_back
82.525157800746,137.055198908758,0.000000000000,,gps_back
82.574584481244,137.062694513106,0.000000000000,,gps_back
82.624011161743,137.070190117453,0.000000000000,,gps_back
82.673437842241,137.077685721801,0.000000000000,,gps_back
82.722864522740,137.085181326148,0.000000000000,,gps_back
82.772291203238,137.092676930495,0.000000000000,,gps_back
82.821717883737,137.100172534843,0.000000000000,,gps_back
82.871144564235,137.107668139190,0.000000000000,,gps_back
82.920571244734,137.115163743538,0.000000000000,,gps_back
82.969997925232,137.122659347885,0.000000000000,,gps_back
83.019424605731,137.130154952233,0.000000000000,,gps_back
83.068851286229,137.137650556580,0.000000000000,,gps_back
83.118277966728,137.145146160928,0.000000000000,,gps_back
83.167704647226,137.152641765275,0.000000000000,,gps_back
83.217131327725,137.160137369623,0.000000000000,,gps_back
83.266558008223,137.167632973970,0.000000000000,,gps_back
83.315984688722,137.175128578317,0.000000000000,,gps_back
83.365411369220,137.182624182665,0.000000000000,,gps_back
83.414838049719,137.190119787012,0.000000000000,,gps_back
83.464264730217,137.197615391360,0.000000000000,,gps_back
83.513691410716,137.205110995707,0.000000000000,,gps_back
83.563118091214,137.212606600055,0.000000000000,,gps_back
83.612544771713,137.220102204402,0.000000000000,,gps_back
83.661971452211,137.227597808750,0.000000000000,,gps_back
83.711398132710,137.235093413097,0.000000000000,,gps_back
83.760824813208,137.242589017444,0.000000000000,,gps_back
83.810251493707,137.250084621792,0.000000000000,,gps_back
83.859678174205,137.257580226139,0.000000000000,,gps_back
83.909104854704,137.265075830487,0.000000000000,,gps_back
83.958531535202,137.272571434834,0.000000000000,,gps_back
84.007958215701,137.280067039182,0.000000000000,,gps_back
84.057384896199,137.287562643529,0.000000000000,,gps_back
84.106811576697,137.295058247877,0.000000000000,,gps_back
84.156238257196,137.302553852224,0.000000000000,,gps_back
84.205664937694,137.310049456572,0.000000000000,,gps_back
84.255091618193,137.317545060919,0.000000000000,,gps_back
84.304518298691,137.325040665266,0.000000000000,,gps_back
84.353944979190,137.332536269614,0.000000000000,,gps_back
84.403371659688,137.340031873961,0.000000000000,,gps_back
84.452798340187,137.347527478309,0.000000000000,,gps_back
84.502225020685,137.355023082656,0.000000000000,,gps_back
84.551651701184,137.362518687004,0.000000000000,,gps_back
84.601078381682,137.370014291351,0.000000000000,,gps_back
84.650505062181,137.377509895699,0.000000000000,,gps_back
84.699931742679,137.385005500046,0.000000000000,,gps_back
84.749358423178,137.392501104394,0.000000000000,,gps_back
84.798785103676,137.399996708741,0.000000000000,,gps_back
84.848211784175,137.407492313088,0.000000000000,,gps_back
84.897638464673,137.414987917436,0.000000000000,,gps_back
84.947065145172,137.422483521783,0.000000000000,,gps_back
84.996491825670,137.429979126131,0.000000000000,,gps_back
85.045918506169,137.437474730478,0.000000000000,,gps_back
85.095345186667,137.444970334826,0.000000000000,,gps_back
85.144771867166,137.452465939173,0.000000000000,,gps_back
85.194198547664,137.459961543521,0.000000000000,,gps_back
85.243625228163,137.467457147868,0.000000000000,,gps_back
85.293051908661,137.474952752216,0.000000000000,,gps_back
85.342478589160,137.482448356563,0.000000000000,,gps_back
85.391905269658,137.489943960910,0.000000000000,,gps_back
85.441331950157,137.497439565258,0.000000000000,,gps_back
85.490758630655,137.504935169605,0.000000000000,,gps_back
85.540185311154,137.512430773953,0.000000000000,,gps_back
85.589611991652,137.519926378300,0.000000000000,,gps_back
85.639038672151,137.527421982648,0.000000000000,,gps_back
85.688465352649,137.534917586995,0.000000000000,,gps_back
85.737892033148,137.542413191343,0.000000000000,,gps_back
85.787318713646,137.549908795690,0.000000000000,,gps_back
85.836745394144,137.557404400037,0.000000000000,,gps_back
85.886172074643,137.564900004385,0.000000000000,,gps_back
85.935598755141,137.572395608732,0.000000000000,,gps_back
85.985025435640,137.579891213080,0.000000000000,,gps_back
86.034452116138,137.587386817427,0.000000000000,,gps_back
86.083878796637,137.594882421775,0.000000000000,,gps_back
86.133305477135,137.602378026122,0.000000000000,,gps_back
86.182732157634,137.609873630470,0.000000000000,,gps_back
86.232158838132,137.617369234817,0.000000000000,,gps_back
86.281585518631,137.624864839165,0.000000000000,,gps_back
86.331012199129,137.632360443512,0.000000000000,,gps_back
86.380438879628,137.639856047859,0.000000000000,,gps_back
86.429865560126,137.647351652207,0.000000000000,,gps_back
86.479292240625,137.654847256554,0.000000000000,,gps_back
86.528718921123,137.662342860902,0.000000000000,,gps_back
86.578145601622,137.669838465249,0.000000000000,,gps_back
86.627572282120,137.677334069597,0.000000000000,,gps_back
86.676998962619,137.684829673944,0.000000000000,,gps_back
86.726425643117,137.692325278292,0.000000000000,,gps_back
86.775852323616,137.699820882639,0.000000000000,,gps_back
86.825279004114,137.707316486986,0.000000000000,,gps_back
86.874705684613,137.714812091334,0.000000000000,,gps_back
86.924132365111,137.722307695681,0.000000000000,,gps_back
86.973559045610,137.729803300029,0.000000000000,,gps_back
87.022985726108,137.737298904376,0.000000000000,,gps_back
87.072412406607,137.744794508724,0.000000000000,,gps_back
87.121839087105,137.752290113071,0.000000000000,,gps_back
87.171265767604,137.759785717419,0.000000000000,,gps_back
87.220692448102,137.767281321766,0.000000000000,,gps_back
87.270119128601,137.774776926114,0.000000000000,,gps_back
87.319545809099,137.782272530461,0.000000000000,,gps_back
87.368972489598,137.789768134808,0.000000000000,,gps_back
87.418399170096,137.797263739156,0.000000000000,,gps_back
87.467825850594,137.804759343503,0.000000000000,,gps_back
87.517252531093,137.812254947851,0.000000000000,,gps_back
87.566679211591,137.819750552198,0.000000000000,,gps_back
87.616105892090,137.827246156546,0.000000000000,,gps_back
87.665532572588,137.834741760893,0.000000000000,,gps_back
87.714959253087,137.842237365241,0.000000000000,,gps_back
87.764385933585,137.849732969588,0.000000000000,,gps_back
87.813812614084,137.857228573936,0.000000000000,,gps_back
87.863239294582,137.864724178283,0.000000000000,,gps_back
87.912665975081,137.872219782630,0.000000000000,,gps_back
87.962092655579,137.879715386978,0.000000000000,,gps_back
88.011519336078,137.887210991325,0.000000000000,,gps_back
88.060946016576,137.894706595673,0.000000000000,,gps_back
88.110372697075,137.902202200020,0.000000000000,,gps_back
88.159799377573,137.909697804368,0.000000000000,,gps_back
88.209226058072,137.917193408715,0.000000000000,,gps_back
88.258652738570,137.924689013063,0.000000000000,,gps_back
88.308079419069,137.932184617410,0.000000000000,,gps_back
88.357506099567,137.939680221757,0.000000000000,,gps_back
88.406932780066,137.947175826105,0.000000000000,,gps_back
88.456359460564,137.954671430452,0.000000000000,,gps_back
88.505786141063,137.962167034800,0.000000000000,,gps_back
88.555212821561,137.969662639147,0.000000000000,,gps_back
88.604639502060,137.977158243495,0.000000000000,,gps_back
88.654066182558,137.984653847842,0.000000000000,,gps_back
88.703492863057,137.992149452190,0.000000000000,,gps_back
88.752919543555,137.999645056537,0.000000000000,,gps_back
88.802346224054,138.007140660885,0.000000000000,,gps_back
88.851772904552,138.014636265232,0.000000000000,,gps_back
88.901199585051,138.022131869579,0.000000000000,,gps_back
88.950626265549,138.029627473927,0.000000000000,,gps_back
89.000052946048,138.037123078274,0.000000000000,,gps_back
89.049479626546,138.044618682622,0.000000000000,,gps_back
89.098906307045,138.052114286969,0.000000000000,,gps_back
89.148332987543,138.059609891317,0.000000000000,,gps_back
89.197759668042,138.067105495664,0.000000000000,,gps_back
89.247186348540,138.074601100012,0.000000000000,,gps_back
89.296613029039,138.082096704359,0.000000000000,,gps_back
89.346039709537,138.089592308707,0.000000000000,,gps_back
89.395466390036,138.097087913054,0.000000000000,,gps_back
89.444893070534,138.104583517401,0.000000000000,,gps_back
89.494319751033,138.112079121749,0.000000000000,,gps_back
89.543746431531,138.119574726096,0.000000000000,,gps_back
89.593173112030,138.127070330444,0.000000000000,,gps_back
89.642599792528,138.134565934791,0.000000000000,,gps_back
89.692026473027,138.142061539139,0.000000000000,,gps_back
89.741453153525,138.149557143486,0.000000000000,,gps_back
89.790879834024,138.157052747834,0.000000000000,,gps_back
89.840306514522,138.164548352181,0.000000000000,,gps_back
89.889733195021,138.172043956528,0.000000000000,,gps_back
89.939159875519,138.179539560876,0.000000000000,,gps_back
89.988586556018,138.187035165223,0.000000000000,,gps_back
90.038013236516,138.194530769571,0.000000000000,,gps_back
90.087439917015,138.202026373918,0.000000000000,,gps_back
90.136866597513,138.209521978266,0.000000000000,,gps_back
90.186293278012,138.217017582613,0.000000000000,,gps_back
90.235719958510,138.224513186961,0.000000000000,,gps_back
90.285146639009,138.232008791308,0.000000000000,,gps_back
90.334573319507,138.239504395656,0.000000000000,,gps_back
90.384000000005,138.247000000003,0.000000000000,,gps_back
