x,y,z,stamp,frame_id
92.301000000007,138.661499999987,0.000000000000,,gps_back
92.252171970521,138.650701692405,0.000000000000,,gps_back
92.203133494832,138.640903438150,0.000000000000,,gps_back
92.153685314613,138.633443104009,0.000000000000,,gps_back
92.104100929599,138.626949929564,0.000000000000,,gps_back
92.054899675963,138.618004779055,0.000000000000,,gps_back
92.005840218259,138.608312024001,0.000000000000,,gps_back
91.956717056333,138.598947549287,0.000000000000,,gps_back
91.907440541540,138.590429150354,0.000000000000,,gps_back
91.859045360356,138.577832065770,0.000000000000,,gps_back
91.810634295642,138.565300904539,0.000000000000,,gps_back
91.761135650461,138.558183532698,0.000000000000,,gps_back
91.711846689465,138.549736992339,0.000000000000,,gps_back
91.663068656305,138.538715032917,0.000000000000,,gps_back
91.614290623145,138.527693073496,0.000000000000,,gps_back
91.565512846167,138.516669991204,0.000000000000,,gps_back
91.516785061767,138.505429853174,0.000000000000,,gps_back
91.468731326892,138.491587213507,0.000000000000,,gps_back
91.420670811909,138.477773107637,0.000000000000,,gps_back
91.371520668065,138.468559824579,0.000000000000,,gps_back
91.321797588165,138.463231656405,0.000000000000,,gps_back
91.272176975044,138.457066877905,0.000000000000,,gps_back
91.223888654856,138.444066176314,0.000000000000,,gps_back
91.175595511737,138.431084639927,0.000000000000,,gps_back
91.126898972463,138.419711305283,0.000000000000,,gps_back
91.077715993199,138.410666159669,0.000000000000,,gps_back
91.028526776203,138.401662060175,0.000000000000,,gps_back
90.978875541972,138.395702161267,0.000000000000,,gps_back
90.929114881530,138.390737051175,0.000000000000,,gps_back
90.879420523843,138.385165791026,0.000000000000,,gps_back
90.830277827782,138.375904282922,0.000000000000,,gps_back
90.781139677394,138.366620473464,0.000000000000,,gps_back
90.732298401089,138.355884072470,0.000000000000,,gps_back
90.683814753694,138.343631887206,0.000000000000,,gps_back
90.635322383497,138.331418067226,0.000000000000,,gps_back
90.586302853808,138.321527111444,0.000000000000,,gps_back
90.537024209289,138.313018568514,0.000000000000,,gps_back
90.487745990689,138.304507579304,0.000000000000,,gps_back
90.438491550956,138.295860021577,0.000000000000,,gps_back
90.389242908849,138.287179505513,0.000000000000,,gps_back
90.339995553578,138.278491854572,0.000000000000,,gps_back
90.290817466574,138.269420147670,0.000000000000,,gps_back
90.241640031949,138.260344943431,0.000000000000,,gps_back
90.192426843156,138.251465785877,0.000000000000,,gps_back
90.143148198639,138.242957242938,0.000000000000,,gps_back
90.093876668550,138.234411812473,0.000000000000,,gps_back
90.044976674303,138.223947364038,0.000000000000,,gps_back
89.996482573432,138.211736619213,0.000000000000,,gps_back
89.947977909323,138.199572366450,0.000000000000,,gps_back
89.898963493024,138.189655996963,0.000000000000,,gps_back
89.849720216813,138.180945092507,0.000000000000,,gps_back
89.800476298707,138.172237853430,0.000000000000,,gps_back
89.751203250357,138.163696964091,0.000000000000,,gps_back
89.701924615922,138.155188362769,0.000000000000,,gps_back
89.652647085570,138.146673407165,0.000000000000,,gps_back
89.603398443462,138.137992891111,0.000000000000,,gps_back
89.554152668755,138.129296750045,0.000000000000,,gps_back
89.505045693592,138.119858117513,0.000000000000,,gps_back
89.456562046197,138.107605932250,0.000000000000,,gps_back
89.408071360125,138.095383184984,0.000000000000,,gps_back
89.359277187318,138.084439946006,0.000000000000,,gps_back
89.309998542801,138.075931403066,0.000000000000,,gps_back
89.260721596539,138.067413249961,0.000000000000,,gps_back
89.211513086579,138.058508235538,0.000000000000,,gps_back
89.162370390519,138.049246727434,0.000000000000,,gps_back
89.113224678363,138.040001828493,0.000000000000,,gps_back
89.063962851863,138.031396463629,0.000000000000,,gps_back
89.014684207344,138.022887920699,0.000000000000,,gps_back
88.965405562825,138.014379377768,0.000000000000,,gps_back
88.916126918307,138.005870834828,0.000000000000,,gps_back
88.866852532706,137.997338886553,0.000000000000,,gps_back
88.817753674115,137.987861050053,0.000000000000,,gps_back
88.769311846114,137.975444552624,0.000000000000,,gps_back
88.720861814038,137.963061831424,0.000000000000,,gps_back
88.672109201496,137.951933876147,0.000000000000,,gps_back
88.622926222232,137.942888730534,0.000000000000,,gps_back
88.573741275200,137.933854523160,0.000000000000,,gps_back
88.524488785336,137.925195905386,0.000000000000,,gps_back
88.475210140819,137.916687362446,0.000000000000,,gps_back
88.425932415656,137.908173552421,0.000000000000,,gps_back
88.376685358025,137.899484052503,0.000000000000,,gps_back
88.327441999413,137.890773614300,0.000000000000,,gps_back
88.278194968236,137.882084023293,0.000000000000,,gps_back
88.228916323719,137.873575480354,0.000000000000,,gps_back
88.179637909744,137.865065605749,0.000000000000,,gps_back
88.130367586916,137.856509035101,0.000000000000,,gps_back
88.081118944808,137.847828519046,0.000000000000,,gps_back
88.031879514245,137.839100185601,0.000000000000,,gps_back
87.982945267693,137.828800248150,0.000000000000,,gps_back
87.934461620298,137.816548062887,0.000000000000,,gps_back
87.885962204067,137.804364629999,0.000000000000,,gps_back
87.836975276007,137.794315874987,0.000000000000,,gps_back
87.787696631490,137.785807332047,0.000000000000,,gps_back
87.738419594741,137.777289630283,0.000000000000,,gps_back
87.689189842932,137.768502629665,0.000000000000,,gps_back
87.639975553516,137.759629421355,0.000000000000,,gps_back
87.590761264100,137.750756213045,0.000000000000,,gps_back
87.541546974684,137.741883004735,0.000000000000,,gps_back
87.492332041055,137.733013391458,0.000000000000,,gps_back
87.443097351069,137.724254218902,0.000000000000,,gps_back
87.393818706552,137.715745675962,0.000000000000,,gps_back
87.344540546878,137.707234338558,0.000000000000,,gps_back
87.295276404474,137.698642243962,0.000000000000,,gps_back
87.246027762366,137.689961727908,0.000000000000,,gps_back
87.196778434577,137.681285127795,0.000000000000,,gps_back
87.147510019615,137.672717557352,0.000000000000,,gps_back
87.098231375098,137.664209014412,0.000000000000,,gps_back
87.048980934043,137.655567396090,0.000000000000,,gps_back
87.000494915771,137.643325554249,0.000000000000,,gps_back
86.952201182829,137.630345428710,0.000000000000,,gps_back
86.903735699483,137.618043342716,0.000000000000,,gps_back
86.854487057375,137.609362826661,0.000000000000,,gps_back
86.805238123968,137.600683967582,0.000000000000,,gps_back
86.755981148560,137.592050884949,0.000000000000,,gps_back
86.706707662608,137.583512519151,0.000000000000,,gps_back
86.657434649135,137.574971438299,0.000000000000,,gps_back
86.608173919816,137.566359791618,0.000000000000,,gps_back
86.558925277708,137.557679275563,0.000000000000,,gps_back
86.509675843960,137.549003281922,0.000000000000,,gps_back
86.460406561463,137.540440701255,0.000000000000,,gps_back
86.411127916945,137.531932158316,0.000000000000,,gps_back
86.361849272428,137.523423615376,0.000000000000,,gps_back
86.312570627910,137.514915072436,0.000000000000,,gps_back
86.263292819956,137.506401719393,0.000000000000,,gps_back
86.214067967636,137.497620309381,0.000000000000,,gps_back
86.165626139635,137.485203811952,0.000000000000,,gps_back
86.117177596512,137.472814276924,0.000000000000,,gps_back
86.068542989814,137.461194473052,0.000000000000,,gps_back
86.019264345295,137.452685930122,0.000000000000,,gps_back
85.969986135594,137.444174878005,0.000000000000,,gps_back
85.920718734192,137.435601503521,0.000000000000,,gps_back
85.871470092084,137.426920987466,0.000000000000,,gps_back
85.822220778497,137.418244301623,0.000000000000,,gps_back
85.772955658789,137.409657811601,0.000000000000,,gps_back
85.723677014272,137.401149268662,0.000000000000,,gps_back
85.674398525666,137.392639823885,0.000000000000,,gps_back
85.625123584046,137.384109862947,0.000000000000,,gps_back
85.575850098094,137.375571497149,0.000000000000,,gps_back
85.526577576099,137.367027610854,0.000000000000,,gps_back
85.477326399386,137.358361487666,0.000000000000,,gps_back
85.428077662870,137.349681507620,0.000000000000,,gps_back
85.378825640610,137.341020254498,0.000000000000,,gps_back
85.329546996093,137.332511711558,0.000000000000,,gps_back
85.280269811709,137.323994807391,0.000000000000,,gps_back
85.231028659490,137.315272708903,0.000000000000,,gps_back
85.181885963430,137.306011200799,0.000000000000,,gps_back
85.132739511682,137.296770139570,0.000000000000,,gps_back
85.083510945341,137.287976709985,0.000000000000,,gps_back
85.034232300823,137.279468167045,0.000000000000,,gps_back
84.984953656306,137.270959624105,0.000000000000,,gps_back
84.935675011788,137.262451081165,0.000000000000,,gps_back
84.886396367271,137.253942538226,0.000000000000,,gps_back
84.837119053620,137.245426363767,0.000000000000,,gps_back
84.787869302311,137.236752143204,0.000000000000,,gps_back
84.738620498789,137.228072543999,0.000000000000,,gps_back
84.689367388921,137.219417453666,0.000000000000,,gps_back
84.640093902968,137.210879087868,0.000000000000,,gps_back
84.590820797844,137.202338530523,0.000000000000,,gps_back
84.541556190022,137.193749112616,0.000000000000,,gps_back
84.492307547914,137.185068596561,0.000000000000,,gps_back
84.443058180920,137.176392214410,0.000000000000,,gps_back
84.393793624590,137.167802496322,0.000000000000,,gps_back
84.344514980071,137.159293953392,0.000000000000,,gps_back
84.295219860122,137.150896080198,0.000000000000,,gps_back
84.245593728148,137.144733833956,0.000000000000,,gps_back
84.195852412229,137.139578281388,0.000000000000,,gps_back
84.146152975663,137.134076772784,0.000000000000,,gps_back
84.096874331146,137.125568229845,0.000000000000,,gps_back
84.047588594523,137.117103038017,0.000000000000,,gps_back
83.998149788528,137.109606274430,0.000000000000,,gps_back
83.948376187818,137.104772147742,0.000000000000,,gps_back
83.898601987962,137.099944270150,0.000000000000,,gps_back
83.848815884484,137.095240775871,0.000000000000,,gps_back
83.799016232439,137.090682841616,0.000000000000,,gps_back
83.749217176978,137.086118478007,0.000000000000,,gps_back
83.699429778059,137.081428688202,0.000000000000,,gps_back
83.649654513178,137.076611727084,0.000000000000,,gps_back
83.599869571412,137.071933140227,0.000000000000,,gps_back
83.549906313575,137.069841840173,0.000000000000,,gps_back
83.499906599455,137.068942564739,0.000000000000,,gps_back
83.449916215543,137.067863343692,0.000000000000,,gps_back
83.400093448974,137.063566293786,0.000000000000,,gps_back
83.350299265984,137.058952517183,0.000000000000,,gps_back
83.300437042101,137.055462391844,0.000000000000,,gps_back
83.250511271058,137.058325518499,0.000000000000,,gps_back
83.200582534146,137.061123604814,0.000000000000,,gps_back
83.150602223443,137.062670290737,0.000000000000,,gps_back
83.100602451474,137.061774237475,0.000000000000,,gps_back
83.050602681213,137.060878088938,0.000000000000,,gps_back
83.000602940943,137.059980268714,0.000000000000,,gps_back
82.950603226822,137.059080993279,0.000000000000,,gps_back
82.900605389070,137.058349043714,0.000000000000,,gps_back
82.850641421047,137.060428658921,0.000000000000,,gps_back
82.800726194766,137.063470088479,0.000000000000,,gps_back
82.750805871308,137.066290632137,0.000000000000,,gps_back
82.700803700375,137.065542055347,0.000000000000,,gps_back
82.650805993129,137.064739125244,0.000000000000,,gps_back
82.600852285654,137.066676562232,0.000000000000,,gps_back
82.551326011836,137.073599589754,0.000000000000,,gps_back
82.501785738140,137.080406655591,0.000000000000,,gps_back
82.452025297775,137.085354674099,0.000000000000,,gps_back
82.402123238785,137.088604999779,0.000000000000,,gps_back
82.352219825946,137.091833369080,0.000000000000,,gps_back
82.302296319379,137.094735694951,0.000000000000,,gps_back
82.252372280861,137.097626875584,0.000000000000,,gps_back
82.202501715512,137.101190584338,0.000000000000,,gps_back
82.153038906136,137.108553368938,0.000000000000,,gps_back
82.103574117315,137.115902661128,0.000000000000,,gps_back
82.054078439222,137.123040860252,0.000000000000,,gps_back
82.004548781152,137.129939634052,0.000000000000,,gps_back
81.955018279403,137.136832308703,0.000000000000,,gps_back
81.905475225408,137.143634198685,0.000000000000,,gps_back
81.855924907964,137.150382987441,0.000000000000,,gps_back
81.806379205274,137.157164437682,0.000000000000,,gps_back
81.756899926935,137.164415659725,0.000000000000,,gps_back
81.707436175440,137.171772072823,0.000000000000,,gps_back
81.657954299422,137.179004432327,0.000000000000,,gps_back
81.608403981979,137.185753221083,0.000000000000,,gps_back
81.558866424930,137.192587448508,0.000000000000,,gps_back
81.509537863658,137.200777600636,0.000000000000,,gps_back
81.460640115629,137.211255689499,0.000000000000,,gps_back
81.411748504473,137.221761840065,0.000000000000,,gps_back
81.362947723733,137.232682018515,0.000000000000,,gps_back
81.314242587639,137.244021763949,0.000000000000,,gps_back
81.265488993060,137.255111999594,0.000000000000,,gps_back
81.216069886679,137.262758372534,0.000000000000,,gps_back
81.166516351646,137.269483495146,0.000000000000,,gps_back
81.117083223661,137.276759198863,0.000000000000,,gps_back
81.069252830895,137.291354630682,0.000000000000,,gps_back
81.021496098095,137.306188268865,0.000000000000,,gps_back
80.973481954659,137.320147331175,0.000000000000,,gps_back
80.924776818563,137.331487076600,0.000000000000,,gps_back
80.876064386264,137.342794825322,0.000000000000,,gps_back
80.827251407876,137.353660412601,0.000000000000,,gps_back
80.778353659848,137.364138501464,0.000000000000,,gps_back
80.729508115898,137.374828842031,0.000000000000,,gps_back
80.681362191610,137.388340840796,0.000000000000,,gps_back
80.633637234249,137.403277659512,0.000000000000,,gps_back
80.585912928322,137.418216557494,0.000000000000,,gps_back
80.538196815794,137.433181607212,0.000000000000,,gps_back
80.490481540624,137.448149326608,0.000000000000,,gps_back
80.442766265454,137.463117046003,0.000000000000,,gps_back
80.395050990284,137.478084765398,0.000000000000,,gps_back
80.347334948794,137.493050038937,0.000000000000,,gps_back
80.299608299077,137.507981442862,0.000000000000,,gps_back
80.251867174892,137.522866508196,0.000000000000,,gps_back
80.204126832365,137.537754077504,0.000000000000,,gps_back
80.156396472617,137.552673623067,0.000000000000,,gps_back
80.108671515259,137.567610441793,0.000000000000,,gps_back
80.061028890734,137.582782976940,0.000000000000,,gps_back
80.014393784124,137.600836678534,0.000000000000,,gps_back
79.967883099885,137.619208728151,0.000000000000,,gps_back
79.921202027687,137.637119519894,0.000000000000,,gps_back
79.873460903502,137.652004585228,0.000000000000,,gps_back
79.825747412344,137.666974812239,0.000000000000,,gps_back
79.778431169983,137.683145088681,0.000000000000,,gps_back
79.731927285939,137.701534457274,0.000000000000,,gps_back
79.685423401895,137.719923825868,0.000000000000,,gps_back
79.638919517851,137.738313194462,0.000000000000,,gps_back
79.592415633808,137.756702563058,0.000000000000,,gps_back
79.545934526075,137.775148265318,0.000000000000,,gps_back
79.499729898915,137.794276790702,0.000000000000,,gps_back
79.453669185553,137.813749612608,0.000000000000,,gps_back
79.407573592695,137.833137211114,0.000000000000,,gps_back
79.361076551216,137.851543873276,0.000000000000,,gps_back
79.314578039571,137.869946756344,0.000000000000,,gps_back
79.268171307097,137.888577983980,0.000000000000,,gps_back
79.222110593736,137.908050805889,0.000000000000,,gps_back
79.176086548492,137.927607696679,0.000000000000,,gps_back
79.130519792587,137.948207247650,0.000000000000,,gps_back
79.085420564476,137.969813721962,0.000000000000,,gps_back
79.040275673830,137.991321545153,0.000000000000,,gps_back
78.994585542259,138.011646762633,0.000000000000,,gps_back
78.948524828897,138.031119584541,0.000000000000,,gps_back
78.902578237647,138.050839374636,0.000000000000,,gps_back
78.857911397294,138.073325869686,0.000000000000,,gps_back
78.813378278011,138.096075597535,0.000000000000,,gps_back
78.768437632755,138.117979034957,0.000000000000,,gps_back
78.721933748711,138.136368403551,0.000000000000,,gps_back
78.675477248510,138.154872629060,0.000000000000,,gps_back
78.629657165372,138.174882915293,0.000000000000,,gps_back
78.585148054367,138.197680264832,0.000000000000,,gps_back
78.540637203605,138.220474213983,0.000000000000,,gps_back
78.496106385735,138.243229131157,0.000000000000,,gps_back
78.451559853972,138.265953272864,0.000000000000,,gps_back
78.406976390106,138.288603272583,0.000000000000,,gps_back
78.361992402264,138.310448506895,0.000000000000,,gps_back
78.316893174153,138.332054981207,0.000000000000,,gps_back
78.271722040307,138.353503363608,0.000000000000,,gps_back
78.225786395887,138.373269165974,0.000000000000,,gps_back
78.179770444577,138.392844222270,0.000000000000,,gps_back
78.134461300386,138.413941981884,0.000000000000,,gps_back
78.091610735138,138.439721996748,0.000000000000,,gps_back
78.048712229380,138.465420391257,0.000000000000,,gps_back
78.005225986275,138.490103763127,0.000000000000,,gps_back
77.960716875268,138.512901112663,0.000000000000,,gps_back
77.916207764262,138.535698462200,0.000000000000,,gps_back
77.871698653257,138.558495811737,0.000000000000,,gps_back
77.827189542252,138.581293161276,0.000000000000,,gps_back
77.782630946492,138.603990931541,0.000000000000,,gps_back
77.737567100393,138.625670880486,0.000000000000,,gps_back
77.692369673441,138.647071177339,0.000000000000,,gps_back
77.647226502969,138.668582205758,0.000000000000,,gps_back
77.602627453110,138.691203011820,0.000000000000,,gps_back
77.558125031792,138.714013371442,0.000000000000,,gps_back
77.513753538284,138.737073365242,0.000000000000,,gps_back
77.470020851395,138.761326864081,0.000000000000,,gps_back
77.426249729303,138.785509623892,0.000000000000,,gps_back
77.382063508948,138.808925046268,0.000000000000,,gps_back
77.337481095813,138.831578711478,0.000000000000,,gps_back
77.293013251491,138.854444210954,0.000000000000,,gps_back
77.249699688006,138.879436773068,0.000000000000,,gps_back
77.206849122758,138.905216787932,0.000000000000,,gps_back
77.163863935387,138.930757656614,0.000000000000,,gps_back
77.119572701348,138.953974957839,0.000000000000,,gps_back
77.075068949687,138.976782739317,0.000000000000,,gps_back
77.030677178810,138.999804259683,0.000000000000,,gps_back
76.986863588602,139.023911300594,0.000000000000,,gps_back
76.943058663718,139.048034021226,0.000000000000,,gps_back
76.899345013636,139.072321734792,0.000000000000,,gps_back
76.855724181802,139.096775837485,0.000000000000,,gps_back
76.812064574301,139.121159404643,0.000000000000,,gps_back
76.767995860292,139.144794803271,0.000000000000,,gps_back
76.723486749286,139.167592152808,0.000000000000,,gps_back
76.679023249640,139.190476388488,0.000000000000,,gps_back
76.635003929104,139.214205261713,0.000000000000,,gps_back
76.591196223062,139.238322965488,0.000000000000,,gps_back
76.547531396094,139.262692493402,0.000000000000,,gps_back
76.504680830846,139.288472508266,0.000000000000,,gps_back
76.461782198221,139.314170862269,0.000000000000,,gps_back
76.418259174703,139.338769330151,0.000000000000,,gps_back
76.373061747750,139.360169627002,0.000000000000,,gps_back
76.327882631086,139.381608175007,0.000000000000,,gps_back
76.282918970381,139.403492722478,0.000000000000,,gps_back
76.238409859381,139.426290072025,0.000000000000,,gps_back
76.194023657813,139.449313009196,0.000000000000,,gps_back
76.150867039991,139.474566279845,0.000000000000,,gps_back
76.108867227394,139.501710263530,0.000000000000,,gps_back
76.066662515903,139.528508134310,0.000000000000,,gps_back
76.022610831233,139.552174940107,0.000000000000,,gps_back
75.978101720227,139.574972289643,0.000000000000,,gps_back
75.933592609221,139.597769639180,0.000000000000,,gps_back
75.889083498216,139.620566988719,0.000000000000,,gps_back
75.844615110889,139.643442222261,0.000000000000,,gps_back
75.800624625184,139.667212775192,0.000000000000,,gps_back
75.757727973769,139.692916031908,0.000000000000,,gps_back
75.714765451468,139.718506190857,0.000000000000,,gps_back
75.671138620311,139.742941194470,0.000000000000,,gps_back
75.626629509310,139.765738544014,0.000000000000,,gps_back
75.582077273727,139.788449785989,0.000000000000,,gps_back
75.537135978139,139.810382139679,0.000000000000,,gps_back
75.491970049895,139.831848835612,0.000000000000,,gps_back
75.446909260587,139.853524810511,0.000000000000,,gps_back
75.402773952754,139.877035842803,0.000000000000,,gps_back
75.359028333269,139.901265885102,0.000000000000,,gps_back
75.315033651173,139.925023930052,0.000000000000,,gps_back
75.269867722928,139.946490625985,0.000000000000,,gps_back
75.224712773178,139.967980281720,0.000000000000,,gps_back
75.179704360322,139.989772269633,0.000000000000,,gps_back
75.135157828558,140.012496411340,0.000000000000,,gps_back
75.090681525465,140.035353659632,0.000000000000,,gps_back
75.046893918727,140.059498780596,0.000000000000,,gps_back
75.004043353479,140.085278795460,0.000000000000,,gps_back
74.961094202288,140.110888115202,0.000000000000,,gps_back
74.917265213874,140.134961719719,0.000000000000,,gps_back
74.872756102872,140.157759069263,0.000000000000,,gps_back
74.828246991870,140.180556418808,0.000000000000,,gps_back
74.783737880866,140.203353768348,0.000000000000,,gps_back
74.739228769861,140.226151117886,0.000000000000,,gps_back
74.694719658856,140.248948467425,0.000000000000,,gps_back
74.650210547850,140.271745816961,0.000000000000,,gps_back
74.605692910257,140.294526450675,0.000000000000,,gps_back
74.561079990732,140.317119298698,0.000000000000,,gps_back
74.516246661630,140.339272237782,0.000000000000,,gps_back
74.471413332528,140.361425176867,0.000000000000,,gps_back
74.426580003427,140.383578115951,0.000000000000,,gps_back
74.381746674325,140.405731055036,0.000000000000,,gps_back
74.336928731467,140.427914896206,0.000000000000,,gps_back
74.292243975310,140.450365866198,0.000000000000,,gps_back
74.247661562175,140.473019531408,0.000000000000,,gps_back
74.203085699402,140.495686047522,0.000000000000,,gps_back
74.158562469698,140.518455808195,0.000000000000,,gps_back
74.114053358693,140.541253157733,0.000000000000,,gps_back
74.069544247689,140.564050507273,0.000000000000,,gps_back
74.025035136687,140.586847856817,0.000000000000,,gps_back
73.980526025685,140.609645206362,0.000000000000,,gps_back
73.936016914682,140.632442555905,0.000000000000,,gps_back
73.891507803677,140.655239905443,0.000000000000,,gps_back
73.846998692672,140.678037254982,0.000000000000,,gps_back
73.802489581667,140.700834604519,0.000000000000,,gps_back
73.757980470660,140.723631954056,0.000000000000,,gps_back
73.713418364688,140.746323183659,0.000000000000,,gps_back
73.668434163350,140.768167785673,0.000000000000,,gps_back
73.623303071679,140.789707624878,0.000000000000,,gps_back
73.578229961545,140.811365515518,0.000000000000,,gps_back
73.533609478609,140.833943925584,0.000000000000,,gps_back
73.489100367603,140.856741275120,0.000000000000,,gps_back
73.444591256598,140.879538624658,0.000000000000,,gps_back
73.400082145597,140.902335974205,0.000000000000,,gps_back
73.355540031205,140.925067889906,0.000000000000,,gps_back
73.310667194453,140.947134262193,0.000000000000,,gps_back
73.265169145016,140.967887758426,0.000000000000,,gps_back
73.219760243331,140.988828004406,0.000000000000,,gps_back
73.175041402453,141.011210501190,0.000000000000,,gps_back
73.130532275499,141.034007819590,0.000000000000,,gps_back
73.086018575625,141.056796192192,0.000000000000,,gps_back
73.041472043862,141.079520333899,0.000000000000,,gps_back
72.996926545407,141.102246500270,0.000000000000,,gps_back
72.952392091906,141.124994294385,0.000000000000,,gps_back
72.907882980901,141.147791643923,0.000000000000,,gps_back
72.863373869896,141.170588993462,0.000000000000,,gps_back
72.818864758890,141.193386342999,0.000000000000,,gps_back
72.774355647884,141.216183692536,0.000000000000,,gps_back
72.729714058614,141.238705446401,0.000000000000,,gps_back
72.684058000389,141.259105991665,0.000000000000,,gps_back
72.638039381136,141.278677865286,0.000000000000,,gps_back
72.592488843175,141.299201017055,0.000000000000,,gps_back
72.549592191759,141.324904273771,0.000000000000,,gps_back
72.506625730823,141.350487990178,0.000000000000,,gps_back
72.462838040353,141.374564405708,0.000000000000,,gps_back
72.416777326992,141.394037227617,0.000000000000,,gps_back
72.370807762659,141.413715274391,0.000000000000,,gps_back
72.325580761573,141.435044000172,0.000000000000,,gps_back
72.281071650567,141.457841349708,0.000000000000,,gps_back
72.236562539561,141.480638699245,0.000000000000,,gps_back
72.192053428555,141.503436048783,0.000000000000,,gps_back
72.147544317550,141.526233398322,0.000000000000,,gps_back
72.103035206545,141.549030747860,0.000000000000,,gps_back
72.058526095539,141.571828097396,0.000000000000,,gps_back
72.014016984533,141.594625446933,0.000000000000,,gps_back
71.969507873529,141.617422796473,0.000000000000,,gps_back
71.924998762528,141.640220146020,0.000000000000,,gps_back
71.880399864178,141.662835087829,0.000000000000,,gps_back
71.835077892595,141.683958939726,0.000000000000,,gps_back
71.789017179233,141.703431761633,0.000000000000,,gps_back
71.743106211082,141.723232830895,0.000000000000,,gps_back
71.698258766994,141.745355265689,0.000000000000,,gps_back
71.653749655989,141.768152615226,0.000000000000,,gps_back
71.609240544983,141.790949964764,0.000000000000,,gps_back
71.564731433978,141.813747314301,0.000000000000,,gps_back
71.520222322972,141.836544663839,0.000000000000,,gps_back
71.475713211967,141.859342013377,0.000000000000,,gps_back
71.431204100962,141.882139362915,0.000000000000,,gps_back
71.386694989957,141.904936712454,0.000000000000,,gps_back
71.342185878954,141.927734061996,0.000000000000,,gps_back
71.297676767952,141.950531411541,0.000000000000,,gps_back
71.253026692082,141.973035903763,0.000000000000,,gps_back
71.207390031792,141.993479864490,0.000000000000,,gps_back
71.161400076805,142.013119203834,0.000000000000,,gps_back
71.115538776593,142.033046208851,0.000000000000,,gps_back
71.070372848349,142.054512904784,0.000000000000,,gps_back
71.025217171795,142.076001071006,0.000000000000,,gps_back
70.980205552678,142.097784960829,0.000000000000,,gps_back
70.935696441672,142.120582310365,0.000000000000,,gps_back
70.891109757781,142.143223195255,0.000000000000,,gps_back
70.845889057617,142.164559097590,0.000000000000,,gps_back
70.799828344256,142.184031919499,0.000000000000,,gps_back
70.753852109400,142.203696212278,0.000000000000,,gps_back
70.708459690985,142.224678329298,0.000000000000,,gps_back
70.663328599314,142.246218168504,0.000000000000,,gps_back
70.618261125553,142.267887724352,0.000000000000,,gps_back
70.573620467101,142.290426102216,0.000000000000,,gps_back
70.529111356099,142.313223451761,0.000000000000,,gps_back
70.484395693292,142.335579225309,0.000000000000,,gps_back
70.438367832323,142.355129573230,0.000000000000,,gps_back
70.392400100508,142.374816745057,0.000000000000,,gps_back
70.346979229131,142.395723146283,0.000000000000,,gps_back
70.302432697368,142.418447287990,0.000000000000,,gps_back
70.257889055979,142.441177089289,0.000000000000,,gps_back
70.213365794912,142.463946787974,0.000000000000,,gps_back
70.168856683906,142.486744137511,0.000000000000,,gps_back
70.124347572900,142.509541487047,0.000000000000,,gps_back
70.079838461895,142.532338836586,0.000000000000,,gps_back
70.035319056105,142.555116005522,0.000000000000,,gps_back
69.990468939925,142.577175780404,0.000000000000,,gps_back
69.943965055881,142.595565148997,0.000000000000,,gps_back
69.897513362577,142.614082756932,0.000000000000,,gps_back
69.851611407472,142.633881962018,0.000000000000,,gps_back
69.807102296471,142.656679311565,0.000000000000,,gps_back
69.762556004417,142.679403007521,0.000000000000,,gps_back
69.717736545187,142.701582491674,0.000000000000,,gps_back
69.672637317072,142.723188965978,0.000000000000,,gps_back
69.627578598909,142.744878594967,0.000000000000,,gps_back
69.582803811335,142.767148663051,0.000000000000,,gps_back
69.538257279572,142.789872804758,0.000000000000,,gps_back
69.493549181399,142.812258403936,0.000000000000,,gps_back
69.447814506433,142.832482821761,0.000000000000,,gps_back
69.401792679642,142.852047263766,0.000000000000,,gps_back
69.355941998876,142.871999053562,0.000000000000,,gps_back
69.310744571925,142.893399350415,0.000000000000,,gps_back
69.265563435328,142.914833818952,0.000000000000,,gps_back
69.220562175252,142.936638885847,0.000000000000,,gps_back
69.176053064246,142.959436235384,0.000000000000,,gps_back
69.131453437822,142.982050512052,0.000000000000,,gps_back
69.086191879273,143.003302246649,0.000000000000,,gps_back
69.040198496049,143.022933568765,0.000000000000,,gps_back
68.994359424957,143.042902273337,0.000000000000,,gps_back
68.949490479886,143.064980485925,0.000000000000,,gps_back
68.904981368880,143.087777835462,0.000000000000,,gps_back
68.860379320494,143.110387135962,0.000000000000,,gps_back
68.815231496302,143.131891874388,0.000000000000,,gps_back
68.770058654987,143.153343983824,0.000000000000,,gps_back
68.724730991341,143.174456284189,0.000000000000,,gps_back
68.678737608113,143.194087606297,0.000000000000,,gps_back
68.632819629589,143.213889569812,0.000000000000,,gps_back
68.587471386369,143.234955596357,0.000000000000,,gps_back
68.542888973233,143.257609261567,0.000000000000,,gps_back
68.498313297401,143.280276153005,0.000000000000,,gps_back
68.453780448593,143.303027087303,0.000000000000,,gps_back
68.409271337588,143.325824436841,0.000000000000,,gps_back
68.364682590580,143.348461592236,0.000000000000,,gps_back
68.319625628782,143.370155949891,0.000000000000,,gps_back
68.274494537109,143.391695789095,0.000000000000,,gps_back
68.229237587903,143.412957453401,0.000000000000,,gps_back
68.183255821649,143.432615896111,0.000000000000,,gps_back
68.137258743193,143.452237424939,0.000000000000,,gps_back
68.091560895389,143.472539118119,0.000000000000,,gps_back
68.046429803718,143.494078957325,0.000000000000,,gps_back
68.001248928032,143.515512360605,0.000000000000,,gps_back
67.955696937990,143.536140318905,0.000000000000,,gps_back
67.909636224628,143.555613140813,0.000000000000,,gps_back
67.863729708711,143.575426963708,0.000000000000,,gps_back
67.818768009443,143.597313946386,0.000000000000,,gps_back
67.774258898437,143.620111295922,0.000000000000,,gps_back
67.729749787431,143.642908645459,0.000000000000,,gps_back
67.685240676426,143.665705994998,0.000000000000,,gps_back
67.640695546211,143.688432108248,0.000000000000,,gps_back
67.595753349003,143.710335313070,0.000000000000,,gps_back
67.549721173967,143.729875501654,0.000000000000,,gps_back
67.503754370495,143.749565261823,0.000000000000,,gps_back
67.458220379653,143.770235727884,0.000000000000,,gps_back
67.413089287986,143.791775567097,0.000000000000,,gps_back
67.367876122752,143.813137695381,0.000000000000,,gps_back
67.322152732786,143.833386649564,0.000000000000,,gps_back
67.276092019425,143.852859471473,0.000000000000,,gps_back
67.230163243290,143.872627154258,0.000000000000,,gps_back
67.184968228932,143.894032331394,0.000000000000,,gps_back
67.139869000817,143.915638805698,0.000000000000,,gps_back
67.094623692041,143.936921699828,0.000000000000,,gps_back
67.048585464619,143.956447608454,0.000000000000,,gps_back
67.002568278091,143.976021406573,0.000000000000,,gps_back
66.956892780871,143.996372660111,0.000000000000,,gps_back
66.911793552756,144.017979134417,0.000000000000,,gps_back
66.866634397090,144.039457585606,0.000000000000,,gps_back
66.821062875530,144.060042524161,0.000000000000,,gps_back
66.775002162168,144.079515346067,0.000000000000,,gps_back
66.729112570056,144.099365136913,0.000000000000,,gps_back
66.684207663081,144.121369245736,0.000000000000,,gps_back
66.639698552081,144.144166595283,0.000000000000,,gps_back
66.594886063623,144.166297957660,0.000000000000,,gps_back
66.548459357860,144.184881090442,0.000000000000,,gps_back
66.501990232469,144.203356884056,0.000000000000,,gps_back
66.455989237488,144.222907951541,0.000000000000,,gps_back
66.411480126482,144.245705301077,0.000000000000,,gps_back
66.366847075802,144.268249883856,0.000000000000,,gps_back
66.321365771996,144.289007423155,0.000000000000,,gps_back
66.274838094727,144.307336508139,0.000000000000,,gps_back
66.228351619461,144.325768136150,0.000000000000,,gps_back
66.182116583414,144.344821940100,0.000000000000,,gps_back
66.136084408379,144.364362128686,0.000000000000,,gps_back
66.090177588212,144.384182843052,0.000000000000,,gps_back
66.044934379354,144.405485864394,0.000000000000,,gps_back
65.999803287682,144.427025703600,0.000000000000,,gps_back
65.954533939776,144.448259951239,0.000000000000,,gps_back
65.908550797784,144.467915171544,0.000000000000,,gps_back
65.862557241104,144.487544858667,0.000000000000,,gps_back
65.816869658289,144.507869026719,0.000000000000,,gps_back
65.771738566622,144.529408865932,0.000000000000,,gps_back
65.726552754684,144.550831710850,0.000000000000,,gps_back
65.680991452215,144.571438573060,0.000000000000,,gps_back
65.634930738853,144.590911394966,0.000000000000,,gps_back
65.588968598799,144.610608129512,0.000000000000,,gps_back
65.543551446648,144.631536384680,0.000000000000,,gps_back
65.498385518403,144.653003080613,0.000000000000,,gps_back
65.453046327076,144.674079820750,0.000000000000,,gps_back
65.406792080277,144.693086021491,0.000000000000,,gps_back
65.360288196233,144.711475390085,0.000000000000,,gps_back
65.313864145814,144.730059473157,0.000000000000,,gps_back
65.267841666867,144.749622459262,0.000000000000,,gps_back
65.221764515910,144.769050190413,0.000000000000,,gps_back
65.175061547910,144.786872445132,0.000000000000,,gps_back
65.127320423725,144.801757510466,0.000000000000,,gps_back
65.079679621248,144.816944338834,0.000000000000,,gps_back
65.032639562312,144.833901085615,0.000000000000,,gps_back
64.986135678268,144.852290454208,0.000000000000,,gps_back
64.939631794225,144.870679822803,0.000000000000,,gps_back
64.893127910184,144.889069191404,0.000000000000,,gps_back
64.846624026144,144.907458560008,0.000000000000,,gps_back
64.799937274595,144.925339198115,0.000000000000,,gps_back
64.752338545750,144.940672012365,0.000000000000,,gps_back
64.704615201542,144.955613423570,0.000000000000,,gps_back
64.657173213426,144.971374470747,0.000000000000,,gps_back
64.610669329382,144.989763839341,0.000000000000,,gps_back
64.564104513950,145.007994589609,0.000000000000,,gps_back
64.517094838547,145.025017959090,0.000000000000,,gps_back
64.469353714362,145.039903024423,0.000000000000,,gps_back
64.421754174244,145.055204860696,0.000000000000,,gps_back
64.374982856354,145.072878705875,0.000000000000,,gps_back
64.328950681319,145.092418894460,0.000000000000,,gps_back
64.282618639880,145.111142790489,0.000000000000,,gps_back
64.234838233190,145.125897374564,0.000000000000,,gps_back
64.186846131080,145.139952204467,0.000000000000,,gps_back
64.139097420766,145.154723435416,0.000000000000,,gps_back
64.092496947897,145.172866225921,0.000000000000,,gps_back
64.045968616294,145.191193083055,0.000000000000,,gps_back
63.999131015934,145.208668276392,0.000000000000,,gps_back
63.951389891749,145.223553341726,0.000000000000,,gps_back
63.903648767564,145.238438407060,0.000000000000,,gps_back
63.855907643380,145.253323472395,0.000000000000,,gps_back
63.808166519195,145.268208537730,0.000000000000,,gps_back
63.760398419760,145.283005497058,0.000000000000,,gps_back
63.712488984424,145.297338940272,0.000000000000,,gps_back
63.664496882318,145.311393770184,0.000000000000,,gps_back
63.616534970451,145.325549499185,0.000000000000,,gps_back
63.568725445959,145.340212978841,0.000000000000,,gps_back
63.520984321774,145.355098044175,0.000000000000,,gps_back
63.473201402420,145.369845201692,0.000000000000,,gps_back
63.425225550225,145.383955374588,0.000000000000,,gps_back
63.377233506163,145.398010402693,0.000000000000,,gps_back
63.329296594631,145.412246702084,0.000000000000,,gps_back
63.281607283288,145.427296941022,0.000000000000,,gps_back
63.233916391892,145.442342168239,0.000000000000,,gps_back
63.186213483701,145.457349215026,0.000000000000,,gps_back
63.138488526341,145.472286033741,0.000000000000,,gps_back
63.090647747459,145.486820628533,0.000000000000,,gps_back
63.042188938850,145.499138084532,0.000000000000,,gps_back
62.993291190821,145.509616173395,0.000000000000,,gps_back
62.944519830112,145.520610744002,0.000000000000,,gps_back
62.896395963572,145.534192133029,0.000000000000,,gps_back
62.848654839387,145.549077198363,0.000000000000,,gps_back
62.800721082052,145.563244407986,0.000000000000,,gps_back
62.751919624264,145.574160080510,0.000000000000,,gps_back
62.703023290570,145.584644757970,0.000000000000,,gps_back
62.654233309568,145.595576820533,0.000000000000,,gps_back
62.605880138049,145.608334207118,0.000000000000,,gps_back
62.557526966530,145.621091593703,0.000000000000,,gps_back
62.509173795011,145.633848980288,0.000000000000,,gps_back
62.460820623492,145.646606366873,0.000000000000,,gps_back
62.412423189841,145.659189213464,0.000000000000,,gps_back
62.363775970971,145.670762291947,0.000000000000,,gps_back
62.314878222943,145.681240380810,0.000000000000,,gps_back
62.265995868241,145.691788985326,0.000000000000,,gps_back
62.217193070844,145.702700060124,0.000000000000,,gps_back
62.168447164194,145.713863244853,0.000000000000,,gps_back
62.119623412022,145.724651795443,0.000000000000,,gps_back
62.070454070044,145.733769840275,0.000000000000,,gps_back
62.021235824434,145.742621077904,0.000000000000,,gps_back
61.972017578825,145.751472315533,0.000000000000,,gps_back
61.922799333215,145.760323553162,0.000000000000,,gps_back
61.873581087606,145.769174790791,0.000000000000,,gps_back
61.824362841996,145.778026028420,0.000000000000,,gps_back
61.775144596387,145.786877266049,0.000000000000,,gps_back
61.725926350778,145.795728503678,0.000000000000,,gps_back
61.676708105168,145.804579741307,0.000000000000,,gps_back
61.627489859559,145.813430978936,0.000000000000,,gps_back
61.578227116596,145.822012740773,0.000000000000,,gps_back
61.528757079303,145.829321616438,0.000000000000,,gps_back
61.479206761859,145.836070405194,0.000000000000,,gps_back
61.429659830643,145.842843817525,0.000000000000,,gps_back
61.380127735379,145.849725065426,0.000000000000,,gps_back
61.330601347756,145.856647111223,0.000000000000,,gps_back
61.281236377615,145.864464951685,0.000000000000,,gps_back
61.232490470965,145.875628136413,0.000000000000,,gps_back
61.183685414227,145.886514426252,0.000000000000,,gps_back
61.134541075741,145.895698559296,0.000000000000,,gps_back
61.085014801922,145.902621586818,0.000000000000,,gps_back
61.035439871018,145.909132572231,0.000000000000,,gps_back
60.985634141512,145.913556823414,0.000000000000,,gps_back
60.935708370469,145.916419950069,0.000000000000,,gps_back
60.885832763703,145.919859361376,0.000000000000,,gps_back
60.836190710444,145.925880579613,0.000000000000,,gps_back
60.786661052376,145.932779353424,0.000000000000,,gps_back
60.737127721973,145.939651495885,0.000000000000,,gps_back
60.687579025909,145.946412175695,0.000000000000,,gps_back
60.638020434605,145.953098737907,0.000000000000,,gps_back
60.588364312745,145.958861314290,0.000000000000,,gps_back
60.538449086464,145.961902743847,0.000000000000,,gps_back
60.488549196615,145.965157815094,0.000000000000,,gps_back
60.438768556796,145.969800339945,0.000000000000,,gps_back
60.389218239352,145.976549128700,0.000000000000,,gps_back
60.339628436884,145.982966645362,0.000000000000,,gps_back
60.289849115967,145.987683454316,0.000000000000,,gps_back
60.239946253865,145.990921426284,0.000000000000,,gps_back
60.190041277707,145.994125952025,0.000000000000,,gps_back
60.140127507125,145.997191155485,0.000000000000,,gps_back
60.090212280844,146.000232585042,0.000000000000,,gps_back
60.040297054563,146.003274014598,0.000000000000,,gps_back
59.990381828282,146.006315444155,0.000000000000,,gps_back
59.940466041308,146.009347601330,0.000000000000,,gps_back
59.890546466771,146.012316331653,0.000000000000,,gps_back
59.840620695728,146.015179458309,0.000000000000,,gps_back
59.790695896085,146.018059281963,0.000000000000,,gps_back
59.740776093132,146.021024395759,0.000000000000,,gps_back
59.690860866851,146.024065825315,0.000000000000,,gps_back
59.640927221853,146.026573798747,0.000000000000,,gps_back
59.590922396316,146.026716230145,0.000000000000,,gps_back
59.540922682195,146.025816954711,0.000000000000,,gps_back
59.490935103020,146.025630984973,0.000000000000,,gps_back
59.441000013072,146.028320787727,0.000000000000,,gps_back
59.391080584745,146.031288922899,0.000000000000,,gps_back
59.341131512068,146.033248843099,0.000000000000,,gps_back
59.291130844579,146.032404237229,0.000000000000,,gps_back
59.241128972097,146.031660016849,0.000000000000,,gps_back
59.191139066329,146.031966935253,0.000000000000,,gps_back
59.141213295286,146.034830061908,0.000000000000,,gps_back
59.091275862735,146.037431946715,0.000000000000,,gps_back
59.041289940231,146.038512364510,0.000000000000,,gps_back
58.991290168262,146.037616311248,0.000000000000,,gps_back
58.941290402848,146.036719892553,0.000000000000,,gps_back
58.891290667927,146.035821774598,0.000000000000,,gps_back
58.841290953806,146.034922499174,0.000000000000,,gps_back
58.791321288602,146.033398370251,0.000000000000,,gps_back
58.741482714397,146.029304778827,0.000000000000,,gps_back
58.691707449516,146.024487817709,0.000000000000,,gps_back
58.641885827383,146.020459933409,0.000000000000,,gps_back
58.591888345295,146.019445833561,0.000000000000,,gps_back
58.541892205587,146.018402720952,0.000000000000,,gps_back
58.491949943583,146.016171577468,0.000000000000,,gps_back
58.442159426809,146.011514910429,0.000000000000,,gps_back
58.392370150694,146.006845067171,0.000000000000,,gps_back
58.342587497504,146.002105241699,0.000000000000,,gps_back
58.292812232623,145.997288280581,0.000000000000,,gps_back
58.243037173946,145.992469190927,0.000000000000,,gps_back
58.193263030741,145.987640654069,0.000000000000,,gps_back
58.143489430031,145.982806527381,0.000000000000,,gps_back
58.093718172800,145.977948551983,0.000000000000,,gps_back
58.043956254797,145.972995625480,0.000000000000,,gps_back
57.994211870104,145.967877040760,0.000000000000,,gps_back
57.944617506203,145.961583661161,0.000000000000,,gps_back
57.895368864095,145.952903145107,0.000000000000,,gps_back
57.846070894344,145.944528411842,0.000000000000,,gps_back
57.796524368612,145.937836811449,0.000000000000,,gps_back
57.746733851839,145.933180144410,0.000000000000,,gps_back
57.697000471903,145.928034083635,0.000000000000,,gps_back
57.647535705989,145.920720322269,0.000000000000,,gps_back
57.598287063882,145.912039806214,0.000000000000,,gps_back
57.549033599274,145.903386859480,0.000000000000,,gps_back
57.499760961700,145.894843619275,0.000000000000,,gps_back
57.450482317182,145.886335076336,0.000000000000,,gps_back
57.401102815854,145.878559145481,0.000000000000,,gps_back
57.351351910077,145.873498207092,0.000000000000,,gps_back
57.301588771839,145.868561429837,0.000000000000,,gps_back
57.251960556179,145.862557937771,0.000000000000,,gps_back
57.202681911662,145.854049394831,0.000000000000,,gps_back
57.153459906878,145.845238356011,0.000000000000,,gps_back
57.104601145716,145.834661846931,0.000000000000,,gps_back
57.056312825528,145.821661145341,0.000000000000,,gps_back
57.007885115301,145.809240591651,0.000000000000,,gps_back
56.958889744411,145.799253947762,0.000000000000,,gps_back
56.909641102303,145.790573431707,0.000000000000,,gps_back
56.860521448319,145.781267463215,0.000000000000,,gps_back
56.811896900201,145.769591274423,0.000000000000,,gps_back
56.763413252806,145.757339089160,0.000000000000,,gps_back
56.714970016211,145.744931722106,0.000000000000,,gps_back
56.666671429422,145.731969230999,0.000000000000,,gps_back
56.618371797648,145.719010876302,0.000000000000,,gps_back
56.569998125667,145.706334060419,0.000000000000,,gps_back
56.521504024797,145.694123315594,0.000000000000,,gps_back
56.473026771240,145.681846516675,0.000000000000,,gps_back
56.424637307854,145.669229275186,0.000000000000,,gps_back
56.376348987666,145.656228573596,0.000000000000,,gps_back
56.328030617110,145.643341880079,0.000000000000,,gps_back
56.279594210260,145.630904674065,0.000000000000,,gps_back
56.231110562865,145.618652488801,0.000000000000,,gps_back
56.182812223059,145.605750236715,0.000000000000,,gps_back
56.135200081958,145.590459955008,0.000000000000,,gps_back
56.087741411624,145.574697508542,0.000000000000,,gps_back
56.040346827436,145.558747638030,0.000000000000,,gps_back
55.993179808765,145.542132855407,0.000000000000,,gps_back
55.945985897267,145.525597042358,0.000000000000,,gps_back
55.898366179469,145.510417446087,0.000000000000,,gps_back
55.849882532074,145.498165260824,0.000000000000,,gps_back
55.801474467712,145.485629499023,0.000000000000,,gps_back
55.753540573769,145.471439200827,0.000000000000,,gps_back
55.706340293407,145.454919102698,0.000000000000,,gps_back
55.659149401872,145.438372285859,0.000000000000,,gps_back
55.611998504893,145.421711824133,0.000000000000,,gps_back
55.564875317916,145.404973085901,0.000000000000,,gps_back
55.517748481222,145.388244638002,0.000000000000,,gps_back
55.470608335937,145.371553718869,0.000000000000,,gps_back
55.423464620595,145.354872885245,0.000000000000,,gps_back
55.376311865811,145.338217682580,0.000000000000,,gps_back
55.329131499391,145.321640797078,0.000000000000,,gps_back
55.282009080990,145.304902834926,0.000000000000,,gps_back
55.235238359442,145.287220841059,0.000000000000,,gps_back
55.188993784850,145.268188777870,0.000000000000,,gps_back
55.142710756140,145.249251341636,0.000000000000,,gps_back
55.096207824755,145.230865339054,0.000000000000,,gps_back
55.049399978857,145.213264041638,0.000000000000,,gps_back
55.002747046189,145.195272463596,0.000000000000,,gps_back
54.956679789921,145.175817823411,0.000000000000,,gps_back
54.910844492165,145.155820183849,0.000000000000,,gps_back
54.864740248529,145.136495647989,0.000000000000,,gps_back
54.817710370955,145.119497515882,0.000000000000,,gps_back
54.770600177994,145.102723197786,0.000000000000,,gps_back
54.723871206533,145.084963113277,0.000000000000,,gps_back
54.678035908777,145.064965473715,0.000000000000,,gps_back
54.632205045233,145.044957683930,0.000000000000,,gps_back
54.586399495967,145.024892056140,0.000000000000,,gps_back
54.540629210616,145.004746061814,0.000000000000,,gps_back
54.494848802188,144.984623133748,0.000000000000,,gps_back
54.449023554409,144.964602544797,0.000000000000,,gps_back
54.403160094049,144.944669579332,0.000000000000,,gps_back
54.357519242313,144.924254579886,0.000000000000,,gps_back
54.312747709685,144.901984266689,0.000000000000,,gps_back
54.268439142901,144.878799551509,0.000000000000,,gps_back
54.223687842950,144.856560791444,0.000000000000,,gps_back
54.177347381028,144.837778237336,0.000000000000,,gps_back
54.130579413005,144.820074128620,0.000000000000,,gps_back
54.084553863860,144.800656091562,0.000000000000,,gps_back
54.040245297076,144.777471376383,0.000000000000,,gps_back
53.995884752166,144.754387152467,0.000000000000,,gps_back
53.951170717838,144.732007401307,0.000000000000,,gps_back
53.905859276775,144.710849579652,0.000000000000,,gps_back
53.860487945576,144.689822045600,0.000000000000,,gps_back
53.814876492587,144.669320155035,0.000000000000,,gps_back
53.769106207237,144.649174160710,0.000000000000,,gps_back
53.723671033867,144.628328911167,0.000000000000,,gps_back
53.679446568045,144.604991074859,0.000000000000,,gps_back
53.635697819088,144.580766560970,0.000000000000,,gps_back
53.591591701273,144.557239933603,0.000000000000,,gps_back
53.546344215303,144.535945852595,0.000000000000,,gps_back
53.501094229660,144.514658425508,0.000000000000,,gps_back
53.456209333139,144.492620694886,0.000000000000,,gps_back
53.411864019789,144.469506342368,0.000000000000,,gps_back
53.367578616673,144.446278516633,0.000000000000,,gps_back
53.323594131803,144.422488414086,0.000000000000,,gps_back
53.279965112441,144.398048921908,0.000000000000,,gps_back
53.236578135852,144.373196567834,0.000000000000,,gps_back
53.194121993853,144.346778643295,0.000000000000,,gps_back
53.152221100399,144.319482210630,0.000000000000,,gps_back
53.110000387535,144.292704498720,0.000000000000,,gps_back
53.066670573831,144.267742144779,0.000000000000,,gps_back
53.022964448292,144.243440813564,0.000000000000,,gps_back
52.979462561609,144.218786098430,0.000000000000,,gps_back
52.936597246438,144.193030639151,0.000000000000,,gps_back
52.893762932984,144.167223630427,0.000000000000,,gps_back
52.850928619529,144.141416621703,0.000000000000,,gps_back
52.808094306074,144.115609612979,0.000000000000,,gps_back
52.765260278420,144.089802129908,0.000000000000,,gps_back
52.722427744672,144.063992167553,0.000000000000,,gps_back
52.679597106446,144.038179059690,0.000000000000,,gps_back
52.636912511443,144.012129668953,0.000000000000,,gps_back
52.594736550896,143.985261003896,0.000000000000,,gps_back
52.552756168070,143.958086980156,0.000000000000,,gps_back
52.510981212044,143.930605728535,0.000000000000,,gps_back
52.469872502216,143.902130539668,0.000000000000,,gps_back
52.428870748033,143.873501351427,0.000000000000,,gps_back
52.387588197040,143.845285671942,0.000000000000,,gps_back
52.345687303588,143.817989239275,0.000000000000,,gps_back
52.303781832289,143.790699838924,0.000000000000,,gps_back
52.261847326158,143.763455115689,0.000000000000,,gps_back
52.219866943332,143.736281091949,0.000000000000,,gps_back
52.177977451820,143.708968672433,0.000000000000,,gps_back
52.136527471392,143.680996933072,0.000000000000,,gps_back
52.095576669666,143.652294808648,0.000000000000,,gps_back
52.054900304557,143.623216225367,0.000000000000,,gps_back
52.015217364568,143.592789118967,0.000000000000,,gps_back
51.976048167026,143.561699666215,0.000000000000,,gps_back
51.936337272659,143.531346088149,0.000000000000,,gps_back
51.894868182965,143.503401679371,0.000000000000,,gps_back
51.852967289513,143.476105246704,0.000000000000,,gps_back
51.811703758552,143.447917447304,0.000000000000,,gps_back
51.772399074131,143.417000157828,0.000000000000,,gps_back
51.733290971438,143.385833959900,0.000000000000,,gps_back
51.693639651878,143.355391900412,0.000000000000,,gps_back
51.652602929975,143.326812754800,0.000000000000,,gps_back
51.611690439624,143.298058399668,0.000000000000,,gps_back
51.571419802783,143.268420079553,0.000000000000,,gps_back
51.531960897327,143.237699160156,0.000000000000,,gps_back
51.492501991870,143.206978240759,0.000000000000,,gps_back
51.453043086414,143.176257321362,0.000000000000,,gps_back
51.413584180957,143.145536401964,0.000000000000,,gps_back
51.374175253154,143.114751707567,0.000000000000,,gps_back
51.334918615090,143.083772744962,0.000000000000,,gps_back
51.295682804939,143.052767401830,0.000000000000,,gps_back
51.256488127642,143.021710254342,0.000000000000,,gps_back
51.217404421712,142.990513394898,0.000000000000,,gps_back
51.178374620064,142.959249466022,0.000000000000,,gps_back
51.139766861811,142.927473307766,0.000000000000,,gps_back
51.101928069368,142.894777652169,0.000000000000,,gps_back
51.064149951932,142.862012284742,0.000000000000,,gps_back
51.026621991767,142.828960880551,0.000000000000,,gps_back
50.989310385216,142.795664872907,0.000000000000,,gps_back
50.951945293799,142.762429178881,0.000000000000,,gps_back
50.914364124072,142.729438117480,0.000000000000,,gps_back
50.876604178942,142.696651433411,0.000000000000,,gps_back
50.838574180394,142.664186161259,0.000000000000,,gps_back
50.799679815483,142.632754496226,0.000000000000,,gps_back
50.760528180650,142.601642929271,0.000000000000,,gps_back
50.721673889905,142.570170718152,0.000000000000,,gps_back
50.683708908367,142.537621837961,0.000000000000,,gps_back
50.645945350990,142.504840087156,0.000000000000,,gps_back
50.608856794411,142.471312421752,0.000000000000,,gps_back
50.572977283183,142.436477944830,0.000000000000,,gps_back
50.536931337312,142.401818101391,0.000000000000,,gps_back
50.500044481004,142.368064918140,0.000000000000,,gps_back
50.462114746730,142.335474806659,0.000000000000,,gps_back
50.424005799660,142.303097819115,0.000000000000,,gps_back
50.385268074311,142.271474068292,0.000000000000,,gps_back
50.346184368381,142.240277208847,0.000000000000,,gps_back
50.307709103546,142.208371425400,0.000000000000,,gps_back
50.271177570402,142.174226031752,0.000000000000,,gps_back
50.235295511340,142.139394179291,0.000000000000,,gps_back
50.198958555272,142.105055435758,0.000000000000,,gps_back
50.161290477661,142.072163616615,0.000000000000,,gps_back
50.123473170648,142.039443158161,0.000000000000,,gps_back
50.085833613706,142.006519682194,0.000000000000,,gps_back
50.048522007155,141.973223674550,0.000000000000,,gps_back
50.011186976389,141.939953986528,0.000000000000,,gps_back
49.973670625692,141.906890152294,0.000000000000,,gps_back
49.935831833254,141.874194496691,0.000000000000,,gps_back
49.898073229693,141.841406895603,0.000000000000,,gps_back
49.860638229127,141.808250656863,0.000000000000,,gps_back
49.823484371875,141.774778713392,0.000000000000,,gps_back
49.786473029813,141.741151078889,0.000000000000,,gps_back
49.750028357536,141.706910889072,0.000000000000,,gps_back
49.714061699283,141.672166398825,0.000000000000,,gps_back
49.677781177701,141.637758225568,0.000000000000,,gps_back
49.640427829044,141.604513231755,0.000000000000,,gps_back
49.602498094778,141.571923120266,0.000000000000,,gps_back
49.565066778401,141.538784402353,0.000000000000,,gps_back
49.529071622219,141.504069875324,0.000000000000,,gps_back
49.493270267765,141.469155080773,0.000000000000,,gps_back
49.456883885574,141.434878387111,0.000000000000,,gps_back
49.418954151300,141.402288275630,0.000000000000,,gps_back
49.381183171958,141.369516713746,0.000000000000,,gps_back
49.344236510620,141.335829588364,0.000000000000,,gps_back
49.308354451558,141.300997735902,0.000000000000,,gps_back
49.272311264430,141.266334766795,0.000000000000,,gps_back
49.235629682173,141.232349490728,0.000000000000,,gps_back
49.198401125237,141.198960650424,0.000000000000,,gps_back
49.161099039813,141.165654471419,0.000000000000,,gps_back
49.123507124781,141.132676059269,0.000000000000,,gps_back
49.085668332339,141.099980403672,0.000000000000,,gps_back
49.048208406623,141.066864336202,0.000000000000,,gps_back
49.011918299720,141.032459715342,0.000000000000,,gps_back
48.976036240658,140.997627862880,0.000000000000,,gps_back
48.940134307295,140.962816526967,0.000000000000,,gps_back
48.904176085766,140.928063306142,0.000000000000,,gps_back
48.868209427518,140.893318815889,0.000000000000,,gps_back
48.831732788620,140.859132393193,0.000000000000,,gps_back
48.793896005443,140.826434412465,0.000000000000,,gps_back
48.756201273241,140.793574703728,0.000000000000,,gps_back
48.719281057794,140.759858197573,0.000000000000,,gps_back
48.683398998729,140.725026345114,0.000000000000,,gps_back
48.647516939665,140.690194492655,0.000000000000,,gps_back
48.611634880602,140.655362640195,0.000000000000,,gps_back
48.575752821540,140.620530787733,0.000000000000,,gps_back
48.539564711447,140.586024653801,0.000000000000,,gps_back
48.502336485037,140.552640263765,0.000000000000,,gps_back
48.464497692594,140.519944608168,0.000000000000,,gps_back
48.426780652072,140.487109943073,0.000000000000,,gps_back
48.389407132623,140.453883495039,0.000000000000,,gps_back
48.352095526072,140.420587487395,0.000000000000,,gps_back
48.315138899907,140.386908510769,0.000000000000,,gps_back
48.279176466443,140.352159967257,0.000000000000,,gps_back
48.243381785586,140.317238327393,0.000000000000,,gps_back
48.207540141629,140.282365059706,0.000000000000,,gps_back
48.171575215697,140.247618776326,0.000000000000,,gps_back
48.135543709549,140.212941870306,0.000000000000,,gps_back
48.098888303168,140.178942320221,0.000000000000,,gps_back
48.061049510731,140.146246664618,0.000000000000,,gps_back
48.023423725535,140.113310180283,0.000000000000,,gps_back
47.986682774891,140.079394498552,0.000000000000,,gps_back
47.950800715829,140.044562646091,0.000000000000,,gps_back
47.914700226154,140.009960990823,0.000000000000,,gps_back
47.877854618709,139.976152776329,0.000000000000,,gps_back
47.840543012153,139.942856768690,0.000000000000,,gps_back
47.803463674728,139.909306835212,0.000000000000,,gps_back
47.767174638309,139.874902086160,0.000000000000,,gps_back
47.731379957450,139.839980446298,0.000000000000,,gps_back
47.695167980421,139.805505604581,0.000000000000,,gps_back
47.657704034403,139.772384048979,0.000000000000,,gps_back
47.619774300134,139.739793937492,0.000000000000,,gps_back
47.582382002141,139.706613081183,0.000000000000,,gps_back
47.546376021621,139.671909360691,0.000000000000,,gps_back
47.510372394722,139.637203284514,0.000000000000,,gps_back
47.473976519340,139.602915783192,0.000000000000,,gps_back
47.436822662088,139.569443839721,0.000000000000,,gps_back
47.399708564744,139.535927948352,0.000000000000,,gps_back
47.362991466251,139.501984474680,0.000000000000,,gps_back
47.327024808003,139.467239984427,0.000000000000,,gps_back
47.291070607607,139.432482614416,0.000000000000,,gps_back
47.255184211698,139.397655328476,0.000000000000,,gps_back
47.219389530841,139.362733688612,0.000000000000,,gps_back
47.183352253072,139.328066955896,0.000000000000,,gps_back
47.146338649952,139.294451170091,0.000000000000,,gps_back
47.108408915678,139.261861058610,0.000000000000,,gps_back
47.070869395207,139.228835221220,0.000000000000,,gps_back
47.034502782157,139.194512456824,0.000000000000,,gps_back
46.998620723092,139.159680604365,0.000000000000,,gps_back
46.962739260541,139.124848137444,0.000000000000,,gps_back
46.926859419864,139.090013999858,0.000000000000,,gps_back
46.890979908638,139.055179522933,0.000000000000,,gps_back
46.854542820592,139.020953474087,0.000000000000,,gps_back
46.816687215741,138.988277364970,0.000000000000,,gps_back
46.778808502219,138.955628199037,0.000000000000,,gps_back
46.741228332493,138.922638137379,0.000000000000,,gps_back
46.704074475241,138.889166193908,0.000000000000,,gps_back
46.667002535587,138.855604092703,0.000000000000,,gps_back
46.630393297980,138.821542554846,0.000000000000,,gps_back
46.594426639727,138.786798064599,0.000000000000,,gps_back
46.558469218990,138.752044020715,0.000000000000,,gps_back
46.522549765700,138.717250748181,0.000000000000,,gps_back
46.486667706638,138.682418895720,0.000000000000,,gps_back
46.450486185653,138.647905016131,0.000000000000,,gps_back
46.413301050391,138.614473723152,0.000000000000,,gps_back
46.375462257953,138.581778067549,0.000000000000,,gps_back
46.337764544923,138.548921555813,0.000000000000,,gps_back
46.300448344855,138.515630802554,0.000000000000,,gps_back
46.263219787918,138.482241962250,0.000000000000,,gps_back
46.225827161036,138.449039234070,0.000000000000,,gps_back
46.187994060395,138.416337129559,0.000000000000,,gps_back
46.150114953692,138.383688411996,0.000000000000,,gps_back
46.112904830481,138.350302737887,0.000000000000,,gps_back
46.077022771418,138.315470885426,0.000000000000,,gps_back
46.041140883652,138.280638856507,0.000000000000,,gps_back
46.005259984021,138.245805809720,0.000000000000,,gps_back
45.969380472793,138.210971332797,0.000000000000,,gps_back
45.933500694107,138.176137131363,0.000000000000,,gps_back
45.897619790178,138.141304088996,0.000000000000,,gps_back
45.861737731109,138.106472236542,0.000000000000,,gps_back
45.825372155415,138.072163358646,0.000000000000,,gps_back
45.787382434895,138.039661764187,0.000000000000,,gps_back
45.748298728965,138.008464904742,0.000000000000,,gps_back
45.709799388728,137.976580283293,0.000000000000,,gps_back
45.673035156945,137.942689302095,0.000000000000,,gps_back
45.637068498699,137.907944811841,0.000000000000,,gps_back
45.601121481901,137.873180028008,0.000000000000,,gps_back
45.565226580373,137.838361412160,0.000000000000,,gps_back
45.529344521304,137.803529559706,0.000000000000,,gps_back
45.493270792381,137.768898893111,0.000000000000,,gps_back
45.456727636680,137.734761278124,0.000000000000,,gps_back
45.420149282802,137.700661364107,0.000000000000,,gps_back
45.383570928923,137.666561450090,0.000000000000,,gps_back
45.346992575044,137.632461536073,0.000000000000,,gps_back
45.310385238286,137.598392800756,0.000000000000,,gps_back
45.273363133145,137.564784649017,0.000000000000,,gps_back
45.235524340703,137.532088993420,0.000000000000,,gps_back
45.198073806497,137.498961309070,0.000000000000,,gps_back
45.162294881233,137.464061798801,0.000000000000,,gps_back
45.128286112492,137.427398687134,0.000000000000,,gps_back
45.093734576900,137.391265177244,0.000000000000,,gps_back
45.056928233431,137.357487558528,0.000000000000,,gps_back
45.017844527501,137.326290699083,0.000000000000,,gps_back
44.979206803341,137.294560651032,0.000000000000,,gps_back
44.942095263437,137.261060472937,0.000000000000,,gps_back
44.906128605184,137.226315982689,0.000000000000,,gps_back
44.870177957652,137.191554943556,0.000000000000,,gps_back
44.834273601588,137.156746081555,0.000000000000,,gps_back
44.798391542526,137.121914229094,0.000000000000,,gps_back
44.762489737118,137.087102756186,0.000000000000,,gps_back
44.726536934144,137.052343931526,0.000000000000,,gps_back
44.690570275895,137.017599441274,0.000000000000,,gps_back
44.654108455401,136.983392656606,0.000000000000,,gps_back
44.616470085045,136.950466707991,0.000000000000,,gps_back
44.578809161926,136.917567103884,0.000000000000,,gps_back
44.541823529922,136.883924186680,0.000000000000,,gps_back
44.505856871674,136.849179696428,0.000000000000,,gps_back
44.469764347035,136.814567055921,0.000000000000,,gps_back
44.433125897793,136.780536679635,0.000000000000,,gps_back
44.395897340856,136.747147839330,0.000000000000,,gps_back
44.358801514402,136.713612898671,0.000000000000,,gps_back
44.322286219837,136.679451013403,0.000000000000,,gps_back
44.286404160768,136.644619160950,0.000000000000,,gps_back
44.250522101699,136.609787308495,0.000000000000,,gps_back
44.214640042634,136.574955456036,0.000000000000,,gps_back
44.178757983572,136.540123603575,0.000000000000,,gps_back
44.142619553544,136.505562298157,0.000000000000,,gps_back
44.105748394118,136.471781070958,0.000000000000,,gps_back
44.068519837181,136.438392230654,0.000000000000,,gps_back
44.031156963912,136.405155136212,0.000000000000,,gps_back
43.993412089721,136.372351649909,0.000000000000,,gps_back
43.955482355447,136.339761538428,0.000000000000,,gps_back
43.918146862160,136.306518319895,0.000000000000,,gps_back
43.882198789226,136.271754916328,0.000000000000,,gps_back
43.846402247270,136.236835184417,0.000000000000,,gps_back
43.810549881696,136.201972943971,0.000000000000,,gps_back
43.774583223448,136.167228453718,0.000000000000,,gps_back
43.738621055496,136.132479317146,0.000000000000,,gps_back
43.702690702077,136.097697315674,0.000000000000,,gps_back
43.666808643007,136.062865463220,0.000000000000,,gps_back
43.630730961274,136.028238824649,0.000000000000,,gps_back
43.593806316803,135.994526817448,0.000000000000,,gps_back
43.555967524368,135.961831161842,0.000000000000,,gps_back
43.518225947010,135.929024066153,0.000000000000,,gps_back
43.480765417191,135.895896044936,0.000000000000,,gps_back
43.443453810639,135.862600037292,0.000000000000,,gps_back
43.406426085594,135.828994352436,0.000000000000,,gps_back
43.370211296650,135.794511021112,0.000000000000,,gps_back
43.334416615791,135.759589381251,0.000000000000,,gps_back
43.298581976423,135.724708848347,0.000000000000,,gps_back
43.262646168600,135.689932463841,0.000000000000,,gps_back
43.226679510347,135.655187973594,0.000000000000,,gps_back
43.190195235536,135.621005972593,0.000000000000,,gps_back
43.152514329793,135.588128886913,0.000000000000,,gps_back
43.114785967663,135.555306794177,0.000000000000,,gps_back
43.077944954700,135.521519526969,0.000000000000,,gps_back
43.042504368824,135.486238583370,0.000000000000,,gps_back
43.007058133786,135.450963317365,0.000000000000,,gps_back
42.971298078550,135.416012020753,0.000000000000,,gps_back
42.934888084837,135.381732399018,0.000000000000,,gps_back
42.898539195083,135.347388238929,0.000000000000,,gps_back
42.862401384277,135.312822211026,0.000000000000,,gps_back
42.826434726029,135.278077720773,0.000000000000,,gps_back
42.790236750969,135.243577813335,0.000000000000,,gps_back
42.753372480088,135.209789219802,0.000000000000,,gps_back
42.716143923151,135.176400379498,0.000000000000,,gps_back
42.678800537218,135.143140980393,0.000000000000,,gps_back
42.641128003934,135.110254422905,0.000000000000,,gps_back
42.603276798598,135.077573138306,0.000000000000,,gps_back
42.565969536861,135.044293209861,0.000000000000,,gps_back
42.529907567608,135.009648123896,0.000000000000,,gps_back
42.494028056381,134.974813646971,0.000000000000,,gps_back
42.458147732668,134.939980006969,0.000000000000,,gps_back
42.422265680013,134.905148147908,0.000000000000,,gps_back
42.386230950599,134.870475751958,0.000000000000,,gps_back
42.348975215259,134.837176733548,0.000000000000,,gps_back
42.309823580429,134.806065166591,0.000000000000,,gps_back
42.270952107221,134.774610829923,0.000000000000,,gps_back
42.233445782394,134.741576637550,0.000000000000,,gps_back
42.197563723329,134.706744785091,0.000000000000,,gps_back
42.161681664265,134.671912932632,0.000000000000,,gps_back
42.125799605202,134.637081080171,0.000000000000,,gps_back
42.089917546140,134.602249227710,0.000000000000,,gps_back
42.053424042316,134.568083507706,0.000000000000,,gps_back
42.015204320226,134.535849861604,0.000000000000,,gps_back
41.976052685393,134.504738294649,0.000000000000,,gps_back
41.936916577881,134.473607218391,0.000000000000,,gps_back
41.897819231918,134.442427458674,0.000000000000,,gps_back
41.858735525988,134.411230599229,0.000000000000,,gps_back
41.820531167341,134.379020545974,0.000000000000,,gps_back
41.784309177266,134.344544030615,0.000000000000,,gps_back
41.748427118204,134.309712178154,0.000000000000,,gps_back
41.711505212532,134.276059992949,0.000000000000,,gps_back
41.672437804388,134.244842731741,0.000000000000,,gps_back
41.633492494203,134.213474856166,0.000000000000,,gps_back
41.595744782549,134.180732798578,0.000000000000,,gps_back
41.559865271316,134.145898321662,0.000000000000,,gps_back
41.523857820694,134.111197112133,0.000000000000,,gps_back
41.487245884208,134.077140946004,0.000000000000,,gps_back
41.449934277657,134.043844938360,0.000000000000,,gps_back
41.412581308579,134.010595458291,0.000000000000,,gps_back
41.375037734720,133.977562033070,0.000000000000,,gps_back
41.337277789588,133.944775349004,0.000000000000,,gps_back
41.299847174254,133.911620646699,0.000000000000,,gps_back
41.263347903101,133.877440450082,0.000000000000,,gps_back
41.227381244850,133.842695959832,0.000000000000,,gps_back
41.190681340073,133.808762469821,0.000000000000,,gps_back
41.152200140647,133.776832399263,0.000000000000,,gps_back
41.113116434717,133.745635539818,0.000000000000,,gps_back
41.074528657613,133.713846148828,0.000000000000,,gps_back
41.037029679008,133.680761910855,0.000000000000,,gps_back
40.999718072457,133.647465903211,0.000000000000,,gps_back
40.962255711000,133.614341177468,0.000000000000,,gps_back
40.924466854387,133.581587864466,0.000000000000,,gps_back
40.886655134628,133.548860955903,0.000000000000,,gps_back
40.849074157506,133.515871441717,0.000000000000,,gps_back
40.811845600570,133.482482601413,0.000000000000,,gps_back
40.774587932167,133.449126305796,0.000000000000,,gps_back
40.737093131398,133.416038947598,0.000000000000,,gps_back
40.699241926067,133.383357662993,0.000000000000,,gps_back
40.661200781435,133.350900303156,0.000000000000,,gps_back
40.622536566885,133.319189771893,0.000000000000,,gps_back
40.583384932059,133.288078204929,0.000000000000,,gps_back
40.544246261631,133.256950343976,0.000000000000,,gps_back
40.505143091170,133.225777893391,0.000000000000,,gps_back
40.466059385235,133.194581033953,0.000000000000,,gps_back
40.426975679302,133.163384174513,0.000000000000,,gps_back
40.387891973371,133.132187315069,0.000000000000,,gps_back
40.348808267441,133.100990455625,0.000000000000,,gps_back
40.309391886724,133.070224474121,0.000000000000,,gps_back
40.269268568780,133.040376785236,0.000000000000,,gps_back
40.229043084801,133.010666676736,0.000000000000,,gps_back
40.189507108179,132.980084640753,0.000000000000,,gps_back
40.151436644419,132.947659932009,0.000000000000,,gps_back
40.113514788493,132.915061007013,0.000000000000,,gps_back
40.075085196915,132.883072165410,0.000000000000,,gps_back
40.035933562087,132.851960598449,0.000000000000,,gps_back
39.996678528263,132.820980478000,0.000000000000,,gps_back
39.956981094530,132.790573478445,0.000000000000,,gps_back
39.916814762367,132.760783448754,0.000000000000,,gps_back
39.876565318402,132.731106452863,0.000000000000,,gps_back
39.835970815665,132.701905884188,0.000000000000,,gps_back
39.795020013938,132.673203759765,0.000000000000,,gps_back
39.754410346557,132.644032165414,0.000000000000,,gps_back
39.714727725010,132.613606759315,0.000000000000,,gps_back
39.675558527469,132.582517306563,0.000000000000,,gps_back
39.635943474957,132.552015210089,0.000000000000,,gps_back
39.595305309797,132.522874703751,0.000000000000,,gps_back
39.554354508072,132.494172579325,0.000000000000,,gps_back
39.513394963127,132.465482941133,0.000000000000,,gps_back
39.472418517855,132.436817438499,0.000000000000,,gps_back
39.431510018163,132.408055520611,0.000000000000,,gps_back
39.390921575268,132.378846640649,0.000000000000,,gps_back
39.350696091289,132.349136532148,0.000000000000,,gps_back
39.310393792951,132.319531253414,0.000000000000,,gps_back
39.269742737651,132.290410120859,0.000000000000,,gps_back
39.228706015745,132.261830975252,0.000000000000,,gps_back
39.187491312387,132.233512461375,0.000000000000,,gps_back
39.145790316121,132.205914063553,0.000000000000,,gps_back
39.103809933295,132.178740039813,0.000000000000,,gps_back
39.062079314152,132.151191005627,0.000000000000,,gps_back
39.020949810274,132.122747175844,0.000000000000,,gps_back
38.980059503567,132.093958933004,0.000000000000,,gps_back
38.938532538974,132.066142928146,0.000000000000,,gps_back
38.895762576825,132.040229582946,0.000000000000,,gps_back
38.852925084992,132.014427850409,0.000000000000,,gps_back
38.810705005469,131.987673263178,0.000000000000,,gps_back
38.769708429377,131.959036876272,0.000000000000,,gps_back
38.728613852953,131.930545276229,0.000000000000,,gps_back
38.686345324274,131.903901956403,0.000000000000,,gps_back
38.642596575312,131.879677442522,0.000000000000,,gps_back
38.599112870462,131.854991084179,0.000000000000,,gps_back
38.556504639625,131.828830823325,0.000000000000,,gps_back
38.514603746172,131.801534390660,0.000000000000,,gps_back
38.472223103763,131.775018411293,0.000000000000,,gps_back
38.428585997713,131.750614766245,0.000000000000,,gps_back
38.384277430928,131.727430051066,0.000000000000,,gps_back
38.340093288394,131.704011849289,0.000000000000,,gps_back
38.296211375980,131.680030266031,0.000000000000,,gps_back
38.252462627023,131.655805752143,0.000000000000,,gps_back
38.208750564516,131.631515317790,0.000000000000,,gps_back
38.165111582020,131.607093624781,0.000000000000,,gps_back
38.121454233097,131.582704902622,0.000000000000,,gps_back
38.077520817857,131.558825522833,0.000000000000,,gps_back
38.033175504508,131.535711170313,0.000000000000,,gps_back
37.988830191159,131.512596817793,0.000000000000,,gps_back
37.944484877810,131.489482465273,0.000000000000,,gps_back
37.900139564461,131.466368112754,0.000000000000,,gps_back
37.855794251111,131.443253760235,0.000000000000,,gps_back
37.811448937762,131.420139407716,0.000000000000,,gps_back
37.767103624412,131.397025055197,0.000000000000,,gps_back
37.722636256070,131.374149259338,0.000000000000,,gps_back
37.677725945404,131.352163354670,0.000000000000,,gps_back
37.632414504341,131.331005533014,0.000000000000,,gps_back
37.587339933642,131.309360028698,0.000000000000,,gps_back
37.542815497574,131.286595318490,0.000000000000,,gps_back
37.498506930789,131.263410603310,0.000000000000,,gps_back
37.453923094163,131.240774853770,0.000000000000,,gps_back
37.408758582313,131.219306693393,0.000000000000,,gps_back
37.363477964718,131.198083209867,0.000000000000,,gps_back
37.318566330987,131.176109863652,0.000000000000,,gps_back
37.274221017638,131.152995511132,0.000000000000,,gps_back
37.229783097043,131.130061317346,0.000000000000,,gps_back
37.184762059703,131.108331562963,0.000000000000,,gps_back
37.138991774352,131.088185568637,0.000000000000,,gps_back
37.093213507191,131.068057735760,0.000000000000,,gps_back
37.047405627185,131.047997435801,0.000000000000,,gps_back
37.001570329429,131.027999796239,0.000000000000,,gps_back
36.955830623824,131.007786930317,0.000000000000,,gps_back
36.910354378925,130.986987788505,0.000000000000,,gps_back
36.865042937862,130.965829966849,0.000000000000,,gps_back
36.819571900383,130.945023762648,0.000000000000,,gps_back
36.773787108675,130.924910977907,0.000000000000,,gps_back
36.727952073262,130.904912737077,0.000000000000,,gps_back
36.682130343485,130.884884073668,0.000000000000,,gps_back
36.636331516273,130.864803049430,0.000000000000,,gps_back
36.590435789866,130.844947184176,0.000000000000,,gps_back
36.543966938789,130.826528924431,0.000000000000,,gps_back
36.496786572366,130.809952038938,0.000000000000,,gps_back
36.449561861810,130.793502893210,0.000000000000,,gps_back
36.402202472053,130.777446308414,0.000000000000,,gps_back
36.354743801719,130.761683861949,0.000000000000,,gps_back
36.307581728477,130.745095970345,0.000000000000,,gps_back
36.261258590948,130.726287565132,0.000000000000,,gps_back
36.215488305597,130.706141570807,0.000000000000,,gps_back
36.169694757276,130.686048658069,0.000000000000,,gps_back
36.123849807851,130.666073185721,0.000000000000,,gps_back
36.077986347491,130.646140220255,0.000000000000,,gps_back
36.031709577135,130.627244250456,0.000000000000,,gps_back
35.984643446331,130.610347697354,0.000000000000,,gps_back
35.937464508296,130.593766747987,0.000000000000,,gps_back
35.890300078261,130.577144643067,0.000000000000,,gps_back
35.843156610929,130.560463108472,0.000000000000,,gps_back
35.796015718595,130.543774301605,0.000000000000,,gps_back
35.748884135608,130.527059229625,0.000000000000,,gps_back
35.701760948631,130.510320491393,0.000000000000,,gps_back
35.654620824303,130.493629646532,0.000000000000,,gps_back
35.607440038945,130.477054013624,0.000000000000,,gps_back
35.560239758579,130.460533915505,0.000000000000,,gps_back
35.513057030961,130.443963898330,0.000000000000,,gps_back
35.465907963832,130.427298202595,0.000000000000,,gps_back
35.418754183165,130.410645892994,0.000000000000,,gps_back
35.371477376404,130.394351691810,0.000000000000,,gps_back
35.324018706070,130.378589245345,0.000000000000,,gps_back
35.276504782230,130.362995896829,0.000000000000,,gps_back
35.228646126172,130.348539341667,0.000000000000,,gps_back
35.180357805984,130.335538640076,0.000000000000,,gps_back
35.132199085715,130.322080241552,0.000000000000,,gps_back
35.084420171963,130.307332980679,0.000000000000,,gps_back
35.036910447238,130.291725092770,0.000000000000,,gps_back
34.989233642907,130.276653185347,0.000000000000,,gps_back
34.941150519629,130.262925139892,0.000000000000,,gps_back
34.892862199440,130.249924438302,0.000000000000,,gps_back
34.844836316024,130.236037833924,0.000000000000,,gps_back
34.797302432264,130.220504778937,0.000000000000,,gps_back
34.749843761930,130.204742332472,0.000000000000,,gps_back
34.702022893933,130.190211647258,0.000000000000,,gps_back
34.653568641581,130.177844061050,0.000000000000,,gps_back
34.605091410517,130.165566560522,0.000000000000,,gps_back
34.556691106659,130.152993759500,0.000000000000,,gps_back
34.508402786471,130.139993057910,0.000000000000,,gps_back
34.460114466283,130.126992356319,0.000000000000,,gps_back
34.411826146095,130.113991654729,0.000000000000,,gps_back
34.363537825907,130.100990953137,0.000000000000,,gps_back
34.315461123093,130.087263495070,0.000000000000,,gps_back
34.267838886401,130.072007861193,0.000000000000,,gps_back
34.220380216067,130.056245414727,0.000000000000,,gps_back
34.172388416424,130.042437307823,0.000000000000,,gps_back
34.123391821881,130.032456951735,0.000000000000,,gps_back
34.074285583869,130.023016057945,0.000000000000,,gps_back
34.025872493695,130.010820467221,0.000000000000,,gps_back
33.978413823361,129.995058020756,0.000000000000,,gps_back
33.930779593866,129.979852926364,0.000000000000,,gps_back
33.882378628151,129.967552391382,0.000000000000,,gps_back
33.833195648887,129.958507245768,0.000000000000,,gps_back
33.784153907710,129.948767450332,0.000000000000,,gps_back
33.735467694871,129.937367287505,0.000000000000,,gps_back
33.686984047476,129.925115102242,0.000000000000,,gps_back
33.638508808141,129.912829770706,0.000000000000,,gps_back
33.590050699517,129.900476977206,0.000000000000,,gps_back
33.541598144947,129.888102403917,0.000000000000,,gps_back
33.493183313884,129.875582518232,0.000000000000,,gps_back
33.444837041368,129.862799060980,0.000000000000,,gps_back
33.396496016250,129.849995764595,0.000000000000,,gps_back
33.348110194089,129.837363984780,0.000000000000,,gps_back
33.299668366089,129.824947487351,0.000000000000,,gps_back
33.251120446646,129.812966069985,0.000000000000,,gps_back
33.202186907670,129.802748099179,0.000000000000,,gps_back
33.152908263152,129.794239556239,0.000000000000,,gps_back
33.103788971079,129.784914407882,0.000000000000,,gps_back
33.055147081409,129.773366521926,0.000000000000,,gps_back
33.006858761221,129.760365820336,0.000000000000,,gps_back
32.958259943300,129.748708727246,0.000000000000,,gps_back
32.909093379222,129.739588065481,0.000000000000,,gps_back
32.859814734704,129.731079522541,0.000000000000,,gps_back
32.810549157024,129.722496179606,0.000000000000,,gps_back
32.761304972868,129.713790410364,0.000000000000,,gps_back
32.712097743148,129.704881742763,0.000000000000,,gps_back
32.663201292629,129.694503922605,0.000000000000,,gps_back
32.614707191758,129.682293177780,0.000000000000,,gps_back
32.566121867948,129.670460749219,0.000000000000,,gps_back
32.517190918039,129.660217104256,0.000000000000,,gps_back
32.467942275932,129.651536588202,0.000000000000,,gps_back
32.418706183811,129.642785630337,0.000000000000,,gps_back
32.369505228250,129.633839426751,0.000000000000,,gps_back
32.320328448382,129.624760636619,0.000000000000,,gps_back
32.271119348295,129.615861645052,0.000000000000,,gps_back
32.221852119004,129.607287416221,0.000000000000,,gps_back
32.172573474487,129.598778873281,0.000000000000,,gps_back
32.123600691780,129.588827444541,0.000000000000,,gps_back
32.075111610032,129.576596796758,0.000000000000,,gps_back
32.026586939022,129.564509989688,0.000000000000,,gps_back
31.977766342407,129.553767373328,0.000000000000,,gps_back
31.928583363144,129.544722227714,0.000000000000,,gps_back
31.879388989504,129.535739611139,0.000000000000,,gps_back
31.830164670963,129.526922631333,0.000000000000,,gps_back
31.780921394752,129.518211726877,0.000000000000,,gps_back
31.731668870005,129.509553525390,0.000000000000,,gps_back
31.682397354821,129.501003859832,0.000000000000,,gps_back
31.633118710303,129.492495316893,0.000000000000,,gps_back
31.583849976225,129.483929876700,0.000000000000,,gps_back
31.534598483347,129.475265560019,0.000000000000,,gps_back
31.485349578073,129.466586537365,0.000000000000,,gps_back
31.436088765618,129.457975758096,0.000000000000,,gps_back
31.386810121100,129.449467215156,0.000000000000,,gps_back
31.337539300497,129.440913671141,0.000000000000,,gps_back
31.288312759696,129.432111586404,0.000000000000,,gps_back
31.239135979828,129.423032796273,0.000000000000,,gps_back
31.189943315553,129.414041146151,0.000000000000,,gps_back
31.140713753602,129.405253503328,0.000000000000,,gps_back
31.091465111494,129.396572987273,0.000000000000,,gps_back
31.042207779523,129.387942145063,0.000000000000,,gps_back
30.992933938307,129.379405859845,0.000000000000,,gps_back
30.943655293789,129.370897316906,0.000000000000,,gps_back
30.894425376238,129.362117860121,0.000000000000,,gps_back
30.845275216956,129.352896098571,0.000000000000,,gps_back
30.796117762534,129.343713788218,0.000000000000,,gps_back
30.746898760289,129.334871008961,0.000000000000,,gps_back
30.697620115772,129.326362466021,0.000000000000,,gps_back
30.648341471254,129.317853923083,0.000000000000,,gps_back
30.599062826735,129.309345380150,0.000000000000,,gps_back
30.549784182216,129.300836837220,0.000000000000,,gps_back
30.500514237902,129.292278288198,0.000000000000,,gps_back
30.451262877808,129.283613288865,0.000000000000,,gps_back
30.402019601597,129.274902384409,0.000000000000,,gps_back
30.352764929257,129.266256534788,0.000000000000,,gps_back
30.303490274213,129.257724939441,0.000000000000,,gps_back
30.254211629696,129.249216396501,0.000000000000,,gps_back
30.204970561413,129.240497016061,0.000000000000,,gps_back
30.155786992243,129.231455079036,0.000000000000,,gps_back
30.106595859556,129.222454553982,0.000000000000,,gps_back
30.057376548505,129.213609930964,0.000000000000,,gps_back
30.008133272294,129.204899026508,0.000000000000,,gps_back
29.958882594860,129.196230225302,0.000000000000,,gps_back
29.909614041795,129.187663575561,0.000000000000,,gps_back
29.860335397278,129.179155032621,0.000000000000,,gps_back
29.811065116781,129.170598399525,0.000000000000,,gps_back
29.761811057482,129.161948711567,0.000000000000,,gps_back
29.712562415374,129.153268195513,0.000000000000,,gps_back
29.663642455550,129.143070741513,0.000000000000,,gps_back
29.615272204264,129.130380978066,0.000000000000,,gps_back
29.566897713254,129.117711616431,0.000000000000,,gps_back
29.518083477626,129.107007219150,0.000000000000,,gps_back
29.468804833108,129.098498676211,0.000000000000,,gps_back
29.419530551812,129.089964958624,0.000000000000,,gps_back
29.370270459433,129.081349829170,0.000000000000,,gps_back
29.321021817325,129.072669313115,0.000000000000,,gps_back
29.271767747297,129.064019733722,0.000000000000,,gps_back
29.222501037298,129.055442418013,0.000000000000,,gps_back
29.173227551343,129.046904052224,0.000000000000,,gps_back
29.124227460433,129.037050686575,0.000000000000,,gps_back
29.075756940521,129.024761483999,0.000000000000,,gps_back
29.027450417724,129.011828865728,0.000000000000,,gps_back
28.978735438925,129.000742090184,0.000000000000,,gps_back
28.929456794408,128.992233547244,0.000000000000,,gps_back
28.880189132631,128.983661990995,0.000000000000,,gps_back
28.830979032075,128.974770009858,0.000000000000,,gps_back
28.781829888994,128.965542776100,0.000000000000,,gps_back
28.732852426338,128.955495161669,0.000000000000,,gps_back
28.684285788974,128.943602767077,0.000000000000,,gps_back
28.635951111935,128.930775487398,0.000000000000,,gps_back
28.587324815059,128.919207549161,0.000000000000,,gps_back
28.538235247456,128.909671258171,0.000000000000,,gps_back
28.488963419004,128.901174903466,0.000000000000,,gps_back
28.439282457316,128.896441373107,0.000000000000,,gps_back
28.390964772768,128.887763603602,0.000000000000,,gps_back
28.343430983206,128.874647092774,0.000000000000,,gps_back
28.334997434332,128.876518471032,0.000000000000,,gps_back
28.384361081012,128.884486508663,0.000000000000,,gps_back
28.433793903069,128.892048004016,0.000000000000,,gps_back
28.483226725125,128.899609499369,0.000000000000,,gps_back
28.532659547182,128.907170994722,0.000000000000,,gps_back
28.582092369238,128.914732490075,0.000000000000,,gps_back
28.631525191295,128.922293985428,0.000000000000,,gps_back
28.680958013351,128.929855480781,0.000000000000,,gps_back
28.730390835408,128.937416976134,0.000000000000,,gps_back
28.779823657464,128.944978471487,0.000000000000,,gps_back
28.829256479521,128.952539966840,0.000000000000,,gps_back
28.878689301577,128.960101462193,0.000000000000,,gps_back
28.928122123633,128.967662957545,0.000000000000,,gps_back
28.977554945690,128.975224452898,0.000000000000,,gps_back
29.026987767746,128.982785948251,0.000000000000,,gps_back
29.076420589803,128.990347443604,0.000000000000,,gps_back
29.125853411859,128.997908938957,0.000000000000,,gps_back
29.175286233916,129.005470434310,0.000000000000,,gps_back
29.224719055972,129.013031929663,0.000000000000,,gps_back
29.274151878029,129.020593425016,0.000000000000,,gps_back
29.323584700085,129.028154920369,0.000000000000,,gps_back
29.373017522142,129.035716415722,0.000000000000,,gps_back
29.422450344198,129.043277911075,0.000000000000,,gps_back
29.471883166254,129.050839406428,0.000000000000,,gps_back
29.521315988311,129.058400901780,0.000000000000,,gps_back
29.570748810367,129.065962397133,0.000000000000,,gps_back
29.620181632424,129.073523892486,0.000000000000,,gps_back
29.669614454480,129.081085387839,0.000000000000,,gps_back
29.719047276537,129.088646883192,0.000000000000,,gps_back
29.768480098593,129.096208378545,0.000000000000,,gps_back
29.817912920650,129.103769873898,0.000000000000,,gps_back
29.867345742706,129.111331369251,0.000000000000,,gps_back
29.916778564763,129.118892864604,0.000000000000,,gps_back
29.966211386819,129.126454359957,0.000000000000,,gps_back
30.015644208875,129.134015855310,0.000000000000,,gps_back
30.065077030932,129.141577350663,0.000000000000,,gps_back
30.114509852988,129.149138846016,0.000000000000,,gps_back
30.163942675045,129.156700341368,0.000000000000,,gps_back
30.213375497101,129.164261836721,0.000000000000,,gps_back
30.262808319158,129.171823332074,0.000000000000,,gps_back
30.312241141214,129.179384827427,0.000000000000,,gps_back
30.361673963271,129.186946322780,0.000000000000,,gps_back
30.411106785327,129.194507818133,0.000000000000,,gps_back
30.460539607384,129.202069313486,0.000000000000,,gps_back
30.509972429440,129.209630808839,0.000000000000,,gps_back
30.559405251496,129.217192304192,0.000000000000,,gps_back
30.608838073553,129.224753799545,0.000000000000,,gps_back
30.658270895609,129.232315294898,0.000000000000,,gps_back
30.707703717666,129.239876790251,0.000000000000,,gps_back
30.757136539722,129.247438285603,0.000000000000,,gps_back
30.806569361779,129.254999780956,0.000000000000,,gps_back
30.856002183835,129.262561276309,0.000000000000,,gps_back
30.905435005892,129.270122771662,0.000000000000,,gps_back
30.954867827948,129.277684267015,0.000000000000,,gps_back
31.004300650005,129.285245762368,0.000000000000,,gps_back
31.053733472061,129.292807257721,0.000000000000,,gps_back
31.103166294117,129.300368753074,0.000000000000,,gps_back
31.152599116174,129.307930248427,0.000000000000,,gps_back
31.202031938230,129.315491743780,0.000000000000,,gps_back
31.251464760287,129.323053239133,0.000000000000,,gps_back
31.300897582343,129.330614734486,0.000000000000,,gps_back
31.350330404400,129.338176229838,0.000000000000,,gps_back
31.399763226456,129.345737725191,0.000000000000,,gps_back
31.449196048513,129.353299220544,0.000000000000,,gps_back
31.498628870569,129.360860715897,0.000000000000,,gps_back
31.548061692626,129.368422211250,0.000000000000,,gps_back
31.597494514682,129.375983706603,0.000000000000,,gps_back
31.646927336738,129.383545201956,0.000000000000,,gps_back
31.696360158795,129.391106697309,0.000000000000,,gps_back
31.745792980851,129.398668192662,0.000000000000,,gps_back
31.795225802908,129.406229688015,0.000000000000,,gps_back
31.844658624964,129.413791183368,0.000000000000,,gps_back
31.894091447021,129.421352678721,0.000000000000,,gps_back
31.943524269077,129.428914174074,0.000000000000,,gps_back
31.992957091134,129.436475669426,0.000000000000,,gps_back
32.042389913190,129.444037164779,0.000000000000,,gps_back
32.091822735247,129.451598660132,0.000000000000,,gps_back
32.141255557303,129.459160155485,0.000000000000,,gps_back
32.190688379359,129.466721650838,0.000000000000,,gps_back
32.240121201416,129.474283146191,0.000000000000,,gps_back
32.289554023472,129.481844641544,0.000000000000,,gps_back
32.338986845529,129.489406136897,0.000000000000,,gps_back
32.388419667585,129.496967632250,0.000000000000,,gps_back
32.437852489642,129.504529127603,0.000000000000,,gps_back
32.487285311698,129.512090622956,0.000000000000,,gps_back
32.536718133755,129.519652118309,0.000000000000,,gps_back
32.586150955811,129.527213613661,0.000000000000,,gps_back
32.635583777868,129.534775109014,0.000000000000,,gps_back
32.685016599924,129.542336604367,0.000000000000,,gps_back
32.734449421980,129.549898099720,0.000000000000,,gps_back
32.783882244037,129.557459595073,0.000000000000,,gps_back
32.833315066093,129.565021090426,0.000000000000,,gps_back
32.882747888150,129.572582585779,0.000000000000,,gps_back
32.932180710206,129.580144081132,0.000000000000,,gps_back
32.981613532263,129.587705576485,0.000000000000,,gps_back
33.031046354319,129.595267071838,0.000000000000,,gps_back
33.080479176376,129.602828567191,0.000000000000,,gps_back
33.129911998432,129.610390062544,0.000000000000,,gps_back
33.179344820489,129.617951557897,0.000000000000,,gps_back
33.228777642545,129.625513053249,0.000000000000,,gps_back
33.278210464601,129.633074548602,0.000000000000,,gps_back
33.327643286658,129.640636043955,0.000000000000,,gps_back
33.377076108714,129.648197539308,0.000000000000,,gps_back
33.426508930771,129.655759034661,0.000000000000,,gps_back
33.475941752827,129.663320530014,0.000000000000,,gps_back
33.525374574884,129.670882025367,0.000000000000,,gps_back
33.574807396940,129.678443520720,0.000000000000,,gps_back
33.624240218997,129.686005016073,0.000000000000,,gps_back
33.673673041053,129.693566511426,0.000000000000,,gps_back
33.723105863110,129.701128006779,0.000000000000,,gps_back
33.772538685166,129.708689502132,0.000000000000,,gps_back
33.821971507222,129.716250997484,0.000000000000,,gps_back
33.871404329279,129.723812492837,0.000000000000,,gps_back
33.920837151335,129.731373988190,0.000000000000,,gps_back
33.970269973392,129.738935483543,0.000000000000,,gps_back
34.019702795448,129.746496978896,0.000000000000,,gps_back
34.069135617505,129.754058474249,0.000000000000,,gps_back
34.118568439561,129.761619969602,0.000000000000,,gps_back
34.168001261618,129.769181464955,0.000000000000,,gps_back
34.217434083674,129.776742960308,0.000000000000,,gps_back
34.266866905730,129.784304455661,0.000000000000,,gps_back
34.316299727787,129.791865951014,0.000000000000,,gps_back
34.365732549843,129.799427446367,0.000000000000,,gps_back
34.415165371900,129.806988941719,0.000000000000,,gps_back
34.464598193956,129.814550437072,0.000000000000,,gps_back
34.514031016013,129.822111932425,0.000000000000,,gps_back
34.563463838069,129.829673427778,0.000000000000,,gps_back
34.612896660126,129.837234923131,0.000000000000,,gps_back
34.662329482182,129.844796418484,0.000000000000,,gps_back
34.711762304239,129.852357913837,0.000000000000,,gps_back
34.761195126295,129.859919409190,0.000000000000,,gps_back
34.810627948351,129.867480904543,0.000000000000,,gps_back
34.860060770408,129.875042399896,0.000000000000,,gps_back
34.909493592464,129.882603895249,0.000000000000,,gps_back
34.958926414521,129.890165390602,0.000000000000,,gps_back
35.008359236577,129.897726885955,0.000000000000,,gps_back
35.057792058634,129.905288381307,0.000000000000,,gps_back
35.107224880690,129.912849876660,0.000000000000,,gps_back
35.156657702747,129.920411372013,0.000000000000,,gps_back
35.206090524803,129.927972867366,0.000000000000,,gps_back
35.255523346860,129.935534362719,0.000000000000,,gps_back
35.304956168916,129.943095858072,0.000000000000,,gps_back
35.354388990972,129.950657353425,0.000000000000,,gps_back
35.403821813029,129.958218848778,0.000000000000,,gps_back
35.453254635085,129.965780344131,0.000000000000,,gps_back
35.502687457142,129.973341839484,0.000000000000,,gps_back
35.552120279198,129.980903334837,0.000000000000,,gps_back
35.601553101255,129.988464830190,0.000000000000,,gps_back
35.650985923311,129.996026325542,0.000000000000,,gps_back
35.700418745368,130.003587820895,0.000000000000,,gps_back
35.749851567424,130.011149316248,0.000000000000,,gps_back
35.799284389481,130.018710811601,0.000000000000,,gps_back
35.848717211537,130.026272306954,0.000000000000,,gps_back
35.898150033593,130.033833802307,0.000000000000,,gps_back
35.947582855650,130.041395297660,0.000000000000,,gps_back
35.997015677706,130.048956793013,0.000000000000,,gps_back
36.046448499763,130.056518288366,0.000000000000,,gps_back
36.095881321819,130.064079783719,0.000000000000,,gps_back
36.145314143876,130.071641279072,0.000000000000,,gps_back
36.194746965932,130.079202774425,0.000000000000,,gps_back
36.244179787989,130.086764269777,0.000000000000,,gps_back
36.293612610045,130.094325765130,0.000000000000,,gps_back
36.343045432102,130.101887260483,0.000000000000,,gps_back
36.392478254158,130.109448755836,0.000000000000,,gps_back
36.441911076214,130.117010251189,0.000000000000,,gps_back
36.491343898271,130.124571746542,0.000000000000,,gps_back
36.540776720327,130.132133241895,0.000000000000,,gps_back
36.590209542384,130.139694737248,0.000000000000,,gps_back
36.639642364440,130.147256232601,0.000000000000,,gps_back
36.689075186497,130.154817727954,0.000000000000,,gps_back
36.738508008553,130.162379223307,0.000000000000,,gps_back
36.787940830610,130.169940718660,0.000000000000,,gps_back
36.837373652666,130.177502214012,0.000000000000,,gps_back
36.886806474723,130.185063709365,0.000000000000,,gps_back
36.936239296779,130.192625204718,0.000000000000,,gps_back
36.985672118835,130.200186700071,0.000000000000,,gps_back
37.035104940892,130.207748195424,0.000000000000,,gps_back
37.084537762948,130.215309690777,0.000000000000,,gps_back
37.133970585005,130.222871186130,0.000000000000,,gps_back
37.183403407061,130.230432681483,0.000000000000,,gps_back
37.232836229118,130.237994176836,0.000000000000,,gps_back
37.282269051174,130.245555672189,0.000000000000,,gps_back
37.331701873231,130.253117167542,0.000000000000,,gps_back
37.381134695287,130.260678662895,0.000000000000,,gps_back
37.430567517344,130.268240158248,0.000000000000,,gps_back
37.480000339400,130.275801653600,0.000000000000,,gps_back
37.529433161456,130.283363148953,0.000000000000,,gps_back
37.578865983513,130.290924644306,0.000000000000,,gps_back
37.628298805569,130.298486139659,0.000000000000,,gps_back
37.677731627626,130.306047635012,0.000000000000,,gps_back
37.727164449682,130.313609130365,0.000000000000,,gps_back
37.776597271739,130.321170625718,0.000000000000,,gps_back
37.826030093795,130.328732121071,0.000000000000,,gps_back
37.875462915852,130.336293616424,0.000000000000,,gps_back
37.924895737908,130.343855111777,0.000000000000,,gps_back
37.974328559964,130.351416607130,0.000000000000,,gps_back
38.023761382021,130.358978102483,0.000000000000,,gps_back
38.073194204077,130.366539597835,0.000000000000,,gps_back
38.122627026134,130.374101093188,0.000000000000,,gps_back
38.172059848190,130.381662588541,0.000000000000,,gps_back
38.221492670247,130.389224083894,0.000000000000,,gps_back
38.270925492303,130.396785579247,0.000000000000,,gps_back
38.320358314360,130.404347074600,0.000000000000,,gps_back
38.369791136416,130.411908569953,0.000000000000,,gps_back
38.419223958473,130.419470065306,0.000000000000,,gps_back
38.468656780529,130.427031560659,0.000000000000,,gps_back
38.518089602585,130.434593056012,0.000000000000,,gps_back
38.567522424642,130.442154551365,0.000000000000,,gps_back
38.616955246698,130.449716046718,0.000000000000,,gps_back
38.666388068755,130.457277542070,0.000000000000,,gps_back
38.715820890811,130.464839037423,0.000000000000,,gps_back
38.765253712868,130.472400532776,0.000000000000,,gps_back
38.814686534924,130.479962028129,0.000000000000,,gps_back
38.864119356981,130.487523523482,0.000000000000,,gps_back
38.913552179037,130.495085018835,0.000000000000,,gps_back
38.962985001094,130.502646514188,0.000000000000,,gps_back
39.012417823150,130.510208009541,0.000000000000,,gps_back
39.061850645206,130.517769504894,0.000000000000,,gps_back
39.111283467263,130.525331000247,0.000000000000,,gps_back
39.160716289319,130.532892495600,0.000000000000,,gps_back
39.210149111376,130.540453990953,0.000000000000,,gps_back
39.259581933432,130.548015486306,0.000000000000,,gps_back
39.309014755489,130.555576981658,0.000000000000,,gps_back
39.358447577545,130.563138477011,0.000000000000,,gps_back
39.407880399602,130.570699972364,0.000000000000,,gps_back
39.457313221658,130.578261467717,0.000000000000,,gps_back
39.506746043715,130.585822963070,0.000000000000,,gps_back
39.556178865771,130.593384458423,0.000000000000,,gps_back
39.605611687827,130.600945953776,0.000000000000,,gps_back
39.655044509884,130.608507449129,0.000000000000,,gps_back
39.704477331940,130.616068944482,0.000000000000,,gps_back
39.753910153997,130.623630439835,0.000000000000,,gps_back
39.803342976053,130.631191935188,0.000000000000,,gps_back
39.852775798110,130.638753430541,0.000000000000,,gps_back
39.902208620166,130.646314925893,0.000000000000,,gps_back
39.951641442223,130.653876421246,0.000000000000,,gps_back
40.001074264279,130.661437916599,0.000000000000,,gps_back
40.050507086336,130.668999411952,0.000000000000,,gps_back
40.099939908392,130.676560907305,0.000000000000,,gps_back
40.149372730448,130.684122402658,0.000000000000,,gps_back
40.198805552505,130.691683898011,0.000000000000,,gps_back
40.248238374561,130.699245393364,0.000000000000,,gps_back
40.297671196618,130.706806888717,0.000000000000,,gps_back
40.347104018674,130.714368384070,0.000000000000,,gps_back
40.396536840731,130.721929879423,0.000000000000,,gps_back
40.445969662787,130.729491374776,0.000000000000,,gps_back
40.495402484844,130.737052870129,0.000000000000,,gps_back
40.544835306900,130.744614365481,0.000000000000,,gps_back
40.594268128957,130.752175860834,0.000000000000,,gps_back
40.643700951013,130.759737356187,0.000000000000,,gps_back
40.693133773069,130.767298851540,0.000000000000,,gps_back
40.742566595126,130.774860346893,0.000000000000,,gps_back
40.791999417182,130.782421842246,0.000000000000,,gps_back
40.841432239239,130.789983337599,0.000000000000,,gps_back
40.890865061295,130.797544832952,0.000000000000,,gps_back
40.940297883352,130.805106328305,0.000000000000,,gps_back
40.989730705408,130.812667823658,0.000000000000,,gps_back
41.039163527465,130.820229319011,0.000000000000,,gps_back
41.088596349521,130.827790814364,0.000000000000,,gps_back
41.138029171578,130.835352309716,0.000000000000,,gps_back
41.187461993634,130.842913805069,0.000000000000,,gps_back
41.236894815690,130.850475300422,0.000000000000,,gps_back
41.286327637747,130.858036795775,0.000000000000,,gps_back
41.335760459803,130.865598291128,0.000000000000,,gps_back
41.385193281860,130.873159786481,0.000000000000,,gps_back
41.434626103916,130.880721281834,0.000000000000,,gps_back
41.484058925973,130.888282777187,0.000000000000,,gps_back
41.533491748029,130.895844272540,0.000000000000,,gps_back
41.582924570086,130.903405767893,0.000000000000,,gps_back
41.632357392142,130.910967263246,0.000000000000,,gps_back
41.681790214199,130.918528758599,0.000000000000,,gps_back
41.731223036255,130.926090253951,0.000000000000,,gps_back
41.780655858311,130.933651749304,0.000000000000,,gps_back
41.830088680368,130.941213244657,0.000000000000,,gps_back
41.879521502424,130.948774740010,0.000000000000,,gps_back
41.928954324481,130.956336235363,0.000000000000,,gps_back
41.978387146537,130.963897730716,0.000000000000,,gps_back
42.027819968594,130.971459226069,0.000000000000,,gps_back
42.077252790650,130.979020721422,0.000000000000,,gps_back
42.126685612707,130.986582216775,0.000000000000,,gps_back
42.176118434763,130.994143712128,0.000000000000,,gps_back
42.225551256820,131.001705207481,0.000000000000,,gps_back
42.274984078876,131.009266702834,0.000000000000,,gps_back
42.324416900932,131.016828198186,0.000000000000,,gps_back
42.373849722989,131.024389693539,0.000000000000,,gps_back
42.423282545045,131.031951188892,0.000000000000,,gps_back
42.472715367102,131.039512684245,0.000000000000,,gps_back
42.522148189158,131.047074179598,0.000000000000,,gps_back
42.571581011215,131.054635674951,0.000000000000,,gps_back
42.621013833271,131.062197170304,0.000000000000,,gps_back
42.670446655328,131.069758665657,0.000000000000,,gps_back
42.719879477384,131.077320161010,0.000000000000,,gps_back
42.769312299441,131.084881656363,0.000000000000,,gps_back
42.818745121497,131.092443151716,0.000000000000,,gps_back
42.868177943553,131.100004647069,0.000000000000,,gps_back
42.917610765610,131.107566142422,0.000000000000,,gps_back
42.967043587666,131.115127637774,0.000000000000,,gps_back
43.016476409723,131.122689133127,0.000000000000,,gps_back
43.065909231779,131.130250628480,0.000000000000,,gps_back
43.115342053836,131.137812123833,0.000000000000,,gps_back
43.164774875892,131.145373619186,0.000000000000,,gps_back
43.214207697949,131.152935114539,0.000000000000,,gps_back
43.263640520005,131.160496609892,0.000000000000,,gps_back
43.313073342062,131.168058105245,0.000000000000,,gps_back
43.362506164118,131.175619600598,0.000000000000,,gps_back
43.411938986174,131.183181095951,0.000000000000,,gps_back
43.461371808231,131.190742591304,0.000000000000,,gps_back
43.510804630287,131.198304086657,0.000000000000,,gps_back
43.560237452344,131.205865582009,0.000000000000,,gps_back
43.609670274400,131.213427077362,0.000000000000,,gps_back
43.659103096457,131.220988572715,0.000000000000,,gps_back
43.708535918513,131.228550068068,0.000000000000,,gps_back
43.757968740570,131.236111563421,0.000000000000,,gps_back
43.807401562626,131.243673058774,0.000000000000,,gps_back
43.856834384682,131.251234554127,0.000000000000,,gps_back
43.906267206739,131.258796049480,0.000000000000,,gps_back
43.955700028795,131.266357544833,0.000000000000,,gps_back
44.005132850852,131.273919040186,0.000000000000,,gps_back
44.054565672908,131.281480535539,0.000000000000,,gps_back
44.103998494965,131.289042030892,0.000000000000,,gps_back
44.153431317021,131.296603526244,0.000000000000,,gps_back
44.202864139078,131.304165021597,0.000000000000,,gps_back
44.252296961134,131.311726516950,0.000000000000,,gps_back
44.301729783191,131.319288012303,0.000000000000,,gps_back
44.351162605247,131.326849507656,0.000000000000,,gps_back
44.400595427303,131.334411003009,0.000000000000,,gps_back
44.450028249360,131.341972498362,0.000000000000,,gps_back
44.499461071416,131.349533993715,0.000000000000,,gps_back
44.548893893473,131.357095489068,0.000000000000,,gps_back
44.598326715529,131.364656984421,0.000000000000,,gps_back
44.647759537586,131.372218479774,0.000000000000,,gps_back
44.697192359642,131.379779975127,0.000000000000,,gps_back
44.746625181699,131.387341470480,0.000000000000,,gps_back
44.796058003755,131.394902965832,0.000000000000,,gps_back
44.845490825812,131.402464461185,0.000000000000,,gps_back
44.894923647868,131.410025956538,0.000000000000,,gps_back
44.944356469924,131.417587451891,0.000000000000,,gps_back
44.993789291981,131.425148947244,0.000000000000,,gps_back
45.043222114037,131.432710442597,0.000000000000,,gps_back
45.092654936094,131.440271937950,0.000000000000,,gps_back
45.142087758150,131.447833433303,0.000000000000,,gps_back
45.191520580207,131.455394928656,0.000000000000,,gps_back
45.240953402263,131.462956424009,0.000000000000,,gps_back
45.290386224320,131.470517919362,0.000000000000,,gps_back
45.339819046376,131.478079414715,0.000000000000,,gps_back
45.389251868433,131.485640910067,0.000000000000,,gps_back
45.438684690489,131.493202405420,0.000000000000,,gps_back
45.488117512545,131.500763900773,0.000000000000,,gps_back
45.537550334602,131.508325396126,0.000000000000,,gps_back
45.586983156658,131.515886891479,0.000000000000,,gps_back
45.636415978715,131.523448386832,0.000000000000,,gps_back
45.685848800771,131.531009882185,0.000000000000,,gps_back
45.735281622828,131.538571377538,0.000000000000,,gps_back
45.784714444884,131.546132872891,0.000000000000,,gps_back
45.834147266941,131.553694368244,0.000000000000,,gps_back
45.883580088997,131.561255863597,0.000000000000,,gps_back
45.933012911054,131.568817358950,0.000000000000,,gps_back
45.982445733110,131.576378854302,0.000000000000,,gps_back
46.031878555166,131.583940349655,0.000000000000,,gps_back
46.081311377223,131.591501845008,0.000000000000,,gps_back
46.130744199279,131.599063340361,0.000000000000,,gps_back
46.180177021336,131.606624835714,0.000000000000,,gps_back
46.229609843392,131.614186331067,0.000000000000,,gps_back
46.279042665449,131.621747826420,0.000000000000,,gps_back
46.328475487505,131.629309321773,0.000000000000,,gps_back
46.377908309562,131.636870817126,0.000000000000,,gps_back
46.427341131618,131.644432312479,0.000000000000,,gps_back
46.476773953675,131.651993807832,0.000000000000,,gps_back
46.526206775731,131.659555303185,0.000000000000,,gps_back
46.575639597787,131.667116798538,0.000000000000,,gps_back
46.625072419844,131.674678293890,0.000000000000,,gps_back
46.674505241900,131.682239789243,0.000000000000,,gps_back
46.723938063957,131.689801284596,0.000000000000,,gps_back
46.773370886013,131.697362779949,0.000000000000,,gps_back
46.822803708070,131.704924275302,0.000000000000,,gps_back
46.872236530126,131.712485770655,0.000000000000,,gps_back
46.921669352183,131.720047266008,0.000000000000,,gps_back
46.971102174239,131.727608761361,0.000000000000,,gps_back
47.020534996296,131.735170256714,0.000000000000,,gps_back
47.069967818352,131.742731752067,0.000000000000,,gps_back
47.119400640408,131.750293247420,0.000000000000,,gps_back
47.168833462465,131.757854742773,0.000000000000,,gps_back
47.218266284521,131.765416238125,0.000000000000,,gps_back
47.267699106578,131.772977733478,0.000000000000,,gps_back
47.317131928634,131.780539228831,0.000000000000,,gps_back
47.366564750691,131.788100724184,0.000000000000,,gps_back
47.415997572747,131.795662219537,0.000000000000,,gps_back
47.465430394804,131.803223714890,0.000000000000,,gps_back
47.514863216860,131.810785210243,0.000000000000,,gps_back
47.564296038917,131.818346705596,0.000000000000,,gps_back
47.613728860973,131.825908200949,0.000000000000,,gps_back
47.663161683029,131.833469696302,0.000000000000,,gps_back
47.712594505086,131.841031191655,0.000000000000,,gps_back
47.762027327142,131.848592687008,0.000000000000,,gps_back
47.811460149199,131.856154182360,0.000000000000,,gps_back
47.860892971255,131.863715677713,0.000000000000,,gps_back
47.910325793312,131.871277173066,0.000000000000,,gps_back
47.959758615368,131.878838668419,0.000000000000,,gps_back
48.009191437425,131.886400163772,0.000000000000,,gps_back
48.058624259481,131.893961659125,0.000000000000,,gps_back
48.108057081537,131.901523154478,0.000000000000,,gps_back
48.157489903594,131.909084649831,0.000000000000,,gps_back
48.206922725650,131.916646145184,0.000000000000,,gps_back
48.256355547707,131.924207640537,0.000000000000,,gps_back
48.305788369763,131.931769135890,0.000000000000,,gps_back
48.355221191820,131.939330631243,0.000000000000,,gps_back
48.404654013876,131.946892126596,0.000000000000,,gps_back
48.454086835933,131.954453621948,0.000000000000,,gps_back
48.503519657989,131.962015117301,0.000000000000,,gps_back
48.552952480046,131.969576612654,0.000000000000,,gps_back
48.602385302102,131.977138108007,0.000000000000,,gps_back
48.651818124158,131.984699603360,0.000000000000,,gps_back
48.701250946215,131.992261098713,0.000000000000,,gps_back
48.750683768271,131.999822594066,0.000000000000,,gps_back
48.800116590328,132.007384089419,0.000000000000,,gps_back
48.849549412384,132.014945584772,0.000000000000,,gps_back
48.898982234441,132.022507080125,0.000000000000,,gps_back
48.948415056497,132.030068575478,0.000000000000,,gps_back
48.997847878554,132.037630070831,0.000000000000,,gps_back
49.047280700610,132.045191566183,0.000000000000,,gps_back
49.096713522667,132.052753061536,0.000000000000,,gps_back
49.146146344723,132.060314556889,0.000000000000,,gps_back
49.195579166779,132.067876052242,0.000000000000,,gps_back
49.245011988836,132.075437547595,0.000000000000,,gps_back
49.294444810892,132.082999042948,0.000000000000,,gps_back
49.343877632949,132.090560538301,0.000000000000,,gps_back
49.393310455005,132.098122033654,0.000000000000,,gps_back
49.442743277062,132.105683529007,0.000000000000,,gps_back
49.492176099118,132.113245024360,0.000000000000,,gps_back
49.541608921175,132.120806519713,0.000000000000,,gps_back
49.591041743231,132.128368015066,0.000000000000,,gps_back
49.640474565287,132.135929510418,0.000000000000,,gps_back
49.689907387344,132.143491005771,0.000000000000,,gps_back
49.739340209400,132.151052501124,0.000000000000,,gps_back
49.788773031457,132.158613996477,0.000000000000,,gps_back
49.838205853513,132.166175491830,0.000000000000,,gps_back
49.887638675570,132.173736987183,0.000000000000,,gps_back
49.937071497626,132.181298482536,0.000000000000,,gps_back
49.986504319683,132.188859977889,0.000000000000,,gps_back
50.035937141739,132.196421473242,0.000000000000,,gps_back
50.085369963796,132.203982968595,0.000000000000,,gps_back
50.134802785852,132.211544463948,0.000000000000,,gps_back
50.184235607908,132.219105959301,0.000000000000,,gps_back
50.233668429965,132.226667454653,0.000000000000,,gps_back
50.283101252021,132.234228950006,0.000000000000,,gps_back
50.332534074078,132.241790445359,0.000000000000,,gps_back
50.381966896134,132.249351940712,0.000000000000,,gps_back
50.431399718191,132.256913436065,0.000000000000,,gps_back
50.480832540247,132.264474931418,0.000000000000,,gps_back
50.530265362304,132.272036426771,0.000000000000,,gps_back
50.579698184360,132.279597922124,0.000000000000,,gps_back
50.629131006417,132.287159417477,0.000000000000,,gps_back
50.678563828473,132.294720912830,0.000000000000,,gps_back
50.727996650529,132.302282408183,0.000000000000,,gps_back
50.777429472586,132.309843903536,0.000000000000,,gps_back
50.826862294642,132.317405398889,0.000000000000,,gps_back
50.876295116699,132.324966894241,0.000000000000,,gps_back
50.925727938755,132.332528389594,0.000000000000,,gps_back
50.975160760812,132.340089884947,0.000000000000,,gps_back
51.024593582868,132.347651380300,0.000000000000,,gps_back
51.074026404925,132.355212875653,0.000000000000,,gps_back
51.123459226981,132.362774371006,0.000000000000,,gps_back
51.172892049038,132.370335866359,0.000000000000,,gps_back
51.222324871094,132.377897361712,0.000000000000,,gps_back
51.271757693150,132.385458857065,0.000000000000,,gps_back
51.321190515207,132.393020352418,0.000000000000,,gps_back
51.370623337263,132.400581847771,0.000000000000,,gps_back
51.420056159320,132.408143343124,0.000000000000,,gps_back
51.469488981376,132.415704838476,0.000000000000,,gps_back
51.518921803433,132.423266333829,0.000000000000,,gps_back
51.568354625489,132.430827829182,0.000000000000,,gps_back
51.617787447546,132.438389324535,0.000000000000,,gps_back
51.667220269602,132.445950819888,0.000000000000,,gps_back
51.716653091659,132.453512315241,0.000000000000,,gps_back
51.766085913715,132.461073810594,0.000000000000,,gps_back
51.815518735771,132.468635305947,0.000000000000,,gps_back
51.864951557828,132.476196801300,0.000000000000,,gps_back
51.914384379884,132.483758296653,0.000000000000,,gps_back
51.963817201941,132.491319792006,0.000000000000,,gps_back
52.013250023997,132.498881287359,0.000000000000,,gps_back
52.062682846054,132.506442782712,0.000000000000,,gps_back
52.112115668110,132.514004278064,0.000000000000,,gps_back
52.161548490167,132.521565773417,0.000000000000,,gps_back
52.210981312223,132.529127268770,0.000000000000,,gps_back
52.260414134280,132.536688764123,0.000000000000,,gps_back
52.309846956336,132.544250259476,0.000000000000,,gps_back
52.359279778392,132.551811754829,0.000000000000,,gps_back
52.408712600449,132.559373250182,0.000000000000,,gps_back
52.458145422505,132.566934745535,0.000000000000,,gps_back
52.507578244562,132.574496240888,0.000000000000,,gps_back
52.557011066618,132.582057736241,0.000000000000,,gps_back
52.606443888675,132.589619231594,0.000000000000,,gps_back
52.655876710731,132.597180726947,0.000000000000,,gps_back
52.705309532788,132.604742222299,0.000000000000,,gps_back
52.754742354844,132.612303717652,0.000000000000,,gps_back
52.804175176901,132.619865213005,0.000000000000,,gps_back
52.853607998957,132.627426708358,0.000000000000,,gps_back
52.903040821013,132.634988203711,0.000000000000,,gps_back
52.952473643070,132.642549699064,0.000000000000,,gps_back
53.001906465126,132.650111194417,0.000000000000,,gps_back
53.051339287183,132.657672689770,0.000000000000,,gps_back
53.100772109239,132.665234185123,0.000000000000,,gps_back
53.150204931296,132.672795680476,0.000000000000,,gps_back
53.199637753352,132.680357175829,0.000000000000,,gps_back
53.249070575409,132.687918671182,0.000000000000,,gps_back
53.298503397465,132.695480166534,0.000000000000,,gps_back
53.347936219522,132.703041661887,0.000000000000,,gps_back
53.397369041578,132.710603157240,0.000000000000,,gps_back
53.446801863634,132.718164652593,0.000000000000,,gps_back
53.496234685691,132.725726147946,0.000000000000,,gps_back
53.545667507747,132.733287643299,0.000000000000,,gps_back
53.595100329804,132.740849138652,0.000000000000,,gps_back
53.644533151860,132.748410634005,0.000000000000,,gps_back
53.693965973917,132.755972129358,0.000000000000,,gps_back
53.743398795973,132.763533624711,0.000000000000,,gps_back
53.792831618030,132.771095120064,0.000000000000,,gps_back
53.842264440086,132.778656615417,0.000000000000,,gps_back
53.891697262143,132.786218110770,0.000000000000,,gps_back
53.941130084199,132.793779606122,0.000000000000,,gps_back
53.990562906255,132.801341101475,0.000000000000,,gps_back
54.039995728312,132.808902596828,0.000000000000,,gps_back
54.089428550368,132.816464092181,0.000000000000,,gps_back
54.138861372425,132.824025587534,0.000000000000,,gps_back
54.188294194481,132.831587082887,0.000000000000,,gps_back
54.237727016538,132.839148578240,0.000000000000,,gps_back
54.287159838594,132.846710073593,0.000000000000,,gps_back
54.336592660651,132.854271568946,0.000000000000,,gps_back
54.386025482707,132.861833064299,0.000000000000,,gps_back
54.435458304763,132.869394559652,0.000000000000,,gps_back
54.484891126820,132.876956055005,0.000000000000,,gps_back
54.534323948876,132.884517550357,0.000000000000,,gps_back
54.583756770933,132.892079045710,0.000000000000,,gps_back
54.633189592989,132.899640541063,0.000000000000,,gps_back
54.682622415046,132.907202036416,0.000000000000,,gps_back
54.732055237102,132.914763531769,0.000000000000,,gps_back
54.781488059159,132.922325027122,0.000000000000,,gps_back
54.830920881215,132.929886522475,0.000000000000,,gps_back
54.880353703272,132.937448017828,0.000000000000,,gps_back
54.929786525328,132.945009513181,0.000000000000,,gps_back
54.979219347384,132.952571008534,0.000000000000,,gps_back
55.028652169441,132.960132503887,0.000000000000,,gps_back
55.078084991497,132.967693999240,0.000000000000,,gps_back
55.127517813554,132.975255494592,0.000000000000,,gps_back
55.176950635610,132.982816989945,0.000000000000,,gps_back
55.226383457667,132.990378485298,0.000000000000,,gps_back
55.275816279723,132.997939980651,0.000000000000,,gps_back
55.325249101780,133.005501476004,0.000000000000,,gps_back
55.374681923836,133.013062971357,0.000000000000,,gps_back
55.424114745893,133.020624466710,0.000000000000,,gps_back
55.473547567949,133.028185962063,0.000000000000,,gps_back
55.522980390005,133.035747457416,0.000000000000,,gps_back
55.572413212062,133.043308952769,0.000000000000,,gps_back
55.621846034118,133.050870448122,0.000000000000,,gps_back
55.671278856175,133.058431943475,0.000000000000,,gps_back
55.720711678231,133.065993438827,0.000000000000,,gps_back
55.770144500288,133.073554934180,0.000000000000,,gps_back
55.819577322344,133.081116429533,0.000000000000,,gps_back
55.869010144401,133.088677924886,0.000000000000,,gps_back
55.918442966457,133.096239420239,0.000000000000,,gps_back
55.967875788514,133.103800915592,0.000000000000,,gps_back
56.017308610570,133.111362410945,0.000000000000,,gps_back
56.066741432626,133.118923906298,0.000000000000,,gps_back
56.116174254683,133.126485401651,0.000000000000,,gps_back
56.165607076739,133.134046897004,0.000000000000,,gps_back
56.215039898796,133.141608392357,0.000000000000,,gps_back
56.264472720852,133.149169887710,0.000000000000,,gps_back
56.313905542909,133.156731383063,0.000000000000,,gps_back
56.363338364965,133.164292878415,0.000000000000,,gps_back
56.412771187022,133.171854373768,0.000000000000,,gps_back
56.462204009078,133.179415869121,0.000000000000,,gps_back
56.511636831135,133.186977364474,0.000000000000,,gps_back
56.561069653191,133.194538859827,0.000000000000,,gps_back
56.610502475247,133.202100355180,0.000000000000,,gps_back
56.659935297304,133.209661850533,0.000000000000,,gps_back
56.709368119360,133.217223345886,0.000000000000,,gps_back
56.758800941417,133.224784841239,0.000000000000,,gps_back
56.808233763473,133.232346336592,0.000000000000,,gps_back
56.857666585530,133.239907831945,0.000000000000,,gps_back
56.907099407586,133.247469327298,0.000000000000,,gps_back
56.956532229643,133.255030822650,0.000000000000,,gps_back
57.005965051699,133.262592318003,0.000000000000,,gps_back
57.055397873756,133.270153813356,0.000000000000,,gps_back
57.104830695812,133.277715308709,0.000000000000,,gps_back
57.154263517868,133.285276804062,0.000000000000,,gps_back
57.203696339925,133.292838299415,0.000000000000,,gps_back
57.253129161981,133.300399794768,0.000000000000,,gps_back
57.302561984038,133.307961290121,0.000000000000,,gps_back
57.351994806094,133.315522785474,0.000000000000,,gps_back
57.401427628151,133.323084280827,0.000000000000,,gps_back
57.450860450207,133.330645776180,0.000000000000,,gps_back
57.500293272264,133.338207271533,0.000000000000,,gps_back
57.549726094320,133.345768766885,0.000000000000,,gps_back
57.599158916377,133.353330262238,0.000000000000,,gps_back
57.648591738433,133.360891757591,0.000000000000,,gps_back
57.698024560489,133.368453252944,0.000000000000,,gps_back
57.747457382546,133.376014748297,0.000000000000,,gps_back
57.796890204602,133.383576243650,0.000000000000,,gps_back
57.846323026659,133.391137739003,0.000000000000,,gps_back
57.895755848715,133.398699234356,0.000000000000,,gps_back
57.945188670772,133.406260729709,0.000000000000,,gps_back
57.994621492828,133.413822225062,0.000000000000,,gps_back
58.044054314885,133.421383720415,0.000000000000,,gps_back
58.093487136941,133.428945215768,0.000000000000,,gps_back
58.142919958998,133.436506711121,0.000000000000,,gps_back
58.192352781054,133.444068206473,0.000000000000,,gps_back
58.241785603110,133.451629701826,0.000000000000,,gps_back
58.291218425167,133.459191197179,0.000000000000,,gps_back
58.340651247223,133.466752692532,0.000000000000,,gps_back
58.390084069280,133.474314187885,0.000000000000,,gps_back
58.439516891336,133.481875683238,0.000000000000,,gps_back
58.488949713393,133.489437178591,0.000000000000,,gps_back
58.538382535449,133.496998673944,0.000000000000,,gps_back
58.587815357506,133.504560169297,0.000000000000,,gps_back
58.637248179562,133.512121664650,0.000000000000,,gps_back
58.686681001618,133.519683160003,0.000000000000,,gps_back
58.736113823675,133.527244655356,0.000000000000,,gps_back
58.785546645731,133.534806150708,0.000000000000,,gps_back
58.834979467788,133.542367646061,0.000000000000,,gps_back
58.884412289844,133.549929141414,0.000000000000,,gps_back
58.933845111901,133.557490636767,0.000000000000,,gps_back
58.983277933957,133.565052132120,0.000000000000,,gps_back
59.032710756014,133.572613627473,0.000000000000,,gps_back
59.082143578070,133.580175122826,0.000000000000,,gps_back
59.131576400127,133.587736618179,0.000000000000,,gps_back
59.181009222183,133.595298113532,0.000000000000,,gps_back
59.230442044239,133.602859608885,0.000000000000,,gps_back
59.279874866296,133.610421104238,0.000000000000,,gps_back
59.329307688352,133.617982599591,0.000000000000,,gps_back
59.378740510409,133.625544094944,0.000000000000,,gps_back
59.428173332465,133.633105590296,0.000000000000,,gps_back
59.477606154522,133.640667085649,0.000000000000,,gps_back
59.527038976578,133.648228581002,0.000000000000,,gps_back
59.576471798635,133.655790076355,0.000000000000,,gps_back
59.625904620691,133.663351571708,0.000000000000,,gps_back
59.675337442748,133.670913067061,0.000000000000,,gps_back
59.724770264804,133.678474562414,0.000000000000,,gps_back
59.774203086860,133.686036057767,0.000000000000,,gps_back
59.823635908917,133.693597553120,0.000000000000,,gps_back
59.873068730973,133.701159048473,0.000000000000,,gps_back
59.922501553030,133.708720543826,0.000000000000,,gps_back
59.971934375086,133.716282039179,0.000000000000,,gps_back
60.021367197143,133.723843534531,0.000000000000,,gps_back
60.070800019199,133.731405029884,0.000000000000,,gps_back
60.120232841256,133.738966525237,0.000000000000,,gps_back
60.169665663312,133.746528020590,0.000000000000,,gps_back
60.219098485369,133.754089515943,0.000000000000,,gps_back
60.268531307425,133.761651011296,0.000000000000,,gps_back
60.317964129481,133.769212506649,0.000000000000,,gps_back
60.367396951538,133.776774002002,0.000000000000,,gps_back
60.416829773594,133.784335497355,0.000000000000,,gps_back
60.466262595651,133.791896992708,0.000000000000,,gps_back
60.515695417707,133.799458488061,0.000000000000,,gps_back
60.565128239764,133.807019983414,0.000000000000,,gps_back
60.614561061820,133.814581478766,0.000000000000,,gps_back
60.663993883877,133.822142974119,0.000000000000,,gps_back
60.713426705933,133.829704469472,0.000000000000,,gps_back
60.762859527990,133.837265964825,0.000000000000,,gps_back
60.812292350046,133.844827460178,0.000000000000,,gps_back
60.861725172102,133.852388955531,0.000000000000,,gps_back
60.911157994159,133.859950450884,0.000000000000,,gps_back
60.960590816215,133.867511946237,0.000000000000,,gps_back
61.010023638272,133.875073441590,0.000000000000,,gps_back
61.059456460328,133.882634936943,0.000000000000,,gps_back
61.108889282385,133.890196432296,0.000000000000,,gps_back
61.158322104441,133.897757927649,0.000000000000,,gps_back
61.207754926498,133.905319423001,0.000000000000,,gps_back
61.257187748554,133.912880918354,0.000000000000,,gps_back
61.306620570611,133.920442413707,0.000000000000,,gps_back
61.356053392667,133.928003909060,0.000000000000,,gps_back
61.405486214723,133.935565404413,0.000000000000,,gps_back
61.454919036780,133.943126899766,0.000000000000,,gps_back
61.504351858836,133.950688395119,0.000000000000,,gps_back
61.553784680893,133.958249890472,0.000000000000,,gps_back
61.603217502949,133.965811385825,0.000000000000,,gps_back
61.652650325006,133.973372881178,0.000000000000,,gps_back
61.702083147062,133.980934376531,0.000000000000,,gps_back
61.751515969119,133.988495871884,0.000000000000,,gps_back
61.800948791175,133.996057367236,0.000000000000,,gps_back
61.850381613231,134.003618862589,0.000000000000,,gps_back
61.899814435288,134.011180357942,0.000000000000,,gps_back
61.949247257344,134.018741853295,0.000000000000,,gps_back
61.998680079401,134.026303348648,0.000000000000,,gps_back
62.048112901457,134.033864844001,0.000000000000,,gps_back
62.097545723514,134.041426339354,0.000000000000,,gps_back
62.146978545570,134.048987834707,0.000000000000,,gps_back
62.196411367627,134.056549330060,0.000000000000,,gps_back
62.245844189683,134.064110825413,0.000000000000,,gps_back
62.295277011740,134.071672320766,0.000000000000,,gps_back
62.344709833796,134.079233816119,0.000000000000,,gps_back
62.394142655852,134.086795311472,0.000000000000,,gps_back
62.443575477909,134.094356806824,0.000000000000,,gps_back
62.493008299965,134.101918302177,0.000000000000,,gps_back
62.542441122022,134.109479797530,0.000000000000,,gps_back
62.591873944078,134.117041292883,0.000000000000,,gps_back
62.641306766135,134.124602788236,0.000000000000,,gps_back
62.690739588191,134.132164283589,0.000000000000,,gps_back
62.740172410248,134.139725778942,0.000000000000,,gps_back
62.789605232304,134.147287274295,0.000000000000,,gps_back
62.839038054361,134.154848769648,0.000000000000,,gps_back
62.888470876417,134.162410265001,0.000000000000,,gps_back
62.937903698473,134.169971760354,0.000000000000,,gps_back
62.987336520530,134.177533255707,0.000000000000,,gps_back
63.036769342586,134.185094751059,0.000000000000,,gps_back
63.086202164643,134.192656246412,0.000000000000,,gps_back
63.135634986699,134.200217741765,0.000000000000,,gps_back
63.185067808756,134.207779237118,0.000000000000,,gps_back
63.234500630812,134.215340732471,0.000000000000,,gps_back
63.283933452869,134.222902227824,0.000000000000,,gps_back
63.333366274925,134.230463723177,0.000000000000,,gps_back
63.382799096982,134.238025218530,0.000000000000,,gps_back
63.432231919038,134.245586713883,0.000000000000,,gps_back
63.481664741094,134.253148209236,0.000000000000,,gps_back
63.531097563151,134.260709704589,0.000000000000,,gps_back
63.580530385207,134.268271199942,0.000000000000,,gps_back
63.629963207264,134.275832695295,0.000000000000,,gps_back
63.679396029320,134.283394190647,0.000000000000,,gps_back
63.728828851377,134.290955686000,0.000000000000,,gps_back
63.778261673433,134.298517181353,0.000000000000,,gps_back
63.827694495490,134.306078676706,0.000000000000,,gps_back
63.877127317546,134.313640172059,0.000000000000,,gps_back
63.926560139603,134.321201667412,0.000000000000,,gps_back
63.975992961659,134.328763162765,0.000000000000,,gps_back
64.025425783715,134.336324658118,0.000000000000,,gps_back
64.074858605772,134.343886153471,0.000000000000,,gps_back
64.124291427828,134.351447648824,0.000000000000,,gps_back
64.173724249885,134.359009144177,0.000000000000,,gps_back
64.223157071941,134.366570639530,0.000000000000,,gps_back
64.272589893998,134.374132134882,0.000000000000,,gps_back
64.322022716054,134.381693630235,0.000000000000,,gps_back
64.371455538111,134.389255125588,0.000000000000,,gps_back
64.420888360167,134.396816620941,0.000000000000,,gps_back
64.470321182223,134.404378116294,0.000000000000,,gps_back
64.519754004280,134.411939611647,0.000000000000,,gps_back
64.569186826336,134.419501107000,0.000000000000,,gps_back
64.618619648393,134.427062602353,0.000000000000,,gps_back
64.668052470449,134.434624097706,0.000000000000,,gps_back
64.717485292506,134.442185593059,0.000000000000,,gps_back
64.766918114562,134.449747088412,0.000000000000,,gps_back
64.816350936619,134.457308583765,0.000000000000,,gps_back
64.865783758675,134.464870079117,0.000000000000,,gps_back
64.915216580732,134.472431574470,0.000000000000,,gps_back
64.964649402788,134.479993069823,0.000000000000,,gps_back
65.014082224844,134.487554565176,0.000000000000,,gps_back
65.063515046901,134.495116060529,0.000000000000,,gps_back
65.112947868957,134.502677555882,0.000000000000,,gps_back
65.162380691014,134.510239051235,0.000000000000,,gps_back
65.211813513070,134.517800546588,0.000000000000,,gps_back
65.261246335127,134.525362041941,0.000000000000,,gps_back
65.310679157183,134.532923537294,0.000000000000,,gps_back
65.360111979240,134.540485032647,0.000000000000,,gps_back
65.409544801296,134.548046528000,0.000000000000,,gps_back
65.458977623353,134.555608023353,0.000000000000,,gps_back
65.508410445409,134.563169518705,0.000000000000,,gps_back
65.557843267465,134.570731014058,0.000000000000,,gps_back
65.607276089522,134.578292509411,0.000000000000,,gps_back
65.656708911578,134.585854004764,0.000000000000,,gps_back
65.706141733635,134.593415500117,0.000000000000,,gps_back
65.755574555691,134.600976995470,0.000000000000,,gps_back
65.805007377748,134.608538490823,0.000000000000,,gps_back
65.854440199804,134.616099986176,0.000000000000,,gps_back
65.903873021861,134.623661481529,0.000000000000,,gps_back
65.953305843917,134.631222976882,0.000000000000,,gps_back
66.002738665974,134.638784472235,0.000000000000,,gps_back
66.052171488030,134.646345967588,0.000000000000,,gps_back
66.101604310086,134.653907462940,0.000000000000,,gps_back
66.151037132143,134.661468958293,0.000000000000,,gps_back
66.200469954199,134.669030453646,0.000000000000,,gps_back
66.249902776256,134.676591948999,0.000000000000,,gps_back
66.299335598312,134.684153444352,0.000000000000,,gps_back
66.348768420369,134.691714939705,0.000000000000,,gps_back
66.398201242425,134.699276435058,0.000000000000,,gps_back
66.447634064482,134.706837930411,0.000000000000,,gps_back
66.497066886538,134.714399425764,0.000000000000,,gps_back
66.546499708595,134.721960921117,0.000000000000,,gps_back
66.595932530651,134.729522416470,0.000000000000,,gps_back
66.645365352707,134.737083911823,0.000000000000,,gps_back
66.694798174764,134.744645407175,0.000000000000,,gps_back
66.744230996820,134.752206902528,0.000000000000,,gps_back
66.793663818877,134.759768397881,0.000000000000,,gps_back
66.843096640933,134.767329893234,0.000000000000,,gps_back
66.892529462990,134.774891388587,0.000000000000,,gps_back
66.941962285046,134.782452883940,0.000000000000,,gps_back
66.991395107103,134.790014379293,0.000000000000,,gps_back
67.040827929159,134.797575874646,0.000000000000,,gps_back
67.090260751216,134.805137369999,0.000000000000,,gps_back
67.139693573272,134.812698865352,0.000000000000,,gps_back
67.189126395328,134.820260360705,0.000000000000,,gps_back
67.238559217385,134.827821856058,0.000000000000,,gps_back
67.287992039441,134.835383351410,0.000000000000,,gps_back
67.337424861498,134.842944846763,0.000000000000,,gps_back
67.386857683554,134.850506342116,0.000000000000,,gps_back
67.436290505611,134.858067837469,0.000000000000,,gps_back
67.485723327667,134.865629332822,0.000000000000,,gps_back
67.535156149724,134.873190828175,0.000000000000,,gps_back
67.584588971780,134.880752323528,0.000000000000,,gps_back
67.634021793837,134.888313818881,0.000000000000,,gps_back
67.683454615893,134.895875314234,0.000000000000,,gps_back
67.732887437949,134.903436809587,0.000000000000,,gps_back
67.782320260006,134.910998304940,0.000000000000,,gps_back
67.831753082062,134.918559800293,0.000000000000,,gps_back
67.881185904119,134.926121295646,0.000000000000,,gps_back
67.930618726175,134.933682790998,0.000000000000,,gps_back
67.980051548232,134.941244286351,0.000000000000,,gps_back
68.029484370288,134.948805781704,0.000000000000,,gps_back
68.078917192345,134.956367277057,0.000000000000,,gps_back
68.128350014401,134.963928772410,0.000000000000,,gps_back
68.177782836458,134.971490267763,0.000000000000,,gps_back
68.227215658514,134.979051763116,0.000000000000,,gps_back
68.276648480570,134.986613258469,0.000000000000,,gps_back
68.326081302627,134.994174753822,0.000000000000,,gps_back
68.375514124683,135.001736249175,0.000000000000,,gps_back
68.424946946740,135.009297744528,0.000000000000,,gps_back
68.474379768796,135.016859239881,0.000000000000,,gps_back
68.523812590853,135.024420735233,0.000000000000,,gps_back
68.573245412909,135.031982230586,0.000000000000,,gps_back
68.622678234966,135.039543725939,0.000000000000,,gps_back
68.672111057022,135.047105221292,0.000000000000,,gps_back
68.721543879079,135.054666716645,0.000000000000,,gps_back
68.770976701135,135.062228211998,0.000000000000,,gps_back
68.820409523191,135.069789707351,0.000000000000,,gps_back
68.869842345248,135.077351202704,0.000000000000,,gps_back
68.919275167304,135.084912698057,0.000000000000,,gps_back
68.968707989361,135.092474193410,0.000000000000,,gps_back
69.018140811417,135.100035688763,0.000000000000,,gps_back
69.067573633474,135.107597184116,0.000000000000,,gps_back
69.117006455530,135.115158679468,0.000000000000,,gps_back
69.166439277587,135.122720174821,0.000000000000,,gps_back
69.215872099643,135.130281670174,0.000000000000,,gps_back
69.265304921699,135.137843165527,0.000000000000,,gps_back
69.314737743756,135.145404660880,0.000000000000,,gps_back
69.364170565812,135.152966156233,0.000000000000,,gps_back
69.413603387869,135.160527651586,0.000000000000,,gps_back
69.463036209925,135.168089146939,0.000000000000,,gps_back
69.512469031982,135.175650642292,0.000000000000,,gps_back
69.561901854038,135.183212137645,0.000000000000,,gps_back
69.611334676095,135.190773632998,0.000000000000,,gps_back
69.660767498151,135.198335128351,0.000000000000,,gps_back
69.710200320208,135.205896623704,0.000000000000,,gps_back
69.759633142264,135.213458119056,0.000000000000,,gps_back
69.809065964320,135.221019614409,0.000000000000,,gps_back
69.858498786377,135.228581109762,0.000000000000,,gps_back
69.907931608433,135.236142605115,0.000000000000,,gps_back
69.957364430490,135.243704100468,0.000000000000,,gps_back
70.006797252546,135.251265595821,0.000000000000,,gps_back
70.056230074603,135.258827091174,0.000000000000,,gps_back
70.105662896659,135.266388586527,0.000000000000,,gps_back
70.155095718716,135.273950081880,0.000000000000,,gps_back
70.204528540772,135.281511577233,0.000000000000,,gps_back
70.253961362829,135.289073072586,0.000000000000,,gps_back
70.303394184885,135.296634567939,0.000000000000,,gps_back
70.352827006941,135.304196063291,0.000000000000,,gps_back
70.402259828998,135.311757558644,0.000000000000,,gps_back
70.451692651054,135.319319053997,0.000000000000,,gps_back
70.501125473111,135.326880549350,0.000000000000,,gps_back
70.550558295167,135.334442044703,0.000000000000,,gps_back
70.599991117224,135.342003540056,0.000000000000,,gps_back
70.649423939280,135.349565035409,0.000000000000,,gps_back
70.698856761337,135.357126530762,0.000000000000,,gps_back
70.748289583393,135.364688026115,0.000000000000,,gps_back
70.797722405450,135.372249521468,0.000000000000,,gps_back
70.847155227506,135.379811016821,0.000000000000,,gps_back
70.896588049562,135.387372512174,0.000000000000,,gps_back
70.946020871619,135.394934007527,0.000000000000,,gps_back
70.995453693675,135.402495502879,0.000000000000,,gps_back
71.044886515732,135.410056998232,0.000000000000,,gps_back
71.094319337788,135.417618493585,0.000000000000,,gps_back
71.143752159845,135.425179988938,0.000000000000,,gps_back
71.193184981901,135.432741484291,0.000000000000,,gps_back
71.242617803958,135.440302979644,0.000000000000,,gps_back
71.292050626014,135.447864474997,0.000000000000,,gps_back
71.341483448071,135.455425970350,0.000000000000,,gps_back
71.390916270127,135.462987465703,0.000000000000,,gps_back
71.440349092183,135.470548961056,0.000000000000,,gps_back
71.489781914240,135.478110456409,0.000000000000,,gps_back
71.539214736296,135.485671951762,0.000000000000,,gps_back
71.588647558353,135.493233447114,0.000000000000,,gps_back
71.638080380409,135.500794942467,0.000000000000,,gps_back
71.687513202466,135.508356437820,0.000000000000,,gps_back
71.736946024522,135.515917933173,0.000000000000,,gps_back
71.786378846579,135.523479428526,0.000000000000,,gps_back
71.835811668635,135.531040923879,0.000000000000,,gps_back
71.885244490692,135.538602419232,0.000000000000,,gps_back
71.934677312748,135.546163914585,0.000000000000,,gps_back
71.984110134804,135.553725409938,0.000000000000,,gps_back
72.033542956861,135.561286905291,0.000000000000,,gps_back
72.082975778917,135.568848400644,0.000000000000,,gps_back
72.132408600974,135.576409895997,0.000000000000,,gps_back
72.181841423030,135.583971391349,0.000000000000,,gps_back
72.231274245087,135.591532886702,0.000000000000,,gps_back
72.280707067143,135.599094382055,0.000000000000,,gps_back
72.330139889200,135.606655877408,0.000000000000,,gps_back
72.379572711256,135.614217372761,0.000000000000,,gps_back
72.429005533313,135.621778868114,0.000000000000,,gps_back
72.478438355369,135.629340363467,0.000000000000,,gps_back
72.527871177425,135.636901858820,0.000000000000,,gps_back
72.577303999482,135.644463354173,0.000000000000,,gps_back
72.626736821538,135.652024849526,0.000000000000,,gps_back
72.676169643595,135.659586344879,0.000000000000,,gps_back
72.725602465651,135.667147840232,0.000000000000,,gps_back
72.775035287708,135.674709335585,0.000000000000,,gps_back
72.824468109764,135.682270830937,0.000000000000,,gps_back
72.873900931821,135.689832326290,0.000000000000,,gps_back
72.923333753877,135.697393821643,0.000000000000,,gps_back
72.972766575934,135.704955316996,0.000000000000,,gps_back
73.022199397990,135.712516812349,0.000000000000,,gps_back
73.071632220046,135.720078307702,0.000000000000,,gps_back
73.121065042103,135.727639803055,0.000000000000,,gps_back
73.170497864159,135.735201298408,0.000000000000,,gps_back
73.219930686216,135.742762793761,0.000000000000,,gps_back
73.269363508272,135.750324289114,0.000000000000,,gps_back
73.318796330329,135.757885784467,0.000000000000,,gps_back
73.368229152385,135.765447279820,0.000000000000,,gps_back
73.417661974442,135.773008775172,0.000000000000,,gps_back
73.467094796498,135.780570270525,0.000000000000,,gps_back
73.516527618555,135.788131765878,0.000000000000,,gps_back
73.565960440611,135.795693261231,0.000000000000,,gps_back
73.615393262667,135.803254756584,0.000000000000,,gps_back
73.664826084724,135.810816251937,0.000000000000,,gps_back
73.714258906780,135.818377747290,0.000000000000,,gps_back
73.763691728837,135.825939242643,0.000000000000,,gps_back
73.813124550893,135.833500737996,0.000000000000,,gps_back
73.862557372950,135.841062233349,0.000000000000,,gps_back
73.911990195006,135.848623728702,0.000000000000,,gps_back
73.961423017063,135.856185224055,0.000000000000,,gps_back
74.010855839119,135.863746719407,0.000000000000,,gps_back
74.060288661175,135.871308214760,0.000000000000,,gps_back
74.109721483232,135.878869710113,0.000000000000,,gps_back
74.159154305288,135.886431205466,0.000000000000,,gps_back
74.208587127345,135.893992700819,0.000000000000,,gps_back
74.258019949401,135.901554196172,0.000000000000,,gps_back
74.307452771458,135.909115691525,0.000000000000,,gps_back
74.356885593514,135.916677186878,0.000000000000,,gps_back
74.406318415571,135.924238682231,0.000000000000,,gps_back
74.455751237627,135.931800177584,0.000000000000,,gps_back
74.505184059684,135.939361672937,0.000000000000,,gps_back
74.554616881740,135.946923168290,0.000000000000,,gps_back
74.604049703796,135.954484663642,0.000000000000,,gps_back
74.653482525853,135.962046158995,0.000000000000,,gps_back
74.702915347909,135.969607654348,0.000000000000,,gps_back
74.752348169966,135.977169149701,0.000000000000,,gps_back
74.801780992022,135.984730645054,0.000000000000,,gps_back
74.851213814079,135.992292140407,0.000000000000,,gps_back
74.900646636135,135.999853635760,0.000000000000,,gps_back
74.950079458192,136.007415131113,0.000000000000,,gps_back
74.999512280248,136.014976626466,0.000000000000,,gps_back
75.048945102305,136.022538121819,0.000000000000,,gps_back
75.098377924361,136.030099617172,0.000000000000,,gps_back
75.147810746417,136.037661112525,0.000000000000,,gps_back
75.197243568474,136.045222607878,0.000000000000,,gps_back
75.246676390530,136.052784103230,0.000000000000,,gps_back
75.296109212587,136.060345598583,0.000000000000,,gps_back
75.345542034643,136.067907093936,0.000000000000,,gps_back
75.394974856700,136.075468589289,0.000000000000,,gps_back
75.444407678756,136.083030084642,0.000000000000,,gps_back
75.493840500813,136.090591579995,0.000000000000,,gps_back
75.543273322869,136.098153075348,0.000000000000,,gps_back
75.592706144926,136.105714570701,0.000000000000,,gps_back
75.642138966982,136.113276066054,0.000000000000,,gps_back
75.691571789038,136.120837561407,0.000000000000,,gps_back
75.741004611095,136.128399056760,0.000000000000,,gps_back
75.790437433151,136.135960552113,0.000000000000,,gps_back
75.839870255208,136.143522047465,0.000000000000,,gps_back
75.889303077264,136.151083542818,0.000000000000,,gps_back
75.938735899321,136.158645038171,0.000000000000,,gps_back
75.988168721377,136.166206533524,0.000000000000,,gps_back
76.037601543434,136.173768028877,0.000000000000,,gps_back
76.087034365490,136.181329524230,0.000000000000,,gps_back
76.136467187547,136.188891019583,0.000000000000,,gps_back
76.185900009603,136.196452514936,0.000000000000,,gps_back
76.235332831659,136.204014010289,0.000000000000,,gps_back
76.284765653716,136.211575505642,0.000000000000,,gps_back
76.334198475772,136.219137000995,0.000000000000,,gps_back
76.383631297829,136.226698496348,0.000000000000,,gps_back
76.433064119885,136.234259991700,0.000000000000,,gps_back
76.482496941942,136.241821487053,0.000000000000,,gps_back
76.531929763998,136.249382982406,0.000000000000,,gps_back
76.581362586055,136.256944477759,0.000000000000,,gps_back
76.630795408111,136.264505973112,0.000000000000,,gps_back
76.680228230168,136.272067468465,0.000000000000,,gps_back
76.729661052224,136.279628963818,0.000000000000,,gps_back
76.779093874280,136.287190459171,0.000000000000,,gps_back
76.828526696337,136.294751954524,0.000000000000,,gps_back
76.877959518393,136.302313449877,0.000000000000,,gps_back
76.927392340450,136.309874945230,0.000000000000,,gps_back
76.976825162506,136.317436440583,0.000000000000,,gps_back
77.026257984563,136.324997935936,0.000000000000,,gps_back
77.075690806619,136.332559431288,0.000000000000,,gps_back
77.125123628676,136.340120926641,0.000000000000,,gps_back
77.174556450732,136.347682421994,0.000000000000,,gps_back
77.223989272789,136.355243917347,0.000000000000,,gps_back
77.273422094845,136.362805412700,0.000000000000,,gps_back
77.322854916901,136.370366908053,0.000000000000,,gps_back
77.372287738958,136.377928403406,0.000000000000,,gps_back
77.421720561014,136.385489898759,0.000000000000,,gps_back
77.471153383071,136.393051394112,0.000000000000,,gps_back
77.520586205127,136.400612889465,0.000000000000,,gps_back
77.570019027184,136.408174384818,0.000000000000,,gps_back
77.619451849240,136.415735880171,0.000000000000,,gps_back
77.668884671297,136.423297375523,0.000000000000,,gps_back
77.718317493353,136.430858870876,0.000000000000,,gps_back
77.767750315410,136.438420366229,0.000000000000,,gps_back
77.817183137466,136.445981861582,0.000000000000,,gps_back
77.866615959522,136.453543356935,0.000000000000,,gps_back
77.916048781579,136.461104852288,0.000000000000,,gps_back
77.965481603635,136.468666347641,0.000000000000,,gps_back
78.014914425692,136.476227842994,0.000000000000,,gps_back
78.064347247748,136.483789338347,0.000000000000,,gps_back
78.113780069805,136.491350833700,0.000000000000,,gps_back
78.163212891861,136.498912329053,0.000000000000,,gps_back
78.212645713918,136.506473824406,0.000000000000,,gps_back
78.262078535974,136.514035319759,0.000000000000,,gps_back
78.311511358031,136.521596815111,0.000000000000,,gps_back
78.360944180087,136.529158310464,0.000000000000,,gps_back
78.410377002143,136.536719805817,0.000000000000,,gps_back
78.459809824200,136.544281301170,0.000000000000,,gps_back
78.509242646256,136.551842796523,0.000000000000,,gps_back
78.558675468313,136.559404291876,0.000000000000,,gps_back
78.608108290369,136.566965787229,0.000000000000,,gps_back
78.657541112426,136.574527282582,0.000000000000,,gps_back
78.706973934482,136.582088777935,0.000000000000,,gps_back
78.756406756539,136.589650273288,0.000000000000,,gps_back
78.805839578595,136.597211768641,0.000000000000,,gps_back
78.855272400652,136.604773263994,0.000000000000,,gps_back
78.904705222708,136.612334759346,0.000000000000,,gps_back
78.954138044764,136.619896254699,0.000000000000,,gps_back
79.003570866821,136.627457750052,0.000000000000,,gps_back
79.053003688877,136.635019245405,0.000000000000,,gps_back
79.102436510934,136.642580740758,0.000000000000,,gps_back
79.151869332990,136.650142236111,0.000000000000,,gps_back
79.201302155047,136.657703731464,0.000000000000,,gps_back
79.250734977103,136.665265226817,0.000000000000,,gps_back
79.300167799160,136.672826722170,0.000000000000,,gps_back
79.349600621216,136.680388217523,0.000000000000,,gps_back
79.399033443273,136.687949712876,0.000000000000,,gps_back
79.448466265329,136.695511208229,0.000000000000,,gps_back
79.497899087385,136.703072703581,0.000000000000,,gps_back
79.547331909442,136.710634198934,0.000000000000,,gps_back
79.596764731498,136.718195694287,0.000000000000,,gps_back
79.646197553555,136.725757189640,0.000000000000,,gps_back
79.695630375611,136.733318684993,0.000000000000,,gps_back
79.745063197668,136.740880180346,0.000000000000,,gps_back
79.794496019724,136.748441675699,0.000000000000,,gps_back
79.843928841781,136.756003171052,0.000000000000,,gps_back
79.893361663837,136.763564666405,0.000000000000,,gps_back
79.942794485893,136.771126161758,0.000000000000,,gps_back
79.992227307950,136.778687657111,0.000000000000,,gps_back
80.041660130006,136.786249152464,0.000000000000,,gps_back
80.091092952063,136.793810647816,0.000000000000,,gps_back
80.140525774119,136.801372143169,0.000000000000,,gps_back
80.189958596176,136.808933638522,0.000000000000,,gps_back
80.239391418232,136.816495133875,0.000000000000,,gps_back
80.288824240289,136.824056629228,0.000000000000,,gps_back
80.338257062345,136.831618124581,0.000000000000,,gps_back
80.387689884402,136.839179619934,0.000000000000,,gps_back
80.437122706458,136.846741115287,0.000000000000,,gps_back
80.486555528514,136.854302610640,0.000000000000,,gps_back
80.535988350571,136.861864105993,0.000000000000,,gps_back
80.585421172627,136.869425601346,0.000000000000,,gps_back
80.634853994684,136.876987096699,0.000000000000,,gps_back
80.684286816740,136.884548592051,0.000000000000,,gps_back
80.733719638797,136.892110087404,0.000000000000,,gps_back
80.783152460853,136.899671582757,0.000000000000,,gps_back
80.832585282910,136.907233078110,0.000000000000,,gps_back
80.882018104966,136.914794573463,0.000000000000,,gps_back
80.931450927023,136.922356068816,0.000000000000,,gps_back
80.980883749079,136.929917564169,0.000000000000,,gps_back
81.030316571135,136.937479059522,0.000000000000,,gps_back
81.079749393192,136.945040554875,0.000000000000,,gps_back
81.129182215248,136.952602050228,0.000000000000,,gps_back
81.178615037305,136.960163545581,0.000000000000,,gps_back
81.228047859361,136.967725040934,0.000000000000,,gps_back
81.277480681418,136.975286536287,0.000000000000,,gps_back
81.326913503474,136.982848031639,0.000000000000,,gps_back
81.376346325531,136.990409526992,0.000000000000,,gps_back
81.425779147587,136.997971022345,0.000000000000,,gps_back
81.475211969644,137.005532517698,0.000000000000,,gps_back
81.524644791700,137.013094013051,0.000000000000,,gps_back
81.574077613756,137.020655508404,0.000000000000,,gps_back
81.623510435813,137.028217003757,0.000000000000,,gps_back
81.672943257869,137.035778499110,0.000000000000,,gps_back
81.722376079926,137.043339994463,0.000000000000,,gps_back
81.771808901982,137.050901489816,0.000000000000,,gps_back
81.821241724039,137.058462985169,0.000000000000,,gps_back
81.870674546095,137.066024480522,0.000000000000,,gps_back
81.920107368152,137.073585975874,0.000000000000,,gps_back
81.969540190208,137.081147471227,0.000000000000,,gps_back
82.018973012265,137.088708966580,0.000000000000,,gps_back
82.068405834321,137.096270461933,0.000000000000,,gps_back
82.117838656377,137.103831957286,0.000000000000,,gps_back
82.167271478434,137.111393452639,0.000000000000,,gps_back
82.216704300490,137.118954947992,0.000000000000,,gps_back
82.266137122547,137.126516443345,0.000000000000,,gps_back
82.315569944603,137.134077938698,0.000000000000,,gps_back
82.365002766660,137.141639434051,0.000000000000,,gps_back
82.414435588716,137.149200929404,0.000000000000,,gps_back
82.463868410773,137.156762424757,0.000000000000,,gps_back
82.513301232829,137.164323920110,0.000000000000,,gps_back
82.562734054886,137.171885415462,0.000000000000,,gps_back
82.612166876942,137.179446910815,0.000000000000,,gps_back
82.661599698998,137.187008406168,0.000000000000,,gps_back
82.711032521055,137.194569901521,0.000000000000,,gps_back
82.760465343111,137.202131396874,0.000000000000,,gps_back
82.809898165168,137.209692892227,0.000000000000,,gps_back
82.859330987224,137.217254387580,0.000000000000,,gps_back
82.908763809281,137.224815882933,0.000000000000,,gps_back
82.958196631337,137.232377378286,0.000000000000,,gps_back
83.007629453394,137.239938873639,0.000000000000,,gps_back
83.057062275450,137.247500368992,0.000000000000,,gps_back
83.106495097507,137.255061864345,0.000000000000,,gps_back
83.155927919563,137.262623359697,0.000000000000,,gps_back
83.205360741619,137.270184855050,0.000000000000,,gps_back
83.254793563676,137.277746350403,0.000000000000,,gps_back
83.304226385732,137.285307845756,0.000000000000,,gps_back
83.353659207789,137.292869341109,0.000000000000,,gps_back
83.403092029845,137.300430836462,0.000000000000,,gps_back
83.452524851902,137.307992331815,0.000000000000,,gps_back
83.501957673958,137.315553827168,0.000000000000,,gps_back
83.551390496015,137.323115322521,0.000000000000,,gps_back
83.600823318071,137.330676817874,0.000000000000,,gps_back
83.650256140128,137.338238313227,0.000000000000,,gps_back
83.699688962184,137.345799808580,0.000000000000,,gps_back
83.749121784240,137.353361303932,0.000000000000,,gps_back
83.798554606297,137.360922799285,0.000000000000,,gps_back
83.847987428353,137.368484294638,0.000000000000,,gps_back
83.897420250410,137.376045789991,0.000000000000,,gps_back
83.946853072466,137.383607285344,0.000000000000,,gps_back
83.996285894523,137.391168780697,0.000000000000,,gps_back
84.045718716579,137.398730276050,0.000000000000,,gps_back
84.095151538636,137.406291771403,0.000000000000,,gps_back
84.144584360692,137.413853266756,0.000000000000,,gps_back
84.194017182749,137.421414762109,0.000000000000,,gps_back
84.243450004805,137.428976257462,0.000000000000,,gps_back
84.292882826861,137.436537752815,0.000000000000,,gps_back
84.342315648918,137.444099248168,0.000000000000,,gps_back
84.391748470974,137.451660743520,0.000000000000,,gps_back
84.441181293031,137.459222238873,0.000000000000,,gps_back
84.490614115087,137.466783734226,0.000000000000,,gps_back
84.540046937144,137.474345229579,0.000000000000,,gps_back
84.589479759200,137.481906724932,0.000000000000,,gps_back
84.638912581257,137.489468220285,0.000000000000,,gps_back
84.688345403313,137.497029715638,0.000000000000,,gps_back
84.737778225369,137.504591210991,0.000000000000,,gps_back
84.787211047426,137.512152706344,0.000000000000,,gps_back
84.836643869482,137.519714201697,0.000000000000,,gps_back
84.886076691539,137.527275697050,0.000000000000,,gps_back
84.935509513595,137.534837192403,0.000000000000,,gps_back
84.984942335652,137.542398687755,0.000000000000,,gps_back
85.034375157708,137.549960183108,0.000000000000,,gps_back
85.083807979765,137.557521678461,0.000000000000,,gps_back
85.133240801821,137.565083173814,0.000000000000,,gps_back
85.182673623878,137.572644669167,0.000000000000,,gps_back
85.232106445934,137.580206164520,0.000000000000,,gps_back
85.281539267990,137.587767659873,0.000000000000,,gps_back
85.330972090047,137.595329155226,0.000000000000,,gps_back
85.380404912103,137.602890650579,0.000000000000,,gps_back
85.429837734160,137.610452145932,0.000000000000,,gps_back
85.479270556216,137.618013641285,0.000000000000,,gps_back
85.528703378273,137.625575136638,0.000000000000,,gps_back
85.578136200329,137.633136631990,0.000000000000,,gps_back
85.627569022386,137.640698127343,0.000000000000,,gps_back
85.677001844442,137.648259622696,0.000000000000,,gps_back
85.726434666499,137.655821118049,0.000000000000,,gps_back
85.775867488555,137.663382613402,0.000000000000,,gps_back
85.825300310611,137.670944108755,0.000000000000,,gps_back
85.874733132668,137.678505604108,0.000000000000,,gps_back
85.924165954724,137.686067099461,0.000000000000,,gps_back
85.973598776781,137.693628594814,0.000000000000,,gps_back
86.023031598837,137.701190090167,0.000000000000,,gps_back
86.072464420894,137.708751585520,0.000000000000,,gps_back
86.121897242950,137.716313080873,0.000000000000,,gps_back
86.171330065007,137.723874576226,0.000000000000,,gps_back
86.220762887063,137.731436071578,0.000000000000,,gps_back
86.270195709120,137.738997566931,0.000000000000,,gps_back
86.319628531176,137.746559062284,0.000000000000,,gps_back
86.369061353232,137.754120557637,0.000000000000,,gps_back
86.418494175289,137.761682052990,0.000000000000,,gps_back
86.467926997345,137.769243548343,0.000000000000,,gps_back
86.517359819402,137.776805043696,0.000000000000,,gps_back
86.566792641458,137.784366539049,0.000000000000,,gps_back
86.616225463515,137.791928034402,0.000000000000,,gps_back
86.665658285571,137.799489529755,0.000000000000,,gps_back
86.715091107628,137.807051025108,0.000000000000,,gps_back
86.764523929684,137.814612520461,0.000000000000,,gps_back
86.813956751740,137.822174015813,0.000000000000,,gps_back
86.863389573797,137.829735511166,0.000000000000,,gps_back
86.912822395853,137.837297006519,0.000000000000,,gps_back
86.962255217910,137.844858501872,0.000000000000,,gps_back
87.011688039966,137.852419997225,0.000000000000,,gps_back
87.061120862023,137.859981492578,0.000000000000,,gps_back
87.110553684079,137.867542987931,0.000000000000,,gps_back
87.159986506136,137.875104483284,0.000000000000,,gps_back
87.209419328192,137.882665978637,0.000000000000,,gps_back
87.258852150249,137.890227473990,0.000000000000,,gps_back
87.308284972305,137.897788969343,0.000000000000,,gps_back
87.357717794361,137.905350464696,0.000000000000,,gps_back
87.407150616418,137.912911960048,0.000000000000,,gps_back
87.456583438474,137.920473455401,0.000000000000,,gps_back
87.506016260531,137.928034950754,0.000000000000,,gps_back
87.555449082587,137.935596446107,0.000000000000,,gps_back
87.604881904644,137.943157941460,0.000000000000,,gps_back
87.654314726700,137.950719436813,0.000000000000,,gps_back
87.703747548757,137.958280932166,0.000000000000,,gps_back
87.753180370813,137.965842427519,0.000000000000,,gps_back
87.802613192870,137.973403922872,0.000000000000,,gps_back
87.852046014926,137.980965418225,0.000000000000,,gps_back
87.901478836982,137.988526913578,0.000000000000,,gps_back
87.950911659039,137.996088408931,0.000000000000,,gps_back
88.000344481095,138.003649904283,0.000000000000,,gps_back
88.049777303152,138.011211399636,0.000000000000,,gps_back
88.099210125208,138.018772894989,0.000000000000,,gps_back
88.148642947265,138.026334390342,0.000000000000,,gps_back
88.198075769321,138.033895885695,0.000000000000,,gps_back
88.247508591378,138.041457381048,0.000000000000,,gps_back
88.296941413434,138.049018876401,0.000000000000,,gps_back
88.346374235491,138.056580371754,0.000000000000,,gps_back
88.395807057547,138.064141867107,0.000000000000,,gps_back
88.445239879603,138.071703362460,0.000000000000,,gps_back
88.494672701660,138.079264857813,0.000000000000,,gps_back
88.544105523716,138.086826353166,0.000000000000,,gps_back
88.593538345773,138.094387848519,0.000000000000,,gps_back
88.642971167829,138.101949343871,0.000000000000,,gps_back
88.692403989886,138.109510839224,0.000000000000,,gps_back
88.741836811942,138.117072334577,0.000000000000,,gps_back
88.791269633999,138.124633829930,0.000000000000,,gps_back
88.840702456055,138.132195325283,0.000000000000,,gps_back
88.890135278111,138.139756820636,0.000000000000,,gps_back
88.939568100168,138.147318315989,0.000000000000,,gps_back
88.989000922224,138.154879811342,0.000000000000,,gps_back
89.038433744281,138.162441306695,0.000000000000,,gps_back
89.087866566337,138.170002802048,0.000000000000,,gps_back
89.137299388394,138.177564297401,0.000000000000,,gps_back
89.186732210450,138.185125792754,0.000000000000,,gps_back
89.236165032507,138.192687288106,0.000000000000,,gps_back
89.285597854563,138.200248783459,0.000000000000,,gps_back
89.335030676620,138.207810278812,0.000000000000,,gps_back
89.384463498676,138.215371774165,0.000000000000,,gps_back
89.433896320732,138.222933269518,0.000000000000,,gps_back
89.483329142789,138.230494764871,0.000000000000,,gps_back
89.532761964845,138.238056260224,0.000000000000,,gps_back
89.582194786902,138.245617755577,0.000000000000,,gps_back
89.631627608958,138.253179250930,0.000000000000,,gps_back
89.681060431015,138.260740746283,0.000000000000,,gps_back
89.730493253071,138.268302241636,0.000000000000,,gps_back
89.779926075128,138.275863736989,0.000000000000,,gps_back
89.829358897184,138.283425232342,0.000000000000,,gps_back
89.878791719241,138.290986727694,0.000000000000,,gps_back
89.928224541297,138.298548223047,0.000000000000,,gps_back
89.977657363353,138.306109718400,0.000000000000,,gps_back
90.027090185410,138.313671213753,0.000000000000,,gps_back
90.076523007466,138.321232709106,0.000000000000,,gps_back
90.125955829523,138.328794204459,0.000000000000,,gps_back
90.175388651579,138.336355699812,0.000000000000,,gps_back
90.224821473636,138.343917195165,0.000000000000,,gps_back
90.274254295692,138.351478690518,0.000000000000,,gps_back
90.323687117749,138.359040185871,0.000000000000,,gps_back
90.373119939805,138.366601681224,0.000000000000,,gps_back
90.422552761862,138.374163176577,0.000000000000,,gps_back
90.471985583918,138.381724671929,0.000000000000,,gps_back
90.521418405974,138.389286167282,0.000000000000,,gps_back
90.570851228031,138.396847662635,0.000000000000,,gps_back
90.620284050087,138.404409157988,0.000000000000,,gps_back
90.669716872144,138.411970653341,0.000000000000,,gps_back
90.719149694200,138.419532148694,0.000000000000,,gps_back
90.768582516257,138.427093644047,0.000000000000,,gps_back
90.818015338313,138.434655139400,0.000000000000,,gps_back
90.867448160370,138.442216634753,0.000000000000,,gps_back
90.916880982426,138.449778130106,0.000000000000,,gps_back
90.966313804482,138.457339625459,0.000000000000,,gps_back
91.015746626539,138.464901120812,0.000000000000,,gps_back
91.065179448595,138.472462616164,0.000000000000,,gps_back
91.114612270652,138.480024111517,0.000000000000,,gps_back
91.164045092708,138.487585606870,0.000000000000,,gps_back
91.213477914765,138.495147102223,0.000000000000,,gps_back
91.262910736821,138.502708597576,0.000000000000,,gps_back
91.312343558878,138.510270092929,0.000000000000,,gps_back
91.361776380934,138.517831588282,0.000000000000,,gps_back
91.411209202991,138.525393083635,0.000000000000,,gps_back
91.460642025047,138.532954578988,0.000000000000,,gps_back
91.510074847103,138.540516074341,0.000000000000,,gps_back
91.559507669160,138.548077569694,0.000000000000,,gps_back
91.608940491216,138.555639065047,0.000000000000,,gps_back
91.658373313273,138.563200560399,0.000000000000,,gps_back
91.707806135329,138.570762055752,0.000000000000,,gps_back
91.757238957386,138.578323551105,0.000000000000,,gps_back
91.806671779442,138.585885046458,0.000000000000,,gps_back
91.856104601499,138.593446541811,0.000000000000,,gps_back
91.905537423555,138.601008037164,0.000000000000,,gps_back
91.954970245612,138.608569532517,0.000000000000,,gps_back
92.004403067668,138.616131027870,0.000000000000,,gps_back
92.053835889724,138.623692523223,0.000000000000,,gps_back
92.103268711781,138.631254018576,0.000000000000,,gps_back
92.152701533837,138.638815513929,0.000000000000,,gps_back
92.202134355894,138.646377009282,0.000000000000,,gps_back
92.251567177950,138.653938504635,0.000000000000,,gps_back
92.301000000007,138.661499999987,0.000000000000,,gps_back
