x,y,roi_radius,distance_to_middle,distance_to_right
132.127587394184,29.675593423539,1.569238912998,1.569238912998,1.570984681511
132.089575516575,29.973229107352,1.568546284388,1.568546284388,1.568793936749
132.049228953918,30.270557293914,1.567946662338,1.567946662338,1.568007961997
132.004567219202,30.567267984483,1.569367158962,1.569367158962,1.569420998748
131.959954728261,30.863986083187,1.568429294888,1.568511947357,1.568429294888
131.915370907646,31.160708398614,1.565846551420,1.565935102212,1.565846551420
131.863576836770,31.456257511545,1.566194963630,1.566194963630,1.566668121529
131.811150075761,31.751695049944,1.567737073404,1.567737073404,1.567956616884
131.758958834833,32.047174285787,1.568488975541,1.568488975541,1.568708156330
131.706814013565,32.342661717094,1.570759819699,1.570759819699,1.572120626043
131.654715974635,32.638157262815,1.575430155035,1.575430155035,1.576789982495
131.608906797544,32.934692939449,1.573629967297,1.573859245376,1.573629967297
131.565790301051,33.231631950210,1.568259188614,1.568259188614,1.569605300730
131.528845614166,33.529401986419,1.562391624052,1.562391624052,1.563744865083
131.491713546062,33.827148714221,1.560686840719,1.560686840719,1.560786573834
131.454440557857,34.124877770971,1.560280363100,1.560280363100,1.560336875143
131.413679633048,34.422149434911,1.559619146919,1.559619146919,1.559699748004
131.371229688836,34.719184539682,1.557346270551,1.557833945447,1.557346270551
131.324909238006,35.015640782214,1.552939402721,1.553440501075,1.552939402721
131.280698768724,35.312419034706,1.554068479971,1.554126735865,1.554068479971
131.237891000729,35.609402862623,1.558267702468,1.558347080335,1.558267702468
131.196226436108,35.906549238017,1.558123132918,1.558123132918,1.558160491614
131.154412306491,36.203674600844,1.557459702057,1.557459702057,1.557485417322
131.111965879598,36.500710288026,1.556535278887,1.556535278887,1.556568368939
131.068403883301,36.797584426883,1.556952885108,1.556952885108,1.557003959549
131.024106964054,37.094349782722,1.558266038791,1.558266038791,1.558326584069
130.978345144754,37.390892798252,1.562611447303,1.562611447303,1.563056913974
130.932351011900,37.687399869860,1.566880666590,1.566880666590,1.566986409314
130.886003747222,37.983851946959,1.567887132293,1.567887132293,1.567998423190
130.839144174089,38.280223477622,1.569053540391,1.569053540391,1.569245728774
130.791942699524,38.576540736975,1.570480653220,1.570480653220,1.570684884886
130.743667015902,38.872684895808,1.574410136752,1.574410136752,1.575217597854
130.695426870144,39.168834844752,1.579086694804,1.579086694804,1.579735132080
130.647473126183,39.465031303329,1.583195947188,1.583195947188,1.583841254203
130.599869488943,39.761284232116,1.587249277723,1.587249277723,1.587776365972
130.552497983143,40.057574360925,1.591072395223,1.591072395223,1.591590478017
130.505911974780,40.353989003373,1.594029644154,1.594029644154,1.594342539583
130.458256118256,40.650233434345,1.596445200919,1.596445200919,1.598144291083
130.407782752322,40.946010758405,1.603131460259,1.603131460259,1.604753178479
130.361247692556,41.242433333326,1.607130424595,1.607135390134,1.607130424595
130.317216024271,41.539238179348,1.606832838870,1.606836680249,1.606832838870
130.273145228088,41.836037216853,1.611795535873,1.611795535873,1.611867025487
130.229372418073,42.132880341313,1.613919742035,1.613919742035,1.614099745019
130.186345454794,42.429832405108,1.607827078847,1.607827078847,1.608080209689
130.140753091164,42.726401480915,1.607272084784,1.607272084784,1.607562240223
130.093479505890,43.022706940570,1.609844255325,1.609844255325,1.610192626705
130.041691909778,43.318257188439,1.611841179203,1.611841179203,1.612552950583
129.990102178254,43.613842006705,1.613881519026,1.614158696958,1.613881519026
129.939921687090,43.909669350463,1.612469928977,1.612733626265,1.612469928977
129.888991127283,44.205368488113,1.604181253088,1.606432813146,1.604181253088
129.837564679186,44.500981784975,1.595893554914,1.596839984531,1.595893554914
129.786750539818,44.796700899215,1.594415084346,1.594767204568,1.594415084346
129.737773263395,45.092729420948,1.592716311106,1.592716311106,1.592798087116
129.693571653343,45.389508803217,1.589142132903,1.589142132903,1.589299095190
129.646004600682,45.685767516135,1.581988409344,1.583375355172,1.581988409344
129.596274010174,45.981670142283,1.575378349345,1.576017536874,1.575378349345
129.552551171497,46.278520548952,1.576316528561,1.576316528561,1.576356485724
129.506583746259,46.575030973844,1.575186051725,1.575852265166,1.575186051725
129.454381155678,46.870507415252,1.572900250467,1.573720775597,1.572900250467
129.408468399564,47.167026802720,1.572993921898,1.572993921898,1.573009281676
129.366344144962,47.464108357068,1.572687818931,1.572687818931,1.572710595103
129.323841785811,47.761136043506,1.576275011060,1.576383861922,1.576275011060
129.280551193213,48.058049816007,1.579331201868,1.579331201868,1.579379854456
129.235458825956,48.354695308295,1.580123780744,1.580123780744,1.580220525958
129.188723092709,48.651086374666,1.579301414976,1.579519006822,1.579301414976
129.141049338008,48.947328017058,1.578119484452,1.578143865598,1.578119484452
129.092673519527,49.243455818077,1.579954003676,1.579954003676,1.580348025636
129.045183516373,49.539726889829,1.582892025210,1.582892025210,1.583216801532
128.999690463844,49.836311235717,1.586818038153,1.586818038153,1.587175696581
128.953251727720,50.132748993565,1.587868919739,1.587973316235,1.587868919739
128.906347907098,50.429113069908,1.587227837695,1.587291353397,1.587227837695
128.863794854780,50.726133424519,1.592677289890,1.592809312394,1.592677289890
128.823168631830,51.023423171076,1.593973043371,1.593973043371,1.595138683163
128.786334826789,51.321206369252,1.588534214815,1.588534214815,1.589852574721
128.744689306924,51.618355244805,1.587976880317,1.587976911599,1.587976880317
128.700500656445,51.915136709355,1.587944256966,1.587977377295,1.587944256966
128.657697997838,52.212121282674,1.586059768798,1.586059768798,1.586089529780
128.614823435608,52.509095483076,1.584724450554,1.584724450554,1.584728173745
128.571710106442,52.806034976376,1.584348023762,1.584348023762,1.584426901423
128.526315002064,53.102634305552,1.582546939968,1.582785810005,1.582546939968
128.479550843054,53.399020060487,1.580287217323,1.580425825692,1.580287217323
128.427297426688,53.694488307386,1.581944795979,1.581944795979,1.582748930290
128.375051751546,53.989957919301,1.581420113388,1.583017860600,1.581420113388
128.323217140592,54.285499728448,1.575822914836,1.577500307300,1.575822914836
128.274004325606,54.581489534489,1.576524687707,1.576524687707,1.576783678233
128.226246349386,54.877717582667,1.578381736126,1.578381736126,1.578636023600
128.177344633669,55.173758994313,1.580138207316,1.580138207316,1.580452768972
128.129191586659,55.469923031274,1.581947988104,1.581947988104,1.582016352443
128.082671408387,55.766347683406,1.582583911975,1.582583911975,1.582774688988
128.032785038860,56.062224671702,1.582782057911,1.582782057911,1.583003111728
127.981151657851,56.357801201076,1.583622998714,1.583622998714,1.584167471513
127.934185591380,56.654155785857,1.585756857135,1.585756857135,1.586041482691
127.885472963594,56.950227922295,1.586502211688,1.586502211688,1.586618138320
127.833108385989,57.245675008050,1.586842706255,1.586981992817,1.586842706255
127.787530622431,57.542245952074,1.590307115712,1.590436601176,1.590307115712
127.745547840993,57.839347341106,1.593765235933,1.593765235933,1.594281124150
127.705990981798,58.136781621725,1.588552802472,1.588552802472,1.589104057563
127.667093845267,58.434302859496,1.585178570250,1.585178570250,1.585334021020
127.629376530782,58.731975828220,1.584246685130,1.584246685130,1.584491887445
127.589286705336,59.029338713023,1.588479052984,1.588785058541,1.588479052984
127.548080161866,59.326548936689,1.595235875285,1.595523713231,1.595235875285
127.506292638820,59.623677871262,1.599973152467,1.600192654266,1.599973152467
127.466814400601,59.921121986348,1.600574637373,1.600574637373,1.601616509967
127.431419923559,60.219079380369,1.596567857108,1.596567857108,1.597856961576
127.391011469100,60.516398966152,1.594099350788,1.594099350788,1.594161981874
127.348158137907,60.813376068925,1.590632606280,1.590729767798,1.590632606280
127.303159724492,61.110035719150,1.588777588990,1.588777588990,1.588798899046
127.255954417164,61.406351666915,1.585839021340,1.586498823291,1.585839021340
127.204469639176,61.701954644979,1.583290892474,1.584039749812,1.583290892474
127.155118090273,61.997921369813,1.583989150642,1.583989150642,1.584163922915
127.106385153384,62.293973983572,1.583041994387,1.584730533494,1.583041994387
127.037306543398,62.585965539199,1.583952819987,1.583952819987,1.591091366857
126.974944710192,62.879459313560,1.599376119096,1.599376119096,1.601610877803
126.925844392043,63.175467756160,1.607491667988,1.607491667988,1.608763820965
126.875090924267,63.471197318098,1.612979351588,1.612979351588,1.614228085542
126.823589301828,63.766797261091,1.617844346461,1.617844346461,1.618742085191
126.774635064447,64.062830007740,1.618477296694,1.618522461307,1.618477296694
126.725688697489,64.358864055789,1.618896930413,1.618896930413,1.619263848795
126.676833492859,64.654912748613,1.621114362045,1.621114362045,1.621319004534
126.631124742361,64.951463848923,1.617274777587,1.617274777587,1.617302734548
126.587035253963,65.248259526867,1.610315691488,1.610315691488,1.611248331681
126.546577769592,65.545572512110,1.603750920527,1.603750920527,1.604770046894
126.504217062492,65.842619937512,1.600145808888,1.600210983889,1.600145808888
126.458442972393,66.139161045912,1.598879007135,1.598915952344,1.598879007135
126.412108305675,66.435615093251,1.597258169981,1.597396486772,1.597258169981
126.365694705710,66.732056035179,1.595340398581,1.595340398581,1.595625609473
126.323392090960,67.029112241332,1.591331050633,1.591331050633,1.591612488382
126.281474348691,67.326222986262,1.586575335249,1.586575335249,1.587175137425
126.240146684836,67.623415871404,1.581303429136,1.581303429136,1.582090643247
126.195368353093,67.920108878098,1.577988283785,1.578197276926,1.577988283785
126.149094430497,68.216572309730,1.574188775048,1.574247047787,1.574188775048
126.104243809189,68.513254182345,1.566384412593,1.566384412593,1.566452132549
126.056641378900,68.809506219755,1.562580046014,1.562580046014,1.564001829440
126.004254700059,69.104950811467,1.567641086964,1.567641086964,1.569143532660
125.950780479547,69.400200553300,1.571307115657,1.571307115657,1.572294948356
125.897206291433,69.695430366162,1.574574595020,1.574574595020,1.575774960752
125.849711076716,69.991700669294,1.580434967573,1.580434967573,1.581027499210
125.803005519845,70.288096425466,1.586296182934,1.586296182934,1.586559282643
125.757724771174,70.584712613355,1.592809925839,1.592809925839,1.592864508371
125.716138217103,70.881869847843,1.596869204558,1.597341454560,1.596869204558
125.675394576231,71.179137436745,1.596931455055,1.599774192123,1.596931455055
125.623375646518,71.474647016226,1.586882795171,1.589763853498,1.586882795171
125.572286363054,71.770318657471,1.584382580912,1.584382580912,1.585033267106
125.522760686474,72.066256192390,1.587811903544,1.587811903544,1.588355544430
125.474938892785,72.362473961078,1.588893247510,1.588938287033,1.588893247510
125.427750131357,72.658793166942,1.588379714525,1.588379714525,1.588697791527
125.379402592368,72.954924310691,1.591501111571,1.591501111571,1.591653480178
125.336260922576,73.251856078088,1.588050913183,1.588050913183,1.590618691936
125.301370530628,73.549872645496,1.580394668615,1.580394668615,1.583227103066
125.261743171106,73.847297277058,1.574726251231,1.574726251231,1.575505437472
125.219605859431,74.144373857226,1.568557594962,1.568557594962,1.568658204570
125.169896623743,74.440280757061,1.569224853834,1.569224853834,1.569371474739
125.119870584716,74.736134253621,1.570290378773,1.570290378773,1.570773534821
125.069369479343,75.031906993322,1.572638641953,1.572638641953,1.573065534450
125.019814443318,75.327839757389,1.575262634613,1.575262634613,1.575702306369
124.970414050930,75.623797946514,1.577438291863,1.577595238012,1.577438291863
124.918435027846,75.919312915801,1.576673941489,1.577199302380,1.576673941489
124.872150425422,76.215770469097,1.576141289348,1.576141289348,1.576418786058
124.834415888988,76.513440794962,1.574827103009,1.574827103009,1.575332626559
124.793273561957,76.810659812795,1.577836577861,1.578067993183,1.577836577861
124.750659398697,77.107671309211,1.581723798563,1.581723798563,1.581727394782
124.706269514200,77.404422787570,1.582209089552,1.582209089552,1.582232038378
124.661587228165,77.701130372566,1.580900839368,1.581007209781,1.580900839368
124.616411442403,77.997763078595,1.577507884109,1.577507884109,1.577535157598
124.569616268293,78.294144760625,1.576934007124,1.576934007124,1.576970036945
124.522173425665,78.590423480367,1.576485117221,1.576957087760,1.576485117221
124.474495013186,78.886664301162,1.571989084204,1.572378207992,1.571989084204
124.425579616923,79.182703244902,1.569556464312,1.569556464312,1.569634905413
124.374811428232,79.478430182563,1.569943833225,1.569966833135,1.569943833225
124.325483525735,79.774400870167,1.570573839330,1.570573839330,1.570646192308
124.276824705742,80.070482238030,1.571181740786,1.571181740786,1.571563243458
124.229326165011,80.366751990957,1.574538281028,1.574538281028,1.574892901030
124.182719760771,80.663163335274,1.577772226349,1.577772226349,1.577889536453
124.137621731495,80.959805846738,1.580136344408,1.580462780567,1.580136344408
124.098467587242,81.257293195151,1.582639956230,1.583512757253,1.582639956230
124.061031859219,81.555000478327,1.586534357994,1.586534357994,1.586654135056
124.018749406966,81.852058831116,1.584663530294,1.584663530294,1.585043571280
123.972904325828,82.148587242999,1.580347849731,1.581625381863,1.580347849731
123.922044815011,82.444297566035,1.574901303359,1.576480556994,1.574901303359
123.875222836375,82.740674921001,1.574633655679,1.574640168015,1.574633655679
123.829636868636,83.037244534195,1.573495816190,1.573852041818,1.573495816190
123.781385510104,83.333392577059,1.570694418662,1.571142155609,1.570694418662
123.734296510226,83.629727546188,1.569584580345,1.569584580345,1.569589010610
123.688807873706,83.926312032096,1.569610775135,1.569610775135,1.569843204498
123.640419092638,84.222437709566,1.566890909893,1.567470419968,1.566890909893
123.591748227701,84.518513347567,1.564761306528,1.564840508627,1.564761306528
123.550503188584,84.815718041024,1.565487110424,1.565487110424,1.565546007178
123.507420321021,85.112661611028,1.564994142789,1.565091695353,1.564994142789
123.461645258765,85.409202517986,1.562916394514,1.562925462436,1.562916394514
123.414877812107,85.705588579018,1.560933427175,1.561088033689,1.560933427175
123.367429478693,86.001865850045,1.558312085282,1.559073940361,1.558312085282
123.317150477509,86.297676454987,1.554701530937,1.555512946723,1.554701530937
123.267451147584,86.593584975804,1.550149643785,1.551086468646,1.550149643785
123.218741502798,86.889656870152,1.544371445907,1.545680805496,1.544371445907
123.174199837280,87.186385410471,1.546834158030,1.546951608426,1.546834158030
123.131445193140,87.483376329901,1.550027148930,1.550265511844,1.550027148930
123.091349428856,87.780737307827,1.551795602922,1.551795602922,1.551909224029
123.047010642817,88.077494060030,1.555371187179,1.555371187179,1.558074940760
122.996833684395,88.373321283207,1.567150971477,1.567150971477,1.570146495791
122.943501043989,88.668596629745,1.571209134785,1.571448822805,1.571209134785
122.890229943701,88.963878133180,1.572142961460,1.572142961460,1.572561029531
122.845191255211,89.260531603140,1.578382322444,1.578382322444,1.578525862625
122.802043649972,89.557465788121,1.577530402796,1.577530402796,1.578417828176
122.761322005893,89.854742561273,1.569757836832,1.569757836832,1.570861037715
122.718584910996,90.151736500621,1.570620014676,1.570623333960,1.570620014676
122.674683985493,90.448559735844,1.572071777493,1.572071777493,1.572281446390
122.627188571446,90.744830034816,1.573673642811,1.573673642811,1.573882120811
122.579661949941,91.041095329140,1.575757879784,1.575757879784,1.576145608378
122.532118093675,91.337357836861,1.578748646304,1.578748646304,1.579094341375
122.485131765773,91.633709264445,1.581722398888,1.581722398888,1.581979543290
122.439052517353,91.930201035280,1.583917039977,1.583917039977,1.584169762166
122.398180525162,92.227457454086,1.581580499222,1.581580499222,1.581807684372
122.357697617557,92.524767102847,1.577574946534,1.577574946534,1.578297475804
122.317508951050,92.822115145194,1.572468231767,1.572468231767,1.573628549214
122.272804264445,93.118819160291,1.574051909863,1.574051909863,1.574176088505
122.226396998291,93.415261588815,1.576036079159,1.576036079159,1.576183673864
122.178048100105,93.711393265788,1.577286649784,1.577286649784,1.577667549703
122.126953951149,94.007063259944,1.578360594501,1.578360594501,1.579241256079
122.072598722773,94.302151584307,1.581245181539,1.581245181539,1.581885580488
122.020772187999,94.597694883878,1.580776757850,1.581199798558,1.580776757850
121.970376332613,94.893484104470,1.579458406636,1.579474260383,1.579458406636
121.924266574754,95.189973196881,1.578438546991,1.578438546991,1.578472366910
121.877611893525,95.486377014397,1.576315917076,1.576487292247,1.576315917076
121.830066159590,95.782637526275,1.573260939883,1.573260939883,1.573541061937
121.777938937126,96.078128026706,1.577093270408,1.577093270408,1.579097245676
121.725420157199,96.373546707446,1.585262779461,1.585317837385,1.585262779461
121.678295341950,96.669875966710,1.584096028223,1.584096028223,1.584195597189
121.629481463243,96.965931568169,1.583871757388,1.583871757388,1.584111526668
121.578899332121,97.261689324806,1.585231366015,1.585359722892,1.585231366015
121.532128409968,97.558074673832,1.587156918850,1.587186255828,1.587156918850
121.487003153434,97.854714264214,1.588470595617,1.588470595617,1.588479321915
121.445474982085,98.151877794783,1.588173529972,1.588642439694,1.588173529972
121.408996046602,98.449702769575,1.578466305470,1.578466305470,1.583356920343
121.377581591701,98.748103052907,1.570902737578,1.570902737578,1.574182171714
121.339357723576,99.045711417932,1.571122963285,1.571122963285,1.571396602273
121.299772450446,99.343141863635,1.568999195480,1.568999195480,1.569783545806
121.260936136534,99.640670451727,1.565813355769,1.565813355769,1.566902658447
121.219220980969,99.937808936374,1.565845291011,1.565891797614,1.565845291011
121.173492197634,100.234322452269,1.565590522640,1.565590522640,1.567586969249
121.108025180822,100.527146363103,1.567268612123,1.567268612123,1.583176798041
121.042039949103,100.819818585698,1.591393098528,1.591393098528,1.598047630670
120.995577955977,101.116252685251,1.591996164574,1.591996164574,1.592206653364
120.949619404808,101.412765249368,1.584167302908,1.584167302908,1.584890879166
120.903913907065,101.709314456682,1.575480024233,1.575480024233,1.576719401568
120.852997852481,102.005016087147,1.575806571032,1.575827100795,1.575806571032
120.802061712137,102.300711421744,1.576420130896,1.576449162185,1.576420130896
120.756518719040,102.597287664783,1.576686913410,1.576686913410,1.576904672751
120.708633986097,102.893494779028,1.578336905551,1.578336905551,1.578674903218
120.658713005381,103.189363376045,1.581502486322,1.581730345352,1.581502486322
120.614253905855,103.486103680240,1.580348274511,1.580348274511,1.580371248998
120.573237023637,103.783332407377,1.576897243733,1.576897243733,1.577114487920
120.541032318245,104.081650344424,1.576285443319,1.576285443319,1.576982152530
120.504008774893,104.379408617314,1.577438139387,1.577438139387,1.577660695289
120.462380581290,104.676559988803,1.576198284454,1.576198284454,1.576533918837
120.419644320807,104.973553929859,1.580064799469,1.580562750422,1.580064799469
120.375166781464,105.270289101216,1.583439539253,1.583708984494,1.583439539253
120.325000754829,105.566118882465,1.581272148969,1.581581651314,1.581272148969
120.275366145088,105.862038289548,1.583948008669,1.583948008669,1.584497913155
120.226584781892,106.158095741551,1.591568033837,1.591779502895,1.591568033837
120.184084042356,106.455123597696,1.593451086185,1.593612153992,1.593451086185
120.142335753814,106.752257809463,1.593370249193,1.593370249193,1.593853638254
120.098402529715,107.049076638765,1.589622347190,1.589622347190,1.590379971203
120.051862185115,107.345497859647,1.584507729841,1.584859584842,1.584507729841
120.003031186117,107.641550091026,1.577952659655,1.578609645423,1.577952659655
119.957160054846,107.938076198993,1.574136177020,1.574136177020,1.574476144957
119.911668816078,108.234660770340,1.571876346149,1.571984602297,1.571876346149
119.865144086318,108.531084090811,1.574235301442,1.574235301442,1.574502360672
119.815370082806,108.826979153677,1.576950611683,1.576950611683,1.577719460866
119.762707582740,109.122374043501,1.581091444928,1.581091444928,1.581556816873
119.712814335085,109.418249452647,1.588118102078,1.588118102078,1.588511430077
119.665661713805,109.714567650873,1.593456850766,1.593456850766,1.593860158032
119.626487552404,110.012051777578,1.591903062627,1.591903062627,1.592647866724
119.584340516863,110.309129362139,1.588478422687,1.588478422687,1.588953875002
119.539284203889,110.605778801668,1.582605902755,1.582605902755,1.583485439063
119.490308428641,110.901807971788,1.587745609188,1.587745609188,1.588261039571
119.441056213033,111.197791065512,1.593797626833,1.593797626833,1.593874524537
119.393248740500,111.494011168420,1.597502332633,1.597502332633,1.597574581796
119.345333548921,111.790213866374,1.601375914431,1.601375914431,1.601465959133
119.297840222885,112.086476985260,1.605009937484,1.605495421856,1.605009937484
119.258746207571,112.383972466251,1.596487948833,1.596487948833,1.599357387123
119.219061789748,112.681384129660,1.593363980476,1.593363980476,1.593403570318
119.172164362435,112.977749603459,1.591977963526,1.592033762267,1.591977963526
119.126122264548,113.274249167878,1.591024743184,1.591024743184,1.591081398244
119.080863815159,113.570869419708,1.590315267018,1.590315267018,1.590508922229
119.035789150731,113.867517602146,1.583100298055,1.583100298055,1.584078427344
118.989739992639,114.164014572287,1.577877766754,1.578012871554,1.577877766754
118.939612667185,114.459848413766,1.574934836555,1.574934836555,1.575405381640
118.884417261800,114.754778852655,1.571933555134,1.572419809041,1.571933555134
118.825289544834,115.048936131359,1.570527578648,1.571916335189,1.570527578648
118.776900336961,115.345060249176,1.571243332906,1.571420414230,1.571243332906
118.732688538190,115.641831791939,1.566969474094,1.566969474094,1.569113848270
118.695767737076,115.939601252822,1.561273801307,1.561273801307,1.564128925166
118.652868917733,116.236568981601,1.563624240667,1.563624240667,1.563671518538
118.604748697033,116.532738226260,1.566755120137,1.566755120137,1.567026419658
118.555290424379,116.828687147102,1.574487114189,1.574487114189,1.575184674955
118.506569046896,117.124757322494,1.583129932331,1.583369994698,1.583129932331
118.460859050306,117.421308168180,1.587705560511,1.588120701011,1.587705560511
118.416409976944,117.718050671386,1.592159987086,1.592833573266,1.592159987086
118.372961718064,118.014941469607,1.596910557401,1.597554990131,1.596910557401
118.329180971858,118.311783430451,1.593750153531,1.593750153531,1.594282145490
118.285261113983,118.608604833270,1.591137630527,1.591137630527,1.591209412179
118.240877353976,118.905356360944,1.590373007622,1.590373007622,1.590821587800
118.193595936167,119.201660227953,1.590290926809,1.590307241240,1.590290926809
118.144074500758,119.497598187100,1.589881842991,1.590160258858,1.589881842991
118.096460365607,119.793849427088,1.593541413759,1.593593564425,1.593541413759
118.048586416555,120.090058435892,1.596465256418,1.596493416617,1.596465256418
117.999063175139,120.385996316243,1.595895931555,1.596107951996,1.595895931555
117.950946051274,120.682166120751,1.594019029050,1.594019029050,1.594120403702
117.904081222368,120.978536572802,1.591203221560,1.591311237191,1.591203221560
117.858638210463,121.275128598414,1.596395956294,1.596932545424,1.596395956294
117.812729115326,121.571648350675,1.601468796864,1.601471373598,1.601468796864
117.764689487069,121.867830685650,1.600624792454,1.600624792454,1.600804140490
117.715261893660,122.163784619789,1.603581371005,1.603581371005,1.604251208495
117.665158157752,122.459620623671,1.610289283388,1.610446481877,1.610289283388
117.621105291823,122.756422232995,1.610436963115,1.610436963115,1.610515732137
117.577935995094,123.053353728110,1.609575904387,1.609575904387,1.609798657743
117.534812824289,123.350291198915,1.608115993501,1.608115993501,1.608687947477
117.489094552231,123.646840434115,1.610187771639,1.610187771639,1.610190696899
117.441480815884,123.943091401239,1.613603643404,1.613843373463,1.613603643404
117.395644939571,124.239622639666,1.614049828416,1.614272386649,1.614049828416
117.351844866739,124.536458374867,1.610027614006,1.610027614006,1.612353040420
117.313006038315,124.833985492421,1.602893372842,1.602893372842,1.605807027007
117.270129655948,125.130958201768,1.603101864563,1.603125623455,1.603101864563
117.224290754575,125.427488529146,1.603212974103,1.603223576802,1.603212974103
117.180918804309,125.724390465293,1.598615755032,1.598615755032,1.599567572918
117.136812273263,126.021182912877,1.594831741716,1.594831741716,1.595043308814
117.089532235126,126.317487649298,1.590013013878,1.590013013878,1.590182502248
117.042542644642,126.613838588023,1.585566371381,1.585566371381,1.585832116517
116.995668682746,126.910207541179,1.581343069621,1.581343069621,1.581769024607
116.947306368369,127.206337494566,1.578636359986,1.578788272668,1.578636359986
116.899950785846,127.502628541142,1.575977815505,1.575977815505,1.576224468021
116.856099080609,127.799459911566,1.574439769268,1.574439769268,1.574825382217
116.811228856889,128.096139064796,1.572050904071,1.572050904071,1.572347995970
116.765573231505,128.392698448546,1.569016836761,1.569016836761,1.569217761453
116.719870345426,128.689250313484,1.568165377428,1.568165377428,1.568440571217
116.672448104324,128.985529360650,1.568671170927,1.568671170927,1.569507800809
116.620256775499,129.281008580486,1.574468493642,1.574468493642,1.575294879728
116.568129966181,129.576499189497,1.580309538780,1.580309538780,1.581128598025
116.516636979771,129.872093071837,1.586396483691,1.586766107970,1.586396483691
116.472792349296,130.168925502687,1.585580000079,1.585580000079,1.586088016262
116.427801619651,130.465584934622,1.586099298966,1.586121575883,1.586099298966
116.379538710248,130.761730631160,1.585605825883,1.585846701875,1.585605825883
116.333245030015,131.058191012675,1.587316793350,1.589706202196,1.587316793350
116.285963331060,131.354493979411,1.593115131022,1.593975476698,1.593115131022
116.235514879235,131.650274869089,1.592262643759,1.592262643759,1.593101875408
116.187657080084,131.946486832895,1.591408769543,1.593799582834,1.591408769543
116.140150222935,132.242755271858,1.592995498554,1.597975360521,1.592995498554
116.093400936590,132.539141908354,1.587919203968,1.587919203968,1.595220481878
116.050974262294,132.836179727413,1.579231891311,1.579231891311,1.594113909885
116.010322889923,133.133460781894,1.588077753749,1.591747787702,1.588077753749
115.963023004370,133.429761557700,1.588773315395,1.596777648998,1.588773315395
115.913412281848,133.725684714975,1.592650853558,1.596073737436,1.592650853558
115.865248306525,134.021847054615,1.589361817273,1.589361817273,1.594241299867
115.817603956887,134.318091682434,1.580794834986,1.580794834986,1.594770884015
115.773538791308,134.614891556868,1.579767924158,1.579767924158,1.591453816170
115.729396613555,134.911679666330,1.579874434122,1.579874434122,1.588012340787
115.683673354699,135.208228567364,1.580372359600,1.580372359600,1.585705424350
115.637182807362,135.504658025234,1.577336107663,1.577336107663,1.584362642859
115.589566415203,135.800908886382,1.572063488773,1.572063488773,1.584272234091
115.542411162785,136.097233312277,1.567092727587,1.567092727587,1.582744562780
115.496040128112,136.393677802533,1.563714457371,1.563714457371,1.580341247683
115.443640648239,136.689107195451,1.555386254122,1.555386254122,1.583931711843
115.382128663373,136.982783999199,1.551823044999,1.551823044999,1.596922566941
115.325373301862,137.277419504748,1.569452483398,1.569452483398,1.600683924237
115.264573587265,137.571212659772,1.575453175842,1.575453175842,1.584007735391
115.187299203685,137.861122959330,1.560455492907,1.560455492907,1.591600683518
115.098074196041,138.147602690149,1.557829974136,1.557829974136,1.616890155935
115.006687415023,138.433385010829,1.559217950355,1.559217950355,1.621985246124
114.903827311243,138.715182133827,1.570232820570,1.570232820570,1.627242239578
114.779041175341,138.988020627238,1.604726404424,1.604726404424,1.642948506357
114.637877699779,139.252552685374,1.626002712651,1.626002712651,1.654571673533
114.463305346930,139.496582741580,1.630672570362,1.630672570362,1.658652516542
114.280368233803,139.734281825258,1.648520196544,1.648520196544,1.651081899233
114.075521107654,139.953475063024,1.642139915645,1.642139915645,1.657202106615
113.857453045005,140.159442882786,1.652063898051,1.652063898051,1.657089167449
113.622390309542,140.345902552049,1.638324991288,1.638324991288,1.647609094973
113.381388053136,140.524621812409,1.598254208159,1.598254208159,1.626364905135
113.146633513088,140.711496107773,1.576404353943,1.576404353943,1.602833004892
112.913103072652,140.899892883779,1.566450149633,1.566450149633,1.583213232895
112.682175301371,141.091462230680,1.570827966545,1.571729872419,1.570827966545
112.445163489694,141.275339699105,1.577615964558,1.588573144538,1.577615964558
112.194104305704,141.439575053740,1.585617630021,1.585617630021,1.597303874504
111.933412809667,141.588090151272,1.586506487455,1.586506487455,1.590028770674
111.666180390797,141.724492846463,1.575673032556,1.575673032556,1.583043561345
111.393363364882,141.849353681461,1.577629440908,1.577629440908,1.577790178126
111.115602554029,141.962804438195,1.569238356570,1.569238356570,1.572852645732
110.834023740955,142.066455339966,1.572739861268,1.572739861268,1.572897219126
110.550899298937,142.165811542043,1.575167778444,1.576214909633,1.575167778444
110.266432771620,142.261163878559,1.594219052437,1.595389569824,1.594219052437
109.977600882495,142.342402984323,1.609180470384,1.609180470384,1.609721771127
109.686352640044,142.414554638265,1.609411297133,1.609456882446,1.609411297133
109.394219237600,142.482817903741,1.605640708499,1.605640708499,1.609641067803
109.098446877887,142.533274979854,1.612042879274,1.612042879274,1.614611150427
108.801478207920,142.576107911963,1.612164712316,1.616094725362,1.612164712316
108.503327367248,142.609688862825,1.599854018461,1.604251578594,1.599854018461
108.204116424047,142.630301285246,1.582743337560,1.582743337560,1.589147056728
107.904179989423,142.622186984213,1.577393321405,1.577393321405,1.597703103348
107.604495546079,142.607345859422,1.589712404481,1.589712404481,1.600785584271
107.305019385692,142.588874675448,1.593829108050,1.596444869554,1.593829108050
107.006067834243,142.563215165030,1.588849930364,1.593575137000,1.588849930364
106.707519078706,142.533253279347,1.582605965088,1.588641653434,1.582605965088
106.409587534066,142.497657948153,1.578956574911,1.578956574911,1.580414495629
106.112139984248,142.458203327050,1.580200120270,1.580200120270,1.581790560923
105.814508242383,142.420161011164,1.581828428995,1.582496166116,1.581828428995
105.516947696060,142.381690146551,1.577812688626,1.580026086201,1.577812688626
105.220872376556,142.333036553317,1.575752752013,1.575752752013,1.579392778035
104.925980491895,142.277647095838,1.574948848062,1.575993531606,1.574948848062
104.632039127971,142.217395702989,1.575267337255,1.575267337255,1.577182980934
104.337840298692,142.158413901977,1.579419526764,1.579419526764,1.580245657263
104.043379135069,142.100767190460,1.588935995194,1.589781575302,1.588935995194
103.748256926614,142.046594307928,1.593242898245,1.600700127047,1.593242898245
103.453332161393,141.991358646627,1.600538443632,1.611583396839,1.600538443632
103.158704920838,141.934555779722,1.609784799941,1.619803798711,1.609784799941
102.863884359534,141.878764251045,1.618683687820,1.627679317326,1.618683687820
102.569221860796,141.822146127192,1.628171194226,1.638047805515,1.628171194226
102.274933153166,141.763618690963,1.639437513166,1.647620542052,1.639437513166
101.981133713565,141.702678372827,1.651864374122,1.660141842832,1.651864374122
101.687423090310,141.641322611943,1.663667450323,1.668458204604,1.663667450323
101.392819035371,141.584466698551,1.668982712843,1.670128050872,1.668982712843
101.096546529453,141.537110898950,1.650830482280,1.650830482280,1.664033257895
100.798846800369,141.499637309547,1.648930603246,1.653981819580,1.648930603246
100.501775663618,141.457439833917,1.654653136955,1.660276338059,1.654653136955
100.204573548465,141.416212283669,1.645563781737,1.645563781737,1.659512728794
99.906621499872,141.380802319229,1.623586425073,1.623586425073,1.648399535901
99.608091549450,141.350627688003,1.601991734385,1.601991734385,1.631844234582
99.309402260491,141.322390494104,1.607742952442,1.607742952442,1.613244329324
99.012220582166,141.280978495068,1.603687822497,1.603687822497,1.607284709565
98.715043553169,141.239533460800,1.602962373233,1.602962373233,1.603014101784
98.417827085130,141.198376468874,1.602693546678,1.602693546678,1.603595394088
98.120881376596,141.155305753713,1.600489505703,1.600489505703,1.602572081539
97.824056881362,141.111407325732,1.597837718869,1.597837718869,1.599724204851
97.527344555396,141.066757084533,1.594701448535,1.594701448535,1.596608631250
97.230751077187,141.021324134460,1.590764835549,1.590764835549,1.593073829698
96.934320023922,140.974852241839,1.586992247327,1.586992247327,1.588293299060
96.638359192160,140.925466302393,1.585335776634,1.585335776634,1.585958732355
96.342605074896,140.874859656913,1.584661800931,1.584802399335,1.584661800931
96.047186038713,140.822330079523,1.585493462492,1.585493462492,1.585720446957
95.751977794052,140.768627647310,1.587179660908,1.587179660908,1.587601447063
95.456840830455,140.714539261588,1.589270442497,1.589477840664,1.589270442497
95.161271291153,140.662869746567,1.591990103066,1.592867738294,1.591990103066
94.865176615803,140.614311918444,1.593134849292,1.593134849292,1.593230392671
94.568452164119,140.569743751670,1.590390965374,1.590390965374,1.590714968484
94.271929726085,140.523849301797,1.586911614648,1.586911614648,1.587739346352
93.975534054782,140.477145447265,1.582250146121,1.583584337178,1.582250146121
93.679375354682,140.428959058502,1.581341626249,1.582175944911,1.581341626249
93.383202426118,140.380860199402,1.581691350793,1.581780260036,1.581691350793
93.086996030927,140.332969629580,1.582555607117,1.582555607117,1.582601519755
92.790591321241,140.286320554917,1.581038977685,1.581184572549,1.581038977685
92.494117205329,140.240114946413,1.576728144302,1.578890314317,1.576728144302
92.197534614081,140.194611037357,1.573060805534,1.575022608773,1.573060805534
91.900835581827,140.149871965932,1.569205636239,1.572240100920,1.569205636239
91.604168053669,140.104938777167,1.569464908659,1.569464908659,1.571089199199
91.308036200337,140.056589012364,1.571896574928,1.571896574928,1.575553911706
91.012103716507,140.007034585729,1.574840808446,1.574840808446,1.578446659589
90.716380348439,139.956246746105,1.578778722179,1.578778722179,1.581718286501
90.420458394863,139.906627841059,1.581175150173,1.581175150173,1.582133270367
90.124753551094,139.855753282620,1.572663069585,1.578830110642,1.572663069585
89.829738197715,139.801023390511,1.569775135686,1.574612185179,1.569775135686
89.533849058533,139.751222656670,1.564739169075,1.572807792811,1.564739169075
89.237513015895,139.704178855008,1.552327250628,1.563937109143,1.552327250628
88.942133851307,139.651426372985,1.545484337861,1.554047441641,1.545484337861
88.646999839945,139.597317054095,1.545663177988,1.545663177988,1.546008267279
88.351722261990,139.544039405526,1.543664960108,1.543664960108,1.543735452091
88.055256104659,139.497879033536,1.534490122901,1.536708924791,1.534490122901
87.757510305946,139.460764838270,1.535953791133,1.539903897341,1.535953791133
87.459303395561,139.427530550977,1.544029406231,1.548706712495,1.544029406231
87.161049447227,139.394851634342,1.552053681019,1.559027482434,1.552053681019
86.861919508224,139.371474035761,1.552255307380,1.574278062780,1.552255307380
86.562259652228,139.358196655643,1.567307962763,1.597672407671,1.567307962763
86.262327744708,139.366625494557,1.563750795790,1.639886650882,1.563750795790
85.962307617633,139.370611412487,1.599380903035,1.686339899279,1.599380903035
85.662268849320,139.369912140833,1.651896964127,1.732905029482,1.651896964127
85.362307993282,139.377354175219,1.689122899393,1.793778479371,1.689122899393
85.062332473096,139.383762930777,1.728155857887,1.855774524226,1.728155857887
84.762310972459,139.382059483417,1.797952110778,1.923887077917,1.797952110778
84.462564000701,139.368548155578,1.880643921560,1.984982841098,1.880643921560
84.162967768370,139.351995988721,1.968938460087,2.053164387909,1.968938460087
83.863376947231,139.335387377008,2.043159270635,2.126135934157,2.043159270635
83.563667006585,139.321254978837,2.108077443482,2.212338157722,2.108077443482
83.264389570097,139.299723529076,2.199460083862,2.302265680747,2.199460083862
82.965327417782,139.275386971904,2.295336412260,2.393319568160,2.295336412260
82.665996649667,139.254581527331,2.403878252825,2.513025073947,2.403878252825
82.366593153750,139.234847777923,2.520287873642,2.638958476239,2.520287873642
82.067131138741,139.216067756137,2.640154865206,2.770364534356,2.640154865206
81.767545670501,139.199700139833,2.769530264685,2.922548345206,2.769530264685
81.468584757029,139.174219719421,2.907943590554,3.068774777724,2.907943590554
81.169104054297,139.155845736006,3.054379153897,3.225703410128,3.054379153897
80.869262908020,139.144699066924,3.197291426765,3.395112856234,3.197291426765
80.569274132444,139.138499342128,3.341221004717,3.568704593576,3.341221004717
80.269258554894,139.133799462002,3.493743519546,3.752754493763,3.493743519546
79.969218940843,139.131700635830,3.644263070847,3.943080977312,3.644263070847
79.669199174084,139.135699567378,3.801219827387,4.138129898907,3.801219827387
79.369289628370,139.144927343161,3.963711208473,4.343657248182,3.963711208473
79.069324746664,139.151990402386,4.123069438852,4.551006307921,4.123069438852
78.769544193037,139.164627879868,4.270827826191,4.762349935388,4.270827826191
78.470061586542,139.183087046142,4.420862459995,4.981310944396,4.420862459995
78.170727066972,139.203605541717,4.583888942966,5.208154612841,4.583888942966
77.870899738146,139.215216938256,4.760116606667,5.429613979751,4.760116606667
77.570976449544,139.223384372075,4.939180446367,5.648807264556,4.939180446367
77.270945975581,139.221228101590,5.132913362645,5.865514510717,5.132913362645
76.971141056488,139.209543857181,5.343224714242,6.077786542839,5.343224714242
76.672311426373,139.184486833154,5.566262088291,6.280267096648,5.566262088291
76.377337399159,139.129731630161,5.808285080404,6.460249273950,5.808285080404
76.085119122788,139.061613040770,6.058682052215,6.629214834073,6.058682052215
75.793519770938,138.990973077894,6.312952812824,6.797732213214,6.312952812824
75.504530156420,138.910292367219,6.572685288511,6.958366010126,6.572685288511
75.217209537450,138.823917304434,6.835322181558,7.115284828792,6.835322181558
74.926713263032,138.748792258777,7.092857679302,7.284085141260,7.092857679302
74.635861704782,138.675093474516,7.350931263172,7.453829153779,7.350931263172
74.343474181541,138.607703339661,7.605640822908,7.628153407316,7.605640822908
74.050955952812,138.540927978044,7.803283884905,7.803283884905,7.860009118898
73.756802799890,138.481799820073,7.988408491543,7.988408491543,8.111776239265
73.461084652175,138.430979821390,8.180472137896,8.180472137896,8.362253818183
73.165277823009,138.380683803741,8.372102545316,8.372102545316,8.614808238474
72.869388983411,138.331001370383,8.563710393899,8.563710393899,8.867124373661
72.575152836539,138.272228316110,8.748224855862,8.748224855862,9.124334748288
72.280382002806,138.216324525519,8.935088576841,8.935088576841,9.380599433148
71.987920132887,138.149264582349,9.112778789584,9.112778789584,9.644785419392
71.695931262629,138.080180688927,9.288628351808,9.288628351808,9.911951583083
71.402930658892,138.015558769284,9.468728878921,9.468728878921,10.178912505591
71.108240454336,137.959249086935,9.660353399221,9.660353399221,10.443712089193
70.811701066728,137.913522712203,9.865294542910,9.865294542910,10.703754628450
70.516427506898,137.860308234921,10.068787378637,10.068787378637,10.967490089904
70.222787359042,137.798700391431,10.266394155734,10.266394155734,11.233793934878
69.927525323299,137.745332540906,10.465043718232,10.465043718232,11.495217566456
69.633395098506,137.686033699053,10.658868987246,10.658868987246,11.759553188165
69.340305264106,137.621779896955,10.852494885124,10.852494885124,12.026855993903
69.047756686229,137.555147414790,11.046276908658,11.046276908658,12.296713552276
68.753642179023,137.495748467984,11.245657664670,11.245657664670,12.564659402235
68.459312064072,137.437434345061,11.447563138265,11.447563138265,12.832433109936
68.165266211491,137.377827771358,11.652695258882,11.652695258882,13.100779086628
67.869279034697,137.328598765933,11.869114938536,11.869114938536,13.364261391479
67.573379855460,137.278857844127,12.086116012649,12.086116012649,13.628468659729
67.278180668780,137.225155414574,12.300314599102,12.300314599102,13.895925067195
66.984129507029,137.165440940388,12.511652701090,12.511652701090,14.167335266014
66.689998474309,137.106133430228,12.726820252009,12.726820252009,14.439704774513
66.395410379361,137.049164620449,12.946975080365,12.946975080365,14.712163435345
66.101764397273,136.987514050074,13.166930801957,13.166930801957,14.987031162392
65.807055404508,136.931170815255,13.391243074739,13.391243074739,15.259682535310
65.511554890232,136.879144327228,13.618445273656,13.618445273656,15.530471725853
65.217091579192,136.821497244787,13.842836908091,13.842836908091,15.803686104903
64.922349480064,136.765702460470,14.071149330853,14.071149330853,16.076644471551
64.624931201749,136.726154243509,14.312230077745,14.312230077745,16.343541965430
64.328921305843,136.677163713363,14.549841280930,14.549841280930,16.615692290309
64.034558072272,136.619069703993,14.784102020310,14.784102020310,16.892297797405
63.741593321736,136.554235670720,15.016451344563,15.016451344563,17.171556945327
63.447984094483,136.492737846612,15.253192199514,15.253192199514,17.449488378288
63.151276823181,136.448053402044,15.502052826974,15.502052826974,17.720604200262
62.854581526480,136.403290131565,15.752653829580,15.752653829580,17.991842222983
62.557847278970,136.358850419301,16.005123020217,16.005123020217,18.251054086607
62.260200330670,136.320938647505,16.262633393555,16.262633393555,18.477912785289
61.962114462384,136.286818499192,16.523455021353,16.523455021353,18.695556304256
61.663193951120,136.260876834433,16.789467923739,16.789467923739,18.906489018652
61.364935481243,136.228169201503,17.053474143661,17.053474143661,19.117207437593
61.067435195634,136.189222047885,17.315672041387,17.315672041387,19.333216880700
60.771040050330,136.142518294887,17.575280318787,17.575280318787,19.546792370288
60.475094187306,136.093084954219,17.834784748596,17.834784748596,19.759227091930
60.180065905820,136.038402082712,18.092891260552,18.092891260552,19.919699807142
59.885030680700,135.983757619420,18.352292900313,18.352292900313,20.062692855552
59.589834258454,135.929990111873,18.612824014526,18.612824014526,20.131496538052
59.294562289016,135.876638813291,18.873566647828,18.873566647828,20.192352640282
58.999340596245,135.823010163018,18.938873872094,18.938873872094,20.242848659893
58.704158491651,135.769165769615,18.666906214506,18.666906214506,20.172870095094
58.408730218782,135.716689775573,18.395528945693,18.395528945693,20.099767788904
58.112859261320,135.666872992154,18.125328101748,18.125328101748,19.932615701183
57.815648877329,135.625683216113,17.859054830115,17.859054830115,19.758867878716
57.518009088124,135.587714167739,17.595099408490,17.595099408490,19.585289884069
57.220097970528,135.551925698178,17.333393350671,17.333393350671,19.412332987426
56.922270888854,135.515444564494,17.072600698363,17.072600698363,19.191311551799
56.624505245923,135.478465826429,16.812864459894,16.812864459894,18.955805321707
56.326635029110,135.442338045527,16.554931853000,16.554931853000,18.716490936387
56.028701829105,135.406735235424,16.298718441143,16.298718441143,18.469455493005
55.730735573457,135.371448831255,16.044198561994,16.044198561994,18.213402236307
55.433407806643,135.331144917841,15.788572354989,15.788572354989,17.956529722221
55.136725736007,135.286298659963,15.532099465149,15.532099465149,17.700912474312
54.839829947581,135.242889818589,15.277990353070,15.277990353070,17.442543574255
54.543481325581,135.196084584459,15.023742684658,15.023742684658,17.184972979249
54.248875629046,135.139192277443,14.765765882731,14.765765882731,16.923249539096
53.953419886690,135.086887538447,14.511883421855,14.511883421855,16.659275265604
53.657194091488,135.039195489465,14.262391803225,14.262391803225,16.392629915668
53.359917111412,134.998474038773,14.018783354141,14.018783354141,16.122799729146
53.062563811190,134.958313300932,13.774074389275,13.774074389275,15.851797892592
52.765199372980,134.918260471986,13.523942122388,13.523942122388,15.576775861814
52.467351454371,134.881951615609,13.277024858234,13.277024858234,15.298859586168
52.169454576376,134.846080524418,13.032598767984,13.032598767984,15.021006605716
51.871949259524,134.807133218627,12.788708126377,12.788708126377,14.744979040287
51.573631961014,134.774989756004,12.551421910023,12.551421910023,14.466374544063
51.274706171011,134.749018860511,12.320822991569,12.320822991569,14.185519913896
50.975607911260,134.725102525394,12.094633118596,12.094633118596,13.903945274153
50.676638051584,134.699668875803,11.870694340195,11.870694340195,13.622926283849
50.377979786611,134.670770874146,11.647773074663,11.647773074663,13.343761347585
50.079333213111,134.641794845860,11.426055673232,11.426055673232,13.065055878428
49.781198272171,134.607995591090,11.201102517677,11.201102517677,12.788187319467
49.483740836170,134.568613232897,10.973184477433,10.973184477433,12.513526949017
49.186358571057,134.528675847159,10.748219215035,10.748219215035,12.239093607355
48.889315119274,134.486295107863,10.525323496648,10.525323496648,11.966232086354
48.592496067572,134.442418004818,10.305306014497,10.305306014497,11.695361454585
48.294876881266,134.404279774385,10.093503002195,10.093503002195,11.423412187408
47.997070888923,134.367639727347,9.884693440403,9.884693440403,11.152247911991
47.698858794438,134.334566379011,9.678484263872,9.678484263872,10.881035748403
47.399878705840,134.309359409740,9.479663508532,9.479663508532,10.607962077142
47.100364950794,134.291434870714,9.291834188163,9.291834188163,10.333313633263
46.800646700537,134.277268367316,9.112148147121,9.112148147121,10.058558289560
46.500905752494,134.263642737425,8.933578465328,8.933578465328,9.785065037591
46.201431449859,134.245389583667,8.751985725703,8.751985725703,9.515212820103
45.902613098428,134.218199451576,8.568791948060,8.568791948060,9.251409409737
45.603693893056,134.192138057484,8.392071230474,8.392071230474,8.989318038358
45.304800380573,134.165820958103,8.215749808100,8.215749808100,8.729805152876
45.006356688936,134.134914948560,8.036685644262,8.036685644262,8.475429059478
44.708788071609,134.096418184046,7.856078480017,7.856078480017,8.227299082963
44.411598905192,134.055191124323,7.673604425839,7.673604425839,7.980799489978
44.113378847851,134.022076427431,7.499167688244,7.499167688244,7.729716783773
43.814970113586,133.990802221538,7.333260856411,7.333260856411,7.479518109990
43.515930256735,133.966228013864,7.174727856636,7.174727856636,7.229060015046
43.216548551827,133.946171148953,6.976946707269,7.020818965823,6.976946707269
42.917040349580,133.928261395582,6.723681731988,6.876524522149,6.723681731988
42.617376534918,133.914012279979,6.468871980809,6.738588256272,6.468871980809
42.318526377185,133.887248989189,6.224627637710,6.577985039765,6.224627637710
42.019387556430,133.864076320849,5.980858074951,6.421597789053,5.980858074951
41.720821008515,133.834472654826,5.740914548252,6.264648079146,5.740914548252
41.421638886484,133.812006984107,5.497003173023,6.113873184966,5.497003173023
41.123742707912,133.776750581861,5.265687645285,5.957463806749,5.265687645285
40.828252283566,133.724639366982,5.053259021457,5.796241502332,5.053259021457
40.533950134891,133.666588596930,4.847880341506,5.631504284896,4.847880341506
40.243993332819,133.589676689087,4.657073497208,5.449434701673,4.657073497208
39.958747877602,133.496638583759,4.486567416447,5.253241304561,4.486567416447
39.676532767647,133.394782979975,4.327254823967,5.050693694382,4.327254823967
39.397675187107,133.284049847088,4.169988580224,4.841937049424,4.169988580224
39.121809047051,133.166044520827,4.016988343051,4.627616594506,4.016988343051
38.848258910440,133.042758332496,3.879840605701,4.414664341607,3.879840605701
38.574936074499,132.919266611964,3.759708301919,4.208566914808,3.759708301919
38.293007644404,132.816647710407,3.621827282536,4.019605077592,3.621827282536
38.007786724166,132.723476312121,3.479668369449,3.840896031251,3.479668369449
37.722452008520,132.630653887563,3.344776073572,3.665727175932,3.344776073572
37.436640139126,132.539381408007,3.209378418165,3.492195347243,3.209378418165
37.148134539238,132.456962759296,3.074334299853,3.338814103310,3.074334299853
36.858750257837,132.377710877244,2.936721978275,3.199513266645,2.936721978275
36.570995916493,132.292696584849,2.810370279093,3.054997942202,2.810370279093
36.282109655448,132.211624420131,2.680740924236,2.915729567170,2.680740924236
35.992098728278,132.134652742563,2.561724561700,2.780390114591,2.561724561700
35.702727185548,132.055306671623,2.450746705441,2.647611977288,2.450746705441
35.413581117863,131.975143476014,2.347917069587,2.514216279641,2.347917069587
35.124026582228,131.896468163122,2.256488824521,2.383327687621,2.256488824521
34.833826148001,131.820272949623,2.165443134823,2.255220295818,2.165443134823
34.541595397219,131.752251699468,2.073366340702,2.155560325326,2.073366340702
34.248185626936,131.689470163618,1.981485439556,2.068913208887,1.981485439556
33.955433701071,131.623697214448,1.908652111042,1.986821981386,1.908652111042
33.663548347490,131.554171984126,1.842936609761,1.918864586969,1.842936609761
33.372222379835,131.482331370589,1.796027911765,1.850453887895,1.796027911765
33.080936836654,131.410333240857,1.751998432801,1.805194020471,1.751998432801
32.790194817199,131.336164654205,1.717280797839,1.759837549589,1.717280797839
32.499459284588,131.261971045420,1.690883177346,1.725730904324,1.690883177346
32.208602767103,131.188253031232,1.679482150816,1.693700648807,1.679482150816
31.917614445712,131.115098784234,1.674190513732,1.682222332720,1.674190513732
31.624910077959,131.049219216606,1.673472485185,1.678505353473,1.673472485185
31.330553653886,130.991105053120,1.654049189278,1.666874437198,1.654049189278
31.037487803910,130.926740312239,1.638387879828,1.650912843236,1.638387879828
30.743545189628,130.866591258348,1.637189764747,1.640380959110,1.637189764747
30.448062906621,130.814419815314,1.628915298528,1.630986815009,1.628915298528
30.152342781198,130.763613283088,1.621290812553,1.623149079460,1.621290812553
29.856328689945,130.714576160623,1.617362552788,1.617362552788,1.617906704773
29.559733138482,130.669160229947,1.619569759981,1.619569759981,1.619644959913
29.263293971717,130.622739273622,1.622045713098,1.622841082760,1.622045713098
28.966637146411,130.577744936600,1.621321586569,1.621321586569,1.622330212765
28.670662423620,130.528489752866,1.618872681395,1.618872681395,1.619376043693
28.375536097674,130.474338667056,1.618065803161,1.618065803161,1.618427416291
28.080361149718,130.420453119226,1.605852882587,1.605852882587,1.614435568673
27.785183670578,130.366582168721,1.593953694841,1.593953694841,1.602644731930
27.489849578424,130.313578375578,1.583604587758,1.583604587758,1.590986463165
27.194448917705,130.260975710768,1.576013073400,1.576013073400,1.582442432670
26.899831656875,130.204121177436,1.568357390014,1.568357390014,1.573006313727
26.604838945399,130.149798258797,1.559259223893,1.559580979010,1.559259223893
26.306991157103,130.113507486870,1.557076878189,1.566430218221,1.557076878189
26.008721921139,130.080892214257,1.560143682811,1.570621305096,1.560143682811
25.710162286450,130.051167504335,1.567427175125,1.581054874107,1.567427175125
25.412481005782,130.013537621797,1.583258940799,1.587521133442,1.583258940799
25.115323564924,129.972005601511,1.588731566060,1.591779089434,1.588731566060
24.818906978939,129.925436813807,1.591682040104,1.591682040104,1.592098786597
24.522804612858,129.876915619663,1.594269083106,1.596159887737,1.594269083106
24.227117156811,129.825920539413,1.597005967332,1.597764551051,1.597005967332
23.931678298508,129.773502093615,1.595974973281,1.595974973281,1.597613599307
23.636457008064,129.719884507549,1.594095015732,1.594095015732,1.596112667847
23.341641717870,129.664075980769,1.590749775454,1.590749775454,1.591875998594
23.046242136375,129.611460194311,1.581823019278,1.581823019278,1.586107087606
22.749983610395,129.564035626744,1.577351181820,1.577351181820,1.579017249867
22.452424964963,129.525446948622,1.573291722316,1.580800126023,1.573291722316
22.154446278410,129.490242377277,1.578494844373,1.589843232801,1.578494844373
21.856175613676,129.457585026434,1.585773493494,1.602242924071,1.585773493494
21.557871354749,129.425236055534,1.597855900800,1.616414276477,1.597855900800
21.259619394678,129.392450202770,1.612356309639,1.629165173822,1.612356309639
20.961828694291,129.355677707840,1.629397845912,1.636352141279,1.629397845912
20.664296952509,129.316886989638,1.636811849857,1.643447035048,1.636811849857
20.367226885844,129.274684922554,1.643686462674,1.647657649342,1.643686462674
20.070364122829,129.231050328974,1.647303315893,1.647303315893,1.648946519331
19.773806784113,129.185399572771,1.646067008903,1.646067008903,1.647731568488
19.477733503872,129.136693319294,1.643486805626,1.643486805626,1.646207110615
19.181884372349,129.086646313778,1.641481184895,1.641481184895,1.643289220427
18.886258362968,129.035295974192,1.638995235550,1.638995235550,1.640476217249
18.590363827159,128.985519386499,1.634814394193,1.634814394193,1.636877330564
18.294292178347,128.936823504804,1.631989066630,1.631989066630,1.635128987109
17.998798531661,128.884715043487,1.626129741347,1.626129741347,1.630690146506
17.703291284132,128.832719496011,1.621479743130,1.621479743130,1.622365195933
17.407085373683,128.784826320500,1.621412745027,1.621412745027,1.621708465557
17.111091787041,128.735640306703,1.618049530854,1.618049530854,1.621802300443
16.815442856231,128.684435132059,1.614630679132,1.614630679132,1.617564939035
16.520338470572,128.630167480178,1.612132341178,1.612132341178,1.614378357614
16.225603412873,128.573947923811,1.610031808298,1.610031808298,1.611817930895
15.931585911438,128.514069704082,1.605960795640,1.605960795640,1.608174834072
15.637921835662,128.452499720137,1.606182898603,1.606182898603,1.607008715266
15.344645227060,128.389203147808,1.598042360206,1.601026185994,1.598042360206
15.049525171643,128.335059512107,1.589721781066,1.589721781066,1.593089846233
14.753637922284,128.285238392397,1.586127418227,1.586127418227,1.588810836781
14.458075648883,128.233525632191,1.581827210079,1.581827210079,1.586184651415
14.162945956616,128.179413189809,1.579632748494,1.579632748494,1.584537586655
13.869096345051,128.119090617026,1.573491039110,1.573491039110,1.584847147314
13.578930380482,128.042773454859,1.573941493986,1.573941493986,1.577742385404
13.291035589345,127.958258940887,1.567519698179,1.567519698179,1.574421512306
13.005700866255,127.865694796371,1.578529215137,1.583514864171,1.578529215137
12.726226920900,127.756606531628,1.589878336750,1.589878336750,1.589999453579
12.452337880326,127.634262523828,1.600417777104,1.600417777104,1.604950129013
12.185526911816,127.497016750458,1.617068601370,1.617068601370,1.619465613425
11.921521676544,127.354422567254,1.608951483569,1.608951483569,1.613856452604
11.659186302993,127.208918456432,1.590102113134,1.590102113134,1.593152496177
11.404674076462,127.050037390190,1.578539179051,1.580773077464,1.578539179051
11.155385624653,126.883098860059,1.563863352594,1.563863352594,1.567069746668
10.912103778874,126.707486568807,1.563774238986,1.563774238986,1.564833811850
10.673940075462,126.525100211961,1.563662984076,1.563662984076,1.568570033469
10.445879525445,126.330140897464,1.563104617930,1.563104617930,1.568143350730
10.223636822228,126.128575832458,1.566445672623,1.566882910312,1.566445672623
10.006445638387,125.921549579140,1.566433880525,1.566433880525,1.567113794011
9.790889403007,125.712865715013,1.565976134331,1.565976134331,1.570357176874
9.583827940190,125.495784379319,1.569830403855,1.569830403855,1.569974739223
9.387265972533,125.269112517915,1.568197381549,1.568197381549,1.571533810158
9.197419748780,125.036756011085,1.570503526259,1.570503526259,1.578479143631
9.010940936704,124.801743492549,1.577981226626,1.577981226626,1.584892605445
8.834257951254,124.559239590784,1.584166764483,1.584166764483,1.598106002133
8.662619343290,124.313128542599,1.593777775701,1.593777775701,1.595481860319
8.494354354788,124.064716785513,1.586865796915,1.593599614852,1.586865796915
8.332132032584,123.812297850939,1.577042118880,1.582906313086,1.577042118880
8.172595091787,123.558196635481,1.557173136019,1.563944694717,1.557173136019
8.022980781805,123.298243729020,1.540497442745,1.544091135530,1.540497442745
7.890402593043,123.029081952085,1.536066778106,1.538970061024,1.536066778106
7.764851886469,122.756598150465,1.525177562933,1.527736510264,1.525177562933
7.650716666473,122.479153824776,1.516657703690,1.522757559904,1.516657703690
7.550056219715,122.196552303838,1.505039305866,1.505039305866,1.515319503536
7.462837645617,121.909471631207,1.505656357532,1.505656357532,1.517232409075
7.383164062680,121.620202932537,1.508732040078,1.508732040078,1.522279017153
7.310295703906,121.329142835836,1.514262811422,1.514262811422,1.530994474892
7.243953575261,121.036531996186,1.518902937976,1.518902937976,1.536297663265
7.185289238428,120.742282629584,1.527554246343,1.527554246343,1.544685857226
7.133362009513,120.446764079462,1.534979293008,1.534979293008,1.554797876713
7.087996482018,120.150199394587,1.544639765381,1.544639765381,1.557735732858
7.054260791536,119.852066480240,1.545273684763,1.545273684763,1.565836770657
7.029417948801,119.553075333768,1.554628621382,1.554628621382,1.575620455310
7.015815176505,119.253362040352,1.556711693109,1.556711693109,1.579455086222
7.013261206309,118.953346788601,1.565534614302,1.565534614302,1.582056684164
7.020342623707,118.653386945741,1.570327700047,1.570327700047,1.581799932664
7.035697295193,118.353802202540,1.573879533437,1.573879533437,1.573989235463
7.066389261176,118.055334625780,1.563791610455,1.563791610455,1.567668604559
7.105037574802,117.757825409686,1.563192214045,1.563192214045,1.564300346410
7.154585226468,117.461891758094,1.553743258144,1.553743258144,1.571205939233
7.206409638439,117.166361596997,1.559888508015,1.559888508015,1.577918729438
7.264137962333,116.871914094413,1.562428706589,1.562428706589,1.588489092965
7.320209310246,116.577174027182,1.579835471053,1.579835471053,1.600326878857
7.368064771405,116.280961712682,1.599558761136,1.599558761136,1.603754621797
7.415917229255,115.984749660393,1.604534165453,1.604640583626,1.604534165453
7.463449365210,115.688494226777,1.598864482726,1.602004865980,1.598864482726
7.515892060313,115.393059712476,1.594522417823,1.596057776519,1.594522417823
7.567523673840,115.097499422305,1.590174264726,1.590174264726,1.594386150434
7.613756152990,114.801039702359,1.589542677618,1.594394191160,1.589542677618
7.665615892465,114.505504390538,1.596485575272,1.603801470161,1.596485575272
7.719635799438,114.210354368623,1.603319209183,1.605867472143,1.603319209183
7.772576374063,113.915008582960,1.606684587393,1.606684587393,1.607062941748
7.824845637505,113.619543291055,1.604968757949,1.604968757949,1.606165355287
7.876030987257,113.323889808899,1.600852544415,1.600852544415,1.604309967030
7.925110261685,113.027877811076,1.596855609707,1.596855609707,1.601169151877
7.973968263692,112.731829258785,1.593635204304,1.593635204304,1.597768224142
8.022837657738,112.435784119369,1.587737885584,1.587737885584,1.594357861182
8.069301326152,112.139351443784,1.580309691588,1.580309691588,1.586612777565
8.114726636375,111.842760059973,1.580010146842,1.581928543530,1.580010146842
8.163142329252,111.546638835527,1.582794503250,1.584060652252,1.582794503250
8.212067034625,111.250601246716,1.583995870971,1.583995870971,1.584424681909
8.261463679037,110.954642185279,1.583350267994,1.583350267994,1.585131249421
8.311629653795,110.658812435796,1.581924546989,1.581924546989,1.583973723370
8.362422807634,110.363090040903,1.579862537891,1.579862537891,1.582443349625
8.414233609317,110.067543880602,1.576767768817,1.576767768817,1.580151014190
8.466355409684,109.772052440999,1.573357242557,1.573357242557,1.576545423694
8.518751580512,109.476609530050,1.569668106703,1.569668106703,1.572490301381
8.570650078341,109.181078869141,1.566484288437,1.566484288437,1.568607775447
8.621309216613,108.885336408272,1.564440687016,1.564557774357,1.564440687016
8.668260989764,108.588985028033,1.558180432003,1.566388298508,1.558180432003
8.710702222497,108.291953489808,1.559522233374,1.572779936862,1.559522233374
8.750815255412,107.994603113263,1.573620112299,1.581520640854,1.573620112299
8.796066562315,107.697982551408,1.583413518857,1.585072771551,1.583413518857
8.843222081067,107.401659936113,1.586697583891,1.586697583891,1.587099046444
8.891700968201,107.105554392954,1.582695758765,1.586981343123,1.582695758765
8.936074731053,106.808802171853,1.583956920608,1.591420748613,1.583956920608
8.978126246826,106.511710976814,1.589434347435,1.598206618237,1.589434347435
9.019130494539,106.214473133932,1.597275717718,1.606049666381,1.597275717718
9.061428139891,105.917417052551,1.607134764226,1.612586971898,1.607134764226
9.105178306541,105.620570586237,1.612255365150,1.617656999903,1.612255365150
9.149322852986,105.323783100388,1.617998553497,1.622328305691,1.617998553497
9.196212074388,105.027433529016,1.624220256201,1.624220256201,1.626770990474
9.248980964896,104.732059126166,1.620152222060,1.620152222060,1.622214853816
9.298959620264,104.436199356443,1.618065471426,1.618916208984,1.618065471426
9.347471948077,104.140096260897,1.619166574286,1.619166574286,1.619577512980
9.398699008241,103.844449113193,1.616664198428,1.616664198428,1.619345488910
9.451959419021,103.549164062709,1.612096657243,1.612096657243,1.617396027089
9.507722479590,103.254338703532,1.604985030116,1.604985030116,1.608715004296
9.562057669121,102.959246414563,1.599325671750,1.599325671750,1.601733096652
9.615143760373,102.663928594729,1.594935458168,1.594935458168,1.596769694453
9.666068913982,102.368228522947,1.592739576262,1.592739576262,1.593684232312
9.716921558242,102.072515974104,1.590617267473,1.590617267473,1.592225666862
9.768015021743,101.776845656621,1.588250477677,1.588250477677,1.590381118119
9.820291805329,101.481381642683,1.584682571474,1.584682571474,1.587672782259
9.871055833740,101.185661394228,1.580489132012,1.582648951861,1.580489132012
9.917455327205,100.889217656282,1.580228332379,1.585039423230,1.580228332379
9.963086106341,100.592654570787,1.585044266664,1.588207785543,1.585044266664
10.007904290456,100.295967999034,1.588447755674,1.592198008784,1.588447755674
10.051774355584,99.999139422633,1.591506880824,1.597146824832,1.591506880824
10.096791233547,99.702483898524,1.599346602634,1.600935949921,1.599346602634
10.143725247485,99.406124159100,1.602785355626,1.602785355626,1.602994509896
10.190871192892,99.109798057920,1.602109632722,1.604420180531,1.602109632722
10.238513139642,98.813552104833,1.605063469204,1.605552572614,1.605063469204
10.287716726783,98.517560925557,1.605102680045,1.605102680045,1.607412723169
10.337887423687,98.221732326583,1.603672112701,1.603672112701,1.605764039211
10.388538415425,97.925986932970,1.601754113452,1.601754113452,1.602465424873
10.436998527688,97.629873093643,1.596476773561,1.602057746157,1.596476773561
10.484586133141,97.333617859937,1.601608833011,1.603245265363,1.601608833011
10.531502790577,97.037255465190,1.605112228367,1.605112228367,1.605256257636
10.579014694287,96.740987878936,1.605826781710,1.606376450419,1.605826781710
10.626967689888,96.444791309826,1.606713548781,1.607193903054,1.606713548781
10.675201901175,96.148640484510,1.607726444404,1.607726444404,1.607809094246
10.724147443080,95.852606742671,1.607538083692,1.607538083692,1.608929119461
10.774271303080,95.556769985984,1.606155056348,1.606155056348,1.608559731598
10.825140792453,95.261060368993,1.604015649917,1.604015649917,1.604435096826
10.876218370587,94.965386635080,1.601665089520,1.601665089520,1.602773363557
10.927056601591,94.669671665487,1.599557395787,1.599557395787,1.601553942589
10.978385820923,94.374041565410,1.596951448364,1.596951448364,1.598870678428
11.030078156637,94.078474734997,1.593976929572,1.593976929572,1.595480012703
11.081148261911,93.782799836848,1.590091244172,1.591633931899,1.590091244172
11.131017329667,93.486922060218,1.589666210049,1.590508975977,1.589666210049
11.178453120114,93.190642419571,1.589017665110,1.591850258473,1.589017665110
11.225059650113,92.894231114589,1.592335469206,1.594031174774,1.592335469206
11.271359115410,92.597771919608,1.595346233190,1.596522856554,1.595346233190
11.318652690310,92.301469395953,1.598008182832,1.598008182832,1.598675010399
11.366496062578,92.005255295065,1.598252007904,1.598936650658,1.598252007904
11.414760152926,91.709109726430,1.596169197090,1.599438855871,1.596169197090
11.461919437550,91.412785762817,1.601060171502,1.601060171502,1.601296430635
11.509579520753,91.116545634355,1.602173721680,1.602173721680,1.602823200574
11.559805416019,90.820726768309,1.598676175752,1.600687108035,1.598676175752
11.608283817732,90.524616921413,1.600320727582,1.600972045610,1.600320727582
11.655910142312,90.228371883313,1.602119703523,1.602119703523,1.604577649787
11.706839968884,89.932672911601,1.599919032001,1.599919032001,1.601228609420
11.758742601505,89.637143011964,1.596731010194,1.596731010194,1.598286847516
11.811860397630,89.341831400105,1.592308504343,1.592308504343,1.595823873103
11.867762942993,89.047033124022,1.585054845358,1.585054845358,1.586049964456
11.924342767719,88.752370146329,1.577110922963,1.577110922963,1.577917037054
11.977113475053,88.456994229430,1.573041342184,1.573041342184,1.574913042214
12.031386489477,88.161892586797,1.567444852494,1.567444852494,1.568783871455
12.086508234319,87.866959513616,1.559397542297,1.560983520608,1.559397542297
12.135581453044,87.570948696442,1.559403564824,1.560665454820,1.559403564824
12.182548494876,87.274594278149,1.561880541030,1.562481406937,1.561880541030
12.230174216586,86.978345120920,1.563414086387,1.563630329081,1.563414086387
12.278718696947,86.682245212649,1.563848451266,1.563848451266,1.564327301865
12.327954243561,86.386259245552,1.563355759424,1.563366177034,1.563355759424
12.376432490141,86.090148548117,1.563047922928,1.563651405895,1.563047922928
12.423229249068,85.793771084470,1.561626786799,1.565639122461,1.561626786799
12.467523199850,85.497006766704,1.567711849057,1.570159244905,1.567711849057
12.513975881040,85.200571917669,1.572495791042,1.572495791042,1.573579154900
12.561777463661,84.904350902244,1.573249569695,1.573466616682,1.573249569695
12.610191357444,84.608229978746,1.573817004731,1.573817004731,1.574114755020
12.660429369034,84.312414839270,1.572317830233,1.572317830233,1.575596744588
12.712601756191,84.016933250993,1.568855788710,1.568855788710,1.569087482964
12.763116961579,83.721163123358,1.565338187575,1.567075790301,1.565338187575
12.812454787286,83.425195297635,1.565820792922,1.566489648435,1.565820792922
12.860929544830,83.129087674845,1.566777820315,1.566777820315,1.567514355313
12.913242792439,82.833635082689,1.563172078689,1.563172078689,1.569528218098
12.968722461610,82.538755745342,1.554914203189,1.556348847754,1.554914203189
13.023358107581,82.243719229688,1.548085448413,1.550383963265,1.548085448413
13.076067406183,81.948336952876,1.544109237696,1.546376008479,1.544109237696
13.124850928025,81.652278702123,1.544049301860,1.546351497036,1.544049301860
13.170796526820,81.355765273179,1.543425196542,1.549201154922,1.543425196542
13.215498406948,81.059061440040,1.551613352195,1.553308941269,1.551613352195
13.261243450623,80.762516374601,1.556361629529,1.556361629529,1.557534685019
13.305366823985,80.465727018207,1.553883850226,1.561054130937,1.553883850226
13.347295876645,80.168618042422,1.560536559888,1.567963725324,1.560536559888
13.388520268241,79.871410298018,1.574387731548,1.575584664638,1.574387731548
13.429634019625,79.574187259119,1.579781335889,1.583317258939,1.579781335889
13.471371538716,79.277051688907,1.585695883329,1.590420162710,1.585695883329
13.514534053580,78.980119834950,1.596083907202,1.596083907202,1.597413341960
13.559335701329,78.683431641311,1.600090710570,1.600090710570,1.600318698968
13.605953893195,78.387022081169,1.599725400828,1.602259836470,1.599725400828
13.652852388143,78.090656705995,1.604145204876,1.604145204876,1.604401106414
13.700049491103,77.794339282470,1.605728142066,1.605728142066,1.606906390453
13.748508784297,77.498225324595,1.606032602217,1.606032602217,1.606814780686
13.797813351226,77.202250915207,1.605480346922,1.605480346922,1.605668078316
13.847872581583,76.906403105108,1.604162886382,1.604162886382,1.604676089553
13.898557166580,76.610661950191,1.602211051594,1.602211051594,1.603897672601
13.950429855681,76.315128003619,1.599053232938,1.599053232938,1.599948526804
14.004166737650,76.019926106829,1.593979505192,1.594002041069,1.593979505192
14.058458187549,75.724825545093,1.587550972234,1.588387185300,1.587550972234
14.112545141998,75.429687548412,1.581801320606,1.582980190132,1.581801320606
14.166001861063,75.134434751496,1.578213708682,1.578213708682,1.578253285532
14.218810390495,74.839065359167,1.573478996149,1.574105748272,1.573478996149
14.270737451357,74.543540274197,1.567400082768,1.570892840523,1.567400082768
14.320541067995,74.247654582006,1.568272998284,1.569833752048,1.568272998284
14.366328230784,73.951118204107,1.567058643023,1.572843469287,1.567058643023
14.409327820866,73.654162995702,1.577776270985,1.578671768138,1.577776270985
14.452414847575,73.357233397815,1.584408508626,1.584409630771,1.584408508626
14.500945804925,73.061130968822,1.584641505845,1.584641505845,1.584799332728
14.549603616503,72.765049365008,1.584726031462,1.584744828677,1.584726031462
14.598421034204,72.468994027188,1.584686398560,1.584686398560,1.584709020790
14.647387514412,72.172963351962,1.584476879522,1.584476879522,1.585117206679
14.697184494917,71.877072895853,1.583064796863,1.583425113125,1.583064796863
14.748563649789,71.581451936711,1.579436754889,1.580768408473,1.579436754889
14.798568187878,71.285595311401,1.579506345732,1.579506345732,1.579524338707
14.847598005527,70.989575101473,1.579232630489,1.579232630489,1.579291283607
14.896310866959,70.693504504509,1.578120364221,1.579279846539,1.578120364221
14.941404069830,70.396874886928,1.579781780822,1.582989451327,1.579781780822
14.981950483863,70.099582953157,1.590608984380,1.591293037565,1.590608984380
15.027549954686,69.803017842532,1.594492621130,1.594492621130,1.594841640880
15.075935751015,69.506892302864,1.594871483305,1.594871483305,1.595016797274
15.125301490222,69.210928099843,1.593892725184,1.594257210266,1.593892725184
15.173745916965,68.914811974844,1.594180368430,1.594576691427,1.594180368430
15.221209933758,68.618536645284,1.595889422197,1.595889422197,1.595901455560
15.268758090422,68.322274814510,1.598723309229,1.598830715053,1.598723309229
15.316592253107,68.026059169325,1.601575317574,1.601575317574,1.601952564447
15.365187879932,67.729967603542,1.603548435903,1.603548435903,1.603959068097
15.414667085152,67.434022289958,1.604625965779,1.604625965779,1.605134550529
15.464751904823,67.138178750972,1.605089391369,1.605089391369,1.605092183231
15.514994683372,66.842362005677,1.605223921060,1.605392601883,1.605223921060
15.564843518017,66.546478682847,1.605282269934,1.606095341912,1.605282269934
15.615087248085,66.250666433288,1.606396857230,1.606396857230,1.607891124060
15.668651729244,65.955433746715,1.603327447034,1.603327447034,1.605559912118
15.723853510771,65.660503366685,1.598503736881,1.598593209798,1.598503736881
15.780276385281,65.365803748361,1.591562915753,1.592616457113,1.591562915753
15.835136650256,65.070808809931,1.585919119750,1.588229731042,1.585919119750
15.888596887683,64.775558015889,1.585245896076,1.585266125157,1.585245896076
15.940069501871,64.479953150803,1.583685094999,1.584321382929,1.583685094999
15.990251887381,64.184127036187,1.581741795600,1.584685701746,1.581741795600
16.038798394458,63.888027604702,1.584809185355,1.586708562895,1.584809185355
16.086466447110,63.591785071955,1.588624487566,1.589621430991,1.588624487566
16.135008729266,63.295686642717,1.591648287871,1.591648287871,1.592972772776
16.185511996569,62.999914315933,1.591687249664,1.591687249664,1.593091171107
16.235497944788,62.704054071578,1.587226236069,1.592250947874,1.587226236069
16.284818023829,62.408082899015,1.591934769517,1.593489686003,1.591934769517
16.332825921075,62.111895211840,1.596058327054,1.596058327054,1.596415364560
16.380795481466,61.815701313739,1.596246427975,1.598665803368,1.596246427975
16.428879859625,61.519526176228,1.598895351659,1.601156942409,1.598895351659
16.477458669817,61.223431601714,1.603147143886,1.603147143886,1.605146555202
16.525599928524,60.927266061171,1.602152789176,1.605580598580,1.602152789176
16.572458180580,60.630894793012,1.598069601863,1.609313380936,1.598069601863
16.618205445504,60.334349642198,1.612320962065,1.614170565293,1.612320962065
16.665188858993,60.038015277781,1.617773758429,1.617773758429,1.619074967579
16.718652526945,59.742765466686,1.614806605466,1.614806605466,1.618611402151
16.774775662164,59.448011179756,1.617184114988,1.617184114988,1.617208283466
16.832559840413,59.153579851471,1.616751195415,1.616754906623,1.616751195415
16.887090107944,58.858523336786,1.611409163225,1.616857006078,1.611409163225
16.941507735897,58.563446027017,1.614174487472,1.614174487472,1.616688353528
17.002282204154,58.269849948029,1.590760590982,1.602762232476,1.590760590982
17.081619381406,57.980525432406,1.557986500133,1.570885912967,1.557986500133
17.147035598275,57.687801340476,1.552039067415,1.552039067415,1.557659921575
17.196107275659,57.391806145718,1.545123416487,1.548504057961,1.545123416487
17.239204046687,57.094864110939,1.545212016075,1.550263886541,1.545212016075
17.282384182904,56.797934289899,1.549832013234,1.551476120268,1.549832013234
17.324123296865,56.500819161853,1.548266196995,1.553793057579,1.548266196995
17.360685167506,56.203010655183,1.542136567171,1.561203132475,1.542136567171
17.403214413177,55.906005553123,1.542804774057,1.562753875974,1.542804774057
17.452432640949,55.610018894029,1.557781224387,1.557781224387,1.571365049869
17.501123335706,55.313983359000,1.553853268167,1.553853268167,1.566877143342
17.552287991803,55.019096331125,1.548131347968,1.548131347968,1.559524996270
17.637652124016,54.731541628872,1.508229094795,1.508229094795,1.603823951342
17.700923628701,54.438679355722,1.491820208091,1.491820208091,1.547222172679
17.728673521786,54.140183409433,1.469119022407,1.513079553017,1.469119022407
17.755567942104,53.843957890820,1.445954916983,1.536007579627,1.445954916983
17.847365696596,53.558413610664,1.494377333689,1.494377333689,1.502124038298
17.922689165139,53.267998772826,1.472063455231,1.472063455231,1.553145322225
17.986672548339,52.974942450488,1.463315124432,1.463315124432,1.558786465962
18.018283478285,52.678482498960,1.488696653308,1.488696653308,1.499479119184
18.011427186964,52.380650969958,1.405052940910,1.554615372772,1.405052940910
18.066482639596,52.085692715285,1.385972550387,1.562071625806,1.385972550387
18.117548844456,51.790060100307,1.365833508678,1.575742745219,1.365833508678
18.156317979653,51.492589719288,1.363997630791,1.604841170566,1.363997630791
18.186015978804,51.194027052176,1.417944340986,1.646820201505,1.417944340986
18.222908256355,50.896264902105,1.482303306821,1.684182430013,1.482303306821
18.270681347223,50.600218160494,1.476730762016,1.714161696306,1.476730762016
18.353711858851,50.313660850278,1.509299870280,1.712397480939,1.509299870280
18.479389973466,50.041650107519,1.615841904898,1.668627809400,1.615841904898
18.579395647576,49.758760414378,1.657123633915,1.657123633915,1.706143466528
18.675817159189,49.474622270331,1.655061201495,1.655061201495,1.787445523844
18.770684834190,49.189963438785,1.658260547284,1.658260547284,1.859472497620
18.861750848324,48.904083448433,1.671445911872,1.671445911872,1.788046090139
18.951087565258,48.617715560370,1.692704505306,1.692704505306,1.756166315768
19.056255748845,48.336850361070,1.701212445854,1.701212445854,1.746630289867
19.176934942771,48.062141095561,1.701476012942,1.701476012942,1.757079711401
19.308007974782,47.792615928592,1.696233094356,1.696233094356,1.780176341291
19.461371210046,47.534722106707,1.670772908478,1.670772908478,1.834832018819
19.612193364198,47.275487345070,1.659432480304,1.659432480304,1.888149799621
19.753548068704,47.010905840466,1.664042319234,1.664042319234,1.945081423605
19.906752876866,46.752937948109,1.663986619523,1.663986619523,1.979435081668
20.065592506551,46.498378193424,1.667386569446,1.667386569446,1.998922999897
20.225910419498,46.244744490269,1.674359574735,1.674359574735,1.962664782906
20.389057433063,45.992991919314,1.692774570579,1.692774570579,1.930296966628
20.562159742166,45.747930367146,1.705127052232,1.705127052232,1.945163912655
20.740298511262,45.506480440712,1.723328454274,1.723328454274,1.963450993249
20.919394105317,45.265738606324,1.751143372184,1.751143372184,1.965099265347
21.100747456231,45.026728731226,1.784134885164,1.784134885164,1.956598231127
21.289634890979,44.793634422649,1.823521593733,1.823521593733,1.958791878837
21.486098526034,44.566878720289,1.858129239208,1.858129239208,1.976882636860
21.689154794529,44.346003362300,1.902700056347,1.902700056347,1.987897202597
21.896732386144,44.129338996657,1.945406510241,1.945406510241,1.996094010998
22.104495731220,43.912853297263,1.999121786549,2.006414740643,1.999121786549
22.314035787517,43.698104067568,2.009572082656,2.069646258920,2.009572082656
22.528347389717,43.488129526604,2.029044415104,2.142891263898,2.029044415104
22.748321859671,43.284096555920,2.043311116299,2.213467735880,2.043311116299
22.973750706887,43.086100835855,2.054389863124,2.290106650989,2.054389863124
23.205293045164,42.895370084501,2.065663685112,2.363667290565,2.065663685112
23.444796941758,42.714657932468,2.081601005768,2.436252295309,2.081601005768
23.688946946010,42.540266396643,2.109941647545,2.508333957506,2.109941647545
23.936990438831,42.371447246903,2.147602351536,2.582709376221,2.147602351536
24.188546838094,42.207928992236,2.192679094698,2.658967094435,2.192679094698
24.445357411070,42.052893523172,2.244604454292,2.732016152340,2.244604454292
24.708442960430,41.908632991218,2.299229350566,2.802003791754,2.299229350566
24.974581292162,41.770108908857,2.357742227639,2.869872053556,2.357742227639
25.244364285685,41.638819313121,2.416648433858,2.939927287894,2.416648433858
25.517696352381,41.515118063052,2.469501606406,3.004410393851,2.469501606406
25.794584540074,41.399543832389,2.520978221303,3.070152657363,2.520978221303
26.074367822622,41.291274291673,2.578806601539,3.130926904248,2.578806601539
26.358354273397,41.194548236139,2.646913400009,3.187388358157,2.646913400009
26.646363131837,41.110785266839,2.721743272225,3.234812736296,2.721743272225
26.938649960735,41.043192576173,2.803846378019,3.270621119685,2.803846378019
27.233421355583,40.987336840406,2.888192855555,3.300867115068,2.888192855555
27.530187026974,40.943743006803,2.979588298914,3.321438782590,2.979588298914
27.828946853967,40.916630462253,3.081134445752,3.332716301646,3.081134445752
28.128651331182,40.904621724572,3.191476523538,3.331752665547,3.191476523538
28.428623733509,40.908981243366,3.309837728071,3.318993740305,3.309837728071
28.728088263673,40.926419521771,3.298093869327,3.298093869327,3.431466741302
29.026256584818,40.959300221771,3.264197888938,3.264197888938,3.268983354276
29.322562466592,41.006280952532,3.084842148378,3.221863066739,3.084842148378
29.618190831415,41.057098967827,2.923354232561,3.178419870660,2.923354232561
29.915760328122,41.095607915906,2.773671684432,3.150442543487,2.773671684432
30.213482635570,41.132920057193,2.648514079753,3.128455411529,2.648514079753
30.510878232307,41.172744890116,2.555102808831,3.106166991063,2.555102808831
30.808007891286,41.214527882027,2.496456795779,3.085544567571,2.496456795779
31.105526489717,41.253190039571,2.467565664190,3.071620177660,2.467565664190
31.404047057309,41.283397318184,2.437517049710,3.068348216131,2.437517049710
31.702609678009,41.312918905309,2.407221103325,3.069517703188,2.407221103325
32.000146311389,41.351577207542,2.386398882306,3.064289422377,2.386398882306
32.263208289315,41.451143156419,2.432135312925,2.996224308777,2.432135312925
32.387245260867,41.716602683266,2.667927792907,2.749163364910,2.667927792907
32.294554095600,41.828191985702,2.626445412034,2.626445412034,2.795602249521
32.014668678479,41.720237338860,2.699841959952,2.699841959952,2.744951025851
31.834162229856,41.531474820767,2.595516011110,2.866253343990,2.595516011110
31.930835835395,41.259518131956,2.309829143130,3.147632424878,2.309829143130
32.195631623911,41.188906417423,2.188370229753,3.248658596394,2.188370229753
32.493245331056,41.221800385523,2.161938787435,3.253560316327,2.161938787435
32.789827726096,41.267263762487,2.148033355678,3.247741754677,2.148033355678
33.085880161291,41.316087903336,2.137527270587,3.241700158843,2.137527270587
33.381624280692,41.366753395258,2.128888295841,3.235935684458,2.128888295841
33.676864407773,41.420270486096,2.123151922563,3.228871645511,2.123151922563
33.970606042395,41.481421588497,2.125207435829,3.216423928207,2.125207435829
34.264837969067,41.540222788856,2.124921124857,3.207872450197,2.124921124857
34.559503712891,41.596822796895,2.122416741391,3.202653343625,2.122416741391
34.854470263784,41.651835147925,2.139576672953,3.200337847505,2.139576672953
35.149548960954,41.706245090351,2.197358964940,3.199411355886,2.197358964940
35.444625708475,41.760665828310,2.293271659685,3.198818330360,2.293271659685
35.739912112811,41.813935264688,2.421754358317,3.199608010118,2.421754358317
36.035637212256,41.864706623025,2.576808880101,3.202604213583,2.576808880101
36.331071297197,41.917146803642,2.757223177168,3.203276401210,2.757223177168
36.626343058472,41.970498787076,2.957806251337,3.202170970121,2.957806251337
36.922917663876,42.015947106364,3.168675762125,3.207871080218,3.168675762125
37.220491728651,42.054371058553,3.218439321689,3.218439321689,3.223410053190
37.518694202375,42.087603033353,3.232197979081,3.232197979081,3.235823355189
37.815688931324,42.130158573563,3.232994779853,3.234210995952,3.232994779853
38.112416435231,42.174708025347,3.227360038885,3.231530940540,3.227360038885
38.409058553454,42.219822565360,3.221310466007,3.224850105693,3.221310466007
38.705859064791,42.263881250261,3.213405751767,3.215190878484,3.213405751767
39.002150886701,42.311223147157,3.205919522827,3.206843288879,3.205919522827
39.297610936009,42.363494522275,3.202609221044,3.204626323073,3.202609221044
39.593400350387,42.413888514289,3.199603951539,3.202000377649,3.199603951539
39.889437562468,42.462813885309,3.196934035081,3.198023277120,3.196934035081
40.185949819125,42.508761585897,3.196032770600,3.196371543595,3.196032770600
40.482506087056,42.554437415111,3.195557625855,3.195557625855,3.196188562542
40.779032392463,42.600307341507,3.197612579275,3.197612579275,3.198202156366
41.075358239964,42.647452463917,3.197358739295,3.197752055484,3.197358739295
41.371614363938,42.695036112993,3.196406967507,3.196731822146,3.196406967507
41.667954215116,42.742095117139,3.196058708359,3.196221746976,3.196058708359
41.964225565179,42.789583564055,3.194708654174,3.195288957217,3.194708654174
42.260387258892,42.837750992495,3.193002550118,3.193758468468,3.193002550118
42.556380716641,42.886940903598,3.193696455800,3.193696455800,3.195935754500
42.852226923807,42.937009297019,3.197067531431,3.197067531431,3.199117654810
43.147444042793,42.990646716014,3.198997306304,3.198997306304,3.202189784787
43.442433635509,43.045537152978,3.201812631246,3.201812631246,3.208210202604
43.737236869563,43.101419541534,3.207843608409,3.207843608409,3.216342045364
44.033036797818,43.151713312532,3.218255159404,3.218938780390,3.218255159404
44.329278618548,43.199381002139,3.217457187040,3.218510237592,3.217457187040
44.625938343949,43.244370489080,3.213968385797,3.214767722291,3.213968385797
44.922248004644,43.291609284644,3.210385187652,3.210385187652,3.216514944036
45.218028116977,43.342055798222,3.219880606072,3.219880606072,3.227074277724
45.514450185370,43.388565025386,3.231007561873,3.231085963579,3.231007561873
45.810994508815,43.434318341165,3.231057080642,3.231057080642,3.232363999954
46.106743686964,43.484923429108,3.232839547661,3.232839547661,3.235411888031
46.402413986479,43.536021107481,3.236785799137,3.236785799137,3.238588309646
46.698125494964,43.586879751974,3.239545566473,3.239545566473,3.241254218966
46.994279597995,43.635084042862,3.240450751548,3.241343265053,3.240450751548
47.290586261643,43.682351570422,3.238761016630,3.239291437196,3.238761016630
47.586875169129,43.729730705843,3.237503813156,3.237983529731,3.237503813156
47.883271843449,43.776430214899,3.235217302935,3.236368765747,3.235217302935
48.179802423669,43.822271646469,3.231843114368,3.232782866544,3.231843114368
48.476355677088,43.867967074114,3.229098425212,3.229820525996,3.229098425212
48.772874940981,43.913882467222,3.226867607522,3.226867607522,3.227014192044
49.069182432607,43.961142690619,3.227302380982,3.227302380982,3.227608262729
49.365292218237,44.009627168570,3.227295551830,3.227295551830,3.229456074764
49.661194807730,44.059360338751,3.230717364625,3.230717364625,3.232581629495
49.956953094072,44.109945622118,3.232030516390,3.232320465691,3.232030516390
50.252658686760,44.160838652755,3.231763272415,3.231763272415,3.232364195594
50.548306340110,44.212067123200,3.233135602468,3.233135602468,3.234749870585
50.843921859392,44.263480801410,3.233926667792,3.235345123595,3.233926667792
51.139507243491,44.315067445285,3.231941882490,3.233223376212,3.231941882490
51.435133724590,44.366417993153,3.233172807846,3.233172807846,3.235601937162
51.730607382879,44.418639690285,3.235881601577,3.235897800932,3.235881601577
52.025081340733,44.476199611246,3.235093672594,3.235093672594,3.235507848263
52.320097102807,44.530933815291,3.239045974498,3.239045974498,3.239097054492
52.615844924977,44.581562742627,3.239851400663,3.239851400663,3.240217940641
52.911982864096,44.629871742751,3.243255247614,3.243255247614,3.245554214472
53.208257987012,44.677336535636,3.249288425904,3.249288425904,3.251255421402
53.504724736410,44.723587946102,3.255888061357,3.255888061357,3.257827494101
53.801216549020,44.769680347843,3.257398134644,3.259336025914,3.257398134644
54.097709340013,44.815766455648,3.251246790306,3.253032168826,3.251246790306
54.393760047444,44.864601266703,3.250530690571,3.250530690571,3.251203866502
54.689834671669,44.913301226770,3.251630521063,3.252561005795,3.251630521063
54.986670009693,44.957090098234,3.248741505127,3.249033936544,3.248741505127
55.283309154547,45.002218589005,3.246396903429,3.246396903429,3.247547826221
55.579607618605,45.049532650601,3.248211327883,3.248211327883,3.248847561369
55.875485688609,45.099405946844,3.248336159078,3.248336159078,3.248786097398
56.171309942479,45.149604704036,3.249332707575,3.249332707575,3.250600956713
56.467442411176,45.197947167477,3.254863864148,3.254863864148,3.258012522752
56.763364046398,45.247565453790,3.260511790358,3.260511790358,3.263713594103
57.059000505578,45.298855745628,3.264835137136,3.264835137136,3.267336279019
57.354668329757,45.349967615691,3.263868679754,3.266200960535,3.263868679754
57.650175824875,45.401997392363,3.261263015644,3.261529234361,3.261263015644
57.944743596434,45.459080048922,3.260184998283,3.260184998283,3.263729764160
58.240068760529,45.512107831592,3.266370858981,3.268113950418,3.266370858981
58.536292423323,45.559862718259,3.264878076001,3.265847293097,3.264878076001
58.831902054517,45.611286371628,3.261515242808,3.262706705332,3.261515242808
59.127448420303,45.663096082123,3.260446419962,3.262035913559,3.260446419962
59.423772705116,45.710222710156,3.256998458572,3.258305211020,3.256998458572
59.720069960644,45.757548753719,3.253969630382,3.254351303952,3.253969630382
60.017334795791,45.798286838963,3.258249133493,3.260124328590,3.258249133493
60.313635458381,45.845516731938,3.263055128735,3.263055128735,3.270889229231
60.609537275659,45.895253022169,3.268085286122,3.268085286122,3.278492170729
60.905723731396,45.943263404650,3.274471617575,3.274471617575,3.288633040772
61.202419632232,45.988009910807,3.283427780161,3.283427780161,3.295316827350
61.499222843067,46.032052451156,3.287553831937,3.287553831937,3.300945523899
61.795560019453,46.079115747141,3.288257582083,3.288257582083,3.309006777240
62.091822709950,46.126658587422,3.288163846302,3.288163846302,3.317374782097
62.388276972225,46.172989779681,3.294909177106,3.294909177106,3.330824318027
62.684262181308,46.222218256736,3.300371003629,3.300371003629,3.348341993838
62.981914533247,46.259852840256,3.312590257619,3.312590257619,3.359532049866
63.281659635256,46.269711164651,3.345607749478,3.354640369664,3.345607749478
63.580110353310,46.241244765589,3.298303963648,3.298303963648,3.314523274565
63.873303699362,46.178338427129,3.239773648778,3.239773648778,3.254615134514
64.167989012161,46.121949984984,3.154840053262,3.154840053262,3.209343146606
64.458187333417,46.046035983347,3.091176833542,3.091176833542,3.167456376409
64.742152474978,45.949326073268,3.038504496521,3.038504496521,3.107514551178
65.024732128530,45.848429619430,2.953582535318,2.953582535318,3.055869751085
65.304279321116,45.739447410519,2.896439272290,2.896439272290,3.021211916699
65.573240041139,45.606708163104,2.885965111643,2.885965111643,2.964898437363
65.841231531302,45.471754688814,2.878686412458,2.878686412458,2.908053327699
66.115484871414,45.350129338169,2.857600170928,2.857600170928,2.867957781543
66.389366241840,45.227572801090,2.837616096794,2.837616096794,2.846238273474
66.661165424385,45.100471934735,2.822283689871,2.822768285636,2.822283689871
66.929256417769,44.965742439311,2.808629606099,2.812551031402,2.808629606099
67.190785985808,44.818721000685,2.810706607306,2.814421646876,2.810706607306
67.449687482369,44.667062668349,2.813549016515,2.819090319782,2.813549016515
67.703411101188,44.506918242942,2.817387682132,2.825961482149,2.817387682132
67.952983081262,44.340362101839,2.824824791073,2.833606847294,2.824824791073
68.194187750743,44.161948575809,2.823605074869,2.849977994319,2.823605074869
68.434165714123,43.981830715657,2.847169320393,2.865881188171,2.847169320393
68.670027047845,43.796367874854,2.868615856777,2.872028154990,2.868615856777
68.901879580102,43.605913656012,2.871162340637,2.871780876235,2.871162340637
69.129488371994,43.410408498676,2.872565935336,2.873361561686,2.872565935336
69.355845947740,43.213446630985,2.875004210693,2.875212455139,2.875004210693
69.566650904421,43.000048845983,2.869527520200,2.891587047828,2.869527520200
69.773993140907,42.783160778432,2.889411343959,2.908772170578,2.889411343959
69.973617114924,42.559172006235,2.907497992217,2.934073023120,2.907497992217
70.172082205407,42.334130923823,2.930655129520,2.963182229957,2.930655129520
70.367327215341,42.106294587114,2.974746319255,2.997451839438,2.974746319255
70.558576901210,41.875095457281,3.017563302320,3.026612374104,3.017563302320
70.745510070307,41.640393118991,3.048659805224,3.050686602452,3.048659805224
70.925989080566,41.400699374888,3.065664859870,3.065664859870,3.066982794935
71.083839834904,41.145668328571,3.057825105521,3.088720263798,3.057825105521
71.233826372402,40.885799860644,3.062037985573,3.116546429305,3.062037985573
71.381323785867,40.624503257555,3.092632473341,3.150111229296,3.092632473341
71.525485518527,40.361353177925,3.137951908110,3.186458284393,3.137951908110
71.650869222605,40.088833621187,3.163970192307,3.232528927086,3.163970192307
71.758306983389,39.808729977529,3.173348410962,3.173348410962,3.181559518581
71.838748672858,39.519786191893,3.101442657308,3.101442657308,3.172567809554
71.888498698871,39.224021885887,3.072430103748,3.072430103748,3.154005629101
71.919671415884,38.925633776131,3.087174502131,3.087174502131,3.129761466998
71.934044239218,38.625962760423,3.092020760047,3.122011574718,3.092020760047
71.959017454449,38.326974178938,3.083288312218,3.155218097983,3.083288312218
72.009558183045,38.031304781191,3.101986397918,3.169123547039,3.101986397918
72.069345494054,37.737276411429,3.143794973969,3.170156635839,3.143794973969
72.119665118133,37.441489479629,3.158562290412,3.179738048513,3.158562290412
72.168638649973,37.145459949943,3.158702181875,3.192549646036,3.158702181875
72.211531661714,36.848494278881,3.171831502121,3.201621624118,3.171831502121
72.245118516080,36.550338901944,3.176803451071,3.215144406329,3.176803451071
72.284812860949,36.252930477492,3.201732844455,3.222483143424,3.201732844455
72.335657700612,35.957234140098,3.222256566019,3.222466589219,3.222256566019
72.382489387341,35.660862128302,3.227437506367,3.227793201229,3.227437506367
72.422540301245,35.363500223392,3.229080546643,3.229080546643,3.230444477211
72.467644789824,35.066861477679,3.212589504017,3.227076832209,3.212589504017
72.525507088876,34.772463945752,3.203030907753,3.215436997806,3.203030907753
72.581311978878,34.477647418300,3.133356400746,3.209312758301,3.133356400746
72.637683355003,34.182937213072,3.091893044407,3.205815473295,3.091893044407
72.729530293332,33.897495244942,3.099888826561,3.166742691671,3.099888826561
72.809374482948,33.608298733645,3.098689871161,3.136349214805,3.098689871161
72.872542255763,33.315006674454,3.104641298151,3.111964917125,3.104641298151
72.921885225683,33.019062026267,3.104923406734,3.106312726199,3.104923406734
72.956285736822,32.721015577692,3.094980169976,3.117161397292,3.094980169976
72.958944842169,32.421103147939,3.079723983884,3.164983562374,3.079723983884
72.986393391023,32.122411265872,3.118202349092,3.188335309463,3.118202349092
73.024831738277,31.824840845613,3.195209734824,3.198116234102,3.195209734824
73.070270328833,31.528253610708,3.194232665835,3.196765059211,3.194232665835
73.116643868137,31.231805665539,3.192481934010,3.192481934010,3.196285523787
73.163386595606,30.935415698277,3.196911433379,3.196911433379,3.199884544368
73.209112963783,30.638867363524,3.201215244489,3.202032392470,3.201215244489
73.254724738955,30.342301232058,3.201847970339,3.201847970339,3.202243864640
73.300605555422,30.045776613952,3.202593192942,3.202593192942,3.203217923783
73.344809531961,29.748997774407,3.205797257794,3.205797257794,3.205874523146
73.387874221364,29.452051220901,3.209840031172,3.209840031172,3.209935304035
73.433930683176,29.155555101899,3.211113653978,3.211113653978,3.211765783549
73.480224814204,28.859094720265,3.213065549290,3.213065549290,3.213761789757
73.526478887429,28.562628086339,3.216293552742,3.216293552742,3.217127990174
73.577169813299,28.266890438696,3.213438940695,3.216234887907,3.213438940695
73.630068367098,27.971537480468,3.207581584105,3.211165767314,3.207581584105
73.684578167827,27.676477462990,3.201277293143,3.204317642724,3.201277293143
73.739992026722,27.381585688354,3.194725621703,3.197732685306,3.194725621703
73.796394033781,27.086881345892,3.189944659567,3.191802762496,3.189944659567
73.844931493517,26.790788401259,3.191948676182,3.195790349659,3.191948676182
73.891090633097,26.494307385043,3.192428598227,3.192428598227,3.193498594809
73.936634962166,26.197730918371,3.191108521350,3.191108521350,3.192895001577
73.983427566084,25.901349022691,3.192685440153,3.193334666909,3.192685440153
74.031233104763,25.605128716518,3.192073503443,3.192073503443,3.192278856957
74.077329626803,25.308637957775,3.190912740194,3.190912740194,3.192881050862
74.124179294794,25.012264962689,3.195250810895,3.195621765126,3.195250810895
74.173037979558,24.716216921816,3.199330999965,3.199330999965,3.200014227253
74.224765127778,24.420657054717,3.205015659855,3.205917400626,3.205015659855
74.277369523431,24.125251152454,3.207353824805,3.207979395449,3.207353824805
74.323735584422,23.828807115294,3.207564099641,3.209560902729,3.207564099641
74.369335891554,23.532239231485,3.204440209704,3.204440209704,3.207719492803
74.414539297521,23.235610598518,3.200584508353,3.200584508353,3.203491740893
74.458873733467,22.938850916570,3.198555267880,3.198555267880,3.200312223110
74.503602364907,22.642150329588,3.200034142933,3.201540787526,3.200034142933
74.551230131153,22.345902319656,3.202662081059,3.204852796884,3.202662081059
74.598399513130,22.049579994599,3.204812778918,3.206184585417,3.204812778918
74.644971047637,21.753163102196,3.206338058355,3.206459195310,3.206338058355
74.691754834310,21.456779605673,3.203760566649,3.203760566649,3.206255741803
74.739958334059,21.160623935345,3.201982656532,3.201982656532,3.205065096545
74.791860740644,20.865095454294,3.197707553692,3.197707553692,3.200741002370
74.845622164836,20.569898192052,3.193295747660,3.193295747660,3.196325565376
74.900390580031,20.274885876853,3.187143578260,3.187143578260,3.191072609648
74.955034215517,19.979850328300,3.178345527903,3.178345527903,3.183487852040
75.009131233083,19.684714095054,3.170949793963,3.170949793963,3.175753903745
75.062304219964,19.389410047937,3.164992244296,3.164992244296,3.169977874558
75.115772197785,19.094159187801,3.157720620553,3.157720620553,3.163759707164
75.169091406054,18.798881413048,3.151247496978,3.151247496978,3.156594866396
75.219843402468,18.503152373025,3.149301191910,3.149301191910,3.152107087644
75.273355805428,18.207910606270,3.141485467967,3.141485467967,3.150440536510
75.330458761194,17.913342571146,3.128315092208,3.128315092208,3.139111518884
75.392145228754,17.619701102524,3.115955391593,3.115955391593,3.124162418931
75.456130392453,17.326550094109,3.100815865118,3.100815865118,3.104199909182
75.524913212892,17.034489745822,3.078355207286,3.078355207286,3.078654179477
75.598384235083,16.743573059045,3.045967955648,3.052759135509,3.045967955648
75.676166979466,16.453779047779,3.010792682085,3.023980688564,3.010792682085
75.734912069527,16.159578422946,2.947260172854,3.009383027491,2.947260172854
75.818245564336,15.871413227618,2.901923961268,2.975846061401,2.901923961268
75.908856512698,15.585372468317,2.860387043250,2.934175004758,2.860387043250
76.003048327071,15.300488204760,2.805599476195,2.888629126230,2.805599476195
76.099292255766,15.016289753148,2.739737087087,2.840786546226,2.739737087087
76.203433236521,14.734896739500,2.673947842935,2.794780817437,2.673947842935
76.327216153681,14.461617744972,2.620809083923,2.754543796736,2.620809083923
76.462336420031,14.193725619312,2.585330063498,2.705678884190,2.585330063498
76.630806258386,13.945620820783,2.591941818007,2.629733643455,2.591941818007
76.803988343427,13.700591795330,2.570616681752,2.580429659533,2.570616681752
76.980161446461,13.457704648927,2.518517486131,2.561822672445,2.518517486131
77.168875538489,13.224459484212,2.451726803728,2.545049552853,2.451726803728
77.377528676850,13.008926026555,2.429112004694,2.503731199878,2.429112004694
77.595397311221,12.802632501379,2.416161331207,2.470234112105,2.416161331207
77.824343946551,12.608726121855,2.399789357882,2.422825460674,2.399789357882
78.065784026698,12.430635393130,2.371638930863,2.371638930863,2.398797660509
78.312592921331,12.260008819204,2.344731872392,2.344731872392,2.398792983953
78.558372479896,12.087892574297,2.325403176115,2.325403176115,2.387458598246
78.798802968942,11.908392302970,2.319122322901,2.319122322901,2.357338176368
79.039918275545,11.729800166415,2.313334465944,2.313334465944,2.320761074747
79.283181052469,11.554145975754,2.283687568450,2.322300338430,2.283687568450
79.530483565141,11.384232229194,2.250344396545,2.362016449563,2.250344396545
79.782685634521,11.221684082176,2.230007251950,2.383254708641,2.230007251950
80.036706863956,11.061982362754,2.219518093224,2.356957136902,2.219518093224
80.292080379732,10.904451589253,2.200125164829,2.325889770462,2.200125164829
80.549145510639,10.749697365007,2.181657962067,2.302784332714,2.181657962067
80.804884377019,10.592760712316,2.179140527119,2.284389942286,2.179140527119
81.061058169947,10.436533835228,2.169146656216,2.262871769304,2.169146656216
81.321399174596,10.287367027516,2.149696344413,2.234800811434,2.149696344413
81.577764837668,10.131467341291,2.112815546111,2.217995437145,2.112815546111
81.833541695360,9.974591345468,2.072369370352,2.206120300639,2.072369370352
82.099716430112,9.836178800210,2.050297806088,2.177008746149,2.050297806088
82.370157895513,9.706219011113,2.022992845952,2.137557046936,2.022992845952
82.643324555407,9.582082255806,2.000185521028,2.091536458783,2.000185521028
82.917825457026,9.460918347613,1.978999919420,2.065200730225,1.978999919420
83.198190109519,9.354077903117,1.961156362360,2.035049497370,1.961156362360
83.480512248275,9.252466365734,1.943692822253,2.004963641697,1.943692822253
83.763655484610,9.153160999460,1.923985015577,1.979061534310,1.923985015577
84.048488098521,9.058816454525,1.902400407649,1.957614242460,1.902400407649
84.339107076468,8.984314519942,1.900915239866,1.933328340510,1.900915239866
84.631312130749,8.916148902391,1.903318492635,1.903318492635,1.905180415387
84.922847041963,8.845164599377,1.877561464106,1.877561464106,1.908255549396
85.214536136674,8.774813041066,1.862047003614,1.862047003614,1.912624543675
85.508041276537,8.712498030427,1.872202266935,1.872202266935,1.926661726998
85.801322684687,8.649111902128,1.882073720681,1.882073720681,1.939964250173
86.092682621456,8.577434552337,1.887110913986,1.887110913986,1.945631968751
86.384285979827,8.506728960842,1.901319023006,1.901319023006,1.930770861857
86.679271645117,8.451937865575,1.908746235559,1.908746235559,1.930697693871
86.975244503732,8.402634418267,1.892318023447,1.892318023447,1.939674306065
87.271015518157,8.352123982314,1.878781224052,1.878781224052,1.943892643653
87.567111903158,8.303558288661,1.898262198755,1.898262198755,1.946509416034
87.865797276319,8.275298856569,1.902722860020,1.902722860020,1.958124158296
88.164644641800,8.248426028245,1.881958542401,1.881958542401,1.963190664607
88.463767334023,8.224825149772,1.868552296199,1.868552296199,1.962902849910
88.763381485217,8.208679683398,1.888381082733,1.888381082733,1.956680853209
89.063394989380,8.204516102276,1.903733705327,1.903733705327,1.940296522538
89.363404057790,8.209321970080,1.899236582921,1.899236582921,1.927549714506
89.663328598982,8.218072909348,1.892872696300,1.892872696300,1.912271956297
89.962826638447,8.236206803308,1.886683512631,1.902489129020,1.886683512631
90.261720398790,8.262505475800,1.863435134785,1.903802263000,1.863435134785
90.560651853473,8.288425821199,1.835260677645,1.897341261829,1.835260677645
90.859563966339,8.314568700897,1.799121119928,1.897700987128,1.799121119928
91.157871984536,8.346856223707,1.777978223250,1.899930278242,1.777978223250
91.455577089336,8.384305794640,1.773681639139,1.865012947486,1.773681639139
91.754028351626,8.415235602985,1.762116758921,1.841848460257,1.762116758921
92.053773075970,8.428317524368,1.732196063519,1.832463999068,1.732196063519
92.352892577217,8.451849881724,1.708617381297,1.781141918736,1.708617381297
92.651586864292,8.480358423541,1.692994799790,1.748667206251,1.692994799790
92.949433079938,8.516648641800,1.694438726409,1.720948362530,1.694438726409
93.247649458271,8.549790149217,1.685069296614,1.704559667308,1.685069296614
93.545782998200,8.583676156455,1.671104205977,1.696374646216,1.671104205977
93.843242633760,8.623025629364,1.674650294051,1.684416173625,1.674650294051
94.140960755418,8.660383470368,1.674461628341,1.675516744178,1.674461628341
94.438513479387,8.699038311710,1.665849128620,1.673637712654,1.665849128620
94.735868048646,8.739188972047,1.653969828183,1.670582159090,1.653969828183
95.032763977419,8.782597174173,1.643742801374,1.657254482195,1.643742801374
95.327878434660,8.836768098690,1.642079788544,1.642079788544,1.645234369497
95.623019475787,8.890838954063,1.645243707661,1.645243707661,1.648426464693
95.919868618520,8.934518495860,1.644023772951,1.645892615038,1.644023772951
96.216367309582,8.980563039851,1.636958313083,1.636958313083,1.637723737987
96.510922044287,9.037697250538,1.640026314380,1.640026314380,1.641423942107
96.806857851469,9.087206368074,1.643357842064,1.643357842064,1.643415424013
97.103013558160,9.135410748198,1.644039127091,1.645052181366,1.644039127091
97.399031169271,9.184456097147,1.644866458067,1.648741919133,1.644866458067
97.694616694515,9.236039458440,1.648157844026,1.651911539958,1.648157844026
97.990720016129,9.284560760296,1.638625677587,1.638625677587,1.648300148044
98.287754683262,9.326997451115,1.622478064029,1.622478064029,1.642678777828
98.585263625429,9.365983592398,1.605513620033,1.605513620033,1.631150861646
98.882900392645,9.403986619223,1.608098184066,1.608098184066,1.614994760798
99.179398968576,9.450007538269,1.604523868894,1.604523868894,1.609554033700
99.475798441278,9.496689999864,1.602922169464,1.602922169464,1.605663386996
99.772116957447,9.543883555004,1.600514018193,1.600514018193,1.603239878127
100.068529974086,9.590479832667,1.598223276190,1.598223276190,1.600835657540
100.364985030647,9.636808026606,1.591389006609,1.591389006609,1.599306095196
100.661505303103,9.682716914032,1.584191360505,1.584191360505,1.592806108320
100.957857674469,9.729697024848,1.582079849376,1.582079849376,1.585928838179
101.254005821004,9.777947637379,1.581805516645,1.581805516645,1.582209387670
101.549533566405,9.829858667446,1.583226574852,1.586333401409,1.583226574852
101.845080973030,9.881662457340,1.585304085062,1.585304085062,1.585698645636
102.141444278115,9.928564373065,1.585177438511,1.585228422749,1.585177438511
102.437305686799,9.978539698965,1.588338211391,1.588359412482,1.588338211391
102.732636565612,10.031560972911,1.586597057588,1.586597057588,1.588533602857
103.028832528330,10.079507371466,1.584606651011,1.584606651011,1.585527320842
103.325149031213,10.126713550097,1.584687053114,1.584905933802,1.584687053114
103.621380987275,10.174447413003,1.584951625381,1.585436609340,1.584951625381
103.916910514108,10.226347076399,1.589005492736,1.589005492736,1.589122021617
104.211882177304,10.281331694018,1.589672983493,1.589857096321,1.589672983493
104.507360027595,10.333527878543,1.589948156851,1.592419784320,1.589948156851
104.803040426129,10.384566749425,1.592441492832,1.596022982173,1.592441492832
105.099083857461,10.433454703443,1.596835794785,1.601692431369,1.596835794785
105.394869479793,10.483879680396,1.604923751574,1.605922765897,1.604923751574
105.690492369661,10.535250717855,1.607502207763,1.609242336493,1.607502207763
105.986021286009,10.587159821281,1.610511560319,1.612138879778,1.610511560319
106.281731196310,10.638027437230,1.612350854981,1.613203272198,1.612350854981
106.577780187970,10.686881955067,1.613358826788,1.614177576219,1.613358826788
106.874204360988,10.733405480505,1.611904434286,1.611904434286,1.612506081354
107.170806820295,10.778779993584,1.608981589716,1.608981589716,1.611376767186
107.467696751078,10.822232882161,1.605689009971,1.605689009971,1.608230771297
107.764631183941,10.865381984985,1.601882040996,1.601882040996,1.604638258593
108.061617487458,10.908172590070,1.598999215264,1.598999215264,1.600923829786
108.357837298447,10.955973140816,1.598593225305,1.598593225305,1.601895616212
108.653704086824,11.005919293883,1.598033753996,1.598718872383,1.598033753996
108.949002859603,11.059118961317,1.600346361788,1.603358785535,1.600346361788
109.244204007036,11.112860757443,1.604822768444,1.604822768444,1.607459800755
109.539310556450,11.167119588049,1.603535358379,1.603535358379,1.604855018418
109.834613839154,11.220296996095,1.599921627062,1.604623916136,1.599921627062
110.130045939520,11.272754249382,1.605187304006,1.606146503908,1.605187304006
110.425852428404,11.323056144081,1.607982318627,1.608525214696,1.607982318627
110.722062892944,11.370921453800,1.604540757368,1.604540757368,1.607803094721
111.018624031937,11.416564097972,1.599691062608,1.599691062608,1.601829653249
111.314865842332,11.464235453957,1.597043238698,1.597692536010,1.597043238698
111.611022738079,11.512432870323,1.596328341133,1.596603634776,1.596328341133
111.907083162809,11.561219335786,1.596878331501,1.597550145701,1.596878331501
112.202926368092,11.611305782616,1.599133303067,1.599133303067,1.599899209568
112.498606632563,11.662345573462,1.600926788021,1.600926788021,1.601015226177
112.793605078189,11.717185263646,1.601967602425,1.601967602425,1.603986878123
113.088921326745,11.770290023758,1.600069510321,1.601609874489,1.600069510321
113.385131019108,11.818153637963,1.596233783185,1.598613539969,1.596233783185
113.681877542294,11.862573089172,1.593545809254,1.593545809254,1.596111316945
113.978906581069,11.905064938450,1.589208929876,1.589208929876,1.590672468862
114.275809678755,11.948428869269,1.584495487665,1.584495487665,1.584767275013
114.572528882643,11.993033536583,1.582328595998,1.582328595998,1.582444160249
114.868894693442,12.039927738619,1.582448933541,1.582460772183,1.582448933541
115.165464320904,12.085516198923,1.580533654346,1.580533654346,1.581151039205
115.462115834630,12.130569244580,1.578315829468,1.578315829468,1.578450327596
115.758539850315,12.177095001015,1.576942154547,1.577200675187,1.576942154547
116.054633014094,12.225681316584,1.577428105106,1.577428105106,1.578286215394
116.350218504197,12.277265079856,1.582134813820,1.582134813820,1.582933220678
116.645701542981,12.329434718622,1.587237560440,1.587237560440,1.588606050297
116.941168148013,12.381697416474,1.593105351122,1.593105351122,1.594485420967
117.236746411525,12.433324770221,1.599270399703,1.599270399703,1.599808807425
117.532526119291,12.483784988400,1.605297628851,1.605297628851,1.606823399706
117.828532912139,12.532895445610,1.608733032611,1.608733032611,1.610003180442
118.124571715251,12.581813037921,1.608962164703,1.610091126064,1.608962164703
118.420710224893,12.630123265609,1.610508280020,1.610607048883,1.610508280020
118.717280417776,12.675706552493,1.609829894065,1.609829894065,1.610336056304
119.013747561791,12.721957208537,1.608795599413,1.609271724544,1.608795599413
119.310107870934,12.768887588292,1.609168824162,1.609276920124,1.609168824162
119.606537978764,12.815375117018,1.610508198253,1.610508198253,1.611134992120
119.903044807193,12.861370762401,1.611870190067,1.612151133785,1.611870190067
120.199765150605,12.905967789535,1.610874731047,1.611146657700,1.610874731047
120.496192947752,12.952469119517,1.610848337183,1.610848337183,1.612006138600
120.792393369863,13.000397900712,1.613031427008,1.613031427008,1.613718391708
121.088863788257,13.046626930585,1.612275235793,1.612787233393,1.612275235793
121.385216621719,13.093604453794,1.610563852570,1.610563852570,1.611279246748
121.681203039297,13.142836827196,1.610322933704,1.610322933704,1.610356755306
121.976590440235,13.195542727670,1.602347809408,1.606268973457,1.602347809408
122.271616126841,13.250238826141,1.590182332448,1.599705583962,1.590182332448
122.565698616442,13.309794292475,1.580300803601,1.590355688976,1.580300803601
122.860418961785,13.366110929850,1.585072799919,1.585285009691,1.585072799919
123.156291414328,13.416015717076,1.584089577713,1.584926093096,1.584089577713
123.451877116132,13.467599856397,1.577306601737,1.581768387557,1.577306601737
123.747342108795,13.519871581477,1.573857799303,1.576153981060,1.573857799303
124.043189769559,13.569931118852,1.570840744307,1.573024586044,1.570840744307
124.338723078985,13.621814558579,1.567926081662,1.568276473185,1.567926081662
124.633757153774,13.676464707063,1.563233860052,1.567819236980,1.563233860052
124.926622841891,13.741727186764,1.557696673203,1.558658457206,1.557696673203
125.217781246149,13.814236706058,1.545934453227,1.547993506372,1.545934453227
125.507934573140,13.890673903462,1.533491030992,1.538139991308,1.533491030992
125.793927105460,13.981425359659,1.523262206338,1.525794996982,1.523262206338
126.076354969240,14.082737259517,1.505657619056,1.510084305393,1.505657619056
126.352980207342,14.198951602964,1.499612274559,1.503854345025,1.499612274559
126.627226518052,14.320690117008,1.494198470003,1.494198470003,1.497754135781
126.897026398259,14.451983572644,1.491185232370,1.494914076445,1.491185232370
127.162116944694,14.592543418522,1.485609603646,1.487173110206,1.485609603646
127.421452905169,14.743455322791,1.481472200372,1.484215336860,1.481472200372
127.680405104347,14.895032555601,1.470708185175,1.477315922366,1.470708185175
127.938614086172,15.047872309314,1.456091450162,1.462534316724,1.456091450162
128.191593237830,15.209216024693,1.440540055951,1.445799099590,1.440540055951
128.441361981811,15.375489723304,1.420760922634,1.427412097226,1.420760922634
128.688986505337,15.544941115068,1.397269577504,1.399886845275,1.397269577504
128.932774905004,15.719865160868,1.360228897960,1.360228897960,1.367582708984
129.176751606325,15.894528467837,1.313367960161,1.313367960161,1.329782127950
129.418692220644,16.072000880115,1.277719938433,1.277719938433,1.290234895133
129.652116467493,16.260526955683,1.236026750616,1.236026750616,1.252450728467
129.881448881942,16.454015906903,1.206543017935,1.206543017935,1.208741335601
130.096572374680,16.663174582533,1.168728864119,1.168728864119,1.177633044355
130.308805561238,16.875280147848,1.145934149331,1.145975800264,1.145934149331
130.502991629054,17.104005534836,1.133646332827,1.134918275482,1.133646332827
130.692298648815,17.336802143970,1.120102342246,1.120102342246,1.120895405865
130.866342281503,17.581211211721,1.115607346830,1.117989061944,1.115607346830
131.037880263646,17.827395130259,1.111175132083,1.117177427140,1.111175132083
131.204623007814,18.076851205196,1.105678965163,1.108071716040,1.105678965163
131.366008377902,18.329806078801,1.101448309228,1.101448309228,1.101659237687
131.524817936422,18.584386754629,1.097173775012,1.104304261659,1.097173775012
131.680658829056,18.840795367785,1.086534376004,1.095171075644,1.086534376004
131.831465743077,19.100196179215,1.073883912061,1.076856630111,1.073883912061
131.965472938906,19.368654344188,1.066360982701,1.066360982701,1.070231594503
132.090049898401,19.641622025297,1.048491665854,1.048491665854,1.073782840500
132.197472563532,19.921780600569,1.055463772137,1.055463772137,1.091045431658
132.290843937296,20.206932394458,1.064513676567,1.064513676567,1.109455080509
132.374665459179,20.495038250199,1.080148758267,1.080148758267,1.129055324113
132.441125242100,20.787633958382,1.093489249065,1.093489249065,1.161381086709
132.497155997573,21.082407645720,1.110391884026,1.110391884026,1.195997617303
132.544162681084,21.378754808818,1.133917585241,1.133917585241,1.241890148462
132.599214357846,21.673713631508,1.179815195005,1.179815195005,1.282371866748
132.659822058124,21.967581597003,1.256578419521,1.256578419521,1.323116628095
132.727081548882,22.259998676077,1.312934842801,1.312934842801,1.360613331687
132.781526968676,22.555068903223,1.344422220599,1.344422220599,1.389241659994
132.830190903457,22.851149146909,1.373715366983,1.373715366983,1.415485502209
132.870636081854,23.148463254065,1.400680721459,1.400680721459,1.443062614787
132.905895379785,23.446437295645,1.430038323146,1.430038323146,1.463213221005
132.936138196924,23.744962227741,1.453798083847,1.453798083847,1.477558973025
132.951442251806,24.044622941723,1.462323431655,1.462323431655,1.495872204437
132.957226091597,24.344619626162,1.477692148414,1.477692148414,1.507172524886
132.956297123707,24.644671030074,1.489125215419,1.489125215419,1.514338138118
132.929444679237,24.943515573700,1.487615875545,1.487615875545,1.538107419536
132.893979830040,25.241464997673,1.479195137870,1.479195137870,1.555009939408
132.847645840791,25.537918497753,1.497931727409,1.497931727409,1.568335852263
132.798791172304,25.833967659975,1.541020152861,1.541020152861,1.572708332848
132.745853692464,26.129314030830,1.559824234820,1.559824234820,1.568706289373
132.683493027633,26.422815009849,1.555552457771,1.559568315914,1.555552457771
132.620287129578,26.716135512519,1.546839802084,1.565498232226,1.546839802084
132.558729769089,27.009806399508,1.548745151113,1.559783828598,1.548745151113
132.507254227385,27.305410839595,1.545579494941,1.554687119748,1.545579494941
132.460080965105,27.601732552690,1.547789397297,1.547789397297,1.548697568408
132.415146664163,27.898402076214,1.547290374027,1.547290374027,1.547957014613
132.366475241590,28.194481424734,1.546284426591,1.546284426591,1.549770916555
132.317936519071,28.490582584551,1.550459108814,1.550459108814,1.554930997251
132.269487371629,28.786698414175,1.556261624672,1.556261624672,1.560046203886
132.220525241800,29.082729855297,1.562981397037,1.562981397037,1.564971221626
132.173206402761,29.379028405463,1.568145793290,1.568145793290,1.568678895073
132.127587394184,29.675593423539,1.569238912998,1.569238912998,1.570984681511
