x,y,z,stamp,frame_id
31.406499999997322,38.288000000000466,103.74300000000001,1789798492.1003876,gps_back
31.484500000005937,38.31150000001071,103.72500000000001,1789798498.6003857,gps_back
31.5454999999929,38.3125,103.721,1789798498.9003856,gps_back
31.597500000003492,38.32399999999325,103.72,1789798499.1003854,gps_back
31.658500000005006,38.325500000006286,103.72200000000001,1789798499.3003855,gps_back
31.728000000002794,38.33749999999418,103.726,1789798499.5003855,gps_back
31.806500000006054,38.33900000000722,103.72800000000001,1789798499.7003853,gps_back
31.89299999999639,38.351499999989755,103.735,1789798499.9003854,gps_back
31.979999999995925,38.36350000000675,103.733,1789798500.1003852,gps_back
32.03200000000652,38.375499999994645,103.73,1789798500.200385,gps_back
32.084499999997206,38.37650000001304,103.73,1789798500.3003852,gps_back
32.13649999999325,38.388000000006286,103.732,1789798500.4003851,gps_back
32.23200000000361,38.40100000001257,103.732,1789798500.6003852,gps_back
32.28399999999965,38.41250000000582,103.732,1789798500.700385,gps_back
32.37949999999546,38.42499999998836,103.729,1789798500.900385,gps_back
32.431500000006054,38.437000000005355,103.72800000000001,1789798501.000385,gps_back
32.48399999999674,38.437999999994645,103.72200000000001,1789798501.100385,gps_back
32.588000000003376,38.46150000000489,103.72,1789798501.3003848,gps_back
32.683499999999185,38.47399999998743,103.71900000000001,1789798501.5003848,gps_back
32.778999999994994,38.49749999999767,103.71300000000001,1789798501.7003849,gps_back
32.83100000000559,38.49849999998696,103.714,1789798501.8003848,gps_back
32.88300000000163,38.51050000000396,103.714,1789798501.9003847,gps_back
32.97849999999744,38.5340000000142,103.71300000000001,1789798502.1003847,gps_back
33.07399999999325,38.54649999999674,103.708,1789798502.3003845,gps_back
33.16950000000361,38.55900000000838,103.709,1789798502.5003846,gps_back
33.22149999999965,38.57050000000163,103.712,1789798502.6003845,gps_back
33.31699999999546,38.583500000007916,103.711,1789798502.8003845,gps_back
33.41250000000582,38.60699999998906,103.708,1789798503.0003843,gps_back
33.46450000000186,38.61850000001141,103.70700000000001,1789798503.1003842,gps_back
33.516499999997905,38.6304999999993,103.708,1789798503.2003844,gps_back
33.611999999993714,38.654000000009546,103.712,1789798503.4003842,gps_back
33.66449999999895,38.65450000000419,103.711,1789798503.5003843,gps_back
33.716499999994994,38.666499999992084,103.712,1789798503.6003842,gps_back
33.76799999999639,38.68900000001304,103.71600000000001,1789798503.7003841,gps_back
33.86350000000675,38.71249999999418,103.712,1789798503.9003842,gps_back
33.91599999999744,38.71350000001257,103.711,1789798504.000384,gps_back
33.96799999999348,38.725500000000466,103.709,1789798504.100384,gps_back
34.062999999994645,38.74900000001071,103.706,1789798504.300384,gps_back
34.11500000000524,38.76050000000396,103.699,1789798504.400384,gps_back
34.16700000000128,38.77249999999185,103.69800000000001,1789798504.5003839,gps_back
34.21950000000652,38.78450000000885,103.7,1789798504.600384,gps_back
34.27150000000256,38.796000000002095,103.696,1789798504.700384,gps_back
34.33199999999488,38.80799999998999,103.69500000000001,1789798504.8003838,gps_back
34.38400000000547,38.820000000006985,103.69200000000001,1789798504.9003837,gps_back
34.45350000000326,38.83199999999488,103.691,1789798505.0003839,gps_back
34.52300000000105,38.85500000001048,103.69200000000001,1789798505.1003838,gps_back
34.583499999993364,38.86699999999837,103.69,1789798505.2003837,gps_back
34.64449999999488,38.87899999998626,103.69,1789798505.3003838,gps_back
34.705000000001746,38.89100000000326,103.68900000000001,1789798505.4003837,gps_back
34.774499999999534,38.89199999999255,103.688,1789798505.5003836,gps_back
34.83550000000105,38.904000000009546,103.687,1789798505.6003835,gps_back
34.904999999998836,38.91599999999744,103.683,1789798505.7003837,gps_back
34.965500000005704,38.928000000014435,103.682,1789798505.8003836,gps_back
35.03500000000349,38.94000000000233,103.679,1789798505.9003835,gps_back
35.10450000000128,38.95250000001397,103.68,1789798506.0003834,gps_back
35.165500000002794,38.96400000000722,103.683,1789798506.1003835,gps_back
35.23450000000594,38.976499999989755,103.687,1789798506.2003834,gps_back
35.2954999999929,38.98850000000675,103.683,1789798506.3003833,gps_back
35.35599999999977,39.000499999994645,103.681,1789798506.4003835,gps_back
35.425499999997555,39.01250000001164,103.681,1789798506.5003834,gps_back
35.48649999999907,39.024499999999534,103.675,1789798506.6003833,gps_back
35.54700000000594,39.03649999998743,103.668,1789798506.7003832,gps_back
35.616500000003725,39.048500000004424,103.667,1789798506.8003833,gps_back
35.68600000000151,39.06049999999232,103.665,1789798506.9003832,gps_back
35.7554999999993,39.07250000000931,103.668,1789798507.0003831,gps_back
35.81600000000617,39.084499999997206,103.673,1789798507.100383,gps_back
35.88550000000396,39.0965000000142,103.675,1789798507.2003832,gps_back
35.955000000001746,39.10899999999674,103.676,1789798507.300383,gps_back
36.01600000000326,39.12100000001374,103.677,1789798507.400383,gps_back
36.09399999999732,39.13300000000163,103.677,1789798507.5003831,gps_back
36.154999999998836,39.14499999998952,103.678,1789798507.600383,gps_back
36.22400000000198,39.15700000000652,103.678,1789798507.700383,gps_back
36.29399999999441,39.158499999990454,103.68,1789798507.8003829,gps_back
36.362999999997555,39.181500000006054,103.68,1789798507.900383,gps_back
36.43249999999534,39.193499999993946,103.684,1789798508.000383,gps_back
36.49349999999686,39.20550000001094,103.679,1789798508.1003828,gps_back
36.554000000003725,39.20650000000023,103.675,1789798508.200383,gps_back
36.61500000000524,39.22949999998673,103.672,1789798508.3003829,gps_back
36.6929999999993,39.241500000003725,103.679,1789798508.4003828,gps_back
36.76249999999709,39.25349999999162,103.678,1789798508.5003827,gps_back
36.83199999999488,39.26600000000326,103.677,1789798508.6003828,gps_back
36.89299999999639,39.26699999999255,103.678,1789798508.7003827,gps_back
36.961999999999534,39.279000000009546,103.676,1789798508.8003826,gps_back
37.02300000000105,39.29099999999744,103.674,1789798508.9003825,gps_back
37.092499999998836,39.29250000001048,103.67,1789798509.0003827,gps_back
37.153000000005704,39.31500000000233,103.672,1789798509.1003826,gps_back
37.22299999999814,39.31649999998626,103.673,1789798509.2003825,gps_back
37.292499999995925,39.32850000000326,103.671,1789798509.3003826,gps_back
37.361999999993714,39.32949999999255,103.673,1789798509.4003825,gps_back
37.42299999999523,39.33100000000559,103.671,1789798509.5003824,gps_back
37.492499999993015,39.34299999999348,103.671,1789798509.6003823,gps_back
37.552999999999884,39.35500000001048,103.669,1789798509.7003825,gps_back
37.62249999999767,39.36699999999837,103.667,1789798509.8003824,gps_back
37.683499999999185,39.36799999998766,103.669,1789798509.9003823,gps_back
37.7445000000007,39.369000000006054,103.662,1789798510.0003822,gps_back
37.81399999999849,39.359499999991385,103.658,1789798510.1003823,gps_back
37.875,39.37150000000838,103.655,1789798510.2003822,gps_back
37.94449999999779,39.383499999996275,103.653,1789798510.3003821,gps_back
38.0054999999993,39.384499999985565,103.647,1789798510.4003823,gps_back
38.06600000000617,39.39650000000256,103.649,1789798510.5003822,gps_back
38.13550000000396,39.397999999986496,103.648,1789798510.600382,gps_back
38.19650000000547,39.421000000002095,103.643,1789798510.700382,gps_back
38.26549999999406,39.43299999998999,103.643,1789798510.8003821,gps_back
38.326499999995576,39.445000000006985,103.646,1789798510.900382,gps_back
38.387000000002445,39.45699999999488,103.641,1789798511.000382,gps_back
38.44800000000396,39.469000000011874,103.635,1789798511.100382,gps_back
38.508499999996275,39.48050000000512,103.628,1789798511.200382,gps_back
38.56949999999779,39.492499999993015,103.626,1789798511.300382,gps_back
38.6304999999993,39.494000000006054,103.624,1789798511.4003818,gps_back
38.69999999999709,39.505999999993946,103.621,1789798511.500382,gps_back
38.76050000000396,39.51800000001094,103.617,1789798511.6003819,gps_back
38.82150000000547,39.529999999998836,103.619,1789798511.7003818,gps_back
38.88199999999779,39.54199999998673,103.616,1789798511.8003817,gps_back
38.951499999995576,39.554000000003725,103.613,1789798511.9003818,gps_back
39.01249999999709,39.554999999993015,103.61,1789798512.0003817,gps_back
39.09900000000198,39.57850000000326,103.625,1789798512.1003816,gps_back
39.237999999997555,39.60250000000815,103.646,1789798512.3003817,gps_back
39.30749999999534,39.61449999999604,103.66,1789798512.4003816,gps_back
39.37699999999313,39.62650000001304,103.666,1789798512.5003815,gps_back
39.4375,39.63850000000093,103.668,1789798512.6003816,gps_back
39.49850000000151,39.650499999988824,103.672,1789798512.7003815,gps_back
39.5679999999993,39.663000000000466,103.673,1789798512.8003814,gps_back
39.63749999999709,39.67499999998836,103.679,1789798512.9003813,gps_back
39.69800000000396,39.687000000005355,103.676,1789798513.0003815,gps_back
39.75900000000547,39.69899999999325,103.673,1789798513.1003814,gps_back
39.82799999999406,39.72200000000885,103.673,1789798513.2003813,gps_back
39.888999999995576,39.733500000002095,103.672,1789798513.3003814,gps_back
39.958499999993364,39.73499999998603,103.672,1789798513.4003813,gps_back
40.01900000000023,39.74700000000303,103.673,1789798513.5003812,gps_back
40.08849999999802,39.75899999999092,103.67,1789798513.6003811,gps_back
40.158500000005006,39.76050000000396,103.669,1789798513.7003813,gps_back
40.21899999999732,39.78299999999581,103.669,1789798513.8003812,gps_back
40.27950000000419,39.795000000012806,103.671,1789798513.900381,gps_back
40.34900000000198,39.8070000000007,103.671,1789798514.0003812,gps_back
40.41849999999977,39.80850000001374,103.672,1789798514.1003811,gps_back
40.47950000000128,39.82050000000163,103.672,1789798514.200381,gps_back
40.5399999999936,39.83249999998952,103.668,1789798514.300381,gps_back
40.60950000000594,39.84450000000652,103.666,1789798514.400381,gps_back
40.6704999999929,39.85649999999441,103.666,1789798514.500381,gps_back
40.74000000000524,39.86850000001141,103.664,1789798514.600381,gps_back
40.800499999997555,39.8695000000007,103.668,1789798514.7003808,gps_back
40.86999999999534,39.88200000001234,103.668,1789798514.800381,gps_back
40.93099999999686,39.89350000000559,103.664,1789798514.9003808,gps_back
40.991500000003725,39.90549999999348,103.668,1789798515.0003808,gps_back
41.06100000000151,39.91800000000512,103.666,1789798515.100381,gps_back
41.1304999999993,39.91899999999441,103.667,1789798515.2003808,gps_back
41.191500000000815,39.93100000001141,103.665,1789798515.3003807,gps_back
41.25199999999313,39.9429999999993,103.662,1789798515.4003806,gps_back
41.312999999994645,39.954999999987194,103.657,1789798515.5003808,gps_back
41.37350000000151,39.96700000000419,103.652,1789798515.6003807,gps_back
41.443499999993946,39.96799999999348,103.651,1789798515.7003806,gps_back
41.51249999999709,39.99100000000908,103.651,1789798515.8003805,gps_back
41.56500000000233,39.99199999999837,103.651,1789798515.9003806,gps_back
41.634500000000116,40.00399999998626,103.652,1789798516.0003805,gps_back
41.695000000006985,40.01600000000326,103.651,1789798516.1003804,gps_back
41.76450000000477,40.02799999999115,103.65,1789798516.2003806,gps_back
41.825500000006286,40.02950000000419,103.65,1789798516.3003805,gps_back
41.895000000004075,40.041499999992084,103.645,1789798516.4003804,gps_back
41.95549999999639,40.05350000000908,103.64,1789798516.5003803,gps_back
42.02499999999418,40.06549999999697,103.639,1789798516.6003804,gps_back
42.08599999999569,40.07750000001397,103.643,1789798516.7003803,gps_back
42.14650000000256,40.08950000000186,103.639,1789798516.8003802,gps_back
42.21600000000035,40.101499999989755,103.641,1789798516.9003804,gps_back
42.27700000000186,40.10250000000815,103.644,1789798517.0003803,gps_back
42.34649999999965,40.11449999999604,103.643,1789798517.1003802,gps_back
42.41599999999744,40.12700000000768,103.643,1789798517.20038,gps_back
42.47650000000431,40.138999999995576,103.641,1789798517.3003802,gps_back
42.53750000000582,40.15100000001257,103.64,1789798517.4003801,gps_back
42.60700000000361,40.163000000000466,103.641,1789798517.50038,gps_back
42.667499999995925,40.17499999998836,103.636,1789798517.60038,gps_back
42.736999999993714,40.187000000005355,103.634,1789798517.70038,gps_back
42.79750000000058,40.19899999999325,103.633,1789798517.80038,gps_back
42.858500000002095,40.20000000001164,103.628,1789798517.90038,gps_back
42.927999999999884,40.211999999999534,103.63,1789798518.00038,gps_back
42.9890000000014,40.22399999998743,103.632,1789798518.10038,gps_back
43.058499999999185,40.236000000004424,103.629,1789798518.2003798,gps_back
43.119000000006054,40.24799999999232,103.628,1789798518.3003798,gps_back
43.197000000000116,40.26050000000396,103.638,1789798518.40038,gps_back
43.25800000000163,40.26149999999325,103.639,1789798518.5003798,gps_back
43.32749999999942,40.28450000000885,103.64,1789798518.6003797,gps_back
43.38850000000093,40.28549999999814,103.64,1789798518.7003796,gps_back
43.45799999999872,40.29749999998603,103.64,1789798518.8003798,gps_back
43.51850000000559,40.30950000000303,103.642,1789798518.9003797,gps_back
43.588000000003376,40.321999999985565,103.641,1789798519.0003796,gps_back
43.64849999999569,40.33400000000256,103.641,1789798519.1003797,gps_back
43.709499999997206,40.34549999999581,103.643,1789798519.2003796,gps_back
43.778999999994994,40.35800000000745,103.642,1789798519.3003795,gps_back
43.84849999999278,40.35899999999674,103.644,1789798519.4003794,gps_back
43.909499999994296,40.37100000001374,103.642,1789798519.5003796,gps_back
43.979000000006636,40.38300000000163,103.639,1789798519.6003795,gps_back
44.03949999999895,40.39499999998952,103.64,1789798519.7003794,gps_back
44.10000000000582,40.40700000000652,103.64,1789798519.8003795,gps_back
44.16950000000361,40.41899999999441,103.64,1789798519.9003794,gps_back
44.23050000000512,40.43100000001141,103.639,1789798520.0003793,gps_back
44.291500000006636,40.4320000000007,103.638,1789798520.1003792,gps_back
44.36049999999523,40.454999999987194,103.635,1789798520.2003794,gps_back
44.42149999999674,40.45650000000023,103.636,1789798520.3003793,gps_back
44.49099999999453,40.468499999988126,103.632,1789798520.4003792,gps_back
44.56050000000687,40.48050000000512,103.633,1789798520.500379,gps_back
44.620999999999185,40.492499999993015,103.636,1789798520.6003792,gps_back
44.69049999999697,40.50450000001001,103.633,1789798520.7003791,gps_back
44.75149999999849,40.516499999997905,103.629,1789798520.800379,gps_back
44.812000000005355,40.5284999999858,103.631,1789798520.9003792,gps_back
44.87300000000687,40.52950000000419,103.628,1789798521.000379,gps_back
44.94250000000466,40.541499999992084,103.63,1789798521.100379,gps_back
45.00350000000617,40.55350000000908,103.626,1789798521.200379,gps_back
45.07249999999476,40.56599999999162,103.624,1789798521.300379,gps_back
45.133499999996275,40.578000000008615,103.623,1789798521.400379,gps_back
45.20299999999406,40.58999999999651,103.621,1789798521.5003788,gps_back
45.2725000000064,40.5909999999858,103.621,1789798521.6003788,gps_back
45.333499999993364,40.603000000002794,103.623,1789798521.700379,gps_back
45.403000000005704,40.61499999999069,103.623,1789798521.8003788,gps_back
45.46349999999802,40.62700000000768,103.624,1789798521.9003787,gps_back
45.53299999999581,40.62849999999162,103.626,1789798522.0003788,gps_back
45.59399999999732,40.640500000008615,103.623,1789798522.1003788,gps_back
45.66349999999511,40.65249999999651,103.62,1789798522.2003787,gps_back
45.7329999999929,40.6534999999858,103.61800000000001,1789798522.3003786,gps_back
45.79349999999977,40.665500000002794,103.617,1789798522.4003787,gps_back
45.85450000000128,40.67749999999069,103.61800000000001,1789798522.5003786,gps_back
45.92399999999907,40.69000000000233,103.62,1789798522.6003785,gps_back
45.98450000000594,40.701499999995576,103.619,1789798522.7003787,gps_back
46.054000000003725,40.71400000000722,103.621,1789798522.8003786,gps_back
46.11500000000524,40.71499999999651,103.623,1789798522.9003785,gps_back
46.18450000000303,40.727000000013504,103.621,1789798523.0003784,gps_back
46.254000000000815,40.7390000000014,103.622,1789798523.1003785,gps_back
46.31449999999313,40.75099999998929,103.623,1789798523.2003784,gps_back
46.38400000000547,40.763000000006286,103.623,1789798523.3003783,gps_back
46.445000000006985,40.77499999999418,103.619,1789798523.4003782,gps_back
46.51450000000477,40.77650000000722,103.619,1789798523.5003784,gps_back
46.58400000000256,40.78849999999511,103.61800000000001,1789798523.6003783,gps_back
46.64449999999488,40.80050000001211,103.62,1789798523.7003782,gps_back
46.71400000000722,40.8125,103.619,1789798523.8003783,gps_back
46.783500000005006,40.82500000001164,103.61800000000001,1789798523.9003782,gps_back
46.84450000000652,40.83650000000489,103.61800000000001,1789798524.0003781,gps_back
46.91400000000431,40.84899999998743,103.61500000000001,1789798524.100378,gps_back
46.974499999996624,40.861000000004424,103.614,1789798524.2003782,gps_back
47.04399999999441,40.861999999993714,103.61,1789798524.300378,gps_back
47.104999999995925,40.87400000001071,103.61200000000001,1789798524.400378,gps_back
47.165500000002794,40.8859999999986,103.608,1789798524.5003781,gps_back
47.23500000000058,40.897999999986496,103.608,1789798524.600378,gps_back
47.296000000002095,40.91000000000349,103.61,1789798524.700378,gps_back
47.365499999999884,40.921999999991385,103.60900000000001,1789798524.8003778,gps_back
47.4265000000014,40.92300000000978,103.607,1789798524.900378,gps_back
47.486999999993714,40.93499999999767,103.607,1789798525.000378,gps_back
47.556500000006054,40.94750000000931,103.607,1789798525.1003778,gps_back
47.61699999999837,40.959499999997206,103.608,1789798525.2003777,gps_back
47.677999999999884,40.970999999990454,103.608,1789798525.3003778,gps_back
47.73850000000675,40.98300000000745,103.60600000000001,1789798525.4003778,gps_back
47.80800000000454,40.99549999998999,103.604,1789798525.5003777,gps_back
47.869000000006054,41.007500000006985,103.602,1789798525.6003778,gps_back
47.93850000000384,41.008499999996275,103.601,1789798525.7003777,gps_back
47.999500000005355,41.02050000001327,103.601,1789798525.8003776,gps_back
48.068499999993946,41.032500000001164,103.595,1789798525.9003775,gps_back
48.12949999999546,41.04449999998906,103.59100000000001,1789798526.0003777,gps_back
48.19899999999325,41.056500000006054,103.587,1789798526.1003776,gps_back
48.259500000000116,41.068499999993946,103.58500000000001,1789798526.2003775,gps_back
48.32050000000163,41.08050000001094,103.584,1789798526.3003774,gps_back
48.38999999999942,41.092499999998836,103.57900000000001,1789798526.4003775,gps_back
48.450500000006286,41.10449999998673,103.57600000000001,1789798526.5003774,gps_back
48.520000000004075,41.10599999999977,103.57300000000001,1789798526.6003773,gps_back
48.58100000000559,41.11799999998766,103.574,1789798526.7003775,gps_back
48.641499999997905,41.13000000000466,103.574,1789798526.8003774,gps_back
48.71099999999569,41.14199999999255,103.57600000000001,1789798526.9003773,gps_back
48.771999999997206,41.154000000009546,103.574,1789798527.0003772,gps_back
48.841499999994994,41.16599999999744,103.57600000000001,1789798527.1003773,gps_back
48.90200000000186,41.178000000014435,103.57300000000001,1789798527.2003772,gps_back
48.963000000003376,41.19000000000233,103.57000000000001,1789798527.3003771,gps_back
49.032500000001164,41.19099999999162,103.568,1789798527.4003773,gps_back
49.09299999999348,41.203000000008615,103.565,1789798527.5003772,gps_back
49.16250000000582,41.21499999999651,103.565,1789798527.600377,gps_back
49.23200000000361,41.22750000000815,103.56400000000001,1789798527.700377,gps_back
49.29300000000512,41.22849999999744,103.562,1789798527.8003771,gps_back
49.36250000000291,41.240500000014435,103.561,1789798527.900377,gps_back
49.423500000004424,41.25250000000233,103.559,1789798528.000377,gps_back
49.492499999993015,41.26449999999022,103.559,1789798528.1003768,gps_back
49.55349999999453,41.27650000000722,103.558,1789798528.200377,gps_back
49.6140000000014,41.28849999999511,103.556,1789798528.300377,gps_back
49.68399999999383,41.29000000000815,103.557,1789798528.4003768,gps_back
49.7445000000007,41.30199999999604,103.556,1789798528.500377,gps_back
49.81399999999849,41.31400000001304,103.558,1789798528.6003768,gps_back
49.875,41.32600000000093,103.561,1789798528.7003767,gps_back
49.94400000000314,41.337999999988824,103.56,1789798528.8003767,gps_back
50.01350000000093,41.35000000000582,103.558,1789798528.9003768,gps_back
50.074500000002445,41.35099999999511,103.555,1789798529.0003767,gps_back
50.14400000000023,41.37400000001071,103.55,1789798529.1003766,gps_back
50.205000000001746,41.375,103.551,1789798529.2003767,gps_back
50.27400000000489,41.397999999986496,103.549,1789798529.3003767,gps_back
50.3350000000064,41.399499999999534,103.55,1789798529.4003766,gps_back
50.40450000000419,41.41149999998743,103.553,1789798529.5003765,gps_back
50.47400000000198,41.423500000004424,103.555,1789798529.6003766,gps_back
50.534499999994296,41.43549999999232,103.556,1789798529.7003765,gps_back
50.59549999999581,41.44750000000931,103.553,1789798529.8003764,gps_back
50.65600000000268,41.459499999997206,103.554,1789798529.9003763,gps_back
50.725500000000466,41.4715000000142,103.549,1789798530.0003765,gps_back
50.78650000000198,41.47250000000349,103.546,1789798530.1003764,gps_back
50.84750000000349,41.484499999991385,103.543,1789798530.2003763,gps_back
50.916500000006636,41.49650000000838,103.541,1789798530.3003764,gps_back
50.9774999999936,41.508499999996275,103.543,1789798530.4003763,gps_back
51.038000000000466,41.52050000001327,103.54,1789798530.5003762,gps_back
51.107499999998254,41.532500000001164,103.54,1789798530.6003761,gps_back
51.17699999999604,41.545000000012806,103.539,1789798530.7003763,gps_back
51.237999999997555,41.5570000000007,103.535,1789798530.8003762,gps_back
51.298500000004424,41.56899999998859,103.535,1789798530.900376,gps_back
51.36800000000221,41.570000000006985,103.537,1789798531.000376,gps_back
51.429000000003725,41.59299999999348,103.537,1789798531.1003761,gps_back
51.49800000000687,41.60500000001048,103.536,1789798531.200376,gps_back
51.56750000000466,41.61699999999837,103.537,1789798531.300376,gps_back
51.637000000002445,41.62899999998626,103.539,1789798531.400376,gps_back
51.69800000000396,41.6304999999993,103.538,1789798531.500376,gps_back
51.767500000001746,41.642499999987194,103.536,1789798531.600376,gps_back
51.836999999999534,41.65450000000419,103.536,1789798531.7003758,gps_back
51.90649999999732,41.666499999992084,103.534,1789798531.800376,gps_back
51.96700000000419,41.67850000000908,103.534,1789798531.9003758,gps_back
52.03650000000198,41.69049999999697,103.536,1789798532.0003757,gps_back
52.09750000000349,41.70250000001397,103.533,1789798532.100376,gps_back
52.16700000000128,41.71499999999651,103.531,1789798532.2003758,gps_back
52.23649999999907,41.727000000013504,103.529,1789798532.3003757,gps_back
52.29700000000594,41.7390000000014,103.529,1789798532.4003756,gps_back
52.366500000003725,41.75099999998929,103.526,1789798532.5003757,gps_back
52.43600000000151,41.763000000006286,103.527,1789798532.6003757,gps_back
52.49649999999383,41.77499999999418,103.529,1789798532.7003756,gps_back
52.5570000000007,41.79800000000978,103.528,1789798532.8003755,gps_back
52.63550000000396,41.79899999999907,103.529,1789798532.9003756,gps_back
52.69650000000547,41.81099999998696,103.532,1789798533.0003755,gps_back
52.76549999999406,41.8234999999986,103.529,1789798533.1003754,gps_back
52.826499999995576,41.835499999986496,103.528,1789798533.2003756,gps_back
52.895999999993364,41.83650000000489,103.527,1789798533.3003755,gps_back
52.95650000000023,41.859499999991385,103.529,1789798533.4003754,gps_back
53.02599999999802,41.87150000000838,103.527,1789798533.5003753,gps_back
53.09549999999581,41.883499999996275,103.528,1789798533.6003754,gps_back
53.15649999999732,41.89550000001327,103.528,1789798533.7003753,gps_back
53.22599999999511,41.907500000001164,103.53,1789798533.8003752,gps_back
53.2954999999929,41.9090000000142,103.53,1789798533.9003754,gps_back
53.36500000000524,41.921000000002095,103.53,1789798534.0003753,gps_back
53.425499999997555,41.93299999998999,103.532,1789798534.1003752,gps_back
53.48649999999907,41.945000000006985,103.529,1789798534.200375,gps_back
53.55599999999686,41.945999999996275,103.529,1789798534.3003752,gps_back
53.625499999994645,41.958500000007916,103.53,1789798534.4003751,gps_back
53.68649999999616,41.959499999997206,103.53,1789798534.500375,gps_back
53.755999999993946,41.9715000000142,103.531,1789798534.600375,gps_back
53.816500000000815,41.983500000002095,103.533,1789798534.700375,gps_back
53.8859999999986,41.99549999998999,103.531,1789798534.800375,gps_back
53.95549999999639,41.99700000000303,103.529,1789798534.900375,gps_back
54.02499999999418,42.00899999999092,103.526,1789798535.000375,gps_back
54.09450000000652,42.021000000007916,103.526,1789798535.100375,gps_back
54.15549999999348,42.03299999999581,103.524,1789798535.2003748,gps_back
54.22500000000582,42.045000000012806,103.528,1789798535.3003747,gps_back
54.29399999999441,42.05749999999534,103.523,1789798535.400375,gps_back
54.354999999995925,42.06899999998859,103.522,1789798535.5003748,gps_back
54.424499999993714,42.08150000000023,103.518,1789798535.6003747,gps_back
54.494000000006054,42.093499999988126,103.517,1789798535.7003746,gps_back
54.55449999999837,42.10550000000512,103.517,1789798535.8003747,gps_back
54.62399999999616,42.10649999999441,103.513,1789798535.9003747,gps_back
54.68499999999767,42.11850000001141,103.511,1789798536.0003746,gps_back
54.75449999999546,42.1304999999993,103.512,1789798536.1003747,gps_back
54.82399999999325,42.14300000001094,103.512,1789798536.2003746,gps_back
54.884500000000116,42.154999999998836,103.512,1789798536.3003745,gps_back
54.953999999997905,42.16699999998673,103.511,1789798536.4003744,gps_back
55.01499999999942,42.179000000003725,103.508,1789798536.5003746,gps_back
55.084499999997206,42.19099999999162,103.508,1789798536.6003745,gps_back
55.145000000004075,42.19200000001001,103.507,1789798536.7003744,gps_back
55.21450000000186,42.203999999997905,103.508,1789798536.8003745,gps_back
55.28399999999965,42.216500000009546,103.51,1789798536.9003744,gps_back
55.345000000001164,42.22849999999744,103.507,1789798537.0003743,gps_back
55.41449999999895,42.240500000014435,103.505,1789798537.1003742,gps_back
55.47500000000582,42.25250000000233,103.503,1789798537.2003744,gps_back
55.54450000000361,42.26449999999022,103.499,1789798537.3003743,gps_back
55.6140000000014,42.265500000008615,103.499,1789798537.4003742,gps_back
55.67500000000291,42.27749999999651,103.5,1789798537.500374,gps_back
55.7445000000007,42.29000000000815,103.502,1789798537.6003742,gps_back
55.81399999999849,42.30199999999604,103.501,1789798537.7003741,gps_back
55.874500000005355,42.31400000001304,103.502,1789798537.800374,gps_back
55.94400000000314,42.32600000000093,103.502,1789798537.9003742,gps_back
56.00449999999546,42.337999999988824,103.498,1789798538.000374,gps_back
56.074500000002445,42.33900000000722,103.498,1789798538.100374,gps_back
56.14400000000023,42.351499999989755,103.497,1789798538.200374,gps_back
56.21349999999802,42.36350000000675,103.496,1789798538.300374,gps_back
56.27400000000489,42.375499999994645,103.497,1789798538.400374,gps_back
56.34350000000268,42.38750000001164,103.497,1789798538.5003738,gps_back
56.413000000000466,42.399499999999534,103.496,1789798538.600374,gps_back
56.47349999999278,42.41149999998743,103.49300000000001,1789798538.700374,gps_back
56.534499999994296,42.423500000004424,103.49300000000001,1789798538.8003738,gps_back
56.604000000006636,42.43549999999232,103.491,1789798538.9003737,gps_back
56.673500000004424,42.44750000000931,103.492,1789798539.0003738,gps_back
56.73399999999674,42.44899999999325,103.492,1789798539.1003737,gps_back
56.80349999999453,42.461000000010245,103.495,1789798539.2003736,gps_back
56.87300000000687,42.47299999999814,103.496,1789798539.3003736,gps_back
56.93399999999383,42.47399999998743,103.498,1789798539.4003737,gps_back
57.00350000000617,42.48649999999907,103.5,1789798539.5003736,gps_back
57.06449999999313,42.49799999999232,103.5,1789798539.6003735,gps_back
57.133499999996275,42.51050000000396,103.498,1789798539.7003736,gps_back
57.20299999999406,42.52249999999185,103.496,1789798539.8003736,gps_back
57.263999999995576,42.53450000000885,103.49300000000001,1789798539.9003735,gps_back
57.333499999993364,42.54649999999674,103.49300000000001,1789798540.0003734,gps_back
57.39449999999488,42.54749999998603,103.495,1789798540.1003735,gps_back
57.46349999999802,42.55950000000303,103.494,1789798540.2003734,gps_back
57.53299999999581,42.571999999985565,103.496,1789798540.3003733,gps_back
57.59399999999732,42.58400000000256,103.497,1789798540.4003732,gps_back
57.66349999999511,42.595999999990454,103.494,1789798540.5003734,gps_back
57.72400000000198,42.60800000000745,103.492,1789798540.6003733,gps_back
57.79349999999977,42.61999999999534,103.49300000000001,1789798540.7003732,gps_back
57.85450000000128,42.63200000001234,103.491,1789798540.8003733,gps_back
57.92399999999907,42.64400000000023,103.49000000000001,1789798540.9003732,gps_back
57.98450000000594,42.655999999988126,103.488,1789798541.0003731,gps_back
58.054000000003725,42.66800000000512,103.488,1789798541.100373,gps_back
58.11449999999604,42.679999999993015,103.48700000000001,1789798541.2003732,gps_back
58.18399999999383,42.69200000001001,103.48400000000001,1789798541.300373,gps_back
58.24499999999534,42.703999999997905,103.49000000000001,1789798541.400373,gps_back
58.31449999999313,42.716500000009546,103.494,1789798541.5003731,gps_back
58.375,42.72849999999744,103.49300000000001,1789798541.600373,gps_back
58.44449999999779,42.740500000014435,103.494,1789798541.700373,gps_back
58.5054999999993,42.75250000000233,103.496,1789798541.8003728,gps_back
58.574500000002445,42.76449999999022,103.494,1789798541.900373,gps_back
58.63550000000396,42.77650000000722,103.49300000000001,1789798542.000373,gps_back
58.705000000001746,42.78849999999511,103.494,1789798542.1003728,gps_back
58.76549999999406,42.80050000001211,103.492,1789798542.2003727,gps_back
58.826499999995576,42.8125,103.494,1789798542.3003728,gps_back
58.88749999999709,42.81349999998929,103.492,1789798542.4003727,gps_back
58.95699999999488,42.825500000006286,103.492,1789798542.5003726,gps_back
59.017500000001746,42.83749999999418,103.491,1789798542.6003728,gps_back
59.086999999999534,42.849500000011176,103.49300000000001,1789798542.7003727,gps_back
59.1475000000064,42.86149999999907,103.489,1789798542.8003726,gps_back
59.208499999993364,42.87349999998696,103.49000000000001,1789798542.9003725,gps_back
59.278000000005704,42.88550000000396,103.492,1789798543.0003726,gps_back
59.34750000000349,42.897999999986496,103.489,1789798543.1003726,gps_back
59.40799999999581,42.91000000000349,103.489,1789798543.2003725,gps_back
59.4774999999936,42.921999999991385,103.49000000000001,1789798543.3003726,gps_back
59.53849999999511,42.93400000000838,103.494,1789798543.4003725,gps_back
59.6079999999929,42.945999999996275,103.494,1789798543.5003724,gps_back
59.66849999999977,42.95800000001327,103.494,1789798543.6003723,gps_back
59.729000000006636,42.970000000001164,103.495,1789798543.7003725,gps_back
59.798500000004424,42.98199999998906,103.494,1789798543.8003724,gps_back
59.86800000000221,42.994000000006054,103.495,1789798543.9003723,gps_back
59.929000000003725,43.005999999993946,103.496,1789798544.0003722,gps_back
59.99000000000524,43.00700000001234,103.496,1789798544.1003723,gps_back
60.05950000000303,43.01949999999488,103.495,1789798544.2003722,gps_back
60.11999999999534,43.031500000011874,103.495,1789798544.3003721,gps_back
60.18949999999313,43.04349999999977,103.497,1789798544.4003723,gps_back
60.25,43.05549999998766,103.495,1789798544.5003722,gps_back
60.320000000006985,43.056500000006054,103.496,1789798544.600372,gps_back
60.38950000000477,43.05799999998999,103.502,1789798544.700372,gps_back
60.44999999999709,43.070000000006985,103.505,1789798544.8003721,gps_back
60.520000000004075,43.070999999996275,103.503,1789798544.900372,gps_back
60.58950000000186,43.07250000000931,103.502,1789798545.000372,gps_back
60.65899999999965,43.084499999997206,103.504,1789798545.1003718,gps_back
60.72849999999744,43.0965000000142,103.501,1789798545.200372,gps_back
60.78900000000431,43.108500000002095,103.499,1789798545.300372,gps_back
60.85000000000582,43.12049999998999,103.497,1789798545.4003718,gps_back
60.91950000000361,43.132500000006985,103.496,1789798545.500372,gps_back
60.9890000000014,43.14449999999488,103.494,1789798545.6003718,gps_back
61.05000000000291,43.146000000007916,103.496,1789798545.7003717,gps_back
61.31900000000314,43.18299999998999,103.497,1789798546.1003716,gps_back
61.38000000000466,43.195000000006985,103.492,1789798546.2003717,gps_back
61.51900000000023,43.208500000007916,103.489,1789798546.4003716,gps_back
61.5795000000071,43.22049999999581,103.48700000000001,1789798546.5003715,gps_back
61.649499999999534,43.22200000000885,103.488,1789798546.6003716,gps_back
61.7100000000064,43.233500000002095,103.488,1789798546.7003715,gps_back
61.77950000000419,43.24600000001374,103.486,1789798546.8003714,gps_back
61.84900000000198,43.24700000000303,103.486,1789798546.9003713,gps_back
61.97950000000128,43.271000000007916,103.489,1789798547.1003714,gps_back
62.048500000004424,43.283499999990454,103.488,1789798547.2003713,gps_back
62.10950000000594,43.28450000000885,103.489,1789798547.3003714,gps_back
62.179000000003725,43.29649999999674,103.48400000000001,1789798547.4003713,gps_back
62.24850000000151,43.30850000001374,103.48400000000001,1789798547.5003712,gps_back
62.37050000000454,43.32149999999092,103.48400000000001,1789798547.7003713,gps_back
62.4484999999986,43.33400000000256,103.485,1789798547.8003712,gps_back
62.509500000000116,43.33499999999185,103.483,1789798547.900371,gps_back
62.578999999997905,43.34700000000885,103.482,1789798548.0003712,gps_back
62.709499999997206,43.349500000011176,103.482,1789798548.200371,gps_back
62.77850000000035,43.37249999999767,103.47800000000001,1789798548.300371,gps_back
62.84849999999278,43.37349999998696,103.474,1789798548.400371,gps_back
62.917499999995925,43.3859999999986,103.476,1789798548.500371,gps_back
62.97849999999744,43.38699999998789,103.47500000000001,1789798548.600371,gps_back
63.048500000004424,43.388000000006286,103.47500000000001,1789798548.7003708,gps_back
63.11800000000221,43.400499999988824,103.47200000000001,1789798548.800371,gps_back
63.1875,43.40150000000722,103.476,1789798548.9003708,gps_back
63.24800000000687,43.41349999999511,103.477,1789798549.0003707,gps_back
63.3179999999993,43.41500000000815,103.476,1789798549.100371,gps_back
63.37850000000617,43.4265000000014,103.47800000000001,1789798549.2003708,gps_back
63.44800000000396,43.428000000014435,103.47500000000001,1789798549.3003707,gps_back
63.51799999999639,43.429000000003725,103.474,1789798549.4003706,gps_back
63.578999999997905,43.43049999998766,103.473,1789798549.5003707,gps_back
63.64849999999569,43.431500000006054,103.471,1789798549.6003706,gps_back
63.71799999999348,43.43299999998999,103.47,1789798549.7003706,gps_back
63.78750000000582,43.43400000000838,103.46900000000001,1789798549.8003705,gps_back
63.857499999998254,43.424499999993714,103.467,1789798549.9003706,gps_back
63.92699999999604,43.42550000001211,103.468,1789798550.0003705,gps_back
63.99700000000303,43.41599999999744,103.46300000000001,1789798550.1003704,gps_back
64.05800000000454,43.406500000011874,103.461,1789798550.2003706,gps_back
64.12799999999697,43.407500000001164,103.461,1789798550.3003705,gps_back
64.19749999999476,43.397999999986496,103.46000000000001,1789798550.4003704,gps_back
64.26750000000175,43.38850000000093,103.461,1789798550.5003703,gps_back
64.33749999999418,43.37899999998626,103.462,1789798550.6003704,gps_back
64.40700000000652,43.369000000006054,103.45700000000001,1789798550.7003703,gps_back
64.47699999999895,43.34849999999278,103.458,1789798550.8003702,gps_back
64.53849999999511,43.33900000000722,103.455,1789798550.9003704,gps_back
64.6085000000021,43.318499999993946,103.45700000000001,1789798551.0003703,gps_back
64.66950000000361,43.29800000000978,103.456,1789798551.1003702,gps_back
64.73099999999977,43.288000000000466,103.45400000000001,1789798551.20037,gps_back
64.86199999999371,43.24700000000303,103.456,1789798551.4003701,gps_back
64.9320000000007,43.226499999989755,103.45700000000001,1789798551.50037,gps_back
65.00250000000233,43.20600000000559,103.46000000000001,1789798551.60037,gps_back
65.06350000000384,43.18549999999232,103.455,1789798551.70037,gps_back
65.13349999999627,43.16500000000815,103.456,1789798551.80037,gps_back
65.19500000000698,43.154999999998836,103.452,1789798551.90037,gps_back
65.26499999999942,43.134499999985565,103.452,1789798552.00037,gps_back
65.32600000000093,43.1140000000014,103.45,1789798552.10037,gps_back
65.39599999999336,43.093499999988126,103.44800000000001,1789798552.2003698,gps_back
65.52749999999651,43.05249999999069,103.443,1789798552.40037,gps_back
65.58900000000722,43.03200000000652,103.44500000000001,1789798552.5003698,gps_back
65.65899999999965,43.01149999999325,103.446,1789798552.6003697,gps_back
65.72000000000116,42.99100000000908,103.441,1789798552.7003698,gps_back
65.78200000000652,42.959499999997206,103.44200000000001,1789798552.8003697,gps_back
65.84350000000268,42.928000000014435,103.43900000000001,1789798552.9003696,gps_back
65.90499999999884,42.89650000000256,103.438,1789798553.0003695,gps_back
65.966499999995,42.86499999999069,103.43900000000001,1789798553.1003697,gps_back
66.01900000000023,42.83300000001327,103.43900000000001,1789798553.2003696,gps_back
66.08100000000559,42.79099999999744,103.43900000000001,1789798553.3003695,gps_back
66.14250000000175,42.759499999985565,103.443,1789798553.4003694,gps_back
66.19500000000698,42.72750000000815,103.444,1789798553.5003695,gps_back
66.25699999999779,42.68549999999232,103.44500000000001,1789798553.6003695,gps_back
66.30999999999767,42.6534999999858,103.441,1789798553.7003694,gps_back
66.37149999999383,42.61149999999907,103.435,1789798553.8003695,gps_back
66.42449999999371,42.57949999999255,103.437,1789798553.9003694,gps_back
66.48600000000442,42.53750000000582,103.437,1789798554.0003693,gps_back
66.53900000000431,42.5054999999993,103.434,1789798554.1003692,gps_back
66.59200000000419,42.462999999988824,103.435,1789798554.2003694,gps_back
66.64500000000407,42.42050000000745,103.433,1789798554.3003693,gps_back
66.70650000000023,42.37849999999162,103.432,1789798554.4003692,gps_back
66.75100000000384,42.335499999986496,103.43,1789798554.5003693,gps_back
66.80400000000373,42.29300000000512,103.426,1789798554.6003692,gps_back
66.84799999999814,42.250499999994645,103.43,1789798554.7003691,gps_back
66.90099999999802,42.20800000001327,103.429,1789798554.800369,gps_back
66.9545000000071,42.15450000000419,103.429,1789798554.9003692,gps_back
67.00750000000698,42.111999999993714,103.434,1789798555.000369,gps_back
67.05199999999604,42.06950000001234,103.435,1789798555.100369,gps_back
67.14049999999406,41.97299999999814,103.43900000000001,1789798555.300369,gps_back
67.23799999999756,41.87700000000768,103.435,1789798555.5003688,gps_back
67.29099999999744,41.834499999997206,103.437,1789798555.600369,gps_back
67.34399999999732,41.79199999998673,103.437,1789798555.700369,gps_back
67.45849999999336,41.71799999999348,103.438,1789798555.9003687,gps_back
67.51149999999325,41.68650000001071,103.435,1789798556.0003688,gps_back
67.56449999999313,41.64400000000023,103.433,1789798556.1003687,gps_back
67.6704999999929,41.570000000006985,103.427,1789798556.3003685,gps_back
67.71450000000186,41.52700000000186,103.427,1789798556.4003687,gps_back
67.75900000000547,41.47349999999278,103.421,1789798556.5003686,gps_back
67.80349999999453,41.420000000012806,103.421,1789798556.6003685,gps_back
67.84799999999814,41.366500000003725,103.426,1789798556.7003686,gps_back
67.89250000000175,41.312999999994645,103.423,1789798556.8003685,gps_back
67.93700000000536,41.259499999985565,103.424,1789798556.9003685,gps_back
67.98149999999441,41.21700000000419,103.426,1789798557.0003684,gps_back
68.01750000000175,41.163000000000466,103.424,1789798557.1003685,gps_back
68.06200000000536,41.109499999991385,103.425,1789798557.2003684,gps_back
68.09750000000349,41.05600000001141,103.422,1789798557.3003683,gps_back
68.13349999999627,41.00250000000233,103.421,1789798557.4003685,gps_back
68.17799999999988,40.94899999999325,103.42,1789798557.5003684,gps_back
68.20500000000175,40.89499999998952,103.417,1789798557.6003683,gps_back
68.24099999999453,40.841500000009546,103.413,1789798557.7003682,gps_back
68.27700000000186,40.77650000000722,103.415,1789798557.8003683,gps_back
68.3125,40.72299999999814,103.412,1789798557.9003682,gps_back
68.34849999999278,40.66949999998906,103.412,1789798558.000368,gps_back
68.38400000000547,40.615500000014435,103.412,1789798558.100368,gps_back
68.41150000000198,40.55100000000675,103.414,1789798558.2003682,gps_back
68.44749999999476,40.49749999999767,103.41,1789798558.300368,gps_back
68.4829999999929,40.443499999993946,103.415,1789798558.400368,gps_back
68.51900000000023,40.39000000001397,103.416,1789798558.500368,gps_back
68.5460000000021,40.32500000001164,103.419,1789798558.600368,gps_back
68.58199999999488,40.27150000000256,103.417,1789798558.700368,gps_back
68.62649999999849,40.21799999999348,103.417,1789798558.8003678,gps_back
68.66250000000582,40.164500000013504,103.417,1789798558.900368,gps_back
68.69800000000396,40.11050000000978,103.414,1789798559.0003679,gps_back
68.74249999999302,40.0570000000007,103.411,1789798559.1003678,gps_back
68.78699999999662,40.00349999999162,103.41,1789798559.200368,gps_back
68.83150000000023,39.95000000001164,103.41,1789798559.3003678,gps_back
68.8585000000021,39.896000000007916,103.405,1789798559.4003677,gps_back
68.89449999999488,39.842499999998836,103.408,1789798559.5003676,gps_back
68.93050000000221,39.77799999999115,103.413,1789798559.6003678,gps_back
68.94899999999325,39.712999999988824,103.411,1789798559.7003677,gps_back
68.98500000000058,39.65950000000885,103.412,1789798559.8003676,gps_back
69.00350000000617,39.59450000000652,103.411,1789798559.9003675,gps_back
69.03049999999348,39.529999999998836,103.41,1789798560.0003676,gps_back
69.04899999999907,39.47599999999511,103.409,1789798560.1003675,gps_back
69.06750000000466,39.41099999999278,103.406,1789798560.2003675,gps_back
69.08650000000489,39.345999999990454,103.411,1789798560.3003676,gps_back
69.11350000000675,39.281500000011874,103.414,1789798560.4003675,gps_back
69.13199999999779,39.216500000009546,103.414,1789798560.5003674,gps_back
69.1594999999943,39.15200000000186,103.419,1789798560.6003673,gps_back
69.17799999999988,39.09799999999814,103.421,1789798560.7003675,gps_back
69.19650000000547,39.03299999999581,103.421,1789798560.8003674,gps_back
69.21499999999651,38.96799999999348,103.421,1789798560.9003673,gps_back
69.2335000000021,38.9034999999858,103.419,1789798561.0003674,gps_back
69.25199999999313,38.83850000001257,103.421,1789798561.1003673,gps_back
69.27049999999872,38.78450000000885,103.423,1789798561.2003672,gps_back
69.28949999999895,38.70900000000256,103.419,1789798561.300367,gps_back
69.29899999999907,38.65450000000419,103.416,1789798561.4003673,gps_back
69.30899999999383,38.58950000000186,103.412,1789798561.5003672,gps_back
69.32749999999942,38.524499999999534,103.413,1789798561.600367,gps_back
69.33749999999418,38.459499999997206,103.409,1789798561.700367,gps_back
69.3469999999943,38.39449999999488,103.407,1789798561.800367,gps_back
69.35700000000361,38.32949999999255,103.406,1789798561.900367,gps_back
69.36699999999837,38.26449999999022,103.41,1789798562.000367,gps_back
69.37699999999313,38.18900000001304,103.411,1789798562.100367,gps_back
69.38700000000244,38.12400000001071,103.414,1789798562.200367,gps_back
69.39800000000105,37.99350000001141,103.415,1789798562.4003668,gps_back
69.40799999999581,37.92850000000908,103.418,1789798562.500367,gps_back
69.40899999999965,37.86350000000675,103.416,1789798562.6003668,gps_back
69.41899999999441,37.798500000004424,103.416,1789798562.7003667,gps_back
69.41999999999825,37.73300000000745,103.417,1789798562.8003666,gps_back
69.42149999999674,37.66800000000512,103.417,1789798562.9003668,gps_back
69.43099999999686,37.603000000002794,103.417,1789798563.0003667,gps_back
69.42350000000442,37.53750000000582,103.416,1789798563.1003666,gps_back
69.43349999999919,37.461999999999534,103.417,1789798563.2003667,gps_back
69.43499999999767,37.39650000000256,103.412,1789798563.3003666,gps_back
69.43600000000151,37.33150000000023,103.406,1789798563.4003665,gps_back
69.44599999999627,37.266499999997905,103.403,1789798563.5003664,gps_back
69.45600000000559,37.201499999995576,103.399,1789798563.6003666,gps_back
69.4655000000057,37.13649999999325,103.401,1789798563.7003665,gps_back
69.47550000000047,37.06049999999232,103.4,1789798563.8003664,gps_back
69.49400000000605,37.00649999998859,103.395,1789798563.9003665,gps_back
69.50400000000081,36.93049999998766,103.393,1789798564.0003664,gps_back
69.52300000000105,36.86600000000908,103.397,1789798564.1003664,gps_back
69.53250000000116,36.80100000000675,103.397,1789798564.2003663,gps_back
69.54249999999593,36.72500000000582,103.4,1789798564.3003664,gps_back
69.54349999999977,36.67050000000745,103.402,1789798564.4003663,gps_back
69.54499999999825,36.59450000000652,103.404,1789798564.5003662,gps_back
69.55499999999302,36.51850000000559,103.405,1789798564.600366,gps_back
69.56500000000233,36.45350000000326,103.401,1789798564.7003663,gps_back
69.57499999999709,36.38850000000093,103.398,1789798564.8003662,gps_back
69.57600000000093,36.3234999999986,103.4,1789798564.900366,gps_back
69.58599999999569,36.258499999996275,103.398,1789798565.0003662,gps_back
69.60450000000128,36.18299999998999,103.397,1789798565.100366,gps_back
69.61449999999604,36.117499999993015,103.392,1789798565.200366,gps_back
69.61549999999988,36.06349999998929,103.394,1789798565.300366,gps_back
69.63499999999476,35.9659999999858,103.405,1789798565.400366,gps_back
69.62699999999313,35.900499999988824,103.413,1789798565.500366,gps_back
69.5850000000064,35.834499999997206,103.421,1789798565.6003659,gps_back
69.59500000000116,35.74799999999232,103.422,1789798565.700366,gps_back
69.64100000000326,35.607500000012806,103.437,1789798565.9003658,gps_back
69.64250000000175,35.54250000001048,103.45100000000001,1789798566.0003657,gps_back
69.65249999999651,35.47750000000815,103.447,1789798566.1003659,gps_back
69.66199999999662,35.41250000000582,103.444,1789798566.2003658,gps_back
69.67200000000594,35.34750000000349,103.444,1789798566.3003657,gps_back
69.68150000000605,35.29300000000512,103.43,1789798566.4003656,gps_back
69.69150000000081,35.228000000002794,103.44200000000001,1789798566.5003657,gps_back
69.70149999999558,35.163000000000466,103.443,1789798566.6003656,gps_back
69.70249999999942,35.10899999999674,103.437,1789798566.7003655,gps_back
69.7039999999979,35.03299999999581,103.43900000000001,1789798566.8003657,gps_back
69.71349999999802,34.96799999999348,103.431,1789798566.9003656,gps_back
69.72349999999278,34.90299999999115,103.433,1789798567.0003655,gps_back
69.7335000000021,34.837999999988824,103.434,1789798567.1003654,gps_back
69.74349999999686,34.77249999999185,103.432,1789798567.2003655,gps_back
69.7445000000007,34.70749999998952,103.433,1789798567.3003654,gps_back
69.75400000000081,34.6534999999858,103.424,1789798567.4003654,gps_back
69.80749999999534,34.58900000000722,103.38,1789798567.5003655,gps_back
69.80899999999383,34.513000000006286,103.382,1789798567.6003654,gps_back
69.82749999999942,34.45900000000256,103.381,1789798567.7003653,gps_back
69.83699999999953,34.39400000000023,103.384,1789798567.8003652,gps_back
69.85599999999977,34.32949999999255,103.389,1789798567.9003654,gps_back
69.86549999999988,34.26449999999022,103.387,1789798568.0003653,gps_back
69.88400000000547,34.19949999998789,103.389,1789798568.1003652,gps_back
69.89400000000023,34.14499999998952,103.389,1789798568.200365,gps_back
69.91400000000431,34.00450000001001,103.389,1789798568.400365,gps_back
69.92399999999907,33.93950000000768,103.389,1789798568.500365,gps_back
69.93349999999919,33.88500000000931,103.392,1789798568.6003652,gps_back
69.95200000000477,33.82050000000163,103.389,1789798568.700365,gps_back
69.96199999999953,33.7445000000007,103.387,1789798568.800365,gps_back
69.9719999999943,33.67949999999837,103.386,1789798568.9003649,gps_back
70.04349999999977,33.571999999985565,103.389,1789798569.100365,gps_back
70.0795000000071,33.51850000000559,103.39,1789798569.2003648,gps_back
70.15050000000338,33.43249999999534,103.422,1789798569.4003649,gps_back
70.24850000000151,33.32600000000093,103.426,1789798569.6003647,gps_back
70.24049999999988,33.27150000000256,103.434,1789798569.7003648,gps_back
70.24199999999837,33.19550000000163,103.428,1789798569.8003647,gps_back
70.27000000000407,33.076499999995576,103.409,1789798570.0003645,gps_back
70.28900000000431,33.01149999999325,103.47,1789798570.1003647,gps_back
70.2899999999936,32.95699999999488,103.45,1789798570.2003646,gps_back
70.29949999999371,32.89199999999255,103.455,1789798570.3003645,gps_back
70.30950000000303,32.82699999999022,103.45,1789798570.4003646,gps_back
70.31949999999779,32.76199999998789,103.468,1789798570.5003645,gps_back
70.33800000000338,32.69750000000931,103.449,1789798570.6003644,gps_back
70.34799999999814,32.63200000001234,103.44200000000001,1789798570.7003644,gps_back
70.35749999999825,32.56700000001001,103.452,1789798570.8003645,gps_back
70.36749999999302,32.50200000000768,103.44800000000001,1789798570.9003644,gps_back
70.37750000000233,32.437000000005355,103.449,1789798571.0003643,gps_back
70.38749999999709,32.37200000000303,103.446,1789798571.1003642,gps_back
70.38850000000093,32.3070000000007,103.443,1789798571.2003644,gps_back
70.40700000000652,32.24199999999837,103.446,1789798571.3003643,gps_back
70.41700000000128,32.17699999999604,103.447,1789798571.4003642,gps_back
70.2725000000064,31.978999999992084,103.375,1789798571.5003643,gps_back
70.28250000000116,31.902999999991152,103.373,1789798571.6003642,gps_back
70.29249999999593,31.837999999988824,103.36800000000001,1789798571.700364,gps_back
70.30250000000524,31.772999999986496,103.366,1789798571.800364,gps_back
70.3125,31.696999999985565,103.367,1789798571.9003642,gps_back
70.32249999999476,31.63200000001234,103.363,1789798572.000364,gps_back
70.33199999999488,31.56700000001001,103.361,1789798572.100364,gps_back
70.34200000000419,31.502000000007683,103.35900000000001,1789798572.200364,gps_back
70.35199999999895,31.437000000005355,103.36500000000001,1789798572.300364,gps_back
70.36199999999371,31.361000000004424,103.363,1789798572.400364,gps_back
70.37200000000303,31.296000000002095,103.367,1789798572.5003638,gps_back
70.38199999999779,31.230999999999767,103.369,1789798572.600364,gps_back
70.3914999999979,31.16599999999744,103.372,1789798572.7003639,gps_back
70.41000000000349,31.101499999989755,103.376,1789798572.8003638,gps_back
70.41999999999825,31.036499999987427,103.376,1789798572.9003637,gps_back
70.42999999999302,30.960499999986496,103.378,1789798573.0003638,gps_back
70.44000000000233,30.89550000001327,103.38,1789798573.1003637,gps_back
70.44999999999709,30.830500000010943,103.38,1789798573.2003636,gps_back
70.4600000000064,30.75450000001001,103.375,1789798573.3003638,gps_back
70.46950000000652,30.700500000006286,103.369,1789798573.4003637,gps_back
70.47999999999593,30.624500000005355,103.366,1789798573.5003636,gps_back
70.48949999999604,30.559500000003027,103.36200000000001,1789798573.6003635,gps_back
70.49950000000536,30.4945000000007,103.358,1789798573.7003636,gps_back
70.50950000000012,30.42949999999837,103.354,1789798573.8003635,gps_back
70.51949999999488,30.364499999996042,103.354,1789798573.9003634,gps_back
70.528999999995,30.299499999993714,103.352,1789798574.0003636,gps_back
70.53900000000431,30.223499999992782,103.352,1789798574.1003635,gps_back
70.54899999999907,30.169499999989057,103.35600000000001,1789798574.2003634,gps_back
70.55899999999383,30.10449999998673,103.357,1789798574.3003633,gps_back
70.56900000000314,30.028499999985797,103.358,1789798574.4003634,gps_back
70.57850000000326,29.963500000012573,103.357,1789798574.5003633,gps_back
70.58849999999802,29.898500000010245,103.355,1789798574.6003633,gps_back
70.59849999999278,29.833500000007916,103.354,1789798574.7003632,gps_back
70.6085000000021,29.768500000005588,103.35300000000001,1789798574.8003633,gps_back
70.61800000000221,29.70350000000326,103.348,1789798574.9003632,gps_back
70.62799999999697,29.63850000000093,103.346,1789798575.000363,gps_back
70.63800000000629,29.573499999998603,103.346,1789798575.1003633,gps_back
70.64800000000105,29.508499999996275,103.346,1789798575.2003632,gps_back
70.65799999999581,29.443499999993946,103.34400000000001,1789798575.300363,gps_back
70.66800000000512,29.367499999993015,103.342,1789798575.400363,gps_back
70.67750000000524,29.302499999990687,103.342,1789798575.500363,gps_back
70.67849999999453,29.247999999992317,103.34,1789798575.600363,gps_back
70.69749999999476,29.183500000013737,103.34100000000001,1789798575.700363,gps_back
70.6984999999986,29.107500000012806,103.34,1789798575.800363,gps_back
70.70849999999336,29.04199999998673,103.34,1789798575.900363,gps_back
70.71850000000268,28.977000000013504,103.337,1789798576.0003629,gps_back
70.72849999999744,28.912000000011176,103.33800000000001,1789798576.1003628,gps_back
70.73799999999756,28.847000000008848,103.334,1789798576.200363,gps_back
70.75699999999779,28.77150000000256,103.33500000000001,1789798576.3003628,gps_back
70.75800000000163,28.706500000000233,103.33800000000001,1789798576.4003627,gps_back
70.76799999999639,28.641499999997905,103.337,1789798576.5003629,gps_back
70.7780000000057,28.565499999996973,103.334,1789798576.6003628,gps_back
70.79649999999674,28.500499999994645,103.331,1789798576.7003627,gps_back
70.80650000000605,28.435499999992317,103.33,1789798576.8003626,gps_back
70.80749999999534,28.37049999998999,103.32900000000001,1789798576.9003627,gps_back
70.81750000000466,28.30549999998766,103.328,1789798577.0003626,gps_back
70.82749999999942,28.240500000014435,103.327,1789798577.1003625,gps_back
70.83749999999418,28.164500000013504,103.32600000000001,1789798577.2003624,gps_back
70.84750000000349,28.099500000011176,103.33,1789798577.3003626,gps_back
70.85749999999825,28.034500000008848,103.32900000000001,1789798577.4003625,gps_back
70.86699999999837,27.96950000000652,103.32900000000001,1789798577.5003624,gps_back
70.87699999999313,27.90450000000419,103.33,1789798577.6003625,gps_back
70.89549999999872,27.839500000001863,103.32900000000001,1789798577.7003624,gps_back
70.90549999999348,27.774499999999534,103.32900000000001,1789798577.8003623,gps_back
70.9155000000028,27.698499999998603,103.327,1789798577.9003623,gps_back
70.93399999999383,27.63399999999092,103.327,1789798578.0003624,gps_back
70.96249999999418,27.503999999986263,103.33,1789798578.2003622,gps_back
70.97250000000349,27.43900000001304,103.32600000000001,1789798578.300362,gps_back
70.98249999999825,27.37400000001071,103.324,1789798578.4003623,gps_back
71.00100000000384,27.309000000008382,103.32000000000001,1789798578.5003622,gps_back
71.01949999999488,27.244000000006054,103.318,1789798578.600362,gps_back
71.02950000000419,27.179000000003725,103.321,1789798578.7003622,gps_back
71.03949999999895,27.114000000001397,103.322,1789798578.800362,gps_back
71.05800000000454,27.049499999993714,103.321,1789798578.900362,gps_back
71.06750000000466,26.98399999999674,103.32000000000001,1789798579.000362,gps_back
71.08650000000489,26.919499999989057,103.31700000000001,1789798579.100362,gps_back
71.096000000005,26.85449999998673,103.316,1789798579.200362,gps_back
71.11500000000524,26.789500000013504,103.32000000000001,1789798579.3003619,gps_back
71.12450000000536,26.724500000011176,103.325,1789798579.400362,gps_back
71.13450000000012,26.659500000008848,103.32600000000001,1789798579.500362,gps_back
71.1530000000057,26.59450000000652,103.32300000000001,1789798579.6003618,gps_back
71.16300000000047,26.52950000000419,103.321,1789798579.7003617,gps_back
71.16400000000431,26.464500000001863,103.321,1789798579.8003619,gps_back
71.17399999999907,26.399499999999534,103.32000000000001,1789798579.9003618,gps_back
71.18399999999383,26.334499999997206,103.322,1789798580.0003617,gps_back
71.19400000000314,26.269499999994878,103.321,1789798580.1003616,gps_back
71.20350000000326,26.20449999999255,103.32000000000001,1789798580.2003617,gps_back
71.23200000000361,26.074499999987893,103.311,1789798580.4003615,gps_back
71.24199999999837,26.009499999985565,103.308,1789798580.5003617,gps_back
71.25199999999313,25.94450000001234,103.306,1789798580.6003616,gps_back
71.26200000000244,25.87950000001001,103.306,1789798580.7003615,gps_back
71.27150000000256,25.814500000007683,103.309,1789798580.8003614,gps_back
71.28149999999732,25.749500000005355,103.309,1789798580.9003615,gps_back
71.29150000000664,25.684500000003027,103.309,1789798581.0003614,gps_back
71.3015000000014,25.6195000000007,103.307,1789798581.1003613,gps_back
71.31100000000151,25.55449999999837,103.309,1789798581.2003615,gps_back
71.32150000000547,25.47849999999744,103.312,1789798581.3003614,gps_back
71.33100000000559,25.41349999999511,103.311,1789798581.4003613,gps_back
71.34100000000035,25.348499999992782,103.311,1789798581.5003612,gps_back
71.35099999999511,25.283499999990454,103.311,1789798581.6003613,gps_back
71.36100000000442,25.218499999988126,103.309,1789798581.7003613,gps_back
71.37949999999546,25.142499999987194,103.308,1789798581.8003612,gps_back
71.38950000000477,25.07750000001397,103.307,1789798581.900361,gps_back
71.39049999999406,25.01250000001164,103.305,1789798582.0003612,gps_back
71.40050000000338,24.947500000009313,103.305,1789798582.100361,gps_back
71.41899999999441,24.882500000006985,103.305,1789798582.200361,gps_back
71.42900000000373,24.817500000004657,103.301,1789798582.3003612,gps_back
71.43899999999849,24.74199999999837,103.299,1789798582.400361,gps_back
71.44899999999325,24.676500000001397,103.301,1789798582.500361,gps_back
71.45900000000256,24.61149999999907,103.299,1789798582.6003609,gps_back
71.46899999999732,24.535999999992782,103.298,1789798582.700361,gps_back
71.47849999999744,24.470999999990454,103.3,1789798582.800361,gps_back
71.48850000000675,24.405999999988126,103.3,1789798582.9003608,gps_back
71.49850000000151,24.340999999985797,103.3,1789798583.000361,gps_back
71.50849999999627,24.276000000012573,103.302,1789798583.1003609,gps_back
71.51799999999639,24.211000000010245,103.304,1789798583.2003608,gps_back
71.5280000000057,24.146000000007916,103.3,1789798583.3003607,gps_back
71.53800000000047,24.080500000010943,103.297,1789798583.4003608,gps_back
71.54750000000058,24.026500000007218,103.295,1789798583.5003607,gps_back
71.55749999999534,23.96150000000489,103.293,1789798583.6003606,gps_back
71.57600000000093,23.89650000000256,103.293,1789798583.7003605,gps_back
71.57749999999942,23.831500000000233,103.291,1789798583.8003607,gps_back
71.596000000005,23.766499999997905,103.293,1789798583.9003606,gps_back
71.60599999999977,23.690999999991618,103.291,1789798584.0003605,gps_back
71.61599999999453,23.62599999998929,103.291,1789798584.1003606,gps_back
71.62549999999464,23.56099999998696,103.292,1789798584.2003605,gps_back
71.64549999999872,23.43049999998766,103.296,1789798584.4003603,gps_back
71.65549999999348,23.365500000014435,103.294,1789798584.5003605,gps_back
71.6649999999936,23.300500000012107,103.292,1789798584.6003604,gps_back
71.67500000000291,23.23550000000978,103.294,1789798584.7003603,gps_back
71.68499999999767,23.17050000000745,103.29,1789798584.8003602,gps_back
71.69500000000698,23.105500000005122,103.291,1789798584.9003603,gps_back
71.7045000000071,23.040500000002794,103.291,1789798585.0003603,gps_back
71.71450000000186,22.975500000000466,103.287,1789798585.1003602,gps_back
71.7335000000021,22.89999999999418,103.284,1789798585.2003603,gps_back
71.73450000000594,22.834499999997206,103.279,1789798585.3003602,gps_back
71.7445000000007,22.769499999994878,103.276,1789798585.40036,gps_back
71.76300000000629,22.704999999987194,103.277,1789798585.50036,gps_back
71.77300000000105,22.64000000001397,103.277,1789798585.6003602,gps_back
71.78299999999581,22.57500000001164,103.276,1789798585.70036,gps_back
71.79249999999593,22.510000000009313,103.274,1789798585.80036,gps_back
71.80250000000524,22.445000000006985,103.274,1789798585.90036,gps_back
71.81200000000536,22.390500000008615,103.274,1789798586.00036,gps_back
71.82249999999476,22.31500000000233,103.275,1789798586.10036,gps_back
71.83199999999488,22.25,103.276,1789798586.2003598,gps_back
71.85199999999895,22.1195000000007,103.269,1789798586.4003599,gps_back
71.86199999999371,22.05449999999837,103.268,1789798586.5003598,gps_back
71.87149999999383,21.989499999996042,103.266,1789798586.6003597,gps_back
71.88150000000314,21.924499999993714,103.266,1789798586.7003598,gps_back
71.8914999999979,21.859499999991385,103.263,1789798586.8003597,gps_back
71.90150000000722,21.794499999989057,103.265,1789798586.9003596,gps_back
71.91099999999278,21.72949999998673,103.267,1789798587.0003598,gps_back
71.9210000000021,21.664500000013504,103.267,1789798587.1003597,gps_back
71.93099999999686,21.599500000011176,103.265,1789798587.2003596,gps_back
71.94100000000617,21.534500000008848,103.264,1789798587.3003595,gps_back
71.95050000000629,21.46950000000652,103.263,1789798587.4003596,gps_back
71.96050000000105,21.40450000000419,103.264,1789798587.5003595,gps_back
71.97049999999581,21.339500000001863,103.263,1789798587.6003594,gps_back
71.98050000000512,21.274499999999534,103.264,1789798587.7003593,gps_back
71.99000000000524,21.209499999997206,103.262,1789798587.8003595,gps_back
72.0,21.144499999994878,103.261,1789798587.9003594,gps_back
72.00999999999476,21.07949999999255,103.26,1789798588.0003593,gps_back
72.02000000000407,21.01449999999022,103.258,1789798588.1003594,gps_back
72.03849999999511,20.93849999998929,103.261,1789798588.2003593,gps_back
72.05849999999919,20.808500000013737,103.263,1789798588.4003592,gps_back
72.06849999999395,20.74350000001141,103.26,1789798588.5003593,gps_back
72.07799999999406,20.67850000000908,103.26,1789798588.6003592,gps_back
72.08800000000338,20.613500000006752,103.26,1789798588.700359,gps_back
72.10649999999441,20.559500000003027,103.258,1789798588.8003592,gps_back
72.11650000000373,20.4945000000007,103.257,1789798588.9003592,gps_back
72.12600000000384,20.42949999999837,103.254,1789798589.000359,gps_back
72.1359999999986,20.364499999996042,103.255,1789798589.100359,gps_back
72.14599999999336,20.299499999993714,103.254,1789798589.200359,gps_back
72.16449999999895,20.23499999998603,103.254,1789798589.300359,gps_back
72.17449999999371,20.169499999989057,103.254,1789798589.400359,gps_back
72.1929999999993,20.105000000010477,103.254,1789798589.5003588,gps_back
72.20299999999406,20.04000000000815,103.253,1789798589.600359,gps_back
72.22149999999965,19.97500000000582,103.253,1789798589.7003589,gps_back
72.23149999999441,19.910000000003492,103.253,1789798589.8003588,gps_back
72.24099999999453,19.845000000001164,103.253,1789798589.900359,gps_back
72.25999999999476,19.779999999998836,103.255,1789798590.0003588,gps_back
72.26949999999488,19.714999999996508,103.255,1789798590.1003587,gps_back
72.27950000000419,19.64999999999418,103.253,1789798590.2003586,gps_back
72.28949999999895,19.58499999999185,103.253,1789798590.3003588,gps_back
72.29949999999371,19.519999999989523,103.254,1789798590.4003587,gps_back
72.3179999999993,19.454999999987194,103.253,1789798590.5003586,gps_back
72.33599999999569,19.401000000012573,103.251,1789798590.6003585,gps_back
72.346000000005,19.336000000010245,103.251,1789798590.7003586,gps_back
72.36449999999604,19.27150000000256,103.253,1789798590.8003585,gps_back
72.37450000000536,19.206500000000233,103.252,1789798590.9003584,gps_back
72.39299999999639,19.141499999997905,103.249,1789798591.0003586,gps_back
72.4030000000057,19.076499999995576,103.25,1789798591.1003585,gps_back
72.41300000000047,19.011499999993248,103.249,1789798591.2003584,gps_back
72.43150000000605,18.94649999999092,103.246,1789798591.3003583,gps_back
72.44150000000081,18.88149999998859,103.246,1789798591.4003584,gps_back
72.45149999999558,18.816499999986263,103.24300000000001,1789798591.5003583,gps_back
72.47000000000116,18.75150000001304,103.241,1789798591.6003582,gps_back
72.47999999999593,18.676000000006752,103.24300000000001,1789798591.7003582,gps_back
72.49000000000524,18.611000000004424,103.242,1789798591.8003583,gps_back
72.50800000000163,18.5570000000007,103.242,1789798591.9003582,gps_back
72.51850000000559,18.480999999999767,103.241,1789798592.000358,gps_back
72.53699999999662,18.41599999999744,103.241,1789798592.1003582,gps_back
72.54649999999674,18.35099999999511,103.239,1789798592.2003582,gps_back
72.57499999999709,18.220999999990454,103.238,1789798592.400358,gps_back
72.59399999999732,18.156500000011874,103.23400000000001,1789798592.500358,gps_back
72.60349999999744,18.091500000009546,103.229,1789798592.600358,gps_back
72.62200000000303,18.026500000007218,103.23100000000001,1789798592.700358,gps_back
72.63199999999779,17.96150000000489,103.23100000000001,1789798592.8003578,gps_back
72.63349999999627,17.896000000007916,103.23,1789798592.900358,gps_back
72.64299999999639,17.831000000005588,103.232,1789798593.0003579,gps_back
72.6530000000057,17.76600000000326,103.23400000000001,1789798593.1003578,gps_back
72.67149999999674,17.701499999995576,103.233,1789798593.200358,gps_back
72.68150000000605,17.636499999993248,103.23,1789798593.3003578,gps_back
72.69150000000081,17.57149999999092,103.23,1789798593.4003577,gps_back
72.7100000000064,17.50649999998859,103.227,1789798593.5003576,gps_back
72.72849999999744,17.441499999986263,103.226,1789798593.6003578,gps_back
72.74700000000303,17.37650000001304,103.224,1789798593.7003577,gps_back
72.75699999999779,17.31150000001071,103.224,1789798593.8003576,gps_back
72.77550000000338,17.247000000003027,103.224,1789798593.9003575,gps_back
72.79399999999441,17.1820000000007,103.22500000000001,1789798594.0003576,gps_back
72.80400000000373,17.127999999996973,103.22500000000001,1789798594.1003575,gps_back
72.82249999999476,17.051999999996042,103.223,1789798594.2003574,gps_back
72.84100000000035,16.997999999992317,103.224,1789798594.3003576,gps_back
72.85950000000594,16.933500000013737,103.224,1789798594.4003575,gps_back
72.8695000000007,16.86850000001141,103.221,1789798594.5003574,gps_back
72.88800000000629,16.80350000000908,103.22200000000001,1789798594.6003573,gps_back
72.9155000000028,16.738500000006752,103.223,1789798594.7003574,gps_back
72.92500000000291,16.673500000004424,103.21900000000001,1789798594.8003573,gps_back
72.95249999999942,16.619999999995343,103.221,1789798594.9003572,gps_back
72.971000000005,16.554999999993015,103.21900000000001,1789798595.0003572,gps_back
72.98949999999604,16.489999999990687,103.21600000000001,1789798595.1003573,gps_back
73.00800000000163,16.425500000012107,103.214,1789798595.2003572,gps_back
73.02650000000722,16.36050000000978,103.212,1789798595.300357,gps_back
73.04499999999825,16.29550000000745,103.21300000000001,1789798595.4003572,gps_back
73.07249999999476,16.241500000003725,103.21300000000001,1789798595.5003572,gps_back
73.09100000000035,16.176999999996042,103.214,1789798595.600357,gps_back
73.11800000000221,16.111999999993714,103.214,1789798595.700357,gps_back
73.13700000000244,16.04749999998603,103.21300000000001,1789798595.800357,gps_back
73.15499999999884,15.993500000011409,103.211,1789798595.900357,gps_back
73.18249999999534,15.92850000000908,103.21300000000001,1789798596.000357,gps_back
73.2094999999972,15.874500000005355,103.212,1789798596.1003568,gps_back
73.2280000000028,15.809999999997672,103.215,1789798596.200357,gps_back
73.2554999999993,15.744999999995343,103.215,1789798596.3003569,gps_back
73.27400000000489,15.690999999991618,103.212,1789798596.4003568,gps_back
73.30100000000675,15.626500000013039,103.21000000000001,1789798596.500357,gps_back
73.32850000000326,15.562000000005355,103.212,1789798596.6003568,gps_back
73.35550000000512,15.50800000000163,103.214,1789798596.7003567,gps_back
73.37399999999616,15.442999999999302,103.214,1789798596.8003566,gps_back
73.40150000000722,15.378499999991618,103.212,1789798596.9003568,gps_back
73.42849999999453,15.31349999998929,103.211,1789798597.0003567,gps_back
73.45600000000559,15.260000000009313,103.21000000000001,1789798597.1003566,gps_back
73.4829999999929,15.195000000006985,103.212,1789798597.2003565,gps_back
73.50999999999476,15.141499999997905,103.212,1789798597.3003566,gps_back
73.53750000000582,15.076499999995576,103.20700000000001,1789798597.4003565,gps_back
73.56449999999313,15.022999999986496,103.205,1789798597.5003564,gps_back
73.61900000000605,14.904000000009546,103.199,1789798597.7003565,gps_back
73.64599999999336,14.839500000001863,103.202,1789798597.8003564,gps_back
73.67350000000442,14.77499999999418,103.197,1789798597.9003563,gps_back
73.70050000000629,14.720999999990454,103.199,1789798598.0003564,gps_back
73.7280000000028,14.656500000011874,103.20100000000001,1789798598.1003563,gps_back
73.75500000000466,14.602500000008149,103.20100000000001,1789798598.2003562,gps_back
73.8179999999993,14.48399999999674,103.20100000000001,1789798598.4003563,gps_back
73.84500000000116,14.429999999993015,103.20400000000001,1789798598.5003562,gps_back
73.87249999999767,14.365500000014435,103.203,1789798598.600356,gps_back
73.90799999999581,14.312000000005355,103.202,1789798598.7003562,gps_back
73.94400000000314,14.247499999997672,103.20100000000001,1789798598.8003561,gps_back
73.97149999999965,14.193499999993946,103.202,1789798598.900356,gps_back
74.00699999999779,14.139499999990221,103.202,1789798599.000356,gps_back
74.04300000000512,14.086000000010245,103.20400000000001,1789798599.100356,gps_back
74.0789999999979,14.021500000002561,103.203,1789798599.200356,gps_back
74.10599999999977,13.967499999998836,103.2,1789798599.300356,gps_back
74.1420000000071,13.913999999989755,103.2,1789798599.4003558,gps_back
74.17750000000524,13.860500000009779,103.20100000000001,1789798599.500356,gps_back
74.21349999999802,13.796000000002095,103.202,1789798599.6003559,gps_back
74.24950000000536,13.74199999999837,103.20100000000001,1789798599.7003558,gps_back
74.28500000000349,13.68849999998929,103.202,1789798599.800356,gps_back
74.32099999999627,13.634499999985565,103.199,1789798599.9003558,gps_back
74.35700000000361,13.581000000005588,103.197,1789798600.0003557,gps_back
74.40150000000722,13.527499999996508,103.19800000000001,1789798600.1003556,gps_back
74.42849999999453,13.462999999988824,103.196,1789798600.2003558,gps_back
74.50900000000547,13.355500000005122,103.194,1789798600.4003556,gps_back
74.54450000000361,13.301999999996042,103.193,1789798600.5003555,gps_back
74.58900000000722,13.248499999986961,103.191,1789798600.6003556,gps_back
74.625,13.19450000001234,103.191,1789798600.7003555,gps_back
74.66099999999278,13.14100000000326,103.187,1789798600.8003554,gps_back
74.70549999999639,13.08749999999418,103.186,1789798600.9003556,gps_back
74.74099999999453,13.034000000014203,103.182,1789798601.0003555,gps_back
74.77700000000186,12.980000000010477,103.181,1789798601.1003554,gps_back
74.82150000000547,12.926500000001397,103.179,1789798601.2003553,gps_back
74.84849999999278,12.872499999997672,103.175,1789798601.3003554,gps_back
74.88450000000012,12.807999999989988,103.174,1789798601.4003553,gps_back
74.9030000000057,12.743500000011409,103.171,1789798601.5003552,gps_back
74.94749999999476,12.690000000002328,103.17,1789798601.6003551,gps_back
74.99199999999837,12.636499999993248,103.171,1789798601.7003553,gps_back
75.03650000000198,12.583000000013271,103.172,1789798601.8003552,gps_back
75.08100000000559,12.529000000009546,103.164,1789798601.900355,gps_back
75.12549999999464,12.475500000000466,103.169,1789798602.0003552,gps_back
75.16999999999825,12.421999999991385,103.166,1789798602.1003551,gps_back
75.21450000000186,12.368500000011409,103.162,1789798602.200355,gps_back
75.25900000000547,12.315000000002328,103.159,1789798602.300355,gps_back
75.30349999999453,12.272499999991851,103.165,1789798602.400355,gps_back
75.35649999999441,12.219000000011874,103.162,1789798602.500355,gps_back
75.40099999999802,12.165500000002794,103.158,1789798602.600355,gps_back
75.44550000000163,12.111999999993714,103.158,1789798602.7003548,gps_back
75.49850000000151,12.06950000001234,103.16,1789798602.800355,gps_back
75.54300000000512,12.01600000000326,103.155,1789798602.9003549,gps_back
75.59649999999965,11.96249999999418,103.155,1789798603.0003548,gps_back
75.64949999999953,11.920000000012806,103.154,1789798603.100355,gps_back
75.69400000000314,11.866500000003725,103.151,1789798603.2003548,gps_back
75.73850000000675,11.812999999994645,103.156,1789798603.3003547,gps_back
75.79150000000664,11.770500000013271,103.153,1789798603.4003546,gps_back
75.89650000000256,11.750499999994645,103.154,1789798603.5003548,gps_back
75.94049999999697,11.708000000013271,103.154,1789798603.6003547,gps_back
76.00250000000233,11.644000000000233,103.131,1789798603.7003546,gps_back
76.04700000000594,11.601499999989755,103.12,1789798603.8003545,gps_back
76.10000000000582,11.559000000008382,103.11,1789798603.9003546,gps_back
76.1530000000057,11.505499999999302,103.10600000000001,1789798604.0003545,gps_back
76.19749999999476,11.462999999988824,103.104,1789798604.1003544,gps_back
76.25049999999464,11.42050000000745,103.105,1789798604.2003546,gps_back
76.30349999999453,11.377500000002328,103.10600000000001,1789798604.3003545,gps_back
76.35649999999441,11.334999999991851,103.10600000000001,1789798604.4003544,gps_back
76.4094999999943,11.292500000010477,103.108,1789798604.5003543,gps_back
76.46249999999418,11.25,103.104,1789798604.6003544,gps_back
76.51549999999406,11.218499999988126,103.116,1789798604.7003543,gps_back
76.56849999999395,11.176000000006752,103.125,1789798604.8003542,gps_back
76.63000000000466,11.133499999996275,103.129,1789798604.9003541,gps_back
76.68300000000454,11.090999999985797,103.126,1789798605.0003543,gps_back
76.73600000000442,11.048500000004424,103.125,1789798605.1003542,gps_back
76.79799999999523,11.006499999988591,103.124,1789798605.200354,gps_back
76.85099999999511,10.974500000011176,103.122,1789798605.3003542,gps_back
76.91250000000582,10.932499999995343,103.126,1789798605.4003541,gps_back
76.9655000000057,10.89000000001397,103.124,1789798605.500354,gps_back
77.03599999999278,10.836999999999534,103.131,1789798605.600354,gps_back
77.08900000000722,10.794499999989057,103.126,1789798605.700354,gps_back
77.19500000000698,10.709499999997206,103.136,1789798605.900354,gps_back
77.32749999999942,10.624500000005355,103.128,1789798606.100354,gps_back
77.40649999999732,10.582499999989523,103.122,1789798606.2003539,gps_back
77.53849999999511,10.497999999992317,103.114,1789798606.400354,gps_back
77.60899999999674,10.456000000005588,103.114,1789798606.5003538,gps_back
77.67949999999837,10.41349999999511,103.11200000000001,1789798606.6003537,gps_back
77.74099999999453,10.371500000008382,103.10600000000001,1789798606.7003536,gps_back
77.82050000000163,10.32949999999255,103.11500000000001,1789798606.8003538,gps_back
77.89049999999406,10.287000000011176,103.114,1789798606.9003537,gps_back
77.96099999999569,10.244999999995343,103.113,1789798607.0003536,gps_back
78.03149999999732,10.203000000008615,103.113,1789798607.1003535,gps_back
78.11049999999523,10.17149999999674,103.108,1789798607.2003536,gps_back
78.25149999999849,10.086999999999534,103.10300000000001,1789798607.4003534,gps_back
78.31299999999464,10.045000000012806,103.101,1789798607.5003536,gps_back
78.38349999999627,10.013500000000931,103.105,1789798607.6003535,gps_back
78.45350000000326,9.971500000014203,103.099,1789798607.7003534,gps_back
78.51549999999406,9.940000000002328,103.096,1789798607.8003533,gps_back
78.58550000000105,9.897499999991851,103.098,1789798607.9003534,gps_back
78.65600000000268,9.866500000003725,103.096,1789798608.0003533,gps_back
78.78800000000047,9.792500000010477,103.09400000000001,1789798608.2003531,gps_back
78.8579999999929,9.761499999993248,103.09,1789798608.3003533,gps_back
78.91999999999825,9.719000000011874,103.087,1789798608.4003532,gps_back
78.99000000000524,9.6875,103.089,1789798608.500353,gps_back
79.05199999999604,9.644999999989523,103.09100000000001,1789798608.6003532,gps_back
79.11350000000675,9.603000000002794,103.086,1789798608.7003531,gps_back
79.18349999999919,9.57149999999092,103.086,1789798608.800353,gps_back
79.24550000000454,9.529000000009546,103.09100000000001,1789798608.900353,gps_back
79.31549999999697,9.497999999992317,103.087,1789798609.000353,gps_back
79.3859999999986,9.466500000009546,103.086,1789798609.100353,gps_back
79.45600000000559,9.434999999997672,103.083,1789798609.200353,gps_back
79.58800000000338,9.361499999999069,103.07900000000001,1789798609.400353,gps_back
79.64949999999953,9.329999999987194,103.083,1789798609.5003529,gps_back
79.72000000000116,9.288000000000466,103.08200000000001,1789798609.6003528,gps_back
79.77300000000105,9.245499999989988,103.077,1789798609.700353,gps_back
79.8350000000064,9.203000000008615,103.07600000000001,1789798609.8003528,gps_back
79.89650000000256,9.17149999999674,103.078,1789798609.9003527,gps_back
79.95799999999872,9.128999999986263,103.077,1789798610.0003526,gps_back
80.01949999999488,9.097500000003492,103.07300000000001,1789798610.1003528,gps_back
80.08999999999651,9.05549999998766,103.072,1789798610.2003527,gps_back
80.15150000000722,9.02400000000489,103.068,1789798610.3003526,gps_back
80.21300000000338,8.992499999993015,103.066,1789798610.4003525,gps_back
80.27499999999418,8.950000000011642,103.063,1789798610.5003526,gps_back
80.34500000000116,8.918999999994412,103.056,1789798610.6003525,gps_back
80.4149999999936,8.887500000011642,103.054,1789798610.7003524,gps_back
80.48549999999523,8.855999999999767,103.058,1789798610.8003526,gps_back
80.55550000000221,8.825000000011642,103.055,1789798610.9003525,gps_back
80.61699999999837,8.793499999999767,103.053,1789798611.0003524,gps_back
80.6875,8.761999999987893,103.051,1789798611.1003523,gps_back
80.75750000000698,8.730500000005122,103.046,1789798611.2003524,gps_back
80.82799999999406,8.699499999987893,103.044,1789798611.3003523,gps_back
80.89849999999569,8.65700000000652,103.042,1789798611.4003522,gps_back
80.96850000000268,8.636499999993248,103.042,1789798611.5003521,gps_back
81.03849999999511,8.605500000005122,103.044,1789798611.6003523,gps_back
81.10899999999674,8.573999999993248,103.045,1789798611.7003522,gps_back
81.17900000000373,8.542500000010477,103.042,1789798611.800352,gps_back
81.24950000000536,8.511499999993248,103.038,1789798611.9003522,gps_back
81.32799999999406,8.480000000010477,103.034,1789798612.0003521,gps_back
81.39849999999569,8.448999999993248,103.037,1789798612.100352,gps_back
81.46850000000268,8.417500000010477,103.04,1789798612.200352,gps_back
81.54750000000058,8.386499999993248,103.037,1789798612.300352,gps_back
81.60899999999674,8.365500000014435,103.04,1789798612.400352,gps_back
81.67900000000373,8.334499999997206,103.035,1789798612.500352,gps_back
81.74899999999616,8.314000000013039,103.033,1789798612.6003518,gps_back
81.81949999999779,8.282500000001164,103.035,1789798612.700352,gps_back
81.89800000000105,8.261999999987893,103.037,1789798612.8003519,gps_back
81.96850000000268,8.230999999999767,103.029,1789798612.9003518,gps_back
82.03849999999511,8.199499999987893,103.03,1789798613.0003517,gps_back
82.1085000000021,8.179000000003725,103.028,1789798613.1003518,gps_back
82.1875,8.158499999990454,103.022,1789798613.2003517,gps_back
82.25750000000698,8.127500000002328,103.027,1789798613.3003516,gps_back
82.33650000000489,8.095999999990454,103.025,1789798613.4003518,gps_back
82.40649999999732,8.076000000000931,103.024,1789798613.5003517,gps_back
82.47699999999895,8.044499999989057,103.028,1789798613.6003516,gps_back
82.55550000000221,8.02400000000489,103.034,1789798613.7003515,gps_back
82.62549999999464,8.003499999991618,103.033,1789798613.8003516,gps_back
82.69599999999627,7.9725000000034925,103.028,1789798613.9003515,gps_back
82.76549999999406,7.962499999994179,103.023,1789798614.0003514,gps_back
82.91449999999895,7.910999999992782,103.019,1789798614.2003515,gps_back
82.98450000000594,7.890500000008615,103.013,1789798614.3003514,gps_back
83.06350000000384,7.870499999989988,103.012,1789798614.4003513,gps_back
83.13349999999627,7.850000000005821,103.015,1789798614.5003514,gps_back
83.20350000000326,7.829499999992549,103.008,1789798614.6003513,gps_back
83.28250000000116,7.809000000008382,103.008,1789798614.7003512,gps_back
83.3524999999936,7.788499999995111,103.005,1789798614.8003511,gps_back
83.43099999999686,7.768000000010943,103.004,1789798614.9003513,gps_back
83.50999999999476,7.747999999992317,103.006,1789798615.0003512,gps_back
83.58000000000175,7.727500000008149,103.004,1789798615.100351,gps_back
83.64999999999418,7.706999999994878,103.006,1789798615.200351,gps_back
83.72849999999744,7.68650000001071,103.006,1789798615.3003511,gps_back
83.79850000000442,7.665999999997439,103.002,1789798615.400351,gps_back
83.87699999999313,7.656500000011874,103.006,1789798615.500351,gps_back
83.95600000000559,7.636499999993248,103.003,1789798615.600351,gps_back
84.0344999999943,7.61600000000908,103.004,1789798615.700351,gps_back
84.10450000000128,7.606499999994412,103.005,1789798615.800351,gps_back
84.18349999999919,7.5860000000102445,103.004,1789798615.9003508,gps_back
84.25350000000617,7.565499999996973,103.008,1789798616.000351,gps_back
84.3234999999986,7.545000000012806,103.004,1789798616.1003509,gps_back
84.40200000000186,7.524999999994179,102.995,1789798616.2003508,gps_back
84.48099999999977,7.504500000010012,102.99000000000001,1789798616.3003507,gps_back
84.55049999999756,7.494999999995343,102.99000000000001,1789798616.4003508,gps_back
84.62050000000454,7.474500000011176,102.98700000000001,1789798616.5003507,gps_back
84.69950000000244,7.4539999999979045,102.991,1789798616.6003506,gps_back
84.77850000000035,7.423000000009779,102.989,1789798616.7003508,gps_back
84.84799999999814,7.413499999995111,102.989,1789798616.8003507,gps_back
84.92699999999604,7.382500000006985,102.992,1789798616.9003506,gps_back
84.99700000000303,7.372499999997672,102.989,1789798617.0003505,gps_back
85.07550000000629,7.352500000008149,102.992,1789798617.1003506,gps_back
85.15450000000419,7.331999999994878,102.99000000000001,1789798617.2003505,gps_back
85.22449999999662,7.31150000001071,102.983,1789798617.3003504,gps_back
85.30299999999988,7.290999999997439,102.982,1789798617.4003503,gps_back
85.38199999999779,7.271000000007916,102.97500000000001,1789798617.5003505,gps_back
85.45200000000477,7.250499999994645,102.973,1789798617.6003504,gps_back
85.53100000000268,7.230000000010477,102.971,1789798617.7003503,gps_back
85.60099999999511,7.209499999997206,102.968,1789798617.8003504,gps_back
85.67949999999837,7.189500000007683,102.965,1789798617.9003503,gps_back
85.75849999999627,7.168999999994412,102.964,1789798618.0003502,gps_back
85.83699999999953,7.1485000000102445,102.96000000000001,1789798618.1003501,gps_back
85.90700000000652,7.138999999995576,102.961,1789798618.2003503,gps_back
86.06399999999849,7.109499999991385,102.95700000000001,1789798618.40035,gps_back
86.14299999999639,7.089000000007218,102.96000000000001,1789798618.50035,gps_back
86.22149999999965,7.079499999992549,102.961,1789798618.6003501,gps_back
86.30000000000291,7.070000000006985,102.959,1789798618.70035,gps_back
86.37850000000617,7.0499999999883585,102.953,1789798618.80035,gps_back
86.45750000000407,7.029500000004191,102.95400000000001,1789798618.90035,gps_back
86.53599999999278,7.019999999989523,102.953,1789798619.00035,gps_back
86.61449999999604,6.999500000005355,102.95700000000001,1789798619.10035,gps_back
86.68450000000303,6.989999999990687,102.955,1789798619.2003498,gps_back
86.76300000000629,6.980500000005122,102.956,1789798619.30035,gps_back
86.83299999999872,6.959999999991851,102.958,1789798619.4003499,gps_back
86.91150000000198,6.950500000006286,102.956,1789798619.5003498,gps_back
86.98200000000361,6.93049999998766,102.953,1789798619.6003497,gps_back
87.06050000000687,6.9210000000020955,102.949,1789798619.7003498,gps_back
87.13899999999558,6.900499999988824,102.95,1789798619.8003497,gps_back
87.20900000000256,6.89100000000326,102.94800000000001,1789798619.9003496,gps_back
87.28750000000582,6.881499999988591,102.94800000000001,1789798620.0003495,gps_back
87.36599999999453,6.872000000003027,102.94800000000001,1789798620.1003497,gps_back
87.43600000000151,6.8514999999897555,102.94500000000001,1789798620.2003496,gps_back
87.59299999999348,6.843499999988126,102.938,1789798620.4003496,gps_back
87.67149999999674,6.834000000002561,102.93,1789798620.5003495,gps_back
87.74150000000373,6.81349999998929,102.933,1789798620.6003494,gps_back
87.82000000000698,6.815000000002328,102.927,1789798620.7003493,gps_back
87.89849999999569,6.80549999998766,102.926,1789798620.8003495,gps_back
87.97699999999895,6.7960000000020955,102.926,1789798620.9003494,gps_back
88.04700000000594,6.786499999987427,102.923,1789798621.0003493,gps_back
88.13400000000547,6.777000000001863,102.926,1789798621.1003492,gps_back
88.2039999999979,6.767499999987194,102.923,1789798621.2003493,gps_back
88.28200000000652,6.769000000000233,102.919,1789798621.3003492,gps_back
88.36100000000442,6.7594999999855645,102.915,1789798621.4003491,gps_back
88.43899999999849,6.760999999998603,102.916,1789798621.5003493,gps_back
88.50900000000547,6.761999999987893,102.909,1789798621.6003492,gps_back
88.58749999999418,6.752500000002328,102.908,1789798621.700349,gps_back
88.6655000000028,6.753999999986263,102.906,1789798621.800349,gps_back
88.74400000000605,6.7554999999993015,102.906,1789798621.9003491,gps_back
88.81399999999849,6.746000000013737,102.906,1789798622.000349,gps_back
88.8920000000071,6.747499999997672,102.907,1789798622.100349,gps_back
88.97049999999581,6.7484999999869615,102.906,1789798622.2003489,gps_back
89.0399999999936,6.760999999998603,102.906,1789798622.300349,gps_back
89.11849999999686,6.7625000000116415,102.906,1789798622.400349,gps_back
89.18799999999464,6.763500000000931,102.903,1789798622.5003488,gps_back
89.26600000000326,6.776000000012573,102.901,1789798622.600349,gps_back
89.34450000000652,6.7664999999979045,102.903,1789798622.7003489,gps_back
89.42299999999523,6.778499999985797,102.902,1789798622.8003488,gps_back
89.50100000000384,6.779999999998836,102.902,1789798622.9003487,gps_back
89.5795000000071,6.781500000011874,102.902,1789798623.0003488,gps_back
89.64900000000489,6.793499999999767,102.897,1789798623.1003487,gps_back
89.72699999999895,6.806000000011409,102.899,1789798623.2003486,gps_back
89.79700000000594,6.8070000000006985,102.896,1789798623.3003485,gps_back
89.875,6.81950000001234,102.895,1789798623.4003487,gps_back
89.95299999999406,6.831500000000233,102.901,1789798623.5003486,gps_back
90.03149999999732,6.844000000011874,102.901,1789798623.6003485,gps_back
90.10950000000594,6.855999999999767,102.897,1789798623.7003486,gps_back
90.17900000000373,6.857500000012806,102.897,1789798623.8003485,gps_back
90.24850000000151,6.8804999999993015,102.892,1789798623.9003484,gps_back
90.32649999999558,6.88200000001234,102.894,1789798624.0003483,gps_back
90.62200000000303,6.93049999998766,102.886,1789798624.4003482,gps_back
90.69100000000617,6.95350000000326,102.884,1789798624.5003483,gps_back
90.76050000000396,6.965499999991152,102.883,1789798624.6003482,gps_back
90.83849999999802,6.978000000002794,102.879,1789798624.7003481,gps_back
90.90799999999581,6.989999999990687,102.877,1789798624.8003483,gps_back
90.9774999999936,7.013000000006286,102.876,1789798624.9003482,gps_back
91.05550000000221,7.025499999988824,102.874,1789798625.000348,gps_back
91.125,7.037500000005821,102.873,1789798625.100348,gps_back
91.19449999999779,7.060499999992317,102.874,1789798625.2003481,gps_back
91.2725000000064,7.072500000009313,102.87,1789798625.300348,gps_back
91.35050000000047,7.084999999991851,102.873,1789798625.400348,gps_back
91.41999999999825,7.097000000008848,102.872,1789798625.5003479,gps_back
91.49850000000151,7.098499999992782,102.871,1789798625.600348,gps_back
91.57649999999558,7.110500000009779,102.87,1789798625.700348,gps_back
91.64599999999336,7.122999999992317,102.86800000000001,1789798625.8003478,gps_back
91.72400000000198,7.135000000009313,102.869,1789798625.900348,gps_back
91.80250000000524,7.147499999991851,102.869,1789798626.0003479,gps_back
91.87149999999383,7.170500000007451,102.869,1789798626.1003478,gps_back
91.94950000000244,7.182499999995343,102.871,1789798626.2003477,gps_back
92.0280000000057,7.195000000006985,102.867,1789798626.3003478,gps_back
92.09750000000349,7.195999999996275,102.864,1789798626.4003477,gps_back
92.17549999999756,7.208500000007916,102.863,1789798626.5003476,gps_back
92.25400000000081,7.209999999991851,102.863,1789798626.6003475,gps_back
92.33199999999488,7.222000000008848,102.86,1789798626.7003477,gps_back
92.40150000000722,7.23399999999674,102.857,1789798626.8003476,gps_back
92.47999999999593,7.246500000008382,102.85600000000001,1789798626.9003475,gps_back
92.54899999999907,7.258499999996275,102.854,1789798627.0003474,gps_back
92.62750000000233,7.271000000007916,102.855,1789798627.1003475,gps_back
92.69700000000012,7.282999999995809,102.85300000000001,1789798627.2003474,gps_back
92.77499999999418,7.295500000007451,102.854,1789798627.3003473,gps_back
92.85349999999744,7.29649999999674,102.851,1789798627.4003475,gps_back
92.93150000000605,7.309000000008382,102.852,1789798627.5003474,gps_back
93.00100000000384,7.320999999996275,102.851,1789798627.6003473,gps_back
93.0789999999979,7.333500000007916,102.851,1789798627.7003472,gps_back
93.14900000000489,7.334499999997206,102.848,1789798627.8003473,gps_back
93.23549999999523,7.347000000008848,102.852,1789798627.9003472,gps_back
93.30499999999302,7.35899999999674,102.852,1789798628.0003471,gps_back
93.38300000000163,7.371500000008382,102.852,1789798628.100347,gps_back
93.46150000000489,7.383499999996275,102.85000000000001,1789798628.2003472,gps_back
93.60899999999674,7.407999999995809,102.84700000000001,1789798628.400347,gps_back
93.68700000000536,7.420500000007451,102.846,1789798628.5003471,gps_back
93.76549999999406,7.432499999995343,102.843,1789798628.600347,gps_back
93.8344999999972,7.44450000001234,102.84,1789798628.700347,gps_back
93.91300000000047,7.456999999994878,102.83800000000001,1789798628.8003469,gps_back
93.99099999999453,7.458500000007916,102.83800000000001,1789798628.900347,gps_back
94.06949999999779,7.459999999991851,102.834,1789798629.000347,gps_back
94.14800000000105,7.472000000008848,102.831,1789798629.1003468,gps_back
94.22599999999511,7.484499999991385,102.833,1789798629.2003467,gps_back
94.2954999999929,7.496500000008382,102.831,1789798629.3003469,gps_back
94.37350000000151,7.508499999996275,102.828,1789798629.4003468,gps_back
94.45149999999558,7.521000000007916,102.827,1789798629.5003467,gps_back
94.52999999999884,7.533499999990454,102.82300000000001,1789798629.6003468,gps_back
94.6079999999929,7.545500000007451,102.824,1789798629.7003467,gps_back
94.68600000000151,7.557999999989988,102.821,1789798629.8003466,gps_back
94.99899999999616,7.606999999989057,102.819,1789798630.2003465,gps_back
95.0679999999993,7.630000000004657,102.812,1789798630.3003464,gps_back
95.14599999999336,7.641999999992549,102.811,1789798630.4003465,gps_back
95.22449999999662,7.654500000004191,102.804,1789798630.5003464,gps_back
95.53650000000198,7.714500000001863,102.801,1789798630.9003463,gps_back
95.62350000000151,7.727000000013504,102.799,1789798631.0003462,gps_back
95.6929999999993,7.739000000001397,102.796,1789798631.1003463,gps_back
95.77099999999336,7.75099999998929,102.791,1789798631.2003462,gps_back
95.84949999999662,7.763500000000931,102.792,1789798631.3003461,gps_back
95.92750000000524,7.775499999988824,102.79,1789798631.400346,gps_back
95.99700000000303,7.788000000000466,102.791,1789798631.5003462,gps_back
96.06650000000081,7.7999999999883585,102.789,1789798631.600346,gps_back
96.14449999999488,7.812000000005355,102.79,1789798631.700346,gps_back
96.22250000000349,7.824499999987893,102.788,1789798631.8003461,gps_back
96.29200000000128,7.836500000004889,102.781,1789798631.900346,gps_back
96.37050000000454,7.848999999987427,102.78,1789798632.000346,gps_back
96.4484999999986,7.861000000004424,102.781,1789798632.1003458,gps_back
96.52650000000722,7.8844999999855645,102.775,1789798632.200346,gps_back
96.68300000000454,7.909000000014203,102.774,1789798632.4003458,gps_back
96.75199999999313,7.9210000000020955,102.772,1789798632.5003457,gps_back
96.83049999999639,7.932999999989988,102.772,1789798632.6003458,gps_back
96.908500000005,7.94550000000163,102.773,1789798632.7003458,gps_back
96.98649999999907,7.958000000013271,102.765,1789798632.8003457,gps_back
97.06500000000233,7.970000000001164,102.764,1789798632.9003458,gps_back
97.14299999999639,7.982500000012806,102.762,1789798633.0003457,gps_back
97.21249999999418,7.9945000000006985,102.76,1789798633.1003456,gps_back
97.2905000000028,8.006499999988591,102.757,1789798633.2003455,gps_back
97.36849999999686,8.019000000000233,102.755,1789798633.3003457,gps_back
97.43799999999464,8.030999999988126,102.751,1789798633.4003456,gps_back
97.5164999999979,8.043499999999767,102.75,1789798633.5003455,gps_back
97.59450000000652,8.05549999998766,102.751,1789798633.6003454,gps_back
97.66400000000431,8.067999999999302,102.748,1789798633.7003455,gps_back
97.74199999999837,8.079999999987194,102.75,1789798633.8003454,gps_back
97.81149999999616,8.092000000004191,102.745,1789798633.9003453,gps_back
97.88950000000477,8.104499999986729,102.746,1789798634.0003455,gps_back
97.95900000000256,8.116500000003725,102.744,1789798634.1003454,gps_back
98.03750000000582,8.128999999986263,102.741,1789798634.2003453,gps_back
98.11549999999988,8.14100000000326,102.738,1789798634.3003452,gps_back
98.18499999999767,8.152999999991152,102.738,1789798634.4003453,gps_back
98.26300000000629,8.165500000002794,102.735,1789798634.5003452,gps_back
98.34100000000035,8.177499999990687,102.736,1789798634.6003451,gps_back
98.41950000000361,8.190000000002328,102.736,1789798634.700345,gps_back
98.4890000000014,8.201999999990221,102.73400000000001,1789798634.8003452,gps_back
98.56699999999546,8.214500000001863,102.735,1789798634.900345,gps_back
98.63649999999325,8.226499999989755,102.735,1789798635.000345,gps_back
98.72349999999278,8.239000000001397,102.735,1789798635.1003451,gps_back
98.79249999999593,8.25099999998929,102.73400000000001,1789798635.200345,gps_back
98.86199999999371,8.27400000000489,102.73,1789798635.300345,gps_back
98.94049999999697,8.275499999988824,102.727,1789798635.4003448,gps_back
99.01850000000559,8.298500000004424,102.72500000000001,1789798635.500345,gps_back
99.08800000000338,8.299999999988358,102.72500000000001,1789798635.600345,gps_back
99.15700000000652,8.323000000003958,102.723,1789798635.7003448,gps_back
99.23549999999523,8.334999999991851,102.721,1789798635.8003447,gps_back
99.30499999999302,8.347000000008848,102.72,1789798635.9003448,gps_back
99.38300000000163,8.359499999991385,102.71900000000001,1789798636.0003448,gps_back
99.45249999999942,8.371500000008382,102.71900000000001,1789798636.1003447,gps_back
99.5219999999972,8.383499999996275,102.71900000000001,1789798636.2003448,gps_back
99.66950000000361,8.407999999995809,102.71900000000001,1789798636.4003446,gps_back
99.7390000000014,8.420000000012806,102.717,1789798636.5003445,gps_back
99.80849999999919,8.432499999995343,102.714,1789798636.6003447,gps_back
99.88649999999325,8.44450000001234,102.71300000000001,1789798636.7003446,gps_back
99.95600000000559,8.456500000000233,102.711,1789798636.8003445,gps_back
100.02550000000338,8.469000000011874,102.711,1789798636.9003444,gps_back
100.10349999999744,8.480999999999767,102.711,1789798637.0003445,gps_back
100.18150000000605,8.493500000011409,102.71000000000001,1789798637.1003444,gps_back
100.25100000000384,8.505499999999302,102.71300000000001,1789798637.2003443,gps_back
100.3295000000071,8.517499999987194,102.71300000000001,1789798637.3003445,gps_back
100.40750000000116,8.529999999998836,102.711,1789798637.4003444,gps_back
100.48549999999523,8.542500000010477,102.71000000000001,1789798637.5003443,gps_back
100.55499999999302,8.55449999999837,102.708,1789798637.6003442,gps_back
100.63349999999627,8.566499999986263,102.706,1789798637.7003443,gps_back
100.71150000000489,8.578999999997905,102.705,1789798637.8003442,gps_back
100.78949999999895,8.590999999985797,102.702,1789798637.9003441,gps_back
100.85899999999674,8.614000000001397,102.70100000000001,1789798638.000344,gps_back
101.01499999999942,8.638500000000931,102.702,1789798638.200344,gps_back
101.09350000000268,8.651000000012573,102.696,1789798638.300344,gps_back
101.16250000000582,8.663000000000466,102.69500000000001,1789798638.400344,gps_back
101.24099999999453,8.675500000012107,102.69200000000001,1789798638.500344,gps_back
101.31900000000314,8.6875,102.68900000000001,1789798638.600344,gps_back
101.3969999999972,8.700000000011642,102.688,1789798638.7003438,gps_back
101.47550000000047,8.711999999999534,102.686,1789798638.800344,gps_back
101.55349999999453,8.724500000011176,102.685,1789798638.900344,gps_back
101.62300000000687,8.747499999997672,102.685,1789798639.0003438,gps_back
101.70100000000093,8.74900000001071,102.683,1789798639.1003437,gps_back
101.77950000000419,8.760999999998603,102.684,1789798639.2003438,gps_back
101.85700000000361,8.784500000008848,102.682,1789798639.3003438,gps_back
101.93550000000687,8.79649999999674,102.679,1789798639.4003437,gps_back
102.00500000000466,8.808500000013737,102.677,1789798639.5003436,gps_back
102.08299999999872,8.820999999996275,102.675,1789798639.6003437,gps_back
102.16099999999278,8.833000000013271,102.673,1789798639.7003436,gps_back
102.23949999999604,8.845499999995809,102.669,1789798639.8003435,gps_back
102.31750000000466,8.857500000012806,102.666,1789798639.9003437,gps_back
102.39549999999872,8.869999999995343,102.664,1789798640.0003436,gps_back
102.47400000000198,8.882500000006985,102.661,1789798640.1003435,gps_back
102.55199999999604,8.894499999994878,102.66,1789798640.2003434,gps_back
102.70799999999872,8.918999999994412,102.654,1789798640.4003434,gps_back
102.78599999999278,8.942000000010012,102.657,1789798640.5003433,gps_back
102.86449999999604,8.95449999999255,102.658,1789798640.6003432,gps_back
102.94250000000466,8.967000000004191,102.654,1789798640.7003434,gps_back
103.02950000000419,8.978999999992084,102.653,1789798640.8003433,gps_back
103.09900000000198,8.991500000003725,102.654,1789798640.9003432,gps_back
103.17699999999604,9.003499999991618,102.653,1789798641.0003433,gps_back
103.24649999999383,9.015500000008615,102.653,1789798641.1003432,gps_back
103.32450000000244,9.027999999991152,102.652,1789798641.2003431,gps_back
103.40249999999651,9.040500000002794,102.651,1789798641.300343,gps_back
103.48099999999977,9.052499999990687,102.651,1789798641.4003432,gps_back
103.55049999999756,9.064500000007683,102.648,1789798641.500343,gps_back
103.62850000000617,9.076999999990221,102.646,1789798641.600343,gps_back
103.70650000000023,9.089000000007218,102.646,1789798641.700343,gps_back
103.78500000000349,9.101499999989755,102.645,1789798641.800343,gps_back
103.86299999999756,9.113500000006752,102.645,1789798641.900343,gps_back
103.94100000000617,9.12599999998929,102.644,1789798642.0003428,gps_back
104.01949999999488,9.138500000000931,102.641,1789798642.100343,gps_back
104.08849999999802,9.150499999988824,102.643,1789798642.200343,gps_back
104.16700000000128,9.16250000000582,102.641,1789798642.3003428,gps_back
104.24499999999534,9.174999999988358,102.64,1789798642.4003427,gps_back
104.31449999999313,9.187000000005355,102.64,1789798642.5003428,gps_back
104.39250000000175,9.199499999987893,102.639,1789798642.6003428,gps_back
104.47049999999581,9.222500000003492,102.636,1789798642.7003427,gps_back
104.5399999999936,9.234499999991385,102.634,1789798642.8003426,gps_back
104.61800000000221,9.247000000003027,102.635,1789798642.9003427,gps_back
104.6875,9.25899999999092,102.634,1789798643.0003426,gps_back
104.76600000000326,9.271000000007916,102.631,1789798643.1003425,gps_back
104.84399999999732,9.283499999990454,102.634,1789798643.2003427,gps_back
104.91349999999511,9.285000000003492,102.628,1789798643.3003426,gps_back
104.99150000000373,9.307999999989988,102.624,1789798643.4003425,gps_back
105.06100000000151,9.320000000006985,102.621,1789798643.5003424,gps_back
105.13899999999558,9.332499999989523,102.62,1789798643.6003425,gps_back
105.20849999999336,9.34450000000652,102.61800000000001,1789798643.7003424,gps_back
105.28699999999662,9.356499999994412,102.617,1789798643.8003423,gps_back
105.35599999999977,9.369000000006054,102.616,1789798643.9003422,gps_back
105.43450000000303,9.369999999995343,102.614,1789798644.0003424,gps_back
105.50400000000081,9.382500000006985,102.61200000000001,1789798644.1003423,gps_back
105.58199999999488,9.394499999994878,102.61200000000001,1789798644.2003422,gps_back
105.65150000000722,9.406500000011874,102.61,1789798644.3003423,gps_back
105.72999999999593,9.418999999994412,102.60900000000001,1789798644.4003422,gps_back
105.79899999999907,9.431000000011409,102.607,1789798644.5003421,gps_back
105.87750000000233,9.443499999993946,102.60600000000001,1789798644.600342,gps_back
105.94700000000012,9.455500000010943,102.605,1789798644.7003422,gps_back
106.02499999999418,9.467499999998836,102.607,1789798644.800342,gps_back
106.09450000000652,9.480000000010477,102.605,1789798644.900342,gps_back
106.17250000000058,9.49199999999837,102.604,1789798645.000342,gps_back
106.24199999999837,9.503999999986263,102.601,1789798645.100342,gps_back
106.32000000000698,9.516499999997905,102.60000000000001,1789798645.200342,gps_back
106.38950000000477,9.528499999985797,102.59700000000001,1789798645.3003418,gps_back
106.46799999999348,9.540999999997439,102.595,1789798645.400342,gps_back
106.53699999999662,9.553000000014435,102.595,1789798645.500342,gps_back
106.61549999999988,9.565499999996973,102.59400000000001,1789798645.6003418,gps_back
106.69349999999395,9.57750000001397,102.59400000000001,1789798645.7003417,gps_back
106.76300000000629,9.589500000001863,102.592,1789798645.8003418,gps_back
106.84100000000035,9.602000000013504,102.586,1789798645.9003417,gps_back
106.91950000000361,9.614000000001397,102.58500000000001,1789798646.0003417,gps_back
106.99749999999767,9.626500000013039,102.58200000000001,1789798646.1003416,gps_back
107.07550000000629,9.638999999995576,102.57600000000001,1789798646.2003417,gps_back
107.23200000000361,9.66349999999511,102.571,1789798646.4003415,gps_back
107.30999999999767,9.675500000012107,102.565,1789798646.5003417,gps_back
107.38800000000629,9.687999999994645,102.565,1789798646.6003416,gps_back
107.466499999995,9.700000000011642,102.56400000000001,1789798646.7003415,gps_back
107.54450000000361,9.71249999999418,102.56400000000001,1789798646.8003414,gps_back
107.62249999999767,9.724500000011176,102.566,1789798646.9003415,gps_back
107.70100000000093,9.736999999993714,102.56700000000001,1789798647.0003414,gps_back
107.778999999995,9.74900000001071,102.566,1789798647.1003413,gps_back
107.85700000000361,9.761499999993248,102.56700000000001,1789798647.2003412,gps_back
107.93550000000687,9.773500000010245,102.57000000000001,1789798647.3003414,gps_back
108.01350000000093,9.785999999992782,102.572,1789798647.4003413,gps_back
108.08299999999872,9.798000000009779,102.571,1789798647.5003412,gps_back
108.16999999999825,9.810499999992317,102.571,1789798647.600341,gps_back
108.24800000000687,9.823000000003958,102.57000000000001,1789798647.7003412,gps_back
108.32600000000093,9.834999999991851,102.568,1789798647.8003411,gps_back
108.40450000000419,9.847500000003492,102.569,1789798647.900341,gps_back
108.48249999999825,9.859499999991385,102.568,1789798648.0003412,gps_back
108.56050000000687,9.872000000003027,102.565,1789798648.100341,gps_back
108.63850000000093,9.88399999999092,102.566,1789798648.200341,gps_back
108.71700000000419,9.896500000002561,102.563,1789798648.300341,gps_back
108.79499999999825,9.919499999989057,102.56,1789798648.400341,gps_back
108.87300000000687,9.932000000000698,102.56,1789798648.500341,gps_back
108.94250000000466,9.943999999988591,102.558,1789798648.6003408,gps_back
109.02049999999872,9.956500000000233,102.557,1789798648.7003407,gps_back
109.09900000000198,9.968499999988126,102.556,1789798648.800341,gps_back
109.17699999999604,9.980999999999767,102.555,1789798648.9003408,gps_back
109.25500000000466,9.99299999998766,102.552,1789798649.0003407,gps_back
109.33299999999872,10.005499999999302,102.55,1789798649.1003408,gps_back
109.41150000000198,10.017499999987194,102.546,1789798649.2003407,gps_back
109.48949999999604,10.029999999998836,102.547,1789798649.3003407,gps_back
109.55899999999383,10.041999999986729,102.543,1789798649.4003406,gps_back
109.63700000000244,10.05449999999837,102.539,1789798649.5003407,gps_back
109.71499999999651,10.07750000001397,102.538,1789798649.6003406,gps_back
109.79300000000512,10.089500000001863,102.538,1789798649.7003405,gps_back
109.87149999999383,10.102000000013504,102.537,1789798649.8003404,gps_back
109.94950000000244,10.125,102.533,1789798649.9003406,gps_back
110.01900000000023,10.136999999987893,102.529,1789798650.0003405,gps_back
110.10599999999977,10.138999999995576,102.529,1789798650.1003404,gps_back
110.17549999999756,10.151000000012573,102.526,1789798650.2003405,gps_back
110.25350000000617,10.163000000000466,102.528,1789798650.3003404,gps_back
110.33150000000023,10.175500000012107,102.527,1789798650.4003403,gps_back
110.40099999999802,10.1875,102.526,1789798650.5003402,gps_back
110.47900000000664,10.210499999986496,102.526,1789798650.6003404,gps_back
110.63550000000396,10.23499999998603,102.522,1789798650.8003402,gps_back
110.71349999999802,10.247499999997672,102.521,1789798650.90034,gps_back
110.79150000000664,10.260000000009313,102.517,1789798651.0003402,gps_back
110.86100000000442,10.271999999997206,102.516,1789798651.1003401,gps_back
110.93949999999313,10.284000000014203,102.516,1789798651.20034,gps_back
111.01750000000175,10.29649999999674,102.513,1789798651.3003402,gps_back
111.09549999999581,10.308500000013737,102.511,1789798651.40034,gps_back
111.17350000000442,10.320999999996275,102.509,1789798651.50034,gps_back
111.25199999999313,10.333000000013271,102.51,1789798651.60034,gps_back
111.32150000000547,10.345499999995809,102.51,1789798651.70034,gps_back
111.39949999999953,10.357500000012806,102.506,1789798651.80034,gps_back
111.4774999999936,10.380999999993946,102.506,1789798651.9003398,gps_back
111.55550000000221,10.393000000010943,102.505,1789798652.0003397,gps_back
111.63400000000547,10.40549999999348,102.505,1789798652.10034,gps_back
111.70299999999406,10.417500000010477,102.504,1789798652.2003398,gps_back
111.78149999999732,10.42949999999837,102.505,1789798652.3003397,gps_back
111.85950000000594,10.442000000010012,102.504,1789798652.4003398,gps_back
111.92900000000373,10.453999999997905,102.505,1789798652.5003397,gps_back
112.00699999999779,10.466500000009546,102.503,1789798652.6003397,gps_back
112.08550000000105,10.478499999997439,102.501,1789798652.7003396,gps_back
112.16349999999511,10.49100000000908,102.5,1789798652.8003397,gps_back
112.24150000000373,10.502999999996973,102.5,1789798652.9003396,gps_back
112.31100000000151,10.515500000008615,102.498,1789798653.0003395,gps_back
112.39800000000105,10.527499999996508,102.498,1789798653.1003394,gps_back
112.47599999999511,10.540000000008149,102.499,1789798653.2003396,gps_back
112.55400000000373,10.562999999994645,102.496,1789798653.3003395,gps_back
112.63199999999779,10.575500000006286,102.491,1789798653.4003394,gps_back
112.71899999999732,10.587999999988824,102.49000000000001,1789798653.5003393,gps_back
112.79700000000594,10.60000000000582,102.489,1789798653.6003394,gps_back
112.88400000000547,10.612499999988358,102.489,1789798653.7003393,gps_back
112.96199999999953,10.625,102.49000000000001,1789798653.8003392,gps_back
113.0405000000028,10.636999999987893,102.489,1789798653.9003394,gps_back
113.11849999999686,10.649499999999534,102.491,1789798654.0003393,gps_back
113.20500000000175,10.67249999998603,102.48700000000001,1789798654.1003392,gps_back
113.283500000005,10.684999999997672,102.486,1789798654.200339,gps_back
113.36149999999907,10.696999999985565,102.485,1789798654.3003392,gps_back
113.44800000000396,10.720499999995809,102.483,1789798654.4003391,gps_back
113.52650000000722,10.732500000012806,102.476,1789798654.500339,gps_back
113.60450000000128,10.744999999995343,102.476,1789798654.600339,gps_back
113.68249999999534,10.757500000006985,102.474,1789798654.700339,gps_back
113.7609999999986,10.758499999996275,102.473,1789798654.800339,gps_back
114.0734999999986,10.818499999993946,102.471,1789798655.2003388,gps_back
114.15150000000722,10.831000000005588,102.46900000000001,1789798655.3003387,gps_back
114.22950000000128,10.84299999999348,102.46600000000001,1789798655.400339,gps_back
114.30800000000454,10.855500000005122,102.462,1789798655.5003388,gps_back
114.3859999999986,10.867499999993015,102.46000000000001,1789798655.6003387,gps_back
114.46400000000722,10.880000000004657,102.46000000000001,1789798655.7003386,gps_back
114.54249999999593,10.892499999987194,102.458,1789798655.8003387,gps_back
114.62050000000454,10.904500000004191,102.458,1789798655.9003386,gps_back
114.6984999999986,10.916999999986729,102.45700000000001,1789798656.0003386,gps_back
114.77700000000186,10.929000000003725,102.45700000000001,1789798656.1003387,gps_back
114.85499999999593,10.941499999986263,102.453,1789798656.2003386,gps_back
115.00250000000233,10.965499999991152,102.452,1789798656.4003384,gps_back
115.08049999999639,10.978000000002794,102.45,1789798656.5003386,gps_back
115.15899999999965,10.990500000014435,102.447,1789798656.6003385,gps_back
115.23699999999371,11.002500000002328,102.449,1789798656.7003384,gps_back
115.31500000000233,11.01500000001397,102.44800000000001,1789798656.8003383,gps_back
115.39350000000559,11.027000000001863,102.44800000000001,1789798656.9003384,gps_back
115.54949999999371,11.051500000001397,102.44200000000001,1789798657.1003382,gps_back
115.69700000000012,11.076000000000931,102.44,1789798657.3003383,gps_back
115.84500000000116,11.100500000000466,102.434,1789798657.500338,gps_back
116.00100000000384,11.125,102.429,1789798657.7003381,gps_back
116.15750000000116,11.149499999999534,102.431,1789798657.900338,gps_back
116.30499999999302,11.173999999999069,102.428,1789798658.100338,gps_back
116.46150000000489,11.198499999998603,102.425,1789798658.300338,gps_back
116.61749999999302,11.222999999998137,102.426,1789798658.5003378,gps_back
116.77400000000489,11.247499999997672,102.425,1789798658.700338,gps_back
116.85199999999895,11.260000000009313,102.424,1789798658.8003378,gps_back
116.93050000000221,11.271999999997206,102.425,1789798658.9003377,gps_back
116.99950000000536,11.284000000014203,102.424,1789798659.0003376,gps_back
117.07799999999406,11.285499999998137,102.423,1789798659.1003377,gps_back
117.15649999999732,11.298000000009779,102.421,1789798659.2003376,gps_back
117.23450000000594,11.309999999997672,102.418,1789798659.3003376,gps_back
117.32099999999627,11.333500000007916,102.42,1789798659.4003377,gps_back
117.39900000000489,11.345499999995809,102.422,1789798659.5003376,gps_back
117.4774999999936,11.35800000000745,102.419,1789798659.6003375,gps_back
117.54700000000594,11.369999999995343,102.42,1789798659.7003374,gps_back
117.63400000000547,11.371500000008382,102.418,1789798659.8003376,gps_back
117.70299999999406,11.394499999994878,102.417,1789798659.9003375,gps_back
117.7899999999936,11.40700000000652,102.414,1789798660.0003374,gps_back
117.85950000000594,11.408499999990454,102.413,1789798660.1003373,gps_back
117.94650000000547,11.431500000006054,102.413,1789798660.2003374,gps_back
118.02449999999953,11.443999999988591,102.409,1789798660.3003373,gps_back
118.1024999999936,11.456000000005588,102.411,1789798660.4003372,gps_back
118.17200000000594,11.468499999988126,102.41,1789798660.5003374,gps_back
118.25,11.480500000005122,102.408,1789798660.6003373,gps_back
118.32850000000326,11.49299999998766,102.407,1789798660.7003372,gps_back
118.4149999999936,11.505000000004657,102.407,1789798660.800337,gps_back
118.48450000000594,11.517499999987194,102.405,1789798660.9003372,gps_back
118.57150000000547,11.529999999998836,102.403,1789798661.0003371,gps_back
118.64949999999953,11.541999999986729,102.399,1789798661.100337,gps_back
118.7280000000028,11.55449999999837,102.397,1789798661.200337,gps_back
118.79750000000058,11.566499999986263,102.394,1789798661.300337,gps_back
118.88400000000547,11.578999999997905,102.394,1789798661.400337,gps_back
118.9539999999979,11.579999999987194,102.393,1789798661.500337,gps_back
119.03200000000652,11.592499999998836,102.391,1789798661.6003368,gps_back
119.11000000000058,11.615500000014435,102.389,1789798661.700337,gps_back
119.18799999999464,11.627999999996973,102.387,1789798661.8003368,gps_back
119.27499999999418,11.64000000001397,102.388,1789798661.9003367,gps_back
119.34450000000652,11.652499999996508,102.386,1789798662.000337,gps_back
119.42250000000058,11.664500000013504,102.382,1789798662.1003368,gps_back
119.50950000000012,11.665999999997439,102.382,1789798662.2003367,gps_back
119.65700000000652,11.701499999995576,102.38,1789798662.4003367,gps_back
119.81350000000384,11.72599999999511,102.378,1789798662.6003366,gps_back
119.97000000000116,11.739499999996042,102.374,1789798662.8003366,gps_back
120.12600000000384,11.763999999995576,102.375,1789798663.0003364,gps_back
120.28250000000116,11.799499999993714,102.373,1789798663.2003365,gps_back
120.43899999999849,11.81349999998929,102.363,1789798663.4003363,gps_back
120.59500000000116,11.837999999988824,102.363,1789798663.6003363,gps_back
120.67299999999523,11.85000000000582,102.35900000000001,1789798663.7003362,gps_back
120.75149999999849,11.862499999988358,102.36200000000001,1789798663.8003361,gps_back
120.8295000000071,11.874500000005355,102.361,1789798663.9003363,gps_back
120.90750000000116,11.897999999986496,102.36200000000001,1789798664.0003362,gps_back
120.98549999999523,11.910000000003492,102.35900000000001,1789798664.100336,gps_back
121.06399999999849,11.92249999998603,102.36200000000001,1789798664.2003362,gps_back
121.22049999999581,11.935999999986961,102.355,1789798664.400336,gps_back
121.29850000000442,11.948499999998603,102.35900000000001,1789798664.500336,gps_back
121.37649999999849,11.971500000014203,102.358,1789798664.600336,gps_back
121.45500000000175,11.972999999998137,102.35600000000001,1789798664.700336,gps_back
121.53250000000116,11.996000000013737,102.357,1789798664.800336,gps_back
121.61100000000442,11.997499999997672,102.357,1789798664.9003358,gps_back
121.68899999999849,12.009499999985565,102.354,1789798665.000336,gps_back
121.76750000000175,12.021999999997206,102.354,1789798665.1003358,gps_back
121.84549999999581,12.045000000012806,102.352,1789798665.2003357,gps_back
121.92350000000442,12.057499999995343,102.35000000000001,1789798665.300336,gps_back
122.00149999999849,12.080500000010943,102.34700000000001,1789798665.4003358,gps_back
122.0795000000071,12.092499999998836,102.34100000000001,1789798665.5003357,gps_back
122.15799999999581,12.105000000010477,102.342,1789798665.6003356,gps_back
122.23600000000442,12.117499999993015,102.339,1789798665.7003357,gps_back
122.30499999999302,12.14000000001397,102.34100000000001,1789798665.8003356,gps_back
122.3920000000071,12.152499999996508,102.34,1789798665.9003356,gps_back
122.47000000000116,12.176000000006752,102.34,1789798666.0003355,gps_back
122.54799999999523,12.187999999994645,102.339,1789798666.1003356,gps_back
122.62600000000384,12.211000000010245,102.34,1789798666.2003355,gps_back
122.69550000000163,12.223499999992782,102.337,1789798666.3003354,gps_back
122.77349999999569,12.246500000008382,102.34,1789798666.4003356,gps_back
122.85150000000431,12.269499999994878,102.34,1789798666.5003355,gps_back
123.00800000000163,12.293999999994412,102.339,1789798666.7003353,gps_back
123.16400000000431,12.318499999993946,102.331,1789798666.9003353,gps_back
123.3289999999979,12.343499999988126,102.32600000000001,1789798667.1003351,gps_back
123.48500000000058,12.378999999986263,102.32600000000001,1789798667.3003352,gps_back
123.63300000000163,12.402999999991152,102.325,1789798667.5003352,gps_back
123.79750000000058,12.43849999998929,102.327,1789798667.700335,gps_back
123.9539999999979,12.463500000012573,102.321,1789798667.900335,gps_back
124.11049999999523,12.488000000012107,102.31700000000001,1789798668.100335,gps_back
124.2664999999979,12.522999999986496,102.318,1789798668.300335,gps_back
124.43150000000605,12.548000000009779,102.315,1789798668.5003347,gps_back
124.58749999999418,12.583500000007916,102.309,1789798668.7003348,gps_back
124.75250000000233,12.60800000000745,102.3,1789798668.9003346,gps_back
124.82200000000012,12.630999999993946,102.297,1789798669.0003347,gps_back
124.908500000005,12.643500000005588,102.299,1789798669.1003346,gps_back
124.98699999999371,12.65549999999348,102.295,1789798669.2003345,gps_back
125.06500000000233,12.679000000003725,102.297,1789798669.3003345,gps_back
125.14250000000175,12.701999999990221,102.296,1789798669.4003346,gps_back
125.22049999999581,12.72500000000582,102.295,1789798669.5003345,gps_back
125.29850000000442,12.748499999986961,102.297,1789798669.6003344,gps_back
125.46349999999802,12.784000000014203,102.29,1789798669.8003345,gps_back
125.54150000000664,12.807000000000698,102.291,1789798669.9003344,gps_back
125.6195000000007,12.829999999987194,102.289,1789798670.0003343,gps_back
125.7664999999979,12.886999999987893,102.286,1789798670.2003343,gps_back
125.92250000000058,12.933500000013737,102.283,1789798670.4003341,gps_back
126.07799999999406,12.990500000014435,102.285,1789798670.6003342,gps_back
126.1475000000064,13.013500000000931,102.288,1789798670.700334,gps_back
126.29399999999441,13.081500000000233,102.284,1789798670.9003341,gps_back
126.44100000000617,13.138000000006286,102.278,1789798671.100334,gps_back
126.50999999999476,13.171999999991385,102.276,1789798671.200334,gps_back
126.58800000000338,13.206000000005588,102.277,1789798671.300334,gps_back
126.65700000000652,13.239999999990687,102.277,1789798671.400334,gps_back
126.73500000000058,13.27400000000489,102.274,1789798671.5003338,gps_back
126.80400000000373,13.296999999991385,102.272,1789798671.600334,gps_back
126.87300000000687,13.330500000010943,102.273,1789798671.7003338,gps_back
126.94199999999546,13.364499999996042,102.271,1789798671.8003337,gps_back
127.02000000000407,13.398500000010245,102.272,1789798671.9003336,gps_back
127.08900000000722,13.432499999995343,102.27,1789798672.0003338,gps_back
127.15799999999581,13.465999999985797,102.27,1789798672.1003337,gps_back
127.22699999999895,13.510999999998603,102.267,1789798672.2003336,gps_back
127.2960000000021,13.545000000012806,102.267,1789798672.3003335,gps_back
127.37350000000151,13.578999999997905,102.266,1789798672.4003336,gps_back
127.4429999999993,13.612499999988358,102.266,1789798672.5003335,gps_back
127.51149999999325,13.657500000001164,102.263,1789798672.6003335,gps_back
127.58049999999639,13.690999999991618,102.267,1789798672.7003336,gps_back
127.64949999999953,13.736000000004424,102.266,1789798672.8003335,gps_back
127.71850000000268,13.78049999999348,102.265,1789798672.9003334,gps_back
127.78750000000582,13.814500000007683,102.265,1789798673.0003333,gps_back
127.85649999999441,13.85899999999674,102.263,1789798673.1003335,gps_back
127.92549999999756,13.893000000010943,102.261,1789798673.2003334,gps_back
127.98549999999523,13.9375,102.256,1789798673.3003333,gps_back
128.05449999999837,13.981999999989057,102.253,1789798673.4003332,gps_back
128.1235000000015,14.027000000001863,102.252,1789798673.5003333,gps_back
128.18349999999919,14.060499999992317,102.253,1789798673.6003332,gps_back
128.25250000000233,14.105500000005122,102.252,1789798673.700333,gps_back
128.32150000000547,14.14999999999418,102.25,1789798673.8003333,gps_back
128.38999999999942,14.19450000001234,102.251,1789798673.9003332,gps_back
128.4505000000063,14.239000000001397,102.251,1789798674.000333,gps_back
128.51949999999488,14.284000000014203,102.251,1789798674.100333,gps_back
128.5795000000071,14.32850000000326,102.255,1789798674.200333,gps_back
128.7170000000042,14.42850000000908,102.254,1789798674.400333,gps_back
128.77700000000186,14.473499999992782,102.254,1789798674.5003328,gps_back
128.846000000005,14.518000000010943,102.259,1789798674.600333,gps_back
128.90600000000268,14.573499999998603,102.257,1789798674.7003329,gps_back
128.97500000000582,14.61799999998766,102.253,1789798674.8003328,gps_back
129.0350000000035,14.66250000000582,102.255,1789798674.900333,gps_back
129.09500000000116,14.71799999999348,102.251,1789798675.0003328,gps_back
129.22349999999278,14.817999999999302,102.245,1789798675.2003326,gps_back
129.3350000000064,14.918000000005122,102.244,1789798675.4003327,gps_back
129.39500000000407,14.973499999992782,102.246,1789798675.5003326,gps_back
129.51499999999942,15.073499999998603,102.251,1789798675.7003326,gps_back
129.5749999999971,15.128499999991618,102.247,1789798675.8003325,gps_back
129.63499999999476,15.184000000008382,102.245,1789798675.9003325,gps_back
129.69500000000698,15.239499999996042,102.245,1789798676.0003324,gps_back
129.7554999999993,15.284000000014203,102.24000000000001,1789798676.1003325,gps_back
129.80650000000605,15.339500000001863,102.239,1789798676.2003324,gps_back
129.86650000000373,15.40549999999348,102.241,1789798676.3003323,gps_back
129.91800000000512,15.450000000011642,102.241,1789798676.4003325,gps_back
129.96899999999732,15.505000000004657,102.244,1789798676.5003324,gps_back
130.028999999995,15.560499999992317,102.248,1789798676.6003323,gps_back
130.08000000000175,15.61600000000908,102.244,1789798676.7003322,gps_back
130.13999999999942,15.682000000000698,102.245,1789798676.8003323,gps_back
130.19150000000081,15.737499999988358,102.244,1789798676.9003322,gps_back
130.24249999999302,15.792500000010477,102.245,1789798677.000332,gps_back
130.30250000000524,15.847999999998137,102.245,1789798677.100332,gps_back
130.35349999999744,15.913999999989755,102.245,1789798677.2003322,gps_back
130.40499999999884,15.96950000000652,102.244,1789798677.300332,gps_back
130.4560000000056,16.035499999998137,102.24000000000001,1789798677.400332,gps_back
130.5069999999978,16.101499999989755,102.238,1789798677.500332,gps_back
130.55800000000454,16.15700000000652,102.241,1789798677.600332,gps_back
130.60899999999674,16.222999999998137,102.24000000000001,1789798677.700332,gps_back
130.6689999999944,16.278499999985797,102.23700000000001,1789798677.8003318,gps_back
130.7115000000049,16.34450000000652,102.236,1789798677.900332,gps_back
130.7630000000063,16.399499999999534,102.238,1789798678.0003319,gps_back
130.8139999999985,16.465499999991152,102.236,1789798678.1003318,gps_back
130.86500000000524,16.53200000000652,102.235,1789798678.2003317,gps_back
130.91599999999744,16.597999999998137,102.233,1789798678.3003318,gps_back
130.95849999999336,16.652999999991152,102.236,1789798678.4003317,gps_back
131.0185000000056,16.71950000000652,102.23100000000001,1789798678.5003316,gps_back
131.06050000000687,16.785499999998137,102.229,1789798678.6003318,gps_back
131.11149999999907,16.851499999989755,102.23400000000001,1789798678.7003317,gps_back
131.153999999995,16.917500000010477,102.23100000000001,1789798678.8003316,gps_back
131.20500000000175,16.983500000002095,102.23,1789798678.9003315,gps_back
131.24749999999767,17.049499999993714,102.23400000000001,1789798679.0003316,gps_back
131.29850000000442,17.115500000014435,102.235,1789798679.1003315,gps_back
131.34100000000035,17.181500000006054,102.236,1789798679.2003314,gps_back
131.38349999999627,17.24749999999767,102.236,1789798679.3003314,gps_back
131.43450000000303,17.31349999998929,102.238,1789798679.4003315,gps_back
131.4765000000043,17.37950000001001,102.236,1789798679.5003314,gps_back
131.51900000000023,17.44550000000163,102.23100000000001,1789798679.6003313,gps_back
131.56149999999616,17.511499999993248,102.232,1789798679.7003312,gps_back
131.6125000000029,17.57750000001397,102.23100000000001,1789798679.8003314,gps_back
131.64599999999336,17.654000000009546,102.22800000000001,1789798679.9003313,gps_back
131.69700000000012,17.72049999999581,102.22800000000001,1789798680.0003312,gps_back
131.73949999999604,17.786499999987427,102.224,1789798680.1003313,gps_back
131.78149999999732,17.852000000013504,102.226,1789798680.2003312,gps_back
131.82399999999325,17.929000000003725,102.224,1789798680.300331,gps_back
131.86599999999453,17.994999999995343,102.226,1789798680.400331,gps_back
131.908500000005,18.06099999998696,102.224,1789798680.5003312,gps_back
131.95100000000093,18.127000000007683,102.22200000000001,1789798680.600331,gps_back
131.9930000000022,18.1929999999993,102.21900000000001,1789798680.700331,gps_back
132.02700000000186,18.258499999996275,102.22,1789798680.8003309,gps_back
132.06900000000314,18.335499999986496,102.21600000000001,1789798680.900331,gps_back
132.11149999999907,18.401500000007218,102.20700000000001,1789798681.000331,gps_back
132.14500000000407,18.46700000000419,102.209,1789798681.1003308,gps_back
132.18700000000536,18.543999999994412,102.205,1789798681.200331,gps_back
132.221000000005,18.60999999998603,102.20400000000001,1789798681.3003309,gps_back
132.2630000000063,18.676000000006752,102.209,1789798681.4003308,gps_back
132.29700000000594,18.741500000003725,102.21000000000001,1789798681.5003307,gps_back
132.3304999999964,18.8179999999993,102.21300000000001,1789798681.6003308,gps_back
132.3640000000014,18.88399999999092,102.224,1789798681.7003307,gps_back
132.40600000000268,18.961000000010245,102.22,1789798681.8003306,gps_back
132.44000000000233,19.026500000007218,102.22,1789798681.9003305,gps_back
132.47299999999814,19.10349999999744,102.21900000000001,1789798682.0003307,gps_back
132.50650000000314,19.179999999993015,102.218,1789798682.1003306,gps_back
132.5405000000028,19.246000000013737,102.21900000000001,1789798682.2003305,gps_back
132.58250000000407,19.322500000009313,102.218,1789798682.3003304,gps_back
132.61599999999453,19.38850000000093,102.22,1789798682.4003305,gps_back
132.64949999999953,19.464999999996508,102.22,1789798682.5003304,gps_back
132.68300000000454,19.541499999992084,102.21600000000001,1789798682.6003304,gps_back
132.70799999999872,19.607500000012806,102.218,1789798682.7003305,gps_back
132.74150000000373,19.684000000008382,102.21900000000001,1789798682.8003304,gps_back
132.77499999999418,19.760500000003958,102.21600000000001,1789798682.9003303,gps_back
132.8000000000029,19.826499999995576,102.214,1789798683.0003302,gps_back
132.83349999999336,19.902999999991152,102.212,1789798683.1003304,gps_back
132.8579999999929,19.97949999998673,102.208,1789798683.2003303,gps_back
132.88300000000163,20.05600000001141,102.212,1789798683.3003302,gps_back
132.91650000000664,20.122000000003027,102.21600000000001,1789798683.40033,gps_back
132.94100000000617,20.198499999998603,102.215,1789798683.5003302,gps_back
132.97449999999662,20.27499999999418,102.212,1789798683.60033,gps_back
132.99950000000536,20.351499999989755,102.21000000000001,1789798683.70033,gps_back
133.0240000000049,20.428000000014435,102.209,1789798683.8003302,gps_back
133.0399999999936,20.50450000001001,102.211,1789798683.90033,gps_back
133.0734999999986,20.581000000005588,102.209,1789798684.00033,gps_back
133.09849999999278,20.657500000001164,102.212,1789798684.1003299,gps_back
133.11449999999604,20.722999999998137,102.215,1789798684.20033,gps_back
133.14800000000105,20.810499999992317,102.212,1789798684.30033,gps_back
133.1640000000043,20.886999999987893,102.211,1789798684.4003298,gps_back
133.18850000000384,20.963500000012573,102.209,1789798684.5003297,gps_back
133.21349999999802,21.04000000000815,102.208,1789798684.6003299,gps_back
133.3125,21.345999999990454,102.203,1789798685.0003297,gps_back
133.33749999999418,21.411499999987427,102.205,1789798685.1003296,gps_back
133.3619999999937,21.488000000012107,102.205,1789798685.2003295,gps_back
133.38700000000244,21.564500000007683,102.20400000000001,1789798685.3003297,gps_back
133.44500000000698,21.717499999998836,102.202,1789798685.5003295,gps_back
133.50350000000617,21.85999999998603,102.202,1789798685.7003295,gps_back
133.55299999999988,22.013000000006286,102.199,1789798685.9003294,gps_back
133.6024999999936,22.16599999999744,102.196,1789798686.1003294,gps_back
133.61849999999686,22.242499999993015,102.202,1789798686.2003293,gps_back
133.6435000000056,22.31899999998859,102.19800000000001,1789798686.3003292,gps_back
133.6594999999943,22.394999999989523,102.197,1789798686.4003294,gps_back
133.68399999999383,22.471500000014203,102.194,1789798686.5003293,gps_back
133.6999999999971,22.54800000000978,102.19500000000001,1789798686.6003292,gps_back
133.71600000000035,22.624500000005355,102.196,1789798686.700329,gps_back
133.7320000000036,22.700500000006286,102.19500000000001,1789798686.8003292,gps_back
133.7569999999978,22.777000000001863,102.196,1789798686.900329,gps_back
133.77300000000105,22.85349999999744,102.19500000000001,1789798687.000329,gps_back
133.7890000000043,22.929999999993015,102.19200000000001,1789798687.100329,gps_back
133.80499999999302,23.00649999998859,102.19200000000001,1789798687.200329,gps_back
133.82099999999627,23.093499999988126,102.187,1789798687.300329,gps_back
133.82850000000326,23.159000000014203,102.187,1789798687.4003289,gps_back
133.84450000000652,23.246000000013737,102.186,1789798687.500329,gps_back
133.86049999999523,23.322500000009313,102.19200000000001,1789798687.600329,gps_back
133.8764999999985,23.398500000010245,102.19,1789798687.7003288,gps_back
133.89250000000175,23.47500000000582,102.191,1789798687.8003287,gps_back
133.89949999999953,23.551500000001397,102.187,1789798687.9003289,gps_back
133.90700000000652,23.63850000000093,102.186,1789798688.0003288,gps_back
133.9140000000043,23.714500000001863,102.188,1789798688.1003287,gps_back
133.9305000000022,23.79099999999744,102.19200000000001,1789798688.2003286,gps_back
133.9375,23.86699999999837,102.193,1789798688.3003287,gps_back
133.9444999999978,23.953999999997905,102.18900000000001,1789798688.4003286,gps_back
133.95200000000477,24.03049999999348,102.186,1789798688.5003285,gps_back
133.96799999999348,24.106499999994412,102.188,1789798688.6003284,gps_back
133.9670000000042,24.182499999995343,102.18900000000001,1789798688.7003286,gps_back
133.9649999999965,24.269499999994878,102.19,1789798688.8003285,gps_back
133.9725000000035,24.345999999990454,102.19800000000001,1789798688.9003284,gps_back
133.971000000005,24.421999999991385,102.19800000000001,1789798689.0003285,gps_back
133.97000000000116,24.497999999992317,102.206,1789798689.1003284,gps_back
133.96799999999348,24.584499999997206,102.208,1789798689.2003284,gps_back
133.9759999999951,24.64999999999418,102.20700000000001,1789798689.3003283,gps_back
133.97449999999662,24.72599999999511,102.203,1789798689.4003284,gps_back
133.97299999999814,24.801999999996042,102.205,1789798689.5003283,gps_back
133.97149999999965,24.888999999995576,102.209,1789798689.6003282,gps_back
133.97000000000116,24.964999999996508,102.20700000000001,1789798689.700328,gps_back
133.96850000000268,25.04099999999744,102.203,1789798689.8003283,gps_back
133.96749999999884,25.11699999999837,102.199,1789798689.9003282,gps_back
133.95750000000407,25.1929999999993,102.199,1789798690.000328,gps_back
133.9554999999964,25.279999999998836,102.208,1789798690.1003282,gps_back
133.94599999999627,25.345000000001164,102.209,1789798690.200328,gps_back
133.93450000000303,25.497000000003027,102.202,1789798690.400328,gps_back
133.92399999999907,25.583500000007916,102.197,1789798690.500328,gps_back
133.9140000000043,25.659500000008848,102.199,1789798690.600328,gps_back
133.903999999995,25.73550000000978,102.19800000000001,1789798690.7003279,gps_back
133.89400000000023,25.81099999998696,102.197,1789798690.8003278,gps_back
133.88400000000547,25.886999999987893,102.19500000000001,1789798690.900328,gps_back
133.86500000000524,25.962999999988824,102.196,1789798691.0003278,gps_back
133.85499999999593,26.03849999999511,102.194,1789798691.1003277,gps_back
133.8359999999957,26.114499999996042,102.194,1789798691.2003276,gps_back
133.82600000000093,26.190499999996973,102.19500000000001,1789798691.3003278,gps_back
133.81600000000617,26.26600000000326,102.19500000000001,1789798691.4003277,gps_back
133.79750000000058,26.34200000000419,102.194,1789798691.5003276,gps_back
133.77850000000035,26.417500000010477,102.193,1789798691.6003277,gps_back
133.75950000000012,26.49350000001141,102.199,1789798691.7003276,gps_back
133.74099999999453,26.55799999998999,102.199,1789798691.8003275,gps_back
133.7225000000035,26.63399999999092,102.2,1789798691.9003274,gps_back
133.70350000000326,26.709499999997206,102.20400000000001,1789798692.0003276,gps_back
133.68499999999767,26.785499999998137,102.205,1789798692.1003275,gps_back
133.66599999999744,26.85000000000582,102.208,1789798692.2003274,gps_back
133.61999999999534,27.00150000001304,102.215,1789798692.4003274,gps_back
133.6009999999951,27.07699999999022,102.215,1789798692.5003273,gps_back
133.59100000000035,27.152999999991152,102.214,1789798692.6003273,gps_back
133.5810000000056,27.228999999992084,102.215,1789798692.7003274,gps_back
133.56200000000536,27.30449999999837,102.21600000000001,1789798692.8003273,gps_back
133.55250000000524,27.3695000000007,102.218,1789798692.9003272,gps_back
133.55100000000675,27.44550000000163,102.22,1789798693.000327,gps_back
133.54099999999744,27.52150000000256,102.22200000000001,1789798693.1003273,gps_back
133.5219999999972,27.597500000003492,102.226,1789798693.2003272,gps_back
133.51200000000244,27.67300000000978,102.23,1789798693.300327,gps_back
133.50199999999313,27.74900000001071,102.232,1789798693.400327,gps_back
133.49199999999837,27.82500000001164,102.235,1789798693.500327,gps_back
133.47299999999814,27.900499999988824,102.235,1789798693.600327,gps_back
133.4719999999943,27.965999999985797,102.235,1789798693.700327,gps_back
133.45299999999406,28.041499999992084,102.236,1789798693.8003268,gps_back
133.45200000000477,28.117499999993015,102.239,1789798693.900327,gps_back
133.43300000000454,28.193499999993946,102.242,1789798694.0003269,gps_back
133.42299999999523,28.269000000000233,102.239,1789798694.1003268,gps_back
133.403999999995,28.345000000001164,102.238,1789798694.200327,gps_back
133.39400000000023,28.431500000006054,102.239,1789798694.3003268,gps_back
133.375,28.507500000006985,102.239,1789798694.4003267,gps_back
133.36500000000524,28.58300000001327,102.242,1789798694.5003266,gps_back
133.36350000000675,28.659500000008848,102.241,1789798694.6003268,gps_back
133.34450000000652,28.746000000013737,102.242,1789798694.7003267,gps_back
133.3344999999972,28.82149999999092,102.246,1789798694.8003266,gps_back
133.32450000000244,28.908499999990454,102.247,1789798694.9003265,gps_back
133.31449999999313,28.984499999991385,102.251,1789798695.0003266,gps_back
133.2954999999929,29.05999999999767,102.253,1789798695.1003265,gps_back
133.28549999999814,29.135999999998603,102.253,1789798695.2003264,gps_back
133.27499999999418,29.222500000003492,102.258,1789798695.3003266,gps_back
133.26499999999942,29.298500000004424,102.258,1789798695.4003265,gps_back
133.25500000000466,29.363500000006752,102.258,1789798695.5003264,gps_back
133.24499999999534,29.450500000006286,102.256,1789798695.6003263,gps_back
133.2259999999951,29.526000000012573,102.256,1789798695.7003264,gps_back
133.22500000000582,29.602000000013504,102.258,1789798695.8003263,gps_back
133.2060000000056,29.678000000014435,102.258,1789798695.9003263,gps_back
133.19550000000163,29.76449999999022,102.258,1789798696.0003262,gps_back
133.14500000000407,30.176500000001397,102.266,1789798696.5003262,gps_back
133.12549999999464,30.27400000000489,102.267,1789798696.600326,gps_back
133.11500000000524,30.371500000008382,102.272,1789798696.700326,gps_back
133.096000000005,30.45800000001327,102.272,1789798696.800326,gps_back
133.08550000000105,30.55549999998766,102.27,1789798696.900326,gps_back
133.0755000000063,30.653499999985797,102.271,1789798697.000326,gps_back
133.05599999999686,30.75099999998929,102.274,1789798697.1003258,gps_back
133.0454999999929,30.848499999992782,102.276,1789798697.200326,gps_back
133.02650000000722,30.945999999996275,102.281,1789798697.3003259,gps_back
133.00750000000698,31.043499999999767,102.284,1789798697.4003258,gps_back
132.99700000000303,31.130000000004657,102.287,1789798697.5003257,gps_back
132.98649999999907,31.22750000000815,102.287,1789798697.6003258,gps_back
132.96749999999884,31.32500000001164,102.286,1789798697.7003257,gps_back
132.95699999999488,31.412000000011176,102.289,1789798697.8003256,gps_back
132.93799999999464,31.509499999985565,102.294,1789798697.9003258,gps_back
132.9189999999944,31.595999999990454,102.294,1789798698.0003257,gps_back
132.89999999999418,31.693499999993946,102.298,1789798698.1003256,gps_back
132.88950000000477,31.79099999999744,102.3,1789798698.2003255,gps_back
132.86999999999534,31.88850000000093,102.296,1789798698.3003256,gps_back
132.8509999999951,31.97500000000582,102.297,1789798698.4003255,gps_back
132.8405000000057,32.07250000000931,102.302,1789798698.5003254,gps_back
132.82150000000547,32.170000000012806,102.304,1789798698.6003253,gps_back
132.80250000000524,32.267499999987194,102.307,1789798698.7003255,gps_back
132.79200000000128,32.353999999992084,102.313,1789798698.8003254,gps_back
132.78149999999732,32.451499999995576,102.312,1789798698.9003253,gps_back
132.74349999999686,32.6359999999986,102.32300000000001,1789798699.1003253,gps_back
132.7329999999929,32.733500000002095,102.325,1789798699.2003253,gps_back
132.6944999999978,32.92850000000908,102.324,1789798699.4003253,gps_back
132.67549999999756,33.025499999988824,102.325,1789798699.5003252,gps_back
132.65649999999732,33.11249999998836,102.325,1789798699.600325,gps_back
132.64599999999336,33.20999999999185,102.33,1789798699.700325,gps_back
132.63550000000396,33.30749999999534,102.33200000000001,1789798699.8003252,gps_back
132.625,33.404999999998836,102.333,1789798699.900325,gps_back
132.61500000000524,33.49199999999837,102.33500000000001,1789798700.000325,gps_back
132.5954999999958,33.58950000000186,102.33500000000001,1789798700.1003249,gps_back
132.56600000000617,33.78450000000885,102.339,1789798700.300325,gps_back
132.5555000000022,33.88200000001234,102.34400000000001,1789798700.4003248,gps_back
132.55400000000373,33.969000000011874,102.34700000000001,1789798700.500325,gps_back
132.5350000000035,34.06649999998626,102.34700000000001,1789798700.6003249,gps_back
132.52449999999953,34.163999999989755,102.345,1789798700.7003248,gps_back
132.50500000000466,34.26149999999325,102.34700000000001,1789798700.8003247,gps_back
132.49499999999534,34.35899999999674,102.352,1789798700.9003248,gps_back
132.47550000000047,34.45650000000023,102.35300000000001,1789798701.0003247,gps_back
132.4655000000057,34.54300000000512,102.35600000000001,1789798701.1003246,gps_back
132.45500000000175,34.640500000008615,102.357,1789798701.2003245,gps_back
132.4250000000029,34.835499999986496,102.36200000000001,1789798701.4003246,gps_back
132.40649999999732,34.92249999998603,102.364,1789798701.5003245,gps_back
132.39599999999336,35.01999999998952,102.36200000000001,1789798701.6003244,gps_back
132.37699999999313,35.10649999999441,102.36800000000001,1789798701.7003245,gps_back
132.35749999999825,35.203999999997905,102.37,1789798701.8003244,gps_back
132.3475000000035,35.290500000002794,102.375,1789798701.9003243,gps_back
132.32799999999406,35.388000000006286,102.377,1789798702.0003245,gps_back
132.31750000000466,35.48550000000978,102.382,1789798702.1003244,gps_back
132.30749999999534,35.57250000000931,102.384,1789798702.2003243,gps_back
132.29700000000594,35.670000000012806,102.383,1789798702.3003242,gps_back
132.28650000000198,35.767499999987194,102.384,1789798702.4003243,gps_back
132.26750000000175,35.85449999998673,102.387,1789798702.5003242,gps_back
132.2569999999978,35.95199999999022,102.385,1789798702.6003242,gps_back
132.24649999999383,36.049499999993714,102.388,1789798702.700324,gps_back
132.23649999999907,36.1359999999986,102.389,1789798702.8003242,gps_back
132.2170000000042,36.233500000002095,102.389,1789798702.900324,gps_back
132.20650000000023,36.33150000000023,102.39,1789798703.000324,gps_back
132.19650000000547,36.41800000000512,102.393,1789798703.100324,gps_back
132.17750000000524,36.515500000008615,102.395,1789798703.200324,gps_back
132.16700000000128,36.61300000001211,102.399,1789798703.300324,gps_back
132.14800000000105,36.69949999998789,102.399,1789798703.4003239,gps_back
132.1374999999971,36.796999999991385,102.4,1789798703.500324,gps_back
132.12699999999313,36.88399999999092,102.402,1789798703.600324,gps_back
132.1079999999929,36.98149999999441,102.402,1789798703.7003238,gps_back
132.0975000000035,37.078999999997905,102.401,1789798703.8003237,gps_back
132.08699999999953,37.165500000002794,102.407,1789798703.9003239,gps_back
132.0679999999993,37.263000000006286,102.406,1789798704.0003238,gps_back
132.05800000000454,37.35000000000582,102.41,1789798704.1003237,gps_back
132.04750000000058,37.44750000000931,102.413,1789798704.2003236,gps_back
132.0280000000057,37.545000000012806,102.412,1789798704.3003237,gps_back
132.01750000000175,37.642499999987194,102.415,1789798704.4003236,gps_back
132.00750000000698,37.72949999998673,102.419,1789798704.5003235,gps_back
131.98850000000675,37.81599999999162,102.421,1789798704.6003237,gps_back
131.9780000000028,37.91349999999511,102.423,1789798704.7003236,gps_back
131.96749999999884,38.0109999999986,102.424,1789798704.8003235,gps_back
131.9484999999986,38.09750000000349,102.425,1789798704.9003234,gps_back
131.93799999999464,38.19550000000163,102.424,1789798705.0003235,gps_back
131.9189999999944,38.28200000000652,102.426,1789798705.1003234,gps_back
131.90899999999965,38.36850000001141,102.432,1789798705.2003233,gps_back
131.88950000000477,38.4659999999858,102.434,1789798705.3003232,gps_back
131.87949999999546,38.553000000014435,102.434,1789798705.4003234,gps_back
131.86000000000058,38.64999999999418,102.432,1789798705.5003233,gps_back
131.85000000000582,38.736999999993714,102.433,1789798705.6003232,gps_back
131.83950000000186,38.834499999997206,102.432,1789798705.700323,gps_back
131.82050000000163,38.921000000002095,102.434,1789798705.8003232,gps_back
131.80999999999767,39.01900000000023,102.436,1789798705.9003232,gps_back
131.8000000000029,39.10550000000512,102.435,1789798706.000323,gps_back
131.78049999999348,39.203000000008615,102.43900000000001,1789798706.1003232,gps_back
131.77049999999872,39.289500000013504,102.441,1789798706.200323,gps_back
131.75100000000384,39.38699999998789,102.438,1789798706.300323,gps_back
131.74049999999988,39.484499999991385,102.43900000000001,1789798706.400323,gps_back
131.73050000000512,39.57149999999092,102.438,1789798706.500323,gps_back
131.7109999999957,39.66899999999441,102.441,1789798706.600323,gps_back
131.70100000000093,39.7554999999993,102.444,1789798706.7003229,gps_back
131.6820000000007,39.853000000002794,102.44500000000001,1789798706.8003228,gps_back
131.67149999999674,39.950500000006286,102.447,1789798706.900323,gps_back
131.66099999999278,40.03750000000582,102.44800000000001,1789798707.0003228,gps_back
131.6420000000071,40.12400000001071,102.453,1789798707.1003227,gps_back
131.63150000000314,40.2215000000142,102.458,1789798707.2003229,gps_back
131.62149999999383,40.30850000001374,102.455,1789798707.3003228,gps_back
131.60199999999895,40.405999999988126,102.45400000000001,1789798707.4003227,gps_back
131.5920000000042,40.492499999993015,102.45700000000001,1789798707.5003226,gps_back
131.57249999999476,40.58999999999651,102.455,1789798707.6003227,gps_back
131.5625,40.6765000000014,102.45400000000001,1789798707.7003226,gps_back
131.55199999999604,40.774499999999534,102.455,1789798707.8003225,gps_back
131.5329999999958,40.861000000004424,102.455,1789798707.9003224,gps_back
131.5225000000064,40.958500000007916,102.456,1789798708.0003226,gps_back
131.5124999999971,41.04550000000745,102.458,1789798708.1003225,gps_back
131.4930000000022,41.142499999987194,102.462,1789798708.2003224,gps_back
131.4829999999929,41.22949999998673,102.467,1789798708.3003223,gps_back
131.4725000000035,41.31599999999162,102.47200000000001,1789798708.4003224,gps_back
131.45350000000326,41.41349999999511,102.474,1789798708.5003223,gps_back
131.4429999999993,41.500499999994645,102.47200000000001,1789798708.6003222,gps_back
131.43249999999534,41.59799999999814,102.47800000000001,1789798708.7003224,gps_back
131.4134999999951,41.68450000000303,102.48,1789798708.8003223,gps_back
131.40350000000035,41.77150000000256,102.48100000000001,1789798708.9003222,gps_back
131.3929999999964,41.869000000006054,102.47800000000001,1789798709.000322,gps_back
131.38250000000698,41.95550000001094,102.479,1789798709.1003222,gps_back
131.36350000000675,42.053000000014435,102.482,1789798709.2003222,gps_back
131.35349999999744,42.14000000001397,102.483,1789798709.300322,gps_back
131.34299999999348,42.23749999998836,102.482,1789798709.400322,gps_back
131.32399999999325,42.32399999999325,102.48100000000001,1789798709.500322,gps_back
131.31350000000384,42.41049999999814,102.485,1789798709.600322,gps_back
131.2945000000036,42.50800000000163,102.488,1789798709.700322,gps_back
131.28399999999965,42.595000000001164,102.486,1789798709.8003218,gps_back
131.26499999999942,42.69250000000466,102.488,1789798709.900322,gps_back
131.25449999999546,42.779000000009546,102.49000000000001,1789798710.0003219,gps_back
131.23549999999523,42.87650000001304,102.49300000000001,1789798710.1003218,gps_back
131.22500000000582,42.96350000001257,102.491,1789798710.200322,gps_back
131.19599999999627,43.14749999999185,102.48700000000001,1789798710.4003217,gps_back
131.18550000000687,43.23399999999674,102.485,1789798710.5003216,gps_back
131.16650000000664,43.33150000000023,102.485,1789798710.6003218,gps_back
131.15600000000268,43.41849999999977,102.49000000000001,1789798710.7003217,gps_back
131.13700000000244,43.50500000000466,102.492,1789798710.8003216,gps_back
131.1180000000022,43.60250000000815,102.49300000000001,1789798710.9003215,gps_back
131.10749999999825,43.68900000001304,102.497,1789798711.0003216,gps_back
131.0969999999943,43.787000000011176,102.498,1789798711.1003215,gps_back
131.07799999999406,43.87349999998696,102.503,1789798711.2003214,gps_back
131.0679999999993,43.95999999999185,102.505,1789798711.3003213,gps_back
131.04899999999907,44.05749999999534,102.505,1789798711.4003215,gps_back
131.02999999999884,44.14400000000023,102.505,1789798711.5003214,gps_back
131.0109999999986,44.23050000000512,102.506,1789798711.6003213,gps_back
130.99150000000373,44.328000000008615,102.509,1789798711.7003214,gps_back
130.9725000000035,44.414500000013504,102.511,1789798711.8003213,gps_back
130.95350000000326,44.51199999998789,102.514,1789798711.9003212,gps_back
130.93450000000303,44.59899999998743,102.521,1789798712.0003211,gps_back
130.9155000000028,44.695999999996275,102.523,1789798712.1003213,gps_back
130.89650000000256,44.78299999999581,102.522,1789798712.2003212,gps_back
130.87750000000233,44.8695000000007,102.526,1789798712.300321,gps_back
130.86699999999837,44.96700000000419,102.525,1789798712.400321,gps_back
130.83950000000186,45.05350000000908,102.522,1789798712.5003211,gps_back
130.83749999999418,45.15100000001257,102.526,1789798712.600321,gps_back
130.81849999999395,45.23749999998836,102.526,1789798712.700321,gps_back
130.7994999999937,45.32449999998789,102.527,1789798712.800321,gps_back
130.78049999999348,45.421999999991385,102.526,1789798712.900321,gps_back
130.77000000000407,45.508499999996275,102.529,1789798713.000321,gps_back
130.75950000000012,45.60599999999977,102.529,1789798713.1003208,gps_back
130.74899999999616,45.70350000000326,102.531,1789798713.200321,gps_back
130.72999999999593,45.790500000002794,102.529,1789798713.3003209,gps_back
130.72000000000116,45.87700000000768,102.528,1789798713.4003208,gps_back
130.70100000000093,45.96350000001257,102.525,1789798713.5003207,gps_back
130.69049999999697,46.05050000001211,102.525,1789798713.6003208,gps_back
130.653999999995,46.158499999990454,102.518,1789798713.7003207,gps_back
130.63499999999476,46.255999999993946,102.512,1789798713.8003206,gps_back
130.62450000000536,46.342499999998836,102.517,1789798713.9003205,gps_back
130.62249999999767,46.44049999999697,102.519,1789798714.0003207,gps_back
130.60400000000664,46.52700000000186,102.517,1789798714.1003206,gps_back
130.59350000000268,46.624500000005355,102.516,1789798714.2003205,gps_back
130.56549999999697,46.72200000000885,102.507,1789798714.3003206,gps_back
130.54649999999674,46.80850000001374,102.505,1789798714.4003205,gps_back
130.53599999999278,46.905999999988126,102.511,1789798714.5003204,gps_back
130.5170000000071,46.992499999993015,102.512,1789798714.6003203,gps_back
130.50650000000314,47.08999999999651,102.513,1789798714.7003205,gps_back
130.4875000000029,47.1765000000014,102.514,1789798714.8003204,gps_back
130.46850000000268,47.27400000000489,102.513,1789798714.9003203,gps_back
130.4670000000042,47.35000000000582,102.542,1789798715.0003202,gps_back
130.45699999999488,47.437000000005355,102.548,1789798715.1003203,gps_back
130.44650000000547,47.53450000000885,102.551,1789798715.2003202,gps_back
130.42750000000524,47.62100000001374,102.554,1789798715.3003201,gps_back
130.4079999999958,47.718499999988126,102.556,1789798715.4003203,gps_back
130.39800000000105,47.80549999998766,102.56,1789798715.5003202,gps_back
130.37850000000617,47.90249999999651,102.559,1789798715.60032,gps_back
130.36849999999686,47.98949999999604,102.56,1789798715.70032,gps_back
130.36650000000373,48.086999999999534,102.562,1789798715.8003201,gps_back
130.3564999999944,48.17399999999907,102.562,1789798715.90032,gps_back
130.33699999999953,48.27150000000256,102.562,1789798716.00032,gps_back
130.32700000000477,48.35800000000745,102.561,1789798716.1003199,gps_back
130.30800000000454,48.44450000001234,102.553,1789798716.20032,gps_back
130.29750000000058,48.54250000001048,102.55,1789798716.30032,gps_back
130.28750000000582,48.62899999998626,102.545,1789798716.4003198,gps_back
130.2679999999964,48.726499999989755,102.546,1789798716.5003197,gps_back
130.25800000000163,48.81349999998929,102.548,1789798716.6003199,gps_back
130.2390000000014,48.89999999999418,102.549,1789798716.7003198,gps_back
130.22849999999744,48.99749999999767,102.551,1789798716.8003197,gps_back
130.2094999999972,49.08400000000256,102.555,1789798716.9003198,gps_back
130.19899999999325,49.181500000006054,102.559,1789798717.0003197,gps_back
130.17999999999302,49.26800000001094,102.56,1789798717.1003196,gps_back
130.16099999999278,49.365500000014435,102.566,1789798717.2003195,gps_back
130.15050000000338,49.45250000001397,102.56700000000001,1789798717.3003197,gps_back
130.13150000000314,49.54999999998836,102.569,1789798717.4003196,gps_back
130.13000000000466,49.63649999999325,102.571,1789798717.5003195,gps_back
130.11049999999523,49.73399999999674,102.571,1789798717.6003194,gps_back
130.10050000000047,49.820999999996275,102.571,1789798717.7003195,gps_back
130.0810000000056,49.91849999999977,102.57000000000001,1789798717.8003194,gps_back
130.07099999999627,50.00500000000466,102.57000000000001,1789798717.9003193,gps_back
130.06050000000687,50.10250000000815,102.569,1789798718.0003195,gps_back
130.0500000000029,50.200500000006286,102.57000000000001,1789798718.1003194,gps_back
130.02049999999872,50.384499999985565,102.57000000000001,1789798718.3003192,gps_back
130.0014999999985,50.470999999990454,102.572,1789798718.4003193,gps_back
129.98249999999825,50.55749999999534,102.574,1789798718.5003192,gps_back
129.98099999999977,50.65549999999348,102.574,1789798718.6003191,gps_back
129.96199999999953,50.74199999999837,102.577,1789798718.700319,gps_back
129.95149999999558,50.83950000000186,102.57600000000001,1789798718.8003192,gps_back
129.93249999999534,50.92600000000675,102.58,1789798718.900319,gps_back
129.92200000000594,51.02400000000489,102.584,1789798719.000319,gps_back
129.9204999999929,51.11050000000978,102.58500000000001,1789798719.100319,gps_back
129.90099999999802,51.20800000001327,102.583,1789798719.200319,gps_back
129.89100000000326,51.295000000012806,102.583,1789798719.300319,gps_back
129.8804999999993,51.392499999987194,102.583,1789798719.4003189,gps_back
129.86149999999907,51.478999999992084,102.587,1789798719.500319,gps_back
129.8509999999951,51.576499999995576,102.593,1789798719.600319,gps_back
129.84100000000035,51.66349999999511,102.59400000000001,1789798719.7003188,gps_back
129.82150000000547,51.7609999999986,102.596,1789798719.8003187,gps_back
129.81149999999616,51.84750000000349,102.59700000000001,1789798719.9003189,gps_back
129.80100000000675,51.93450000000303,102.59700000000001,1789798720.0003188,gps_back
129.78200000000652,52.03200000000652,102.599,1789798720.1003187,gps_back
129.77150000000256,52.11850000001141,102.599,1789798720.2003186,gps_back
129.75250000000233,52.2159999999858,102.601,1789798720.3003187,gps_back
129.74199999999837,52.30249999999069,102.60300000000001,1789798720.4003186,gps_back
129.72299999999814,52.39999999999418,102.605,1789798720.5003185,gps_back
129.71249999999418,52.486999999993714,102.605,1789798720.6003187,gps_back
129.70249999999942,52.5734999999986,102.604,1789798720.7003186,gps_back
129.68349999999919,52.671000000002095,102.60900000000001,1789798720.8003185,gps_back
129.67299999999523,52.75800000000163,102.60900000000001,1789798720.9003184,gps_back
129.653999999995,52.85500000001048,102.61200000000001,1789798721.0003185,gps_back
129.6435000000056,52.94200000001001,102.61500000000001,1789798721.1003184,gps_back
129.63300000000163,53.039500000013504,102.61200000000001,1789798721.2003183,gps_back
129.62300000000687,53.12650000001304,102.611,1789798721.3003182,gps_back
129.60349999999744,53.22399999998743,102.61,1789798721.4003184,gps_back
129.59350000000268,53.31049999999232,102.611,1789798721.5003183,gps_back
129.57450000000244,53.40799999999581,102.61200000000001,1789798721.6003182,gps_back
129.5555000000022,53.4945000000007,102.613,1789798721.700318,gps_back
129.54499999999825,53.59200000000419,102.614,1789798721.8003182,gps_back
129.52599999999802,53.67850000000908,102.614,1789798721.9003181,gps_back
129.51549999999406,53.765500000008615,102.619,1789798722.000318,gps_back
129.49649999999383,53.86300000001211,102.622,1789798722.1003182,gps_back
129.48600000000442,53.94949999998789,102.629,1789798722.200318,gps_back
129.44800000000396,54.133499999996275,102.626,1789798722.400318,gps_back
129.4375,54.22049999999581,102.627,1789798722.500318,gps_back
129.41849999999977,54.3070000000007,102.63,1789798722.600318,gps_back
129.39949999999953,54.40450000000419,102.627,1789798722.7003179,gps_back
129.3804999999993,54.49100000000908,102.633,1789798722.8003178,gps_back
129.36149999999907,54.57750000001397,102.636,1789798722.900318,gps_back
129.3509999999951,54.67499999998836,102.637,1789798723.0003178,gps_back
129.33199999999488,54.76199999998789,102.635,1789798723.1003177,gps_back
129.32200000000012,54.84849999999278,102.637,1789798723.2003176,gps_back
129.31149999999616,54.945999999996275,102.644,1789798723.3003178,gps_back
129.29249999999593,55.032500000001164,102.644,1789798723.4003177,gps_back
129.28200000000652,55.1304999999993,102.647,1789798723.5003176,gps_back
129.27150000000256,55.21700000000419,102.651,1789798723.6003177,gps_back
129.25250000000233,55.31450000000768,102.653,1789798723.7003176,gps_back
129.2335000000021,55.40100000001257,102.653,1789798723.8003175,gps_back
129.22349999999278,55.48800000001211,102.655,1789798723.9003174,gps_back
129.2045000000071,55.57449999998789,102.656,1789798724.0003176,gps_back
129.19400000000314,55.671999999991385,102.654,1789798724.1003175,gps_back
129.1750000000029,55.758499999996275,102.654,1789798724.2003174,gps_back
129.16449999999895,55.85599999999977,102.651,1789798724.3003173,gps_back
129.153999999995,55.9429999999993,102.652,1789798724.4003174,gps_back
129.13499999999476,56.040500000002794,102.652,1789798724.5003173,gps_back
129.11599999999453,56.138000000006286,102.651,1789798724.6003172,gps_back
129.10550000000512,56.224500000011176,102.653,1789798724.7003174,gps_back
129.0865000000049,56.31099999998696,102.652,1789798724.8003173,gps_back
129.0274999999965,56.67949999999837,102.655,1789798725.2003171,gps_back
129.0170000000071,56.77700000000186,102.65,1789798725.300317,gps_back
129.0069999999978,56.8640000000014,102.649,1789798725.400317,gps_back
128.98799999999756,56.96150000000489,102.647,1789798725.500317,gps_back
128.96850000000268,57.05850000001374,102.651,1789798725.600317,gps_back
128.95849999999336,57.14550000001327,102.655,1789798725.700317,gps_back
128.9389999999985,57.24299999998766,102.653,1789798725.8003168,gps_back
128.91999999999825,57.32949999999255,102.657,1789798725.900317,gps_back
128.90099999999802,57.41599999999744,102.66,1789798726.0003169,gps_back
128.89100000000326,57.51350000000093,102.657,1789798726.1003168,gps_back
128.8804999999993,57.600500000000466,102.658,1789798726.200317,gps_back
128.86999999999534,57.69800000000396,102.657,1789798726.3003168,gps_back
128.85950000000594,57.79550000000745,102.658,1789798726.4003167,gps_back
128.84949999999662,57.882500000006985,102.658,1789798726.5003166,gps_back
128.83000000000175,57.98000000001048,102.655,1789798726.6003168,gps_back
128.82000000000698,58.06649999998626,102.66,1789798726.7003167,gps_back
128.80049999999756,58.163999999989755,102.659,1789798726.8003166,gps_back
128.7905000000028,58.250499999994645,102.661,1789798726.9003165,gps_back
128.77999999999884,58.34849999999278,102.667,1789798727.0003166,gps_back
128.7609999999986,58.43499999999767,102.674,1789798727.1003165,gps_back
128.75049999999464,58.52150000000256,102.684,1789798727.2003164,gps_back
128.74049999999988,58.619000000006054,102.684,1789798727.3003166,gps_back
128.721000000005,58.716500000009546,102.687,1789798727.4003165,gps_back
128.71950000000652,58.80350000000908,102.693,1789798727.5003164,gps_back
128.7005000000063,58.89000000001397,102.69800000000001,1789798727.6003163,gps_back
128.69000000000233,58.98800000001211,102.70100000000001,1789798727.7003164,gps_back
128.67999999999302,59.07449999998789,102.697,1789798727.8003163,gps_back
128.6695000000036,59.171999999991385,102.696,1789798727.9003162,gps_back
128.66749999999593,59.26999999998952,102.691,1789798728.0003161,gps_back
128.65750000000116,59.35649999999441,102.688,1789798728.1003163,gps_back
128.63850000000093,59.4429999999993,102.688,1789798728.2003162,gps_back
128.6085000000021,59.638000000006286,102.688,1789798728.400316,gps_back
128.59849999999278,59.72500000000582,102.694,1789798728.5003161,gps_back
128.58800000000338,59.82250000000931,102.697,1789798728.600316,gps_back
128.57749999999942,59.920000000012806,102.694,1789798728.700316,gps_back
128.56699999999546,60.00700000001234,102.699,1789798728.800316,gps_back
128.5570000000007,60.093499999988126,102.699,1789798728.900316,gps_back
128.53800000000047,60.19099999999162,102.70100000000001,1789798729.000316,gps_back
128.5274999999965,60.27799999999115,102.702,1789798729.1003158,gps_back
128.5170000000071,60.375499999994645,102.70100000000001,1789798729.200316,gps_back
128.50650000000314,60.47299999999814,102.70400000000001,1789798729.3003159,gps_back
128.4875000000029,60.55950000000303,102.712,1789798729.4003158,gps_back
128.46850000000268,60.646000000007916,102.718,1789798729.5003157,gps_back
128.45849999999336,60.73300000000745,102.71900000000001,1789798729.6003158,gps_back
128.44800000000396,60.83050000001094,102.717,1789798729.7003157,gps_back
128.4375,60.91750000001048,102.71900000000001,1789798729.8003156,gps_back
128.41849999999977,61.01449999999022,102.726,1789798729.9003155,gps_back
128.4079999999958,61.101499999989755,102.726,1789798730.0003157,gps_back
128.38899999999558,61.19899999999325,102.718,1789798730.1003156,gps_back
128.37850000000617,61.29649999999674,102.72200000000001,1789798730.2003155,gps_back
128.35950000000594,61.38300000000163,102.72500000000001,1789798730.3003156,gps_back
128.34949999999662,61.470000000001164,102.72500000000001,1789798730.4003155,gps_back
128.33000000000175,61.56750000000466,102.721,1789798730.5003154,gps_back
128.3110000000015,61.654000000009546,102.723,1789798730.6003153,gps_back
128.30049999999756,61.75150000001304,102.73,1789798730.7003155,gps_back
128.28149999999732,61.837999999988824,102.732,1789798730.8003154,gps_back
128.2630000000063,61.924499999993714,102.733,1789798730.9003153,gps_back
128.25250000000233,62.021999999997206,102.738,1789798731.0003152,gps_back
128.2335000000021,62.10899999999674,102.738,1789798731.1003153,gps_back
128.22299999999814,62.20650000000023,102.73700000000001,1789798731.2003152,gps_back
128.21249999999418,62.29300000000512,102.73400000000001,1789798731.3003151,gps_back
128.19349999999395,62.390500000008615,102.73100000000001,1789798731.400315,gps_back
128.1744999999937,62.477000000013504,102.733,1789798731.5003152,gps_back
128.15549999999348,62.57449999998789,102.73400000000001,1789798731.600315,gps_back
128.13649999999325,62.66099999999278,102.735,1789798731.700315,gps_back
128.11749999999302,62.74799999999232,102.735,1789798731.8003151,gps_back
128.09799999999814,62.845000000001164,102.74000000000001,1789798731.900315,gps_back
128.0789999999979,62.9320000000007,102.746,1789798732.000315,gps_back
128.06900000000314,63.01850000000559,102.745,1789798732.1003149,gps_back
128.0494999999937,63.11600000000908,102.747,1789798732.200315,gps_back
128.04799999999523,63.203000000008615,102.752,1789798732.300315,gps_back
128.028999999995,63.30050000001211,102.753,1789798732.4003148,gps_back
128.0185000000056,63.38699999998789,102.753,1789798732.5003147,gps_back
128.0,63.47349999999278,102.755,1789798732.6003149,gps_back
127.98050000000512,63.570999999996275,102.756,1789798732.7003148,gps_back
127.97000000000116,63.66849999999977,102.756,1789798732.8003147,gps_back
127.9600000000064,63.7554999999993,102.758,1789798732.9003148,gps_back
127.94100000000617,63.84200000000419,102.759,1789798733.0003147,gps_back
127.93050000000221,63.93950000000768,102.756,1789798733.1003146,gps_back
127.91150000000198,64.02600000001257,102.758,1789798733.2003145,gps_back
127.90099999999802,64.12400000001071,102.754,1789798733.3003147,gps_back
127.88199999999779,64.2104999999865,102.751,1789798733.4003146,gps_back
127.86299999999756,64.30799999998999,102.752,1789798733.5003145,gps_back
127.8524999999936,64.39449999999488,102.755,1789798733.6003144,gps_back
127.84249999999884,64.48149999999441,102.757,1789798733.7003145,gps_back
127.83199999999488,64.5789999999979,102.758,1789798733.8003144,gps_back
127.81299999999464,64.6655000000028,102.762,1789798733.9003143,gps_back
127.79349999999977,64.76300000000629,102.768,1789798734.0003142,gps_back
127.783500000005,64.84950000001118,102.77,1789798734.1003144,gps_back
127.76399999999558,64.94699999998556,102.769,1789798734.2003143,gps_back
127.75400000000081,65.0340000000142,102.767,1789798734.3003142,gps_back
127.73500000000058,65.13149999998859,102.766,1789798734.4003143,gps_back
127.71600000000035,65.21799999999348,102.768,1789798734.5003142,gps_back
127.70549999999639,65.31549999999697,102.773,1789798734.6003141,gps_back
127.68649999999616,65.40200000000186,102.775,1789798734.700314,gps_back
127.67600000000675,65.49950000000536,102.771,1789798734.8003142,gps_back
127.65700000000652,65.58650000000489,102.774,1789798734.900314,gps_back
127.64650000000256,65.68400000000838,102.773,1789798735.000314,gps_back
127.6359999999986,65.77050000001327,102.771,1789798735.100314,gps_back
127.61699999999837,65.85699999998906,102.77,1789798735.200314,gps_back
127.59799999999814,65.95449999999255,102.772,1789798735.300314,gps_back
127.58749999999418,66.05199999999604,102.773,1789798735.4003139,gps_back
127.56849999999395,66.13899999999558,102.777,1789798735.5003138,gps_back
127.55800000000454,66.23649999999907,102.781,1789798735.600314,gps_back
127.53900000000431,66.32300000000396,102.783,1789798735.7003138,gps_back
127.52850000000035,66.42050000000745,102.781,1789798735.8003137,gps_back
127.50999999999476,66.50700000001234,102.783,1789798735.9003139,gps_back
127.49950000000536,66.60500000001048,102.784,1789798736.0003138,gps_back
127.4890000000014,66.69149999998626,102.786,1789798736.1003137,gps_back
127.45100000000093,66.87549999999464,102.789,1789798736.3003137,gps_back
127.44049999999697,66.97299999999814,102.79,1789798736.4003136,gps_back
127.42149999999674,67.05950000000303,102.79,1789798736.5003135,gps_back
127.41099999999278,67.15750000000116,102.79,1789798736.6003134,gps_back
127.3920000000071,67.24400000000605,102.792,1789798736.7003136,gps_back
127.38150000000314,67.34150000000955,102.791,1789798736.8003135,gps_back
127.36250000000291,67.42800000001444,102.788,1789798736.9003134,gps_back
127.35199999999895,67.52549999998882,102.788,1789798737.0003133,gps_back
127.33299999999872,67.61249999998836,102.792,1789798737.1003134,gps_back
127.32249999999476,67.70999999999185,102.792,1789798737.2003133,gps_back
127.3125,67.79649999999674,102.793,1789798737.3003132,gps_back
127.29349999999977,67.88300000000163,102.795,1789798737.4003134,gps_back
127.27400000000489,67.98050000000512,102.799,1789798737.5003133,gps_back
127.26399999999558,68.06750000000466,102.804,1789798737.6003132,gps_back
127.25350000000617,68.16500000000815,102.806,1789798737.700313,gps_back
127.23450000000594,68.25150000001304,102.808,1789798737.8003132,gps_back
127.2155000000057,68.34899999998743,102.808,1789798737.9003131,gps_back
127.20500000000175,68.43599999998696,102.809,1789798738.000313,gps_back
127.18600000000151,68.53299999999581,102.808,1789798738.100313,gps_back
127.16700000000128,68.61999999999534,102.815,1789798738.200313,gps_back
127.14800000000105,68.71700000000419,102.818,1789798738.300313,gps_back
127.13749999999709,68.80400000000373,102.81700000000001,1789798738.400313,gps_back
127.11849999999686,68.89050000000861,102.819,1789798738.5003128,gps_back
127.1079999999929,68.98800000001211,102.824,1789798738.600313,gps_back
127.08900000000722,69.07500000001164,102.82600000000001,1789798738.7003129,gps_back
127.07850000000326,69.17249999998603,102.828,1789798738.8003128,gps_back
127.05950000000303,69.25899999999092,102.82600000000001,1789798738.900313,gps_back
127.04949999999371,69.34549999999581,102.82600000000001,1789798739.0003128,gps_back
127.02999999999884,69.4429999999993,102.828,1789798739.1003127,gps_back
127.0109999999986,69.52950000000419,102.83,1789798739.2003126,gps_back
127.00100000000384,69.61650000000373,102.831,1789798739.3003128,gps_back
126.98200000000361,69.70300000000861,102.831,1789798739.4003127,gps_back
126.97149999999965,69.80050000001211,102.834,1789798739.5003126,gps_back
126.95249999999942,69.88699999998789,102.837,1789798739.6003125,gps_back
126.94199999999546,69.98499999998603,102.83800000000001,1789798739.7003126,gps_back
126.9320000000007,70.07149999999092,102.839,1789798739.8003125,gps_back
126.92149999999674,70.16899999999441,102.842,1789798739.9003124,gps_back
126.90249999999651,70.2554999999993,102.846,1789798740.0003126,gps_back
126.8920000000071,70.34249999999884,102.84400000000001,1789798740.1003125,gps_back
126.88150000000314,70.44000000000233,102.843,1789798740.2003124,gps_back
126.86250000000291,70.52650000000722,102.84400000000001,1789798740.3003123,gps_back
126.85199999999895,70.62450000000536,102.843,1789798740.4003124,gps_back
126.84200000000419,70.71100000001024,102.845,1789798740.5003123,gps_back
126.83150000000023,70.79749999998603,102.846,1789798740.6003122,gps_back
126.82099999999627,70.89550000001327,102.85000000000001,1789798740.7003121,gps_back
126.81100000000151,70.98199999998906,102.85300000000001,1789798740.8003123,gps_back
126.80049999999756,71.07949999999255,102.85300000000001,1789798740.9003122,gps_back
126.7899999999936,71.16649999999208,102.855,1789798741.000312,gps_back
126.77950000000419,71.26399999999558,102.857,1789798741.100312,gps_back
126.7609999999986,71.35050000000047,102.85900000000001,1789798741.2003121,gps_back
126.74199999999837,71.43700000000536,102.85900000000001,1789798741.300312,gps_back
126.71400000000722,71.53450000000885,102.85900000000001,1789798741.400312,gps_back
126.69500000000698,71.62100000001374,102.85900000000001,1789798741.500312,gps_back
126.68450000000303,71.70800000001327,102.85900000000001,1789798741.600312,gps_back
126.6655000000028,71.80499999999302,102.85900000000001,1789798741.700312,gps_back
126.64650000000256,71.89199999999255,102.858,1789798741.8003118,gps_back
126.6359999999986,71.98949999999604,102.861,1789798741.900312,gps_back
126.62600000000384,72.07600000000093,102.86500000000001,1789798742.0003119,gps_back
126.60700000000361,72.16250000000582,102.866,1789798742.1003118,gps_back
126.59649999999965,72.26050000000396,102.866,1789798742.2003117,gps_back
126.57749999999942,72.34700000000885,102.86800000000001,1789798742.3003118,gps_back
126.56699999999546,72.44450000001234,102.86800000000001,1789798742.4003117,gps_back
126.54799999999523,72.53099999998813,102.86800000000001,1789798742.5003116,gps_back
126.53750000000582,72.62849999999162,102.87,1789798742.6003115,gps_back
126.51850000000559,72.71549999999115,102.874,1789798742.7003117,gps_back
126.50800000000163,72.80199999999604,102.878,1789798742.8003116,gps_back
126.4890000000014,72.89949999999953,102.878,1789798742.9003115,gps_back
126.47900000000664,72.98600000000442,102.878,1789798743.0003116,gps_back
126.46850000000268,73.08400000000256,102.882,1789798743.1003115,gps_back
126.44950000000244,73.17050000000745,102.885,1789798743.2003114,gps_back
126.43899999999849,73.25700000001234,102.882,1789798743.3003113,gps_back
126.41999999999825,73.35449999998673,102.885,1789798743.4003115,gps_back
126.4094999999943,73.44149999998626,102.884,1789798743.5003114,gps_back
126.39049999999406,73.53899999998976,102.884,1789798743.6003113,gps_back
126.38000000000466,73.62549999999464,102.88,1789798743.7003112,gps_back
126.3695000000007,73.72299999999814,102.881,1789798743.8003113,gps_back
126.35950000000594,73.80999999999767,102.881,1789798743.9003112,gps_back
126.3405000000057,73.90750000000116,102.883,1789798744.0003111,gps_back
126.33000000000175,73.99400000000605,102.886,1789798744.100311,gps_back
126.31100000000151,74.09150000000955,102.886,1789798744.2003112,gps_back
126.30049999999756,74.17800000001444,102.887,1789798744.300311,gps_back
126.28149999999732,74.27549999998882,102.889,1789798744.400311,gps_back
126.26249999999709,74.36199999999371,102.892,1789798744.5003111,gps_back
126.25199999999313,74.45999999999185,102.892,1789798744.600311,gps_back
126.2329999999929,74.54649999999674,102.891,1789798744.700311,gps_back
126.21400000000722,74.64400000000023,102.893,1789798744.8003109,gps_back
126.20350000000326,74.73050000000512,102.892,1789798744.900311,gps_back
126.1929999999993,74.82800000000861,102.895,1789798745.000311,gps_back
126.17399999999907,74.91500000000815,102.897,1789798745.1003108,gps_back
126.16400000000431,75.00150000001304,102.896,1789798745.2003107,gps_back
126.15350000000035,75.09899999998743,102.899,1789798745.3003109,gps_back
126.13450000000012,75.18549999999232,102.902,1789798745.4003108,gps_back
126.11500000000524,75.28299999999581,102.902,1789798745.5003107,gps_back
126.09649999999965,75.36999999999534,102.902,1789798745.6003106,gps_back
126.07700000000477,75.46700000000419,102.908,1789798745.7003107,gps_back
126.06699999999546,75.55400000000373,102.907,1789798745.8003106,gps_back
126.05650000000605,75.64050000000861,102.907,1789798745.9003105,gps_back
126.0460000000021,75.73850000000675,102.91,1789798746.0003107,gps_back
126.02700000000186,75.82500000001164,102.909,1789798746.1003106,gps_back
126.00800000000163,75.92249999998603,102.915,1789798746.2003105,gps_back
125.99749999999767,76.00899999999092,102.916,1789798746.3003104,gps_back
125.97849999999744,76.10649999999441,102.919,1789798746.4003105,gps_back
125.9594999999972,76.1929999999993,102.918,1789798746.5003104,gps_back
125.94899999999325,76.2905000000028,102.921,1789798746.6003103,gps_back
125.93899999999849,76.37750000000233,102.92,1789798746.7003102,gps_back
125.91950000000361,76.47500000000582,102.921,1789798746.8003104,gps_back
125.9094999999943,76.56150000001071,102.923,1789798746.9003103,gps_back
125.89900000000489,76.6590000000142,102.926,1789798747.0003102,gps_back
125.88850000000093,76.74600000001374,102.925,1789798747.10031,gps_back
125.87799999999697,76.84349999998813,102.927,1789798747.2003102,gps_back
125.85899999999674,76.92999999999302,102.921,1789798747.3003101,gps_back
125.84849999999278,77.02749999999651,102.92,1789798747.40031,gps_back
125.83849999999802,77.11449999999604,102.921,1789798747.5003102,gps_back
125.82799999999406,77.21199999999953,102.923,1789798747.60031,gps_back
125.81750000000466,77.29899999999907,102.927,1789798747.70031,gps_back
125.8070000000007,77.39650000000256,102.928,1789798747.80031,gps_back
125.78849999999511,77.48300000000745,102.929,1789798747.90031,gps_back
125.7780000000057,77.58050000001094,102.93,1789798748.00031,gps_back
125.75900000000547,77.66699999998673,102.931,1789798748.1003098,gps_back
125.74850000000151,77.76500000001397,102.934,1789798748.2003098,gps_back
125.72950000000128,77.85149999998976,102.934,1789798748.30031,gps_back
125.71899999999732,77.94899999999325,102.935,1789798748.4003098,gps_back
125.69999999999709,78.03549999999814,102.938,1789798748.5003097,gps_back
125.68949999999313,78.13300000000163,102.937,1789798748.6003098,gps_back
125.6704999999929,78.21950000000652,102.936,1789798748.7003098,gps_back
125.66000000000349,78.31750000000466,102.937,1789798748.8003097,gps_back
125.64100000000326,78.40400000000955,102.94,1789798748.9003096,gps_back
125.63099999999395,78.49050000001444,102.943,1789798749.0003097,gps_back
125.61149999999907,78.58799999998882,102.947,1789798749.1003096,gps_back
125.60150000000431,78.67499999998836,102.947,1789798749.2003095,gps_back
125.58199999999488,78.77249999999185,102.95100000000001,1789798749.3003094,gps_back
125.56299999999464,78.85899999999674,102.95100000000001,1789798749.4003096,gps_back
125.54399999999441,78.94550000000163,102.95,1789798749.5003095,gps_back
125.53399999999965,79.04300000000512,102.956,1789798749.6003094,gps_back
125.51499999999942,79.12950000001001,102.959,1789798749.7003093,gps_back
125.50449999999546,79.2270000000135,102.961,1789798749.8003094,gps_back
125.48549999999523,79.31400000001304,102.959,1789798749.9003093,gps_back
125.46600000000035,79.41099999999278,102.959,1789798750.0003092,gps_back
125.45600000000559,79.49799999999232,102.962,1789798750.1003094,gps_back
125.43700000000536,79.5844999999972,102.965,1789798750.2003093,gps_back
125.4265000000014,79.6820000000007,102.96300000000001,1789798750.3003092,gps_back
125.40750000000116,79.77950000000419,102.962,1789798750.400309,gps_back
125.3969999999972,79.86650000000373,102.962,1789798750.5003092,gps_back
125.37799999999697,79.95300000000861,102.964,1789798750.6003091,gps_back
125.36749999999302,80.05050000001211,102.96300000000001,1789798750.700309,gps_back
125.34849999999278,80.13699999998789,102.96300000000001,1789798750.800309,gps_back
125.33849999999802,80.22399999998743,102.96600000000001,1789798750.900309,gps_back
125.31900000000314,80.32149999999092,102.97,1789798751.000309,gps_back
125.30899999999383,80.40799999999581,102.971,1789798751.100309,gps_back
125.28949999999895,80.5054999999993,102.96900000000001,1789798751.2003088,gps_back
125.27950000000419,80.59200000000419,102.97,1789798751.300309,gps_back
125.26900000000023,80.69000000000233,102.971,1789798751.4003088,gps_back
125.25,80.78750000000582,102.97,1789798751.5003088,gps_back
125.23949999999604,80.87400000001071,102.971,1789798751.600309,gps_back
125.22900000000664,80.9715000000142,102.973,1789798751.7003088,gps_back
125.21899999999732,81.05850000001374,102.976,1789798751.8003087,gps_back
125.19950000000244,81.15599999998813,102.97500000000001,1789798751.9003086,gps_back
125.18949999999313,81.24249999999302,102.976,1789798752.0003088,gps_back
125.17900000000373,81.33999999999651,102.97500000000001,1789798752.1003087,gps_back
125.16849999999977,81.4375,102.973,1789798752.2003086,gps_back
125.15799999999581,81.52449999999953,102.97200000000001,1789798752.3003085,gps_back
125.1475000000064,81.62200000000303,102.97,1789798752.4003086,gps_back
125.13749999999709,81.70900000000256,102.971,1789798752.5003085,gps_back
125.12699999999313,81.80650000000605,102.973,1789798752.6003084,gps_back
125.11650000000373,81.89300000001094,102.973,1789798752.7003083,gps_back
125.10649999999441,81.99100000000908,102.97200000000001,1789798752.8003085,gps_back
125.08749999999418,82.07750000001397,102.97200000000001,1789798752.9003084,gps_back
125.0679999999993,82.17499999998836,102.974,1789798753.0003083,gps_back
125.04899999999907,82.2719999999972,102.97,1789798753.1003084,gps_back
125.02999999999884,82.35899999999674,102.971,1789798753.2003083,gps_back
125.01949999999488,82.44550000000163,102.971,1789798753.3003082,gps_back
124.99199999999837,82.54300000000512,102.97500000000001,1789798753.4003081,gps_back
124.98149999999441,82.62950000001001,102.97800000000001,1789798753.5003083,gps_back
124.96249999999418,82.7270000000135,102.97800000000001,1789798753.6003082,gps_back
124.95200000000477,82.82449999998789,102.97800000000001,1789798753.700308,gps_back
124.95050000000629,82.91149999998743,102.97800000000001,1789798753.800308,gps_back
124.92250000000058,82.99799999999232,102.983,1789798753.9003081,gps_back
124.91199999999662,83.09549999999581,102.985,1789798754.000308,gps_back
124.89299999999639,83.1820000000007,102.98700000000001,1789798754.100308,gps_back
124.87399999999616,83.27950000000419,102.991,1789798754.2003078,gps_back
124.86350000000675,83.37700000000768,102.995,1789798754.300308,gps_back
124.84450000000652,83.46400000000722,102.999,1789798754.400308,gps_back
124.82550000000629,83.55050000001211,102.998,1789798754.5003078,gps_back
124.81500000000233,83.6479999999865,103.0,1789798754.600308,gps_back
124.7960000000021,83.73449999999139,102.998,1789798754.7003078,gps_back
124.78549999999814,83.83199999999488,102.998,1789798754.8003078,gps_back
124.77550000000338,83.91899999999441,103.001,1789798754.9003077,gps_back
124.75650000000314,84.0164999999979,103.002,1789798755.0003078,gps_back
124.74599999999919,84.1030000000028,103.003,1789798755.1003077,gps_back
124.72699999999895,84.20050000000629,103.004,1789798755.2003076,gps_back
124.716499999995,84.28700000001118,103.006,1789798755.3003075,gps_back
124.70650000000023,84.37400000001071,103.004,1789798755.4003077,gps_back
124.67849999999453,84.4604999999865,103.006,1789798755.5003076,gps_back
124.66800000000512,84.55799999998999,103.008,1789798755.6003075,gps_back
124.64900000000489,84.64449999999488,103.011,1789798755.7003074,gps_back
124.63000000000466,84.73099999999977,103.013,1789798755.8003075,gps_back
124.61999999999534,84.8289999999979,103.012,1789798755.9003074,gps_back
124.60950000000594,84.9265000000014,103.011,1789798756.0003073,gps_back
124.59900000000198,85.01300000000629,103.011,1789798756.1003075,gps_back
124.58849999999802,85.11050000000978,103.012,1789798756.2003074,gps_back
124.56949999999779,85.19750000000931,103.013,1789798756.3003073,gps_back
124.55950000000303,85.2840000000142,103.014,1789798756.4003072,gps_back
124.5399999999936,85.38149999998859,103.017,1789798756.5003073,gps_back
124.52950000000419,85.47899999999208,103.018,1789798756.6003072,gps_back
124.51050000000396,85.56549999999697,103.02,1789798756.7003071,gps_back
124.50049999999464,85.65249999999651,103.024,1789798756.800307,gps_back
124.48149999999441,85.75,103.02,1789798756.9003072,gps_back
124.471000000005,85.83650000000489,103.02,1789798757.000307,gps_back
124.45200000000477,85.93400000000838,103.021,1789798757.100307,gps_back
124.44150000000081,86.02100000000792,103.021,1789798757.200307,gps_back
124.42250000000058,86.11799999998766,103.02,1789798757.300307,gps_back
124.40350000000035,86.2049999999872,103.022,1789798757.400307,gps_back
124.38450000000012,86.30199999999604,103.024,1789798757.5003068,gps_back
124.37399999999616,86.38899999999558,103.028,1789798757.600307,gps_back
124.35499999999593,86.48649999999907,103.025,1789798757.700307,gps_back
124.33599999999569,86.57300000000396,103.033,1789798757.8003068,gps_back
124.32550000000629,86.67050000000745,103.038,1789798757.9003067,gps_back
124.30650000000605,86.75700000001234,103.035,1789798758.0003068,gps_back
124.28750000000582,86.84400000001187,103.036,1789798758.1003067,gps_back
124.26850000000559,86.94099999999162,103.035,1789798758.2003067,gps_back
124.25800000000163,87.02799999999115,103.035,1789798758.3003066,gps_back
124.2390000000014,87.11449999999604,103.038,1789798758.4003067,gps_back
124.22000000000116,87.21199999999953,103.043,1789798758.5003066,gps_back
124.20100000000093,87.29850000000442,103.044,1789798758.6003065,gps_back
124.19899999999325,87.39650000000256,103.047,1789798758.7003064,gps_back
124.18899999999849,87.48300000000745,103.048,1789798758.8003066,gps_back
124.17849999999453,87.57000000000698,103.048,1789798758.9003065,gps_back
124.16800000000512,87.66750000001048,103.049,1789798759.0003064,gps_back
124.14900000000489,87.76500000001397,103.051,1789798759.1003065,gps_back
124.13850000000093,87.85149999998976,103.051,1789798759.2003064,gps_back
124.12799999999697,87.94899999999325,103.053,1789798759.3003063,gps_back
124.11800000000221,88.03599999999278,103.055,1789798759.4003062,gps_back
124.10749999999825,88.13349999999627,103.057,1789798759.5003064,gps_back
124.0969999999943,88.22049999999581,103.058,1789798759.6003063,gps_back
124.08650000000489,88.3179999999993,103.058,1789798759.7003062,gps_back
124.07649999999558,88.40450000000419,103.061,1789798759.800306,gps_back
124.06600000000617,88.50200000000768,103.063,1789798759.9003062,gps_back
124.04700000000594,88.58900000000722,103.061,1789798760.0003061,gps_back
124.03650000000198,88.68650000001071,103.063,1789798760.100306,gps_back
124.01750000000175,88.7729999999865,103.06700000000001,1789798760.200306,gps_back
123.97950000000128,88.95699999999488,103.06700000000001,1789798760.400306,gps_back
123.96050000000105,89.04349999999977,103.072,1789798760.500306,gps_back
123.94999999999709,89.14100000000326,103.074,1789798760.6003058,gps_back
123.93949999999313,89.2280000000028,103.075,1789798760.700306,gps_back
123.92949999999837,89.32550000000629,103.077,1789798760.8003058,gps_back
123.91049999999814,89.41200000001118,103.077,1789798760.9003057,gps_back
123.89999999999418,89.50949999998556,103.075,1789798761.000306,gps_back
123.88950000000477,89.5965000000142,103.08,1789798761.1003058,gps_back
123.87050000000454,89.69399999998859,103.086,1789798761.2003057,gps_back
123.86000000000058,89.78049999999348,103.086,1789798761.3003056,gps_back
123.84100000000035,89.87799999999697,103.08800000000001,1789798761.4003057,gps_back
123.83049999999639,89.96499999999651,103.089,1789798761.5003057,gps_back
123.81149999999616,90.0625,103.089,1789798761.6003056,gps_back
123.80100000000675,90.14900000000489,103.089,1789798761.7003055,gps_back
123.79099999999744,90.24650000000838,103.09,1789798761.8003056,gps_back
123.7719999999972,90.33300000001327,103.092,1789798761.9003055,gps_back
123.76149999999325,90.43100000001141,103.09400000000001,1789798762.0003054,gps_back
123.75100000000384,90.5174999999872,103.09100000000001,1789798762.1003053,gps_back
123.73200000000361,90.61499999999069,103.092,1789798762.2003055,gps_back
123.72149999999965,90.70149999999558,103.096,1789798762.3003054,gps_back
123.71150000000489,90.78849999999511,103.09400000000001,1789798762.4003053,gps_back
123.69199999999546,90.8859999999986,103.09400000000001,1789798762.5003054,gps_back
123.6820000000007,90.97250000000349,103.105,1789798762.6003053,gps_back
123.66250000000582,91.07000000000698,103.108,1789798762.7003052,gps_back
123.65249999999651,91.15700000000652,103.11200000000001,1789798762.8003051,gps_back
123.6420000000071,91.25450000001001,103.11500000000001,1789798762.9003053,gps_back
123.62300000000687,91.3409999999858,103.119,1789798763.0003052,gps_back
123.61299999999756,91.42749999999069,103.122,1789798763.100305,gps_back
123.59350000000268,91.52499999999418,103.11800000000001,1789798763.200305,gps_back
123.58299999999872,91.62299999999232,103.11200000000001,1789798763.3003051,gps_back
123.57300000000396,91.7094999999972,103.10900000000001,1789798763.400305,gps_back
123.55349999999453,91.8070000000007,103.10600000000001,1789798763.500305,gps_back
123.54349999999977,91.89350000000559,103.10600000000001,1789798763.6003048,gps_back
123.52400000000489,91.99100000000908,103.108,1789798763.700305,gps_back
123.51399999999558,92.07800000000861,103.11,1789798763.800305,gps_back
123.50350000000617,92.17550000001211,103.10900000000001,1789798763.9003048,gps_back
123.48450000000594,92.26199999998789,103.11,1789798764.000305,gps_back
123.47400000000198,92.35949999999139,103.11,1789798764.1003048,gps_back
123.46400000000722,92.44649999999092,103.114,1789798764.2003047,gps_back
123.44449999999779,92.54399999999441,103.113,1789798764.3003047,gps_back
123.43450000000303,92.6304999999993,103.113,1789798764.4003048,gps_back
123.4149999999936,92.7280000000028,103.114,1789798764.5003047,gps_back
123.40499999999884,92.81500000000233,103.11500000000001,1789798764.6003046,gps_back
123.3859999999986,92.91200000001118,103.114,1789798764.7003045,gps_back
123.37549999999464,92.99900000001071,103.117,1789798764.8003047,gps_back
123.36500000000524,93.0854999999865,103.121,1789798764.9003046,gps_back
123.346000000005,93.18299999998999,103.119,1789798765.0003045,gps_back
123.33599999999569,93.26999999998952,103.119,1789798765.1003044,gps_back
123.32550000000629,93.36749999999302,103.12,1789798765.2003045,gps_back
123.30650000000605,93.4539999999979,103.123,1789798765.3003044,gps_back
123.2960000000021,93.5515000000014,103.127,1789798765.4003043,gps_back
123.27700000000186,93.63850000000093,103.128,1789798765.5003045,gps_back
123.2664999999979,93.73600000000442,103.129,1789798765.6003044,gps_back
123.24749999999767,93.82250000000931,103.13,1789798765.7003043,gps_back
123.23699999999371,93.9200000000128,103.131,1789798765.8003042,gps_back
123.22650000000431,94.00700000001234,103.13,1789798765.9003043,gps_back
123.19899999999325,94.09299999999348,103.13,1789798766.0003042,gps_back
123.18850000000384,94.19099999999162,103.13,1789798766.1003041,gps_back
123.16950000000361,94.27749999999651,103.131,1789798766.200304,gps_back
123.15899999999965,94.375,103.132,1789798766.3003042,gps_back
123.13999999999942,94.46150000000489,103.131,1789798766.400304,gps_back
123.13000000000466,94.54850000000442,103.129,1789798766.500304,gps_back
123.11049999999523,94.64600000000792,103.129,1789798766.600304,gps_back
123.09200000000419,94.7325000000128,103.128,1789798766.700304,gps_back
123.08150000000023,94.8299999999872,103.128,1789798766.800304,gps_back
123.06200000000536,94.92749999999069,103.13,1789798766.9003038,gps_back
123.04300000000512,95.01399999999558,103.133,1789798767.000304,gps_back
123.03250000000116,95.11149999999907,103.134,1789798767.100304,gps_back
123.0225000000064,95.1984999999986,103.134,1789798767.2003038,gps_back
123.00350000000617,95.28500000000349,103.133,1789798767.3003037,gps_back
122.99300000000221,95.38250000000698,103.133,1789798767.4003038,gps_back
122.97400000000198,95.46900000001187,103.136,1789798767.5003037,gps_back
122.95500000000175,95.55549999998766,103.138,1789798767.6003036,gps_back
122.93600000000151,95.65299999999115,103.14,1789798767.7003036,gps_back
122.91650000000664,95.75049999999464,103.139,1789798767.8003037,gps_back
122.90649999999732,95.83749999999418,103.14,1789798767.9003036,gps_back
122.89599999999336,95.93499999999767,103.139,1789798768.0003035,gps_back
122.87699999999313,96.02150000000256,103.139,1789798768.1003034,gps_back
122.8579999999929,96.11900000000605,103.139,1789798768.2003036,gps_back
122.84750000000349,96.20550000001094,103.141,1789798768.3003035,gps_back
122.82850000000326,96.30300000001444,103.144,1789798768.4003034,gps_back
122.8179999999993,96.39000000001397,103.144,1789798768.5003035,gps_back
122.80749999999534,96.48749999998836,103.144,1789798768.6003034,gps_back
122.78849999999511,96.57399999999325,103.142,1789798768.7003033,gps_back
122.7780000000057,96.67149999999674,103.142,1789798768.8003032,gps_back
122.75900000000547,96.75800000000163,103.145,1789798768.9003034,gps_back
122.74850000000151,96.85599999999977,103.148,1789798769.0003033,gps_back
122.72999999999593,96.94250000000466,103.15,1789798769.1003032,gps_back
122.71950000000652,97.04000000000815,103.156,1789798769.200303,gps_back
122.70050000000629,97.12650000001304,103.156,1789798769.3003032,gps_back
122.68150000000605,97.21299999998882,103.161,1789798769.4003031,gps_back
122.6710000000021,97.31099999998696,103.165,1789798769.500303,gps_back
122.65200000000186,97.39749999999185,103.164,1789798769.600303,gps_back
122.6414999999979,97.49499999999534,103.166,1789798769.700303,gps_back
122.63099999999395,97.58150000000023,103.168,1789798769.800303,gps_back
122.61199999999371,97.67900000000373,103.168,1789798769.900303,gps_back
122.59299999999348,97.76550000000861,103.169,1789798770.000303,gps_back
122.58299999999872,97.85250000000815,103.17,1789798770.100303,gps_back
122.57249999999476,97.95000000001164,103.172,1789798770.2003028,gps_back
122.56200000000536,98.03700000001118,103.175,1789798770.3003027,gps_back
122.5515000000014,98.13449999998556,103.175,1789798770.400303,gps_back
122.54150000000664,98.22099999999045,103.177,1789798770.5003028,gps_back
122.53100000000268,98.31849999999395,103.177,1789798770.6003027,gps_back
122.51200000000244,98.40549999999348,103.18,1789798770.7003026,gps_back
122.49249999999302,98.50299999999697,103.181,1789798770.8003027,gps_back
122.48249999999825,98.58950000000186,103.184,1789798770.9003026,gps_back
122.4719999999943,98.68700000000536,103.188,1789798771.0003026,gps_back
122.46150000000489,98.77400000000489,103.188,1789798771.1003025,gps_back
122.45100000000093,98.87150000000838,103.187,1789798771.2003026,gps_back
122.4320000000007,98.95800000001327,103.185,1789798771.3003025,gps_back
122.42200000000594,99.05549999998766,103.183,1789798771.4003024,gps_back
122.41150000000198,99.1424999999872,103.183,1789798771.5003026,gps_back
122.39250000000175,99.23999999999069,103.183,1789798771.6003025,gps_back
122.38199999999779,99.32649999999558,103.188,1789798771.7003024,gps_back
122.37149999999383,99.42399999999907,103.18900000000001,1789798771.8003023,gps_back
122.3524999999936,99.51050000000396,103.19200000000001,1789798771.9003024,gps_back
122.34249999999884,99.59750000000349,103.194,1789798772.0003023,gps_back
122.33199999999488,99.69500000000698,103.197,1789798772.1003022,gps_back
122.32150000000547,99.78200000000652,103.199,1789798772.2003021,gps_back
122.29200000000128,99.9659999999858,103.199,1789798772.4003022,gps_back
122.28149999999732,100.06349999998929,103.19500000000001,1789798772.500302,gps_back
122.26300000000629,100.14999999999418,103.19800000000001,1789798772.600302,gps_back
122.25250000000233,100.24799999999232,103.2,1789798772.7003021,gps_back
122.2335000000021,100.3344999999972,103.20100000000001,1789798772.800302,gps_back
122.22299999999814,100.4320000000007,103.202,1789798772.900302,gps_back
122.21249999999418,100.52950000000419,103.20100000000001,1789798773.0003018,gps_back
122.19349999999395,100.61600000000908,103.202,1789798773.100302,gps_back
122.17449999999371,100.70250000001397,103.206,1789798773.200302,gps_back
122.16400000000431,100.80050000001211,103.2,1789798773.3003018,gps_back
122.14500000000407,100.8979999999865,103.199,1789798773.400302,gps_back
122.12600000000384,100.98449999999139,103.202,1789798773.5003018,gps_back
122.11549999999988,101.08199999999488,103.199,1789798773.6003017,gps_back
122.09649999999965,101.16849999999977,103.20100000000001,1789798773.7003016,gps_back
122.07700000000477,101.26600000000326,103.20100000000001,1789798773.8003018,gps_back
122.05800000000454,101.35250000000815,103.203,1789798773.9003017,gps_back
122.04799999999523,101.45000000001164,103.203,1789798774.0003016,gps_back
122.028999999995,101.53700000001118,103.205,1789798774.1003015,gps_back
122.00950000000012,101.63399999999092,103.209,1789798774.2003016,gps_back
121.99049999999988,101.72099999999045,103.212,1789798774.3003016,gps_back
121.98050000000512,101.80749999999534,103.209,1789798774.4003015,gps_back
121.96099999999569,101.90499999999884,103.209,1789798774.5003014,gps_back
121.95100000000093,102.00250000000233,103.20700000000001,1789798774.6003015,gps_back
121.94049999999697,102.08950000000186,103.20700000000001,1789798774.7003014,gps_back
121.92149999999674,102.18700000000536,103.211,1789798774.8003013,gps_back
121.90249999999651,102.27350000001024,103.209,1789798774.9003015,gps_back
121.88300000000163,102.37100000001374,103.211,1789798775.0003014,gps_back
121.8640000000014,102.45749999998952,103.21300000000001,1789798775.1003013,gps_back
121.85349999999744,102.55499999999302,103.212,1789798775.2003012,gps_back
121.84350000000268,102.6414999999979,103.212,1789798775.3003013,gps_back
121.82450000000244,102.7390000000014,103.215,1789798775.4003012,gps_back
121.81399999999849,102.82600000000093,103.21600000000001,1789798775.5003011,gps_back
121.79499999999825,102.92350000000442,103.21600000000001,1789798775.600301,gps_back
121.7844999999943,103.01000000000931,103.22,1789798775.7003012,gps_back
121.77400000000489,103.1075000000128,103.218,1789798775.800301,gps_back
121.75500000000466,103.19450000001234,103.22,1789798775.900301,gps_back
121.73600000000442,103.29149999999208,103.22,1789798776.000301,gps_back
121.72550000000047,103.37849999999162,103.22200000000001,1789798776.100301,gps_back
121.70650000000023,103.46499999999651,103.223,1789798776.200301,gps_back
121.69650000000547,103.5625,103.227,1789798776.3003008,gps_back
121.67750000000524,103.64900000000489,103.22500000000001,1789798776.400301,gps_back
121.66700000000128,103.74700000000303,103.229,1789798776.500301,gps_back
121.65649999999732,103.83350000000792,103.232,1789798776.6003008,gps_back
121.63749999999709,103.93100000001141,103.235,1789798776.7003007,gps_back
121.62699999999313,104.0174999999872,103.236,1789798776.8003008,gps_back
121.62549999999464,104.10449999998673,103.23700000000001,1789798776.9003007,gps_back
121.61500000000524,104.20199999999022,103.238,1789798777.0003006,gps_back
121.60499999999593,104.28899999998976,103.24000000000001,1789798777.1003006,gps_back
121.59450000000652,104.37549999999464,103.244,1789798777.2003007,gps_back
121.57550000000629,104.47299999999814,103.244,1789798777.3003006,gps_back
121.55599999999686,104.57050000000163,103.242,1789798777.4003005,gps_back
121.5460000000021,104.65750000000116,103.24300000000001,1789798777.5003004,gps_back
121.53549999999814,104.74400000000605,103.246,1789798777.6003006,gps_back
121.52499999999418,104.84150000000955,103.245,1789798777.7003005,gps_back
121.51499999999942,104.92850000000908,103.248,1789798777.8003004,gps_back
121.51300000000629,105.02600000001257,103.254,1789798777.9003005,gps_back
121.50299999999697,105.11300000001211,103.256,1789798778.0003004,gps_back
121.4835000000021,105.2104999999865,103.259,1789798778.1003003,gps_back
121.47349999999278,105.29699999999139,103.261,1789798778.2003002,gps_back
121.4545000000071,105.38349999999627,103.261,1789798778.3003004,gps_back
121.44400000000314,105.48149999999441,103.262,1789798778.4003003,gps_back
121.42500000000291,105.5679999999993,103.262,1789798778.5003002,gps_back
121.40600000000268,105.6655000000028,103.264,1789798778.6003,gps_back
121.39549999999872,105.75200000000768,103.265,1789798778.7003002,gps_back
121.37649999999849,105.83850000001257,103.266,1789798778.8003001,gps_back
121.35749999999825,105.92499999998836,103.267,1789798778.9003,gps_back
121.3469999999943,106.0229999999865,103.271,1789798779.0003,gps_back
121.32799999999406,106.10949999999139,103.275,1789798779.1003,gps_back
121.32649999999558,106.20699999999488,103.275,1789798779.2003,gps_back
121.30749999999534,106.29349999999977,103.275,1789798779.3003,gps_back
121.29700000000594,106.3914999999979,103.272,1789798779.4002998,gps_back
121.28699999999662,106.4780000000028,103.275,1789798779.5003,gps_back
121.26750000000175,106.57550000000629,103.275,1789798779.6002998,gps_back
121.25750000000698,106.66250000000582,103.275,1789798779.7002997,gps_back
121.24700000000303,106.74900000001071,103.279,1789798779.8003,gps_back
121.23649999999907,106.8465000000142,103.278,1789798779.9002998,gps_back
121.21749999999884,106.93299999998999,103.281,1789798780.0002997,gps_back
121.20699999999488,107.03099999998813,103.283,1789798780.1002996,gps_back
121.19700000000012,107.11749999999302,103.285,1789798780.2002997,gps_back
121.17750000000524,107.21499999999651,103.284,1789798780.3002996,gps_back
121.158500000005,107.3125,103.284,1789798780.4002995,gps_back
121.14849999999569,107.39900000000489,103.282,1789798780.5002995,gps_back
121.12900000000081,107.49650000000838,103.285,1789798780.6002996,gps_back
121.11000000000058,107.58300000001327,103.287,1789798780.7002995,gps_back
121.09100000000035,107.6700000000128,103.287,1789798780.8002994,gps_back
121.07200000000012,107.76699999999255,103.293,1789798780.9002993,gps_back
121.06149999999616,107.85399999999208,103.298,1789798781.0002995,gps_back
121.04249999999593,107.94049999999697,103.298,1789798781.1002994,gps_back
121.02349999999569,108.03800000000047,103.303,1789798781.2002993,gps_back
121.01350000000093,108.12450000000536,103.301,1789798781.3002994,gps_back
120.99400000000605,108.22200000000885,103.301,1789798781.4002993,gps_back
120.98399999999674,108.30900000000838,103.303,1789798781.5002992,gps_back
120.93349999999919,108.67749999999069,103.303,1789798781.900299,gps_back
120.91449999999895,108.76399999999558,103.302,1789798782.000299,gps_back
120.903999999995,108.86149999999907,103.305,1789798782.1002991,gps_back
120.88550000000396,108.94800000000396,103.313,1789798782.200299,gps_back
120.86650000000373,109.03500000000349,103.312,1789798782.300299,gps_back
120.85599999999977,109.13250000000698,103.315,1789798782.4002988,gps_back
120.83699999999953,109.21900000001187,103.32000000000001,1789798782.500299,gps_back
120.82649999999558,109.31649999998626,103.319,1789798782.600299,gps_back
120.81600000000617,109.4034999999858,103.321,1789798782.7002988,gps_back
120.80550000000221,109.50099999998929,103.322,1789798782.800299,gps_back
120.78650000000198,109.58749999999418,103.325,1789798782.9002988,gps_back
120.76750000000175,109.67399999999907,103.328,1789798783.0002987,gps_back
120.76600000000326,109.7719999999972,103.33,1789798783.1002986,gps_back
120.74700000000303,109.8585000000021,103.327,1789798783.2002988,gps_back
120.73649999999907,109.95600000000559,103.325,1789798783.3002987,gps_back
120.71749999999884,110.04250000001048,103.325,1789798783.4002986,gps_back
120.71600000000035,110.14050000000861,103.324,1789798783.5002985,gps_back
120.70549999999639,110.2270000000135,103.32600000000001,1789798783.6002986,gps_back
120.68649999999616,110.32449999998789,103.32600000000001,1789798783.7002985,gps_back
120.66749999999593,110.41099999999278,103.324,1789798783.8002985,gps_back
120.65700000000652,110.49799999999232,103.32900000000001,1789798783.9002984,gps_back
120.63800000000629,110.59549999999581,103.334,1789798784.0002985,gps_back
120.62750000000233,110.6820000000007,103.336,1789798784.1002984,gps_back
120.6085000000021,110.77950000000419,103.33500000000001,1789798784.2002983,gps_back
120.5789999999979,110.96350000001257,103.336,1789798784.4002984,gps_back
120.56900000000314,111.05050000001211,103.336,1789798784.5002983,gps_back
120.55849999999919,111.13699999998789,103.337,1789798784.6002982,gps_back
120.53949999999895,111.23449999999139,103.342,1789798784.7002983,gps_back
120.528999999995,111.32149999999092,103.342,1789798784.8002982,gps_back
120.51850000000559,111.41899999999441,103.343,1789798784.900298,gps_back
120.49950000000536,111.5054999999993,103.349,1789798785.000298,gps_back
120.48949999999604,111.59200000000419,103.351,1789798785.1002982,gps_back
120.47000000000116,111.68950000000768,103.354,1789798785.200298,gps_back
120.4600000000064,111.77650000000722,103.352,1789798785.300298,gps_back
120.44950000000244,111.87400000001071,103.352,1789798785.4002979,gps_back
120.43050000000221,111.9604999999865,103.352,1789798785.500298,gps_back
120.41999999999825,112.05799999998999,103.354,1789798785.600298,gps_back
120.40099999999802,112.14499999998952,103.354,1789798785.7002978,gps_back
120.39100000000326,112.23149999999441,103.352,1789798785.8002977,gps_back
120.3804999999993,112.3289999999979,103.355,1789798785.9002979,gps_back
120.36999999999534,112.41599999999744,103.357,1789798786.0002978,gps_back
120.35099999999511,112.51350000000093,103.35900000000001,1789798786.1002977,gps_back
120.3405000000057,112.60000000000582,103.361,1789798786.2002978,gps_back
120.32150000000547,112.69750000000931,103.357,1789798786.3002977,gps_back
120.31100000000151,112.7840000000142,103.35600000000001,1789798786.4002976,gps_back
120.29200000000128,112.88149999998859,103.35600000000001,1789798786.5002975,gps_back
120.28149999999732,112.96849999998813,103.35600000000001,1789798786.6002977,gps_back
120.26249999999709,113.05499999999302,103.357,1789798786.7002976,gps_back
120.25250000000233,113.15249999999651,103.357,1789798786.8002975,gps_back
120.2335000000021,113.2390000000014,103.358,1789798786.9002974,gps_back
120.22299999999814,113.33699999999953,103.35900000000001,1789798787.0002975,gps_back
120.21249999999418,113.42350000000442,103.361,1789798787.1002975,gps_back
120.19349999999395,113.52100000000792,103.363,1789798787.2002974,gps_back
120.13450000000012,113.88949999999022,103.374,1789798787.6002972,gps_back
120.11549999999988,113.97599999999511,103.376,1789798787.7002974,gps_back
120.09649999999965,114.0734999999986,103.379,1789798787.8002973,gps_back
120.08599999999569,114.16000000000349,103.378,1789798787.9002972,gps_back
120.06699999999546,114.25750000000698,103.379,1789798788.000297,gps_back
120.05650000000605,114.34450000000652,103.381,1789798788.1002972,gps_back
120.03750000000582,114.43100000001141,103.382,1789798788.200297,gps_back
120.01850000000559,114.5284999999858,103.379,1789798788.300297,gps_back
119.99950000000536,114.61499999999069,103.377,1789798788.400297,gps_back
119.9890000000014,114.71249999999418,103.378,1789798788.500297,gps_back
119.97000000000116,114.79899999999907,103.379,1789798788.600297,gps_back
119.95100000000093,114.89650000000256,103.38,1789798788.7002969,gps_back
119.9320000000007,114.98300000000745,103.384,1789798788.8002968,gps_back
119.91300000000047,115.06950000001234,103.381,1789798788.900297,gps_back
119.89400000000023,115.16699999998673,103.383,1789798789.0002968,gps_back
119.875,115.25349999999162,103.386,1789798789.1002967,gps_back
119.86449999999604,115.34049999999115,103.388,1789798789.2002966,gps_back
119.84549999999581,115.43799999999464,103.391,1789798789.3002968,gps_back
119.8350000000064,115.52449999999953,103.393,1789798789.4002967,gps_back
119.82450000000244,115.62249999999767,103.394,1789798789.5002966,gps_back
119.80550000000221,115.70900000000256,103.394,1789798789.6002967,gps_back
119.78650000000198,115.79550000000745,103.395,1789798789.7002966,gps_back
119.77599999999802,115.89300000001094,103.399,1789798789.8002965,gps_back
119.76600000000326,115.98000000001048,103.401,1789798789.9002964,gps_back
119.7554999999993,116.07750000001397,103.403,1789798790.0002966,gps_back
119.73649999999907,116.16399999998976,103.405,1789798790.1002965,gps_back
119.72599999999511,116.26149999999325,103.405,1789798790.2002964,gps_back
119.71600000000035,116.34849999999278,103.404,1789798790.3002963,gps_back
119.69650000000547,116.44550000000163,103.404,1789798790.4002964,gps_back
119.67750000000524,116.53250000000116,103.405,1789798790.5002964,gps_back
119.67600000000675,116.63000000000466,103.407,1789798790.6002963,gps_back
119.65700000000652,116.71650000000955,103.408,1789798790.7002962,gps_back
119.63800000000629,116.80300000001444,103.408,1789798790.8002963,gps_back
119.62750000000233,116.90100000001257,103.412,1789798790.9002962,gps_back
119.61699999999837,116.98749999998836,103.412,1789798791.000296,gps_back
119.59649999999965,117.17199999999139,103.412,1789798791.2002962,gps_back
119.57749999999942,117.26949999999488,103.412,1789798791.300296,gps_back
119.55849999999919,117.35599999999977,103.414,1789798791.400296,gps_back
119.54799999999523,117.44250000000466,103.415,1789798791.500296,gps_back
119.53750000000582,117.5405000000028,103.419,1789798791.600296,gps_back
119.52700000000186,117.63800000000629,103.418,1789798791.700296,gps_back
119.5170000000071,117.72450000001118,103.418,1789798791.8002958,gps_back
119.50650000000314,117.82199999998556,103.418,1789798791.900296,gps_back
119.48750000000291,117.9090000000142,103.42,1789798792.0002959,gps_back
119.47699999999895,118.00649999998859,103.418,1789798792.1002958,gps_back
119.466499999995,118.09299999999348,103.421,1789798792.2002957,gps_back
119.45600000000559,118.19049999999697,103.419,1789798792.3002958,gps_back
119.44599999999627,118.27749999999651,103.42,1789798792.4002957,gps_back
119.42699999999604,118.3640000000014,103.42,1789798792.5002956,gps_back
119.40799999999581,118.46150000000489,103.421,1789798792.6002955,gps_back
119.3975000000064,118.55900000000838,103.423,1789798792.7002957,gps_back
119.38700000000244,118.64600000000792,103.425,1789798792.8002956,gps_back
119.36800000000221,118.7325000000128,103.427,1789798792.9002955,gps_back
119.35749999999825,118.8299999999872,103.43,1789798793.0002956,gps_back
119.33849999999802,118.92749999999069,103.429,1789798793.1002955,gps_back
119.32799999999406,119.01399999999558,103.432,1789798793.2002954,gps_back
119.3179999999993,119.10099999999511,103.435,1789798793.3002954,gps_back
119.29899999999907,119.1984999999986,103.436,1789798793.4002955,gps_back
119.28849999999511,119.28500000000349,103.437,1789798793.5002954,gps_back
119.26949999999488,119.38250000000698,103.437,1789798793.6002953,gps_back
119.25900000000547,119.46950000000652,103.437,1789798793.7002952,gps_back
119.24000000000524,119.55600000001141,103.437,1789798793.8002954,gps_back
119.221000000005,119.6534999999858,103.43900000000001,1789798793.9002953,gps_back
119.21050000000105,119.73999999999069,103.43900000000001,1789798794.0002952,gps_back
119.19150000000081,119.83749999999418,103.441,1789798794.100295,gps_back
119.18099999999686,119.92449999999371,103.446,1789798794.2002952,gps_back
119.1710000000021,120.0109999999986,103.449,1789798794.300295,gps_back
119.16049999999814,120.1085000000021,103.452,1789798794.400295,gps_back
119.1414999999979,120.19500000000698,103.455,1789798794.5002952,gps_back
119.13099999999395,120.29300000000512,103.458,1789798794.600295,gps_back
119.11199999999371,120.37950000001001,103.459,1789798794.700295,gps_back
119.10199999999895,120.4659999999858,103.45700000000001,1789798794.8002949,gps_back
119.091499999995,120.56349999998929,103.45700000000001,1789798794.900295,gps_back
119.06350000000384,120.64999999999418,103.459,1789798795.000295,gps_back
119.05299999999988,120.74799999999232,103.461,1789798795.1002948,gps_back
119.04300000000512,120.8344999999972,103.462,1789798795.2002947,gps_back
119.02400000000489,120.9210000000021,103.462,1789798795.3002949,gps_back
119.00500000000466,121.01850000000559,103.46300000000001,1789798795.4002948,gps_back
118.98600000000442,121.10500000001048,103.46600000000001,1789798795.5002947,gps_back
118.97550000000047,121.19200000001001,103.47,1789798795.6002946,gps_back
118.96499999999651,121.2895000000135,103.47200000000001,1789798795.7002947,gps_back
118.9545000000071,121.38699999998789,103.473,1789798795.8002946,gps_back
118.94449999999779,121.47399999998743,103.473,1789798795.9002945,gps_back
118.92549999999756,121.56049999999232,103.47200000000001,1789798796.0002944,gps_back
118.9149999999936,121.65799999999581,103.47200000000001,1789798796.1002946,gps_back
118.88550000000396,121.84200000000419,103.47500000000001,1789798796.3002944,gps_back
118.875,121.92900000000373,103.476,1789798796.4002945,gps_back
118.86449999999604,122.02650000000722,103.47800000000001,1789798796.5002944,gps_back
118.83699999999953,122.11300000001211,103.48,1789798796.6002944,gps_back
118.82649999999558,122.2104999999865,103.48,1789798796.7002943,gps_back
118.80749999999534,122.29699999999139,103.48100000000001,1789798796.8002944,gps_back
118.79750000000058,122.38399999999092,103.48400000000001,1789798796.9002943,gps_back
118.7780000000057,122.48149999999441,103.488,1789798797.0002942,gps_back
118.76799999999639,122.5679999999993,103.488,1789798797.100294,gps_back
118.75750000000698,122.6655000000028,103.488,1789798797.2002943,gps_back
118.74700000000303,122.75250000000233,103.488,1789798797.3002942,gps_back
118.7280000000028,122.85000000000582,103.48700000000001,1789798797.400294,gps_back
118.71749999999884,122.93650000001071,103.48700000000001,1789798797.500294,gps_back
118.70699999999488,123.0340000000142,103.489,1789798797.600294,gps_back
118.68850000000384,123.12049999998999,103.49000000000001,1789798797.700294,gps_back
118.67799999999988,123.21849999998813,103.49300000000001,1789798797.800294,gps_back
118.65899999999965,123.30499999999302,103.495,1789798797.9002938,gps_back
118.64849999999569,123.40249999999651,103.496,1789798798.000294,gps_back
118.63800000000629,123.48949999999604,103.497,1789798798.1002939,gps_back
118.61900000000605,123.58650000000489,103.496,1789798798.2002938,gps_back
118.6085000000021,123.67350000000442,103.499,1789798798.300294,gps_back
118.58950000000186,123.77100000000792,103.501,1789798798.4002938,gps_back
118.5789999999979,123.8575000000128,103.501,1789798798.5002937,gps_back
118.56849999999395,123.9549999999872,103.501,1789798798.6002936,gps_back
118.55000000000291,124.04199999998673,103.496,1789798798.7002938,gps_back
118.53949999999895,124.13949999999022,103.498,1789798798.8002937,gps_back
118.52049999999872,124.22599999999511,103.502,1789798798.9002936,gps_back
118.50999999999476,124.3234999999986,103.503,1789798799.0002935,gps_back
118.49049999999988,124.4210000000021,103.504,1789798799.1002936,gps_back
118.48050000000512,124.50800000000163,103.502,1789798799.2002935,gps_back
118.47000000000116,124.59450000000652,103.501,1789798799.3002934,gps_back
118.45100000000093,124.69200000001001,103.504,1789798799.4002934,gps_back
118.44049999999697,124.7784999999858,103.506,1789798799.5002935,gps_back
118.43050000000221,124.87650000001304,103.508,1789798799.6002934,gps_back
118.41150000000198,124.96299999998882,103.511,1789798799.7002933,gps_back
118.40099999999802,125.06049999999232,103.51,1789798799.8002934,gps_back
118.38199999999779,125.1469999999972,103.514,1789798799.9002934,gps_back
118.37149999999383,125.2445000000007,103.515,1789798800.0002933,gps_back
118.3524999999936,125.33150000000023,103.517,1789798800.1002932,gps_back
118.34200000000419,125.41800000000512,103.515,1789798800.2002933,gps_back
118.33150000000023,125.51550000000861,103.514,1789798800.3002932,gps_back
118.3125,125.6020000000135,103.514,1789798800.400293,gps_back
118.30199999999604,125.70000000001164,103.514,1789798800.500293,gps_back
118.283500000005,125.78649999998743,103.517,1789798800.6002932,gps_back
118.27300000000105,125.88399999999092,103.521,1789798800.700293,gps_back
118.26249999999709,125.97049999999581,103.521,1789798800.800293,gps_back
118.24349999999686,126.05749999999534,103.524,1789798800.9002929,gps_back
118.22449999999662,126.15450000000419,103.524,1789798801.000293,gps_back
118.20549999999639,126.24150000000373,103.522,1789798801.100293,gps_back
118.19500000000698,126.33900000000722,103.523,1789798801.2002928,gps_back
118.17600000000675,126.42550000001211,103.525,1789798801.3002927,gps_back
118.15700000000652,126.51199999998789,103.53,1789798801.4002929,gps_back
118.14650000000256,126.60949999999139,103.529,1789798801.5002928,gps_back
118.12750000000233,126.69649999999092,103.53,1789798801.6002927,gps_back
118.11699999999837,126.79399999999441,103.53,1789798801.7002928,gps_back
118.09799999999814,126.8804999999993,103.526,1789798801.8002927,gps_back
118.08749999999418,126.9780000000028,103.53,1789798801.9002926,gps_back
118.06849999999395,127.06450000000768,103.533,1789798802.0002925,gps_back
118.04949999999371,127.15100000001257,103.535,1789798802.1002927,gps_back
118.03900000000431,127.24900000001071,103.538,1789798802.2002926,gps_back
118.02049999999872,127.3354999999865,103.54,1789798802.3002925,gps_back
118.00149999999849,127.42199999999139,103.539,1789798802.4002924,gps_back
117.99099999999453,127.51949999999488,103.541,1789798802.5002925,gps_back
117.9719999999943,127.60599999999977,103.546,1789798802.6002924,gps_back
117.95299999999406,127.69250000000466,103.546,1789798802.7002923,gps_back
117.94250000000466,127.7905000000028,103.547,1789798802.8002923,gps_back
117.9320000000007,127.87700000000768,103.548,1789798802.9002924,gps_back
117.91300000000047,127.96350000001257,103.552,1789798803.0002923,gps_back
117.90249999999651,128.0615000000107,103.551,1789798803.1002922,gps_back
117.89250000000175,128.1479999999865,103.555,1789798803.200292,gps_back
117.87350000000151,128.23449999999139,103.559,1789798803.3002923,gps_back
117.86299999999756,128.32149999999092,103.561,1789798803.4002922,gps_back
117.84399999999732,128.4189999999944,103.558,1789798803.500292,gps_back
117.83349999999336,128.5054999999993,103.565,1789798803.6002922,gps_back
117.81500000000233,128.5920000000042,103.566,1789798803.700292,gps_back
117.80449999999837,128.68950000000768,103.57000000000001,1789798803.800292,gps_back
117.78549999999814,128.77650000000722,103.57300000000001,1789798803.900292,gps_back
117.77499999999418,128.8740000000107,103.57600000000001,1789798804.000292,gps_back
117.75599999999395,128.9604999999865,103.577,1789798804.100292,gps_back
117.74550000000454,129.04699999999139,103.578,1789798804.2002919,gps_back
117.71600000000035,129.2314999999944,103.58200000000001,1789798804.400292,gps_back
117.69700000000012,129.3179999999993,103.57900000000001,1789798804.5002918,gps_back
117.68649999999616,129.4155000000028,103.578,1789798804.6002917,gps_back
117.6765000000014,129.50250000000233,103.578,1789798804.7002916,gps_back
117.65750000000116,129.59950000001118,103.583,1789798804.8002918,gps_back
117.6469999999972,129.6865000000107,103.58500000000001,1789798804.9002917,gps_back
117.62799999999697,129.7729999999865,103.59,1789798805.0002916,gps_back
117.61749999999302,129.87049999999,103.596,1789798805.1002915,gps_back
117.59849999999278,129.95749999998952,103.598,1789798805.2002916,gps_back
117.58849999999802,130.0439999999944,103.59400000000001,1789798805.3002915,gps_back
117.57799999999406,130.1414999999979,103.59400000000001,1789798805.4002914,gps_back
117.55849999999919,130.2390000000014,103.589,1789798805.5002916,gps_back
117.54850000000442,130.32600000000093,103.593,1789798805.6002915,gps_back
117.53800000000047,130.41250000000582,103.596,1789798805.7002914,gps_back
117.51900000000023,130.5100000000093,103.59100000000001,1789798805.8002913,gps_back
117.50849999999627,130.5965000000142,103.599,1789798805.9002914,gps_back
117.49000000000524,130.68350000001374,103.60000000000001,1789798806.0002913,gps_back
117.47049999999581,130.78049999999348,103.599,1789798806.1002913,gps_back
117.46050000000105,130.86749999999302,103.60000000000001,1789798806.2002912,gps_back
117.44999999999709,130.9539999999979,103.599,1789798806.3002913,gps_back
117.43099999999686,131.0515000000014,103.601,1789798806.4002912,gps_back
117.4204999999929,131.14949999999953,103.60000000000001,1789798806.500291,gps_back
117.41000000000349,131.23600000000442,103.599,1789798806.600291,gps_back
117.39100000000326,131.3225000000093,103.59700000000001,1789798806.7002912,gps_back
117.3804999999993,131.4200000000128,103.596,1789798806.800291,gps_back
117.37050000000454,131.50700000001234,103.598,1789798806.900291,gps_back
117.35150000000431,131.60449999998673,103.596,1789798807.0002909,gps_back
117.33250000000407,131.69099999999162,103.596,1789798807.100291,gps_back
117.32200000000012,131.7774999999965,103.598,1789798807.200291,gps_back
117.31149999999616,131.87549999999464,103.601,1789798807.3002908,gps_back
117.29249999999593,131.96199999999953,103.611,1789798807.400291,gps_back
117.27349999999569,132.05950000000303,103.61500000000001,1789798807.5002909,gps_back
117.26300000000629,132.14600000000792,103.62,1789798807.6002908,gps_back
117.25299999999697,132.23300000000745,103.628,1789798807.7002907,gps_back
117.2335000000021,132.3299999999872,103.63,1789798807.8002908,gps_back
117.22349999999278,132.41699999998673,103.631,1789798807.9002907,gps_back
117.2045000000071,132.50349999999162,103.638,1789798808.0002906,gps_back
117.19400000000314,132.6009999999951,103.638,1789798808.1002905,gps_back
117.16449999999895,132.78549999999814,103.635,1789798808.3002906,gps_back
117.14549999999872,132.87200000000303,103.629,1789798808.4002905,gps_back
117.13499999999476,132.98050000000512,103.624,1789798808.5002904,gps_back
117.125,133.05650000000605,103.626,1789798808.6002905,gps_back
117.10550000000512,133.1534999999858,103.627,1789798808.7002904,gps_back
117.08650000000489,133.24050000001444,103.63,1789798808.8002903,gps_back
117.07649999999558,133.31599999999162,103.623,1789798808.9002903,gps_back
117.06650000000081,133.39199999999255,103.634,1789798809.1002903,gps_back
117.05650000000605,133.47899999999208,103.632,1789798809.30029,gps_back
117.0460000000021,133.55449999999837,103.631,1789798809.5002902,gps_back
117.03650000000198,133.6195000000007,103.629,1789798809.7002902,gps_back
117.02650000000722,133.67399999999907,103.633,1789798809.90029,gps_back
117.00800000000163,133.73850000000675,103.641,1789798810.20029,gps_back
117.00699999999779,133.79300000000512,103.63,1789798810.50029,gps_back
116.99700000000303,133.85800000000745,103.628,1789798815.700288,gps_back
116.98750000000291,133.91200000001118,103.622,1789798815.900288,gps_back
116.9774999999936,133.9990000000107,103.626,1789798816.100288,gps_back
116.95799999999872,134.10699999998906,103.632,1789798816.300288,gps_back
116.94800000000396,134.17199999999139,103.637,1789798816.4002879,gps_back
116.93799999999464,134.24799999999232,103.64,1789798816.5002878,gps_back
116.91899999999441,134.32399999999325,103.642,1789798816.600288,gps_back
116.90899999999965,134.41049999999814,103.64,1789798816.7002878,gps_back
116.89849999999569,134.49749999999767,103.639,1789798816.8002877,gps_back
116.87949999999546,134.59450000000652,103.638,1789798816.9002876,gps_back
116.86049999999523,134.68150000000605,103.637,1789798817.0002878,gps_back
116.85000000000582,134.77900000000955,103.64,1789798817.1002877,gps_back
116.83100000000559,134.87650000001304,103.645,1789798817.2002876,gps_back
116.82050000000163,134.97399999998743,103.642,1789798817.3002875,gps_back
116.80999999999767,135.06049999999232,103.639,1789798817.4002876,gps_back
116.79099999999744,135.1579999999958,103.642,1789798817.5002875,gps_back
116.7719999999972,135.2554999999993,103.642,1789798817.6002874,gps_back
116.76149999999325,135.3530000000028,103.639,1789798817.7002876,gps_back
116.74199999999837,135.4505000000063,103.638,1789798817.8002875,gps_back
116.73149999999441,135.54850000000442,103.637,1789798817.9002874,gps_back
116.71249999999418,135.6350000000093,103.638,1789798818.0002873,gps_back
116.69349999999395,135.7325000000128,103.637,1789798818.1002874,gps_back
116.68300000000454,135.8299999999872,103.64,1789798818.2002873,gps_back
116.65350000000035,136.01399999999558,103.636,1789798818.4002872,gps_back
116.64350000000559,136.1009999999951,103.64,1789798818.5002873,gps_back
116.62399999999616,136.19800000000396,103.641,1789798818.6002872,gps_back
116.61350000000675,136.2960000000021,103.641,1789798818.700287,gps_back
116.59450000000652,136.3935000000056,103.639,1789798818.800287,gps_back
116.57550000000629,136.48000000001048,103.644,1789798818.9002872,gps_back
116.56549999999697,136.56649999998626,103.645,1789798819.000287,gps_back
116.55550000000221,136.6314999999886,103.644,1789798819.100287,gps_back
116.5454999999929,136.69649999999092,103.651,1789798819.300287,gps_back
116.53549999999814,136.78349999999045,103.65,1789798819.5002868,gps_back
116.5164999999979,136.84799999999814,103.648,1789798819.7002869,gps_back
116.51549999999406,136.9024999999965,103.649,1789798819.9002867,gps_back
116.49749999999767,136.95650000000023,103.657,1789798820.2002866,gps_back
116.48750000000291,137.01050000000396,103.658,1789798820.7002864,gps_back
116.49749999999767,136.95650000000023,103.66,1789798823.2002857,gps_back
116.49649999999383,137.0109999999986,103.656,1789798823.9002855,gps_back
116.4780000000028,137.0755000000063,103.662,1789798824.2002854,gps_back
116.46799999999348,137.13000000000466,103.663,1789798824.4002852,gps_back
116.45799999999872,137.20550000001094,103.662,1789798824.6002853,gps_back
116.44749999999476,137.29250000001048,103.664,1789798824.800285,gps_back
116.42849999999453,137.39000000001397,103.663,1789798825.0002851,gps_back
116.41899999999441,137.4439999999886,103.664,1789798825.100285,gps_back
116.40899999999965,137.49799999999232,103.664,1789798825.200285,gps_back
116.39949999999953,137.5634999999893,103.661,1789798825.3002849,gps_back
116.38099999999395,137.62799999999697,103.659,1789798825.400285,gps_back
116.36250000000291,137.6820000000007,103.661,1789798825.500285,gps_back
116.34399999999732,137.73600000000442,103.662,1789798825.6002848,gps_back
116.33400000000256,137.80100000000675,103.66,1789798825.7002847,gps_back
116.31549999999697,137.85500000001048,103.658,1789798825.8002849,gps_back
116.29750000000058,137.9090000000142,103.659,1789798825.9002848,gps_back
116.27850000000035,137.97399999998743,103.662,1789798826.0002847,gps_back
116.26900000000023,138.02799999999115,103.664,1789798826.1002848,gps_back
116.25049999999464,138.08199999999488,103.665,1789798826.2002847,gps_back
116.23249999999825,138.1359999999986,103.667,1789798826.3002846,gps_back
116.22250000000349,138.20100000000093,103.667,1789798826.4002845,gps_back
116.21249999999418,138.2554999999993,103.667,1789798826.5002847,gps_back
116.20299999999406,138.30950000000303,103.664,1789798826.6002846,gps_back
116.18450000000303,138.37450000000536,103.665,1789798826.7002845,gps_back
116.18349999999919,138.42850000000908,103.669,1789798826.8002844,gps_back
116.1649999999936,138.4935000000114,103.671,1789798826.9002845,gps_back
116.14650000000256,138.54749999998603,103.673,1789798827.0002844,gps_back
116.12799999999697,138.60149999998976,103.677,1789798827.1002843,gps_back
116.10950000000594,138.65549999999348,103.679,1789798827.2002842,gps_back
116.09100000000035,138.7204999999958,103.682,1789798827.3002844,gps_back
116.06299999999464,138.82850000000326,103.686,1789798827.5002842,gps_back
116.04450000000361,138.88250000000698,103.687,1789798827.600284,gps_back
116.02650000000722,138.9365000000107,103.691,1789798827.7002842,gps_back
116.0164999999979,138.99050000001444,103.691,1789798827.8002841,gps_back
115.99800000000687,139.04449999998906,103.693,1789798827.900284,gps_back
115.97999999999593,139.09849999999278,103.694,1789798828.000284,gps_back
115.94349999999395,139.19550000000163,103.706,1789798828.200284,gps_back
115.91599999999744,139.24950000000536,103.702,1789798828.300284,gps_back
115.88899999999558,139.30350000000908,103.699,1789798828.400284,gps_back
115.87050000000454,139.3575000000128,103.699,1789798828.500284,gps_back
115.84350000000268,139.41149999998743,103.7,1789798828.6002839,gps_back
115.82499999999709,139.46549999999115,103.702,1789798828.7002838,gps_back
115.79799999999523,139.51900000000023,103.70100000000001,1789798828.800284,gps_back
115.77950000000419,139.57300000000396,103.702,1789798828.9002838,gps_back
115.75250000000233,139.62700000000768,103.702,1789798829.0002837,gps_back
115.72550000000047,139.6810000000114,103.703,1789798829.1002836,gps_back
115.6984999999986,139.72349999999278,103.70700000000001,1789798829.2002838,gps_back
115.67149999999674,139.7774999999965,103.71000000000001,1789798829.3002837,gps_back
115.64449999999488,139.83150000000023,103.715,1789798829.4002836,gps_back
115.61749999999302,139.87450000000536,103.72,1789798829.5002835,gps_back
115.5905000000057,139.91750000001048,103.721,1789798829.6002836,gps_back
115.55499999999302,139.97099999999045,103.723,1789798829.7002835,gps_back
115.5280000000057,140.01399999999558,103.727,1789798829.8002834,gps_back
115.50100000000384,140.0570000000007,103.72800000000001,1789798829.9002833,gps_back
115.4655000000057,140.10000000000582,103.73,1789798830.0002835,gps_back
115.42949999999837,140.1534999999858,103.73100000000001,1789798830.1002834,gps_back
115.39400000000023,140.19649999999092,103.727,1789798830.2002833,gps_back
115.3585000000021,140.2390000000014,103.72500000000001,1789798830.3002832,gps_back
115.32300000000396,140.28200000000652,103.727,1789798830.4002833,gps_back
115.2960000000021,140.32500000001164,103.73,1789798830.5002832,gps_back
115.22500000000582,140.39949999999953,103.732,1789798830.7002833,gps_back
115.18949999999313,140.44250000000466,103.73400000000001,1789798830.8002832,gps_back
115.12699999999313,140.5174999999872,103.744,1789798831.000283,gps_back
115.091499999995,140.56049999999232,103.75,1789798831.1002831,gps_back
114.93099999999686,140.75299999999697,103.74000000000001,1789798831.600283,gps_back
114.86000000000058,140.82800000000861,103.746,1789798831.8002827,gps_back
114.78049999999348,140.8914999999979,103.746,1789798832.0002828,gps_back
114.7094999999972,140.96650000000955,103.748,1789798832.2002826,gps_back
114.63000000000466,141.02999999999884,103.752,1789798832.4002826,gps_back
114.55950000000303,141.09400000001187,103.753,1789798832.6002827,gps_back
114.47999999999593,141.1469999999972,103.754,1789798832.8002825,gps_back
114.43600000000151,141.17850000000908,103.753,1789798832.9002824,gps_back
114.36549999999988,141.23199999998906,103.754,1789798833.1002824,gps_back
114.32099999999627,141.26350000000093,103.76,1789798833.2002823,gps_back
114.25049999999464,141.31649999998626,103.759,1789798833.4002824,gps_back
114.20650000000023,141.34849999999278,103.759,1789798833.5002823,gps_back
114.1359999999986,141.40150000000722,103.761,1789798833.700282,gps_back
114.05650000000605,141.45449999999255,103.764,1789798833.9002821,gps_back
113.98600000000442,141.49650000000838,103.765,1789798834.100282,gps_back
113.89800000000105,141.5384999999951,103.765,1789798834.300282,gps_back
113.82799999999406,141.57000000000698,103.768,1789798834.5002818,gps_back
113.74850000000151,141.62249999999767,103.766,1789798834.7002819,gps_back
113.67799999999988,141.66500000000815,103.772,1789798834.900282,gps_back
113.60749999999825,141.72899999999208,103.775,1789798835.1002817,gps_back
113.53699999999662,141.78200000000652,103.775,1789798835.3002818,gps_back
113.46600000000035,141.83499999999185,103.775,1789798835.5002816,gps_back
113.38649999999325,141.89850000001024,103.783,1789798835.7002816,gps_back
113.31600000000617,141.96249999999418,103.782,1789798835.9002814,gps_back
113.24499999999534,142.01550000000861,103.782,1789798836.1002815,gps_back
113.18349999999919,142.0689999999886,103.783,1789798836.3002813,gps_back
113.1304999999993,142.11149999999907,103.786,1789798836.6002812,gps_back
113.08599999999569,142.15400000000955,103.786,1789798837.000281,gps_back
113.1304999999993,142.11149999999907,103.785,1789798838.3002806,gps_back
113.17449999999371,142.06849999999395,103.791,1789798838.8002806,gps_back
113.1304999999993,142.11149999999907,103.786,1789798840.10028,gps_back
113.08599999999569,142.15400000000955,103.777,1789798840.40028,gps_back
113.04200000000128,142.18599999998696,103.776,1789798840.6002798,gps_back
112.99749999999767,142.22849999999744,103.778,1789798840.8002799,gps_back
112.94449999999779,142.27100000000792,103.78,1789798841.0002797,gps_back
112.8914999999979,142.3134999999893,103.782,1789798841.2002797,gps_back
112.84750000000349,142.3454999999958,103.786,1789798841.4002798,gps_back
112.80349999999453,142.37700000000768,103.79,1789798841.6002796,gps_back
112.75049999999464,142.3979999999865,103.788,1789798842.1002793,gps_back
112.79499999999825,142.36600000000908,103.787,1789798848.1002774,gps_back
112.83900000000722,142.3344999999972,103.79,1789798848.8002772,gps_back
112.88300000000163,142.29149999999208,103.779,1789798849.400277,gps_back
112.92750000000524,142.2600000000093,103.774,1789798849.900277,gps_back
112.97149999999965,142.2280000000028,103.775,1789798850.3002768,gps_back
112.92750000000524,142.2600000000093,103.772,1789798852.600276,gps_back
112.87450000000536,142.3024999999907,103.773,1789798853.3002756,gps_back
112.83000000000175,142.33400000000256,103.781,1789798853.7002757,gps_back
112.78599999999278,142.36600000000908,103.785,1789798854.0002754,gps_back
112.7329999999929,142.39749999999185,103.784,1789798854.3002753,gps_back
112.68899999999849,142.42949999999837,103.787,1789798854.5002754,gps_back
112.61900000000605,142.46100000001024,103.792,1789798854.800275,gps_back
112.56600000000617,142.49249999999302,103.791,1789798855.0002751,gps_back
112.50449999999546,142.5240000000049,103.789,1789798855.200275,gps_back
112.43399999999383,142.56599999999162,103.792,1789798855.400275,gps_back
112.37249999999767,142.5975000000035,103.799,1789798855.6002748,gps_back
112.29349999999977,142.62899999998626,103.806,1789798855.8002748,gps_back
112.21450000000186,142.6710000000021,103.806,1789798856.0002747,gps_back
112.13550000000396,142.71299999998882,103.801,1789798856.2002747,gps_back
112.03900000000431,142.75450000001,103.797,1789798856.4002745,gps_back
111.94250000000466,142.78549999999814,103.802,1789798856.6002746,gps_back
111.85450000000128,142.82750000001397,103.799,1789798856.8002746,gps_back
111.79300000000512,142.85899999999674,103.802,1789798856.9002745,gps_back
111.69700000000012,142.88949999999022,103.809,1789798857.1002743,gps_back
111.64400000000023,142.91049999999814,103.811,1789798857.2002745,gps_back
111.591499999995,142.9310000000114,103.812,1789798857.3002744,gps_back
111.53900000000431,142.95199999999022,103.81400000000001,1789798857.4002743,gps_back
111.48649999999907,142.97299999999814,103.81400000000001,1789798857.5002742,gps_back
111.42500000000291,142.9935000000114,103.812,1789798857.6002743,gps_back
111.37249999999767,143.01399999999558,103.82000000000001,1789798857.7002742,gps_back
111.31100000000151,143.0350000000035,103.819,1789798857.8002741,gps_back
111.25849999999627,143.05549999998766,103.822,1789798857.900274,gps_back
111.19700000000012,143.07600000000093,103.824,1789798858.0002742,gps_back
111.14449999999488,143.09700000000885,103.824,1789798858.100274,gps_back
111.09200000000419,143.11799999998766,103.824,1789798858.200274,gps_back
111.03049999999348,143.13850000000093,103.83,1789798858.300274,gps_back
110.96899999999732,143.1590000000142,103.825,1789798858.400274,gps_back
110.90799999999581,143.17949999999837,103.825,1789798858.500274,gps_back
110.85499999999593,143.2005000000063,103.82900000000001,1789798858.6002738,gps_back
110.80250000000524,143.2215000000142,103.831,1789798858.7002738,gps_back
110.75,143.25299999999697,103.828,1789798858.800274,gps_back
110.68850000000384,143.27350000001024,103.82600000000001,1789798858.9002738,gps_back
110.62699999999313,143.30499999999302,103.82600000000001,1789798859.0002737,gps_back
110.57450000000244,143.32600000000093,103.82300000000001,1789798859.1002736,gps_back
110.52150000000256,143.3465000000142,103.824,1789798859.2002738,gps_back
110.46050000000105,143.36699999999837,103.824,1789798859.3002737,gps_back
110.40750000000116,143.3880000000063,103.825,1789798859.4002736,gps_back
110.34649999999965,143.3979999999865,103.82300000000001,1789798859.5002737,gps_back
110.29399999999441,143.40750000000116,103.825,1789798859.6002736,gps_back
110.24150000000373,143.42850000000908,103.827,1789798859.7002735,gps_back
110.18050000000221,143.43799999999464,103.828,1789798859.8002734,gps_back
110.12799999999697,143.44800000000396,103.83200000000001,1789798859.9002736,gps_back
110.07550000000629,143.46900000001187,103.836,1789798860.0002735,gps_back
110.01399999999558,143.47849999999744,103.837,1789798860.1002734,gps_back
109.96199999999953,143.48850000000675,103.837,1789798860.2002733,gps_back
109.9094999999943,143.49849999998696,103.839,1789798860.3002734,gps_back
109.84799999999814,143.51900000000023,103.839,1789798860.4002733,gps_back
109.7954999999929,143.52900000000955,103.84,1789798860.5002732,gps_back
109.74300000000221,143.53899999998976,103.84,1789798860.6002731,gps_back
109.6820000000007,143.55950000000303,103.84100000000001,1789798860.7002733,gps_back
109.62949999999546,143.56950000001234,103.845,1789798860.8002732,gps_back
109.57700000000477,143.57949999999255,103.84700000000001,1789798860.900273,gps_back
109.52449999999953,143.58950000000186,103.84700000000001,1789798861.000273,gps_back
109.46300000000338,143.60999999998603,103.845,1789798861.1002731,gps_back
109.41099999999278,143.61999999999534,103.84400000000001,1789798861.200273,gps_back
109.34949999999662,143.62950000001,103.836,1789798861.300273,gps_back
109.28849999999511,143.63949999999022,103.831,1789798861.4002728,gps_back
109.23600000000442,143.64949999999953,103.831,1789798861.500273,gps_back
109.17500000000291,143.6590000000142,103.82900000000001,1789798861.600273,gps_back
109.12249999999767,143.6689999999944,103.831,1789798861.7002728,gps_back
109.07050000000163,143.66800000000512,103.837,1789798861.8002727,gps_back
109.00900000000547,143.67800000001444,103.83500000000001,1789798861.9002728,gps_back
108.95699999999488,143.67699999999604,103.843,1789798862.0002728,gps_back
108.90450000000419,143.68700000000536,103.84400000000001,1789798862.1002727,gps_back
108.84350000000268,143.68599999998696,103.84,1789798862.2002728,gps_back
108.72999999999593,143.69450000001234,103.839,1789798862.4002726,gps_back
108.66899999999441,143.70449999999255,103.83500000000001,1789798862.5002725,gps_back
108.6079999999929,143.71400000000722,103.83500000000001,1789798862.6002727,gps_back
108.55550000000221,143.71299999998882,103.834,1789798862.7002726,gps_back
108.49499999999534,143.71199999999953,103.834,1789798862.8002725,gps_back
108.44250000000466,143.72200000000885,103.83800000000001,1789798862.9002724,gps_back
108.38150000000314,143.72099999999045,103.839,1789798863.0002725,gps_back
108.32050000000163,143.72000000000116,103.839,1789798863.1002724,gps_back
108.26799999999639,143.73000000001048,103.837,1789798863.2002723,gps_back
108.20699999999488,143.72849999999744,103.84100000000001,1789798863.3002722,gps_back
108.14599999999336,143.72750000000815,103.84100000000001,1789798863.4002724,gps_back
108.0850000000064,143.72649999998976,103.842,1789798863.5002723,gps_back
108.02449999999953,143.72550000000047,103.845,1789798863.6002722,gps_back
107.9719999999943,143.72450000001118,103.84700000000001,1789798863.700272,gps_back
107.91099999999278,143.72349999999278,103.849,1789798863.8002722,gps_back
107.85000000000582,143.7225000000035,103.849,1789798863.9002721,gps_back
107.78949999999895,143.72099999999045,103.849,1789798864.000272,gps_back
107.73699999999371,143.72000000000116,103.849,1789798864.100272,gps_back
107.67600000000675,143.71900000001187,103.851,1789798864.200272,gps_back
107.60649999999441,143.70699999999488,103.849,1789798864.300272,gps_back
107.55449999999837,143.7060000000056,103.848,1789798864.400272,gps_back
107.49349999999686,143.7049999999872,103.846,1789798864.5002718,gps_back
107.43249999999534,143.6929999999993,103.846,1789798864.600272,gps_back
107.3804999999993,143.69200000001,103.84700000000001,1789798864.7002718,gps_back
107.31949999999779,143.69099999999162,103.84700000000001,1789798864.8002717,gps_back
107.25900000000547,143.67900000000373,103.851,1789798864.9002717,gps_back
107.19800000000396,143.67800000001444,103.85300000000001,1789798865.0002718,gps_back
107.14549999999872,143.67699999999604,103.855,1789798865.1002717,gps_back
107.0850000000064,143.66500000000815,103.855,1789798865.2002716,gps_back
107.02400000000489,143.66399999998976,103.857,1789798865.3002717,gps_back
106.96300000000338,143.65200000000186,103.858,1789798865.4002717,gps_back
106.91099999999278,143.65100000001257,103.85900000000001,1789798865.5002716,gps_back
106.85000000000582,143.63899999999558,103.86,1789798865.6002715,gps_back
106.78949999999895,143.62700000000768,103.86,1789798865.7002716,gps_back
106.72849999999744,143.6259999999893,103.86,1789798865.8002715,gps_back
106.66800000000512,143.6140000000014,103.861,1789798865.9002714,gps_back
106.61549999999988,143.6130000000121,103.857,1789798866.0002713,gps_back
106.55499999999302,143.6009999999951,103.85900000000001,1789798866.1002715,gps_back
106.48500000000058,143.60000000000582,103.86,1789798866.2002714,gps_back
106.43300000000454,143.59899999998743,103.857,1789798866.3002713,gps_back
106.37200000000303,143.58699999999953,103.855,1789798866.4002712,gps_back
106.31149999999616,143.58600000001024,103.85300000000001,1789798866.5002713,gps_back
106.25049999999464,143.57399999999325,103.854,1789798866.6002712,gps_back
106.19000000000233,143.56200000000536,103.854,1789798866.7002711,gps_back
106.12900000000081,143.54999999998836,103.854,1789798866.800271,gps_back
106.06849999999395,143.53800000000047,103.855,1789798866.9002712,gps_back
106.00750000000698,143.53700000001118,103.854,1789798867.000271,gps_back
105.94650000000547,143.52499999999418,103.854,1789798867.100271,gps_back
105.89449999999488,143.5240000000049,103.851,1789798867.200271,gps_back
105.83349999999336,143.5119999999879,103.848,1789798867.300271,gps_back
105.7725000000064,143.5109999999986,103.851,1789798867.400271,gps_back
105.71199999999953,143.5100000000093,103.85000000000001,1789798867.5002708,gps_back
105.65099999999802,143.49799999999232,103.852,1789798867.6002707,gps_back
105.5905000000057,143.48600000000442,103.852,1789798867.700271,gps_back
105.52950000000419,143.47399999998743,103.85300000000001,1789798867.8002708,gps_back
105.46850000000268,143.47299999999814,103.85300000000001,1789798867.9002707,gps_back
105.40799999999581,143.46100000001024,103.855,1789798868.0002706,gps_back
105.3469999999943,143.44899999999325,103.854,1789798868.1002707,gps_back
105.29499999999825,143.4375,103.851,1789798868.2002707,gps_back
105.23450000000594,143.4255000000121,103.857,1789798868.3002706,gps_back
105.17350000000442,143.4134999999951,103.858,1789798868.4002705,gps_back
105.11250000000291,143.41200000001118,103.858,1789798868.5002706,gps_back
105.05199999999604,143.40049999998882,103.85600000000001,1789798868.6002705,gps_back
104.99099999999453,143.38850000000093,103.86,1789798868.7002704,gps_back
104.93899999999849,143.37650000001304,103.85900000000001,1789798868.8002706,gps_back
104.8695000000007,143.36449999999604,103.85900000000001,1789798868.9002705,gps_back
104.81750000000466,143.35250000000815,103.86,1789798869.0002704,gps_back
104.75699999999779,143.34049999999115,103.861,1789798869.1002703,gps_back
104.69599999999627,143.32850000000326,103.861,1789798869.2002704,gps_back
104.63550000000396,143.31649999998626,103.861,1789798869.3002703,gps_back
104.58349999999336,143.30499999999302,103.858,1789798869.4002702,gps_back
104.5225000000064,143.29300000000512,103.857,1789798869.5002701,gps_back
104.46199999999953,143.28099999998813,103.855,1789798869.6002703,gps_back
104.40099999999802,143.26900000000023,103.85300000000001,1789798869.7002702,gps_back
104.3405000000057,143.25700000001234,103.852,1789798869.80027,gps_back
104.27950000000419,143.24499999999534,103.851,1789798869.90027,gps_back
104.21899999999732,143.23300000000745,103.851,1789798870.0002701,gps_back
104.16700000000128,143.2215000000142,103.85600000000001,1789798870.10027,gps_back
104.10599999999977,143.2094999999972,103.858,1789798870.20027,gps_back
103.98450000000594,143.19649999999092,103.85900000000001,1789798870.40027,gps_back
103.92350000000442,143.18450000000303,103.858,1789798870.50027,gps_back
103.86299999999756,143.17249999998603,103.858,1789798870.6002698,gps_back
103.80250000000524,143.16049999999814,103.86200000000001,1789798870.7002697,gps_back
103.75,143.15950000000885,103.86200000000001,1789798870.8002698,gps_back
103.68949999999313,143.14749999999185,103.86200000000001,1789798870.9002697,gps_back
103.62850000000617,143.13550000000396,103.863,1789798871.0002697,gps_back
103.5679999999993,143.12349999998696,103.863,1789798871.1002696,gps_back
103.51549999999406,143.12249999999767,103.864,1789798871.2002697,gps_back
103.45500000000175,143.11100000000442,103.86500000000001,1789798871.3002696,gps_back
103.39400000000023,143.09899999998743,103.867,1789798871.4002695,gps_back
103.33349999999336,143.08699999999953,103.869,1789798871.5002694,gps_back
103.2725000000064,143.07500000001164,103.87,1789798871.6002696,gps_back
103.22049999999581,143.06299999999464,103.872,1789798871.7002695,gps_back
103.1594999999943,143.06200000000536,103.872,1789798871.8002694,gps_back
103.09900000000198,143.04999999998836,103.872,1789798871.9002693,gps_back
103.03800000000047,143.03800000000047,103.874,1789798872.0002694,gps_back
102.98600000000442,143.02650000000722,103.874,1789798872.1002693,gps_back
102.92500000000291,143.02499999999418,103.873,1789798872.2002692,gps_back
102.80349999999453,143.00150000001304,103.87,1789798872.4002693,gps_back
102.74300000000221,142.98949999999604,103.87,1789798872.5002692,gps_back
102.69049999999697,142.98850000000675,103.87,1789798872.600269,gps_back
102.63000000000466,142.97649999998976,103.874,1789798872.700269,gps_back
102.56900000000314,142.96450000000186,103.873,1789798872.8002691,gps_back
102.50849999999627,142.95250000001397,103.876,1789798872.900269,gps_back
102.45650000000023,142.94049999999697,103.875,1789798873.000269,gps_back
102.39549999999872,142.93950000000768,103.877,1789798873.100269,gps_back
102.3344999999972,142.9274999999907,103.875,1789798873.200269,gps_back
102.27400000000489,142.9155000000028,103.876,1789798873.300269,gps_back
102.2219999999943,142.90400000000955,103.876,1789798873.4002688,gps_back
102.16099999999278,142.90299999999115,103.877,1789798873.500269,gps_back
102.10050000000047,142.89100000000326,103.875,1789798873.6002688,gps_back
102.04799999999523,142.87899999998626,103.875,1789798873.7002687,gps_back
101.98750000000291,142.86699999999837,103.875,1789798873.8002687,gps_back
101.9265000000014,142.86600000000908,103.875,1789798873.9002688,gps_back
101.86599999999453,142.85399999999208,103.875,1789798874.0002687,gps_back
101.81399999999849,142.8420000000042,103.874,1789798874.1002686,gps_back
101.75299999999697,142.8299999999872,103.876,1789798874.2002685,gps_back
101.69250000000466,142.81849999999395,103.878,1789798874.3002687,gps_back
101.63150000000314,142.80650000000605,103.882,1789798874.4002686,gps_back
101.5795000000071,142.80549999998766,103.881,1789798874.5002685,gps_back
101.50999999999476,142.79349999999977,103.882,1789798874.6002684,gps_back
101.45799999999872,142.78150000001187,103.882,1789798874.7002685,gps_back
101.3969999999972,142.76949999999488,103.885,1789798874.8002684,gps_back
101.33650000000489,142.75750000000698,103.886,1789798874.9002683,gps_back
101.27550000000338,142.74549999999,103.885,1789798875.0002682,gps_back
101.22349999999278,142.7445000000007,103.886,1789798875.1002684,gps_back
101.16250000000582,142.7325000000128,103.888,1789798875.2002683,gps_back
101.10199999999895,142.7204999999958,103.887,1789798875.3002682,gps_back
101.04099999999744,142.70900000000256,103.885,1789798875.400268,gps_back
100.98050000000512,142.69699999998556,103.886,1789798875.5002682,gps_back
100.92849999999453,142.68499999999767,103.886,1789798875.6002681,gps_back
100.86749999999302,142.68400000000838,103.884,1789798875.700268,gps_back
100.80650000000605,142.67199999999139,103.885,1789798875.800268,gps_back
100.74599999999919,142.6600000000035,103.885,1789798875.900268,gps_back
100.68499999999767,142.6479999999865,103.885,1789798876.000268,gps_back
100.62450000000536,142.6359999999986,103.886,1789798876.100268,gps_back
100.56350000000384,142.6240000000107,103.889,1789798876.2002678,gps_back
100.51149999999325,142.61249999998836,103.889,1789798876.300268,gps_back
100.45050000000629,142.61100000000442,103.89,1789798876.4002678,gps_back
100.38999999999942,142.59950000001118,103.891,1789798876.5002677,gps_back
100.3289999999979,142.59799999999814,103.889,1789798876.6002676,gps_back
100.26799999999639,142.59700000000885,103.891,1789798876.7002678,gps_back
100.21600000000035,142.5854999999865,103.889,1789798876.8002677,gps_back
100.15499999999884,142.58400000000256,103.888,1789798876.9002676,gps_back
100.09450000000652,142.57199999998556,103.887,1789798877.0002675,gps_back
100.033500000005,142.56049999999232,103.888,1789798877.1002676,gps_back
99.97299999999814,142.54850000000442,103.887,1789798877.2002676,gps_back
99.91199999999662,142.54699999999139,103.891,1789798877.3002675,gps_back
99.85099999999511,142.53549999999814,103.892,1789798877.4002674,gps_back
99.7905000000028,142.52350000001024,103.896,1789798877.5002675,gps_back
99.73850000000675,142.51149999999325,103.894,1789798877.6002674,gps_back
99.67750000000524,142.49950000000536,103.889,1789798877.7002673,gps_back
99.61699999999837,142.49849999998696,103.892,1789798877.8002672,gps_back
99.55599999999686,142.48649999999907,103.893,1789798877.9002674,gps_back
99.49550000000454,142.47450000001118,103.891,1789798878.0002673,gps_back
99.43450000000303,142.46249999999418,103.892,1789798878.1002672,gps_back
99.38250000000698,142.4615000000049,103.893,1789798878.200267,gps_back
99.32150000000547,142.4494999999879,103.899,1789798878.3002672,gps_back
99.2609999999986,142.4375,103.901,1789798878.4002671,gps_back
99.20900000000256,142.42600000000675,103.904,1789798878.500267,gps_back
99.14800000000105,142.42499999998836,103.906,1789798878.600267,gps_back
99.08699999999953,142.41300000000047,103.907,1789798878.700267,gps_back
99.03500000000349,142.40100000001257,103.905,1789798878.800267,gps_back
98.97449999999662,142.38899999999558,103.901,1789798878.900267,gps_back
98.91349999999511,142.3880000000063,103.897,1789798879.0002668,gps_back
98.8524999999936,142.3759999999893,103.895,1789798879.100267,gps_back
98.79200000000128,142.3640000000014,103.899,1789798879.2002668,gps_back
98.74000000000524,142.35250000000815,103.901,1789798879.3002667,gps_back
98.67900000000373,142.3509999999951,103.901,1789798879.4002666,gps_back
98.61800000000221,142.33900000000722,103.9,1789798879.5002668,gps_back
98.56600000000617,142.32750000001397,103.901,1789798879.6002667,gps_back
98.44449999999779,142.31450000000768,103.901,1789798879.8002665,gps_back
98.38349999999627,142.3134999999893,103.9,1789798879.9002666,gps_back
98.32300000000396,142.3015000000014,103.902,1789798880.0002666,gps_back
98.14900000000489,142.27650000000722,103.901,1789798880.3002665,gps_back
98.08849999999802,142.26449999999022,103.906,1789798880.4002664,gps_back
98.02749999999651,142.25250000000233,103.905,1789798880.5002663,gps_back
97.966499999995,142.25150000001304,103.902,1789798880.6002662,gps_back
97.91449999999895,142.23949999999604,103.905,1789798880.7002664,gps_back
97.85400000000664,142.22750000000815,103.905,1789798880.8002663,gps_back
97.79300000000512,142.21549999999115,103.906,1789798880.9002662,gps_back
97.73249999999825,142.2039999999979,103.905,1789798881.000266,gps_back
97.67149999999674,142.20250000001397,103.905,1789798881.1002662,gps_back
97.6195000000007,142.19099999999162,103.908,1789798881.2002661,gps_back
97.55849999999919,142.17900000000373,103.905,1789798881.300266,gps_back
97.49800000000687,142.16699999998673,103.904,1789798881.400266,gps_back
97.43700000000536,142.16599999999744,103.903,1789798881.500266,gps_back
97.37600000000384,142.15400000000955,103.904,1789798881.600266,gps_back
97.31549999999697,142.14199999999255,103.902,1789798881.700266,gps_back
97.25500000000466,142.13000000000466,103.904,1789798881.8002658,gps_back
97.19400000000314,142.11799999998766,103.902,1789798881.900266,gps_back
97.13300000000163,142.11699999999837,103.902,1789798882.0002658,gps_back
97.07249999999476,142.10500000001048,103.905,1789798882.1002657,gps_back
97.02049999999872,142.09299999999348,103.906,1789798882.2002656,gps_back
96.95100000000093,142.0810000000056,103.908,1789798882.3002658,gps_back
96.88999999999942,142.0689999999886,103.907,1789798882.4002657,gps_back
96.8295000000071,142.0570000000007,103.907,1789798882.5002656,gps_back
96.77749999999651,142.04550000000745,103.908,1789798882.6002655,gps_back
96.716499999995,142.03349999999045,103.909,1789798882.7002656,gps_back
96.65549999999348,142.03250000000116,103.909,1789798882.8002656,gps_back
96.59500000000116,142.02050000001327,103.909,1789798882.9002655,gps_back
96.54300000000512,142.00849999999627,103.908,1789798883.0002654,gps_back
96.48200000000361,141.99650000000838,103.906,1789798883.1002655,gps_back
96.42149999999674,141.98449999999139,103.912,1789798883.2002654,gps_back
96.36049999999523,141.9725000000035,103.907,1789798883.3002653,gps_back
96.29949999999371,141.9715000000142,103.904,1789798883.4002652,gps_back
96.23050000000512,141.9484999999986,103.907,1789798883.5002654,gps_back
96.17799999999988,141.9475000000093,103.905,1789798883.6002653,gps_back
96.11749999999302,141.93549999999232,103.907,1789798883.7002652,gps_back
96.05650000000605,141.92350000000442,103.905,1789798883.800265,gps_back
95.99599999999919,141.91149999998743,103.908,1789798883.9002652,gps_back
95.93499999999767,141.89999999999418,103.908,1789798884.0002651,gps_back
95.87450000000536,141.8880000000063,103.912,1789798884.100265,gps_back
95.81350000000384,141.88649999999325,103.918,1789798884.200265,gps_back
95.75299999999697,141.875,103.917,1789798884.300265,gps_back
95.69199999999546,141.8630000000121,103.916,1789798884.400265,gps_back
95.63150000000314,141.8509999999951,103.915,1789798884.500265,gps_back
95.57050000000163,141.83900000000722,103.913,1789798884.6002648,gps_back
95.50999999999476,141.82699999999022,103.914,1789798884.700265,gps_back
95.44899999999325,141.81500000000233,103.915,1789798884.8002648,gps_back
95.38800000000629,141.81400000001304,103.917,1789798884.9002647,gps_back
95.33599999999569,141.80199999999604,103.917,1789798885.0002646,gps_back
95.27550000000338,141.79000000000815,103.916,1789798885.1002648,gps_back
95.21450000000186,141.77799999999115,103.914,1789798885.2002647,gps_back
95.153999999995,141.76600000000326,103.912,1789798885.3002646,gps_back
95.09299999999348,141.76500000001397,103.912,1789798885.4002645,gps_back
95.03200000000652,141.75299999999697,103.912,1789798885.5002646,gps_back
94.97999999999593,141.74150000000373,103.911,1789798885.6002645,gps_back
94.91950000000361,141.72949999998673,103.912,1789798885.7002645,gps_back
94.8585000000021,141.71749999999884,103.909,1789798885.8002644,gps_back
94.79799999999523,141.71650000000955,103.908,1789798885.9002645,gps_back
94.74550000000454,141.70449999999255,103.908,1789798886.0002644,gps_back
94.68499999999767,141.69250000000466,103.909,1789798886.1002643,gps_back
94.62399999999616,141.68049999998766,103.911,1789798886.2002642,gps_back
94.56350000000384,141.66849999999977,103.907,1789798886.3002644,gps_back
94.50250000000233,141.66750000001048,103.906,1789798886.4002643,gps_back
94.44199999999546,141.65549999999348,103.906,1789798886.5002642,gps_back
94.38999999999942,141.64400000000023,103.908,1789798886.600264,gps_back
94.3289999999979,141.63200000001234,103.906,1789798886.7002642,gps_back
94.26850000000559,141.61999999999534,103.909,1789798886.8002641,gps_back
94.21600000000035,141.61900000000605,103.909,1789798886.900264,gps_back
94.15549999999348,141.60699999998906,103.915,1789798887.000264,gps_back
94.09450000000652,141.59500000000116,103.916,1789798887.100264,gps_back
94.03399999999965,141.58300000001327,103.919,1789798887.200264,gps_back
93.97299999999814,141.57099999999627,103.922,1789798887.300264,gps_back
93.91199999999662,141.57000000000698,103.924,1789798887.4002638,gps_back
93.85150000000431,141.55799999999,103.925,1789798887.500264,gps_back
93.79949999999371,141.54649999999674,103.926,1789798887.6002638,gps_back
93.73850000000675,141.53450000000885,103.928,1789798887.7002637,gps_back
93.67799999999988,141.52249999999185,103.926,1789798887.8002636,gps_back
93.61699999999837,141.52100000000792,103.926,1789798887.9002638,gps_back
93.56500000000233,141.50949999998556,103.923,1789798888.0002637,gps_back
93.50400000000081,141.49749999999767,103.923,1789798888.1002636,gps_back
93.44349999999395,141.48550000000978,103.92,1789798888.2002635,gps_back
93.39100000000326,141.48449999999139,103.919,1789798888.3002636,gps_back
93.33049999999639,141.4725000000035,103.923,1789798888.4002635,gps_back
93.26949999999488,141.4604999999865,103.923,1789798888.5002635,gps_back
93.20900000000256,141.4484999999986,103.924,1789798888.6002634,gps_back
93.15700000000652,141.43700000000536,103.923,1789798888.7002635,gps_back
93.096000000005,141.43599999998696,103.924,1789798888.8002634,gps_back
93.03549999999814,141.42399999999907,103.924,1789798888.9002633,gps_back
92.97449999999662,141.41200000001118,103.921,1789798889.0002632,gps_back
92.91400000000431,141.39999999999418,103.925,1789798889.1002634,gps_back
92.8530000000028,141.3880000000063,103.925,1789798889.2002633,gps_back
92.80100000000675,141.3759999999893,103.923,1789798889.3002632,gps_back
92.74000000000524,141.375,103.922,1789798889.400263,gps_back
92.67949999999837,141.3630000000121,103.919,1789798889.5002632,gps_back
92.61849999999686,141.3509999999951,103.915,1789798889.600263,gps_back
92.56650000000081,141.33950000000186,103.914,1789798889.700263,gps_back
92.5054999999993,141.33850000001257,103.913,1789798889.800263,gps_back
92.44500000000698,141.32649999999558,103.912,1789798889.900263,gps_back
92.38400000000547,141.31450000000768,103.912,1789798890.000263,gps_back
92.3234999999986,141.3024999999907,103.914,1789798890.1002629,gps_back
92.26249999999709,141.2905000000028,103.915,1789798890.2002628,gps_back
92.14100000000326,141.2774999999965,103.912,1789798890.4002628,gps_back
92.08900000000722,141.26550000000861,103.917,1789798890.5002627,gps_back
92.0280000000057,141.25349999999162,103.919,1789798890.6002626,gps_back
91.96749999999884,141.24150000000373,103.918,1789798890.7002628,gps_back
91.9149999999936,141.24050000001444,103.918,1789798890.8002627,gps_back
91.86299999999756,141.22899999999208,103.923,1789798890.9002626,gps_back
91.79349999999977,141.2170000000042,103.924,1789798891.0002625,gps_back
91.74150000000373,141.2049999999872,103.922,1789798891.1002626,gps_back
91.68050000000221,141.2039999999979,103.924,1789798891.2002625,gps_back
91.61999999999534,141.19200000001,103.928,1789798891.3002625,gps_back
91.56750000000466,141.19099999999162,103.929,1789798891.4002624,gps_back
91.50699999999779,141.17900000000373,103.928,1789798891.5002625,gps_back
91.44650000000547,141.16699999998673,103.929,1789798891.6002624,gps_back
91.21199999999953,141.1304999999993,103.929,1789798892.0002623,gps_back
91.15099999999802,141.1185000000114,103.932,1789798892.1002622,gps_back
91.08999999999651,141.11699999999837,103.932,1789798892.200262,gps_back
91.03800000000047,141.10550000000512,103.932,1789798892.3002622,gps_back
90.9774999999936,141.09349999998813,103.936,1789798892.400262,gps_back
90.91650000000664,141.08150000000023,103.93900000000001,1789798892.500262,gps_back
90.86449999999604,141.06950000001234,103.941,1789798892.600262,gps_back
90.80349999999453,141.06849999999395,103.94500000000001,1789798892.700262,gps_back
90.74300000000221,141.05650000000605,103.944,1789798892.800262,gps_back
90.69100000000617,141.0450000000128,103.94500000000001,1789798892.9002619,gps_back
90.63000000000466,141.04349999999977,103.943,1789798893.0002618,gps_back
90.56900000000314,141.03200000000652,103.943,1789798893.100262,gps_back
90.5170000000071,141.01999999998952,103.93900000000001,1789798893.2002618,gps_back
90.45650000000023,141.00800000000163,103.94,1789798893.3002617,gps_back
90.40450000000419,140.99600000001374,103.936,1789798893.4002616,gps_back
90.34350000000268,140.98449999999139,103.935,1789798893.5002618,gps_back
90.28250000000116,140.98300000000745,103.933,1789798893.6002617,gps_back
90.2219999999943,140.97099999999045,103.935,1789798893.7002616,gps_back
90.16999999999825,140.9594999999972,103.94,1789798893.8002615,gps_back
90.10899999999674,140.9475000000093,103.94200000000001,1789798893.9002616,gps_back
90.04850000000442,140.93549999999232,103.943,1789798894.0002615,gps_back
89.98750000000291,140.92350000000442,103.94200000000001,1789798894.1002614,gps_back
89.93550000000687,140.92249999998603,103.93900000000001,1789798894.2002614,gps_back
89.875,140.89999999999418,103.94,1789798894.3002615,gps_back
89.81399999999849,140.8880000000063,103.936,1789798894.4002614,gps_back
89.76200000000244,140.8759999999893,103.938,1789798894.5002613,gps_back
89.70149999999558,140.8640000000014,103.93,1789798894.6002612,gps_back
89.64049999999406,140.8630000000121,103.931,1789798894.7002614,gps_back
89.4149999999936,140.81549999999697,103.934,1789798895.1002612,gps_back
89.35400000000664,140.80350000000908,103.934,1789798895.200261,gps_back
89.30199999999604,140.79149999999208,103.937,1789798895.300261,gps_back
89.24150000000373,140.7795000000042,103.944,1789798895.400261,gps_back
89.18050000000221,140.76800000001094,103.94500000000001,1789798895.500261,gps_back
89.12850000000617,140.75599999999395,103.946,1789798895.600261,gps_back
89.0679999999993,140.74400000000605,103.947,1789798895.7002609,gps_back
89.00699999999779,140.73199999998906,103.944,1789798895.8002608,gps_back
88.95500000000175,140.72000000000116,103.947,1789798895.900261,gps_back
88.83349999999336,140.69649999999092,103.949,1789798896.1002607,gps_back
88.78149999999732,140.68450000000303,103.953,1789798896.2002606,gps_back
88.721000000005,140.67249999998603,103.94800000000001,1789798896.3002608,gps_back
88.66000000000349,140.66049999999814,103.949,1789798896.4002607,gps_back
88.6079999999929,140.6490000000049,103.949,1789798896.5002606,gps_back
88.54700000000594,140.6369999999879,103.952,1789798896.6002605,gps_back
88.48649999999907,140.625,103.952,1789798896.7002606,gps_back
88.43450000000303,140.6130000000121,103.95,1789798896.8002605,gps_back
88.37350000000151,140.6119999999937,103.949,1789798896.9002604,gps_back
88.31299999999464,140.60000000000582,103.95,1789798897.0002604,gps_back
88.26050000000396,140.58799999998882,103.953,1789798897.1002605,gps_back
88.19999999999709,140.57649999999558,103.949,1789798897.2002604,gps_back
88.13950000000477,140.56450000000768,103.952,1789798897.3002603,gps_back
88.08699999999953,140.5524999999907,103.953,1789798897.4002602,gps_back
88.02650000000722,140.5515000000014,103.95,1789798897.5002604,gps_back
87.9655000000057,140.5284999999858,103.95,1789798897.6002603,gps_back
87.91349999999511,140.5274999999965,103.952,1789798897.7002602,gps_back
87.8530000000028,140.51550000000861,103.95,1789798897.80026,gps_back
87.80049999999756,140.50399999998626,103.95100000000001,1789798897.9002602,gps_back
87.74000000000524,140.49199999999837,103.952,1789798898.00026,gps_back
87.6875,140.49100000000908,103.949,1789798898.10026,gps_back
87.62699999999313,140.47899999999208,103.95100000000001,1789798898.20026,gps_back
87.56600000000617,140.4780000000028,103.95,1789798898.30026,gps_back
87.50500000000466,140.4770000000135,103.94800000000001,1789798898.40026,gps_back
87.44449999999779,140.4649999999965,103.949,1789798898.5002599,gps_back
87.3920000000071,140.46400000000722,103.944,1789798898.6002598,gps_back
87.33100000000559,140.46299999998882,103.947,1789798898.7002597,gps_back
87.27049999999872,140.46199999999953,103.947,1789798898.8002598,gps_back
87.2094999999972,140.4604999999865,103.94500000000001,1789798898.9002597,gps_back
87.15750000000116,140.44899999999325,103.94500000000001,1789798899.0002596,gps_back
87.096000000005,140.45850000000792,103.946,1789798899.1002595,gps_back
87.03549999999814,140.44649999999092,103.94800000000001,1789798899.2002597,gps_back
86.97449999999662,140.44550000000163,103.944,1789798899.3002596,gps_back
86.92250000000058,140.43400000000838,103.94,1789798899.4002595,gps_back
86.86999999999534,140.43299999999,103.93900000000001,1789798899.5002594,gps_back
86.80950000000303,140.4210000000021,103.943,1789798899.6002595,gps_back
86.74850000000151,140.4200000000128,103.943,1789798899.7002594,gps_back
86.69650000000547,140.4079999999958,103.941,1789798899.8002594,gps_back
86.63550000000396,140.40700000000652,103.941,1789798899.9002593,gps_back
86.58349999999336,140.40599999998813,103.943,1789798900.0002594,gps_back
86.5225000000064,140.40499999999884,103.94200000000001,1789798900.1002593,gps_back
86.46150000000489,140.4145000000135,103.941,1789798900.2002592,gps_back
86.40050000000338,140.4134999999951,103.937,1789798900.300259,gps_back
86.33900000000722,140.42350000000442,103.935,1789798900.4002593,gps_back
86.28699999999662,140.43299999999,103.935,1789798900.5002592,gps_back
86.22550000000047,140.4429999999993,103.936,1789798900.600259,gps_back
86.17299999999523,140.45300000000861,103.932,1789798900.700259,gps_back
86.11199999999371,140.46249999999418,103.938,1789798900.800259,gps_back
86.05950000000303,140.4725000000035,103.94,1789798900.900259,gps_back
85.99850000000151,140.4715000000142,103.94,1789798901.000259,gps_back
85.94599999999627,140.49249999999302,103.93900000000001,1789798901.1002588,gps_back
85.88499999999476,140.50200000000768,103.94500000000001,1789798901.200259,gps_back
85.82399999999325,140.5119999999879,103.94800000000001,1789798901.3002589,gps_back
85.77150000000256,140.52150000000256,103.95,1789798901.4002588,gps_back
85.71050000000105,140.52050000001327,103.95700000000001,1789798901.5002587,gps_back
85.64949999999953,140.53049999999348,103.956,1789798901.6002588,gps_back
85.58800000000338,140.54000000000815,103.95100000000001,1789798901.7002587,gps_back
85.53549999999814,140.54999999998836,103.95400000000001,1789798901.8002586,gps_back
85.47449999999662,140.55999999999767,103.953,1789798901.9002585,gps_back
85.41349999999511,140.56950000001234,103.953,1789798902.0002587,gps_back
85.3524999999936,140.57949999999255,103.95400000000001,1789798902.1002586,gps_back
85.2390000000014,140.59899999998743,103.95100000000001,1789798902.3002584,gps_back
85.17750000000524,140.60899999999674,103.952,1789798902.4002585,gps_back
85.125,140.62950000001,103.952,1789798902.5002584,gps_back
85.06399999999849,140.63949999999022,103.95100000000001,1789798902.6002584,gps_back
85.01149999999325,140.64949999999953,103.95400000000001,1789798902.7002583,gps_back
84.94999999999709,140.6700000000128,103.952,1789798902.8002584,gps_back
84.8975000000064,140.67999999999302,103.956,1789798902.9002583,gps_back
84.83650000000489,140.7005000000063,103.956,1789798903.0002582,gps_back
84.78399999999965,140.7104999999865,103.95400000000001,1789798903.100258,gps_back
84.72250000000349,140.73099999999977,103.953,1789798903.2002583,gps_back
84.66999999999825,140.75200000000768,103.952,1789798903.3002582,gps_back
84.61749999999302,140.76149999999325,103.949,1789798903.400258,gps_back
84.55599999999686,140.78250000000116,103.952,1789798903.500258,gps_back
84.50400000000081,140.79250000001048,103.95400000000001,1789798903.600258,gps_back
84.45149999999558,140.80199999999604,103.95400000000001,1789798903.700258,gps_back
84.38999999999942,140.81200000000536,103.955,1789798903.800258,gps_back
84.33800000000338,140.82199999998556,103.956,1789798903.9002578,gps_back
84.27650000000722,140.83150000000023,103.953,1789798904.000258,gps_back
84.22449999999662,140.84150000000955,103.95400000000001,1789798904.1002579,gps_back
84.10199999999895,140.86100000000442,103.95700000000001,1789798904.3002577,gps_back
84.0405000000028,140.8814999999886,103.958,1789798904.4002576,gps_back
83.98850000000675,140.88099999999395,103.955,1789798904.5002577,gps_back
83.92750000000524,140.89050000000861,103.955,1789798904.6002576,gps_back
83.875,140.90049999998882,103.959,1789798904.7002575,gps_back
83.82249999999476,140.91049999999814,103.96300000000001,1789798904.8002574,gps_back
83.76149999999325,140.9200000000128,103.964,1789798904.9002576,gps_back
83.70900000000256,140.92999999999302,103.96600000000001,1789798905.0002575,gps_back
83.6475000000064,140.9505000000063,103.965,1789798905.1002574,gps_back
83.59500000000116,140.9604999999865,103.96900000000001,1789798905.2002573,gps_back
83.54249999999593,140.9704999999958,103.96600000000001,1789798905.3002574,gps_back
83.48149999999441,140.99100000000908,103.96600000000001,1789798905.4002573,gps_back
83.42849999999453,141.0119999999879,103.965,1789798905.5002573,gps_back
83.37649999999849,141.0219999999972,103.968,1789798905.6002572,gps_back
83.31500000000233,141.04250000001048,103.96900000000001,1789798905.7002573,gps_back
83.2094999999972,141.08400000000256,103.962,1789798905.900257,gps_back
83.10450000000128,141.1149999999907,103.96900000000001,1789798906.1002572,gps_back
82.99950000000536,141.15650000001187,103.962,1789798906.300257,gps_back
82.94700000000012,141.17699999999604,103.956,1789798906.4002569,gps_back
82.89449999999488,141.18700000000536,103.964,1789798906.500257,gps_back
82.84200000000419,141.20800000001327,103.96300000000001,1789798906.600257,gps_back
82.78900000000431,141.22849999999744,103.964,1789798906.7002568,gps_back
82.73649999999907,141.24950000000536,103.964,1789798906.8002567,gps_back
82.63150000000314,141.29099999999744,103.967,1789798907.0002568,gps_back
82.57850000000326,141.31200000000536,103.967,1789798907.1002567,gps_back
82.48200000000361,141.35349999999744,103.97200000000001,1789798907.3002567,gps_back
82.42949999999837,141.3850000000093,103.97200000000001,1789798907.4002566,gps_back
82.37649999999849,141.40599999998813,103.976,1789798907.5002565,gps_back
82.32399999999325,141.4265000000014,103.97500000000001,1789798907.6002564,gps_back
82.27150000000256,141.4475000000093,103.977,1789798907.7002566,gps_back
82.21850000000268,141.47899999999208,103.976,1789798907.8002565,gps_back
82.12200000000303,141.53150000001187,103.976,1789798908.0002563,gps_back
82.02499999999418,141.5844999999972,103.976,1789798908.2002563,gps_back
81.97250000000349,141.60500000001048,103.973,1789798908.3002563,gps_back
81.92849999999453,141.6369999999879,103.97500000000001,1789798908.4002562,gps_back
81.87549999999464,141.66849999999977,103.97500000000001,1789798908.5002563,gps_back
81.82300000000396,141.68950000000768,103.979,1789798908.6002562,gps_back
81.77049999999872,141.70999999999185,103.98400000000001,1789798908.700256,gps_back
81.71749999999884,141.74199999999837,103.988,1789798908.800256,gps_back
81.67350000000442,141.77350000001024,103.986,1789798908.900256,gps_back
81.62050000000454,141.80499999999302,103.982,1789798909.000256,gps_back
81.56750000000466,141.83699999999953,103.979,1789798909.100256,gps_back
81.52349999999569,141.8685000000114,103.983,1789798909.2002559,gps_back
81.43550000000687,141.93249999999534,103.994,1789798909.400256,gps_back
81.34750000000349,141.98499999998603,103.994,1789798909.6002557,gps_back
81.30349999999453,142.01699999999255,103.995,1789798909.7002556,gps_back
81.25900000000547,142.04850000000442,103.99300000000001,1789798909.8002558,gps_back
81.21499999999651,142.08050000001094,103.998,1789798909.9002557,gps_back
81.1710000000021,142.1119999999937,104.003,1789798910.0002556,gps_back
81.11800000000221,142.14400000000023,103.996,1789798910.1002555,gps_back
81.07399999999325,142.1755000000121,103.994,1789798910.2002556,gps_back
81.02150000000256,142.19649999999092,103.986,1789798910.3002555,gps_back
80.97699999999895,142.22849999999744,103.98,1789798910.4002554,gps_back
80.92449999999371,142.2600000000093,103.98100000000001,1789798910.5002553,gps_back
80.87149999999383,142.29149999999208,103.98,1789798910.6002555,gps_back
80.81900000000314,142.32300000000396,103.977,1789798910.7002554,gps_back
80.77449999999953,142.35500000001048,103.979,1789798910.8002553,gps_back
80.73050000000512,142.3869999999879,103.98,1789798910.9002552,gps_back
80.68649999999616,142.41849999999977,103.98400000000001,1789798911.0002553,gps_back
80.64250000000175,142.4505000000063,103.988,1789798911.1002553,gps_back
80.59799999999814,142.48199999998906,103.992,1789798911.2002552,gps_back
80.55400000000373,142.51399999999558,103.99000000000001,1789798911.300255,gps_back
80.50999999999476,142.55650000000605,103.986,1789798911.4002552,gps_back
80.4655000000057,142.58850000001257,103.98400000000001,1789798911.500255,gps_back
80.42149999999674,142.63099999999395,103.976,1789798911.600255,gps_back
80.37750000000233,142.66300000000047,103.974,1789798911.700255,gps_back
80.29750000000058,142.72649999998976,103.982,1789798911.900255,gps_back
80.25350000000617,142.76949999999488,103.979,1789798912.0002549,gps_back
80.20900000000256,142.81200000000536,103.979,1789798912.1002548,gps_back
80.1649999999936,142.85449999998673,103.98400000000001,1789798912.200255,gps_back
80.08550000000105,142.91849999999977,103.99300000000001,1789798912.4002547,gps_back
80.04949999999371,142.9615000000049,103.99300000000001,1789798912.5002546,gps_back
80.0054999999993,143.00399999998626,104.0,1789798912.6002548,gps_back
79.96099999999569,143.04649999999674,104.006,1789798912.7002547,gps_back
79.91700000000128,143.08950000000186,104.01,1789798912.8002546,gps_back
79.83699999999953,143.16399999998976,104.013,1789798913.0002546,gps_back
79.79249999999593,143.20650000000023,104.015,1789798913.1002545,gps_back
79.75699999999779,143.24950000000536,104.016,1789798913.2002544,gps_back
79.71300000000338,143.28099999998813,104.016,1789798913.3002543,gps_back
79.66849999999977,143.32399999999325,104.014,1789798913.4002542,gps_back
79.63300000000163,143.36650000000373,104.017,1789798913.5002544,gps_back
79.58900000000722,143.40950000000885,104.015,1789798913.6002543,gps_back
79.42900000000373,143.58050000001094,104.02,1789798914.0002542,gps_back
79.38450000000012,143.62299999999232,104.02,1789798914.100254,gps_back
79.34900000000198,143.66599999999744,104.02,1789798914.200254,gps_back
79.30499999999302,143.6975000000093,104.022,1789798914.300254,gps_back
79.26050000000396,143.74050000001444,104.02,1789798914.400254,gps_back
79.216499999995,143.7829999999958,104.021,1789798914.500254,gps_back
79.18050000000221,143.82600000000093,104.024,1789798914.6002538,gps_back
79.13649999999325,143.8685000000114,104.025,1789798914.700254,gps_back
79.10099999999511,143.91149999998743,104.027,1789798914.8002539,gps_back
79.05650000000605,143.9539999999979,104.026,1789798914.9002538,gps_back
79.02099999999336,143.99700000000303,104.026,1789798915.0002537,gps_back
78.98549999999523,144.0395000000135,104.027,1789798915.1002538,gps_back
78.94100000000617,144.08199999999488,104.03,1789798915.2002537,gps_back
78.90499999999884,144.1359999999986,104.038,1789798915.3002536,gps_back
78.8695000000007,144.17850000000908,104.038,1789798915.4002535,gps_back
78.82550000000629,144.2215000000142,104.038,1789798915.5002537,gps_back
78.78949999999895,144.27499999999418,104.037,1789798915.6002536,gps_back
78.75400000000081,144.3179999999993,104.037,1789798915.7002535,gps_back
78.7094999999972,144.36050000000978,104.04,1789798915.8002534,gps_back
78.67399999999907,144.4145000000135,104.039,1789798915.9002535,gps_back
78.63800000000629,144.46799999999348,104.04,1789798916.0002534,gps_back
78.6024999999936,144.5109999999986,104.04,1789798916.1002533,gps_back
78.55800000000454,144.55350000000908,104.044,1789798916.2002532,gps_back
78.5225000000064,144.5965000000142,104.049,1789798916.3002534,gps_back
78.48649999999907,144.64999999999418,104.045,1789798916.4002533,gps_back
78.45100000000093,144.6929999999993,104.045,1789798916.5002532,gps_back
78.4155000000028,144.73550000000978,104.044,1789798916.600253,gps_back
78.38000000000466,144.7784999999858,104.043,1789798916.7002532,gps_back
78.34399999999732,144.83199999999488,104.043,1789798916.8002532,gps_back
78.29949999999371,144.87450000000536,104.042,1789798916.900253,gps_back
78.26399999999558,144.91750000001048,104.044,1789798917.000253,gps_back
78.22000000000116,144.95999999999185,104.045,1789798917.100253,gps_back
78.18399999999383,145.01399999999558,104.044,1789798917.200253,gps_back
78.14849999999569,145.05650000000605,104.043,1789798917.300253,gps_back
78.10400000000664,145.11050000000978,104.039,1789798917.4002528,gps_back
78.07700000000477,145.15299999999115,104.038,1789798917.500253,gps_back
78.04099999999744,145.20699999999488,104.04,1789798917.6002529,gps_back
77.99700000000303,145.24950000000536,104.039,1789798917.7002528,gps_back
77.97000000000116,145.30350000000908,104.038,1789798917.8002527,gps_back
77.93399999999383,145.3465000000142,104.038,1789798917.9002528,gps_back
77.89849999999569,145.39999999999418,104.04,1789798918.0002527,gps_back
77.86250000000291,145.45350000000326,104.041,1789798918.1002526,gps_back
77.82700000000477,145.49650000000838,104.043,1789798918.2002525,gps_back
77.79099999999744,145.54999999998836,104.046,1789798918.3002527,gps_back
77.7554999999993,145.59299999999348,104.046,1789798918.4002526,gps_back
77.72000000000116,145.6359999999986,104.051,1789798918.5002525,gps_back
77.6929999999993,145.68950000000768,104.055,1789798918.6002524,gps_back
77.65750000000116,145.7325000000128,104.054,1789798918.7002523,gps_back
77.62149999999383,145.78599999999278,104.054,1789798918.8002524,gps_back
77.58550000000105,145.8399999999965,104.053,1789798918.9002523,gps_back
77.55899999999383,145.88300000000163,104.051,1789798919.0002522,gps_back
77.52300000000105,145.9365000000107,104.05,1789798919.1002522,gps_back
77.49599999999919,145.99050000001444,104.052,1789798919.2002523,gps_back
77.46050000000105,146.0329999999958,104.05,1789798919.3002522,gps_back
77.42449999999371,146.08699999999953,104.046,1789798919.400252,gps_back
77.38899999999558,146.12950000001,104.044,1789798919.500252,gps_back
77.36199999999371,146.18350000001374,104.044,1789798919.6002522,gps_back
77.3344999999972,146.23749999998836,104.045,1789798919.700252,gps_back
77.29899999999907,146.27999999999884,104.045,1789798919.800252,gps_back
77.26350000000093,146.33400000000256,104.045,1789798919.9002519,gps_back
77.2274999999936,146.38750000001164,104.044,1789798920.000252,gps_back
77.19199999999546,146.43049999998766,104.043,1789798920.100252,gps_back
77.15600000000268,146.48399999999674,104.042,1789798920.2002518,gps_back
77.12900000000081,146.52700000000186,104.043,1789798920.3002517,gps_back
77.09350000000268,146.58050000001094,104.043,1789798920.4002519,gps_back
77.05800000000454,146.62349999998696,104.044,1789798920.5002518,gps_back
77.0219999999972,146.66649999999208,104.044,1789798920.6002517,gps_back
76.99499999999534,146.72000000000116,104.045,1789798920.7002516,gps_back
76.9594999999972,146.7630000000063,104.044,1789798920.8002517,gps_back
76.92350000000442,146.81649999998626,104.046,1789798920.9002516,gps_back
76.88800000000629,146.85949999999139,104.046,1789798921.0002515,gps_back
76.8524999999936,146.91300000000047,104.046,1789798921.1002514,gps_back
76.82550000000629,146.9560000000056,104.046,1789798921.2002516,gps_back
76.78100000000268,147.00949999998556,104.04,1789798921.3002515,gps_back
76.74550000000454,147.0524999999907,104.037,1789798921.4002514,gps_back
76.7094999999972,147.0954999999958,104.04,1789798921.5002513,gps_back
76.67399999999907,147.1380000000063,104.041,1789798921.6002514,gps_back
76.63850000000093,147.19200000001,104.041,1789798921.7002513,gps_back
76.6024999999936,147.23449999999139,104.043,1789798921.8002512,gps_back
76.56699999999546,147.2774999999965,104.045,1789798921.9002512,gps_back
76.53149999999732,147.32050000000163,104.046,1789798922.0002513,gps_back
76.48699999999371,147.3630000000121,104.046,1789798922.1002512,gps_back
76.45149999999558,147.40599999998813,104.045,1789798922.200251,gps_back
76.41599999999744,147.4484999999986,104.049,1789798922.300251,gps_back
76.38000000000466,147.50250000000233,104.049,1789798922.4002512,gps_back
76.34450000000652,147.5450000000128,104.048,1789798922.500251,gps_back
76.30049999999756,147.58749999999418,104.051,1789798922.600251,gps_back
76.26450000000477,147.6414999999979,104.05,1789798922.7002509,gps_back
76.22900000000664,147.68450000000303,104.051,1789798922.800251,gps_back
76.19349999999395,147.7270000000135,104.049,1789798922.900251,gps_back
76.15750000000116,147.76999999998952,104.051,1789798923.0002508,gps_back
76.12200000000303,147.8125,104.054,1789798923.1002507,gps_back
76.08650000000489,147.85550000000512,104.052,1789798923.2002509,gps_back
76.05100000000675,147.89850000001024,104.057,1789798923.3002508,gps_back
76.00650000000314,147.94099999999162,104.059,1789798923.4002507,gps_back
75.971000000005,147.98399999999674,104.056,1789798923.5002506,gps_back
75.93550000000687,148.02650000000722,104.058,1789798923.6002507,gps_back
75.89949999999953,148.06950000001234,104.057,1789798923.7002506,gps_back
75.8640000000014,148.11249999998836,104.058,1789798923.8002505,gps_back
75.81949999999779,148.16599999999744,104.055,1789798923.9002504,gps_back
75.78399999999965,148.20850000000792,104.057,1789798924.0002506,gps_back
75.74850000000151,148.25150000001304,104.056,1789798924.1002505,gps_back
75.71300000000338,148.29449999998906,104.056,1789798924.2002504,gps_back
75.67699999999604,148.33699999999953,104.062,1789798924.3002503,gps_back
75.63300000000163,148.38000000000466,104.06700000000001,1789798924.4002504,gps_back
75.58849999999802,148.42249999998603,104.066,1789798924.5002503,gps_back
75.55299999999988,148.46549999999115,104.063,1789798924.6002502,gps_back
75.50849999999627,148.50800000000163,104.061,1789798924.7002501,gps_back
75.47299999999814,148.55100000000675,104.06,1789798924.8002503,gps_back
75.42900000000373,148.58249999998952,104.057,1789798924.9002502,gps_back
75.39350000000559,148.62549999999464,104.056,1789798925.00025,gps_back
75.34900000000198,148.67900000000373,104.053,1789798925.10025,gps_back
75.31350000000384,148.7215000000142,104.053,1789798925.2002501,gps_back
75.26900000000023,148.76449999999022,104.051,1789798925.30025,gps_back
75.19800000000396,148.83900000000722,104.045,1789798925.5002499,gps_back
75.15350000000035,148.88200000001234,104.045,1789798925.60025,gps_back
75.10950000000594,148.9244999999937,104.046,1789798925.70025,gps_back
75.02950000000419,148.9990000000107,104.047,1789798925.9002497,gps_back
74.99400000000605,149.04199999998673,104.05,1789798926.0002499,gps_back
74.94950000000244,149.0844999999972,104.049,1789798926.1002498,gps_back
74.90549999999348,149.11650000000373,104.051,1789798926.2002497,gps_back
74.86100000000442,149.1700000000128,104.054,1789798926.3002496,gps_back
74.81699999999546,149.20199999999022,104.058,1789798926.4002497,gps_back
74.7725000000064,149.2445000000007,104.059,1789798926.5002496,gps_back
74.72849999999744,149.27600000001257,104.062,1789798926.6002495,gps_back
74.6929999999993,149.3189999999886,104.06400000000001,1789798926.7002494,gps_back
74.64900000000489,149.3509999999951,104.062,1789798926.8002496,gps_back
74.60450000000128,149.3935000000056,104.057,1789798926.9002495,gps_back
74.55999999999767,149.43599999998696,104.05,1789798927.0002494,gps_back
74.52449999999953,149.47899999999208,104.05,1789798927.1002493,gps_back
74.48050000000512,149.52150000000256,104.055,1789798927.2002494,gps_back
74.43600000000151,149.55350000000908,104.063,1789798927.3002493,gps_back
74.38300000000163,149.59599999999045,104.06400000000001,1789798927.4002492,gps_back
74.34750000000349,149.63899999999558,104.066,1789798927.5002491,gps_back
74.30349999999453,149.68150000000605,104.068,1789798927.6002493,gps_back
74.25900000000547,149.71350000001257,104.07000000000001,1789798927.7002492,gps_back
74.21499999999651,149.75599999999395,104.071,1789798927.800249,gps_back
74.1704999999929,149.79850000000442,104.068,1789798927.900249,gps_back
74.09100000000035,149.87299999999232,104.071,1789798928.100249,gps_back
74.04649999999674,149.91599999999744,104.071,1789798928.200249,gps_back
74.00199999999313,149.95850000000792,104.069,1789798928.3002489,gps_back
73.94950000000244,149.9899999999907,104.069,1789798928.400249,gps_back
73.90499999999884,150.0329999999958,104.069,1789798928.500249,gps_back
73.86100000000442,150.06450000000768,104.069,1789798928.6002488,gps_back
73.80800000000454,150.0965000000142,104.07300000000001,1789798928.7002487,gps_back
73.76399999999558,150.13899999999558,104.072,1789798928.8002489,gps_back
73.71950000000652,150.1710000000021,104.071,1789798928.9002488,gps_back
73.67549999999756,150.21350000001257,104.075,1789798929.0002487,gps_back
73.63150000000314,150.24499999999534,104.07300000000001,1789798929.1002486,gps_back
73.59549999999581,150.28800000000047,104.075,1789798929.2002487,gps_back
73.5515000000014,150.32000000000698,104.078,1789798929.3002486,gps_back
73.50750000000698,150.36249999998836,104.081,1789798929.4002485,gps_back
73.46300000000338,150.39449999999488,104.083,1789798929.5002484,gps_back
73.41899999999441,150.43700000000536,104.084,1789798929.6002486,gps_back
73.36599999999453,150.46849999998813,104.083,1789798929.7002485,gps_back
73.32150000000547,150.51149999999325,104.083,1789798929.8002484,gps_back
73.27749999999651,150.54300000000512,104.08500000000001,1789798929.9002483,gps_back
73.2335000000021,150.57500000001164,104.08500000000001,1789798930.0002484,gps_back
73.18949999999313,150.6064999999944,104.084,1789798930.1002483,gps_back
73.14500000000407,150.64949999999953,104.089,1789798930.2002482,gps_back
73.10099999999511,150.6810000000114,104.08200000000001,1789798930.3002481,gps_back
73.05650000000605,150.72399999998743,104.081,1789798930.4002483,gps_back
73.00400000000081,150.7554999999993,104.07900000000001,1789798930.5002482,gps_back
72.9594999999972,150.79800000000978,104.078,1789798930.600248,gps_back
72.90649999999732,150.8299999999872,104.077,1789798930.700248,gps_back
72.86250000000291,150.86149999999907,104.078,1789798930.8002481,gps_back
72.81849999999395,150.9045000000042,104.077,1789798930.900248,gps_back
72.77400000000489,150.93599999998696,104.078,1789798931.000248,gps_back
72.72999999999593,150.97849999999744,104.07900000000001,1789798931.1002479,gps_back
72.68550000000687,151.01050000000396,104.08,1789798931.200248,gps_back
72.6414999999979,151.05300000001444,104.07600000000001,1789798931.300248,gps_back
72.59750000000349,151.08499999999185,104.075,1789798931.4002478,gps_back
72.55299999999988,151.11699999999837,104.07600000000001,1789798931.5002477,gps_back
72.5,151.15950000000885,104.077,1789798931.6002479,gps_back
72.45600000000559,151.19099999999162,104.074,1789798931.7002478,gps_back
72.41199999999662,151.22299999999814,104.078,1789798931.8002477,gps_back
72.36749999999302,151.26550000000861,104.08,1789798931.9002476,gps_back
72.3234999999986,151.29749999998603,104.081,1789798932.0002477,gps_back
72.27950000000419,151.3289999999979,104.08200000000001,1789798932.1002476,gps_back
72.23500000000058,151.37200000000303,104.083,1789798932.2002475,gps_back
72.18249999999534,151.4034999999858,104.084,1789798932.3002474,gps_back
72.13800000000629,151.43549999999232,104.07600000000001,1789798932.4002476,gps_back
72.09399999999732,151.4670000000042,104.07600000000001,1789798932.5002475,gps_back
72.04099999999744,151.50949999998556,104.07900000000001,1789798932.6002474,gps_back
71.99700000000303,151.54149999999208,104.081,1789798932.7002473,gps_back
71.95299999999406,151.57300000000396,104.083,1789798932.8002474,gps_back
71.89999999999418,151.60500000001048,104.084,1789798932.9002473,gps_back
71.85599999999977,151.63649999999325,104.084,1789798933.0002472,gps_back
71.81200000000536,151.66849999999977,104.08500000000001,1789798933.1002471,gps_back
71.75900000000547,151.70000000001164,104.083,1789798933.2002473,gps_back
71.70600000000559,151.73199999998906,104.086,1789798933.3002472,gps_back
71.66199999999662,151.77449999999953,104.09,1789798933.400247,gps_back
71.61749999999302,151.8060000000114,104.09,1789798933.500247,gps_back
71.5734999999986,151.84899999998743,104.089,1789798933.6002471,gps_back
71.52049999999872,151.8804999999993,104.08800000000001,1789798933.700247,gps_back
71.47650000000431,151.91250000000582,104.084,1789798933.800247,gps_back
71.4320000000007,151.9549999999872,104.087,1789798933.9002469,gps_back
71.37949999999546,151.98649999999907,104.087,1789798934.000247,gps_back
71.3350000000064,152.0185000000056,104.086,1789798934.100247,gps_back
71.29099999999744,152.0505000000121,104.08500000000001,1789798934.2002468,gps_back
71.23799999999756,152.09299999999348,104.081,1789798934.3002467,gps_back
71.19400000000314,152.12450000000536,104.077,1789798934.4002469,gps_back
71.14100000000326,152.15599999998813,104.075,1789798934.5002468,gps_back
71.0969999999943,152.18799999999464,104.074,1789798934.6002467,gps_back
71.05299999999988,152.22000000000116,104.074,1789798934.7002466,gps_back
71.0,152.26250000001164,104.07300000000001,1789798934.8002467,gps_back
70.95600000000559,152.2939999999944,104.071,1789798934.9002466,gps_back
70.91150000000198,152.32600000000093,104.071,1789798935.0002465,gps_back
70.85899999999674,152.3575000000128,104.07300000000001,1789798935.1002464,gps_back
70.81500000000233,152.38949999999022,104.077,1789798935.2002466,gps_back
70.76200000000244,152.4320000000007,104.07900000000001,1789798935.3002465,gps_back
70.71749999999884,152.46350000001257,104.081,1789798935.4002464,gps_back
70.6649999999936,152.49549999999,104.07900000000001,1789798935.5002463,gps_back
70.61199999999371,152.53800000000047,104.07900000000001,1789798935.6002464,gps_back
70.56750000000466,152.56950000001234,104.081,1789798935.7002463,gps_back
70.51499999999942,152.60149999998976,104.08500000000001,1789798935.8002462,gps_back
70.46199999999953,152.63300000000163,104.08500000000001,1789798935.9002461,gps_back
70.41800000000512,152.66500000000815,104.086,1789798936.0002463,gps_back
70.36500000000524,152.69649999999092,104.09100000000001,1789798936.1002462,gps_back
70.32099999999627,152.7280000000028,104.093,1789798936.200246,gps_back
70.26799999999639,152.7600000000093,104.09700000000001,1789798936.300246,gps_back
70.2155000000057,152.79149999999208,104.095,1789798936.4002461,gps_back
70.16250000000582,152.82300000000396,104.092,1789798936.500246,gps_back
70.11000000000058,152.85500000001048,104.093,1789798936.600246,gps_back
70.0570000000007,152.88649999999325,104.093,1789798936.7002459,gps_back
70.00400000000081,152.91800000000512,104.09,1789798936.800246,gps_back
69.95149999999558,152.9494999999879,104.087,1789798936.900246,gps_back
69.89849999999569,152.9814999999944,104.087,1789798937.0002458,gps_back
69.85450000000128,153.0130000000063,104.087,1789798937.1002457,gps_back
69.8015000000014,153.0340000000142,104.08800000000001,1789798937.2002459,gps_back
69.74000000000524,153.06549999999697,104.09,1789798937.3002458,gps_back
69.63499999999476,153.11799999998766,104.09,1789798937.5002456,gps_back
69.58199999999488,153.14949999999953,104.092,1789798937.6002457,gps_back
69.52950000000419,153.17050000000745,104.092,1789798937.7002456,gps_back
69.47650000000431,153.20199999999022,104.09100000000001,1789798937.8002455,gps_back
69.42399999999907,153.22299999999814,104.089,1789798937.9002454,gps_back
69.37099999999919,153.25450000001,104.089,1789798938.0002456,gps_back
69.30950000000303,153.27499999999418,104.087,1789798938.1002455,gps_back
69.25699999999779,153.30650000000605,104.087,1789798938.2002454,gps_back
69.15150000000722,153.35899999999674,104.084,1789798938.4002454,gps_back
69.0460000000021,153.40049999998882,104.08500000000001,1789798938.6002452,gps_back
68.99349999999686,153.43249999999534,104.08800000000001,1789798938.7002454,gps_back
68.94100000000617,153.45300000000861,104.086,1789798938.8002453,gps_back
68.88800000000629,153.48499999998603,104.084,1789798938.9002452,gps_back
68.83550000000105,153.5054999999993,104.086,1789798939.000245,gps_back
68.78250000000116,153.52650000000722,104.087,1789798939.1002452,gps_back
68.721000000005,153.55799999999,104.08800000000001,1789798939.2002451,gps_back
68.61599999999453,153.59950000001118,104.084,1789798939.400245,gps_back
68.56350000000384,153.61999999999534,104.086,1789798939.500245,gps_back
68.51050000000396,153.64100000000326,104.089,1789798939.600245,gps_back
68.44950000000244,153.66149999998743,104.086,1789798939.700245,gps_back
68.39650000000256,153.6929999999993,104.08500000000001,1789798939.8002448,gps_back
68.34399999999732,153.71400000000722,104.086,1789798939.900245,gps_back
68.29099999999744,153.74549999999,104.083,1789798940.0002449,gps_back
68.22999999999593,153.7664999999979,104.084,1789798940.1002448,gps_back
68.17699999999604,153.78700000001118,104.087,1789798940.2002447,gps_back
68.07200000000012,153.82850000000326,104.087,1789798940.4002447,gps_back
68.01050000000396,153.84950000001118,104.08200000000001,1789798940.5002446,gps_back
67.95799999999872,153.86999999999534,104.081,1789798940.6002445,gps_back
67.90549999999348,153.89100000000326,104.08800000000001,1789798940.7002447,gps_back
67.84399999999732,153.91149999998743,104.09100000000001,1789798940.8002446,gps_back
67.79150000000664,153.9320000000007,104.093,1789798940.9002445,gps_back
67.7390000000014,153.95300000000861,104.089,1789798941.0002444,gps_back
67.68600000000151,153.97399999998743,104.09,1789798941.1002445,gps_back
67.625,153.9945000000007,104.09,1789798941.2002444,gps_back
67.57200000000012,154.01500000001397,104.092,1789798941.3002443,gps_back
67.5109999999986,154.03599999999278,104.09400000000001,1789798941.4002442,gps_back
67.45799999999872,154.05650000000605,104.096,1789798941.5002444,gps_back
67.40549999999348,154.07750000001397,104.092,1789798941.6002443,gps_back
67.34450000000652,154.09799999999814,104.09700000000001,1789798941.7002442,gps_back
67.29150000000664,154.11900000000605,104.10000000000001,1789798941.800244,gps_back
67.23050000000512,154.13949999999022,104.095,1789798941.9002442,gps_back
67.17750000000524,154.16049999999814,104.086,1789798942.0002441,gps_back
67.125,154.1810000000114,104.083,1789798942.100244,gps_back
67.07249999999476,154.20199999999022,104.077,1789798942.200244,gps_back
67.0109999999986,154.2225000000035,104.074,1789798942.300244,gps_back
66.94999999999709,154.24299999998766,104.07300000000001,1789798942.400244,gps_back
66.8969999999972,154.26399999999558,104.07000000000001,1789798942.500244,gps_back
66.84450000000652,154.28450000000885,104.07000000000001,1789798942.6002438,gps_back
66.78299999999581,154.30549999998766,104.07000000000001,1789798942.700244,gps_back
66.73050000000512,154.32600000000093,104.07000000000001,1789798942.8002439,gps_back
66.67799999999988,154.34700000000885,104.066,1789798942.9002438,gps_back
66.61650000000373,154.36749999999302,104.066,1789798943.0002437,gps_back
66.56399999999849,154.38850000000093,104.065,1789798943.1002438,gps_back
66.51149999999325,154.3979999999865,104.06400000000001,1789798943.2002437,gps_back
66.45050000000629,154.4189999999944,104.065,1789798943.3002436,gps_back
66.3975000000064,154.43950000000768,104.066,1789798943.4002435,gps_back
66.34500000000116,154.4494999999879,104.068,1789798943.5002437,gps_back
66.28399999999965,154.47000000000116,104.075,1789798943.6002436,gps_back
66.23149999999441,154.49100000000908,104.078,1789798943.7002435,gps_back
66.17900000000373,154.5009999999893,104.07900000000001,1789798943.8002434,gps_back
66.11749999999302,154.52150000000256,104.08500000000001,1789798943.9002435,gps_back
66.06500000000233,154.54250000001048,104.086,1789798944.0002434,gps_back
66.01249999999709,154.56299999999464,104.08500000000001,1789798944.1002433,gps_back
65.95100000000093,154.58350000000792,104.08500000000001,1789798944.2002432,gps_back
65.89849999999569,154.59349999998813,104.083,1789798944.3002434,gps_back
65.83699999999953,154.6140000000014,104.08200000000001,1789798944.4002433,gps_back
65.7844999999943,154.6350000000093,104.083,1789798944.5002432,gps_back
65.73200000000361,154.65599999998813,104.08,1789798944.600243,gps_back
65.6710000000021,154.6655000000028,104.07600000000001,1789798944.7002432,gps_back
65.61800000000221,154.6865000000107,104.07600000000001,1789798944.8002431,gps_back
65.5570000000007,154.70699999999488,104.071,1789798944.900243,gps_back
65.50400000000081,154.72750000000815,104.07300000000001,1789798945.000243,gps_back
65.4429999999993,154.73749999998836,104.074,1789798945.100243,gps_back
65.38199999999779,154.75800000000163,104.075,1789798945.200243,gps_back
65.27650000000722,154.78899999998976,104.07900000000001,1789798945.400243,gps_back
65.22400000000198,154.80950000000303,104.07900000000001,1789798945.500243,gps_back
65.16300000000047,154.83050000001094,104.07300000000001,1789798945.6002429,gps_back
65.11000000000058,154.8509999999951,104.072,1789798945.7002428,gps_back
65.0225000000064,154.87100000001374,104.075,1789798945.800243,gps_back
64.8914999999979,154.91250000000582,104.081,1789798946.0002427,gps_back
64.83000000000175,154.92199999999139,104.077,1789798946.1002426,gps_back
64.76900000000023,154.94250000000466,104.078,1789798946.2002428,gps_back
64.716499999995,154.96350000001257,104.07600000000001,1789798946.3002427,gps_back
64.66400000000431,154.97349999999278,104.083,1789798946.4002426,gps_back
64.6024999999936,154.99400000000605,104.078,1789798946.5002425,gps_back
64.54150000000664,155.00399999998626,104.07600000000001,1789798946.6002426,gps_back
64.48850000000675,155.02449999999953,104.083,1789798946.7002425,gps_back
64.43649999999616,155.03450000000885,104.08200000000001,1789798946.8002424,gps_back
64.375,155.05499999999302,104.078,1789798946.9002423,gps_back
64.32249999999476,155.06500000000233,104.08200000000001,1789798947.0002425,gps_back
64.2609999999986,155.0854999999865,104.09,1789798947.2002423,gps_back
64.20900000000256,155.0954999999958,104.08800000000001,1789798947.3002422,gps_back
64.1475000000064,155.10550000000512,104.09,1789798947.4002423,gps_back
64.09500000000116,155.1259999999893,104.08800000000001,1789798947.5002422,gps_back
64.04249999999593,155.1359999999986,104.087,1789798947.6002421,gps_back
63.98149999999441,155.14600000000792,104.089,1789798947.700242,gps_back
63.929000000003725,155.16649999999208,104.09,1789798947.8002422,gps_back
63.867499999993015,155.1765000000014,104.09,1789798947.900242,gps_back
63.81500000000233,155.19699999998556,104.096,1789798948.000242,gps_back
63.754000000000815,155.20699999999488,104.10000000000001,1789798948.100242,gps_back
63.701499999995576,155.2170000000042,104.096,1789798948.200242,gps_back
63.63999999999942,155.23749999998836,104.099,1789798948.300242,gps_back
63.588000000003376,155.24749999999767,104.096,1789798948.4002419,gps_back
63.52650000000722,155.26800000001094,104.095,1789798948.5002418,gps_back
63.42200000000594,155.26600000000326,104.101,1789798948.8002417,gps_back
63.32600000000093,155.27549999998882,104.108,1789798949.0002418,gps_back
63.26450000000477,155.2960000000021,104.108,1789798949.1002417,gps_back
63.21249999999418,155.2950000000128,104.107,1789798949.2002416,gps_back
63.15099999999802,155.31549999999697,104.107,1789798949.3002415,gps_back
63.09900000000198,155.31450000000768,104.108,1789798949.4002416,gps_back
63.038000000000466,155.3244999999879,104.11200000000001,1789798949.5002415,gps_back
62.98549999999523,155.3344999999972,104.113,1789798949.6002414,gps_back
62.92399999999907,155.34400000001187,104.111,1789798949.7002413,gps_back
62.862999999997555,155.35399999999208,104.11,1789798949.8002415,gps_back
62.81050000000687,155.3640000000014,104.119,1789798949.9002414,gps_back
62.749500000005355,155.38449999998556,104.113,1789798950.0002413,gps_back
62.62699999999313,155.41500000000815,104.095,1789798950.1002412,gps_back
62.56549999999697,155.4244999999937,104.092,1789798950.2002413,gps_back
62.50449999999546,155.43450000000303,104.09400000000001,1789798950.3002412,gps_back
62.443499999993946,155.4439999999886,104.092,1789798950.4002411,gps_back
62.382500000006985,155.4539999999979,104.09400000000001,1789798950.500241,gps_back
62.320999999996275,155.46350000001257,104.095,1789798950.6002412,gps_back
62.26900000000023,155.46249999999418,104.092,1789798950.700241,gps_back
62.20799999999872,155.4725000000035,104.09700000000001,1789798950.800241,gps_back
62.15549999999348,155.4825000000128,104.09700000000001,1789798950.900241,gps_back
62.09450000000652,155.49199999999837,104.102,1789798951.000241,gps_back
62.04200000000128,155.50200000000768,104.105,1789798951.100241,gps_back
61.98050000000512,155.5119999999879,104.104,1789798951.2002409,gps_back
61.92849999999453,155.5219999999972,104.10600000000001,1789798951.3002408,gps_back
61.87600000000384,155.52100000000792,104.108,1789798951.400241,gps_back
61.82399999999325,155.51999999998952,104.114,1789798951.5002408,gps_back
61.77150000000256,155.52999999999884,104.11200000000001,1789798951.6002407,gps_back
61.71050000000105,155.5395000000135,104.119,1789798951.7002406,gps_back
61.65799999999581,155.5384999999951,104.11800000000001,1789798951.8002408,gps_back
61.60550000000512,155.54850000000442,104.122,1789798951.9002407,gps_back
61.54450000000361,155.54749999998603,104.122,1789798952.0002406,gps_back
61.483500000002095,155.54649999999674,104.124,1789798952.1002405,gps_back
61.431500000006054,155.54550000000745,104.125,1789798952.2002406,gps_back
61.37050000000454,155.55499999999302,104.12,1789798952.3002405,gps_back
61.3179999999993,155.55449999999837,104.124,1789798952.4002404,gps_back
61.25699999999779,155.55300000001444,104.126,1789798952.5002403,gps_back
61.205000000001746,155.5524999999907,104.124,1789798952.6002405,gps_back
61.13550000000396,155.55100000000675,104.121,1789798952.7002404,gps_back
61.08299999999872,155.54999999998836,104.121,1789798952.8002403,gps_back
61.021999999997206,155.54899999999907,104.119,1789798952.9002404,gps_back
60.970000000001164,155.54800000000978,104.12,1789798953.0002403,gps_back
60.917499999995925,155.55799999999,104.12,1789798953.1002402,gps_back
60.85649999999441,155.5570000000007,104.12,1789798953.2002401,gps_back
60.7954999999929,155.5560000000114,104.119,1789798953.3002403,gps_back
60.74349999999686,155.55499999999302,104.124,1789798953.4002402,gps_back
60.69100000000617,155.55400000000373,104.129,1789798953.50024,gps_back
60.63000000000466,155.55300000001444,104.13,1789798953.60024,gps_back
60.57799999999406,155.55199999999604,104.129,1789798953.7002401,gps_back
60.5170000000071,155.5615000000107,104.128,1789798953.80024,gps_back
60.46450000000186,155.56049999999232,104.128,1789798953.90024,gps_back
60.40350000000035,155.55950000000303,104.127,1789798954.0002398,gps_back
60.35150000000431,155.55850000001374,104.128,1789798954.10024,gps_back
60.290500000002794,155.55749999999534,104.13,1789798954.20024,gps_back
60.22950000000128,155.55650000000605,104.129,1789798954.3002398,gps_back
60.16849999999977,155.55549999998766,104.126,1789798954.4002397,gps_back
60.116500000003725,155.55449999999837,104.127,1789798954.5002398,gps_back
60.05550000000221,155.55350000000908,104.127,1789798954.6002398,gps_back
60.00299999999697,155.56299999999464,104.123,1789798954.7002397,gps_back
59.94199999999546,155.56200000000536,104.123,1789798954.8002396,gps_back
59.880999999993946,155.56099999998696,104.122,1789798954.9002397,gps_back
59.82850000000326,155.57099999999627,104.123,1789798955.0002396,gps_back
59.76799999999639,155.57000000000698,104.122,1789798955.1002395,gps_back
59.70699999999488,155.5689999999886,104.121,1789798955.2002394,gps_back
59.65450000000419,155.5679999999993,104.123,1789798955.3002396,gps_back
59.59350000000268,155.56649999998626,104.126,1789798955.4002395,gps_back
59.532500000001164,155.57649999999558,104.128,1789798955.5002394,gps_back
59.48050000000512,155.5755000000063,104.128,1789798955.6002393,gps_back
59.41950000000361,155.5744999999879,104.132,1789798955.7002394,gps_back
59.358500000002095,155.5734999999986,104.133,1789798955.8002393,gps_back
59.30599999999686,155.58350000000792,104.133,1789798955.9002392,gps_back
59.24499999999534,155.58199999999488,104.132,1789798956.0002391,gps_back
59.18399999999383,155.5810000000056,104.132,1789798956.1002393,gps_back
59.13150000000314,155.5909999999858,104.132,1789798956.2002392,gps_back
59.07050000000163,155.5899999999965,104.13,1789798956.300239,gps_back
59.00999999999476,155.58900000000722,104.129,1789798956.400239,gps_back
58.9484999999986,155.59849999999278,104.129,1789798956.5002391,gps_back
58.89650000000256,155.5975000000035,104.129,1789798956.600239,gps_back
58.83550000000105,155.5965000000142,104.131,1789798956.700239,gps_back
58.774499999999534,155.6064999999944,104.132,1789798956.8002388,gps_back
58.71349999999802,155.60500000001048,104.134,1789798956.900239,gps_back
58.65249999999651,155.60399999999208,104.132,1789798957.000239,gps_back
58.600500000000466,155.6030000000028,104.131,1789798957.1002388,gps_back
58.53900000000431,155.6130000000121,104.132,1789798957.2002387,gps_back
58.478000000002794,155.6119999999937,104.133,1789798957.3002388,gps_back
58.42600000000675,155.61100000000442,104.129,1789798957.4002388,gps_back
58.36500000000524,155.60999999998603,104.124,1789798957.5002387,gps_back
58.304000000003725,155.6085000000021,104.126,1789798957.6002386,gps_back
58.24300000000221,155.6075000000128,104.127,1789798957.7002387,gps_back
58.1820000000007,155.6064999999944,104.128,1789798957.8002386,gps_back
58.13000000000466,155.60550000000512,104.128,1789798957.9002385,gps_back
58.06900000000314,155.60449999998673,104.128,1789798958.0002384,gps_back
58.00800000000163,155.60349999999744,104.131,1789798958.1002386,gps_back
57.947000000000116,155.60250000000815,104.134,1789798958.2002385,gps_back
57.895000000004075,155.59049999999115,104.13,1789798958.3002384,gps_back
57.83400000000256,155.58950000000186,104.133,1789798958.4002383,gps_back
57.77300000000105,155.58850000001257,104.134,1789798958.5002384,gps_back
57.721000000005006,155.57649999999558,104.134,1789798958.6002383,gps_back
57.66049999999814,155.5755000000063,104.138,1789798958.7002382,gps_back
57.599499999996624,155.5744999999879,104.139,1789798958.8002381,gps_back
57.54750000000058,155.5625,104.14,1789798958.9002383,gps_back
57.48649999999907,155.5615000000107,104.139,1789798959.0002382,gps_back
57.425499999997555,155.56049999999232,104.14,1789798959.100238,gps_back
57.36449999999604,155.54850000000442,104.14,1789798959.200238,gps_back
57.30349999999453,155.54749999998603,104.133,1789798959.3002381,gps_back
57.24300000000221,155.53549999999814,104.13,1789798959.400238,gps_back
57.19100000000617,155.53450000000885,104.127,1789798959.500238,gps_back
57.13000000000466,155.53349999999045,104.125,1789798959.6002378,gps_back
57.06900000000314,155.52150000000256,104.127,1789798959.700238,gps_back
57.0170000000071,155.50949999998556,104.128,1789798959.800238,gps_back
56.95600000000559,155.50849999999627,104.13,1789798959.9002378,gps_back
56.903999999994994,155.49650000000838,104.132,1789798960.0002377,gps_back
56.84299999999348,155.49549999999,104.131,1789798960.1002378,gps_back
56.782500000001164,155.4835000000021,104.134,1789798960.2002378,gps_back
56.729999999995925,155.4825000000128,104.131,1789798960.3002377,gps_back
56.66950000000361,155.4704999999958,104.133,1789798960.4002376,gps_back
56.608500000002095,155.46950000000652,104.132,1789798960.5002377,gps_back
56.54750000000058,155.45749999998952,104.132,1789798960.6002376,gps_back
56.49550000000454,155.45650000000023,104.134,1789798960.7002375,gps_back
56.43499999999767,155.44450000001234,104.134,1789798960.8002374,gps_back
56.37399999999616,155.43299999999,104.136,1789798960.9002376,gps_back
56.322000000000116,155.4320000000007,104.137,1789798961.0002375,gps_back
56.26949999999488,155.4200000000128,104.136,1789798961.1002374,gps_back
56.20900000000256,155.4079999999958,104.139,1789798961.2002373,gps_back
56.15700000000652,155.40700000000652,104.148,1789798961.3002374,gps_back
56.096000000005006,155.39499999998952,104.153,1789798961.4002373,gps_back
56.04399999999441,155.38349999999627,104.16,1789798961.5002372,gps_back
55.99199999999837,155.37150000000838,104.162,1789798961.6002371,gps_back
55.93099999999686,155.37049999999,104.162,1789798961.7002373,gps_back
55.87050000000454,155.3585000000021,104.167,1789798961.8002372,gps_back
55.8179999999993,155.3465000000142,104.168,1789798961.900237,gps_back
55.757500000006985,155.3344999999972,104.17,1789798962.000237,gps_back
55.70549999999639,155.32300000000396,104.169,1789798962.1002371,gps_back
55.64449999999488,155.31099999998696,104.173,1789798962.200237,gps_back
55.58400000000256,155.29899999999907,104.17,1789798962.300237,gps_back
55.52300000000105,155.28700000001118,104.161,1789798962.4002368,gps_back
55.471000000005006,155.27549999998882,104.158,1789798962.500237,gps_back
55.41049999999814,155.26350000000093,104.156,1789798962.600237,gps_back
55.3579999999929,155.26250000001164,104.154,1789798962.7002368,gps_back
55.29750000000058,155.25049999999464,104.155,1789798962.8002367,gps_back
55.24550000000454,155.23850000000675,104.154,1789798962.9002368,gps_back
55.18450000000303,155.22649999998976,104.151,1789798963.0002367,gps_back
55.132500000006985,155.2149999999965,104.156,1789798963.1002367,gps_back
55.08049999999639,155.20300000000861,104.158,1789798963.2002366,gps_back
55.020000000004075,155.19099999999162,104.16,1789798963.3002367,gps_back
54.96799999999348,155.17949999999837,104.161,1789798963.4002366,gps_back
54.907500000001164,155.15650000001187,104.165,1789798963.5002365,gps_back
54.854999999995925,155.15549999999348,104.164,1789798963.6002364,gps_back
54.802999999999884,155.13300000000163,104.167,1789798963.7002366,gps_back
54.75100000000384,155.12100000001374,104.17,1789798963.8002365,gps_back
54.69049999999697,155.10899999999674,104.168,1789798963.9002364,gps_back
54.63850000000093,155.0975000000035,104.169,1789798964.0002363,gps_back
54.57749999999942,155.0854999999865,104.172,1789798964.1002364,gps_back
54.52599999999802,155.0625,104.173,1789798964.2002363,gps_back
54.47400000000198,155.05100000000675,104.174,1789798964.3002362,gps_back
54.413000000000466,155.03899999998976,104.171,1789798964.4002361,gps_back
54.3524999999936,155.01600000000326,104.169,1789798964.5002363,gps_back
54.300499999997555,155.00450000001,104.167,1789798964.6002362,gps_back
54.24850000000151,154.99249999999302,104.169,1789798964.700236,gps_back
54.1875,154.98050000000512,104.168,1789798964.800236,gps_back
54.13550000000396,154.96849999998813,104.167,1789798964.9002361,gps_back
54.08400000000256,154.94599999999627,104.169,1789798965.000236,gps_back
54.03200000000652,154.93450000000303,104.168,1789798965.100236,gps_back
53.971000000005006,154.92249999998603,104.171,1789798965.2002358,gps_back
53.91899999999441,154.89949999999953,104.173,1789798965.300236,gps_back
53.858500000002095,154.88750000001164,104.175,1789798965.400236,gps_back
53.806500000006054,154.8759999999893,104.175,1789798965.5002358,gps_back
53.74550000000454,154.8640000000014,104.177,1789798965.6002357,gps_back
53.69400000000314,154.84150000000955,104.177,1789798965.7002358,gps_back
53.6420000000071,154.82949999999255,104.176,1789798965.8002357,gps_back
53.58950000000186,154.81750000000466,104.18,1789798965.9002357,gps_back
53.528999999994994,154.7950000000128,104.184,1789798966.0002356,gps_back
53.47699999999895,154.7829999999958,104.185,1789798966.1002357,gps_back
53.425499999997555,154.76050000000396,104.187,1789798966.2002356,gps_back
53.36449999999604,154.74849999998696,104.186,1789798966.3002355,gps_back
53.3125,154.7259999999951,104.183,1789798966.4002354,gps_back
53.25199999999313,154.71400000000722,104.176,1789798966.5002356,gps_back
53.19100000000617,154.70199999999022,104.178,1789798966.6002355,gps_back
53.13950000000477,154.67900000000373,104.18,1789798966.7002354,gps_back
53.08749999999418,154.66750000001048,104.177,1789798966.8002353,gps_back
53.02700000000186,154.64449999999488,104.177,1789798966.9002354,gps_back
52.91400000000431,154.62100000001374,104.177,1789798967.1002352,gps_back
52.861999999993714,154.59799999999814,104.18,1789798967.2002351,gps_back
52.80999999999767,154.5865000000049,104.181,1789798967.3002353,gps_back
52.749500000005355,154.5634999999893,104.185,1789798967.4002352,gps_back
52.69749999999476,154.5515000000014,104.183,1789798967.500235,gps_back
52.637000000002445,154.52900000000955,104.183,1789798967.600235,gps_back
52.576499999995576,154.50599999999395,104.183,1789798967.7002351,gps_back
52.524499999999534,154.4945000000007,104.184,1789798967.800235,gps_back
52.47250000000349,154.4715000000142,104.184,1789798967.900235,gps_back
52.411999999996624,154.4594999999972,104.187,1789798968.0002348,gps_back
52.36000000000058,154.43700000000536,104.187,1789798968.100235,gps_back
52.30800000000454,154.42499999998836,104.185,1789798968.200235,gps_back
52.24749999999767,154.4024999999965,104.187,1789798968.3002348,gps_back
52.18649999999616,154.39050000000861,104.184,1789798968.4002347,gps_back
52.13499999999476,154.36799999998766,104.185,1789798968.5002348,gps_back
52.08299999999872,154.34500000000116,104.183,1789798968.6002347,gps_back
52.0225000000064,154.3225000000093,104.188,1789798968.7002347,gps_back
51.97049999999581,154.31049999999232,104.18900000000001,1789798968.8002346,gps_back
51.91849999999977,154.28800000000047,104.188,1789798968.9002347,gps_back
51.866500000003725,154.26500000001397,104.18900000000001,1789798969.0002346,gps_back
51.81500000000233,154.24249999999302,104.187,1789798969.1002345,gps_back
51.75449999999546,154.21950000000652,104.188,1789798969.2002344,gps_back
51.70249999999942,154.19699999998556,104.19,1789798969.3002346,gps_back
51.650500000003376,154.1744999999937,104.196,1789798969.4002345,gps_back
51.59900000000198,154.15150000000722,104.19800000000001,1789798969.5002344,gps_back
51.54700000000594,154.11799999998766,104.199,1789798969.6002343,gps_back
51.49499999999534,154.1064999999944,104.19800000000001,1789798969.7002344,gps_back
51.443499999993946,154.08350000000792,104.2,1789798969.8002343,gps_back
51.38300000000163,154.04999999998836,104.203,1789798969.9002342,gps_back
51.33100000000559,154.0274999999965,104.206,1789798970.0002341,gps_back
51.27950000000419,154.00450000001,104.20700000000001,1789798970.1002343,gps_back
51.2274999999936,153.98199999998906,104.208,1789798970.2002342,gps_back
51.175499999997555,153.9594999999972,104.20700000000001,1789798970.300234,gps_back
51.12350000000151,153.9365000000107,104.208,1789798970.400234,gps_back
51.072000000000116,153.91399999998976,104.202,1789798970.5002341,gps_back
51.01149999999325,153.89100000000326,104.19800000000001,1789798970.600234,gps_back
50.96850000000268,153.85800000000745,104.2,1789798970.700234,gps_back
50.916500000006636,153.83499999999185,104.199,1789798970.8002338,gps_back
50.86449999999604,153.8125,104.19800000000001,1789798970.900234,gps_back
50.812999999994645,153.79000000000815,104.19800000000001,1789798971.000234,gps_back
50.7609999999986,153.76699999999255,104.199,1789798971.1002338,gps_back
50.700500000006286,153.7445000000007,104.199,1789798971.2002337,gps_back
50.64849999999569,153.7215000000142,104.20100000000001,1789798971.3002338,gps_back
50.59649999999965,153.70999999999185,104.20100000000001,1789798971.4002337,gps_back
50.544999999998254,153.6765000000014,104.20100000000001,1789798971.5002337,gps_back
50.49300000000221,153.6534999999858,104.197,1789798971.6002336,gps_back
50.441500000000815,153.63099999999395,104.19500000000001,1789798971.7002337,gps_back
50.38950000000477,153.6085000000021,104.194,1789798971.8002336,gps_back
50.33749999999418,153.5854999999865,104.193,1789798971.9002335,gps_back
50.28599999999278,153.56299999999464,104.197,1789798972.0002334,gps_back
50.23399999999674,153.5295000000042,104.19800000000001,1789798972.1002336,gps_back
50.18249999999534,153.50700000001234,104.2,1789798972.2002335,gps_back
50.1304999999993,153.48399999999674,104.203,1789798972.3002334,gps_back
50.07850000000326,153.4615000000049,104.20400000000001,1789798972.4002333,gps_back
50.02650000000722,153.43900000001304,104.209,1789798972.5002334,gps_back
49.97500000000582,153.41599999999744,104.21000000000001,1789798972.6002333,gps_back
49.92299999999523,153.3935000000056,104.211,1789798972.7002332,gps_back
49.86250000000291,153.37049999999,104.215,1789798972.8002331,gps_back
49.75900000000547,153.3255000000063,104.214,1789798973.0002332,gps_back
49.70699999999488,153.29199999998673,104.21600000000001,1789798973.100233,gps_back
49.65549999999348,153.26900000000023,104.221,1789798973.200233,gps_back
49.60349999999744,153.24650000000838,104.221,1789798973.300233,gps_back
49.5515000000014,153.22399999998743,104.224,1789798973.400233,gps_back
49.49099999999453,153.20100000000093,104.217,1789798973.500233,gps_back
49.43949999999313,153.17850000000908,104.212,1789798973.6002328,gps_back
49.38749999999709,153.15549999999348,104.211,1789798973.7002327,gps_back
49.33599999999569,153.12200000000303,104.208,1789798973.800233,gps_back
49.28399999999965,153.09950000001118,104.212,1789798973.9002328,gps_back
49.23200000000361,153.07699999999022,104.21000000000001,1789798974.0002327,gps_back
49.18050000000221,153.04349999999977,104.21300000000001,1789798974.1002326,gps_back
49.12850000000617,153.02050000001327,104.212,1789798974.2002327,gps_back
49.016499999997905,152.96450000000186,104.22200000000001,1789798974.4002326,gps_back
48.96450000000186,152.94149999998626,104.215,1789798974.5002325,gps_back
48.913000000000466,152.9079999999958,104.21600000000001,1789798974.6002326,gps_back
48.861000000004424,152.88550000000396,104.21900000000001,1789798974.7002325,gps_back
48.80899999999383,152.8630000000121,104.21900000000001,1789798974.8002324,gps_back
48.757500000006985,152.8399999999965,104.218,1789798974.9002323,gps_back
48.70549999999639,152.81750000000466,104.21900000000001,1789798975.0002325,gps_back
48.65350000000035,152.7950000000128,104.214,1789798975.1002324,gps_back
48.60199999999895,152.76149999999325,104.21600000000001,1789798975.2002323,gps_back
48.55000000000291,152.73850000000675,104.217,1789798975.3002322,gps_back
48.49850000000151,152.7159999999858,104.217,1789798975.4002323,gps_back
48.44650000000547,152.68249999999534,104.21900000000001,1789798975.5002322,gps_back
48.3859999999986,152.65950000000885,104.217,1789798975.6002321,gps_back
48.334499999997206,152.6369999999879,104.22500000000001,1789798975.700232,gps_back
48.282500000001164,152.60349999999744,104.226,1789798975.8002322,gps_back
48.23099999999977,152.5810000000056,104.226,1789798975.900232,gps_back
48.179000000003725,152.54749999998603,104.227,1789798976.000232,gps_back
48.12750000000233,152.51350000000093,104.22800000000001,1789798976.100232,gps_back
48.084499999997206,152.48050000000512,104.23100000000001,1789798976.200232,gps_back
48.03299999999581,152.44699999998556,104.23,1789798976.300232,gps_back
47.98149999999441,152.4134999999951,104.235,1789798976.4002318,gps_back
47.88649999999325,152.3575000000128,104.232,1789798976.600232,gps_back
47.8350000000064,152.32399999999325,104.23400000000001,1789798976.7002318,gps_back
47.79200000000128,152.2905000000028,104.233,1789798976.8002317,gps_back
47.74899999999616,152.25700000001234,104.235,1789798976.9002316,gps_back
47.70600000000559,152.22349999999278,104.23700000000001,1789798977.0002317,gps_back
47.65450000000419,152.19000000000233,104.23400000000001,1789798977.1002316,gps_back
47.61149999999907,152.15700000000652,104.238,1789798977.2002316,gps_back
47.55999999999767,152.12299999999232,104.239,1789798977.3002315,gps_back
47.5170000000071,152.0899999999965,104.239,1789798977.4002314,gps_back
47.465500000005704,152.05650000000605,104.23100000000001,1789798977.5002315,gps_back
47.41349999999511,152.0229999999865,104.22200000000001,1789798977.6002314,gps_back
47.37050000000454,151.98949999999604,104.221,1789798977.7002313,gps_back
47.31900000000314,151.9560000000056,104.22200000000001,1789798977.8002312,gps_back
47.27599999999802,151.92249999998603,104.223,1789798977.9002314,gps_back
47.2329999999929,151.88899999999558,104.224,1789798978.0002313,gps_back
47.181500000006054,151.85550000000512,104.22800000000001,1789798978.1002312,gps_back
47.13850000000093,151.8225000000093,104.232,1789798978.200231,gps_back
47.09549999999581,151.78899999998976,104.23,1789798978.3002312,gps_back
47.04399999999441,151.7445000000007,104.235,1789798978.4002311,gps_back
47.00100000000384,151.71100000001024,104.23700000000001,1789798978.500231,gps_back
46.958499999993364,151.67800000001444,104.239,1789798978.600231,gps_back
46.915500000002794,151.64449999999488,104.241,1789798978.700231,gps_back
46.86350000000675,151.61100000000442,104.244,1789798978.800231,gps_back
46.82050000000163,151.57750000001397,104.24300000000001,1789798978.900231,gps_back
46.76900000000023,151.5439999999944,104.242,1789798979.0002308,gps_back
46.72599999999511,151.51050000000396,104.241,1789798979.100231,gps_back
46.68300000000454,151.47750000000815,104.241,1789798979.2002308,gps_back
46.63150000000314,151.44349999999395,104.239,1789798979.3002307,gps_back
46.58849999999802,151.41049999999814,104.241,1789798979.4002306,gps_back
46.546000000002095,151.36600000000908,104.238,1789798979.5002308,gps_back
46.451499999995576,151.2994999999937,104.244,1789798979.7002306,gps_back
46.408500000005006,151.26600000000326,104.24300000000001,1789798979.8002305,gps_back
46.365499999999884,151.2325000000128,104.244,1789798979.9002306,gps_back
46.32249999999476,151.1884999999893,104.245,1789798980.0002306,gps_back
46.270999999993364,151.15499999999884,104.246,1789798980.1002305,gps_back
46.228000000002794,151.12150000000838,104.246,1789798980.2002304,gps_back
46.18550000000687,151.07699999999022,104.248,1789798980.3002303,gps_back
46.142500000001746,151.0439999999944,104.251,1789798980.4002304,gps_back
46.09100000000035,150.99950000000536,104.25,1789798980.5002303,gps_back
46.04799999999523,150.9659999999858,104.251,1789798980.6002302,gps_back
46.0054999999993,150.92199999999139,104.25,1789798980.7002301,gps_back
45.95350000000326,150.88850000000093,104.252,1789798980.8002303,gps_back
45.91099999999278,150.84400000001187,104.251,1789798980.9002302,gps_back
45.86800000000221,150.81049999999232,104.25,1789798981.00023,gps_back
45.82499999999709,150.7774999999965,104.252,1789798981.10023,gps_back
45.78200000000652,150.73300000000745,104.252,1789798981.2002301,gps_back
45.73949999999604,150.6994999999879,104.254,1789798981.30023,gps_back
45.69650000000547,150.65549999999348,104.254,1789798981.40023,gps_back
45.65350000000035,150.62200000000303,104.252,1789798981.5002298,gps_back
45.6195000000007,150.57800000000861,104.247,1789798981.60023,gps_back
45.576499999995576,150.54449999998906,104.244,1789798981.70023,gps_back
45.52499999999418,150.50049999999464,104.246,1789798981.8002298,gps_back
45.48200000000361,150.4670000000042,104.246,1789798981.9002297,gps_back
45.44800000000396,150.42300000000978,104.246,1789798982.0002298,gps_back
45.39650000000256,150.37849999999162,104.247,1789798982.1002297,gps_back
45.354000000006636,150.34500000000116,104.248,1789798982.2002296,gps_back
45.31100000000151,150.3115000000107,104.252,1789798982.3002295,gps_back
45.27700000000186,150.2674999999872,104.254,1789798982.4002297,gps_back
45.225500000000466,150.22299999999814,104.261,1789798982.5002296,gps_back
45.18249999999534,150.19000000000233,104.264,1789798982.6002295,gps_back
45.13950000000477,150.14550000001327,104.266,1789798982.7002294,gps_back
45.096999999994296,150.10149999998976,104.273,1789798982.8002295,gps_back
45.054000000003725,150.0679999999993,104.275,1789798982.9002295,gps_back
45.01149999999325,150.0130000000063,104.282,1789798983.0002294,gps_back
44.93450000000303,149.93549999999232,104.279,1789798983.2002292,gps_back
44.891499999997905,149.90200000000186,104.274,1789798983.3002293,gps_back
44.84900000000198,149.85800000000745,104.273,1789798983.4002292,gps_back
44.79750000000058,149.8134999999893,104.271,1789798983.5002291,gps_back
44.71150000000489,149.73600000000442,104.268,1789798983.7002292,gps_back
44.66849999999977,149.70250000001397,104.269,1789798983.800229,gps_back
44.62600000000384,149.65849999999045,104.269,1789798983.900229,gps_back
44.58299999999872,149.625,104.267,1789798984.000229,gps_back
44.540500000002794,149.58050000001094,104.273,1789798984.100229,gps_back
44.49749999999767,149.54749999998603,104.273,1789798984.200229,gps_back
44.4545000000071,149.50299999999697,104.271,1789798984.3002288,gps_back
44.403000000005704,149.45850000000792,104.274,1789798984.4002287,gps_back
44.36000000000058,149.4255000000121,104.275,1789798984.500229,gps_back
44.31750000000466,149.38099999999395,104.27,1789798984.6002288,gps_back
44.274499999999534,149.34799999999814,104.272,1789798984.7002287,gps_back
44.23200000000361,149.30350000000908,104.273,1789798984.8002286,gps_back
44.18899999999849,149.25949999998556,104.27,1789798984.9002287,gps_back
44.145999999993364,149.2259999999951,104.271,1789798985.0002286,gps_back
44.10349999999744,149.18150000000605,104.275,1789798985.1002285,gps_back
44.06050000000687,149.14850000001024,104.273,1789798985.2002285,gps_back
44.017500000001746,149.10399999999208,104.275,1789798985.3002284,gps_back
43.97500000000582,149.05999999999767,104.275,1789798985.4002285,gps_back
43.9320000000007,149.01550000000861,104.274,1789798985.5002284,gps_back
43.888999999995576,148.9825000000128,104.275,1789798985.6002283,gps_back
43.854999999995925,148.93799999999464,104.272,1789798985.7002282,gps_back
43.8125,148.89400000000023,104.274,1789798985.8002284,gps_back
43.76949999999488,148.84950000001118,104.274,1789798985.9002283,gps_back
43.72699999999895,148.80549999998766,104.273,1789798986.0002282,gps_back
43.6929999999993,148.76149999999325,104.269,1789798986.100228,gps_back
43.64999999999418,148.7280000000028,104.273,1789798986.2002282,gps_back
43.60700000000361,148.68400000000838,104.272,1789798986.300228,gps_back
43.56449999999313,148.63949999999022,104.274,1789798986.400228,gps_back
43.52150000000256,148.5954999999958,104.269,1789798986.500228,gps_back
43.479000000006636,148.55100000000675,104.269,1789798986.600228,gps_back
43.445000000006985,148.50700000001234,104.269,1789798986.700228,gps_back
43.40200000000186,148.47349999999278,104.266,1789798986.8002279,gps_back
43.350500000000466,148.41849999999977,104.269,1789798986.9002278,gps_back
43.27349999999569,148.3409999999858,104.269,1789798987.1002278,gps_back
43.23099999999977,148.29699999999139,104.269,1789798987.2002277,gps_back
43.187999999994645,148.25250000000233,104.268,1789798987.3002276,gps_back
43.14549999999872,148.20850000000792,104.269,1789798987.4002275,gps_back
43.1024999999936,148.17499999998836,104.271,1789798987.5002277,gps_back
43.068499999993946,148.13099999999395,104.269,1789798987.6002276,gps_back
43.02599999999802,148.07600000000093,104.268,1789798987.7002275,gps_back
42.94899999999325,147.99849999998696,104.271,1789798987.9002275,gps_back
42.90600000000268,147.9539999999979,104.272,1789798988.0002275,gps_back
42.86350000000675,147.9100000000035,104.271,1789798988.1002274,gps_back
42.8295000000071,147.86600000000908,104.267,1789798988.2002273,gps_back
42.78650000000198,147.82149999999092,104.269,1789798988.3002274,gps_back
42.744000000006054,147.7774999999965,104.27,1789798988.4002273,gps_back
42.7100000000064,147.7335000000021,104.27,1789798988.5002272,gps_back
42.66700000000128,147.68900000001304,104.269,1789798988.600227,gps_back
42.63300000000163,147.64499999998952,104.273,1789798988.7002273,gps_back
42.59900000000198,147.6009999999951,104.271,1789798988.8002272,gps_back
42.56500000000233,147.5570000000007,104.272,1789798988.900227,gps_back
42.5225000000064,147.50150000001304,104.27,1789798989.000227,gps_back
42.48850000000675,147.45749999998952,104.27,1789798989.100227,gps_back
42.4545000000071,147.4134999999951,104.266,1789798989.200227,gps_back
42.4204999999929,147.3695000000007,104.269,1789798989.300227,gps_back
42.38649999999325,147.3255000000063,104.266,1789798989.4002268,gps_back
42.34399999999732,147.27050000001327,104.268,1789798989.5002267,gps_back
42.30999999999767,147.22649999998976,104.267,1789798989.6002269,gps_back
42.275500000003376,147.1820000000007,104.265,1789798989.7002268,gps_back
42.2329999999929,147.1380000000063,104.262,1789798989.8002267,gps_back
42.19899999999325,147.09400000001187,104.263,1789798989.9002266,gps_back
42.1649999999936,147.04999999998836,104.267,1789798990.0002267,gps_back
42.130999999993946,146.99499999999534,104.265,1789798990.1002266,gps_back
42.062999999994645,146.90650000001187,104.266,1789798990.3002264,gps_back
42.020000000004075,146.86249999998836,104.265,1789798990.4002266,gps_back
41.986000000004424,146.81849999999395,104.268,1789798990.5002265,gps_back
41.95200000000477,146.77449999999953,104.273,1789798990.6002264,gps_back
41.91849999999977,146.71950000000652,104.272,1789798990.7002263,gps_back
41.88400000000547,146.6755000000121,104.27,1789798990.8002264,gps_back
41.850500000000466,146.62049999999,104.27,1789798990.9002264,gps_back
41.82499999999709,146.57649999999558,104.275,1789798991.0002263,gps_back
41.79099999999744,146.52150000000256,104.275,1789798991.1002262,gps_back
41.75699999999779,146.47750000000815,104.28,1789798991.200226,gps_back
41.72299999999814,146.43350000001374,104.283,1789798991.3002262,gps_back
41.68899999999849,146.38949999999022,104.281,1789798991.400226,gps_back
41.65549999999348,146.3344999999972,104.282,1789798991.500226,gps_back
41.620999999999185,146.2905000000028,104.281,1789798991.600226,gps_back
41.586999999999534,146.24600000001374,104.281,1789798991.700226,gps_back
41.54450000000361,146.20199999999022,104.283,1789798991.800226,gps_back
41.51050000000396,146.1579999999958,104.28,1789798991.9002259,gps_back
41.47650000000431,146.1030000000028,104.278,1789798992.0002258,gps_back
41.44250000000466,146.05900000000838,104.28,1789798992.100226,gps_back
41.408500000005006,146.01500000001397,104.284,1789798992.2002258,gps_back
41.383499999996275,145.95999999999185,104.283,1789798992.3002257,gps_back
41.340500000005704,145.91599999999744,104.285,1789798992.4002256,gps_back
41.31500000000233,145.87200000000303,104.284,1789798992.5002258,gps_back
41.28149999999732,145.81700000001,104.285,1789798992.6002257,gps_back
41.25650000000314,145.7619999999879,104.287,1789798992.7002256,gps_back
41.22250000000349,145.70749999998952,104.287,1789798992.8002255,gps_back
41.197000000000116,145.6634999999951,104.287,1789798992.9002254,gps_back
41.163000000000466,145.6085000000021,104.289,1789798993.0002255,gps_back
41.138000000006286,145.56450000000768,104.29,1789798993.1002254,gps_back
41.112999999997555,145.50949999998556,104.292,1789798993.2002254,gps_back
40.9945000000007,145.31200000000536,104.287,1789798993.6002252,gps_back
40.96950000000652,145.25700000001234,104.289,1789798993.700225,gps_back
40.93499999999767,145.21299999998882,104.288,1789798993.8002253,gps_back
40.91000000000349,145.15849999999045,104.286,1789798993.9002252,gps_back
40.884500000000116,145.11449999999604,104.284,1789798994.000225,gps_back
40.85099999999511,145.05950000000303,104.289,1789798994.100225,gps_back
40.825500000006286,145.01550000000861,104.29,1789798994.200225,gps_back
40.791500000006636,144.9604999999865,104.288,1789798994.300225,gps_back
40.757500000006985,144.91649999999208,104.289,1789798994.400225,gps_back
40.732499999998254,144.8619999999937,104.288,1789798994.5002248,gps_back
40.6984999999986,144.81750000000466,104.286,1789798994.6002247,gps_back
40.66449999999895,144.7630000000063,104.287,1789798994.7002249,gps_back
40.63950000000477,144.71900000001187,104.287,1789798994.8002248,gps_back
40.60550000000512,144.66399999998976,104.289,1789798994.9002247,gps_back
40.58049999999639,144.60899999999674,104.285,1789798995.0002246,gps_back
40.554999999993015,144.56549999999697,104.284,1789798995.1002247,gps_back
40.520999999993364,144.51050000000396,104.29,1789798995.2002246,gps_back
40.495999999999185,144.45550000001094,104.29,1789798995.3002245,gps_back
40.471000000005006,144.40100000001257,104.29,1789798995.4002244,gps_back
40.437000000005355,144.34599999999045,104.291,1789798995.5002246,gps_back
40.41150000000198,144.30199999999604,104.29,1789798995.6002245,gps_back
40.37799999999697,144.24700000000303,104.287,1789798995.7002244,gps_back
40.3524999999936,144.19200000001,104.288,1789798995.8002243,gps_back
40.318499999993946,144.1479999999865,104.287,1789798995.9002242,gps_back
40.29349999999977,144.09349999998813,104.285,1789798996.0002244,gps_back
40.26850000000559,144.0384999999951,104.286,1789798996.1002243,gps_back
40.23450000000594,143.9945000000007,104.288,1789798996.2002242,gps_back
40.200500000006286,143.93950000000768,104.291,1789798996.300224,gps_back
40.175499999997555,143.8850000000093,104.284,1789798996.4002242,gps_back
40.14999999999418,143.8299999999872,104.283,1789798996.500224,gps_back
40.125,143.78599999999278,104.28,1789798996.600224,gps_back
40.108500000002095,143.7314999999944,104.28,1789798996.700224,gps_back
40.074500000002445,143.6765000000014,104.278,1789798996.800224,gps_back
40.049499999993714,143.62150000000838,104.278,1789798996.900224,gps_back
40.024499999999534,143.56700000001,104.277,1789798997.0002239,gps_back
39.99899999999616,143.5119999999879,104.277,1789798997.1002238,gps_back
39.97400000000198,143.45749999998952,104.279,1789798997.200224,gps_back
39.94000000000233,143.4134999999951,104.273,1789798997.3002238,gps_back
39.9149999999936,143.3585000000021,104.278,1789798997.4002237,gps_back
39.88950000000477,143.30400000000373,104.279,1789798997.5002236,gps_back
39.86449999999604,143.2490000000107,104.282,1789798997.6002235,gps_back
39.83950000000186,143.2049999999872,104.286,1789798997.7002237,gps_back
39.81399999999849,143.15049999998882,104.285,1789798997.8002236,gps_back
39.78049999999348,143.0954999999958,104.284,1789798997.9002235,gps_back
39.75500000000466,143.0405000000028,104.283,1789798998.0002234,gps_back
39.729999999995925,142.99650000000838,104.278,1789798998.1002235,gps_back
39.7045000000071,142.94200000001,104.282,1789798998.2002234,gps_back
39.67949999999837,142.8869999999879,104.28,1789798998.3002234,gps_back
39.64549999999872,142.83199999999488,104.279,1789798998.4002233,gps_back
39.62050000000454,142.7774999999965,104.28,1789798998.5002234,gps_back
39.59549999999581,142.7225000000035,104.282,1789798998.6002233,gps_back
39.57050000000163,142.66800000000512,104.282,1789798998.7002232,gps_back
39.554000000003725,142.6130000000121,104.285,1789798998.800223,gps_back
39.528999999994994,142.54749999998603,104.287,1789798998.900223,gps_back
39.51249999999709,142.49299999998766,104.284,1789798999.0002232,gps_back
39.48750000000291,142.43799999999464,104.286,1789798999.100223,gps_back
39.461999999999534,142.38349999999627,104.29,1789798999.200223,gps_back
39.44550000000163,142.32850000000326,104.293,1789798999.3002229,gps_back
39.4204999999929,142.2740000000049,104.299,1789798999.400223,gps_back
39.39549999999872,142.23000000001048,104.298,1789798999.500223,gps_back
39.37050000000454,142.1645000000135,104.297,1789798999.6002228,gps_back
39.345000000001164,142.10949999999139,104.299,1789798999.7002227,gps_back
39.30349999999453,142.0109999999986,104.297,1789798999.9002228,gps_back
39.27850000000035,141.95650000000023,104.296,1789799000.0002227,gps_back
39.262000000002445,141.90150000000722,104.296,1789799000.1002226,gps_back
39.24550000000454,141.84700000000885,104.298,1789799000.2002227,gps_back
39.22049999999581,141.79250000001048,104.298,1789799000.3002226,gps_back
39.195000000006985,141.73749999998836,104.299,1789799000.4002225,gps_back
39.169999999998254,141.68249999999534,104.299,1789799000.5002224,gps_back
39.15350000000035,141.62799999999697,104.299,1789799000.6002223,gps_back
39.12850000000617,141.5734999999986,104.302,1789799000.7002225,gps_back
39.103000000002794,141.5295000000042,104.303,1789799000.8002224,gps_back
39.07799999999406,141.47450000001118,104.302,1789799000.9002223,gps_back
39.052999999999884,141.4090000000142,104.303,1789799001.0002222,gps_back
39.03650000000198,141.35449999998673,104.3,1789799001.1002223,gps_back
39.01149999999325,141.2994999999937,104.303,1789799001.2002223,gps_back
38.98649999999907,141.24499999999534,104.308,1789799001.3002222,gps_back
38.970000000001164,141.19000000000233,104.305,1789799001.400222,gps_back
38.94449999999779,141.13550000000396,104.3,1789799001.5002222,gps_back
38.91950000000361,141.08050000001094,104.298,1789799001.600222,gps_back
38.911999999996624,141.02600000001257,104.3,1789799001.700222,gps_back
38.88649999999325,140.9715000000142,104.302,1789799001.800222,gps_back
38.86149999999907,140.91649999999208,104.304,1789799001.9002218,gps_back
38.845000000001164,140.8619999999937,104.305,1789799002.000222,gps_back
38.82850000000326,140.80749999999534,104.306,1789799002.1002219,gps_back
38.80349999999453,140.75250000000233,104.303,1789799002.2002218,gps_back
38.786999999996624,140.69800000000396,104.305,1789799002.3002217,gps_back
38.77049999999872,140.6435000000056,104.31,1789799002.4002218,gps_back
38.754000000000815,140.58850000001257,104.316,1789799002.5002217,gps_back
38.72950000000128,140.5229999999865,104.319,1789799002.6002216,gps_back
38.713000000003376,140.46849999998813,104.322,1789799002.7002215,gps_back
38.6875,140.4134999999951,104.321,1789799002.8002217,gps_back
38.67149999999674,140.35899999999674,104.318,1789799002.9002216,gps_back
38.654999999998836,140.30449999999837,104.316,1789799003.0002215,gps_back
38.62949999999546,140.24950000000536,104.318,1789799003.1002214,gps_back
38.62200000000303,140.19500000000698,104.322,1789799003.2002215,gps_back
38.60550000000512,140.14050000000861,104.319,1789799003.3002214,gps_back
38.58049999999639,140.07500000001164,104.31700000000001,1789799003.4002213,gps_back
38.54750000000058,139.96549999999115,104.321,1789799003.6002212,gps_back
38.53149999999732,139.91099999999278,104.324,1789799003.7002213,gps_back
38.51499999999942,139.8564999999944,104.32600000000001,1789799003.8002212,gps_back
38.49850000000151,139.80199999999604,104.324,1789799003.900221,gps_back
38.48200000000361,139.74700000000303,104.319,1789799004.000221,gps_back
38.45699999999488,139.69250000000466,104.319,1789799004.1002212,gps_back
38.44049999999697,139.6380000000063,104.315,1789799004.200221,gps_back
38.415500000002794,139.58300000001327,104.315,1789799004.300221,gps_back
38.39900000000489,139.5284999999858,104.318,1789799004.4002209,gps_back
38.382500000006985,139.47349999999278,104.32000000000001,1789799004.500221,gps_back
38.357499999998254,139.4189999999944,104.32000000000001,1789799004.600221,gps_back
38.349499999996624,139.35349999999744,104.32000000000001,1789799004.7002208,gps_back
38.333499999993364,139.29899999999907,104.321,1789799004.8002207,gps_back
38.31699999999546,139.2445000000007,104.32300000000001,1789799004.9002209,gps_back
38.300499999997555,139.19000000000233,104.318,1789799005.0002208,gps_back
38.292499999995925,139.13550000000396,104.32300000000001,1789799005.1002207,gps_back
38.27650000000722,139.07000000000698,104.321,1789799005.2002206,gps_back
38.25149999999849,139.01500000001397,104.324,1789799005.3002205,gps_back
38.24349999999686,138.9604999999865,104.324,1789799005.4002206,gps_back
38.21850000000268,138.90599999998813,104.325,1789799005.5002205,gps_back
38.21050000000105,138.85149999998976,104.331,1789799005.6002204,gps_back
38.19449999999779,138.79649999999674,104.334,1789799005.7002203,gps_back
38.177999999999884,138.73099999999977,104.337,1789799005.8002205,gps_back
38.145000000004075,138.62200000000303,104.336,1789799006.0002203,gps_back
38.129000000000815,138.56750000000466,104.34,1789799006.1002202,gps_back
38.11250000000291,138.51250000001164,104.343,1789799006.2002203,gps_back
38.096000000005006,138.45800000001327,104.34,1789799006.3002203,gps_back
38.088000000003376,138.4034999999858,104.343,1789799006.4002202,gps_back
38.07150000000547,138.34899999998743,104.345,1789799006.50022,gps_back
38.05550000000221,138.29449999998906,104.345,1789799006.6002202,gps_back
38.03900000000431,138.23949999999604,104.342,1789799006.70022,gps_back
38.0225000000064,138.18499999999767,104.343,1789799006.80022,gps_back
38.005999999993946,138.1304999999993,104.34400000000001,1789799006.90022,gps_back
37.98949999999604,138.07600000000093,104.34100000000001,1789799007.0002198,gps_back
37.97299999999814,138.02150000000256,104.34100000000001,1789799007.10022,gps_back
37.95699999999488,137.9560000000056,104.345,1789799007.2002199,gps_back
37.92399999999907,137.8575000000128,104.34400000000001,1789799007.4002197,gps_back
37.907500000001164,137.79199999998673,104.345,1789799007.5002198,gps_back
37.89100000000326,137.73749999998836,104.343,1789799007.6002197,gps_back
37.874500000005355,137.68249999999534,104.346,1789799007.7002196,gps_back
37.858500000002095,137.62799999999697,104.346,1789799007.8002195,gps_back
37.83299999999872,137.5734999999986,104.343,1789799007.9002197,gps_back
37.80800000000454,137.5295000000042,104.34700000000001,1789799008.0002196,gps_back
37.782500000001164,137.47450000001118,104.346,1789799008.1002195,gps_back
37.74899999999616,137.41949999998906,104.349,1789799008.2002194,gps_back
37.71499999999651,137.37549999999464,104.346,1789799008.3002195,gps_back
37.68099999999686,137.32050000000163,104.346,1789799008.4002194,gps_back
37.65549999999348,137.27650000000722,104.34700000000001,1789799008.5002193,gps_back
37.62200000000303,137.22200000000885,104.348,1789799008.6002192,gps_back
37.59649999999965,137.16699999998673,104.346,1789799008.7002192,gps_back
37.57150000000547,137.12299999999232,104.348,1789799008.8002193,gps_back
37.53750000000582,137.0679999999993,104.34700000000001,1789799008.9002192,gps_back
37.512000000002445,137.0240000000049,104.34700000000001,1789799009.000219,gps_back
37.486999999993714,136.96950000000652,104.34400000000001,1789799009.100219,gps_back
37.45299999999406,136.9145000000135,104.345,1789799009.2002192,gps_back
37.427999999999884,136.85949999999139,104.349,1789799009.300219,gps_back
37.39400000000023,136.81549999999697,104.346,1789799009.400219,gps_back
37.369000000006054,136.7609999999986,104.349,1789799009.5002189,gps_back
37.3350000000064,136.7060000000056,104.352,1789799009.600219,gps_back
37.30950000000303,136.66200000001118,104.351,1789799009.700219,gps_back
37.27599999999802,136.60699999998906,104.355,1789799009.8002188,gps_back
37.24199999999837,136.55199999999604,104.357,1789799009.9002187,gps_back
37.216499999994994,136.50800000000163,104.35900000000001,1789799010.0002189,gps_back
37.18249999999534,136.45350000000326,104.357,1789799010.1002188,gps_back
37.14849999999569,136.4090000000142,104.35900000000001,1789799010.2002187,gps_back
37.11500000000524,136.35449999998673,104.35900000000001,1789799010.3002186,gps_back
37.08100000000559,136.30999999999767,104.357,1789799010.4002185,gps_back
37.04700000000594,136.2554999999993,104.354,1789799010.5002186,gps_back
37.004000000000815,136.21100000001024,104.351,1789799010.6002185,gps_back
36.970000000001164,136.16699999998673,104.349,1789799010.7002184,gps_back
36.93649999999616,136.1119999999937,104.351,1789799010.8002183,gps_back
36.90249999999651,136.0679999999993,104.348,1789799010.9002185,gps_back
36.86849999999686,136.0130000000063,104.343,1789799011.0002184,gps_back
36.834499999997206,135.96900000001187,104.343,1789799011.1002183,gps_back
36.791500000006636,135.9244999999937,104.343,1789799011.2002182,gps_back
36.757500000006985,135.8804999999993,104.345,1789799011.3002183,gps_back
36.72349999999278,135.8365000000049,104.34400000000001,1789799011.4002182,gps_back
36.68099999999686,135.79250000001048,104.343,1789799011.5002182,gps_back
36.646999999997206,135.73749999998836,104.346,1789799011.600218,gps_back
36.60450000000128,135.6929999999993,104.346,1789799011.7002182,gps_back
36.578999999997905,135.6490000000049,104.346,1789799011.800218,gps_back
36.544999999998254,135.59450000000652,104.349,1789799011.900218,gps_back
36.5109999999986,135.5395000000135,104.349,1789799012.000218,gps_back
36.47699999999895,135.49549999999,104.349,1789799012.1002178,gps_back
36.4429999999993,135.45100000000093,104.354,1789799012.200218,gps_back
36.40899999999965,135.40700000000652,104.352,1789799012.3002179,gps_back
36.375499999994645,135.3520000000135,104.357,1789799012.4002178,gps_back
36.34100000000035,135.30799999999,104.35600000000001,1789799012.5002177,gps_back
36.298500000004424,135.26399999999558,104.355,1789799012.6002178,gps_back
36.26450000000477,135.22000000000116,104.36200000000001,1789799012.7002177,gps_back
36.22149999999965,135.1755000000121,104.37,1789799012.8002176,gps_back
36.1875,135.1314999999886,104.366,1789799012.9002175,gps_back
36.145000000004075,135.08749999999418,104.364,1789799013.0002177,gps_back
36.0679999999993,135.0100000000093,104.36500000000001,1789799013.2002175,gps_back
36.03399999999965,134.9659999999858,104.36800000000001,1789799013.3002174,gps_back
36.0,134.92149999999674,104.366,1789799013.4002175,gps_back
35.95699999999488,134.88850000000093,104.36800000000001,1789799013.5002174,gps_back
35.91400000000431,134.84400000001187,104.36500000000001,1789799013.6002173,gps_back
35.88000000000466,134.79999999998836,104.36500000000001,1789799013.7002172,gps_back
35.836999999999534,134.7664999999979,104.363,1789799013.8002172,gps_back
35.802999999999884,134.7225000000035,104.36200000000001,1789799013.9002173,gps_back
35.76050000000396,134.67850000000908,104.363,1789799014.0002172,gps_back
35.717499999998836,134.64499999998952,104.363,1789799014.100217,gps_back
35.674499999993714,134.6009999999951,104.36,1789799014.200217,gps_back
35.63199999999779,134.55650000000605,104.363,1789799014.3002172,gps_back
35.58900000000722,134.5229999999865,104.367,1789799014.400217,gps_back
35.54649999999674,134.47899999999208,104.367,1789799014.500217,gps_back
35.50350000000617,134.44550000000163,104.364,1789799014.6002169,gps_back
35.46050000000105,134.40150000000722,104.36200000000001,1789799014.700217,gps_back
35.417499999995925,134.36799999998766,104.363,1789799014.800217,gps_back
35.375,134.3234999999986,104.364,1789799014.9002168,gps_back
35.33199999999488,134.2795000000042,104.364,1789799015.0002167,gps_back
35.24649999999383,134.20199999999022,104.36800000000001,1789799015.2002168,gps_back
35.20350000000326,134.16849999999977,104.37,1789799015.3002167,gps_back
35.16099999999278,134.12450000000536,104.367,1789799015.4002166,gps_back
35.11800000000221,134.0799999999872,104.37,1789799015.5002165,gps_back
35.066500000000815,134.04649999999674,104.374,1789799015.6002166,gps_back
34.87799999999697,133.88000000000466,104.378,1789799016.0002165,gps_back
34.826499999995576,133.83600000001024,104.38,1789799016.1002164,gps_back
34.774499999999534,133.8024999999907,104.385,1789799016.2002163,gps_back
34.72299999999814,133.75800000000163,104.385,1789799016.3002162,gps_back
34.67200000000594,133.71350000001257,104.384,1789799016.4002163,gps_back
34.61999999999534,133.67999999999302,104.387,1789799016.5002162,gps_back
34.568499999993946,133.63550000000396,104.389,1789799016.6002162,gps_back
34.5170000000071,133.6020000000135,104.389,1789799016.700216,gps_back
34.45699999999488,133.55749999999534,104.391,1789799016.800216,gps_back
34.404999999998836,133.5240000000049,104.39,1789799016.900216,gps_back
34.354000000006636,133.47949999998673,104.394,1789799017.000216,gps_back
34.29349999999977,133.44599999999627,104.388,1789799017.100216,gps_back
34.24199999999837,133.41250000000582,104.386,1789799017.2002158,gps_back
34.181500000006054,133.36799999998766,104.386,1789799017.300216,gps_back
34.12149999999383,133.33400000000256,104.389,1789799017.4002159,gps_back
34.06100000000151,133.3005000000121,104.386,1789799017.5002158,gps_back
34.009500000000116,133.26699999999255,104.386,1789799017.6002157,gps_back
33.94899999999325,133.2335000000021,104.384,1789799017.7002158,gps_back
33.8975000000064,133.18900000001304,104.383,1789799017.8002157,gps_back
33.836999999999534,133.16599999999744,104.385,1789799017.9002156,gps_back
33.78549999999814,133.13250000000698,104.388,1789799018.0002155,gps_back
33.72500000000582,133.09899999998743,104.393,1789799018.1002157,gps_back
33.673500000004424,133.06549999999697,104.393,1789799018.2002156,gps_back
33.612999999997555,133.03150000001187,104.397,1789799018.3002155,gps_back
33.56149999999616,132.99799999999232,104.396,1789799018.4002154,gps_back
33.50100000000384,132.96450000000186,104.395,1789799018.5002153,gps_back
33.44049999999697,132.94149999998626,104.395,1789799018.6002154,gps_back
33.38850000000093,132.9079999999958,104.394,1789799018.7002153,gps_back
33.32850000000326,132.87450000000536,104.393,1789799018.8002152,gps_back
33.26799999999639,132.85149999998976,104.395,1789799018.9002151,gps_back
33.21600000000035,132.8179999999993,104.393,1789799019.0002153,gps_back
33.146999999997206,132.7950000000128,104.393,1789799019.1002152,gps_back
33.095000000001164,132.77249999999185,104.388,1789799019.200215,gps_back
33.034499999994296,132.73850000000675,104.387,1789799019.300215,gps_back
32.965500000005704,132.7049999999872,104.383,1789799019.4002151,gps_back
32.904999999998836,132.6820000000007,104.382,1789799019.500215,gps_back
32.83599999999569,132.6479999999865,104.387,1789799019.600215,gps_back
32.75800000000163,132.625,104.384,1789799019.7002149,gps_back
32.68899999999849,132.6020000000135,104.375,1789799019.8002148,gps_back
32.61999999999534,132.56849999999395,104.379,1789799019.900215,gps_back
32.55950000000303,132.54550000000745,104.376,1789799020.0002148,gps_back
32.49000000000524,132.52249999999185,104.373,1789799020.1002147,gps_back
32.40350000000035,132.48850000000675,104.371,1789799020.3002148,gps_back
32.32600000000093,132.45449999999255,104.371,1789799020.5002146,gps_back
32.24800000000687,132.4310000000114,104.376,1789799020.7002146,gps_back
32.17849999999453,132.4079999999958,104.371,1789799020.9002144,gps_back
32.100500000000466,132.3850000000093,104.383,1789799021.1002145,gps_back
32.03149999999732,132.3619999999937,104.379,1789799021.3002143,gps_back
31.97950000000128,132.35050000000047,104.386,1789799021.4002142,gps_back
31.89299999999639,132.31599999999162,104.394,1789799021.6002142,gps_back
31.84100000000035,132.30449999999837,104.4,1789799021.7002141,gps_back
31.74550000000454,132.28099999998813,104.402,1789799021.900214,gps_back
31.684500000003027,132.26900000000023,104.408,1789799022.000214,gps_back
31.632500000006985,132.25700000001234,104.408,1789799022.100214,gps_back
31.581000000005588,132.23449999999139,104.409,1789799022.200214,gps_back
31.520000000004075,132.2225000000035,104.407,1789799022.3002138,gps_back
31.46799999999348,132.21100000001024,104.405,1789799022.400214,gps_back
31.407500000001164,132.19899999999325,104.402,1789799022.5002139,gps_back
31.34649999999965,132.18700000000536,104.4,1789799022.6002138,gps_back
31.285999999992782,132.17499999998836,104.402,1789799022.7002137,gps_back
31.164499999998952,132.15100000001257,104.405,1789799022.9002137,gps_back
31.10349999999744,132.13899999999558,104.403,1789799023.0002136,gps_back
31.051500000001397,132.11650000000373,104.41,1789799023.1002135,gps_back
30.99099999999453,132.10449999998673,104.408,1789799023.2002134,gps_back
30.930500000002212,132.08150000000023,104.412,1789799023.3002136,gps_back
30.869999999995343,132.05850000001374,104.412,1789799023.4002135,gps_back
30.80899999999383,132.04699999999139,104.412,1789799023.5002134,gps_back
30.748500000001513,132.0240000000049,104.412,1789799023.6002133,gps_back
30.687999999994645,132.0119999999879,104.407,1789799023.7002134,gps_back
30.62699999999313,132.0,104.403,1789799023.8002133,gps_back
30.566500000000815,131.9880000000121,104.405,1789799023.9002132,gps_back
30.5054999999993,131.9759999999951,104.403,1789799024.0002131,gps_back
30.445000000006985,131.96400000000722,104.402,1789799024.100213,gps_back
30.38400000000547,131.95199999999022,104.405,1789799024.2002132,gps_back
30.323499999998603,131.94049999999697,104.405,1789799024.300213,gps_back
30.26249999999709,131.92850000000908,104.402,1789799024.400213,gps_back
30.1929999999993,131.91599999999744,104.401,1789799024.500213,gps_back
30.14100000000326,131.9045000000042,104.403,1789799024.600213,gps_back
30.08049999999639,131.8924999999872,104.401,1789799024.700213,gps_back
30.019499999994878,131.8804999999993,104.401,1789799024.8002129,gps_back
29.95900000000256,131.8685000000114,104.404,1789799024.9002128,gps_back
29.898000000001048,131.8564999999944,104.406,1789799025.000213,gps_back
29.846000000005006,131.84500000000116,104.402,1789799025.1002128,gps_back
29.785499999998137,131.83300000001327,104.404,1789799025.2002127,gps_back
29.724499999996624,131.83150000000023,104.407,1789799025.3002126,gps_back
29.664000000004307,131.81950000001234,104.412,1789799025.4002125,gps_back
29.59450000000652,131.80749999999534,104.412,1789799025.5002127,gps_back
29.533500000005006,131.79550000000745,104.414,1789799025.6002126,gps_back
29.464000000007218,131.78349999999045,104.415,1789799025.7002125,gps_back
29.411999999996624,131.7719999999972,104.416,1789799025.8002124,gps_back
29.342499999998836,131.77050000001327,104.414,1789799025.9002125,gps_back
29.281499999997322,131.75849999999627,104.417,1789799026.0002124,gps_back
29.221000000005006,131.75750000000698,104.422,1789799026.1002123,gps_back
29.160000000003492,131.74549999999,104.419,1789799026.2002122,gps_back
29.099499999996624,131.7335000000021,104.42,1789799026.3002121,gps_back
29.02950000000419,131.7325000000128,104.414,1789799026.4002123,gps_back
28.968999999997322,131.7204999999958,104.415,1789799026.5002122,gps_back
28.90799999999581,131.70850000000792,104.413,1789799026.600212,gps_back
28.847500000003492,131.69649999999092,104.413,1789799026.700212,gps_back
28.78650000000198,131.68450000000303,104.409,1789799026.8002121,gps_back
28.725500000000466,131.68350000001374,104.412,1789799026.900212,gps_back
28.664999999993597,131.67149999999674,104.412,1789799027.000212,gps_back
28.604000000006636,131.65950000000885,104.416,1789799027.1002119,gps_back
28.543499999999767,131.64749999999185,104.414,1789799027.200212,gps_back
28.482499999998254,131.63550000000396,104.415,1789799027.300212,gps_back
28.422000000005937,131.62349999998696,104.416,1789799027.4002118,gps_back
28.36149999999907,131.61149999999907,104.414,1789799027.5002117,gps_back
28.300499999997555,131.59950000001118,104.412,1789799027.6002116,gps_back
28.24000000000524,131.58749999999418,104.417,1789799027.7002118,gps_back
28.179000000003725,131.5755000000063,104.415,1789799027.8002117,gps_back
28.118499999996857,131.56400000001304,104.413,1789799027.9002116,gps_back
28.057499999995343,131.55199999999604,104.409,1789799028.0002115,gps_back
27.99649999999383,131.5505000000121,104.414,1789799028.1002116,gps_back
27.936000000001513,131.52799999999115,104.415,1789799028.2002115,gps_back
27.875499999994645,131.51600000000326,104.417,1789799028.3002114,gps_back
27.81449999999313,131.50399999998626,104.416,1789799028.4002113,gps_back
27.754000000000815,131.49199999999837,104.421,1789799028.5002115,gps_back
27.702000000004773,131.48000000001048,104.431,1789799028.6002114,gps_back
27.64100000000326,131.46849999998813,104.433,1789799028.7002113,gps_back
27.57150000000547,131.4560000000056,104.435,1789799028.8002112,gps_back
27.519499999994878,131.44450000001234,104.436,1789799028.900211,gps_back
27.45900000000256,131.43249999999534,104.436,1789799029.0002112,gps_back
27.40700000000652,131.40950000000885,104.436,1789799029.1002111,gps_back
27.346000000005006,131.3979999999865,104.43900000000001,1789799029.200211,gps_back
27.285499999998137,131.3859999999986,104.436,1789799029.300211,gps_back
27.224499999996624,131.3740000000107,104.433,1789799029.400211,gps_back
27.164000000004307,131.3619999999937,104.431,1789799029.500211,gps_back
27.111999999993714,131.35000000000582,104.432,1789799029.600211,gps_back
27.051000000006752,131.33799999998882,104.435,1789799029.7002108,gps_back
26.99899999999616,131.32649999999558,104.43900000000001,1789799029.8002107,gps_back
26.93850000000384,131.31450000000768,104.434,1789799029.9002109,gps_back
26.886499999993248,131.3024999999907,104.432,1789799030.0002108,gps_back
26.825500000006286,131.2905000000028,104.434,1789799030.1002107,gps_back
26.764999999999418,131.2784999999858,104.436,1789799030.2002106,gps_back
26.713000000003376,131.26699999999255,104.437,1789799030.3002107,gps_back
26.652499999996508,131.24400000000605,104.434,1789799030.4002106,gps_back
26.591499999994994,131.23199999998906,104.431,1789799030.5002105,gps_back
26.539499999998952,131.2204999999958,104.433,1789799030.6002104,gps_back
26.479000000006636,131.20850000000792,104.428,1789799030.7002106,gps_back
26.426999999996042,131.19649999999092,104.429,1789799030.8002105,gps_back
26.36599999999453,131.18450000000303,104.425,1789799030.9002104,gps_back
26.313999999998487,131.16200000001118,104.42,1789799031.0002103,gps_back
26.25350000000617,131.14999999999418,104.428,1789799031.1002102,gps_back
26.20100000000093,131.1490000000049,104.417,1789799031.2002103,gps_back
26.140499999994063,131.1479999999865,104.411,1789799031.3002102,gps_back
26.088000000003376,131.1469999999972,104.417,1789799031.4002101,gps_back
26.027000000001863,131.14600000000792,104.419,1789799031.50021,gps_back
25.97500000000582,131.14499999998952,104.418,1789799031.6002102,gps_back
25.922999999995227,131.13300000000163,104.423,1789799031.70021,gps_back
25.853000000002794,131.13200000001234,104.422,1789799031.80021,gps_back
25.79200000000128,131.1414999999979,104.421,1789799031.90021,gps_back
25.74000000000524,131.13000000000466,104.423,1789799032.0002098,gps_back
25.679000000003725,131.12899999998626,104.424,1789799032.10021,gps_back
25.62699999999313,131.12799999999697,104.424,1789799032.2002099,gps_back
25.56600000000617,131.11600000000908,104.42,1789799032.3002098,gps_back
25.49649999999383,131.11449999999604,104.423,1789799032.4002097,gps_back
25.278999999994994,131.08900000000722,104.43900000000001,1789799032.8002095,gps_back
25.218500000002678,131.08799999998882,104.434,1789799032.9002097,gps_back
25.157500000001164,131.08699999999953,104.43,1789799033.0002096,gps_back
25.105500000005122,131.07500000001164,104.434,1789799033.1002095,gps_back
25.04450000000361,131.06299999999464,104.433,1789799033.2002094,gps_back
24.983500000002095,131.06200000000536,104.433,1789799033.3002093,gps_back
24.931500000006054,131.04999999998836,104.438,1789799033.4002094,gps_back
24.87949999999546,131.0384999999951,104.435,1789799033.5002093,gps_back
24.818499999993946,131.03700000001118,104.435,1789799033.6002092,gps_back
24.75800000000163,131.02549999998882,104.435,1789799033.7002091,gps_back
24.706000000005588,131.01350000000093,104.431,1789799033.8002093,gps_back
24.645000000004075,131.00150000001304,104.436,1789799033.9002092,gps_back
24.59299999999348,130.98949999999604,104.436,1789799034.000209,gps_back
24.54099999999744,130.9890000000014,104.43900000000001,1789799034.100209,gps_back
24.479999999995925,130.9770000000135,104.44500000000001,1789799034.200209,gps_back
24.427999999999884,130.9649999999965,104.444,1789799034.300209,gps_back
24.36699999999837,130.96400000000722,104.44200000000001,1789799034.400209,gps_back
24.31500000000233,130.95199999999022,104.433,1789799034.5002089,gps_back
24.263000000006286,130.94049999999697,104.432,1789799034.6002088,gps_back
24.202499999999418,130.92850000000908,104.434,1789799034.700209,gps_back
24.14999999999418,130.91649999999208,104.436,1789799034.8002088,gps_back
24.097999999998137,130.9045000000042,104.441,1789799034.9002087,gps_back
24.03750000000582,130.9034999999858,104.44,1789799035.0002086,gps_back
23.985000000000582,130.89199999999255,104.431,1789799035.1002088,gps_back
23.93300000000454,130.89100000000326,104.428,1789799035.2002087,gps_back
23.87249999999767,130.87899999998626,104.427,1789799035.3002086,gps_back
23.820000000006985,130.86699999999837,104.423,1789799035.4002085,gps_back
23.759500000000116,130.86600000000908,104.424,1789799035.5002084,gps_back
23.707500000004075,130.84349999998813,104.426,1789799035.6002085,gps_back
23.64650000000256,130.84249999999884,104.431,1789799035.7002084,gps_back
23.59450000000652,130.83050000001094,104.438,1789799035.8002083,gps_back
23.533500000005006,130.81849999999395,104.435,1789799035.9002082,gps_back
23.481499999994412,130.80650000000605,104.434,1789799036.0002084,gps_back
23.421000000002095,130.7950000000128,104.438,1789799036.1002083,gps_back
23.360000000000582,130.7829999999958,104.436,1789799036.2002082,gps_back
23.299499999993714,130.77100000000792,104.44200000000001,1789799036.300208,gps_back
23.24749999999767,130.75899999999092,104.447,1789799036.400208,gps_back
23.18649999999616,130.74700000000303,104.444,1789799036.5002081,gps_back
23.12600000000384,130.73499999998603,104.444,1789799036.600208,gps_back
23.06500000000233,130.72299999999814,104.44500000000001,1789799036.700208,gps_back
23.013000000006286,130.7115000000049,104.44200000000001,1789799036.8002079,gps_back
22.952499999999418,130.6994999999879,104.446,1789799036.900208,gps_back
22.891499999997905,130.6875,104.446,1789799037.000208,gps_back
22.839500000001863,130.6755000000121,104.45,1789799037.1002078,gps_back
22.778999999994994,130.6634999999951,104.45,1789799037.2002077,gps_back
22.71799999999348,130.65200000000186,104.447,1789799037.3002079,gps_back
22.657500000001164,130.64000000001397,104.458,1789799037.4002078,gps_back
22.59649999999965,130.62799999999697,104.46300000000001,1789799037.5002077,gps_back
22.535999999992782,130.61600000000908,104.467,1789799037.6002076,gps_back
22.47500000000582,130.60399999999208,104.468,1789799037.7002075,gps_back
22.422999999995227,130.6030000000028,104.468,1789799037.8002076,gps_back
22.35349999999744,130.5909999999858,104.468,1789799037.9002075,gps_back
22.292499999995925,130.5899999999965,104.46600000000001,1789799038.0002074,gps_back
22.240499999999884,130.57800000000861,104.468,1789799038.1002073,gps_back
22.17949999999837,130.57699999999022,104.473,1789799038.2002075,gps_back
22.119000000006054,130.56500000000233,104.47200000000001,1789799038.3002074,gps_back
22.05800000000454,130.56400000001304,104.471,1789799038.4002073,gps_back
21.997000000003027,130.5625,104.467,1789799038.5002072,gps_back
21.936000000001513,130.55100000000675,104.471,1789799038.600207,gps_back
21.875499999994645,130.5494999999937,104.464,1789799038.7002072,gps_back
21.81449999999313,130.53750000000582,104.467,1789799038.8002071,gps_back
21.744999999995343,130.53649999998743,104.468,1789799038.900207,gps_back
21.68399999999383,130.53549999999814,104.46600000000001,1789799039.000207,gps_back
21.62300000000687,130.53450000000885,104.462,1789799039.100207,gps_back
21.492499999993015,130.52100000000792,104.46600000000001,1789799039.300207,gps_back
21.231499999994412,130.5054999999993,104.465,1789799039.7002068,gps_back
21.1704999999929,130.50450000001,104.462,1789799039.8002067,gps_back
21.110000000000582,130.50349999999162,104.468,1789799039.9002066,gps_back
21.04899999999907,130.49150000000373,104.468,1789799040.0002067,gps_back
20.987999999997555,130.49050000001444,104.473,1789799040.1002066,gps_back
20.918499999999767,130.4890000000014,104.474,1789799040.2002065,gps_back
20.857499999998254,130.4770000000135,104.471,1789799040.3002064,gps_back
20.788000000000466,130.4759999999951,104.468,1789799040.4002066,gps_back
20.726999999998952,130.47450000001118,104.46600000000001,1789799040.5002065,gps_back
20.666500000006636,130.46249999999418,104.46300000000001,1789799040.6002064,gps_back
20.605500000005122,130.4615000000049,104.465,1789799040.7002063,gps_back
20.54450000000361,130.4494999999879,104.462,1789799040.8002062,gps_back
20.475500000000466,130.4375,104.465,1789799040.9002063,gps_back
20.414499999998952,130.4365000000107,104.465,1789799041.0002062,gps_back
20.36250000000291,130.4244999999937,104.467,1789799041.1002061,gps_back
20.301500000001397,130.42350000000442,104.46900000000001,1789799041.200206,gps_back
20.240499999999884,130.41149999998743,104.47,1789799041.3002062,gps_back
20.179999999993015,130.39949999999953,104.471,1789799041.400206,gps_back
20.119000000006054,130.39850000001024,104.47200000000001,1789799041.500206,gps_back
20.05800000000454,130.38649999999325,104.47500000000001,1789799041.600206,gps_back
19.997000000003027,130.38550000000396,104.477,1789799041.7002058,gps_back
19.93649999999616,130.37349999998696,104.479,1789799041.800206,gps_back
19.884500000000116,130.3619999999937,104.47800000000001,1789799041.9002059,gps_back
19.81500000000233,130.34950000001118,104.479,1789799042.0002058,gps_back
19.763000000006286,130.34849999999278,104.476,1789799042.1002057,gps_back
19.702000000004773,130.32600000000093,104.47800000000001,1789799042.2002058,gps_back
19.64999999999418,130.32500000001164,104.48,1789799042.3002057,gps_back
19.58049999999639,130.31299999999464,104.48,1789799042.4002056,gps_back
19.52850000000035,130.30100000000675,104.47500000000001,1789799042.5002055,gps_back
19.467499999998836,130.29999999998836,104.474,1789799042.6002054,gps_back
19.40700000000652,130.28800000000047,104.477,1789799042.7002056,gps_back
19.354999999995925,130.27600000001257,104.48,1789799042.8002055,gps_back
19.293999999994412,130.26399999999558,104.479,1789799042.9002054,gps_back
19.233500000002095,130.25250000000233,104.479,1789799043.0002053,gps_back
19.172500000000582,130.2509999999893,104.47800000000001,1789799043.1002054,gps_back
19.11149999999907,130.2390000000014,104.477,1789799043.2002053,gps_back
19.059500000003027,130.22750000000815,104.474,1789799043.3002052,gps_back
18.99899999999616,130.21549999999115,104.477,1789799043.4002051,gps_back
18.947000000000116,130.20350000000326,104.479,1789799043.5002053,gps_back
18.885999999998603,130.20250000001397,104.48700000000001,1789799043.6002052,gps_back
18.82499999999709,130.19049999999697,104.491,1789799043.700205,gps_back
18.764500000004773,130.17850000000908,104.485,1789799043.800205,gps_back
18.71249999999418,130.16699999998673,104.483,1789799043.900205,gps_back
18.651500000007218,130.15499999999884,104.49300000000001,1789799044.000205,gps_back
18.59100000000035,130.13200000001234,104.49300000000001,1789799044.100205,gps_back
18.529999999998836,130.13099999999395,104.488,1789799044.2002048,gps_back
18.46950000000652,130.11900000000605,104.49000000000001,1789799044.3002048,gps_back
18.417499999995925,130.10699999998906,104.499,1789799044.400205,gps_back
18.322000000000116,130.08400000000256,104.515,1789799044.6002047,gps_back
18.269499999994878,130.08300000001327,104.523,1789799044.7002046,gps_back
18.217499999998836,130.07099999999627,104.527,1789799044.8002045,gps_back
18.130999999993946,130.05850000001374,104.539,1789799045.0002046,gps_back
18.078999999997905,130.04699999999139,104.545,1789799045.1002045,gps_back
18.026500000007218,130.0460000000021,104.545,1789799045.2002044,gps_back
17.974499999996624,130.0340000000142,104.551,1789799045.3002045,gps_back
17.757500000006985,129.98649999999907,104.563,1789799045.8002043,gps_back
17.70549999999639,129.97500000000582,104.568,1789799045.9002042,gps_back
17.65350000000035,129.97399999998743,104.57300000000001,1789799046.000204,gps_back
17.55800000000454,129.9505000000063,104.58200000000001,1789799046.2002041,gps_back
17.505999999993946,129.9384999999893,104.58200000000001,1789799046.300204,gps_back
17.453999999997905,129.92699999999604,104.578,1789799046.400204,gps_back
17.402000000001863,129.91500000000815,104.58200000000001,1789799046.5002038,gps_back
17.349499999996624,129.91399999998976,104.583,1789799046.6002038,gps_back
17.297500000000582,129.9024999999965,104.586,1789799046.700204,gps_back
17.210999999995693,129.89000000001397,104.592,1789799046.9002037,gps_back
17.12399999999616,129.87750000000233,104.59,1789799047.1002038,gps_back
17.072000000000116,129.86550000001444,104.59100000000001,1789799047.2002037,gps_back
16.985000000000582,129.85349999999744,104.583,1789799047.4002035,gps_back
16.898000000001048,129.8409999999858,104.58500000000001,1789799047.6002035,gps_back
16.846000000005006,129.8399999999965,104.589,1789799047.7002034,gps_back
16.750499999994645,129.81649999998626,104.59400000000001,1789799047.9002032,gps_back
16.64650000000256,129.79300000000512,104.595,1789799048.1002033,gps_back
16.59450000000652,129.78099999998813,104.59700000000001,1789799048.2002032,gps_back
16.533500000005006,129.76900000000023,104.59700000000001,1789799048.300203,gps_back
16.472999999998137,129.75700000001234,104.59700000000001,1789799048.400203,gps_back
16.411999999996624,129.74499999999534,104.595,1789799048.5002031,gps_back
16.34299999999348,129.73300000000745,104.595,1789799048.600203,gps_back
16.273499999995693,129.70999999999185,104.595,1789799048.700203,gps_back
16.19550000000163,129.69800000000396,104.592,1789799048.8002028,gps_back
16.11699999999837,129.68549999999232,104.59100000000001,1789799048.900203,gps_back
16.039000000004307,129.67350000000442,104.59100000000001,1789799049.000203,gps_back
15.960999999995693,129.64999999999418,104.596,1789799049.1002028,gps_back
15.891499999997905,129.6490000000049,104.595,1789799049.2002027,gps_back
15.813500000003842,129.6259999999893,104.595,1789799049.3002026,gps_back
15.735499999995227,129.60250000000815,104.59,1789799049.4002028,gps_back
15.657500000001164,129.59049999999115,104.586,1789799049.5002027,gps_back
15.57050000000163,129.56700000001,104.58500000000001,1789799049.6002026,gps_back
15.492499999993015,129.55499999999302,104.58,1789799049.7002025,gps_back
15.414499999998952,129.53150000001187,104.577,1789799049.8002026,gps_back
15.319000000003143,129.51900000000023,104.571,1789799049.9002025,gps_back
15.240999999994528,129.49600000001374,104.569,1789799050.0002024,gps_back
15.154500000004191,129.4725000000035,104.56400000000001,1789799050.1002023,gps_back
15.067999999999302,129.4494999999879,104.553,1789799050.2002022,gps_back
14.998500000001513,129.4375,104.546,1789799050.3002024,gps_back
14.9375,129.4255000000121,104.544,1789799050.4002023,gps_back
14.885500000003958,129.4244999999937,104.537,1789799050.5002022,gps_back
14.82499999999709,129.40150000000722,104.53,1789799050.600202,gps_back
14.772500000006403,129.40049999998882,104.531,1789799050.7002022,gps_back
14.711999999999534,129.38850000000093,104.535,1789799050.8002021,gps_back
14.599000000001979,129.3649999999907,104.525,1789799051.000202,gps_back
14.529500000004191,129.3530000000028,104.528,1789799051.1002018,gps_back
14.460500000001048,129.3299999999872,104.531,1789799051.200202,gps_back
14.39100000000326,129.31750000000466,104.529,1789799051.300202,gps_back
14.321500000005472,129.30549999998766,104.534,1789799051.4002018,gps_back
14.243499999996857,129.29349999999977,104.534,1789799051.5002017,gps_back
14.164999999993597,129.28099999998813,104.539,1789799051.6002018,gps_back
14.086999999999534,129.26900000000023,104.538,1789799051.7002017,gps_back
14.009000000005472,129.2564999999886,104.537,1789799051.8002017,gps_back
13.922000000005937,129.25500000000466,104.536,1789799051.9002016,gps_back
13.826499999995576,129.2204999999958,104.535,1789799052.0002015,gps_back
13.765499999994063,129.21950000000652,104.526,1789799052.1002016,gps_back
13.705000000001746,129.19649999999092,104.53,1789799052.2002015,gps_back
13.644499999994878,129.18450000000303,104.53,1789799052.3002014,gps_back
13.583499999993364,129.17300000000978,104.528,1789799052.4002013,gps_back
13.523000000001048,129.14999999999418,104.519,1789799052.5002015,gps_back
13.471000000005006,129.1380000000063,104.526,1789799052.6002014,gps_back
13.410499999998137,129.11550000001444,104.527,1789799052.7002013,gps_back
13.358500000002095,129.11449999999604,104.52,1789799052.8002012,gps_back
13.297500000000582,129.09150000000955,104.528,1789799052.900201,gps_back
13.236999999993714,129.07949999999255,104.52,1789799053.0002012,gps_back
13.176000000006752,129.06750000000466,104.523,1789799053.1002011,gps_back
13.124500000005355,129.0340000000142,104.548,1789799053.200201,gps_back
13.063999999998487,129.01149999999325,104.549,1789799053.300201,gps_back
13.00350000000617,128.98850000000675,104.552,1789799053.400201,gps_back
12.942500000004657,128.97649999998976,104.552,1789799053.500201,gps_back
12.873500000001513,128.95350000000326,104.56,1789799053.600201,gps_back
12.812999999994645,128.93049999998766,104.561,1789799053.7002008,gps_back
12.752500000002328,128.9079999999958,104.556,1789799053.8002007,gps_back
12.68300000000454,128.89600000000792,104.561,1789799053.9002008,gps_back
12.622499999997672,128.87299999999232,104.555,1789799054.0002007,gps_back
12.552999999999884,128.86100000000442,104.555,1789799054.1002007,gps_back
12.492499999993015,128.83799999998882,104.56,1789799054.2002006,gps_back
12.432000000000698,128.81500000000233,104.563,1789799054.3002007,gps_back
12.37149999999383,128.79250000001048,104.574,1789799054.4002006,gps_back
12.311000000001513,128.76949999999488,104.57900000000001,1789799054.5002005,gps_back
12.25,128.74700000000303,104.583,1789799054.6002004,gps_back
12.189499999993131,128.72399999998743,104.58500000000001,1789799054.7002003,gps_back
12.129000000000815,128.70100000000093,104.58500000000001,1789799054.8002005,gps_back
12.059999999997672,128.67800000001444,104.589,1789799054.9002004,gps_back
11.999500000005355,128.64449999999488,104.589,1789799055.0002003,gps_back
11.938999999998487,128.62150000000838,104.593,1789799055.1002002,gps_back
11.87850000000617,128.58799999998882,104.592,1789799055.2002003,gps_back
11.817999999999302,128.56500000000233,104.59,1789799055.3002002,gps_back
11.757500000006985,128.53150000001187,104.583,1789799055.4002001,gps_back
11.697000000000116,128.50849999999627,104.57900000000001,1789799055.5002,gps_back
11.637000000002445,128.47500000000582,104.572,1789799055.6002,gps_back
11.576499999995576,128.44149999998626,104.562,1789799055.7002,gps_back
11.51600000000326,128.41849999999977,104.559,1789799055.8002,gps_back
11.456000000005588,128.3740000000107,104.56,1789799055.9002,gps_back
11.39549999999872,128.34049999999115,104.558,1789799056.0001998,gps_back
11.335000000006403,128.30650000000605,104.561,1789799056.1002,gps_back
11.283500000005006,128.2729999999865,104.56400000000001,1789799056.2001998,gps_back
11.222999999998137,128.23949999999604,104.563,1789799056.3001997,gps_back
11.16250000000582,128.20550000001094,104.554,1789799056.4001997,gps_back
11.111000000004424,128.16149999998743,104.557,1789799056.5001996,gps_back
11.068499999993946,128.12799999999697,104.559,1789799056.6001997,gps_back
11.00800000000163,128.09400000001187,104.554,1789799056.7001996,gps_back
10.938999999998487,128.0494999999937,104.543,1789799056.8001995,gps_back
10.896500000002561,128.0054999999993,104.544,1789799056.9001994,gps_back
10.835999999995693,127.9715000000142,104.54,1789799057.0001996,gps_back
10.784499999994296,127.93799999999464,104.54,1789799057.1001995,gps_back
10.724000000001979,127.89350000000559,104.545,1789799057.2001994,gps_back
10.672500000000582,127.85999999998603,104.54,1789799057.3001993,gps_back
10.61250000000291,127.81549999999697,104.544,1789799057.4001992,gps_back
10.560500000006869,127.78200000000652,104.551,1789799057.5001993,gps_back
10.509500000000116,127.73749999998836,104.553,1789799057.6001992,gps_back
10.45799999999872,127.6929999999993,104.553,1789799057.7001991,gps_back
10.406000000002678,127.65950000000885,104.551,1789799057.800199,gps_back
10.346000000005006,127.61499999999069,104.553,1789799057.9001992,gps_back
10.302999999999884,127.58199999999488,104.551,1789799058.000199,gps_back
10.251499999998487,127.53750000000582,104.555,1789799058.100199,gps_back
10.191500000000815,127.50349999999162,104.558,1789799058.200199,gps_back
10.139500000004773,127.47000000000116,104.557,1789799058.3001988,gps_back
10.088000000003376,127.42600000000675,104.562,1789799058.400199,gps_back
10.036500000001979,127.38149999998859,104.561,1789799058.5001988,gps_back
9.976500000004307,127.34750000000349,104.558,1789799058.6001987,gps_back
9.92500000000291,127.30350000000908,104.558,1789799058.7001987,gps_back
9.881999999997788,127.25899999999092,104.561,1789799058.8001988,gps_back
9.830499999996391,127.21450000000186,104.56700000000001,1789799058.9001987,gps_back
9.779500000004191,127.17050000000745,104.569,1789799059.0001986,gps_back
9.728000000002794,127.12599999998929,104.571,1789799059.1001985,gps_back
9.676500000001397,127.08150000000023,104.575,1789799059.2001984,gps_back
9.633499999996275,127.03750000000582,104.575,1789799059.3001986,gps_back
9.581999999994878,126.99299999998766,104.559,1789799059.4001985,gps_back
9.53049999999348,126.9484999999986,104.549,1789799059.5001984,gps_back
9.487999999997555,126.90450000000419,104.542,1789799059.6001983,gps_back
9.427999999999884,126.85999999998603,104.536,1789799059.7001984,gps_back
9.394000000000233,126.81549999999697,104.536,1789799059.8001983,gps_back
9.342499999998836,126.76050000000396,104.552,1789799059.9001982,gps_back
9.30000000000291,126.7159999999858,104.554,1789799060.0001981,gps_back
9.248000000006869,126.68249999999534,104.549,1789799060.100198,gps_back
9.196500000005472,126.63850000000093,104.541,1789799060.2001982,gps_back
9.153999999994994,126.59400000001187,104.53,1789799060.300198,gps_back
9.111000000004424,126.56049999999232,104.524,1789799060.400198,gps_back
9.067999999999302,126.5164999999979,104.524,1789799060.500198,gps_back
9.025500000003376,126.47200000000885,104.522,1789799060.600198,gps_back
8.982999999992899,126.42800000001444,104.522,1789799060.700198,gps_back
8.940000000002328,126.38399999999092,104.523,1789799060.8001978,gps_back
8.897500000006403,126.33950000000186,104.53,1789799060.9001977,gps_back
8.85450000000128,126.28450000000885,104.536,1789799061.0001976,gps_back
8.812000000005355,126.23999999999069,104.537,1789799061.1001978,gps_back
8.769499999994878,126.18499999999767,104.536,1789799061.2001977,gps_back
8.726500000004307,126.14100000000326,104.539,1789799061.3001976,gps_back
8.675499999997555,126.0854999999865,104.55,1789799061.4001975,gps_back
8.63300000000163,126.03049999999348,104.549,1789799061.5001976,gps_back
8.589999999996508,125.98649999999907,104.552,1789799061.6001976,gps_back
8.547500000000582,125.94200000001001,104.549,1789799061.7001975,gps_back
8.505000000004657,125.88699999998789,104.553,1789799061.8001974,gps_back
8.461999999999534,125.84299999999348,104.55,1789799061.9001973,gps_back
8.419500000003609,125.78750000000582,104.55,1789799062.0001974,gps_back
8.376999999993131,125.74350000001141,104.548,1789799062.1001973,gps_back
8.342499999998836,125.69949999998789,104.553,1789799062.2001972,gps_back
8.30000000000291,125.64449999999488,104.553,1789799062.3001971,gps_back
8.248999999996158,125.58900000000722,104.549,1789799062.4001973,gps_back
8.206000000005588,125.5450000000128,104.54,1789799062.5001972,gps_back
8.172000000005937,125.50049999999464,104.535,1789799062.600197,gps_back
8.130000000004657,125.43499999999767,104.532,1789799062.700197,gps_back
8.086999999999534,125.39050000000861,104.528,1789799062.800197,gps_back
8.044500000003609,125.3465000000142,104.525,1789799062.900197,gps_back
8.010500000003958,125.29149999999208,104.523,1789799063.000197,gps_back
7.967999999993481,125.23649999999907,104.519,1789799063.1001968,gps_back
7.925499999997555,125.18100000001141,104.522,1789799063.2001967,gps_back
7.8914999999979045,125.13699999998789,104.518,1789799063.300197,gps_back
7.857499999998254,125.08199999999488,104.519,1789799063.4001968,gps_back
7.815000000002328,125.02700000000186,104.524,1789799063.5001967,gps_back
7.7810000000026776,124.97200000000885,104.526,1789799063.6001966,gps_back
7.747000000003027,124.91699999998673,104.527,1789799063.7001967,gps_back
7.713499999998021,124.86249999998836,104.525,1789799063.8001966,gps_back
7.6710000000020955,124.8070000000007,104.529,1789799063.9001966,gps_back
7.645499999998719,124.76350000000093,104.533,1789799064.0001965,gps_back
7.603000000002794,124.70800000001327,104.534,1789799064.1001964,gps_back
7.577999999994063,124.6534999999858,104.533,1789799064.2001965,gps_back
7.543999999994412,124.59849999999278,104.534,1789799064.3001964,gps_back
7.509999999994761,124.54349999999977,104.532,1789799064.4001963,gps_back
7.476500000004307,124.48850000000675,104.532,1789799064.5001962,gps_back
7.442500000004657,124.43350000001374,104.528,1789799064.6001964,gps_back
7.408999999999651,124.36799999998766,104.528,1789799064.7001963,gps_back
7.375,124.31299999999464,104.527,1789799064.8001962,gps_back
7.341000000000349,124.25800000000163,104.53,1789799064.900196,gps_back
7.31600000000617,124.20300000000861,104.529,1789799065.000196,gps_back
7.282000000006519,124.14850000001024,104.526,1789799065.1001961,gps_back
7.256999999997788,124.09349999998813,104.526,1789799065.200196,gps_back
7.222999999998137,124.03849999999511,104.525,1789799065.300196,gps_back
7.198000000003958,123.97299999999814,104.524,1789799065.4001958,gps_back
7.164499999998952,123.91800000000512,104.528,1789799065.500196,gps_back
7.1304999999993015,123.86300000001211,104.528,1789799065.600196,gps_back
7.105500000005122,123.80850000001374,104.525,1789799065.7001958,gps_back
7.0715000000054715,123.74249999999302,104.534,1789799065.8001957,gps_back
7.054999999993015,123.68799999999464,104.536,1789799065.9001958,gps_back
7.021500000002561,123.63300000000163,104.532,1789799066.0001957,gps_back
6.99649999999383,123.56750000000466,104.532,1789799066.1001956,gps_back
6.971499999999651,123.51250000001164,104.532,1789799066.2001956,gps_back
6.9375,123.44649999999092,104.53,1789799066.3001955,gps_back
6.9210000000020955,123.39199999999255,104.528,1789799066.4001956,gps_back
6.8215000000054715,123.14050000000861,104.519,1789799066.8001955,gps_back
6.787500000005821,123.07449999998789,104.519,1789799066.9001954,gps_back
6.76249999999709,123.01999999998952,104.521,1789799067.0001953,gps_back
6.73750000000291,122.9539999999979,104.522,1789799067.1001952,gps_back
6.721000000005006,122.89949999999953,104.525,1789799067.200195,gps_back
6.695999999996275,122.83400000000256,104.529,1789799067.3001952,gps_back
6.6710000000020955,122.76800000001094,104.528,1789799067.4001951,gps_back
6.654999999998836,122.70300000000861,104.532,1789799067.500195,gps_back
6.630000000004657,122.63699999998789,104.528,1789799067.600195,gps_back
6.6049999999959255,122.57149999999092,104.528,1789799067.700195,gps_back
6.580000000001746,122.5164999999979,104.528,1789799067.800195,gps_back
6.563500000003842,122.45100000000093,104.529,1789799067.900195,gps_back
6.538499999995111,122.38550000000396,104.525,1789799068.0001948,gps_back
6.522500000006403,122.32000000000698,104.521,1789799068.100195,gps_back
6.497499999997672,122.25450000001001,104.52,1789799068.2001948,gps_back
6.481499999994412,122.18900000001304,104.523,1789799068.3001947,gps_back
6.456500000000233,122.12349999998696,104.527,1789799068.4001946,gps_back
6.448999999993248,122.05799999998999,104.53,1789799068.5001945,gps_back
6.432499999995343,121.99249999999302,104.53,1789799068.6001947,gps_back
6.407500000001164,121.92699999999604,104.533,1789799068.7001946,gps_back
6.3914999999979045,121.86149999999907,104.529,1789799068.8001945,gps_back
6.366500000003725,121.79550000000745,104.529,1789799068.9001944,gps_back
6.350000000005821,121.74100000000908,104.527,1789799069.0001945,gps_back
6.334000000002561,121.67550000001211,104.529,1789799069.1001945,gps_back
6.317500000004657,121.60999999998603,104.531,1789799069.2001944,gps_back
6.301500000001397,121.54449999998906,104.526,1789799069.3001943,gps_back
6.2850000000034925,121.47899999999208,104.521,1789799069.4001944,gps_back
6.269000000000233,121.41349999999511,104.518,1789799069.5001943,gps_back
6.252500000002328,121.34799999999814,104.524,1789799069.6001942,gps_back
6.236000000004424,121.29349999999977,104.521,1789799069.7001941,gps_back
6.220000000001164,121.2280000000028,104.515,1789799069.800194,gps_back
6.20350000000326,121.16250000000582,104.518,1789799069.9001942,gps_back
6.195999999996275,121.09750000000349,104.517,1789799070.000194,gps_back
6.1710000000020955,121.03150000001187,104.513,1789799070.100194,gps_back
6.163499999995111,120.96650000000955,104.515,1789799070.200194,gps_back
6.146999999997206,120.91149999998743,104.515,1789799070.300194,gps_back
6.130999999993946,120.84599999999045,104.51,1789799070.400194,gps_back
6.123500000001513,120.76999999998952,104.507,1789799070.5001938,gps_back
6.107000000003609,120.71549999999115,104.508,1789799070.6001937,gps_back
6.099499999996624,120.64999999999418,104.508,1789799070.700194,gps_back
6.083499999993364,120.5844999999972,104.506,1789799070.8001938,gps_back
6.076000000000931,120.51900000000023,104.504,1789799070.9001937,gps_back
6.059500000003027,120.4539999999979,104.498,1789799071.0001936,gps_back
6.043499999999767,120.38850000000093,104.492,1789799071.1001935,gps_back
6.035999999992782,120.32300000000396,104.497,1789799071.2001936,gps_back
6.028000000005704,120.26850000000559,104.501,1789799071.3001935,gps_back
6.020999999993364,120.19250000000466,104.502,1789799071.4001935,gps_back
6.013500000000931,120.12700000000768,104.498,1789799071.5001934,gps_back
6.0054999999993015,120.07250000000931,104.494,1789799071.6001935,gps_back
5.989499999996042,120.00700000001234,104.494,1789799071.7001934,gps_back
5.982000000003609,119.94149999998626,104.492,1789799071.8001933,gps_back
5.974499999996624,119.86550000001444,104.497,1789799071.9001932,gps_back
5.966499999994994,119.81099999998696,104.495,1789799072.0001934,gps_back
5.959000000002561,119.74549999998999,104.49300000000001,1789799072.1001933,gps_back
5.960500000001048,119.68049999998766,104.494,1789799072.2001932,gps_back
5.952999999994063,119.60449999998673,104.495,1789799072.300193,gps_back
5.9539999999979045,119.54999999998836,104.5,1789799072.4001932,gps_back
5.9465000000054715,119.47399999998743,104.506,1789799072.500193,gps_back
5.948000000003958,119.40849999999045,104.511,1789799072.600193,gps_back
5.940499999996973,119.34349999998813,104.513,1789799072.700193,gps_back
5.93300000000454,119.27799999999115,104.516,1789799072.8001928,gps_back
5.93399999999383,119.21299999998882,104.513,1789799072.900193,gps_back
5.926500000001397,119.14749999999185,104.512,1789799073.0001929,gps_back
5.927500000005239,119.08249999998952,104.514,1789799073.1001928,gps_back
5.929000000003725,119.01699999999255,104.51,1789799073.2001927,gps_back
5.9210000000020955,118.96249999999418,104.511,1789799073.3001928,gps_back
5.922000000005937,118.89749999999185,104.522,1789799073.4001927,gps_back
5.923500000004424,118.83249999998952,104.523,1789799073.5001926,gps_back
5.933499999999185,118.7674999999872,104.52,1789799073.6001925,gps_back
5.934500000003027,118.70199999999022,104.52,1789799073.7001927,gps_back
5.936000000001513,118.62599999998929,104.519,1789799073.8001926,gps_back
5.937000000005355,118.56099999998696,104.514,1789799073.9001925,gps_back
5.937999999994645,118.49600000001374,104.514,1789799074.0001924,gps_back
5.948000000003958,118.43100000001141,104.521,1789799074.1001923,gps_back
5.957999999998719,118.36600000000908,104.524,1789799074.2001925,gps_back
5.959000000002561,118.30050000001211,104.529,1789799074.3001924,gps_back
5.9689999999973224,118.23550000000978,104.533,1789799074.4001923,gps_back
5.970000000001164,118.17050000000745,104.537,1789799074.5001922,gps_back
5.9799999999959255,118.10550000000512,104.539,1789799074.6001923,gps_back
5.990000000005239,118.0405000000028,104.543,1789799074.7001922,gps_back
5.9909999999945285,117.97500000000582,104.545,1789799074.800192,gps_back
6.009500000000116,117.91049999999814,104.546,1789799074.900192,gps_back
6.019499999994878,117.8344999999972,104.547,1789799075.0001922,gps_back
6.020999999993364,117.76949999999488,104.551,1789799075.100192,gps_back
6.039499999998952,117.70449999999255,104.552,1789799075.200192,gps_back
6.049499999993714,117.62849999999162,104.55,1789799075.3001919,gps_back
6.042000000001281,117.56299999999464,104.54,1789799075.400192,gps_back
6.0605000000068685,117.49849999998696,104.547,1789799075.500192,gps_back
6.07050000000163,117.44399999998859,104.535,1789799075.6001918,gps_back
6.080499999996391,117.36850000001141,104.53,1789799075.7001917,gps_back
6.099000000001979,117.30350000000908,104.524,1789799075.8001916,gps_back
6.10899999999674,117.23850000000675,104.521,1789799075.9001918,gps_back
6.110000000000582,117.17350000000442,104.523,1789799076.0001917,gps_back
6.12850000000617,117.1085000000021,104.519,1789799076.1001916,gps_back
6.138500000000931,117.04349999999977,104.519,1789799076.2001915,gps_back
6.157000000006519,116.96749999999884,104.522,1789799076.3001916,gps_back
6.167000000001281,116.90249999999651,104.524,1789799076.4001915,gps_back
6.168000000005122,116.83749999999418,104.524,1789799076.5001915,gps_back
6.187000000005355,116.77249999999185,104.526,1789799076.6001914,gps_back
6.187999999994645,116.70749999998952,104.532,1789799076.7001915,gps_back
6.198000000003958,116.6424999999872,104.529,1789799076.8001914,gps_back
6.207999999998719,116.57750000001397,104.526,1789799076.9001913,gps_back
6.217499999998836,116.51250000001164,104.527,1789799077.0001912,gps_back
6.2189999999973224,116.43650000001071,104.527,1789799077.1001914,gps_back
6.229000000006636,116.37150000000838,104.524,1789799077.2001913,gps_back
6.247499999997672,116.30650000000605,104.524,1789799077.3001912,gps_back
6.257500000006985,116.24150000000373,104.519,1789799077.400191,gps_back
6.267000000007101,116.1765000000014,104.513,1789799077.500191,gps_back
6.277000000001863,116.11149999999907,104.502,1789799077.600191,gps_back
6.286999999996624,116.04649999999674,104.502,1789799077.700191,gps_back
6.297000000005937,115.98149999999441,104.505,1789799077.800191,gps_back
6.315499999996973,115.91649999999208,104.507,1789799077.9001908,gps_back
6.31699999999546,115.84049999999115,104.504,1789799078.000191,gps_back
6.326499999995576,115.77549999998882,104.509,1789799078.1001909,gps_back
6.336500000004889,115.7104999999865,104.502,1789799078.2001908,gps_back
6.3549999999959255,115.64550000001327,104.499,1789799078.3001907,gps_back
6.365000000005239,115.58050000001094,104.499,1789799078.4001908,gps_back
6.375,115.51550000000861,104.501,1789799078.5001907,gps_back
6.393500000005588,115.45100000000093,104.5,1789799078.6001906,gps_back
6.403500000000349,115.375,104.498,1789799078.7001905,gps_back
6.413000000000466,115.32050000000163,104.5,1789799078.8001907,gps_back
6.4320000000006985,115.24499999999534,104.503,1789799078.9001906,gps_back
6.44199999999546,115.17999999999302,104.5,1789799079.0001905,gps_back
6.452000000004773,115.11499999999069,104.496,1789799079.1001904,gps_back
6.461500000004889,115.04999999998836,104.494,1789799079.2001905,gps_back
6.471499999999651,114.98499999998603,104.495,1789799079.3001904,gps_back
6.490499999999884,114.9090000000142,104.496,1789799079.4001904,gps_back
6.5,114.84400000001187,104.498,1789799079.5001903,gps_back
6.509999999994761,114.77900000000955,104.499,1789799079.6001902,gps_back
6.528500000000349,114.71450000000186,104.499,1789799079.7001903,gps_back
6.529999999998836,114.64900000000489,104.496,1789799079.8001902,gps_back
6.539499999998952,114.58400000000256,104.494,1789799079.90019,gps_back
6.549499999993714,114.51900000000023,104.49000000000001,1789799080.00019,gps_back
6.559500000003027,114.4539999999979,104.48700000000001,1789799080.1001902,gps_back
6.569499999997788,114.38899999999558,104.488,1789799080.20019,gps_back
6.588000000003376,114.32399999999325,104.488,1789799080.30019,gps_back
6.589500000001863,114.24799999999232,104.48700000000001,1789799080.4001899,gps_back
6.607999999992899,114.18350000001374,104.48700000000001,1789799080.50019,gps_back
6.617499999993015,114.11850000001141,104.485,1789799080.60019,gps_back
6.627500000002328,114.05350000000908,104.483,1789799080.7001898,gps_back
6.63749999999709,113.98850000000675,104.48700000000001,1789799080.8001897,gps_back
6.647500000006403,113.92350000000442,104.477,1789799080.9001899,gps_back
6.657000000006519,113.8585000000021,104.485,1789799081.0001898,gps_back
6.667000000001281,113.79349999999977,104.483,1789799081.1001897,gps_back
6.6855000000068685,113.72849999999744,104.486,1789799081.2001896,gps_back
6.686499999996158,113.67399999999907,104.485,1789799081.3001897,gps_back
6.705000000001746,113.60899999999674,104.492,1789799081.4001896,gps_back
6.724000000001979,113.53349999999045,104.497,1789799081.5001895,gps_back
6.73399999999674,113.46849999998813,104.499,1789799081.6001894,gps_back
6.744000000006054,113.4034999999858,104.499,1789799081.7001896,gps_back
6.75350000000617,113.33850000001257,104.499,1789799081.8001895,gps_back
6.763500000000931,113.27350000001024,104.502,1789799081.9001894,gps_back
6.773499999995693,113.20850000000792,104.499,1789799082.0001893,gps_back
6.792000000001281,113.14350000000559,104.504,1789799082.1001892,gps_back
6.801999999996042,113.07850000000326,104.501,1789799082.2001894,gps_back
6.812000000005355,113.00250000000233,104.497,1789799082.3001893,gps_back
6.822000000000116,112.9375,104.501,1789799082.4001892,gps_back
6.831500000000233,112.87249999999767,104.495,1789799082.500189,gps_back
6.841499999994994,112.80749999999534,104.495,1789799082.6001892,gps_back
6.860499999995227,112.73199999998906,104.492,1789799082.700189,gps_back
6.869999999995343,112.66699999998673,104.495,1789799082.800189,gps_back
6.880000000004657,112.6020000000135,104.49300000000001,1789799082.900189,gps_back
6.889999999999418,112.52600000001257,104.495,1789799083.000189,gps_back
6.908999999999651,112.46100000001024,104.492,1789799083.100189,gps_back
6.918499999999767,112.39600000000792,104.489,1789799083.2001889,gps_back
6.937000000005355,112.33150000000023,104.488,1789799083.3001888,gps_back
6.947499999994761,112.2554999999993,104.492,1789799083.400189,gps_back
6.948499999998603,112.19000000000233,104.48700000000001,1789799083.5001888,gps_back
6.967000000004191,112.12549999999464,104.485,1789799083.6001887,gps_back
6.976999999998952,112.04949999999371,104.494,1789799083.7001886,gps_back
6.995999999999185,111.97399999998743,104.49300000000001,1789799083.8001888,gps_back
7.005999999993946,111.9090000000142,104.494,1789799083.9001887,gps_back
7.01600000000326,111.83300000001327,104.495,1789799084.0001886,gps_back
7.034499999994296,111.76800000001094,104.496,1789799084.1001885,gps_back
7.044500000003609,111.69200000001001,104.497,1789799084.2001886,gps_back
7.063500000003842,111.61650000000373,104.496,1789799084.3001885,gps_back
7.073499999998603,111.5405000000028,104.494,1789799084.4001884,gps_back
7.082999999998719,111.47550000000047,104.491,1789799084.5001884,gps_back
7.0935000000026776,111.39949999999953,104.488,1789799084.6001883,gps_back
7.103499999997439,111.32399999999325,104.48700000000001,1789799084.7001884,gps_back
7.113500000006752,111.24799999999232,104.485,1789799084.8001883,gps_back
7.123500000001513,111.17199999999139,104.48100000000001,1789799084.9001882,gps_back
7.142000000007101,111.10699999998906,104.48100000000001,1789799085.000188,gps_back
7.152000000001863,111.03150000001187,104.48700000000001,1789799085.1001883,gps_back
7.1710000000020955,110.95550000001094,104.48400000000001,1789799085.2001882,gps_back
7.172000000005937,110.89050000000861,104.48,1789799085.300188,gps_back
7.19100000000617,110.81450000000768,104.483,1789799085.400188,gps_back
7.19199999999546,110.74950000000536,104.471,1789799085.500188,gps_back
7.210500000001048,110.68450000000303,104.46900000000001,1789799085.600188,gps_back
7.220499999995809,110.60899999999674,104.474,1789799085.700188,gps_back
7.230500000005122,110.54349999999977,104.47,1789799085.8001878,gps_back
7.248999999996158,110.47899999999208,104.467,1789799085.900188,gps_back
7.2590000000054715,110.41399999998976,104.47,1789799086.0001879,gps_back
7.269000000000233,110.34899999998743,104.467,1789799086.1001878,gps_back
7.278999999994994,110.2729999999865,104.46600000000001,1789799086.2001877,gps_back
7.289000000004307,110.19699999998556,104.461,1789799086.3001878,gps_back
7.298999999999069,110.13200000001234,104.458,1789799086.4001877,gps_back
7.30899999999383,110.05600000001141,104.456,1789799086.5001876,gps_back
7.327499999999418,109.99150000000373,104.459,1789799086.6001875,gps_back
7.337499999994179,109.9265000000014,104.46000000000001,1789799086.7001877,gps_back
7.356499999994412,109.85050000000047,104.459,1789799086.8001876,gps_back
7.3659999999945285,109.78549999999814,104.465,1789799086.9001875,gps_back
7.384999999994761,109.70999999999185,104.46300000000001,1789799087.0001874,gps_back
7.3950000000040745,109.64499999998952,104.461,1789799087.1001875,gps_back
7.404500000004191,109.5799999999872,104.462,1789799087.2001874,gps_back
7.414999999993597,109.50399999998626,104.461,1789799087.3001873,gps_back
7.433499999999185,109.43900000001304,104.459,1789799087.4001873,gps_back
7.452000000004773,109.36350000000675,104.46300000000001,1789799087.5001874,gps_back
7.461999999999534,109.29850000000442,104.461,1789799087.6001873,gps_back
7.471999999994296,109.22250000000349,104.458,1789799087.7001872,gps_back
7.482000000003609,109.14650000000256,104.46000000000001,1789799087.800187,gps_back
7.501000000003842,109.07099999999627,104.46300000000001,1789799087.900187,gps_back
7.510999999998603,109.00599999999395,104.464,1789799088.0001872,gps_back
7.520999999993364,108.92999999999302,104.46300000000001,1789799088.100187,gps_back
7.548500000004424,108.85449999998673,104.46600000000001,1789799088.200187,gps_back
7.558499999999185,108.7784999999858,104.467,1789799088.3001869,gps_back
7.568499999993946,108.70250000001397,104.46600000000001,1789799088.400187,gps_back
7.587499999994179,108.62700000000768,104.464,1789799088.500187,gps_back
7.5975000000034925,108.55100000000675,104.462,1789799088.6001868,gps_back
7.6159999999945285,108.47550000000047,104.467,1789799088.7001867,gps_back
7.626000000003842,108.41049999999814,104.467,1789799088.8001869,gps_back
7.635999999998603,108.3344999999972,104.47,1789799088.9001868,gps_back
7.654999999998836,108.25849999999627,104.47200000000001,1789799089.0001867,gps_back
7.6560000000026776,108.18249999999534,104.46900000000001,1789799089.1001866,gps_back
7.666500000006636,108.10699999998906,104.46900000000001,1789799089.2001867,gps_back
7.676000000006752,108.04199999998673,104.471,1789799089.3001866,gps_back
7.686499999996158,107.9549999999872,104.476,1789799089.4001865,gps_back
7.687999999994645,107.87899999998626,104.46900000000001,1789799089.5001864,gps_back
7.688999999998487,107.80300000001444,104.45400000000001,1789799089.6001866,gps_back
7.690499999996973,107.7270000000135,104.44800000000001,1789799089.7001865,gps_back
7.700500000006286,107.65100000001257,104.44,1789799089.8001864,gps_back
7.710500000001048,107.57500000001164,104.43,1789799089.9001863,gps_back
7.721000000005006,107.49950000000536,104.429,1789799090.0001864,gps_back
7.739499999996042,107.42350000000442,104.432,1789799090.1001863,gps_back
7.749500000005355,107.3585000000021,104.429,1789799090.2001863,gps_back
7.759500000000116,107.2719999999972,104.426,1789799090.3001862,gps_back
7.778500000000349,107.19599999999627,104.428,1789799090.4001863,gps_back
7.788499999995111,107.10949999999139,104.421,1789799090.5001862,gps_back
7.807499999995343,107.03349999999045,104.421,1789799090.600186,gps_back
7.8179999999993015,106.94699999998556,104.414,1789799090.700186,gps_back
7.836500000004889,106.87100000001374,104.419,1789799090.8001862,gps_back
7.846999999994296,106.78450000000885,104.424,1789799090.900186,gps_back
7.8659999999945285,106.69800000000396,104.422,1789799091.000186,gps_back
7.876000000003842,106.61100000000442,104.421,1789799091.1001859,gps_back
7.877500000002328,106.53500000000349,104.421,1789799091.200186,gps_back
7.88749999999709,106.4484999999986,104.415,1789799091.300186,gps_back
7.898000000001048,106.37249999999767,104.408,1789799091.4001858,gps_back
7.907999999995809,106.28599999999278,104.4,1789799091.5001857,gps_back
7.909499999994296,106.2094999999972,104.396,1789799091.6001859,gps_back
7.919500000003609,106.12299999999232,104.389,1789799091.7001858,gps_back
7.92949999999837,106.04699999999139,104.383,1789799091.8001857,gps_back
7.940000000002328,105.9604999999865,104.383,1789799091.9001856,gps_back
7.950500000006286,105.87349999998696,104.386,1789799092.0001855,gps_back
7.960500000001048,105.79800000000978,104.383,1789799092.1001856,gps_back
7.970499999995809,105.72200000000885,104.384,1789799092.2001855,gps_back
7.980500000005122,105.63500000000931,104.388,1789799092.3001854,gps_back
7.999500000005355,105.55950000000303,104.394,1789799092.4001853,gps_back
8.001000000003842,105.47250000000349,104.397,1789799092.5001855,gps_back
8.020000000004075,105.3969999999972,104.403,1789799092.6001854,gps_back
8.020999999993364,105.32099999999627,104.402,1789799092.7001853,gps_back
8.031499999997322,105.23399999999674,104.404,1789799092.8001852,gps_back
8.041500000006636,105.15799999999581,104.403,1789799092.9001853,gps_back
8.043000000005122,105.07149999999092,104.404,1789799093.0001853,gps_back
8.062000000005355,104.99549999998999,104.406,1789799093.1001852,gps_back
8.072000000000116,104.9090000000142,104.404,1789799093.200185,gps_back
8.081999999994878,104.83300000001327,104.4,1789799093.3001852,gps_back
8.109500000005937,104.75750000000698,104.4,1789799093.400185,gps_back
8.12850000000617,104.6710000000021,104.396,1789799093.500185,gps_back
8.138500000000931,104.59500000000116,104.392,1789799093.600185,gps_back
8.157500000001164,104.50849999999627,104.392,1789799093.700185,gps_back
8.168000000005122,104.43249999999534,104.391,1789799093.800185,gps_back
8.177999999999884,104.35649999999441,104.389,1789799093.9001849,gps_back
8.197000000000116,104.26999999998952,104.391,1789799094.0001848,gps_back
8.206999999994878,104.19399999998859,104.397,1789799094.100185,gps_back
8.225500000000466,104.11850000001141,104.402,1789799094.2001848,gps_back
8.236000000004424,104.03150000001187,104.394,1789799094.3001847,gps_back
8.245999999999185,103.94500000000698,104.394,1789799094.4001846,gps_back
8.256500000003143,103.85800000000745,104.393,1789799094.5001848,gps_back
8.275500000003376,103.78250000000116,104.391,1789799094.6001847,gps_back
8.285499999998137,103.70650000000023,104.391,1789799094.7001846,gps_back
8.30449999999837,103.61999999999534,104.392,1789799094.8001845,gps_back
8.314499999993131,103.53349999999045,104.391,1789799094.9001846,gps_back
8.333499999993364,103.45749999998952,104.39,1789799095.0001845,gps_back
8.343500000002678,103.38149999998859,104.387,1789799095.1001844,gps_back
8.361999999993714,103.30600000001141,104.387,1789799095.2001843,gps_back
8.380999999993946,103.21950000000652,104.387,1789799095.3001845,gps_back
8.39999999999418,103.14350000000559,104.383,1789799095.4001844,gps_back
8.418499999999767,103.0679999999993,104.384,1789799095.5001843,gps_back
8.429000000003725,102.98099999999977,104.39,1789799095.6001842,gps_back
8.448000000003958,102.90549999999348,104.389,1789799095.7001843,gps_back
8.466499999994994,102.82949999999255,104.39,1789799095.8001842,gps_back
8.476500000004307,102.75399999998626,104.393,1789799095.9001842,gps_back
8.49550000000454,102.66750000001048,104.39,1789799096.000184,gps_back
8.505499999999302,102.59150000000955,104.39,1789799096.1001842,gps_back
8.524499999999534,102.50500000000466,104.388,1789799096.200184,gps_back
8.543499999999767,102.41800000000512,104.39,1789799096.300184,gps_back
8.5625,102.34249999999884,104.394,1789799096.400184,gps_back
8.572499999994761,102.2664999999979,104.394,1789799096.500184,gps_back
8.591499999994994,102.17999999999302,104.388,1789799096.600184,gps_back
8.601500000004307,102.09349999998813,104.385,1789799096.7001839,gps_back
8.62050000000454,102.0174999999872,104.382,1789799096.8001838,gps_back
8.630999999993946,101.93100000001141,104.377,1789799096.900184,gps_back
8.649499999999534,101.84450000000652,104.371,1789799097.0001838,gps_back
8.660000000003492,101.76850000000559,104.372,1789799097.1001837,gps_back
8.679000000003725,101.6820000000007,104.371,1789799097.2001836,gps_back
8.688999999998487,101.60599999999977,104.375,1789799097.3001835,gps_back
8.698999999993248,101.51900000000023,104.378,1789799097.4001837,gps_back
8.71799999999348,101.44349999999395,104.378,1789799097.5001836,gps_back
8.736999999993714,101.35699999998906,104.379,1789799097.6001835,gps_back
8.747000000003027,101.28099999998813,104.383,1789799097.7001834,gps_back
8.765499999994063,101.20550000001094,104.385,1789799097.8001835,gps_back
8.784499999994296,101.11850000001141,104.388,1789799097.9001834,gps_back
8.794999999998254,101.03200000000652,104.386,1789799098.0001833,gps_back
8.813500000003842,100.95600000000559,104.389,1789799098.1001832,gps_back
8.832500000004075,100.8695000000007,104.384,1789799098.2001834,gps_back
8.84299999999348,100.79399999999441,104.384,1789799098.3001833,gps_back
8.853000000002794,100.70699999999488,104.377,1789799098.4001832,gps_back
8.872000000003027,100.63149999998859,104.376,1789799098.500183,gps_back
8.881999999997788,100.55549999998766,104.378,1789799098.6001832,gps_back
8.892000000007101,100.46849999998813,104.377,1789799098.7001832,gps_back
8.893500000005588,100.38200000001234,104.377,1789799098.800183,gps_back
8.91250000000582,100.30600000001141,104.382,1789799098.900183,gps_back
8.922999999995227,100.21950000000652,104.378,1789799099.000183,gps_back
8.93300000000454,100.14350000000559,104.38,1789799099.100183,gps_back
8.942999999999302,100.06750000000466,104.382,1789799099.200183,gps_back
8.952999999994063,99.98099999999977,104.382,1789799099.3001828,gps_back
8.963499999998021,99.90499999999884,104.379,1789799099.400183,gps_back
8.973499999992782,99.8289999999979,104.377,1789799099.5001829,gps_back
8.983500000002095,99.74249999999302,104.379,1789799099.6001828,gps_back
8.994000000006054,99.65549999999348,104.373,1789799099.7001827,gps_back
9.01249999999709,99.5799999999872,104.372,1789799099.8001828,gps_back
9.013999999995576,99.50399999998626,104.374,1789799099.9001827,gps_back
9.024499999999534,99.41699999998673,104.366,1789799100.0001826,gps_back
9.034499999994296,99.33050000001094,104.36500000000001,1789799100.1001825,gps_back
9.044500000003609,99.25450000001001,104.355,1789799100.2001827,gps_back
9.063500000003842,99.16800000000512,104.35600000000001,1789799100.3001826,gps_back
9.082500000004075,99.09200000000419,104.36,1789799100.4001825,gps_back
9.092499999998836,99.0164999999979,104.357,1789799100.5001824,gps_back
9.102499999993597,98.94049999999697,104.361,1789799100.6001825,gps_back
9.112999999997555,98.85349999999744,104.35900000000001,1789799100.7001824,gps_back
9.131500000003143,98.77799999999115,104.36,1789799100.8001823,gps_back
9.142000000007101,98.69099999999162,104.36,1789799100.9001822,gps_back
9.152000000001863,98.61550000001444,104.358,1789799101.0001824,gps_back
9.171000000002095,98.52900000000955,104.354,1789799101.1001823,gps_back
9.172000000005937,98.45300000000861,104.354,1789799101.2001822,gps_back
9.19100000000617,98.37700000000768,104.35600000000001,1789799101.300182,gps_back
9.201000000000931,98.30100000000675,104.35600000000001,1789799101.4001822,gps_back
9.220000000001164,98.21450000000186,104.349,1789799101.5001822,gps_back
9.229999999995925,98.13850000000093,104.348,1789799101.600182,gps_back
9.240000000005239,98.06299999999464,104.342,1789799101.700182,gps_back
9.259000000005472,97.98699999999371,104.34100000000001,1789799101.800182,gps_back
9.269499999994878,97.90049999998882,104.343,1789799101.900182,gps_back
9.288000000000466,97.82449999998789,104.346,1789799102.000182,gps_back
9.307000000000698,97.74900000001071,104.349,1789799102.1001818,gps_back
9.31699999999546,97.66200000001118,104.34700000000001,1789799102.200182,gps_back
9.335999999995693,97.58650000000489,104.345,1789799102.3001819,gps_back
9.354999999995925,97.5,104.345,1789799102.4001818,gps_back
9.355999999999767,97.42399999999907,104.346,1789799102.5001817,gps_back
9.366500000003725,97.33699999999953,104.342,1789799102.6001818,gps_back
9.385500000003958,97.26149999999325,104.343,1789799102.7001817,gps_back
9.39549999999872,97.18549999999232,104.34100000000001,1789799102.8001816,gps_back
9.40549999999348,97.09899999998743,104.34,1789799102.9001815,gps_back
9.424499999993714,97.01199999998789,104.336,1789799103.0001814,gps_back
9.426000000006752,96.93599999998696,104.33500000000001,1789799103.1001816,gps_back
9.436000000001513,96.84950000001118,104.331,1789799103.2001815,gps_back
9.455000000001746,96.77350000001024,104.331,1789799103.3001814,gps_back
9.474000000001979,96.69800000000396,104.33200000000001,1789799103.4001813,gps_back
9.48399999999674,96.62200000000303,104.337,1789799103.5001814,gps_back
9.494000000006054,96.53549999999814,104.33800000000001,1789799103.6001813,gps_back
9.504000000000815,96.4594999999972,104.337,1789799103.7001812,gps_back
9.514500000004773,96.37249999999767,104.336,1789799103.8001812,gps_back
9.533500000005006,96.28599999999278,104.337,1789799103.9001813,gps_back
9.543499999999767,96.2104999999865,104.339,1789799104.0001812,gps_back
9.5625,96.13449999998556,104.33500000000001,1789799104.100181,gps_back
9.572499999994761,96.04800000000978,104.334,1789799104.200181,gps_back
9.58299999999872,95.96100000001024,104.33200000000001,1789799104.3001812,gps_back
9.59299999999348,95.88500000000931,104.328,1789799104.400181,gps_back
9.603000000002794,95.79850000000442,104.32600000000001,1789799104.500181,gps_back
9.622000000003027,95.72250000000349,104.324,1789799104.6001809,gps_back
9.631999999997788,95.6469999999972,104.325,1789799104.700181,gps_back
9.650999999998021,95.56049999999232,104.328,1789799104.800181,gps_back
9.660999999992782,95.47349999999278,104.325,1789799104.9001808,gps_back
9.679999999993015,95.3979999999865,104.324,1789799105.0001807,gps_back
9.690499999996973,95.31099999998696,104.322,1789799105.1001809,gps_back
9.700500000006286,95.23499999998603,104.316,1789799105.2001808,gps_back
9.71950000000652,95.14850000001024,104.318,1789799105.3001807,gps_back
9.737999999997555,95.07300000000396,104.32300000000001,1789799105.4001806,gps_back
9.748000000006869,94.99700000000303,104.321,1789799105.5001807,gps_back
9.775999999998021,94.91049999999814,104.32300000000001,1789799105.6001806,gps_back
9.785999999992782,94.8344999999972,104.32600000000001,1789799105.7001805,gps_back
9.796000000002095,94.74799999999232,104.32600000000001,1789799105.8001804,gps_back
9.815000000002328,94.66149999998743,104.327,1789799105.9001806,gps_back
9.82499999999709,94.5854999999865,104.32600000000001,1789799106.0001805,gps_back
9.835500000001048,94.50949999998556,104.325,1789799106.1001804,gps_back
9.85450000000128,94.42300000000978,104.321,1789799106.2001803,gps_back
9.864499999996042,94.34700000000885,104.313,1789799106.3001804,gps_back
9.88300000000163,94.27150000000256,104.313,1789799106.4001803,gps_back
9.893500000005588,94.18450000000303,104.309,1789799106.5001802,gps_back
9.911999999996624,94.10899999999674,104.307,1789799106.6001801,gps_back
9.922500000000582,94.03299999999581,104.306,1789799106.7001803,gps_back
9.94100000000617,93.94649999999092,104.304,1789799106.8001802,gps_back
9.960000000006403,93.87100000001374,104.305,1789799106.90018,gps_back
9.979000000006636,93.7950000000128,104.302,1789799107.00018,gps_back
9.989000000001397,93.70850000000792,104.301,1789799107.1001801,gps_back
9.998999999996158,93.63250000000698,104.299,1789799107.20018,gps_back
10.017999999996391,93.55650000000605,104.299,1789799107.30018,gps_back
10.028000000005704,93.47000000000116,104.301,1789799107.4001799,gps_back
10.038000000000466,93.39400000000023,104.306,1789799107.50018,gps_back
10.057000000000698,93.31849999999395,104.308,1789799107.60018,gps_back
10.067500000004657,93.23149999999441,104.312,1789799107.7001798,gps_back
10.077499999999418,93.15599999998813,104.309,1789799107.8001797,gps_back
10.09649999999965,93.06899999998859,104.308,1789799107.9001799,gps_back
10.106499999994412,92.99350000001141,104.307,1789799108.0001798,gps_back
10.116500000003725,92.91750000001048,104.304,1789799108.1001797,gps_back
10.135500000003958,92.83100000000559,104.306,1789799108.2001796,gps_back
10.14549999999872,92.75500000000466,104.302,1789799108.3001797,gps_back
10.15549999999348,92.67900000000373,104.296,1789799108.4001796,gps_back
10.165999999997439,92.59249999999884,104.292,1789799108.5001795,gps_back
10.176000000006752,92.5164999999979,104.286,1789799108.6001794,gps_back
10.186000000001513,92.42999999999302,104.286,1789799108.7001796,gps_back
10.205000000001746,92.35399999999208,104.282,1789799108.8001795,gps_back
10.214999999996508,92.27799999999115,104.284,1789799108.9001794,gps_back
10.225500000000466,92.19149999998626,104.282,1789799109.0001793,gps_back
10.235499999995227,92.11550000001444,104.283,1789799109.1001794,gps_back
10.24550000000454,92.0395000000135,104.281,1789799109.2001793,gps_back
10.264500000004773,91.95300000000861,104.286,1789799109.3001792,gps_back
10.282999999995809,91.87750000000233,104.29,1789799109.4001791,gps_back
10.293499999999767,91.8015000000014,104.299,1789799109.5001793,gps_back
10.303499999994528,91.71450000000186,104.296,1789799109.6001792,gps_back
10.313500000003842,91.63899999999558,104.299,1789799109.700179,gps_back
10.332500000004075,91.56299999999464,104.294,1789799109.800179,gps_back
10.334000000002561,91.47649999998976,104.293,1789799109.9001791,gps_back
10.343999999997322,91.40049999998882,104.292,1789799110.000179,gps_back
10.373000000006869,91.23800000001211,104.296,1789799110.2001789,gps_back
10.383499999996275,91.15100000001257,104.294,1789799110.300179,gps_back
10.393500000005588,91.07550000000629,104.286,1789799110.400179,gps_back
10.411999999996624,90.99950000000536,104.283,1789799110.5001788,gps_back
10.422500000000582,90.91300000000047,104.283,1789799110.6001787,gps_back
10.441500000000815,90.83699999999953,104.282,1789799110.7001789,gps_back
10.451499999995576,90.7609999999986,104.279,1789799110.8001788,gps_back
10.470000000001164,90.68549999999232,104.281,1789799110.9001787,gps_back
10.480500000005122,90.59899999998743,104.283,1789799111.0001786,gps_back
10.498999999996158,90.5229999999865,104.283,1789799111.1001787,gps_back
10.500499999994645,90.44699999998556,104.28,1789799111.2001786,gps_back
10.519499999994878,90.36050000000978,104.274,1789799111.3001785,gps_back
10.529500000004191,90.28450000000885,104.27,1789799111.4001784,gps_back
10.539999999993597,90.19800000000396,104.264,1789799111.5001786,gps_back
10.55000000000291,90.12200000000303,104.263,1789799111.6001785,gps_back
10.569000000003143,90.03549999999814,104.264,1789799111.7001784,gps_back
10.578999999997905,89.9594999999972,104.262,1789799111.8001783,gps_back
10.597999999998137,89.87299999999232,104.265,1789799111.9001784,gps_back
10.607999999992899,89.79699999999139,104.27,1789799112.0001783,gps_back
10.626999999993131,89.7215000000142,104.268,1789799112.1001782,gps_back
10.637000000002445,89.64550000001327,104.266,1789799112.2001781,gps_back
10.656000000002678,89.55900000000838,104.268,1789799112.3001783,gps_back
10.674499999993714,89.48300000000745,104.268,1789799112.4001782,gps_back
10.684500000003027,89.40700000000652,104.27,1789799112.500178,gps_back
10.70350000000326,89.32050000000163,104.272,1789799112.600178,gps_back
10.713499999998021,89.24499999999534,104.27,1789799112.7001781,gps_back
10.732499999998254,89.15799999999581,104.266,1789799112.800178,gps_back
10.743000000002212,89.08249999998952,104.264,1789799112.900178,gps_back
10.77049999999872,89.00700000001234,104.267,1789799113.0001779,gps_back
10.789000000004307,88.9200000000128,104.272,1789799113.100178,gps_back
10.80800000000454,88.84450000000652,104.276,1789799113.200178,gps_back
10.827000000004773,88.76850000000559,104.27,1789799113.3001778,gps_back
10.845499999995809,88.6929999999993,104.269,1789799113.4001777,gps_back
10.855999999999767,88.60649999999441,104.257,1789799113.5001779,gps_back
10.865999999994528,88.53049999999348,104.244,1789799113.6001778,gps_back
10.884999999994761,88.44399999998859,104.23700000000001,1789799113.7001777,gps_back
10.895000000004075,88.36799999998766,104.229,1789799113.8001776,gps_back
10.91349999999511,88.29199999998673,104.229,1789799113.9001777,gps_back
10.932499999995343,88.20550000001094,104.227,1789799114.0001776,gps_back
10.942999999999302,88.13000000000466,104.224,1789799114.1001775,gps_back
10.96150000000489,88.05400000000373,104.227,1789799114.2001774,gps_back
10.980500000005122,87.97849999999744,104.226,1789799114.3001776,gps_back
10.999500000005355,87.8914999999979,104.23,1789799114.4001775,gps_back
11.009500000000116,87.81599999999162,104.226,1789799114.5001774,gps_back
11.02850000000035,87.72949999998673,104.226,1789799114.6001773,gps_back
11.047000000005937,87.6534999999858,104.22500000000001,1789799114.7001774,gps_back
11.06600000000617,87.57800000000861,104.226,1789799114.8001773,gps_back
11.085000000006403,87.49100000000908,104.218,1789799114.9001772,gps_back
11.095000000001164,87.4155000000028,104.22200000000001,1789799115.0001771,gps_back
11.104999999995925,87.32850000000326,104.217,1789799115.1001773,gps_back
11.115499999999884,87.25299999999697,104.215,1789799115.2001772,gps_back
11.125499999994645,87.17699999999604,104.21900000000001,1789799115.300177,gps_back
11.135500000003958,87.08999999999651,104.22200000000001,1789799115.400177,gps_back
11.154500000004191,87.00349999999162,104.223,1789799115.5001771,gps_back
11.164499999998952,86.92749999999069,104.22,1789799115.600177,gps_back
11.17500000000291,86.8409999999858,104.223,1789799115.700177,gps_back
11.184999999997672,86.76500000001397,104.224,1789799115.8001769,gps_back
11.19550000000163,86.67850000000908,104.221,1789799115.900177,gps_back
11.214000000007218,86.60250000000815,104.218,1789799116.000177,gps_back
11.224000000001979,86.52650000000722,104.218,1789799116.1001768,gps_back
11.243000000002212,86.45100000000093,104.214,1789799116.2001767,gps_back
11.252999999996973,86.375,104.218,1789799116.3001769,gps_back
11.263500000000931,86.28849999999511,104.215,1789799116.4001768,gps_back
11.28200000000652,86.21249999999418,104.215,1789799116.5001767,gps_back
11.29200000000128,86.13699999998789,104.21600000000001,1789799116.6001766,gps_back
11.301999999996042,86.06099999998696,104.215,1789799116.7001767,gps_back
11.3125,85.97399999998743,104.215,1789799116.8001766,gps_back
11.322499999994761,85.89850000001024,104.212,1789799116.9001765,gps_back
11.341499999994994,85.81150000001071,104.208,1789799117.0001764,gps_back
11.351500000004307,85.73600000000442,104.211,1789799117.1001766,gps_back
11.37050000000454,85.66000000000349,104.208,1789799117.2001765,gps_back
11.380499999999302,85.58400000000256,104.208,1789799117.3001764,gps_back
11.390499999994063,85.49749999999767,104.211,1789799117.4001763,gps_back
11.400999999998021,85.42149999999674,104.211,1789799117.5001764,gps_back
11.410999999992782,85.34549999999581,104.21600000000001,1789799117.6001763,gps_back
11.421000000002095,85.25899999999092,104.21300000000001,1789799117.7001762,gps_back
11.430999999996857,85.18299999998999,104.208,1789799117.8001761,gps_back
11.441500000000815,85.0965000000142,104.208,1789799117.9001763,gps_back
11.451499999995576,85.02050000001327,104.203,1789799118.0001762,gps_back
11.470499999995809,84.94500000000698,104.205,1789799118.100176,gps_back
11.480500000005122,84.85800000000745,104.206,1789799118.200176,gps_back
11.490499999999884,84.78200000000652,104.20700000000001,1789799118.3001761,gps_back
11.509500000000116,84.70650000000023,104.214,1789799118.400176,gps_back
11.519499999994878,84.6195000000007,104.20700000000001,1789799118.500176,gps_back
11.529999999998836,84.53299999999581,104.209,1789799118.6001759,gps_back
11.55899999999383,84.37049999998999,104.202,1789799118.800176,gps_back
11.569000000003143,84.29449999998906,104.20400000000001,1789799118.9001758,gps_back
11.626999999993131,83.98050000000512,104.203,1789799119.3001757,gps_back
11.64549999999872,83.90499999999884,104.206,1789799119.4001756,gps_back
11.656000000002678,83.8289999999979,104.203,1789799119.5001757,gps_back
11.665999999997439,83.74199999999837,104.203,1789799119.6001756,gps_back
11.693499999993946,83.66649999999208,104.209,1789799119.7001755,gps_back
11.703999999997905,83.5799999999872,104.20400000000001,1789799119.8001754,gps_back
11.714000000007218,83.50399999998626,104.202,1789799119.9001756,gps_back
11.732499999998254,83.42850000000908,104.206,1789799120.0001755,gps_back
11.751499999998487,83.34150000000955,104.203,1789799120.1001754,gps_back
11.761499999993248,83.26600000000326,104.20100000000001,1789799120.2001753,gps_back
11.771999999997206,83.19000000000233,104.196,1789799120.3001754,gps_back
11.78200000000652,83.10349999999744,104.19500000000001,1789799120.4001753,gps_back
11.801000000006752,83.02749999999651,104.19800000000001,1789799120.5001752,gps_back
11.811000000001513,82.95149999999558,104.197,1789799120.6001751,gps_back
11.820999999996275,82.87599999998929,104.19200000000001,1789799120.7001753,gps_back
11.822499999994761,82.78899999998976,104.19,1789799120.8001752,gps_back
11.841499999994994,82.71299999998882,104.188,1789799120.900175,gps_back
11.860000000000582,82.63750000001164,104.18900000000001,1789799121.000175,gps_back
11.879000000000815,82.55100000000675,104.19200000000001,1789799121.1001751,gps_back
11.898000000001048,82.47500000000582,104.188,1789799121.200175,gps_back
11.916500000006636,82.39949999999953,104.186,1789799121.300175,gps_back
11.926999999996042,82.3125,104.184,1789799121.400175,gps_back
11.94550000000163,82.24799999999232,104.193,1789799121.500175,gps_back
11.972999999998137,82.17249999998603,104.2,1789799121.600175,gps_back
11.99199999999837,82.0854999999865,104.205,1789799121.7001748,gps_back
12.010500000003958,82.01000000000931,104.212,1789799121.800175,gps_back
12.02049999999872,81.94500000000698,104.215,1789799121.9001749,gps_back
12.039499999998952,81.86900000000605,104.224,1789799122.0001748,gps_back
12.040500000002794,81.79300000000512,104.22500000000001,1789799122.1001747,gps_back
12.059500000003027,81.71749999999884,104.223,1789799122.2001748,gps_back
12.070999999996275,81.56549999999697,104.218,1789799122.4001746,gps_back
12.081000000005588,81.50049999999464,104.21000000000001,1789799122.5001745,gps_back
12.099499999996624,81.42499999998836,104.21300000000001,1789799122.6001747,gps_back
12.109500000005937,81.34899999998743,104.21300000000001,1789799122.7001746,gps_back
12.119999999995343,81.2729999999865,104.21300000000001,1789799122.8001745,gps_back
12.138500000000931,81.20800000001327,104.22,1789799122.9001744,gps_back
12.148499999995693,81.13250000000698,104.227,1789799123.0001745,gps_back
12.188999999998487,80.8179999999993,104.22500000000001,1789799123.4001744,gps_back
12.190499999996973,80.74199999999837,104.223,1789799123.5001743,gps_back
12.209000000002561,80.66599999999744,104.223,1789799123.6001742,gps_back
12.218999999997322,80.59049999999115,104.22,1789799123.700174,gps_back
12.229000000006636,80.51449999999022,104.22,1789799123.8001742,gps_back
12.248000000006869,80.43849999998929,104.22500000000001,1789799123.9001741,gps_back
12.25800000000163,80.36300000001211,104.22,1789799124.000174,gps_back
12.267999999996391,80.29800000000978,104.21600000000001,1789799124.100174,gps_back
12.278000000005704,80.21100000001024,104.215,1789799124.200174,gps_back
12.297000000005937,80.13550000000396,104.22,1789799124.300174,gps_back
12.307000000000698,80.05950000000303,104.224,1789799124.400174,gps_back
12.317500000004657,79.97250000000349,104.223,1789799124.5001738,gps_back
12.318499999993946,79.89650000000256,104.21900000000001,1789799124.600174,gps_back
12.311499999996158,79.80950000000303,104.20400000000001,1789799124.7001739,gps_back
12.321500000005472,79.73399999999674,104.197,1789799124.8001738,gps_back
12.331500000000233,79.65799999999581,104.19,1789799124.9001737,gps_back
12.342000000004191,79.57099999999627,104.187,1789799125.0001738,gps_back
12.351999999998952,79.49549999998999,104.18,1789799125.1001737,gps_back
12.36250000000291,79.40849999999045,104.17,1789799125.2001736,gps_back
12.372499999997672,79.32199999998556,104.165,1789799125.3001735,gps_back
12.382500000006985,79.24600000001374,104.167,1789799125.4001737,gps_back
12.392999999996391,79.1590000000142,104.165,1789799125.5001736,gps_back
12.394499999994878,79.08300000001327,104.16,1789799125.6001735,gps_back
12.404500000004191,78.99650000000838,104.158,1789799125.7001734,gps_back
12.414499999998952,78.92050000000745,104.16,1789799125.8001735,gps_back
12.42500000000291,78.83400000000256,104.161,1789799125.9001734,gps_back
12.434999999997672,78.74700000000303,104.158,1789799126.0001733,gps_back
12.445000000006985,78.6710000000021,104.159,1789799126.1001732,gps_back
12.455499999996391,78.5844999999972,104.16,1789799126.2001734,gps_back
12.474499999996624,78.50849999999627,104.162,1789799126.3001733,gps_back
12.484500000005937,78.42199999999139,104.167,1789799126.4001732,gps_back
12.50350000000617,78.3465000000142,104.165,1789799126.500173,gps_back
12.513500000000931,78.25949999998556,104.17,1789799126.6001732,gps_back
12.523499999995693,78.18350000001374,104.17,1789799126.7001731,gps_back
12.53399999999965,78.09700000000885,104.166,1789799126.800173,gps_back
12.543999999994412,78.02100000000792,104.168,1789799126.9001732,gps_back
12.55449999999837,77.93450000000303,104.162,1789799127.000173,gps_back
12.573000000003958,77.84750000000349,104.163,1789799127.100173,gps_back
12.583499999993364,77.7719999999972,104.164,1789799127.200173,gps_back
12.593500000002678,77.68499999999767,104.162,1789799127.300173,gps_back
12.603499999997439,77.60899999999674,104.16,1789799127.400173,gps_back
12.622499999997672,77.53349999999045,104.163,1789799127.5001729,gps_back
12.632500000006985,77.44649999999092,104.155,1789799127.6001728,gps_back
12.642999999996391,77.37100000001374,104.155,1789799127.700173,gps_back
12.661500000001979,77.2950000000128,104.156,1789799127.8001728,gps_back
12.67149999999674,77.21950000000652,104.157,1789799127.9001727,gps_back
12.690000000002328,77.15450000000419,104.161,1789799128.0001726,gps_back
12.700500000006286,77.07850000000326,104.161,1789799128.1001728,gps_back
12.710500000001048,77.00250000000233,104.166,1789799128.2001727,gps_back
12.729000000006636,76.92699999999604,104.168,1789799128.3001726,gps_back
12.730500000005122,76.85099999999511,104.158,1789799128.4001725,gps_back
12.748999999996158,76.78599999999278,104.158,1789799128.5001726,gps_back
12.759000000005472,76.70999999999185,104.158,1789799128.6001725,gps_back
12.769499999994878,76.62349999998696,104.149,1789799128.7001724,gps_back
12.788000000000466,76.55850000001374,104.151,1789799128.8001723,gps_back
12.798500000004424,76.47200000000885,104.151,1789799128.9001725,gps_back
12.81699999999546,76.39600000000792,104.147,1789799129.0001724,gps_back
12.827499999999418,76.30950000000303,104.151,1789799129.1001723,gps_back
12.846000000005006,76.2335000000021,104.155,1789799129.2001722,gps_back
12.855999999999767,76.15799999999581,104.151,1789799129.3001723,gps_back
12.875,76.07099999999627,104.157,1789799129.4001722,gps_back
12.894000000000233,75.99549999998999,104.165,1789799129.5001721,gps_back
12.91250000000582,75.91949999998906,104.161,1789799129.600172,gps_back
12.922999999995227,75.84400000001187,104.159,1789799129.7001722,gps_back
12.941500000000815,75.75750000000698,104.157,1789799129.800172,gps_back
12.952000000004773,75.68150000000605,104.152,1789799129.900172,gps_back
12.961999999999534,75.60550000000512,104.146,1789799130.000172,gps_back
12.980999999999767,75.51900000000023,104.148,1789799130.100172,gps_back
12.999500000005355,75.4429999999993,104.152,1789799130.200172,gps_back
13.018500000005588,75.36749999999302,104.152,1789799130.3001719,gps_back
13.036999999996624,75.29199999998673,104.154,1789799130.400172,gps_back
13.055999999996857,75.2159999999858,104.157,1789799130.500172,gps_back
13.07499999999709,75.12950000001001,104.155,1789799130.6001718,gps_back
13.085000000006403,75.04250000001048,104.156,1789799130.7001717,gps_back
13.104000000006636,74.96700000000419,104.156,1789799130.8001719,gps_back
13.123000000006869,74.8804999999993,104.157,1789799130.9001718,gps_back
13.13300000000163,74.79349999999977,104.151,1789799131.0001717,gps_back
13.152000000001863,74.70699999999488,104.149,1789799131.1001716,gps_back
13.171000000002095,74.63149999998859,104.147,1789799131.2001717,gps_back
13.190000000002328,74.5450000000128,104.14,1789799131.3001716,gps_back
13.19999999999709,74.46900000001187,104.132,1789799131.4001715,gps_back
13.218999999997322,74.38250000000698,104.127,1789799131.5001714,gps_back
13.229000000006636,74.30650000000605,104.127,1789799131.6001716,gps_back
13.248000000006869,74.22000000000116,104.126,1789799131.7001715,gps_back
13.25800000000163,74.14400000000023,104.126,1789799131.8001714,gps_back
13.268500000005588,74.05749999999534,104.122,1789799131.9001713,gps_back
13.28750000000582,73.97049999999581,104.125,1789799132.0001714,gps_back
13.306500000006054,73.88399999999092,104.13,1789799132.1001713,gps_back
13.30800000000454,73.79699999999139,104.129,1789799132.2001712,gps_back
13.317999999999302,73.7215000000142,104.125,1789799132.3001711,gps_back
13.327999999994063,73.63449999998556,104.126,1789799132.4001713,gps_back
13.338499999998021,73.54800000000978,104.123,1789799132.5001712,gps_back
13.349000000001979,73.46100000001024,104.119,1789799132.600171,gps_back
13.35899999999674,73.38500000000931,104.122,1789799132.700171,gps_back
13.360499999995227,73.29850000000442,104.117,1789799132.8001711,gps_back
13.37050000000454,73.21150000000489,104.111,1789799132.900171,gps_back
13.380999999993946,73.125,104.108,1789799133.000171,gps_back
13.39999999999418,73.03849999999511,104.104,1789799133.1001709,gps_back
13.418499999999767,72.96249999999418,104.10600000000001,1789799133.200171,gps_back
13.429000000003725,72.87599999998929,104.10600000000001,1789799133.300171,gps_back
13.448000000003958,72.78899999998976,104.11200000000001,1789799133.4001708,gps_back
13.466499999994994,72.71350000001257,104.11800000000001,1789799133.5001707,gps_back
13.485499999995227,72.62700000000768,104.125,1789799133.6001709,gps_back
13.495999999999185,72.54000000000815,104.134,1789799133.7001708,gps_back
13.505999999993946,72.46450000000186,104.132,1789799133.8001707,gps_back
13.516499999997905,72.37750000000233,104.128,1789799133.9001708,gps_back
13.526500000007218,72.29099999999744,104.122,1789799134.0001707,gps_back
13.536999999996624,72.2039999999979,104.114,1789799134.1001706,gps_back
13.547000000005937,72.12799999999697,104.10900000000001,1789799134.2001705,gps_back
13.557000000000698,72.04149999999208,104.09700000000001,1789799134.3001707,gps_back
13.576000000000931,71.9549999999872,104.08800000000001,1789799134.4001706,gps_back
13.595000000001164,71.86850000001141,104.089,1789799134.5001705,gps_back
13.614000000001397,71.79250000001048,104.098,1789799134.6001704,gps_back
13.63300000000163,71.70600000000559,104.10300000000001,1789799134.7001705,gps_back
13.651500000007218,71.6304999999993,104.10000000000001,1789799134.8001704,gps_back
13.661999999996624,71.54349999999977,104.10000000000001,1789799134.9001703,gps_back
13.680999999996857,71.45699999999488,104.10000000000001,1789799135.0001702,gps_back
13.69100000000617,71.36999999999534,104.10300000000001,1789799135.1001704,gps_back
13.701000000000931,71.29449999998906,104.099,1789799135.2001703,gps_back
13.71150000000489,71.20749999998952,104.10300000000001,1789799135.3001702,gps_back
13.730500000005122,71.12100000001374,104.104,1789799135.40017,gps_back
13.740499999999884,71.0450000000128,104.11,1789799135.5001702,gps_back
13.759500000000116,70.95850000000792,104.105,1789799135.6001701,gps_back
13.769499999994878,70.88250000000698,104.108,1789799135.70017,gps_back
13.78849999999511,70.7960000000021,104.11,1789799135.80017,gps_back
13.807499999995343,70.72049999999581,104.11200000000001,1789799135.90017,gps_back
13.826499999995576,70.63399999999092,104.116,1789799136.00017,gps_back
13.83650000000489,70.55799999998999,104.11800000000001,1789799136.10017,gps_back
13.84649999999965,70.48199999998906,104.12,1789799136.2001698,gps_back
13.856499999994412,70.39550000001327,104.105,1789799136.30017,gps_back
13.868499999996857,70.2325000000128,104.09700000000001,1789799136.5001698,gps_back
13.87850000000617,70.14600000000792,104.092,1789799136.60017,gps_back
13.888999999995576,70.05900000000838,104.08800000000001,1789799136.7001698,gps_back
13.890499999994063,69.98300000000745,104.084,1789799136.8001697,gps_back
13.900500000003376,69.89650000000256,104.08500000000001,1789799136.9001696,gps_back
13.919500000003609,69.82050000000163,104.08800000000001,1789799137.0001698,gps_back
13.92949999999837,69.73399999999674,104.08800000000001,1789799137.1001697,gps_back
13.939499999993131,69.65799999999581,104.08500000000001,1789799137.2001696,gps_back
13.94999999999709,69.57099999999627,104.08500000000001,1789799137.3001695,gps_back
13.968500000002678,69.49549999998999,104.10000000000001,1789799137.4001696,gps_back
13.979000000006636,69.40849999999045,104.102,1789799137.5001695,gps_back
13.997499999997672,69.33300000001327,104.108,1789799137.6001694,gps_back
14.00800000000163,69.24650000000838,104.108,1789799137.7001693,gps_back
14.017999999996391,69.17050000000745,104.107,1789799137.8001695,gps_back
14.028000000005704,69.09450000000652,104.104,1789799137.9001694,gps_back
14.047000000005937,69.00800000000163,104.101,1789799138.0001693,gps_back
14.06600000000617,68.9320000000007,104.105,1789799138.1001692,gps_back
14.076000000000931,68.84549999999581,104.10600000000001,1789799138.2001693,gps_back
14.085999999995693,68.76949999999488,104.107,1789799138.3001692,gps_back
14.09649999999965,68.69349999999395,104.104,1789799138.4001691,gps_back
14.115499999999884,68.60699999998906,104.10300000000001,1789799138.500169,gps_back
14.116500000003725,68.53099999998813,104.096,1789799138.6001692,gps_back
14.135500000003958,68.44450000001234,104.093,1789799138.700169,gps_back
14.154500000004191,68.35800000000745,104.093,1789799138.800169,gps_back
14.164499999998952,68.28200000000652,104.101,1789799138.9001691,gps_back
14.165999999997439,68.19500000000698,104.09400000000001,1789799139.000169,gps_back
14.184999999997672,68.1195000000007,104.099,1789799139.100169,gps_back
14.195000000006985,68.04349999999977,104.101,1789799139.2001688,gps_back
14.214000000007218,67.95699999999488,104.102,1789799139.300169,gps_back
14.224499999996624,67.87049999998999,104.102,1789799139.400169,gps_back
14.243499999996857,67.78349999999045,104.092,1789799139.5001688,gps_back
14.25350000000617,67.70800000001327,104.09100000000001,1789799139.6001687,gps_back
14.263500000000931,67.62100000001374,104.083,1789799139.7001688,gps_back
14.27400000000489,67.53450000000885,104.08500000000001,1789799139.8001688,gps_back
14.292499999995925,67.45850000000792,104.084,1789799139.9001687,gps_back
14.302999999999884,67.37200000000303,104.084,1789799140.0001686,gps_back
14.312999999994645,67.2960000000021,104.08800000000001,1789799140.1001687,gps_back
14.331999999994878,67.2094999999972,104.089,1789799140.2001686,gps_back
14.35099999999511,67.12299999999232,104.087,1789799140.3001685,gps_back
14.361499999999069,67.03599999999278,104.081,1789799140.4001684,gps_back
14.37149999999383,66.95999999999185,104.07900000000001,1789799140.5001686,gps_back
14.390499999994063,66.87349999998696,104.071,1789799140.6001685,gps_back
14.400500000003376,66.79749999998603,104.07000000000001,1789799140.7001684,gps_back
14.410499999998137,66.72200000000885,104.077,1789799140.8001683,gps_back
14.42949999999837,66.63550000000396,104.07000000000001,1789799140.9001684,gps_back
14.439499999993131,66.55950000000303,104.07300000000001,1789799141.0001683,gps_back
14.458499999993364,66.47299999999814,104.071,1789799141.1001682,gps_back
14.468500000002678,66.3969999999972,104.06400000000001,1789799141.2001684,gps_back
14.48750000000291,66.31049999999232,104.066,1789799141.3001683,gps_back
14.497499999997672,66.23449999999139,104.063,1789799141.4001682,gps_back
14.50800000000163,66.14749999999185,104.056,1789799141.500168,gps_back
14.517999999996391,66.07199999998556,104.05,1789799141.6001682,gps_back
14.536999999996624,65.98550000000978,104.045,1789799141.7001681,gps_back
14.547000000005937,65.90950000000885,104.043,1789799141.800168,gps_back
14.56600000000617,65.82300000000396,104.044,1789799141.900168,gps_back
14.584499999997206,65.74700000000303,104.043,1789799142.000168,gps_back
14.603499999997439,65.66049999999814,104.046,1789799142.100168,gps_back
14.614000000001397,65.5844999999972,104.041,1789799142.200168,gps_back
14.632500000006985,65.49799999999232,104.041,1789799142.3001678,gps_back
14.651500000007218,65.42249999998603,104.041,1789799142.400168,gps_back
14.670499999992899,65.3465000000142,104.039,1789799142.5001678,gps_back
14.680500000002212,65.26000000000931,104.036,1789799142.6001678,gps_back
14.699500000002445,65.17350000000442,104.033,1789799142.7001677,gps_back
14.709499999997206,65.09750000000349,104.031,1789799142.8001678,gps_back
14.736999999993714,65.0219999999972,104.039,1789799142.9001677,gps_back
14.755999999993946,64.93549999999232,104.039,1789799143.0001676,gps_back
14.77499999999418,64.85949999999139,104.044,1789799143.1001675,gps_back
14.793499999999767,64.7840000000142,104.047,1789799143.2001677,gps_back
14.804000000003725,64.69699999998556,104.044,1789799143.3001676,gps_back
14.822499999994761,64.62150000000838,104.041,1789799143.4001675,gps_back
14.83299999999872,64.53450000000885,104.036,1789799143.5001676,gps_back
14.84299999999348,64.45850000000792,104.034,1789799143.6001675,gps_back
14.861999999993714,64.37200000000303,104.033,1789799143.7001674,gps_back
14.880999999993946,64.29649999999674,104.034,1789799143.8001673,gps_back
14.89100000000326,64.2094999999972,104.033,1789799143.9001675,gps_back
14.900999999998021,64.13399999999092,104.03,1789799144.0001674,gps_back
14.911500000001979,64.04699999999139,104.033,1789799144.1001673,gps_back
14.929999999993015,63.9715000000142,104.034,1789799144.2001672,gps_back
14.940000000002328,63.89550000001327,104.033,1789799144.3001673,gps_back
14.959000000002561,63.80900000000838,104.03,1789799144.4001672,gps_back
14.960500000001048,63.73300000000745,104.029,1789799144.5001671,gps_back
14.97950000000128,63.64650000000256,104.025,1789799144.600167,gps_back
14.989499999996042,63.57050000000163,104.029,1789799144.7001672,gps_back
15.0,63.483500000002095,104.029,1789799144.800167,gps_back
15.018500000005588,63.40799999999581,104.032,1789799144.900167,gps_back
15.02850000000035,63.33199999999488,104.036,1789799145.0001671,gps_back
15.039000000004307,63.24549999998999,104.031,1789799145.100167,gps_back
15.05800000000454,63.16949999998906,104.036,1789799145.200167,gps_back
15.067999999999302,63.093499999988126,104.037,1789799145.3001668,gps_back
15.069499999997788,63.00700000001234,104.029,1789799145.400167,gps_back
15.088000000003376,62.93100000001141,104.027,1789799145.500167,gps_back
15.098499999992782,62.84450000000652,104.025,1789799145.6001668,gps_back
15.11699999999837,62.76850000000559,104.023,1789799145.7001667,gps_back
15.127500000002328,62.6820000000007,104.024,1789799145.8001668,gps_back
15.146500000002561,62.60599999999977,104.022,1789799145.9001667,gps_back
15.164999999993597,62.53049999999348,104.024,1789799146.0001667,gps_back
15.175499999997555,62.443499999993946,104.026,1789799146.1001666,gps_back
15.185500000006869,62.36799999998766,104.025,1789799146.2001667,gps_back
15.214500000001863,62.20550000001094,104.022,1789799146.4001665,gps_back
15.224499999996624,62.12950000001001,104.017,1789799146.5001664,gps_back
15.235000000000582,62.04300000000512,104.014,1789799146.6001666,gps_back
15.244999999995343,61.96700000000419,104.018,1789799146.7001665,gps_back
15.255000000004657,61.89100000000326,104.017,1789799146.8001664,gps_back
15.27400000000489,61.80449999999837,104.02,1789799146.9001665,gps_back
15.292499999995925,61.72849999999744,104.025,1789799147.0001664,gps_back
15.302999999999884,61.65299999999115,104.024,1789799147.1001663,gps_back
15.312999999994645,61.56599999999162,104.025,1789799147.2001662,gps_back
15.323000000003958,61.48999999999069,104.027,1789799147.3001664,gps_back
15.33299999999872,61.414500000013504,104.026,1789799147.4001663,gps_back
15.343500000002678,61.32750000001397,104.026,1789799147.5001662,gps_back
15.353499999997439,61.25150000001304,104.026,1789799147.600166,gps_back
15.364000000001397,61.16500000000815,104.021,1789799147.7001662,gps_back
15.373999999996158,61.08900000000722,104.018,1789799147.8001661,gps_back
15.392999999996391,61.00250000000233,104.015,1789799147.900166,gps_back
15.403000000005704,60.9265000000014,104.012,1789799148.000166,gps_back
15.422000000005937,60.83999999999651,104.012,1789799148.100166,gps_back
15.432000000000698,60.763999999995576,104.009,1789799148.200166,gps_back
15.451000000000931,60.67749999999069,104.009,1789799148.300166,gps_back
15.460999999995693,60.601499999989755,104.008,1789799148.4001658,gps_back
15.479999999995925,60.51500000001397,104.01,1789799148.500166,gps_back
15.490000000005239,60.43950000000768,104.014,1789799148.6001658,gps_back
15.500499999994645,60.35250000000815,104.013,1789799148.7001657,gps_back
15.519499999994878,60.26600000000326,104.017,1789799148.800166,gps_back
15.529500000004191,60.179000000003725,104.019,1789799148.9001658,gps_back
15.532500000001164,60.02700000000186,104.043,1789799149.1001656,gps_back
15.535000000003492,59.875,104.057,1789799149.3001657,gps_back
15.554999999993015,59.74499999999534,104.021,1789799149.5001655,gps_back
15.573000000003958,59.69099999999162,104.033,1789799149.6001656,gps_back
15.592000000004191,59.615500000014435,104.027,1789799149.7001655,gps_back
15.619500000000698,59.54000000000815,104.03,1789799149.8001654,gps_back
15.62949999999546,59.46400000000722,104.04,1789799149.9001653,gps_back
15.639500000004773,59.388000000006286,104.03,1789799150.0001655,gps_back
15.649499999999534,59.32300000000396,104.029,1789799150.1001654,gps_back
15.686000000001513,59.23649999999907,104.061,1789799150.2001653,gps_back
15.687000000005355,59.16049999999814,104.041,1789799150.3001654,gps_back
15.706000000005588,59.08499999999185,104.047,1789799150.4001653,gps_back
15.72500000000582,58.99849999998696,104.051,1789799150.5001652,gps_back
15.76249999999709,58.84700000000885,103.99000000000001,1789799150.6001651,gps_back
15.781499999997322,58.76050000000396,103.98400000000001,1789799150.7001653,gps_back
15.791500000006636,58.673500000004424,103.974,1789799150.8001652,gps_back
15.801999999996042,58.59750000000349,103.96900000000001,1789799150.900165,gps_back
15.82050000000163,58.53299999999581,103.962,1789799151.000165,gps_back
15.849499999996624,58.37049999998999,103.946,1789799151.200165,gps_back
15.85099999999511,58.283499999990454,103.95700000000001,1789799151.300165,gps_back
15.862999999997555,58.09899999998743,103.97500000000001,1789799151.500165,gps_back
15.881999999997788,58.00150000001304,103.971,1789799151.600165,gps_back
15.849000000001979,57.913999999989755,103.961,1789799151.7001648,gps_back
15.84100000000035,57.859499999991385,103.897,1789799151.800165,gps_back
15.974000000001979,57.742499999993015,103.933,1789799151.9001648,gps_back
16.124500000005355,57.603999999992084,103.94500000000001,1789799152.1001647,gps_back
16.091499999994994,57.4945000000007,103.93,1789799152.2001648,gps_back
16.119000000006054,57.41899999999441,103.93,1789799152.3001647,gps_back
16.138000000006286,57.33249999998952,103.93900000000001,1789799152.4001646,gps_back
16.15700000000652,57.25700000001234,103.95100000000001,1789799152.5001645,gps_back
16.176000000006752,57.170000000012806,103.964,1789799152.6001647,gps_back
16.186000000001513,57.083500000007916,103.962,1789799152.7001646,gps_back
16.19650000000547,56.99650000000838,103.958,1789799152.8001645,gps_back
16.19749999999476,56.92050000000745,103.947,1789799152.9001644,gps_back
16.216499999994994,56.845000000001164,103.959,1789799153.0001645,gps_back
16.226999999998952,56.75800000000163,103.962,1789799153.1001644,gps_back
16.236999999993714,56.68249999999534,103.94800000000001,1789799153.2001643,gps_back
16.255999999993946,56.58499999999185,103.96300000000001,1789799153.3001645,gps_back
16.248500000001513,56.508499999996275,103.947,1789799153.4001644,gps_back
16.267500000001746,56.44399999998859,103.947,1789799153.5001643,gps_back
16.277499999996508,56.36799999998766,103.952,1789799153.6001642,gps_back
16.33049999999639,56.304000000003725,104.005,1789799153.7001643,gps_back
16.29899999999907,56.14000000001397,103.977,1789799153.8001642,gps_back
16.30000000000291,56.086000000010245,103.906,1789799153.9001641,gps_back
16.327499999999418,55.999500000005355,103.91,1789799154.000164,gps_back
16.34649999999965,55.913000000000466,103.906,1789799154.1001642,gps_back
16.418000000005122,55.80549999998766,104.035,1789799154.300164,gps_back
16.29200000000128,55.55350000000908,104.031,1789799154.500164,gps_back
16.259500000000116,55.43299999998999,104.087,1789799154.600164,gps_back
16.322000000000116,55.33650000000489,104.191,1789799154.7001638,gps_back
16.375,55.28299999999581,104.244,1789799154.800164,gps_back
16.429000000003725,55.196999999985565,104.295,1789799154.900164,gps_back
16.485000000000582,55.00250000000233,104.369,1789799155.1001637,gps_back
16.51249999999709,54.90549999999348,104.343,1789799155.2001638,gps_back
16.514999999999418,54.77499999999418,104.369,1789799155.3001637,gps_back
16.52599999999802,54.64499999998952,104.394,1789799155.4001637,gps_back
16.555999999996857,54.43900000001304,104.414,1789799155.6001637,gps_back
16.566500000000815,54.33050000001094,104.415,1789799155.7001636,gps_back
16.593999999997322,54.26600000000326,104.407,1789799155.8001635,gps_back
16.58650000000489,54.200500000006286,104.407,1789799155.9001637,gps_back
16.676000000006752,54.06099999998696,104.639,1789799156.0001636,gps_back
16.80999999999767,53.85699999998906,104.727,1789799156.2001634,gps_back
16.80250000000524,53.791499999992084,104.51,1789799156.3001635,gps_back
16.84900000000198,53.64000000001397,104.486,1789799156.5001633,gps_back
16.832500000004075,53.585499999986496,104.374,1789799156.6001632,gps_back
16.82499999999709,53.509499999985565,104.352,1789799156.7001634,gps_back
16.835000000006403,53.43350000001374,104.36,1789799156.8001633,gps_back
16.87149999999383,53.34700000000885,104.425,1789799156.9001632,gps_back
16.944499999997788,53.163999999989755,104.511,1789799157.1001632,gps_back
16.94550000000163,53.09849999999278,104.441,1789799157.2001631,gps_back
16.842499999998836,53.031500000011874,104.235,1789799157.300163,gps_back
16.826499999995576,52.954999999987194,104.171,1789799157.4001632,gps_back
16.80999999999767,52.88949999999022,104.129,1789799157.500163,gps_back
16.881500000003143,52.804000000003725,104.271,1789799157.600163,gps_back
16.882500000006985,52.7390000000014,104.319,1789799157.700163,gps_back
16.93550000000687,52.69649999999092,104.313,1789799157.900163,gps_back
17.00800000000163,52.54550000000745,104.298,1789799158.200163,gps_back
17.026500000007218,52.470000000001164,104.285,1789799158.3001628,gps_back
17.089000000007218,52.405999999988126,104.312,1789799158.4001627,gps_back
17.07249999999476,52.35099999999511,104.301,1789799158.5001628,gps_back
17.117499999993015,52.26500000001397,104.35300000000001,1789799158.6001627,gps_back
17.12750000000233,52.18900000001304,104.343,1789799158.7001626,gps_back
17.14650000000256,52.10250000000815,104.346,1789799158.8001626,gps_back
17.165500000002794,52.02700000000186,104.36,1789799158.9001627,gps_back
17.201499999995576,51.94049999999697,104.387,1789799159.0001626,gps_back
17.21150000000489,51.86449999999604,104.35600000000001,1789799159.1001625,gps_back
17.286999999996624,51.55100000000675,104.449,1789799159.5001624,gps_back
17.28849999999511,51.47500000000582,104.414,1789799159.6001625,gps_back
17.126499999998487,51.265500000008615,103.925,1789799160.0001624,gps_back
17.14549999999872,51.19000000000233,103.923,1789799160.1001623,gps_back
17.1820000000007,51.09299999999348,103.93,1789799160.2001622,gps_back
17.201499999995576,50.984499999991385,103.921,1789799160.4001622,gps_back
17.21150000000489,50.89749999999185,103.916,1789799160.5001621,gps_back
17.230500000005122,50.821999999985565,103.914,1789799160.600162,gps_back
17.24899999999616,50.74650000000838,103.913,1789799160.7001622,gps_back
17.26799999999639,50.65950000000885,103.916,1789799160.800162,gps_back
17.27850000000035,50.58400000000256,103.9,1789799160.900162,gps_back
17.297500000000582,50.49700000000303,103.908,1789799161.000162,gps_back
17.307499999995343,50.42149999999674,103.912,1789799161.100162,gps_back
17.32600000000093,50.34549999999581,103.914,1789799161.200162,gps_back
17.345000000001164,50.25899999999092,103.912,1789799161.3001618,gps_back
17.34649999999965,50.18299999998999,103.9,1789799161.4001617,gps_back
17.365499999999884,50.0965000000142,103.911,1789799161.500162,gps_back
17.36699999999837,50.02050000001327,103.908,1789799161.6001618,gps_back
17.342499999998836,49.91149999998743,103.871,1789799161.7001617,gps_back
17.352499999993597,49.835499999986496,103.879,1789799161.8001618,gps_back
17.362999999997555,49.74849999998696,103.883,1789799161.9001617,gps_back
17.355500000005122,49.67249999998603,103.876,1789799162.0001616,gps_back
17.383499999996275,49.586000000010245,103.885,1789799162.1001616,gps_back
17.384500000000116,49.51000000000931,103.876,1789799162.2001617,gps_back
17.395000000004075,49.43400000000838,103.875,1789799162.3001616,gps_back
17.38749999999709,49.35800000000745,103.875,1789799162.4001615,gps_back
17.380000000004657,49.29250000001048,103.874,1789799162.5001614,gps_back
17.39999999999418,49.14100000000326,103.891,1789799162.7001615,gps_back
17.418999999994412,49.05449999999837,103.881,1789799162.8001614,gps_back
17.44650000000547,48.97849999999744,103.883,1789799162.9001615,gps_back
17.456500000000233,48.90299999999115,103.878,1789799163.0001614,gps_back
17.457500000004075,48.83749999999418,103.864,1789799163.1001613,gps_back
17.467499999998836,48.77249999999185,103.842,1789799163.2001612,gps_back
17.452000000004773,48.66349999999511,103.84400000000001,1789799163.3001614,gps_back
17.47950000000128,48.587999999988824,103.839,1789799163.4001613,gps_back
17.498500000001513,48.51250000001164,103.81400000000001,1789799163.5001612,gps_back
17.534499999994296,48.437000000005355,103.84400000000001,1789799163.600161,gps_back
17.562000000005355,48.36149999999907,103.83200000000001,1789799163.7001612,gps_back
17.747000000003027,48.255999999993946,103.86800000000001,1789799163.8001611,gps_back
17.774499999999534,48.16949999998906,103.874,1789799163.900161,gps_back
17.811000000001513,48.083500000007916,103.876,1789799164.0001612,gps_back
17.846999999994296,48.00800000000163,103.877,1789799164.100161,gps_back
17.883499999996275,47.93249999999534,103.877,1789799164.200161,gps_back
17.910999999992782,47.85699999998906,103.88,1789799164.300161,gps_back
17.93850000000384,47.77050000001327,103.88,1789799164.400161,gps_back
17.974499999996624,47.695000000006985,103.877,1789799164.500161,gps_back
18.00199999999313,47.6195000000007,103.877,1789799164.6001608,gps_back
18.02950000000419,47.54399999999441,103.877,1789799164.7001607,gps_back
18.148499999995693,47.24199999999837,103.871,1789799165.1001608,gps_back
18.175499999997555,47.166499999992084,103.869,1789799165.2001607,gps_back
18.22049999999581,47.0909999999858,103.869,1789799165.3001606,gps_back
18.24800000000687,47.015500000008615,103.875,1789799165.4001606,gps_back
18.28399999999965,46.95100000000093,103.875,1789799165.5001607,gps_back
18.285499999998137,46.8640000000014,103.86800000000001,1789799165.6001606,gps_back
18.286999999996624,46.77749999999651,103.864,1789799165.7001605,gps_back
18.341499999994994,46.66949999998906,103.857,1789799165.8001604,gps_back
18.380000000004657,46.46400000000722,103.843,1789799166.0001605,gps_back
18.452000000004773,46.34549999999581,103.83200000000001,1789799166.2001605,gps_back
18.479000000006636,46.26999999998952,103.806,1789799166.3001604,gps_back
18.52400000000489,46.195000000006985,103.804,1789799166.4001603,gps_back
18.569000000003143,46.1304999999993,103.827,1789799166.5001602,gps_back
18.59649999999965,46.054999999993015,103.81,1789799166.6001604,gps_back
18.632500000006985,45.97949999998673,103.808,1789799166.7001603,gps_back
18.686000000001513,45.91500000000815,103.81700000000001,1789799166.8001602,gps_back
18.71349999999802,45.83950000000186,103.81400000000001,1789799166.90016,gps_back
18.758499999996275,45.76449999999022,103.81400000000001,1789799167.0001602,gps_back
18.79450000000361,45.70000000001164,103.815,1789799167.1001601,gps_back
18.83049999999639,45.624500000005355,103.809,1789799167.20016,gps_back
18.866500000003725,45.55999999999767,103.8,1789799167.3001602,gps_back
18.91150000000198,45.484499999991385,103.809,1789799167.40016,gps_back
18.94749999999476,45.420000000012806,103.794,1789799167.50016,gps_back
18.983500000002095,45.34450000000652,103.803,1789799167.60016,gps_back
19.028000000005704,45.28049999999348,103.812,1789799167.70016,gps_back
19.14100000000326,45.29300000000512,103.855,1789799167.80016,gps_back
19.186000000001513,45.21799999999348,103.866,1789799167.9001598,gps_back
19.230999999999767,45.1534999999858,103.866,1789799168.0001597,gps_back
19.275500000003376,45.07850000000326,103.864,1789799168.10016,gps_back
19.31149999999616,45.013999999995576,103.86,1789799168.2001598,gps_back
19.356499999994412,44.94949999998789,103.86200000000001,1789799168.3001597,gps_back
19.40099999999802,44.88500000000931,103.867,1789799168.4001598,gps_back
19.437000000005355,44.82050000000163,103.86200000000001,1789799168.5001597,gps_back
19.48200000000361,44.74499999999534,103.863,1789799168.6001596,gps_back
19.526500000007218,44.68100000001141,103.863,1789799168.7001595,gps_back
19.5625,44.61600000000908,103.858,1789799168.8001597,gps_back
19.616500000003725,44.54099999999744,103.85900000000001,1789799168.9001596,gps_back
19.66950000000361,44.477000000013504,103.873,1789799169.0001595,gps_back
19.722999999998137,44.41250000000582,103.876,1789799169.1001594,gps_back
19.776500000007218,44.34849999999278,103.881,1789799169.2001595,gps_back
19.820999999996275,44.2840000000142,103.882,1789799169.3001595,gps_back
19.865499999999884,44.23050000000512,103.877,1789799169.4001594,gps_back
19.918999999994412,44.166499999992084,103.879,1789799169.5001595,gps_back
19.972500000003492,44.102000000013504,103.879,1789799169.6001594,gps_back
20.02599999999802,44.038000000000466,103.886,1789799169.7001593,gps_back
20.0795000000071,43.97349999999278,103.881,1789799169.8001592,gps_back
20.12399999999616,43.920000000012806,103.887,1789799169.9001594,gps_back
20.168499999999767,43.85550000000512,103.89,1789799170.0001593,gps_back
20.221999999994296,43.791499999992084,103.886,1789799170.1001592,gps_back
20.266499999997905,43.727000000013504,103.885,1789799170.200159,gps_back
20.320000000006985,43.663000000000466,103.876,1789799170.3001592,gps_back
20.364499999996042,43.59849999999278,103.86800000000001,1789799170.4001591,gps_back
20.418000000005122,43.5340000000142,103.86,1789799170.500159,gps_back
20.47149999999965,43.48099999999977,103.861,1789799170.6001592,gps_back
20.516499999997905,43.40549999999348,103.863,1789799170.700159,gps_back
20.577999999994063,43.35250000000815,103.86200000000001,1789799170.800159,gps_back
20.62249999999767,43.29899999999907,103.864,1789799170.900159,gps_back
20.676000000006752,43.234499999991385,103.86500000000001,1789799171.000159,gps_back
20.737999999997555,43.181500000006054,103.87,1789799171.100159,gps_back
20.791500000006636,43.11699999999837,103.88,1789799171.2001588,gps_back
20.845000000001164,43.053000000014435,103.885,1789799171.3001587,gps_back
20.898000000001048,42.999500000005355,103.883,1789799171.400159,gps_back
20.960000000006403,42.93549999999232,103.888,1789799171.5001588,gps_back
21.01350000000093,42.88200000001234,103.9,1789799171.6001587,gps_back
21.066500000000815,42.82850000000326,103.901,1789799171.7001588,gps_back
21.12850000000617,42.76449999999022,103.904,1789799171.8001587,gps_back
21.190499999996973,42.71150000000489,103.915,1789799171.9001586,gps_back
21.235499999995227,42.6359999999986,103.901,1789799172.0001585,gps_back
21.297500000000582,42.58300000001327,103.895,1789799172.1001587,gps_back
21.35099999999511,42.51900000000023,103.886,1789799172.2001586,gps_back
21.39549999999872,42.45449999999255,103.873,1789799172.3001585,gps_back
21.457500000004075,42.40100000001257,103.87,1789799172.4001584,gps_back
21.510500000003958,42.34799999999814,103.86500000000001,1789799172.5001585,gps_back
21.563999999998487,42.283499999990454,103.86200000000001,1789799172.6001585,gps_back
21.62600000000384,42.23050000000512,103.86200000000001,1789799172.7001584,gps_back
21.67949999999837,42.16599999999744,103.864,1789799172.8001585,gps_back
21.732499999998254,42.11249999998836,103.864,1789799172.9001584,gps_back
21.79450000000361,42.05950000000303,103.857,1789799173.0001583,gps_back
21.856499999994412,42.00649999998859,103.842,1789799173.1001582,gps_back
21.910000000003492,41.94200000001001,103.846,1789799173.2001584,gps_back
21.963000000003376,41.88850000000093,103.839,1789799173.3001583,gps_back
22.033500000005006,41.835499999986496,103.842,1789799173.4001582,gps_back
22.09549999999581,41.782500000001164,103.849,1789799173.5001583,gps_back
22.157500000001164,41.728999999992084,103.85300000000001,1789799173.6001582,gps_back
22.21950000000652,41.67600000000675,103.852,1789799173.700158,gps_back
22.289999999993597,41.62299999999232,103.85600000000001,1789799173.800158,gps_back
22.34299999999348,41.56950000001234,103.858,1789799173.9001582,gps_back
22.404999999998836,41.516499999997905,103.857,1789799174.000158,gps_back
22.475500000000466,41.46350000001257,103.85900000000001,1789799174.100158,gps_back
22.53750000000582,41.41000000000349,103.857,1789799174.2001579,gps_back
22.599499999996624,41.35699999998906,103.858,1789799174.300158,gps_back
22.66150000000198,41.30350000000908,103.861,1789799174.400158,gps_back
22.723499999992782,41.250499999994645,103.85300000000001,1789799174.5001578,gps_back
22.785499999998137,41.196999999985565,103.851,1789799174.600158,gps_back
22.846999999994296,41.14400000000023,103.857,1789799174.7001579,gps_back
22.900500000003376,41.079999999987194,103.85600000000001,1789799174.8001578,gps_back
22.96249999999418,41.02650000000722,103.84700000000001,1789799174.9001577,gps_back
23.024499999999534,40.98399999999674,103.84400000000001,1789799175.0001578,gps_back
23.085999999995693,40.93100000001141,103.843,1789799175.1001577,gps_back
23.148499999995693,40.86699999999837,103.846,1789799175.2001576,gps_back
23.201499999995576,40.81349999998929,103.84400000000001,1789799175.3001575,gps_back
23.271999999997206,40.76050000000396,103.84,1789799175.4001577,gps_back
23.33400000000256,40.70749999998952,103.83800000000001,1789799175.5001576,gps_back
23.395999999993364,40.66500000000815,103.843,1789799175.6001575,gps_back
23.457500000004075,40.61149999999907,103.837,1789799175.7001576,gps_back
23.519499999994878,40.55850000001374,103.837,1789799175.8001575,gps_back
23.589999999996508,40.5054999999993,103.84,1789799175.9001575,gps_back
23.643500000005588,40.45199999999022,103.839,1789799176.0001574,gps_back
23.714000000007218,40.39900000000489,103.84,1789799176.1001575,gps_back
23.77599999999802,40.345999999990454,103.837,1789799176.2001574,gps_back
23.838000000003376,40.29250000001048,103.83200000000001,1789799176.3001573,gps_back
23.908500000005006,40.23949999999604,103.83200000000001,1789799176.4001572,gps_back
23.970000000001164,40.196999999985565,103.83200000000001,1789799176.5001574,gps_back
24.03200000000652,40.14400000000023,103.83200000000001,1789799176.6001573,gps_back
24.103000000002794,40.0909999999858,103.83800000000001,1789799176.7001572,gps_back
24.172999999995227,40.048500000004424,103.83200000000001,1789799176.8001573,gps_back
24.244000000006054,39.99549999998999,103.836,1789799176.9001572,gps_back
24.313999999998487,39.95350000000326,103.83800000000001,1789799177.000157,gps_back
24.384500000000116,39.91149999998743,103.843,1789799177.100157,gps_back
24.44650000000547,39.85800000000745,103.84400000000001,1789799177.2001572,gps_back
24.5170000000071,39.81599999999162,103.83800000000001,1789799177.300157,gps_back
24.58749999999418,39.763000000006286,103.833,1789799177.400157,gps_back
24.65799999999581,39.72049999999581,103.831,1789799177.5001569,gps_back
24.72849999999744,39.67850000000908,103.83500000000001,1789799177.600157,gps_back
24.79899999999907,39.6359999999986,103.839,1789799177.700157,gps_back
24.8695000000007,39.594000000011874,103.836,1789799177.8001568,gps_back
24.94000000000233,39.54099999999744,103.834,1789799177.900157,gps_back
25.010500000003958,39.49900000001071,103.831,1789799178.0001569,gps_back
25.081000000005588,39.45650000000023,103.825,1789799178.1001568,gps_back
25.15099999999802,39.414500000013504,103.822,1789799178.2001567,gps_back
25.22149999999965,39.37200000000303,103.815,1789799178.3001568,gps_back
25.29200000000128,39.329999999987194,103.813,1789799178.4001567,gps_back
25.37149999999383,39.27700000000186,103.819,1789799178.5001566,gps_back
25.44199999999546,39.23499999998603,103.824,1789799178.6001568,gps_back
25.51249999999709,39.19250000000466,103.821,1789799178.7001567,gps_back
25.591499999994994,39.150499999988824,103.82300000000001,1789799178.8001566,gps_back
25.66150000000198,39.1195000000007,103.82600000000001,1789799178.9001565,gps_back
25.73200000000361,39.06649999998626,103.82300000000001,1789799179.0001566,gps_back
25.811000000001513,39.03500000000349,103.821,1789799179.1001565,gps_back
25.881500000003143,38.99299999998766,103.819,1789799179.2001565,gps_back
25.952000000004773,38.96150000000489,103.82000000000001,1789799179.3001564,gps_back
26.031000000002678,38.91949999998906,103.816,1789799179.4001565,gps_back
26.101500000004307,38.87750000000233,103.818,1789799179.5001564,gps_back
26.180500000002212,38.845999999990454,103.815,1789799179.6001563,gps_back
26.250499999994645,38.81500000000233,103.815,1789799179.7001565,gps_back
26.3295000000071,38.772999999986496,103.81700000000001,1789799179.8001564,gps_back
26.39999999999418,38.741500000003725,103.81700000000001,1789799179.9001563,gps_back
26.47049999999581,38.69899999999325,103.815,1789799180.0001562,gps_back
26.549499999993714,38.66800000000512,103.812,1789799180.1001563,gps_back
26.6195000000007,38.62599999998929,103.807,1789799180.2001562,gps_back
26.698499999998603,38.59450000000652,103.805,1789799180.300156,gps_back
26.769000000000233,38.56349999998929,103.802,1789799180.400156,gps_back
26.847999999998137,38.53200000000652,103.798,1789799180.5001562,gps_back
26.926999999996042,38.48999999999069,103.791,1789799180.600156,gps_back
26.997000000003027,38.45900000000256,103.789,1789799180.700156,gps_back
27.07600000000093,38.42749999999069,103.786,1789799180.800156,gps_back
27.154999999998836,38.39650000000256,103.787,1789799180.900156,gps_back
27.225500000000466,38.36499999999069,103.787,1789799181.000156,gps_back
27.304000000003725,38.33400000000256,103.784,1789799181.1001558,gps_back
27.38300000000163,38.303000000014435,103.782,1789799181.200156,gps_back
27.444499999997788,38.27150000000256,103.778,1789799181.3001559,gps_back
27.523499999995693,38.23999999999069,103.77,1789799181.4001558,gps_back
27.602499999993597,38.220000000001164,103.767,1789799181.5001557,gps_back
27.681500000006054,38.18849999998929,103.769,1789799181.6001558,gps_back
27.75999999999476,38.157500000001164,103.772,1789799181.7001557,gps_back
27.847999999998137,38.12650000001304,103.779,1789799181.8001556,gps_back
27.926999999996042,38.095000000001164,103.782,1789799181.9001558,gps_back
28.0054999999993,38.07500000001164,103.78,1789799182.0001557,gps_back
28.084499999997206,38.04349999999977,103.779,1789799182.1001556,gps_back
28.16349999999511,38.01250000001164,103.773,1789799182.2001555,gps_back
28.25100000000384,37.992499999993015,103.769,1789799182.3001556,gps_back
28.33849999999802,37.97200000000885,103.771,1789799182.4001555,gps_back
28.425499999997555,37.95199999999022,103.774,1789799182.5001554,gps_back
28.50449999999546,37.9320000000007,103.778,1789799182.6001556,gps_back
28.591499999994994,37.92249999998603,103.777,1789799182.7001555,gps_back
28.679000000003725,37.90249999999651,103.781,1789799182.8001554,gps_back
28.766499999997905,37.89300000001094,103.778,1789799182.9001553,gps_back
28.845000000001164,37.883499999996275,103.779,1789799183.0001554,gps_back
28.9320000000007,37.874500000005355,103.779,1789799183.1001554,gps_back
29.010999999998603,37.853999999992084,103.775,1789799183.2001553,gps_back
29.089500000001863,37.84450000000652,103.768,1789799183.3001552,gps_back
29.168000000005122,37.83499999999185,103.764,1789799183.4001553,gps_back
29.24649999999383,37.825500000006286,103.761,1789799183.5001552,gps_back
29.32499999999709,37.81599999999162,103.756,1789799183.600155,gps_back
29.40350000000035,37.81750000000466,103.753,1789799183.7001553,gps_back
29.48200000000361,37.80799999998999,103.753,1789799183.8001552,gps_back
29.56050000000687,37.798500000004424,103.746,1789799183.900155,gps_back
29.647500000006403,37.79999999998836,103.74300000000001,1789799184.000155,gps_back
29.72599999999511,37.8015000000014,103.741,1789799184.100155,gps_back
29.80449999999837,37.803000000014435,103.742,1789799184.200155,gps_back
29.882500000006985,37.80449999999837,103.739,1789799184.300155,gps_back
29.960999999995693,37.81649999998626,103.73400000000001,1789799184.4001548,gps_back
30.039000000004307,37.8179999999993,103.735,1789799184.500155,gps_back
30.12600000000384,37.83050000001094,103.73700000000001,1789799184.6001549,gps_back
30.19550000000163,37.83199999999488,103.733,1789799184.7001548,gps_back
30.27400000000489,37.844000000011874,103.735,1789799184.800155,gps_back
30.351999999998952,37.85649999999441,103.73100000000001,1789799184.9001548,gps_back
30.429999999993015,37.86850000001141,103.72800000000001,1789799185.0001547,gps_back
30.508499999996275,37.880999999993946,103.727,1789799185.1001546,gps_back
30.58650000000489,37.89300000001094,103.72800000000001,1789799185.2001548,gps_back
30.664499999998952,37.90549999999348,103.72500000000001,1789799185.3001547,gps_back
30.743000000002212,37.91750000001048,103.726,1789799185.4001546,gps_back
30.8295000000071,37.94099999999162,103.726,1789799185.5001545,gps_back
30.907500000001164,37.953000000008615,103.72800000000001,1789799185.6001546,gps_back
30.985499999995227,37.976499999989755,103.72800000000001,1789799185.7001545,gps_back
31.06350000000384,37.999500000005355,103.729,1789799185.8001544,gps_back
31.141499999997905,38.02249999999185,103.727,1789799185.9001546,gps_back
31.21950000000652,38.046000000002095,103.727,1789799186.0001545,gps_back
31.297500000000582,38.06899999998859,103.724,1789799186.1001544,gps_back
31.366500000003725,38.10250000000815,103.72,1789799186.2001543,gps_back
31.444499999997788,38.12599999998929,103.711,1789799186.3001544,gps_back
31.521999999997206,38.16000000000349,103.711,1789799186.4001544,gps_back
31.60000000000582,38.18299999998999,103.708,1789799186.5001543,gps_back
31.668999999994412,38.21700000000419,103.705,1789799186.6001544,gps_back
31.747000000003027,38.23999999999069,103.71000000000001,1789799186.7001543,gps_back
31.824500000002445,38.28500000000349,103.708,1789799186.8001542,gps_back
31.894000000000233,38.296999999991385,103.708,1789799186.900154,gps_back
31.980999999999767,38.320000000006985,103.71000000000001,1789799187.0001543,gps_back
32.05899999999383,38.343499999988126,103.70400000000001,1789799187.1001542,gps_back
32.12850000000617,38.35550000000512,103.70400000000001,1789799187.200154,gps_back
32.20600000000559,38.37849999999162,103.70700000000001,1789799187.300154,gps_back
32.284499999994296,38.39100000000326,103.699,1789799187.400154,gps_back
32.370999999999185,38.413999999989755,103.697,1789799187.500154,gps_back
32.68300000000454,38.49600000001374,103.688,1789799187.9001539,gps_back
32.7609999999986,38.50800000000163,103.688,1789799188.0001538,gps_back
32.83900000000722,38.531500000011874,103.683,1789799188.100154,gps_back
32.908500000005006,38.554000000003725,103.687,1789799188.2001538,gps_back
32.98649999999907,38.56649999998626,103.68,1789799188.3001537,gps_back
33.06449999999313,38.58950000000186,103.677,1789799188.4001536,gps_back
33.13400000000547,38.61249999998836,103.669,1789799188.5001538,gps_back
33.211999999999534,38.625,103.659,1789799188.6001537,gps_back
33.2899999999936,38.647999999986496,103.656,1789799188.7001536,gps_back
33.36800000000221,38.671000000002095,103.647,1789799188.8001537,gps_back
33.437000000005355,38.69399999998859,103.635,1789799188.9001536,gps_back
33.52400000000489,38.717499999998836,103.645,1789799189.0001535,gps_back
33.619000000006054,38.74100000000908,103.66,1789799189.1001534,gps_back
33.697000000000116,38.763999999995576,103.668,1789799189.2001536,gps_back
33.775500000003376,38.77650000000722,103.668,1789799189.3001535,gps_back
33.85349999999744,38.78849999999511,103.676,1789799189.4001534,gps_back
33.94049999999697,38.80100000000675,103.684,1789799189.5001533,gps_back
34.01850000000559,38.812999999994645,103.685,1789799189.6001534,gps_back
34.09649999999965,38.825500000006286,103.683,1789799189.7001534,gps_back
34.17500000000291,38.837999999988824,103.687,1789799189.8001533,gps_back
34.25299999999697,38.85000000000582,103.687,1789799189.9001534,gps_back
34.33150000000023,38.851499999989755,103.683,1789799190.0001533,gps_back
34.409499999994296,38.86350000000675,103.683,1789799190.1001532,gps_back
34.48750000000291,38.87599999998929,103.683,1789799190.200153,gps_back
34.53949999999895,38.898500000010245,103.678,1789799190.3001533,gps_back
34.63499999999476,38.91099999999278,103.679,1789799190.500153,gps_back
34.687000000005355,38.92300000000978,103.681,1789799190.600153,gps_back
34.74800000000687,38.93499999999767,103.677,1789799190.700153,gps_back
34.84299999999348,38.958500000007916,103.679,1789799190.900153,gps_back
34.929999999993015,38.98149999999441,103.669,1789799191.100153,gps_back
34.98200000000361,38.99350000001141,103.67,1789799191.2001529,gps_back
35.068499999993946,39.01699999999255,103.675,1789799191.400153,gps_back
35.14650000000256,39.04000000000815,103.67,1789799191.6001527,gps_back
35.233500000002095,39.05249999999069,103.67,1789799191.8001528,gps_back
35.320000000006985,39.06500000000233,103.677,1789799192.0001526,gps_back
35.38950000000477,39.087999999988824,103.681,1789799192.2001526,gps_back
35.441500000000815,39.099500000011176,103.678,1789799192.4001524,gps_back
