x,y,z,stamp,frame_id
31.406499999997,38.288000000000,0.000000000000,,gps_back
31.454372164060,38.302423023793,0.000000000000,,gps_back
31.503473397607,38.311824330483,0.000000000000,,gps_back
31.553406026805,38.314238905015,0.000000000000,,gps_back
31.602407428190,38.324120674458,0.000000000000,,gps_back
31.652382918639,38.325430039266,0.000000000000,,gps_back
31.701814045936,38.332929896800,0.000000000000,,gps_back
31.751556203781,38.337950118542,0.000000000000,,gps_back
31.801537944861,38.338997037143,0.000000000000,,gps_back
31.851117773451,38.345446879572,0.000000000000,,gps_back
31.900608379939,38.352549431707,0.000000000000,,gps_back
31.950132584327,38.359410282546,0.000000000000,,gps_back
31.999401338811,38.367916387351,0.000000000000,,gps_back
32.048756241520,38.375878653359,0.000000000000,,gps_back
32.098604387529,38.379597084332,0.000000000000,,gps_back
32.147606186418,38.389511836902,0.000000000000,,gps_back
32.197142580254,38.396285383348,0.000000000000,,gps_back
32.246511210468,38.404183810911,0.000000000000,,gps_back
32.295530541649,38.414009233204,0.000000000000,,gps_back
32.345099919782,38.420535708408,0.000000000000,,gps_back
32.394476212703,38.428390689497,0.000000000000,,gps_back
32.443662489061,38.437284838014,0.000000000000,,gps_back
32.493552575717,38.440158514702,0.000000000000,,gps_back
32.542321731730,38.451173802527,0.000000000000,,gps_back
32.591145683796,38.461911738721,0.000000000000,,gps_back
32.640717792033,38.468420418443,0.000000000000,,gps_back
32.690182106570,38.475644287992,0.000000000000,,gps_back
32.738743513648,38.487538856997,0.000000000000,,gps_back
32.787668431739,38.497704537673,0.000000000000,,gps_back
32.837577968032,38.500018809332,0.000000000000,,gps_back
32.886284219940,38.511308158837,0.000000000000,,gps_back
32.934836799934,38.523241740230,0.000000000000,,gps_back
32.983503415311,38.534654897306,0.000000000000,,gps_back
33.033078232782,38.541143747751,0.000000000000,,gps_back
33.082653050252,38.547632598199,0.000000000000,,gps_back
33.132222739260,38.554158047271,0.000000000000,,gps_back
33.181650702192,38.561662384237,0.000000000000,,gps_back
33.230616913063,38.571741045760,0.000000000000,,gps_back
33.280150774472,38.578531677939,0.000000000000,,gps_back
33.329490315293,38.586573533089,0.000000000000,,gps_back
33.378042650390,38.598508145621,0.000000000000,,gps_back
33.426668855805,38.610137136455,0.000000000000,,gps_back
33.475464545139,38.621033920106,0.000000000000,,gps_back
33.524156683142,38.632384105277,0.000000000000,,gps_back
33.572722204651,38.644260098042,0.000000000000,,gps_back
33.621699197709,38.654140936629,0.000000000000,,gps_back
33.671610039853,38.656154708001,0.000000000000,,gps_back
33.720125679441,38.668084034703,0.000000000000,,gps_back
33.766064185677,38.687748081217,0.000000000000,,gps_back
33.814427836901,38.700424650969,0.000000000000,,gps_back
33.863047549648,38.711860585856,0.000000000000,,gps_back
33.912967765532,38.713909349675,0.000000000000,,gps_back
33.961908159404,38.724129218270,0.000000000000,,gps_back
34.010474491826,38.736006847985,0.000000000000,,gps_back
34.059022304050,38.747957574272,0.000000000000,,gps_back
34.107801594183,38.758927834017,0.000000000000,,gps_back
34.156539218604,38.770081831584,0.000000000000,,gps_back
34.205276670200,38.781236434226,0.000000000000,,gps_back
34.254076878932,38.792112003582,0.000000000000,,gps_back
34.303028996951,38.802283399575,0.000000000000,,gps_back
34.351958685053,38.812562092724,0.000000000000,,gps_back
34.400871143257,38.822913003156,0.000000000000,,gps_back
34.450058742520,38.831756499138,0.000000000000,,gps_back
34.497824811821,38.846522270017,0.000000000000,,gps_back
34.546080766623,38.859577194602,0.000000000000,,gps_back
34.595126497107,38.869287179756,0.000000000000,,gps_back
34.644183145634,38.878941850048,0.000000000000,,gps_back
34.693273275341,38.888310837040,0.000000000000,,gps_back
34.743154847605,38.891716037346,0.000000000000,,gps_back
34.792977255104,38.895629628203,0.000000000000,,gps_back
34.842062715616,38.905133130762,0.000000000000,,gps_back
34.891322233820,38.913690475342,0.000000000000,,gps_back
34.940446150720,38.922996807709,0.000000000000,,gps_back
34.989596509667,38.932160898142,0.000000000000,,gps_back
35.038860504897,38.940694335416,0.000000000000,,gps_back
35.088065773248,38.949560310565,0.000000000000,,gps_back
35.137228055557,38.958661828219,0.000000000000,,gps_back
35.186386518693,38.967783789620,0.000000000000,,gps_back
35.235575063515,38.976740591123,0.000000000000,,gps_back
35.284637332252,38.986366652376,0.000000000000,,gps_back
35.333690725542,38.996036855245,0.000000000000,,gps_back
35.382852213674,39.005141660625,0.000000000000,,gps_back
35.432094273386,39.013797234120,0.000000000000,,gps_back
35.481150932588,39.023451852147,0.000000000000,,gps_back
35.530204299742,39.033121603592,0.000000000000,,gps_back
35.579390418634,39.042092590262,0.000000000000,,gps_back
35.628659087303,39.050599410759,0.000000000000,,gps_back
35.677927755974,39.059106231242,0.000000000000,,gps_back
35.727191515220,39.067640740308,0.000000000000,,gps_back
35.776374194064,39.076630101129,0.000000000000,,gps_back
35.825459711360,39.086133331456,0.000000000000,,gps_back
35.874725679727,39.094655560570,0.000000000000,,gps_back
35.923947181053,39.103430778257,0.000000000000,,gps_back
35.973105447055,39.112553367567,0.000000000000,,gps_back
36.022208920990,39.121955218626,0.000000000000,,gps_back
36.071615031419,39.129619718289,0.000000000000,,gps_back
36.120858898132,39.138266761774,0.000000000000,,gps_back
36.169976426594,39.147604595923,0.000000000000,,gps_back
36.219277685470,39.155777898222,0.000000000000,,gps_back
36.269189574673,39.158389632060,0.000000000000,,gps_back
36.318450502685,39.166650167559,0.000000000000,,gps_back
36.366018756582,39.181921270855,0.000000000000,,gps_back
36.415261685929,39.190574572957,0.000000000000,,gps_back
36.464441393559,39.199558273910,0.000000000000,,gps_back
36.514011236406,39.206001262898,0.000000000000,,gps_back
36.563659755617,39.210142202934,0.000000000000,,gps_back
36.610638393099,39.227088359405,0.000000000000,,gps_back
36.659758022895,39.236405371828,0.000000000000,,gps_back
36.709130468396,39.244285116847,0.000000000000,,gps_back
36.758394740164,39.252816970759,0.000000000000,,gps_back
36.807654954799,39.261321354769,0.000000000000,,gps_back
36.857369523941,39.266554817959,0.000000000000,,gps_back
36.907248601962,39.269478017729,0.000000000000,,gps_back
36.956492244946,39.278124782046,0.000000000000,,gps_back
37.005653305952,39.287137025885,0.000000000000,,gps_back
37.055416774629,39.291958073456,0.000000000000,,gps_back
37.104961851099,39.297134572732,0.000000000000,,gps_back
37.152139032938,39.313083639970,0.000000000000,,gps_back
37.202022182153,39.316437888578,0.000000000000,,gps_back
37.251759552953,39.321412003217,0.000000000000,,gps_back
37.301179158351,39.328624879978,0.000000000000,,gps_back
37.351170970364,39.329382968576,0.000000000000,,gps_back
37.401135509225,39.330835566155,0.000000000000,,gps_back
37.450867228368,39.335817300337,0.000000000000,,gps_back
37.500102328764,39.344507899917,0.000000000000,,gps_back
37.549166047404,39.354121259367,0.000000000000,,gps_back
37.598447416634,39.362488067481,0.000000000000,,gps_back
37.648178113836,39.367420952680,0.000000000000,,gps_back
37.698169073897,39.368240476613,0.000000000000,,gps_back
37.748111527026,39.368198858352,0.000000000000,,gps_back
37.797737320280,39.362813505460,0.000000000000,,gps_back
37.847572703898,39.366056009288,0.000000000000,,gps_back
37.896717072962,39.375249710444,0.000000000000,,gps_back
37.946079021120,39.382841447724,0.000000000000,,gps_back
37.995990703984,39.385155214281,0.000000000000,,gps_back
38.045530229626,39.391899913890,0.000000000000,,gps_back
38.095221118007,39.397256159791,0.000000000000,,gps_back
38.144723419564,39.401477682774,0.000000000000,,gps_back
38.191796120652,39.418144916474,0.000000000000,,gps_back
38.240654108734,39.428736355167,0.000000000000,,gps_back
38.289825198634,39.437786520835,0.000000000000,,gps_back
38.338879055158,39.447455349789,0.000000000000,,gps_back
38.387923281233,39.457172911878,0.000000000000,,gps_back
38.436984716507,39.466802952960,0.000000000000,,gps_back
38.486080350268,39.476257393438,0.000000000000,,gps_back
38.535203608676,39.485559028001,0.000000000000,,gps_back
38.584597697819,39.492871254861,0.000000000000,,gps_back
38.634486168746,39.495110404092,0.000000000000,,gps_back
38.683806521524,39.503302241286,0.000000000000,,gps_back
38.732944650678,39.512531036575,0.000000000000,,gps_back
38.781992829844,39.522228638516,0.000000000000,,gps_back
38.831047426963,39.531893704518,0.000000000000,,gps_back
38.880117476908,39.541473316542,0.000000000000,,gps_back
38.929416401664,39.549717927659,0.000000000000,,gps_back
38.979148351854,39.554793958648,0.000000000000,,gps_back
39.028793186124,39.559426472526,0.000000000000,,gps_back
39.077112040451,39.572256653807,0.000000000000,,gps_back
39.125898535180,39.583144351402,0.000000000000,,gps_back
39.175167203850,39.591651171894,0.000000000000,,gps_back
39.224435872520,39.600157992385,0.000000000000,,gps_back
39.273704541191,39.608664812870,0.000000000000,,gps_back
39.322973209861,39.617171633358,0.000000000000,,gps_back
39.372215749675,39.625821848911,0.000000000000,,gps_back
39.421310113860,39.635282349571,0.000000000000,,gps_back
39.470367923174,39.644930679847,0.000000000000,,gps_back
39.519484317130,39.654274157749,0.000000000000,,gps_back
39.568700615624,39.663078237908,0.000000000000,,gps_back
39.617946801662,39.671712310509,0.000000000000,,gps_back
39.667098401315,39.680868089751,0.000000000000,,gps_back
39.716145793260,39.690569664249,0.000000000000,,gps_back
39.764957327050,39.701159672779,0.000000000000,,gps_back
39.812596341293,39.716287739322,0.000000000000,,gps_back
39.861186608787,39.727891640917,0.000000000000,,gps_back
39.910764307871,39.733969733261,0.000000000000,,gps_back
39.960627662332,39.736289909511,0.000000000000,,gps_back
40.009851713396,39.745050864212,0.000000000000,,gps_back
40.059101381384,39.753627856550,0.000000000000,,gps_back
40.108715708815,39.759433193755,0.000000000000,,gps_back
40.158327381204,39.762796599368,0.000000000000,,gps_back
40.206138389842,39.777406786545,0.000000000000,,gps_back
40.254507013053,39.789972658187,0.000000000000,,gps_back
40.303650412837,39.799169855462,0.000000000000,,gps_back
40.353042011046,39.806493177990,0.000000000000,,gps_back
40.402959286332,39.808949083349,0.000000000000,,gps_back
40.452537978561,39.815199884968,0.000000000000,,gps_back
40.501590902786,39.824873473139,0.000000000000,,gps_back
40.550681226077,39.834344240467,0.000000000000,,gps_back
40.599926557381,39.842980597386,0.000000000000,,gps_back
40.649066559132,39.852201656190,0.000000000000,,gps_back
40.698230857855,39.861288061789,0.000000000000,,gps_back
40.747629498575,39.868444706005,0.000000000000,,gps_back
40.797530195854,39.870562497960,0.000000000000,,gps_back
40.846981902856,39.877887328127,0.000000000000,,gps_back
40.896153048588,39.886939975404,0.000000000000,,gps_back
40.945261031836,39.896328634417,0.000000000000,,gps_back
40.994330063369,39.905915434526,0.000000000000,,gps_back
41.043618502706,39.914171185663,0.000000000000,,gps_back
41.093399295993,39.918585199452,0.000000000000,,gps_back
41.143205423908,39.921499427652,0.000000000000,,gps_back
41.192260512309,39.931162003376,0.000000000000,,gps_back
41.241306617047,39.940870100577,0.000000000000,,gps_back
41.290358078971,39.950551101955,0.000000000000,,gps_back
41.339444994047,39.960042534001,0.000000000000,,gps_back
41.388825409062,39.967218934417,0.000000000000,,gps_back
41.438558397654,39.970003449344,0.000000000000,,gps_back
41.487161923395,39.981727022591,0.000000000000,,gps_back
41.535984428045,39.991781407244,0.000000000000,,gps_back
41.585777515400,39.995587484668,0.000000000000,,gps_back
41.635008672152,40.004299368483,0.000000000000,,gps_back
41.684116080432,40.013690603044,0.000000000000,,gps_back
41.733348651348,40.022376842372,0.000000000000,,gps_back
41.782911992247,40.028452753903,0.000000000000,,gps_back
41.832760053060,40.031121052957,0.000000000000,,gps_back
41.882064295391,40.039406756185,0.000000000000,,gps_back
41.931208768421,40.048603499782,0.000000000000,,gps_back
41.980353694729,40.057791285426,0.000000000000,,gps_back
42.029583237654,40.066511615396,0.000000000000,,gps_back
42.078659322642,40.076066706539,0.000000000000,,gps_back
42.127726109048,40.085667777632,0.000000000000,,gps_back
42.176891506408,40.094747454340,0.000000000000,,gps_back
42.226312764456,40.101637275178,0.000000000000,,gps_back
42.276206704931,40.103750827398,0.000000000000,,gps_back
42.325679967996,40.110932690623,0.000000000000,,gps_back
42.374918590266,40.119611257243,0.000000000000,,gps_back
42.424093092917,40.128639814852,0.000000000000,,gps_back
42.473144285449,40.138322179744,0.000000000000,,gps_back
42.522220481861,40.147874106443,0.000000000000,,gps_back
42.571401582372,40.156870753451,0.000000000000,,gps_back
42.620611235619,40.165699749211,0.000000000000,,gps_back
42.669694091904,40.175210926721,0.000000000000,,gps_back
42.718914766866,40.183990256298,0.000000000000,,gps_back
42.768126639110,40.192811179924,0.000000000000,,gps_back
42.817606616118,40.199329616657,0.000000000000,,gps_back
42.867451135283,40.201752480460,0.000000000000,,gps_back
42.916729325710,40.210195729236,0.000000000000,,gps_back
42.965877789446,40.219371360979,0.000000000000,,gps_back
43.015034827862,40.228495222071,0.000000000000,,gps_back
43.064259668346,40.237239964505,0.000000000000,,gps_back
43.113369055637,40.246611563196,0.000000000000,,gps_back
43.162678574789,40.254862557463,0.000000000000,,gps_back
43.212256173411,40.260750101205,0.000000000000,,gps_back
43.261826236357,40.264389360443,0.000000000000,,gps_back
43.310094203876,40.277313210458,0.000000000000,,gps_back
43.359335931939,40.285352221498,0.000000000000,,gps_back
43.409124087104,40.289060993451,0.000000000000,,gps_back
43.458352268452,40.297789586367,0.000000000000,,gps_back
43.507457359771,40.307194400864,0.000000000000,,gps_back
43.556603785684,40.316380293220,0.000000000000,,gps_back
43.605757475263,40.325522143844,0.000000000000,,gps_back
43.654818674886,40.335152005867,0.000000000000,,gps_back
43.703955418851,40.344389390268,0.000000000000,,gps_back
43.753216101783,40.352895748678,0.000000000000,,gps_back
43.802845748904,40.358343104305,0.000000000000,,gps_back
43.852673959902,40.360866127941,0.000000000000,,gps_back
43.901947147684,40.369342300502,0.000000000000,,gps_back
43.951144931993,40.378249449432,0.000000000000,,gps_back
44.000327563842,40.387230260593,0.000000000000,,gps_back
44.049369846573,40.396957655511,0.000000000000,,gps_back
44.098452286888,40.406472535704,0.000000000000,,gps_back
44.147661102510,40.415319002658,0.000000000000,,gps_back
44.196859796623,40.424221415588,0.000000000000,,gps_back
44.246235023031,40.431257951206,0.000000000000,,gps_back
44.295767516570,40.435172921098,0.000000000000,,gps_back
44.344067935334,40.447989535609,0.000000000000,,gps_back
44.393284298132,40.456142176448,0.000000000000,,gps_back
44.443046054142,40.460220182007,0.000000000000,,gps_back
44.492314722813,40.468727002493,0.000000000000,,gps_back
44.541563377553,40.477346740333,0.000000000000,,gps_back
44.590723769398,40.486454134545,0.000000000000,,gps_back
44.639846599739,40.495754089161,0.000000000000,,gps_back
44.689077070042,40.504471685685,0.000000000000,,gps_back
44.738179523406,40.513889256821,0.000000000000,,gps_back
44.787322804156,40.523047739756,0.000000000000,,gps_back
44.836884259691,40.528941717543,0.000000000000,,gps_back
44.886685050264,40.531862886377,0.000000000000,,gps_back
44.935921137493,40.540550782077,0.000000000000,,gps_back
44.985055935350,40.549799171982,0.000000000000,,gps_back
45.034188113672,40.559059440884,0.000000000000,,gps_back
45.083350131500,40.568156877176,0.000000000000,,gps_back
45.132452024832,40.577572134916,0.000000000000,,gps_back
45.181770061087,40.585700307473,0.000000000000,,gps_back
45.231487923697,40.590409898175,0.000000000000,,gps_back
45.281270814230,40.593287563016,0.000000000000,,gps_back
45.330469046823,40.602192696957,0.000000000000,,gps_back
45.379674119386,40.611059937437,0.000000000000,,gps_back
45.428854019631,40.620060965684,0.000000000000,,gps_back
45.478181541380,40.627316867804,0.000000000000,,gps_back
45.528055662708,40.629851659794,0.000000000000,,gps_back
45.577506730134,40.637129761754,0.000000000000,,gps_back
45.626684227178,40.646143319804,0.000000000000,,gps_back
45.676146647628,40.652592830989,0.000000000000,,gps_back
45.726038972564,40.654845135594,0.000000000000,,gps_back
45.775506426224,40.661923189862,0.000000000000,,gps_back
45.824561823058,40.671584015564,0.000000000000,,gps_back
45.873673652047,40.680948498563,0.000000000000,,gps_back
45.922864638416,40.689892239245,0.000000000000,,gps_back
45.972014256619,40.699061819393,0.000000000000,,gps_back
46.021211335690,40.707967065060,0.000000000000,,gps_back
46.070694570756,40.714273681492,0.000000000000,,gps_back
46.120541331962,40.716860685014,0.000000000000,,gps_back
46.169950773928,40.724487903419,0.000000000000,,gps_back
46.219218304685,40.733001304769,0.000000000000,,gps_back
46.268421829950,40.741860528253,0.000000000000,,gps_back
46.317513646138,40.751324761024,0.000000000000,,gps_back
46.366728111269,40.760139425059,0.000000000000,,gps_back
46.415940249915,40.768965504521,0.000000000000,,gps_back
46.465403691329,40.775440367437,0.000000000000,,gps_back
46.515272051773,40.778044250109,0.000000000000,,gps_back
46.564730961608,40.785289019690,0.000000000000,,gps_back
46.613891475718,40.794394541881,0.000000000000,,gps_back
46.663013643554,40.803696600335,0.000000000000,,gps_back
46.712270811765,40.812269088584,0.000000000000,,gps_back
46.761487090121,40.821073380029,0.000000000000,,gps_back
46.810659996155,40.830116394809,0.000000000000,,gps_back
46.859815151861,40.839254523716,0.000000000000,,gps_back
46.908995152171,40.848256392298,0.000000000000,,gps_back
46.958240286861,40.856780833369,0.000000000000,,gps_back
47.007953663579,40.861481347677,0.000000000000,,gps_back
47.057684010816,40.864710977201,0.000000000000,,gps_back
47.106741837878,40.874359596242,0.000000000000,,gps_back
47.155821062815,40.883894687421,0.000000000000,,gps_back
47.205008276911,40.892858016989,0.000000000000,,gps_back
47.254201725223,40.901777388560,0.000000000000,,gps_back
47.303311166450,40.911148890376,0.000000000000,,gps_back
47.352694899976,40.918783075394,0.000000000000,,gps_back
47.402487511530,40.923206202579,0.000000000000,,gps_back
47.452149501645,40.928087032579,0.000000000000,,gps_back
47.501239696132,40.937561096427,0.000000000000,,gps_back
47.550420246389,40.946560233633,0.000000000000,,gps_back
47.599521724954,40.955983846773,0.000000000000,,gps_back
47.648610118527,40.965475129287,0.000000000000,,gps_back
47.697709288584,40.974909280376,0.000000000000,,gps_back
47.746793793358,40.984414673732,0.000000000000,,gps_back
47.795968587924,40.993447490667,0.000000000000,,gps_back
47.845184761710,41.002223612616,0.000000000000,,gps_back
47.894761774414,41.007870673016,0.000000000000,,gps_back
47.944559588527,41.010759053133,0.000000000000,,gps_back
47.993839492583,41.019192149170,0.000000000000,,gps_back
48.043031117147,41.028133059222,0.000000000000,,gps_back
48.092204876840,41.037163254458,0.000000000000,,gps_back
48.141321016155,41.046497134865,0.000000000000,,gps_back
48.190547872847,41.055238329676,0.000000000000,,gps_back
48.239668365956,41.064559381378,0.000000000000,,gps_back
48.288722259017,41.074227891820,0.000000000000,,gps_back
48.337850921167,41.083495842511,0.000000000000,,gps_back
48.387077639278,41.092234466067,0.000000000000,,gps_back
48.436346648619,41.100615153384,0.000000000000,,gps_back
48.486071611973,41.105332295448,0.000000000000,,gps_back
48.535778899374,41.109104045774,0.000000000000,,gps_back
48.584832834081,41.118772469476,0.000000000000,,gps_back
48.633915333516,41.128290038391,0.000000000000,,gps_back
48.683106538872,41.137232052504,0.000000000000,,gps_back
48.732293264883,41.146188838993,0.000000000000,,gps_back
48.781407037084,41.155536536783,0.000000000000,,gps_back
48.830629576697,41.164303617138,0.000000000000,,gps_back
48.879757887504,41.173582428798,0.000000000000,,gps_back
48.928810844218,41.183255697896,0.000000000000,,gps_back
48.978153619967,41.190218037697,0.000000000000,,gps_back
49.028029643684,41.192590154406,0.000000000000,,gps_back
49.077488883358,41.199777923201,0.000000000000,,gps_back
49.126662315303,41.208812198329,0.000000000000,,gps_back
49.175913322694,41.217419276949,0.000000000000,,gps_back
49.225302222859,41.224917441757,0.000000000000,,gps_back
49.275130879347,41.229003014905,0.000000000000,,gps_back
49.324823214747,41.233994655788,0.000000000000,,gps_back
49.374032112567,41.242826639969,0.000000000000,,gps_back
49.423143425413,41.252194143262,0.000000000000,,gps_back
49.472342961610,41.261092071967,0.000000000000,,gps_back
49.521501548530,41.270206246061,0.000000000000,,gps_back
49.570553916328,41.279882594979,0.000000000000,,gps_back
49.619865381704,41.287472590870,0.000000000000,,gps_back
49.669745309109,41.290789178314,0.000000000000,,gps_back
49.719310942401,41.296935005302,0.000000000000,,gps_back
49.768452472665,41.306135678735,0.000000000000,,gps_back
49.817671603603,41.314914943357,0.000000000000,,gps_back
49.866798537794,41.324204337289,0.000000000000,,gps_back
49.915992985902,41.333126913749,0.000000000000,,gps_back
49.965255374163,41.341669992655,0.000000000000,,gps_back
50.014721948704,41.348480372761,0.000000000000,,gps_back
50.064442919111,41.353154453956,0.000000000000,,gps_back
50.113198186171,41.363679197511,0.000000000000,,gps_back
50.161566393738,41.374287973675,0.000000000000,,gps_back
50.211000083599,41.379076898243,0.000000000000,,gps_back
50.259461014893,41.391332657956,0.000000000000,,gps_back
50.308665581725,41.399177941374,0.000000000000,,gps_back
50.358380808630,41.403536974146,0.000000000000,,gps_back
50.407649477300,41.412043794633,0.000000000000,,gps_back
50.456895179598,41.420680656324,0.000000000000,,gps_back
50.506042536648,41.429853484128,0.000000000000,,gps_back
50.555090793879,41.439550647975,0.000000000000,,gps_back
50.604143893867,41.449223296674,0.000000000000,,gps_back
50.653235777801,41.458690849416,0.000000000000,,gps_back
50.702524859524,41.467027534741,0.000000000000,,gps_back
50.752191038830,41.471937558023,0.000000000000,,gps_back
50.801877657509,41.475718432836,0.000000000000,,gps_back
50.851022446594,41.484910769936,0.000000000000,,gps_back
50.900224470641,41.493794909330,0.000000000000,,gps_back
50.949371989955,41.502968825103,0.000000000000,,gps_back
50.998423387264,41.512650093345,0.000000000000,,gps_back
51.047532808087,41.522019326989,0.000000000000,,gps_back
51.096770964247,41.530700993776,0.000000000000,,gps_back
51.146000434874,41.539431192941,0.000000000000,,gps_back
51.195154100366,41.548571298442,0.000000000000,,gps_back
51.244207447097,41.558242701581,0.000000000000,,gps_back
51.293502256758,41.566259536858,0.000000000000,,gps_back
51.343308053327,41.570580939400,0.000000000000,,gps_back
51.392079065419,41.579078991880,0.000000000000,,gps_back
51.439657508999,41.593953656242,0.000000000000,,gps_back
51.488753487342,41.603381869664,0.000000000000,,gps_back
51.538018525785,41.611909673519,0.000000000000,,gps_back
51.587287194456,41.620416494001,0.000000000000,,gps_back
51.636763027996,41.627272290228,0.000000000000,,gps_back
51.686597324074,41.631308441127,0.000000000000,,gps_back
51.736215054924,41.637098282857,0.000000000000,,gps_back
51.785483723594,41.645605103346,0.000000000000,,gps_back
51.834752392263,41.654111923843,0.000000000000,,gps_back
51.884007125494,41.662698402359,0.000000000000,,gps_back
51.933168846581,41.671789688578,0.000000000000,,gps_back
51.982289592505,41.681095660386,0.000000000000,,gps_back
52.031510786899,41.689868969651,0.000000000000,,gps_back
52.080649273838,41.699096926405,0.000000000000,,gps_back
52.129790430030,41.708307631306,0.000000000000,,gps_back
52.179018031353,41.717047722949,0.000000000000,,gps_back
52.228244784223,41.725789995715,0.000000000000,,gps_back
52.277386281419,41.735001358103,0.000000000000,,gps_back
52.326546671699,41.744101583598,0.000000000000,,gps_back
52.375815340369,41.752608404086,0.000000000000,,gps_back
52.425051182433,41.761299698969,0.000000000000,,gps_back
52.474065504872,41.771108546604,0.000000000000,,gps_back
52.522061271586,41.784717508208,0.000000000000,,gps_back
52.569969581952,41.796919723991,0.000000000000,,gps_back
52.619878602978,41.799866381528,0.000000000000,,gps_back
52.669449733797,41.805658024091,0.000000000000,,gps_back
52.718566203230,41.814997500575,0.000000000000,,gps_back
52.767728391278,41.824096273051,0.000000000000,,gps_back
52.817039372958,41.832170467321,0.000000000000,,gps_back
52.866816072964,41.836310832636,0.000000000000,,gps_back
52.915553005837,41.843933374122,0.000000000000,,gps_back
52.963072761705,41.859087608522,0.000000000000,,gps_back
53.012044647196,41.869090442684,0.000000000000,,gps_back
53.061313315866,41.877597263174,0.000000000000,,gps_back
53.110507295583,41.886510664825,0.000000000000,,gps_back
53.159632074381,41.895806355353,0.000000000000,,gps_back
53.208975915266,41.903783455526,0.000000000000,,gps_back
53.258705820704,41.908205881030,0.000000000000,,gps_back
53.308471215179,41.911814660554,0.000000000000,,gps_back
53.357791571660,41.919983570373,0.000000000000,,gps_back
53.406911464065,41.929305830052,0.000000000000,,gps_back
53.455961801009,41.938992485443,0.000000000000,,gps_back
53.505382955011,41.945205255758,0.000000000000,,gps_back
53.555253935291,41.947892471527,0.000000000000,,gps_back
53.604845831188,41.954188771647,0.000000000000,,gps_back
53.654509813197,41.958975570711,0.000000000000,,gps_back
53.704233276967,41.962726414949,0.000000000000,,gps_back
53.753480959109,41.971341214191,0.000000000000,,gps_back
53.802616510370,41.980585650897,0.000000000000,,gps_back
53.851794229891,41.989593967747,0.000000000000,,gps_back
53.901339020916,41.995428148551,0.000000000000,,gps_back
53.951220741609,41.998445626035,0.000000000000,,gps_back
54.000779601266,42.004818060647,0.000000000000,,gps_back
54.050048269936,42.013324881137,0.000000000000,,gps_back
54.099259172241,42.022150770470,0.000000000000,,gps_back
54.148396219967,42.031387139051,0.000000000000,,gps_back
54.197596484267,42.040275956631,0.000000000000,,gps_back
54.246834632712,42.048955549411,0.000000000000,,gps_back
54.296015067320,42.057957771942,0.000000000000,,gps_back
54.345173641543,42.067079278879,0.000000000000,,gps_back
54.394354658636,42.076078176010,0.000000000000,,gps_back
54.443586648588,42.084793125986,0.000000000000,,gps_back
54.492804209878,42.093583874050,0.000000000000,,gps_back
54.542110028800,42.101774513175,0.000000000000,,gps_back
54.591840260461,42.106037269934,0.000000000000,,gps_back
54.641487606110,42.110188730460,0.000000000000,,gps_back
54.690652770211,42.119272353733,0.000000000000,,gps_back
54.739879397368,42.128018438718,0.000000000000,,gps_back
54.789112953488,42.136725351353,0.000000000000,,gps_back
54.838262035915,42.145889643140,0.000000000000,,gps_back
54.887376949616,42.155236877789,0.000000000000,,gps_back
54.936581195509,42.164108451466,0.000000000000,,gps_back
54.985735498089,42.173242804464,0.000000000000,,gps_back
55.034878123826,42.182432194042,0.000000000000,,gps_back
55.084376356816,42.189118046791,0.000000000000,,gps_back
55.134222149826,42.193010522784,0.000000000000,,gps_back
55.183838549305,42.198705936573,0.000000000000,,gps_back
55.233083258832,42.207348775797,0.000000000000,,gps_back
55.282258884371,42.216375042497,0.000000000000,,gps_back
55.331384988640,42.225669857361,0.000000000000,,gps_back
55.380569570530,42.234641508587,0.000000000000,,gps_back
55.429755296270,42.243598547590,0.000000000000,,gps_back
55.478874625220,42.252922565817,0.000000000000,,gps_back
55.528225053977,42.260851800562,0.000000000000,,gps_back
55.577970018017,42.264981582992,0.000000000000,,gps_back
55.627666239950,42.268893550748,0.000000000000,,gps_back
55.676888718704,42.277657506833,0.000000000000,,gps_back
55.726069952716,42.286654118834,0.000000000000,,gps_back
55.775310735840,42.295319839284,0.000000000000,,gps_back
55.824505481995,42.304230746913,0.000000000000,,gps_back
55.873630110532,42.313530595156,0.000000000000,,gps_back
55.922829667570,42.322426853865,0.000000000000,,gps_back
55.971985107139,42.331550765048,0.000000000000,,gps_back
56.021413425127,42.337841672320,0.000000000000,,gps_back
56.071296123238,42.340727105436,0.000000000000,,gps_back
56.120821528619,42.347314651516,0.000000000000,,gps_back
56.170058911439,42.355999380389,0.000000000000,,gps_back
56.219262709463,42.364863331394,0.000000000000,,gps_back
56.268391977555,42.374140829741,0.000000000000,,gps_back
56.317592602741,42.383026780334,0.000000000000,,gps_back
56.366861271411,42.391533600826,0.000000000000,,gps_back
56.416070356910,42.400369715436,0.000000000000,,gps_back
56.465163911943,42.409832825385,0.000000000000,,gps_back
56.514231901176,42.419428957073,0.000000000000,,gps_back
56.563399387687,42.428489822334,0.000000000000,,gps_back
56.612668056357,42.436996642821,0.000000000000,,gps_back
56.662090560302,42.444453746157,0.000000000000,,gps_back
56.711858036676,42.448873592368,0.000000000000,,gps_back
56.761520004980,42.453751655537,0.000000000000,,gps_back
56.810788673649,42.462258476032,0.000000000000,,gps_back
56.860207509232,42.469747570941,0.000000000000,,gps_back
56.909979829356,42.473936106735,0.000000000000,,gps_back
56.959628051917,42.478609361848,0.000000000000,,gps_back
57.008814290754,42.487579395703,0.000000000000,,gps_back
57.057972773211,42.496701410313,0.000000000000,,gps_back
57.107150348407,42.505719309952,0.000000000000,,gps_back
57.156379381344,42.514450396780,0.000000000000,,gps_back
57.205592973357,42.523262827419,0.000000000000,,gps_back
57.254733178954,42.532482795417,0.000000000000,,gps_back
57.303929011603,42.541394217834,0.000000000000,,gps_back
57.353502335965,42.546721612138,0.000000000000,,gps_back
57.403303556113,42.550136629961,0.000000000000,,gps_back
57.452720589188,42.557669585212,0.000000000000,,gps_back
57.501947381128,42.566414996600,0.000000000000,,gps_back
57.551095109897,42.575586927406,0.000000000000,,gps_back
57.600221843198,42.584870672369,0.000000000000,,gps_back
57.649429146928,42.593725555053,0.000000000000,,gps_back
57.698571272576,42.602926482255,0.000000000000,,gps_back
57.747717657538,42.612095135118,0.000000000000,,gps_back
57.796929601778,42.620916401446,0.000000000000,,gps_back
57.846069344603,42.630138802606,0.000000000000,,gps_back
57.895267275549,42.639038954057,0.000000000000,,gps_back
57.944440435309,42.648061048396,0.000000000000,,gps_back
57.993558223348,42.657388419019,0.000000000000,,gps_back
58.042764972691,42.666246154372,0.000000000000,,gps_back
58.091905664481,42.675457561348,0.000000000000,,gps_back
58.141059959852,42.684585892349,0.000000000000,,gps_back
58.190266599072,42.693435250338,0.000000000000,,gps_back
58.239391872030,42.702734448045,0.000000000000,,gps_back
58.288550983719,42.711850945916,0.000000000000,,gps_back
58.337684201061,42.721098519224,0.000000000000,,gps_back
58.386805885762,42.730403284672,0.000000000000,,gps_back
58.436016733775,42.739237678028,0.000000000000,,gps_back
58.485162745383,42.748423059617,0.000000000000,,gps_back
58.534325024373,42.757513047714,0.000000000000,,gps_back
58.583519361059,42.766430110481,0.000000000000,,gps_back
58.632653673505,42.775679974452,0.000000000000,,gps_back
58.681855985683,42.784559952607,0.000000000000,,gps_back
58.731015450322,42.793660089323,0.000000000000,,gps_back
58.780063360354,42.803359011627,0.000000000000,,gps_back
58.829447593226,42.810661517459,0.000000000000,,gps_back
58.879280513211,42.814716295795,0.000000000000,,gps_back
58.928873693494,42.820643659309,0.000000000000,,gps_back
58.978044810353,42.829676557384,0.000000000000,,gps_back
59.027163432946,42.838999125256,0.000000000000,,gps_back
59.076370205705,42.847856673720,0.000000000000,,gps_back
59.125498426227,42.857131949086,0.000000000000,,gps_back
59.174548291771,42.866820975424,0.000000000000,,gps_back
59.223686325928,42.876038716771,0.000000000000,,gps_back
59.272928852324,42.884695576870,0.000000000000,,gps_back
59.322151921347,42.893461635624,0.000000000000,,gps_back
59.371283610441,42.902717410329,0.000000000000,,gps_back
59.420407019310,42.912012822010,0.000000000000,,gps_back
59.469617802584,42.920847476046,0.000000000000,,gps_back
59.518763867891,42.930032877035,0.000000000000,,gps_back
59.567933461734,42.939082036563,0.000000000000,,gps_back
59.617129505672,42.947987184247,0.000000000000,,gps_back
59.666204930162,42.957544779544,0.000000000000,,gps_back
59.715276671511,42.967120826852,0.000000000000,,gps_back
59.764455506904,42.976121814136,0.000000000000,,gps_back
59.813724175574,42.984628634625,0.000000000000,,gps_back
59.862951716315,42.993366184606,0.000000000000,,gps_back
59.912223354985,43.001829182944,0.000000000000,,gps_back
59.961880532998,43.006548190948,0.000000000000,,gps_back
60.011530815208,43.010872448785,0.000000000000,,gps_back
60.060697180640,43.019948130159,0.000000000000,,gps_back
60.109815558173,43.029283612629,0.000000000000,,gps_back
60.159003898652,43.038234486104,0.000000000000,,gps_back
60.208179752999,43.047243593692,0.000000000000,,gps_back
60.257596952220,43.054145899351,0.000000000000,,gps_back
60.307529772914,43.056371786103,0.000000000000,,gps_back
60.357518496103,43.057309751712,0.000000000000,,gps_back
60.407146720725,43.061886779159,0.000000000000,,gps_back
60.456624921833,43.068521884159,0.000000000000,,gps_back
60.506549914155,43.070854410745,0.000000000000,,gps_back
60.556538696573,43.071788604965,0.000000000000,,gps_back
60.606261930592,43.075823218775,0.000000000000,,gps_back
60.655599372604,43.083912841315,0.000000000000,,gps_back
60.704860803969,43.092461340729,0.000000000000,,gps_back
60.754019983395,43.101561814897,0.000000000000,,gps_back
60.803067939428,43.111260507709,0.000000000000,,gps_back
60.852181669688,43.120613838195,0.000000000000,,gps_back
60.901405079449,43.129375697171,0.000000000000,,gps_back
60.950673748119,43.137882517662,0.000000000000,,gps_back
61.000229747625,43.143878798741,0.000000000000,,gps_back
61.050097944313,43.147395294472,0.000000000000,,gps_back
61.099782232943,43.152847370335,0.000000000000,,gps_back
61.149313562954,43.159660229850,0.000000000000,,gps_back
61.198844892964,43.166473089364,0.000000000000,,gps_back
61.248376222974,43.173285948879,0.000000000000,,gps_back
61.297884619792,43.180261122788,0.000000000000,,gps_back
61.347175840155,43.188542788224,0.000000000000,,gps_back
61.396522945901,43.196291833325,0.000000000000,,gps_back
61.446254617287,43.201434800967,0.000000000000,,gps_back
61.495997773839,43.206468282829,0.000000000000,,gps_back
61.545413395322,43.213739020562,0.000000000000,,gps_back
61.594859288005,43.220147057996,0.000000000000,,gps_back
61.644720929609,43.223604936119,0.000000000000,,gps_back
61.694199926351,43.230445310114,0.000000000000,,gps_back
61.743370150195,43.239501825581,0.000000000000,,gps_back
61.792912826208,43.245361727663,0.000000000000,,gps_back
61.842800588268,43.248519314048,0.000000000000,,gps_back
61.892322276487,43.254967315220,0.000000000000,,gps_back
61.941495299269,43.264010629757,0.000000000000,,gps_back
61.990676747736,43.273007864666,0.000000000000,,gps_back
62.040073948285,43.280586094524,0.000000000000,,gps_back
62.089861743285,43.284699045745,0.000000000000,,gps_back
62.139501932147,43.289680189726,0.000000000000,,gps_back
62.188770600817,43.298187010214,0.000000000000,,gps_back
62.238117137688,43.306212631178,0.000000000000,,gps_back
62.287683394008,43.312675279696,0.000000000000,,gps_back
62.337399616920,43.317972909996,0.000000000000,,gps_back
62.386978893814,43.324325036713,0.000000000000,,gps_back
62.436507115623,43.331105319534,0.000000000000,,gps_back
62.486311936315,43.334875982806,0.000000000000,,gps_back
62.535960190475,43.339568665980,0.000000000000,,gps_back
62.585510252983,43.345757080375,0.000000000000,,gps_back
62.635437400566,43.348081176266,0.000000000000,,gps_back
62.685416501559,43.349391128250,0.000000000000,,gps_back
62.734192397359,43.357730799126,0.000000000000,,gps_back
62.782605962186,43.369350042198,0.000000000000,,gps_back
62.832329927079,43.374043813477,0.000000000000,,gps_back
62.881912518706,43.379552992513,0.000000000000,,gps_back
62.931466378844,43.385364593758,0.000000000000,,gps_back
62.981429111615,43.387018698629,0.000000000000,,gps_back
63.031401900131,43.388440752744,0.000000000000,,gps_back
63.080991548783,43.393843803736,0.000000000000,,gps_back
63.130549662181,43.399683245343,0.000000000000,,gps_back
63.180429536032,43.403041140092,0.000000000000,,gps_back
63.229978835510,43.409327490144,0.000000000000,,gps_back
63.279598401648,43.414177108608,0.000000000000,,gps_back
63.329333783848,43.418272852194,0.000000000000,,gps_back
63.378937183977,43.424458657788,0.000000000000,,gps_back
63.428794982908,43.427564576360,0.000000000000,,gps_back
63.478784738282,43.428439781985,0.000000000000,,gps_back
63.528774001817,43.429338343134,0.000000000000,,gps_back
63.578761050923,43.430367853286,0.000000000000,,gps_back
63.628751093709,43.431234540091,0.000000000000,,gps_back
63.678740080398,43.432152663605,0.000000000000,,gps_back
63.728728561138,43.433102953385,0.000000000000,,gps_back
63.778708535338,43.432665876761,0.000000000000,,gps_back
63.828463307851,43.428440693935,0.000000000000,,gps_back
63.878235492097,43.425128952945,0.000000000000,,gps_back
63.928182685647,43.423560168615,0.000000000000,,gps_back
63.977893480270,43.418539158983,0.000000000000,,gps_back
64.027358273641,43.411272072143,0.000000000000,,gps_back
64.077061771603,43.407298708358,0.000000000000,,gps_back
64.127018032312,43.405683477852,0.000000000000,,gps_back
64.176741181873,43.400839257177,0.000000000000,,gps_back
64.226281745530,43.394093905956,0.000000000000,,gps_back
64.275825249068,43.387370144765,0.000000000000,,gps_back
64.325361985456,43.380596883398,0.000000000000,,gps_back
64.374870658455,43.373622926838,0.000000000000,,gps_back
64.423745957716,43.363518416406,0.000000000000,,gps_back
64.472207831588,43.351240502969,0.000000000000,,gps_back
64.521163685862,43.341212382540,0.000000000000,,gps_back
64.569768532893,43.329842786796,0.000000000000,,gps_back
64.617549267759,43.315134750460,0.000000000000,,gps_back
64.665510678534,43.301068692510,0.000000000000,,gps_back
64.714269136092,43.290183481160,0.000000000000,,gps_back
64.762685281946,43.278083232369,0.000000000000,,gps_back
64.810400577984,43.263149437426,0.000000000000,,gps_back
64.858172253335,43.248398130674,0.000000000000,,gps_back
64.906078472420,43.234091304500,0.000000000000,,gps_back
64.954073960390,43.220084205500,0.000000000000,,gps_back
65.001936604522,43.205637684338,0.000000000000,,gps_back
65.049550157018,43.190386932299,0.000000000000,,gps_back
65.097304489081,43.175600113912,0.000000000000,,gps_back
65.145841603843,43.163814985054,0.000000000000,,gps_back
65.194754112320,43.153474197116,0.000000000000,,gps_back
65.243114091186,43.140887304189,0.000000000000,,gps_back
65.290782556516,43.125835370344,0.000000000000,,gps_back
65.338405588428,43.110626958549,0.000000000000,,gps_back
65.386281247273,43.096216244299,0.000000000000,,gps_back
65.434100116732,43.081620876139,0.000000000000,,gps_back
65.481831576321,43.066738824101,0.000000000000,,gps_back
65.529482730593,43.051603731929,0.000000000000,,gps_back
65.577051578343,43.036209849264,0.000000000000,,gps_back
65.624832910886,43.021506076098,0.000000000000,,gps_back
65.672582900314,43.006702603225,0.000000000000,,gps_back
65.719404806044,42.989278564905,0.000000000000,,gps_back
65.764731925966,42.968264921679,0.000000000000,,gps_back
65.809264271017,42.945535373389,0.000000000000,,gps_back
65.853764371708,42.922742638892,0.000000000000,,gps_back
65.898264472395,42.899949904387,0.000000000000,,gps_back
65.942764573080,42.877157169879,0.000000000000,,gps_back
65.986373689277,42.852764742881,0.000000000000,,gps_back
66.028639484892,42.826073075455,0.000000000000,,gps_back
66.070592189592,42.798876629710,0.000000000000,,gps_back
66.113962401827,42.774116818569,0.000000000000,,gps_back
66.157678575450,42.749903102928,0.000000000000,,gps_back
66.200116562806,42.723488737885,0.000000000000,,gps_back
66.241840110938,42.695942482378,0.000000000000,,gps_back
66.284048731563,42.669168690365,0.000000000000,,gps_back
66.326162317008,42.642247497305,0.000000000000,,gps_back
66.367858705382,42.614660095147,0.000000000000,,gps_back
66.410116061280,42.587946382978,0.000000000000,,gps_back
66.452022729520,42.560703989594,0.000000000000,,gps_back
66.493837527745,42.533309292302,0.000000000000,,gps_back
66.535618300821,42.505861464375,0.000000000000,,gps_back
66.575715047494,42.476058688326,0.000000000000,,gps_back
66.614720747912,42.444780532335,0.000000000000,,gps_back
66.654579519490,42.414626133277,0.000000000000,,gps_back
66.695024268607,42.385233645420,0.000000000000,,gps_back
66.733003076593,42.352890285530,0.000000000000,,gps_back
66.770533306165,42.319931167609,0.000000000000,,gps_back
66.808526336126,42.287457099068,0.000000000000,,gps_back
66.845706137131,42.254029122583,0.000000000000,,gps_back
66.883812599169,42.221689616556,0.000000000000,,gps_back
66.920821701511,42.188178298500,0.000000000000,,gps_back
66.957206395982,42.153915028808,0.000000000000,,gps_back
66.995188774141,42.121417365584,0.000000000000,,gps_back
67.032469792380,42.088152445485,0.000000000000,,gps_back
67.067457503789,42.052468933352,0.000000000000,,gps_back
67.101338410674,42.015701619998,0.000000000000,,gps_back
67.135435875425,41.979136853267,0.000000000000,,gps_back
67.170476936365,41.943484247268,0.000000000000,,gps_back
67.206103622061,41.908405664433,0.000000000000,,gps_back
67.242786265472,41.874463277960,0.000000000000,,gps_back
67.281139386586,41.842407095659,0.000000000000,,gps_back
67.320145086999,41.811128939660,0.000000000000,,gps_back
67.360532870245,41.781736359260,0.000000000000,,gps_back
67.402329807998,41.754302132809,0.000000000000,,gps_back
67.444388232091,41.727268014685,0.000000000000,,gps_back
67.486970269977,41.701078990484,0.000000000000,,gps_back
67.528062269651,41.672765715290,0.000000000000,,gps_back
67.567870142885,41.642519128003,0.000000000000,,gps_back
67.608447781895,41.613319473015,0.000000000000,,gps_back
67.649443781334,41.584699624353,0.000000000000,,gps_back
67.687773954663,41.552831274476,0.000000000000,,gps_back
67.722228090388,41.516658878128,0.000000000000,,gps_back
67.754710407143,41.478657150964,0.000000000000,,gps_back
67.786682791338,41.440218441878,0.000000000000,,gps_back
67.818655175533,41.401779732791,0.000000000000,,gps_back
67.850627559725,41.363341023702,0.000000000000,,gps_back
67.882599943918,41.324902314614,0.000000000000,,gps_back
67.914572328110,41.286463605525,0.000000000000,,gps_back
67.948284202855,41.249604077245,0.000000000000,,gps_back
67.981693836519,41.212472102266,0.000000000000,,gps_back
68.011859903116,41.172650503239,0.000000000000,,gps_back
68.042373411923,41.133096010384,0.000000000000,,gps_back
68.072366796974,41.093156894296,0.000000000000,,gps_back
68.100422047353,41.051773973309,0.000000000000,,gps_back
68.128881998821,41.010673327204,0.000000000000,,gps_back
68.159525427782,40.971211002549,0.000000000000,,gps_back
68.186918442328,40.929682006148,0.000000000000,,gps_back
68.211935223534,40.886415025786,0.000000000000,,gps_back
68.238285802734,40.843925763008,0.000000000000,,gps_back
68.263542836913,40.800797655581,0.000000000000,,gps_back
68.289463212170,40.758080008977,0.000000000000,,gps_back
68.317029859684,40.716369770744,0.000000000000,,gps_back
68.344817293896,40.674805052249,0.000000000000,,gps_back
68.372334781641,40.633062012036,0.000000000000,,gps_back
68.395346512302,40.588887271167,0.000000000000,,gps_back
68.417878771135,40.544349249733,0.000000000000,,gps_back
68.444366720999,40.501978863746,0.000000000000,,gps_back
68.471972593623,40.460293677077,0.000000000000,,gps_back
68.499696406793,40.418687284347,0.000000000000,,gps_back
68.523989659872,40.375142979464,0.000000000000,,gps_back
68.545894258923,40.330200970784,0.000000000000,,gps_back
68.571483168653,40.287380530643,0.000000000000,,gps_back
68.601800296773,40.247695148818,0.000000000000,,gps_back
68.632270330777,40.208089309445,0.000000000000,,gps_back
68.660700344569,40.166972621911,0.000000000000,,gps_back
68.688486071446,40.125406775332,0.000000000000,,gps_back
68.718679371953,40.085638283162,0.000000000000,,gps_back
68.750651756142,40.047199574070,0.000000000000,,gps_back
68.782624140335,40.008760864982,0.000000000000,,gps_back
68.814596524535,39.970322155899,0.000000000000,,gps_back
68.841655813716,39.928592038740,0.000000000000,,gps_back
68.866684510227,39.885340766875,0.000000000000,,gps_back
68.893082550825,39.842880339122,0.000000000000,,gps_back
68.918355868804,39.799758235053,0.000000000000,,gps_back
68.937040792596,39.753685616749,0.000000000000,,gps_back
68.955950576928,39.707577542503,0.000000000000,,gps_back
68.979248862801,39.663354169308,0.000000000000,,gps_back
68.997101640368,39.616980723052,0.000000000000,,gps_back
69.013938906123,39.569981896988,0.000000000000,,gps_back
69.032106753449,39.523406677409,0.000000000000,,gps_back
69.048301263252,39.476121291168,0.000000000000,,gps_back
69.062607670974,39.428220479075,0.000000000000,,gps_back
69.076505016312,39.380193365255,0.000000000000,,gps_back
69.092725258658,39.332937291009,0.000000000000,,gps_back
69.110424580427,39.286177253798,0.000000000000,,gps_back
69.125705111418,39.238617176111,0.000000000000,,gps_back
69.142746877483,39.191701444305,0.000000000000,,gps_back
69.161117437466,39.145207102752,0.000000000000,,gps_back
69.177359323442,39.097939974087,0.000000000000,,gps_back
69.191651568625,39.050035029165,0.000000000000,,gps_back
69.205338124123,39.001947131457,0.000000000000,,gps_back
69.219065571343,38.953870903194,0.000000000000,,gps_back
69.232817577312,38.905801681895,0.000000000000,,gps_back
69.246529408734,38.857720996329,0.000000000000,,gps_back
69.261732864436,38.810108199270,0.000000000000,,gps_back
69.275867267029,38.762181357459,0.000000000000,,gps_back
69.287658690574,38.713601174711,0.000000000000,,gps_back
69.297135680955,38.664528845680,0.000000000000,,gps_back
69.305051784763,38.615163399018,0.000000000000,,gps_back
69.315886920570,38.566426424563,0.000000000000,,gps_back
69.327358692359,38.517777583649,0.000000000000,,gps_back
69.336057368655,38.468564969968,0.000000000000,,gps_back
69.343403142152,38.419110079968,0.000000000000,,gps_back
69.350836137398,38.369668281692,0.000000000000,,gps_back
69.358423136391,38.320249613460,0.000000000000,,gps_back
69.365859804518,38.270808278209,0.000000000000,,gps_back
69.372723782492,38.221285442157,0.000000000000,,gps_back
69.379756258683,38.171786260799,0.000000000000,,gps_back
69.386376103606,38.122232113069,0.000000000000,,gps_back
69.391341758628,38.072490954493,0.000000000000,,gps_back
69.395541229982,38.022669953422,0.000000000000,,gps_back
69.401412084438,37.973036399282,0.000000000000,,gps_back
69.406722130204,37.923338826023,0.000000000000,,gps_back
69.409641678566,37.873438032084,0.000000000000,,gps_back
69.415105590712,37.823813660353,0.000000000000,,gps_back
69.419040552077,37.774056820197,0.000000000000,,gps_back
69.420271565711,37.724075279941,0.000000000000,,gps_back
69.422346355070,37.674128157871,0.000000000000,,gps_back
69.427860099928,37.624483526787,0.000000000000,,gps_back
69.427527835541,37.574844953494,0.000000000000,,gps_back
69.426870192504,37.524971140114,0.000000000000,,gps_back
69.431380414315,37.475213797343,0.000000000000,,gps_back
69.434339106543,37.425359014235,0.000000000000,,gps_back
69.435296552129,37.375370715943,0.000000000000,,gps_back
69.438224848360,37.325485020642,0.000000000000,,gps_back
69.444551193951,37.275917239306,0.000000000000,,gps_back
69.452153699941,37.226500950392,0.000000000000,,gps_back
69.459553972767,37.177054223349,0.000000000000,,gps_back
69.466557480213,37.127549958901,0.000000000000,,gps_back
69.473320342054,37.078011813136,0.000000000000,,gps_back
69.485991353093,37.029876590972,0.000000000000,,gps_back
69.496869996216,36.981260159110,0.000000000000,,gps_back
69.505503511995,36.932018693153,0.000000000000,,gps_back
69.517807834179,36.883620977191,0.000000000000,,gps_back
69.527573934309,36.834704660009,0.000000000000,,gps_back
69.534497226378,36.785189210623,0.000000000000,,gps_back
69.540560754479,36.735563337435,0.000000000000,,gps_back
69.543224072898,36.685689301350,0.000000000000,,gps_back
69.544186824256,36.635700904339,0.000000000000,,gps_back
69.547079408208,36.585808134388,0.000000000000,,gps_back
69.552685640988,36.536140934840,0.000000000000,,gps_back
69.559897107091,36.486668803897,0.000000000000,,gps_back
69.567499613080,36.437252514983,0.000000000000,,gps_back
69.573465765520,36.387627884454,0.000000000000,,gps_back
69.576125249197,36.337733072970,0.000000000000,,gps_back
69.581444301245,36.288112041895,0.000000000000,,gps_back
69.591142046352,36.239090290767,0.000000000000,,gps_back
69.602100373968,36.190308326072,0.000000000000,,gps_back
69.610894049542,36.141118975480,0.000000000000,,gps_back
69.614706088011,36.091346806480,0.000000000000,,gps_back
69.620484065906,36.041779798756,0.000000000000,,gps_back
69.629671851269,35.992640743624,0.000000000000,,gps_back
69.631164648067,35.943054730123,0.000000000000,,gps_back
69.619174387562,35.894971497572,0.000000000000,,gps_back
69.595617950577,35.851185350897,0.000000000000,,gps_back
69.589242795739,35.803821347681,0.000000000000,,gps_back
69.595589527857,35.754264770928,0.000000000000,,gps_back
69.608697407642,35.706163352749,0.000000000000,,gps_back
69.624254192069,35.658647522064,0.000000000000,,gps_back
69.637563225643,35.610479157117,0.000000000000,,gps_back
69.642074142991,35.560953803829,0.000000000000,,gps_back
69.647430622689,35.511321031585,0.000000000000,,gps_back
69.654741898968,35.461860907917,0.000000000000,,gps_back
69.662094120488,35.412406763978,0.000000000000,,gps_back
69.669618663094,35.362978689919,0.000000000000,,gps_back
69.677900135858,35.313673706852,0.000000000000,,gps_back
69.685876547677,35.264317986996,0.000000000000,,gps_back
69.693514282965,35.214907160731,0.000000000000,,gps_back
69.699954743003,35.165332001519,0.000000000000,,gps_back
69.702387887532,35.115446415346,0.000000000000,,gps_back
69.703359377967,35.065458182946,0.000000000000,,gps_back
69.707196087020,35.015642861485,0.000000000000,,gps_back
69.713866925849,34.966103554871,0.000000000000,,gps_back
69.721395976478,34.916676152843,0.000000000000,,gps_back
69.728998482469,34.867259863929,0.000000000000,,gps_back
69.736572888092,34.817839263524,0.000000000000,,gps_back
69.742321184031,34.768187396424,0.000000000000,,gps_back
69.744780841551,34.718277038848,0.000000000000,,gps_back
69.751305060476,34.668818603604,0.000000000000,,gps_back
69.776150099638,34.626983061722,0.000000000000,,gps_back
69.802038783918,34.584438255151,0.000000000000,,gps_back
69.808548245471,34.535888895872,0.000000000000,,gps_back
69.818657571290,34.487206259735,0.000000000000,,gps_back
69.829730466317,34.438463613584,0.000000000000,,gps_back
69.839482946500,34.389427893905,0.000000000000,,gps_back
69.852550763886,34.341209248907,0.000000000000,,gps_back
69.861445108645,34.292096837520,0.000000000000,,gps_back
69.872055654080,34.243272515111,0.000000000000,,gps_back
69.884117601190,34.194752318973,0.000000000000,,gps_back
69.893540938211,34.145674961305,0.000000000000,,gps_back
69.900941989816,34.096232521554,0.000000000000,,gps_back
69.907988066963,34.046733829610,0.000000000000,,gps_back
69.915195247308,33.997258417243,0.000000000000,,gps_back
69.922763720048,33.947837205357,0.000000000000,,gps_back
69.931138510807,33.898547490638,0.000000000000,,gps_back
69.943551435843,33.850162237508,0.000000000000,,gps_back
69.953873949250,33.801274839052,0.000000000000,,gps_back
69.961103791879,33.751816493074,0.000000000000,,gps_back
69.968481849004,33.702367981449,0.000000000000,,gps_back
69.988256423012,33.656970769955,0.000000000000,,gps_back
70.015033800693,33.614798831112,0.000000000000,,gps_back
70.042754785401,33.573189765687,0.000000000000,,gps_back
70.070629002657,33.531683287726,0.000000000000,,gps_back
70.101315443247,33.492250111301,0.000000000000,,gps_back
70.133060424127,33.453623993314,0.000000000000,,gps_back
70.165958189956,33.415981117430,0.000000000000,,gps_back
70.199672463070,33.379062578399,0.000000000000,,gps_back
70.233527458623,33.342271180172,0.000000000000,,gps_back
70.242584801794,33.295072350815,0.000000000000,,gps_back
70.241399111159,33.245111249690,0.000000000000,,gps_back
70.243313090697,33.195171884772,0.000000000000,,gps_back
70.253568452884,33.146334075244,0.000000000000,,gps_back
70.265019887518,33.097665478057,0.000000000000,,gps_back
70.278034382483,33.049395516924,0.000000000000,,gps_back
70.288112730665,33.000440897407,0.000000000000,,gps_back
70.291524796161,32.950615511421,0.000000000000,,gps_back
70.298172020181,32.901086177658,0.000000000000,,gps_back
70.305708971671,32.851659985429,0.000000000000,,gps_back
70.313308727079,32.802243273980,0.000000000000,,gps_back
70.322602820759,32.753121284452,0.000000000000,,gps_back
70.335867054043,32.704936487272,0.000000000000,,gps_back
70.344355275129,32.655706290920,0.000000000000,,gps_back
70.351748154868,32.606258389559,0.000000000000,,gps_back
70.359099834208,32.556804163166,0.000000000000,,gps_back
70.366671806810,32.507383255700,0.000000000000,,gps_back
70.374274312802,32.457966966787,0.000000000000,,gps_back
70.381876818789,32.408550677872,0.000000000000,,gps_back
70.387193534446,32.358843941324,0.000000000000,,gps_back
70.389414221138,32.308906207147,0.000000000000,,gps_back
70.401706847418,32.260597563144,0.000000000000,,gps_back
70.411482041827,32.211586763466,0.000000000000,,gps_back
70.405108802982,32.162321828561,0.000000000000,,gps_back
70.376536040081,32.121554573943,0.000000000000,,gps_back
70.347062157329,32.081168215567,0.000000000000,,gps_back
70.317588274576,32.040781857192,0.000000000000,,gps_back
70.288114391824,32.000395498816,0.000000000000,,gps_back
70.276033535659,31.952145129015,0.000000000000,,gps_back
70.282586107859,31.902579012894,0.000000000000,,gps_back
70.290167765958,31.853159521245,0.000000000000,,gps_back
70.297759559123,31.803741625997,0.000000000000,,gps_back
70.304964997196,31.754266021327,0.000000000000,,gps_back
70.311512459076,31.704699131494,0.000000000000,,gps_back
70.318917229140,31.655252826437,0.000000000000,,gps_back
70.326330117604,31.605807741613,0.000000000000,,gps_back
70.333638894999,31.556347182494,0.000000000000,,gps_back
70.341241400992,31.506930893580,0.000000000000,,gps_back
70.348826935496,31.457512099085,0.000000000000,,gps_back
70.355815816044,31.408005357204,0.000000000000,,gps_back
70.362393452906,31.358442556077,0.000000000000,,gps_back
70.369995958899,31.309026267164,0.000000000000,,gps_back
70.377594350396,31.259609351474,0.000000000000,,gps_back
70.385059127849,31.210172094998,0.000000000000,,gps_back
70.392986409099,31.160817654752,0.000000000000,,gps_back
70.406640611244,31.112726877896,0.000000000000,,gps_back
70.415819716807,31.063580367265,0.000000000000,,gps_back
70.422948211140,31.014093595296,0.000000000000,,gps_back
70.429499636006,30.964527286183,0.000000000000,,gps_back
70.436985658223,30.915093221548,0.000000000000,,gps_back
70.444579769198,30.865675665275,0.000000000000,,gps_back
70.451879740331,30.816213973486,0.000000000000,,gps_back
70.458448959441,30.766650468347,0.000000000000,,gps_back
70.466507686306,30.717306620176,0.000000000000,,gps_back
70.474008540444,30.667874924745,0.000000000000,,gps_back
70.480898223571,30.618354259752,0.000000000000,,gps_back
70.488137559952,30.568883488739,0.000000000000,,gps_back
70.495660759089,30.519455065934,0.000000000000,,gps_back
70.503263265077,30.470038777020,0.000000000000,,gps_back
70.510865771060,30.420622488105,0.000000000000,,gps_back
70.518458912858,30.371204788607,0.000000000000,,gps_back
70.525738217309,30.321739913016,0.000000000000,,gps_back
70.532590260125,30.272214023032,0.000000000000,,gps_back
70.539189399829,30.222655727139,0.000000000000,,gps_back
70.548221346763,30.173481132107,0.000000000000,,gps_back
70.555967514059,30.124087345526,0.000000000000,,gps_back
70.562937981233,30.074578005684,0.000000000000,,gps_back
70.569509461299,30.025014212170,0.000000000000,,gps_back
70.576748116111,29.975543337831,0.000000000000,,gps_back
70.584252002992,29.926111980565,0.000000000000,,gps_back
70.591854508975,29.876695691650,0.000000000000,,gps_back
70.599457014959,29.827279402735,0.000000000000,,gps_back
70.607050841427,29.777861804588,0.000000000000,,gps_back
70.614365756976,29.728402129429,0.000000000000,,gps_back
70.621775901351,29.678956641225,0.000000000000,,gps_back
70.629378407335,29.629540352310,0.000000000000,,gps_back
70.636980913328,29.580124063397,0.000000000000,,gps_back
70.644583419313,29.530707774482,0.000000000000,,gps_back
70.652179342926,29.481290488004,0.000000000000,,gps_back
70.659534603578,29.431837012782,0.000000000000,,gps_back
70.666071147545,29.382268528324,0.000000000000,,gps_back
70.673009964811,29.332755892540,0.000000000000,,gps_back
70.677970318450,29.283004957698,0.000000000000,,gps_back
70.682836025583,29.233280334185,0.000000000000,,gps_back
70.696486135723,29.185243052473,0.000000000000,,gps_back
70.698248818679,29.135277670861,0.000000000000,,gps_back
70.701871420301,29.085418484595,0.000000000000,,gps_back
70.709423918569,29.035994529253,0.000000000000,,gps_back
70.717026424565,28.986578240340,0.000000000000,,gps_back
70.724621748069,28.937160858806,0.000000000000,,gps_back
70.732077812715,28.887722354749,0.000000000000,,gps_back
70.740166388257,28.838391457186,0.000000000000,,gps_back
70.752082019378,28.789853515363,0.000000000000,,gps_back
70.757577128289,28.740163015261,0.000000000000,,gps_back
70.760498016307,28.690262894007,0.000000000000,,gps_back
70.768046617462,28.640838889908,0.000000000000,,gps_back
70.774769212765,28.591299974591,0.000000000000,,gps_back
70.784581293457,28.542281800796,0.000000000000,,gps_back
70.797500035208,28.493999771127,0.000000000000,,gps_back
70.804816914245,28.444554713546,0.000000000000,,gps_back
70.807307978737,28.394620379745,0.000000000000,,gps_back
70.811453466244,28.344802469399,0.000000000000,,gps_back
70.819055972236,28.295386180486,0.000000000000,,gps_back
70.826605701877,28.245962261003,0.000000000000,,gps_back
70.833319594048,28.196417429968,0.000000000000,,gps_back
70.840208168915,28.146896902042,0.000000000000,,gps_back
70.847810674908,28.097480613128,0.000000000000,,gps_back
70.855398604200,28.048062119054,0.000000000000,,gps_back
70.862753580031,27.998608382745,0.000000000000,,gps_back
70.870143132754,27.949159928459,0.000000000000,,gps_back
70.878321772655,27.899855933895,0.000000000000,,gps_back
70.891763325823,27.851709500331,0.000000000000,,gps_back
70.901151470074,27.802604372048,0.000000000000,,gps_back
70.908312829142,27.753122498491,0.000000000000,,gps_back
70.915204659437,27.703624295842,0.000000000000,,gps_back
70.927806197064,27.655240817186,0.000000000000,,gps_back
70.939974470666,27.606748028503,0.000000000000,,gps_back
70.950681224558,27.557910203732,0.000000000000,,gps_back
70.961226622194,27.509041433643,0.000000000000,,gps_back
70.969314998942,27.459702506880,0.000000000000,,gps_back
70.976995566336,27.410299239738,0.000000000000,,gps_back
70.986153759107,27.361162468011,0.000000000000,,gps_back
70.999840314611,27.313074570305,0.000000000000,,gps_back
71.013334337379,27.264938302978,0.000000000000,,gps_back
71.023799353859,27.216054199912,0.000000000000,,gps_back
71.031401859850,27.166637910998,0.000000000000,,gps_back
71.039357510083,27.117296050213,0.000000000000,,gps_back
71.052168582002,27.068972363888,0.000000000000,,gps_back
71.062374760030,27.020029483318,0.000000000000,,gps_back
71.071368140804,26.970868679913,0.000000000000,,gps_back
71.085080530893,26.922813148615,0.000000000000,,gps_back
71.093491833267,26.873533347760,0.000000000000,,gps_back
71.104584418108,26.824784094303,0.000000000000,,gps_back
71.116921169362,26.776355157045,0.000000000000,,gps_back
71.124176232303,26.726886740789,0.000000000000,,gps_back
71.131994648885,26.677512994407,0.000000000000,,gps_back
71.143140284696,26.628774944928,0.000000000000,,gps_back
71.155189399944,26.580268900399,0.000000000000,,gps_back
71.162313680174,26.530808851722,0.000000000000,,gps_back
71.164070856918,26.480850269333,0.000000000000,,gps_back
71.169136053909,26.431115649601,0.000000000000,,gps_back
71.176738559892,26.381699360685,0.000000000000,,gps_back
71.184341065876,26.332283071770,0.000000000000,,gps_back
71.191923985703,26.282863818474,0.000000000000,,gps_back
71.199369564713,26.233424473124,0.000000000000,,gps_back
71.207956116853,26.184173852957,0.000000000000,,gps_back
71.218662870745,26.135336028185,0.000000000000,,gps_back
71.229199430813,26.086464664668,0.000000000000,,gps_back
71.237738104152,26.037202323001,0.000000000000,,gps_back
71.245340610136,25.987786034086,0.000000000000,,gps_back
71.252943116123,25.938369745172,0.000000000000,,gps_back
71.260523474009,25.888950110812,0.000000000000,,gps_back
71.267859942532,25.839493627624,0.000000000000,,gps_back
71.275262007003,25.790046954494,0.000000000000,,gps_back
71.282864512987,25.740630665579,0.000000000000,,gps_back
71.290467018980,25.691214376665,0.000000000000,,gps_back
71.298055324970,25.641795928665,0.000000000000,,gps_back
71.305463099700,25.592350125126,0.000000000000,,gps_back
71.312607384785,25.542865595857,0.000000000000,,gps_back
71.319469570586,25.493341120043,0.000000000000,,gps_back
71.326573581630,25.443850762338,0.000000000000,,gps_back
71.333938679354,25.394398584221,0.000000000000,,gps_back
71.341541185336,25.344982295306,0.000000000000,,gps_back
71.349143691320,25.295566006391,0.000000000000,,gps_back
71.356870368481,25.246170790295,0.000000000000,,gps_back
71.366218773496,25.197060714282,0.000000000000,,gps_back
71.377768339409,25.148424397230,0.000000000000,,gps_back
71.385900540850,25.099105915243,0.000000000000,,gps_back
71.390038602684,25.049284079063,0.000000000000,,gps_back
71.392519523203,24.999373099166,0.000000000000,,gps_back
71.400577432175,24.950052208257,0.000000000000,,gps_back
71.413248247621,24.901691272990,0.000000000000,,gps_back
71.423554280466,24.852776067247,0.000000000000,,gps_back
71.430878367016,24.803318329055,0.000000000000,,gps_back
71.437502213132,24.753761733422,0.000000000000,,gps_back
71.444758518584,24.704293519766,0.000000000000,,gps_back
71.452324308875,24.654871596249,0.000000000000,,gps_back
71.459803011561,24.605437262732,0.000000000000,,gps_back
71.466398146500,24.555876568952,0.000000000000,,gps_back
71.473338199047,24.506363033514,0.000000000000,,gps_back
71.480668355797,24.456905687306,0.000000000000,,gps_back
71.488270861790,24.407489398393,0.000000000000,,gps_back
71.495873367774,24.358073109478,0.000000000000,,gps_back
71.503467598972,24.308655555491,0.000000000000,,gps_back
71.510952264777,24.259221346250,0.000000000000,,gps_back
71.518213754980,24.209753898138,0.000000000000,,gps_back
71.525791594293,24.160333820765,0.000000000000,,gps_back
71.533386360433,24.110916422054,0.000000000000,,gps_back
71.541314206473,24.061551561335,0.000000000000,,gps_back
71.549690591250,24.012261156881,0.000000000000,,gps_back
71.557771459102,23.962945703244,0.000000000000,,gps_back
71.570232685329,23.914556569164,0.000000000000,,gps_back
71.577012488243,23.865028725956,0.000000000000,,gps_back
71.582088543628,23.815378089957,0.000000000000,,gps_back
71.595128957550,23.767150328361,0.000000000000,,gps_back
71.602503000051,23.717699662223,0.000000000000,,gps_back
71.609506742741,23.668195371052,0.000000000000,,gps_back
71.617056528205,23.618771122762,0.000000000000,,gps_back
71.624313129313,23.569302916021,0.000000000000,,gps_back
71.631803522215,23.519869517505,0.000000000000,,gps_back
71.639377829024,23.470448898497,0.000000000000,,gps_back
71.646957071258,23.421029036800,0.000000000000,,gps_back
71.654529688345,23.371608238430,0.000000000000,,gps_back
71.661853905803,23.322149944441,0.000000000000,,gps_back
71.669275958510,23.272706269677,0.000000000000,,gps_back
71.676878464501,23.223289980763,0.000000000000,,gps_back
71.684480970485,23.173873691848,0.000000000000,,gps_back
71.692063676997,23.124454395921,0.000000000000,,gps_back
71.699464439623,23.075007501969,0.000000000000,,gps_back
71.706799854491,23.025550945847,0.000000000000,,gps_back
71.714824584711,22.976217665869,0.000000000000,,gps_back
71.726166891453,22.927533443424,0.000000000000,,gps_back
71.733845162109,22.878187364454,0.000000000000,,gps_back
71.735459920305,22.828260518052,0.000000000000,,gps_back
71.743541692501,22.778939910477,0.000000000000,,gps_back
71.755455746432,22.730382636434,0.000000000000,,gps_back
71.766591110041,22.681657784762,0.000000000000,,gps_back
71.774193616026,22.632241495847,0.000000000000,,gps_back
71.781765387679,22.582820564712,0.000000000000,,gps_back
71.789103092504,22.533364265758,0.000000000000,,gps_back
71.796523567495,22.483920418540,0.000000000000,,gps_back
71.804324032882,22.434535811398,0.000000000000,,gps_back
71.812718615513,22.385250865291,0.000000000000,,gps_back
71.819635058048,22.335733915881,0.000000000000,,gps_back
71.826709614466,22.286239343842,0.000000000000,,gps_back
71.834026056762,22.236779979598,0.000000000000,,gps_back
71.841600104086,22.187359320816,0.000000000000,,gps_back
71.849175806341,22.137938915913,0.000000000000,,gps_back
71.856757691987,22.088519462775,0.000000000000,,gps_back
71.864252691681,22.039086846345,0.000000000000,,gps_back
71.871520439762,21.989620327956,0.000000000000,,gps_back
71.879084892071,21.940198201537,0.000000000000,,gps_back
71.886687398058,21.890781912623,0.000000000000,,gps_back
71.894289904044,21.841365623708,0.000000000000,,gps_back
71.901852977547,21.791943410706,0.000000000000,,gps_back
71.909130004927,21.742478189793,0.000000000000,,gps_back
71.916608762854,21.693043041431,0.000000000000,,gps_back
71.924211268846,21.643626752518,0.000000000000,,gps_back
71.931813774830,21.594210463603,0.000000000000,,gps_back
71.939387809120,21.544789868831,0.000000000000,,gps_back
71.946739663220,21.495335668593,0.000000000000,,gps_back
71.954132667600,21.445887660633,0.000000000000,,gps_back
71.961735173583,21.396471371718,0.000000000000,,gps_back
71.969337679566,21.347055082803,0.000000000000,,gps_back
71.976922636199,21.297636122308,0.000000000000,,gps_back
71.984349356838,21.248193141677,0.000000000000,,gps_back
71.991656548231,21.198732436525,0.000000000000,,gps_back
71.999259054214,21.149316147610,0.000000000000,,gps_back
72.006861560197,21.099899858695,0.000000000000,,gps_back
72.014540214058,21.050495820289,0.000000000000,,gps_back
72.023220290009,21.001270700504,0.000000000000,,gps_back
72.034762907635,20.952630403828,0.000000000000,,gps_back
72.043888358038,20.903475672722,0.000000000000,,gps_back
72.051490864028,20.854059383808,0.000000000000,,gps_back
72.059093370017,20.804643094894,0.000000000000,,gps_back
72.066668458316,20.755222656379,0.000000000000,,gps_back
72.074028895789,20.705769732663,0.000000000000,,gps_back
72.081432067061,20.656323373327,0.000000000000,,gps_back
72.090167903775,20.607172064671,0.000000000000,,gps_back
72.105514432191,20.559652185439,0.000000000000,,gps_back
72.114031131236,20.510386938859,0.000000000000,,gps_back
72.121416189606,20.460937691022,0.000000000000,,gps_back
72.128771674969,20.411484112717,0.000000000000,,gps_back
72.136374180951,20.362067823802,0.000000000000,,gps_back
72.144419935508,20.312737626879,0.000000000000,,gps_back
72.155942325718,20.264086226234,0.000000000000,,gps_back
72.167482948937,20.215461684432,0.000000000000,,gps_back
72.175733678581,20.166188661972,0.000000000000,,gps_back
72.188809701685,20.117944862340,0.000000000000,,gps_back
72.198770071509,20.068949811931,0.000000000000,,gps_back
72.208700973274,20.019969553356,0.000000000000,,gps_back
72.221686070808,19.971725866962,0.000000000000,,gps_back
72.229570065405,19.922354090009,0.000000000000,,gps_back
72.237186146678,19.872944423215,0.000000000000,,gps_back
72.247145972898,19.823974303224,0.000000000000,,gps_back
72.260360802219,19.775805076923,0.000000000000,,gps_back
72.267868286890,19.726374264857,0.000000000000,,gps_back
72.275355327716,19.676940369838,0.000000000000,,gps_back
72.282957833705,19.627524080924,0.000000000000,,gps_back
72.290560339688,19.578107792009,0.000000000000,,gps_back
72.298696857940,19.528797659635,0.000000000000,,gps_back
72.310895502538,19.480318931860,0.000000000000,,gps_back
72.325285407377,19.432436915513,0.000000000000,,gps_back
72.338570947618,19.384288840484,0.000000000000,,gps_back
72.346887744439,19.335024253175,0.000000000000,,gps_back
72.359669660199,19.286697341849,0.000000000000,,gps_back
72.369887335775,19.237757039033,0.000000000000,,gps_back
72.379557591830,19.188730082771,0.000000000000,,gps_back
72.392528862818,19.140480631406,0.000000000000,,gps_back
72.400744136255,19.091163114354,0.000000000000,,gps_back
72.408555296630,19.041782314882,0.000000000000,,gps_back
72.418329402009,18.992775074023,0.000000000000,,gps_back
72.431274590422,18.944520592194,0.000000000000,,gps_back
72.439394294723,18.895187084300,0.000000000000,,gps_back
72.447223343061,18.845809585279,0.000000000000,,gps_back
72.457100621785,18.796822139660,0.000000000000,,gps_back
72.469888601432,18.748542463723,0.000000000000,,gps_back
72.477004443228,18.699053784532,0.000000000000,,gps_back
72.484161844477,18.649573164217,0.000000000000,,gps_back
72.493491016782,18.600526949673,0.000000000000,,gps_back
72.508126903051,18.552814070797,0.000000000000,,gps_back
72.515806670559,18.503416402090,0.000000000000,,gps_back
72.525990903499,18.454484561489,0.000000000000,,gps_back
72.538445190793,18.406111852446,0.000000000000,,gps_back
72.546044833071,18.356703662940,0.000000000000,,gps_back
72.555991296173,18.307706368315,0.000000000000,,gps_back
72.566738290581,18.258877487191,0.000000000000,,gps_back
72.578175833781,18.210218880044,0.000000000000,,gps_back
72.591578968244,18.162085738325,0.000000000000,,gps_back
72.600775362826,18.112942222065,0.000000000000,,gps_back
72.611240101957,18.064066526074,0.000000000000,,gps_back
72.623664516231,18.015680644519,0.000000000000,,gps_back
72.630547409091,17.966189550412,0.000000000000,,gps_back
72.633441408825,17.916277359300,0.000000000000,,gps_back
72.637820993261,17.866487055941,0.000000000000,,gps_back
72.645149307726,17.817029499774,0.000000000000,,gps_back
72.653515183630,17.767771442893,0.000000000000,,gps_back
72.665908747196,17.719338721577,0.000000000000,,gps_back
72.676278020161,17.670442868953,0.000000000000,,gps_back
72.683880526152,17.621026580039,0.000000000000,,gps_back
72.692274802697,17.571775129292,0.000000000000,,gps_back
72.705169996921,17.523470281092,0.000000000000,,gps_back
72.718856552420,17.475382383384,0.000000000000,,gps_back
72.732543107919,17.427294485677,0.000000000000,,gps_back
72.745488884103,17.379034625695,0.000000000000,,gps_back
72.754644404816,17.329886181775,0.000000000000,,gps_back
72.765705038356,17.281142308520,0.000000000000,,gps_back
72.779463300988,17.233074888429,0.000000000000,,gps_back
72.792586904247,17.184848901024,0.000000000000,,gps_back
72.802840150756,17.135914870034,0.000000000000,,gps_back
72.814022309893,17.087186465717,0.000000000000,,gps_back
72.826981154147,17.038919874365,0.000000000000,,gps_back
72.842809650470,16.991502508406,0.000000000000,,gps_back
72.856023456111,16.943305613704,0.000000000000,,gps_back
72.865856032870,16.894284467099,0.000000000000,,gps_back
72.876083403813,16.845369121759,0.000000000000,,gps_back
72.890681689590,16.797600374969,0.000000000000,,gps_back
72.908914491857,16.751115001618,0.000000000000,,gps_back
72.921412025767,16.702708809144,0.000000000000,,gps_back
72.934585243526,16.654704067132,0.000000000000,,gps_back
72.955505296925,16.609440848640,0.000000000000,,gps_back
72.969191852428,16.561352950933,0.000000000000,,gps_back
72.982884363411,16.513266750448,0.000000000000,,gps_back
72.996615588743,16.465191595997,0.000000000000,,gps_back
73.010382560959,16.417126674672,0.000000000000,,gps_back
73.024069686537,16.369038939223,0.000000000000,,gps_back
73.038239971072,16.321103483227,0.000000000000,,gps_back
73.055645630456,16.274294046134,0.000000000000,,gps_back
73.076137354008,16.228818414393,0.000000000000,,gps_back
73.090665110450,16.181005959963,0.000000000000,,gps_back
73.108397575105,16.134258573242,0.000000000000,,gps_back
73.125298053217,16.087225029867,0.000000000000,,gps_back
73.139737936216,16.039362755281,0.000000000000,,gps_back
73.156111766940,15.992140367874,0.000000000000,,gps_back
73.175374114082,15.946008734192,0.000000000000,,gps_back
73.196064333299,15.900493123852,0.000000000000,,gps_back
73.215261256086,15.854413458510,0.000000000000,,gps_back
73.230016541076,15.806689046409,0.000000000000,,gps_back
73.248677396693,15.760305874818,0.000000000000,,gps_back
73.266485773177,15.713588211219,0.000000000000,,gps_back
73.284124558432,15.666813554869,0.000000000000,,gps_back
73.303485344192,15.620716776300,0.000000000000,,gps_back
73.323362098466,15.574844472833,0.000000000000,,gps_back
73.344158451899,15.529381374893,0.000000000000,,gps_back
73.362619619440,15.482985120892,0.000000000000,,gps_back
73.377445602873,15.435298095262,0.000000000000,,gps_back
73.396869160224,15.389227582623,0.000000000000,,gps_back
73.416316140818,15.343167288435,0.000000000000,,gps_back
73.436705656436,15.297536268379,0.000000000000,,gps_back
73.458863858799,15.252743583737,0.000000000000,,gps_back
73.478539741567,15.206786193459,0.000000000000,,gps_back
73.499659388496,15.161468523441,0.000000000000,,gps_back
73.520730772741,15.116136355335,0.000000000000,,gps_back
73.540784040605,15.070353774294,0.000000000000,,gps_back
73.562912695230,15.025522314994,0.000000000000,,gps_back
73.584087709132,14.980230506655,0.000000000000,,gps_back
73.604869333898,14.934756501226,0.000000000000,,gps_back
73.625237463141,14.889099393623,0.000000000000,,gps_back
73.644587380769,14.842997991147,0.000000000000,,gps_back
73.664308508382,14.797056042413,0.000000000000,,gps_back
73.685121430936,14.751601412584,0.000000000000,,gps_back
73.706680643079,14.706503582605,0.000000000000,,gps_back
73.726683909794,14.660689940428,0.000000000000,,gps_back
73.748530654580,14.615721893704,0.000000000000,,gps_back
73.771562898537,14.571345976572,0.000000000000,,gps_back
73.795033188166,14.527199479406,0.000000000000,,gps_back
73.818320735399,14.482958219396,0.000000000000,,gps_back
73.840503556281,14.438158731085,0.000000000000,,gps_back
73.861322271666,14.392702617717,0.000000000000,,gps_back
73.883965489059,14.348221023538,0.000000000000,,gps_back
73.910991410976,14.306181584232,0.000000000000,,gps_back
73.935400566430,14.262549584306,0.000000000000,,gps_back
73.959065188173,14.218507081230,0.000000000000,,gps_back
73.983656530140,14.175008376680,0.000000000000,,gps_back
74.011208543410,14.133287730698,0.000000000000,,gps_back
74.038629091539,14.091494248046,0.000000000000,,gps_back
74.063910069447,14.048365516625,0.000000000000,,gps_back
74.087583069538,14.004333860923,0.000000000000,,gps_back
74.111053686877,13.960259677471,0.000000000000,,gps_back
74.138803192386,13.918669624525,0.000000000000,,gps_back
74.166251219996,13.876885160799,0.000000000000,,gps_back
74.192201575010,13.834159678117,0.000000000000,,gps_back
74.217209788317,13.790890756176,0.000000000000,,gps_back
74.244721306353,13.749143017246,0.000000000000,,gps_back
74.272398410816,13.707504746478,0.000000000000,,gps_back
74.300086310392,13.665873665843,0.000000000000,,gps_back
74.327862523538,13.624301527506,0.000000000000,,gps_back
74.356410176668,13.583284131152,0.000000000000,,gps_back
74.386717680763,13.543553150426,0.000000000000,,gps_back
74.412608391643,13.500963286628,0.000000000000,,gps_back
74.434148974813,13.456106858850,0.000000000000,,gps_back
74.463804509155,13.415854226900,0.000000000000,,gps_back
74.493636429120,13.375732897565,0.000000000000,,gps_back
74.522607317468,13.334993197627,0.000000000000,,gps_back
74.551189524454,13.294030376373,0.000000000000,,gps_back
74.582580103087,13.255136221687,0.000000000000,,gps_back
74.611687660298,13.214494075261,0.000000000000,,gps_back
74.639511220413,13.172953607827,0.000000000000,,gps_back
74.668349475540,13.132164113671,0.000000000000,,gps_back
74.699741523432,13.093274569397,0.000000000000,,gps_back
74.728711406608,13.052533872733,0.000000000000,,gps_back
74.756433054861,13.010925384391,0.000000000000,,gps_back
74.785228393270,12.970107437316,0.000000000000,,gps_back
74.815863125412,12.930714440989,0.000000000000,,gps_back
74.841189545702,12.887625608892,0.000000000000,,gps_back
74.864687627245,12.843497167840,0.000000000000,,gps_back
74.886744340613,12.798865510643,0.000000000000,,gps_back
74.903563194232,12.752066966331,0.000000000000,,gps_back
74.930691348253,12.710208154353,0.000000000000,,gps_back
74.962663732442,12.671769445261,0.000000000000,,gps_back
74.994636116637,12.633330736174,0.000000000000,,gps_back
75.026589166421,12.594875978167,0.000000000000,,gps_back
75.058461280651,12.556354121523,0.000000000000,,gps_back
75.090307079570,12.517810589742,0.000000000000,,gps_back
75.122279463758,12.479371880649,0.000000000000,,gps_back
75.154251847949,12.440933171559,0.000000000000,,gps_back
75.186224232146,12.402494462474,0.000000000000,,gps_back
75.218196616347,12.364055753392,0.000000000000,,gps_back
75.250677403688,12.326063871455,0.000000000000,,gps_back
75.285170569311,12.289888575104,0.000000000000,,gps_back
75.320908991049,12.254926773179,0.000000000000,,gps_back
75.355508076913,12.218860983969,0.000000000000,,gps_back
75.388128908864,12.180974233165,0.000000000000,,gps_back
75.420101293057,12.142535524076,0.000000000000,,gps_back
75.453767560180,12.105805749978,0.000000000000,,gps_back
75.491546889161,12.073145173511,0.000000000000,,gps_back
75.525941465172,12.036883395716,0.000000000000,,gps_back
75.559312989384,11.999687010620,0.000000000000,,gps_back
75.595328349993,11.965047042279,0.000000000000,,gps_back
75.632971652027,11.932149740575,0.000000000000,,gps_back
75.668527659088,11.897124050320,0.000000000000,,gps_back
75.700500043280,11.858685341231,0.000000000000,,gps_back
75.733534193225,11.821233770310,0.000000000000,,gps_back
75.771063444824,11.788443173173,0.000000000000,,gps_back
75.814868602695,11.766048837592,0.000000000000,,gps_back
75.863900495553,11.756290828092,0.000000000000,,gps_back
75.908944219401,11.738480015352,0.000000000000,,gps_back
75.944620656641,11.703457641238,0.000000000000,,gps_back
75.979571748007,11.667705982855,0.000000000000,,gps_back
76.014807947317,11.632245218855,0.000000000000,,gps_back
76.051654233325,11.598488221597,0.000000000000,,gps_back
76.089808800727,11.566187847319,0.000000000000,,gps_back
76.126498190646,11.532251826433,0.000000000000,,gps_back
76.161958581362,11.497010265777,0.000000000000,,gps_back
76.198698099545,11.463130123861,0.000000000000,,gps_back
76.237144167924,11.431170588648,0.000000000000,,gps_back
76.276051144876,11.399769825856,0.000000000000,,gps_back
76.314930464851,11.368334984188,0.000000000000,,gps_back
76.353935714790,11.337056266434,0.000000000000,,gps_back
76.392941415210,11.305778110443,0.000000000000,,gps_back
76.431947115628,11.274499954451,0.000000000000,,gps_back
76.472046031127,11.244780554584,0.000000000000,,gps_back
76.514038027896,11.217712481147,0.000000000000,,gps_back
76.554189767157,11.187923387762,0.000000000000,,gps_back
76.594337208895,11.158145018245,0.000000000000,,gps_back
76.634942197972,11.129004728903,0.000000000000,,gps_back
76.674205714460,11.098052021418,0.000000000000,,gps_back
76.713298306450,11.066883264496,0.000000000000,,gps_back
76.753223810816,11.036832257191,0.000000000000,,gps_back
76.794883033803,11.009196596649,0.000000000000,,gps_back
76.837149821116,10.982489191709,0.000000000000,,gps_back
76.879104913481,10.955306400553,0.000000000000,,gps_back
76.919785148143,10.926281689929,0.000000000000,,gps_back
76.959128454051,10.895429842219,0.000000000000,,gps_back
76.998782218122,10.864979325390,0.000000000000,,gps_back
77.038525835335,10.834649310842,0.000000000000,,gps_back
77.077689559629,10.803569692745,0.000000000000,,gps_back
77.116695260047,10.772291536752,0.000000000000,,gps_back
77.155700960464,10.741013380760,0.000000000000,,gps_back
77.195361867258,10.710616328526,0.000000000000,,gps_back
77.236816224987,10.682674497181,0.000000000000,,gps_back
77.278898973862,10.655678016772,0.000000000000,,gps_back
77.321331106814,10.629253719310,0.000000000000,,gps_back
77.364845156201,10.604645613156,0.000000000000,,gps_back
77.408534387835,10.580374992335,0.000000000000,,gps_back
77.451010861930,10.554006304283,0.000000000000,,gps_back
77.493119578383,10.527050345645,0.000000000000,,gps_back
77.535388411859,10.500350075788,0.000000000000,,gps_back
77.578121003023,10.474395998196,0.000000000000,,gps_back
77.621034306558,10.448740543884,0.000000000000,,gps_back
77.663706083581,10.422688698259,0.000000000000,,gps_back
77.705717506357,10.395595361511,0.000000000000,,gps_back
77.747763218139,10.368629972385,0.000000000000,,gps_back
77.791657066269,10.344693092489,0.000000000000,,gps_back
77.835374743314,10.320468905842,0.000000000000,,gps_back
77.878138885689,10.294565436389,0.000000000000,,gps_back
77.921003057404,10.268827965803,0.000000000000,,gps_back
77.963956138922,10.243238895958,0.000000000000,,gps_back
78.007057784283,10.217904791634,0.000000000000,,gps_back
78.051416190275,10.195058734262,0.000000000000,,gps_back
78.097442554476,10.175593149555,0.000000000000,,gps_back
78.141846762502,10.152714174240,0.000000000000,,gps_back
78.184732829685,10.127012949582,0.000000000000,,gps_back
78.227555238861,10.101206456579,0.000000000000,,gps_back
78.269805283218,10.074498830975,0.000000000000,,gps_back
78.312011952602,10.047829498230,0.000000000000,,gps_back
78.356629605814,10.025299172050,0.000000000000,,gps_back
78.401237457346,10.002857525595,0.000000000000,,gps_back
78.444367834547,9.977579950421,0.000000000000,,gps_back
78.488297776709,9.953718039004,0.000000000000,,gps_back
78.532204907867,9.929857734507,0.000000000000,,gps_back
78.575389420536,9.904696772953,0.000000000000,,gps_back
78.620059204768,9.882303753930,0.000000000000,,gps_back
78.665221397056,9.860948055146,0.000000000000,,gps_back
78.708995080959,9.836790636439,0.000000000000,,gps_back
78.752607082299,9.812341484175,0.000000000000,,gps_back
78.796806105357,9.789048198730,0.000000000000,,gps_back
78.841923213822,9.767534887145,0.000000000000,,gps_back
78.885281205307,9.742799173780,0.000000000000,,gps_back
78.927719660638,9.716595336321,0.000000000000,,gps_back
78.972523717992,9.694413765676,0.000000000000,,gps_back
79.015910792447,9.669738569690,0.000000000000,,gps_back
79.057162551189,9.641488630854,0.000000000000,,gps_back
79.098924557318,9.614028683276,0.000000000000,,gps_back
79.142619251390,9.589896336874,0.000000000000,,gps_back
79.187142510079,9.567380659940,0.000000000000,,gps_back
79.229565675153,9.540923334999,0.000000000000,,gps_back
79.273205708119,9.516730329265,0.000000000000,,gps_back
79.318904461073,9.496447618196,0.000000000000,,gps_back
79.364560847573,9.476069663864,0.000000000000,,gps_back
79.410183907429,9.455617241663,0.000000000000,,gps_back
79.455367397857,9.434252385191,0.000000000000,,gps_back
79.499505133164,9.410775550853,0.000000000000,,gps_back
79.543187531334,9.386452397326,0.000000000000,,gps_back
79.587047172778,9.362456028447,0.000000000000,,gps_back
79.631227559876,9.339049774056,0.000000000000,,gps_back
79.674955688424,9.314834909016,0.000000000000,,gps_back
79.717123833019,9.288047647206,0.000000000000,,gps_back
79.757396327535,9.258429301918,0.000000000000,,gps_back
79.797551467909,9.228670364739,0.000000000000,,gps_back
79.839644536280,9.201785949469,0.000000000000,,gps_back
79.883261782750,9.177349605868,0.000000000000,,gps_back
79.925844142322,9.151221527656,0.000000000000,,gps_back
79.967999267539,9.124477065972,0.000000000000,,gps_back
80.011998112785,9.100733940065,0.000000000000,,gps_back
80.055479595551,9.076065347324,0.000000000000,,gps_back
80.098889579103,9.051293080226,0.000000000000,,gps_back
80.143247889353,9.028226690820,0.000000000000,,gps_back
80.187658189522,9.005261056009,0.000000000000,,gps_back
80.230864726480,8.980254018137,0.000000000000,,gps_back
80.273067954043,8.953568779254,0.000000000000,,gps_back
80.317690028161,8.931088226959,0.000000000000,,gps_back
80.363358829572,8.910738526691,0.000000000000,,gps_back
80.408962625652,8.890243151354,0.000000000000,,gps_back
80.454593931745,8.869809094329,0.000000000000,,gps_back
80.500264988918,8.849464159393,0.000000000000,,gps_back
80.545797773064,8.828820042987,0.000000000000,,gps_back
80.590775958840,8.806996153857,0.000000000000,,gps_back
80.635724682576,8.785133652462,0.000000000000,,gps_back
80.681363213769,8.764715741087,0.000000000000,,gps_back
80.726974290282,8.744236569373,0.000000000000,,gps_back
80.772627926513,8.723853417930,0.000000000000,,gps_back
80.817971920434,8.702832512448,0.000000000000,,gps_back
80.861919127640,8.679052298934,0.000000000000,,gps_back
80.906265235036,8.656484205390,0.000000000000,,gps_back
80.953492268515,8.640072663048,0.000000000000,,gps_back
81.000233005166,8.622446811996,0.000000000000,,gps_back
81.045929068485,8.602158060170,0.000000000000,,gps_back
81.091580720151,8.581769500049,0.000000000000,,gps_back
81.137200507595,8.561309771582,0.000000000000,,gps_back
81.182839828174,8.540894144535,0.000000000000,,gps_back
81.228621030191,8.520799155599,0.000000000000,,gps_back
81.274693439402,8.501390530685,0.000000000000,,gps_back
81.320985230039,8.482504335372,0.000000000000,,gps_back
81.366963400204,8.462867157356,0.000000000000,,gps_back
81.412672398342,8.442608413063,0.000000000000,,gps_back
81.458418180847,8.422437644567,0.000000000000,,gps_back
81.504614904023,8.403328328804,0.000000000000,,gps_back
81.551360068978,8.385606717389,0.000000000000,,gps_back
81.598317672922,8.368448440554,0.000000000000,,gps_back
81.644655026106,8.349709917016,0.000000000000,,gps_back
81.691108410295,8.331436535865,0.000000000000,,gps_back
81.738633587417,8.315944081579,0.000000000000,,gps_back
81.785196715484,8.297826999470,0.000000000000,,gps_back
81.831743027748,8.279913408962,0.000000000000,,gps_back
81.879756225976,8.265978404295,0.000000000000,,gps_back
81.926816349672,8.249328980989,0.000000000000,,gps_back
81.972538756102,8.229100118817,0.000000000000,,gps_back
82.018352722909,8.209087020414,0.000000000000,,gps_back
82.065150447920,8.191695225959,0.000000000000,,gps_back
82.113244868673,8.178042490911,0.000000000000,,gps_back
82.161496756240,8.164947060131,0.000000000000,,gps_back
82.208776449998,8.149077572139,0.000000000000,,gps_back
82.254646064801,8.129190791426,0.000000000000,,gps_back
82.300893918014,8.110197361802,0.000000000000,,gps_back
82.347865808098,8.093198588255,0.000000000000,,gps_back
82.395495592476,8.078032208461,0.000000000000,,gps_back
82.442117487147,8.060085803609,0.000000000000,,gps_back
82.488668507444,8.042171245629,0.000000000000,,gps_back
82.536826723275,8.028739104173,0.000000000000,,gps_back
82.584998379022,8.015361189000,0.000000000000,,gps_back
82.632359382580,7.999527716650,0.000000000000,,gps_back
82.678925831494,7.981348100452,0.000000000000,,gps_back
82.726866806203,7.968058732919,0.000000000000,,gps_back
82.775686311394,7.957984909402,0.000000000000,,gps_back
82.823234429152,7.942544811393,0.000000000000,,gps_back
82.870489073720,7.926211830217,0.000000000000,,gps_back
82.917939251874,7.910476175730,0.000000000000,,gps_back
82.965832410044,7.896134314135,0.000000000000,,gps_back
83.014072684238,7.883013244500,0.000000000000,,gps_back
83.062433084210,7.870334448705,0.000000000000,,gps_back
83.110541127044,7.856723669937,0.000000000000,,gps_back
83.158523513750,7.842671685260,0.000000000000,,gps_back
83.206615186061,7.829007991573,0.000000000000,,gps_back
83.254924551997,7.816126585375,0.000000000000,,gps_back
83.303150022729,7.802952493348,0.000000000000,,gps_back
83.351222913582,7.789219780612,0.000000000000,,gps_back
83.399501631239,7.776225688661,0.000000000000,,gps_back
83.447911474106,7.763726731546,0.000000000000,,gps_back
83.496318360451,7.751218583833,0.000000000000,,gps_back
83.544504437366,7.737895129057,0.000000000000,,gps_back
83.592486824073,7.723843144383,0.000000000000,,gps_back
83.640534124427,7.710017988272,0.000000000000,,gps_back
83.688771604586,7.696874931288,0.000000000000,,gps_back
83.737028484980,7.683809067852,0.000000000000,,gps_back
83.785332128136,7.670960430242,0.000000000000,,gps_back
83.834384897106,7.661657241755,0.000000000000,,gps_back
83.883708441377,7.653817760954,0.000000000000,,gps_back
83.932392212850,7.642457861071,0.000000000000,,gps_back
83.980817582302,7.630018975321,0.000000000000,,gps_back
84.029455011642,7.618530376359,0.000000000000,,gps_back
84.078669131942,7.609795430352,0.000000000000,,gps_back
84.127719373307,7.600474719584,0.000000000000,,gps_back
84.176042886263,7.587649505872,0.000000000000,,gps_back
84.224165267584,7.574090885925,0.000000000000,,gps_back
84.272147654289,7.560038901246,0.000000000000,,gps_back
84.320231368316,7.546345598673,0.000000000000,,gps_back
84.368554677722,7.533521101220,0.000000000000,,gps_back
84.416984865493,7.521100361667,0.000000000000,,gps_back
84.465537571842,7.509195226131,0.000000000000,,gps_back
84.514621542019,7.499904249655,0.000000000000,,gps_back
84.563642088354,7.490608412110,0.000000000000,,gps_back
84.611837703097,7.477306488451,0.000000000000,,gps_back
84.660092057629,7.464226111633,0.000000000000,,gps_back
84.707932206079,7.449884519256,0.000000000000,,gps_back
84.754899110550,7.432741730779,0.000000000000,,gps_back
84.802870494781,7.419668781294,0.000000000000,,gps_back
84.851699732923,7.409709534940,0.000000000000,,gps_back
84.898963713908,7.393501580620,0.000000000000,,gps_back
84.946689523731,7.379715111099,0.000000000000,,gps_back
84.995964188053,7.371378970079,0.000000000000,,gps_back
85.044716197257,7.360343007074,0.000000000000,,gps_back
85.093144779651,7.347916051294,0.000000000000,,gps_back
85.141488229196,7.335164037592,0.000000000000,,gps_back
85.189638815922,7.321709346769,0.000000000000,,gps_back
85.237760008409,7.308154887733,0.000000000000,,gps_back
85.286115778925,7.295447888579,0.000000000000,,gps_back
85.334542631677,7.283014523627,0.000000000000,,gps_back
85.382893266707,7.270299550776,0.000000000000,,gps_back
85.431018864533,7.256748025583,0.000000000000,,gps_back
85.479208529072,7.243439558913,0.000000000000,,gps_back
85.527518120693,7.230563584310,0.000000000000,,gps_back
85.575634023554,7.216979139670,0.000000000000,,gps_back
85.623825001312,7.203684713041,0.000000000000,,gps_back
85.672265029081,7.191302101976,0.000000000000,,gps_back
85.720678095828,7.178814544754,0.000000000000,,gps_back
85.769066530593,7.166231773592,0.000000000000,,gps_back
85.817556929873,7.154060788835,0.000000000000,,gps_back
85.866571276203,7.144486755377,0.000000000000,,gps_back
85.915991332331,7.136971480810,0.000000000000,,gps_back
85.965188816680,7.128066432529,0.000000000000,,gps_back
86.014326596036,7.118833537680,0.000000000000,,gps_back
86.063299836542,7.108811934362,0.000000000000,,gps_back
86.111894605336,7.097071653046,0.000000000000,,gps_back
86.160775777838,7.087037921295,0.000000000000,,gps_back
86.210388158112,7.080844745194,0.000000000000,,gps_back
86.260023684649,7.074837898036,0.000000000000,,gps_back
86.309307371044,7.066798414012,0.000000000000,,gps_back
86.357941602567,7.055222090337,0.000000000000,,gps_back
86.406363643774,7.042769560788,0.000000000000,,gps_back
86.455073414953,7.031632772868,0.000000000000,,gps_back
86.504433590393,7.023820138737,0.000000000000,,gps_back
86.553584936724,7.015225347850,0.000000000000,,gps_back
86.602195559702,7.003560421017,0.000000000000,,gps_back
86.651326053623,6.994502178435,0.000000000000,,gps_back
86.700904452328,6.988049034430,0.000000000000,,gps_back
86.750367305073,6.980879754168,0.000000000000,,gps_back
86.799078611293,6.969934120978,0.000000000000,,gps_back
86.847691185116,6.958802795877,0.000000000000,,gps_back
86.897113833854,6.951270606374,0.000000000000,,gps_back
86.945914757920,6.940736948106,0.000000000000,,gps_back
86.994582701730,6.929739269648,0.000000000000,,gps_back
87.044020426246,6.922279941739,0.000000000000,,gps_back
87.092991729211,6.912514898738,0.000000000000,,gps_back
87.141710796359,6.901436875752,0.000000000000,,gps_back
87.191060501288,6.893501059822,0.000000000000,,gps_back
87.240654819548,6.887169161963,0.000000000000,,gps_back
87.290290346083,6.881162314799,0.000000000000,,gps_back
87.339903156988,6.874974339298,0.000000000000,,gps_back
87.388809077091,6.865320198850,0.000000000000,,gps_back
87.437418776093,6.854136043404,0.000000000000,,gps_back
87.487085754801,6.848896904203,0.000000000000,,gps_back
87.537018649606,6.846352552875,0.000000000000,,gps_back
87.586906935238,6.843138879981,0.000000000000,,gps_back
87.636652776739,6.838217179881,0.000000000000,,gps_back
87.685703672892,6.829200886637,0.000000000000,,gps_back
87.734443580094,6.818350847454,0.000000000000,,gps_back
87.784078408742,6.814313600163,0.000000000000,,gps_back
87.833964822368,6.812682667690,0.000000000000,,gps_back
87.883668252562,6.807294924842,0.000000000000,,gps_back
87.933303779099,6.801288077682,0.000000000000,,gps_back
87.982912216880,6.795066211157,0.000000000000,,gps_back
88.032492930383,6.788622799596,0.000000000000,,gps_back
88.082131918383,6.782663756032,0.000000000000,,gps_back
88.131799925039,6.776941349605,0.000000000000,,gps_back
88.181432149963,6.770907656123,0.000000000000,,gps_back
88.231227688243,6.768023609381,0.000000000000,,gps_back
88.281185661469,6.767319018499,0.000000000000,,gps_back
88.330980547776,6.763109934120,0.000000000000,,gps_back
88.380778683730,6.760077112642,0.000000000000,,gps_back
88.430770984606,6.760798831284,0.000000000000,,gps_back
88.480762240009,6.761596603421,0.000000000000,,gps_back
88.530599456581,6.759341821306,0.000000000000,,gps_back
88.580356859742,6.754642177127,0.000000000000,,gps_back
88.630294630745,6.753322973662,0.000000000000,,gps_back
88.680283109841,6.754281961871,0.000000000000,,gps_back
88.730269623728,6.754283846215,0.000000000000,,gps_back
88.780054705434,6.750606861412,0.000000000000,,gps_back
88.829803271646,6.746878960835,0.000000000000,,gps_back
88.879797530617,6.747220800599,0.000000000000,,gps_back
88.929789295246,6.747981392289,0.000000000000,,gps_back
88.979582135519,6.751352190595,0.000000000000,,gps_back
89.029152514708,6.757872672894,0.000000000000,,gps_back
89.078927526092,6.761743838083,0.000000000000,,gps_back
89.128917483573,6.762617956275,0.000000000000,,gps_back
89.178861420099,6.764559215009,0.000000000000,,gps_back
89.228509595229,6.769991922319,0.000000000000,,gps_back
89.278126864302,6.772894455827,0.000000000000,,gps_back
89.328025680539,6.769757201794,0.000000000000,,gps_back
89.377693229337,6.771574124222,0.000000000000,,gps_back
89.427329025298,6.777229386119,0.000000000000,,gps_back
89.477256520219,6.779543248923,0.000000000000,,gps_back
89.527245013489,6.780501497076,0.000000000000,,gps_back
89.577137561201,6.783183585639,0.000000000000,,gps_back
89.626680009736,6.789625937930,0.000000000000,,gps_back
89.675999717379,6.797826877788,0.000000000000,,gps_back
89.725575644704,6.804061751479,0.000000000000,,gps_back
89.775463586690,6.807001085524,0.000000000000,,gps_back
89.825148692468,6.811511008413,0.000000000000,,gps_back
89.874528456262,6.819346842889,0.000000000000,,gps_back
89.923932509200,6.827028078344,0.000000000000,,gps_back
89.973330608984,6.834746917723,0.000000000000,,gps_back
90.022714449026,6.842557344933,0.000000000000,,gps_back
90.072116902725,6.850248754271,0.000000000000,,gps_back
90.121779427404,6.855460864934,0.000000000000,,gps_back
90.171530559935,6.860003610578,0.000000000000,,gps_back
90.220059383025,6.871087997264,0.000000000000,,gps_back
90.268745920708,6.880202713515,0.000000000000,,gps_back
90.318657164126,6.883086476326,0.000000000000,,gps_back
90.368265870574,6.888854973691,0.000000000000,,gps_back
90.417603431202,6.896952678223,0.000000000000,,gps_back
90.466940991829,6.905050382754,0.000000000000,,gps_back
90.516278552457,6.913148087286,0.000000000000,,gps_back
90.565616113084,6.921245791818,0.000000000000,,gps_back
90.614683650765,6.930738558456,0.000000000000,,gps_back
90.662795763695,6.944098587894,0.000000000000,,gps_back
90.711084358407,6.956603691839,0.000000000000,,gps_back
90.760314442204,6.965316162692,0.000000000000,,gps_back
90.809657667176,6.973377831277,0.000000000000,,gps_back
90.858980109604,6.981562474032,0.000000000000,,gps_back
90.907865047285,6.991879521733,0.000000000000,,gps_back
90.955889795966,7.005682932111,0.000000000000,,gps_back
91.004364646601,7.017305231828,0.000000000000,,gps_back
91.053709880018,7.025354857125,0.000000000000,,gps_back
91.102974068980,7.033880707945,0.000000000000,,gps_back
91.151300359420,7.046203716068,0.000000000000,,gps_back
91.199425946084,7.059536095604,0.000000000000,,gps_back
91.248524967164,7.068812478476,0.000000000000,,gps_back
91.297916419970,7.076573144229,0.000000000000,,gps_back
91.347263147368,7.084613771518,0.000000000000,,gps_back
91.396570181967,7.092894520529,0.000000000000,,gps_back
91.446214953938,7.097500922690,0.000000000000,,gps_back
91.496129716063,7.099966428770,0.000000000000,,gps_back
91.545754877351,7.105769981134,0.000000000000,,gps_back
91.595079874649,7.113925465284,0.000000000000,,gps_back
91.644352794354,7.122405197387,0.000000000000,,gps_back
91.693715474431,7.130340842223,0.000000000000,,gps_back
91.743113587218,7.138059708408,0.000000000000,,gps_back
91.792275912324,7.147083313576,0.000000000000,,gps_back
91.840447588665,7.160149196222,0.000000000000,,gps_back
91.888777852031,7.172462307069,0.000000000000,,gps_back
91.938074665526,7.180777005226,0.000000000000,,gps_back
91.987465051866,7.188545390425,0.000000000000,,gps_back
92.037110840412,7.193967895582,0.000000000000,,gps_back
92.087023704845,7.196870480857,0.000000000000,,gps_back
92.136659086129,7.202275494574,0.000000000000,,gps_back
92.186304501868,7.207682772127,0.000000000000,,gps_back
92.236239897662,7.210088593045,0.000000000000,,gps_back
92.285918544250,7.214910545268,0.000000000000,,gps_back
92.335293869577,7.222770750080,0.000000000000,,gps_back
92.384603344033,7.231036119221,0.000000000000,,gps_back
92.433934999963,7.239164808912,0.000000000000,,gps_back
92.483277883289,7.247227680233,0.000000000000,,gps_back
92.532571417756,7.255588468051,0.000000000000,,gps_back
92.581899373894,7.263738753806,0.000000000000,,gps_back
92.631244573972,7.271787746698,0.000000000000,,gps_back
92.680544163556,7.280112870034,0.000000000000,,gps_back
92.729871607377,7.288267885799,0.000000000000,,gps_back
92.779492040175,7.294043154255,0.000000000000,,gps_back
92.829418053589,7.296193223613,0.000000000000,,gps_back
92.879087136405,7.300624594988,0.000000000000,,gps_back
92.928437602961,7.308641875920,0.000000000000,,gps_back
92.977734435402,7.316982081130,0.000000000000,,gps_back
93.027055271232,7.325175524236,0.000000000000,,gps_back
93.076628370828,7.331495978611,0.000000000000,,gps_back
93.126509308664,7.334255376063,0.000000000000,,gps_back
93.176232213790,7.338435291011,0.000000000000,,gps_back
93.225686688764,7.345782889184,0.000000000000,,gps_back
93.275030762273,7.353825455360,0.000000000000,,gps_back
93.324344836237,7.362060870043,0.000000000000,,gps_back
93.373714931505,7.369957256146,0.000000000000,,gps_back
93.423119736570,7.377632953363,0.000000000000,,gps_back
93.472506428606,7.385422183527,0.000000000000,,gps_back
93.521843359009,7.393523134204,0.000000000000,,gps_back
93.571165275103,7.401715588064,0.000000000000,,gps_back
93.620504338623,7.409803509253,0.000000000000,,gps_back
93.669869562209,7.417730567510,0.000000000000,,gps_back
93.719270121494,7.425433012205,0.000000000000,,gps_back
93.768648205156,7.433275015074,0.000000000000,,gps_back
93.817952617121,7.441570029444,0.000000000000,,gps_back
93.867280635889,7.449719846484,0.000000000000,,gps_back
93.916895533754,7.455597702698,0.000000000000,,gps_back
93.966809145432,7.458034791262,0.000000000000,,gps_back
94.016797641190,7.458992909306,0.000000000000,,gps_back
94.066718050867,7.461406823958,0.000000000000,,gps_back
94.116345914692,7.467161158936,0.000000000000,,gps_back
94.165745002731,7.474873202422,0.000000000000,,gps_back
94.215104643518,7.482834509406,0.000000000000,,gps_back
94.264408530011,7.491131688637,0.000000000000,,gps_back
94.313743511374,7.499236054762,0.000000000000,,gps_back
94.363142499380,7.506950102840,0.000000000000,,gps_back
94.412527192697,7.514754357806,0.000000000000,,gps_back
94.461897790389,7.522648121585,0.000000000000,,gps_back
94.511274182902,7.530505550063,0.000000000000,,gps_back
94.560673140007,7.538218944614,0.000000000000,,gps_back
94.610076382459,7.545905360202,0.000000000000,,gps_back
94.659455379939,7.553746054474,0.000000000000,,gps_back
94.708837144861,7.561569221731,0.000000000000,,gps_back
94.758232286975,7.569307929900,0.000000000000,,gps_back
94.807628334772,7.577040857510,0.000000000000,,gps_back
94.857024382568,7.584773785120,0.000000000000,,gps_back
94.906420430365,7.592506712731,0.000000000000,,gps_back
94.955816478162,7.600239640341,0.000000000000,,gps_back
95.004677966783,7.610546129848,0.000000000000,,gps_back
95.052748125045,7.624251328343,0.000000000000,,gps_back
95.101410880760,7.635140135501,0.000000000000,,gps_back
95.150815013037,7.642820890327,0.000000000000,,gps_back
95.200198976025,7.650630410196,0.000000000000,,gps_back
95.249430369918,7.659315650820,0.000000000000,,gps_back
95.298532360925,7.668736992490,0.000000000000,,gps_back
95.347630402092,7.678178923483,0.000000000000,,gps_back
95.396728443260,7.687620854476,0.000000000000,,gps_back
95.445826484427,7.697062785469,0.000000000000,,gps_back
95.494924525595,7.706504716462,0.000000000000,,gps_back
95.544159041823,7.715176517730,0.000000000000,,gps_back
95.593585079590,7.722701879261,0.000000000000,,gps_back
95.642974100402,7.730455918750,0.000000000000,,gps_back
95.692294885568,7.738654491219,0.000000000000,,gps_back
95.741674382351,7.746488366510,0.000000000000,,gps_back
95.791071732064,7.754212129080,0.000000000000,,gps_back
95.840456017700,7.762019794872,0.000000000000,,gps_back
95.889858793317,7.769709045120,0.000000000000,,gps_back
95.939198490733,7.777781562622,0.000000000000,,gps_back
95.988446431324,7.786406480780,0.000000000000,,gps_back
96.037695262534,7.795026520143,0.000000000000,,gps_back
96.087033971582,7.803107235119,0.000000000000,,gps_back
96.136434692235,7.810810250199,0.000000000000,,gps_back
96.185818291452,7.818621521062,0.000000000000,,gps_back
96.235148150773,7.826763115481,0.000000000000,,gps_back
96.284448260619,7.835085769892,0.000000000000,,gps_back
96.333790062079,7.843154468479,0.000000000000,,gps_back
96.383181454412,7.850916499721,0.000000000000,,gps_back
96.432506223067,7.859078819262,0.000000000000,,gps_back
96.481019024220,7.870797398319,0.000000000000,,gps_back
96.529372625482,7.883391426664,0.000000000000,,gps_back
96.578479701269,7.892637397317,0.000000000000,,gps_back
96.627875749064,7.900370324937,0.000000000000,,gps_back
96.677247035326,7.908258459731,0.000000000000,,gps_back
96.726547660108,7.916573506113,0.000000000000,,gps_back
96.775890354283,7.924625429614,0.000000000000,,gps_back
96.825299364653,7.932275013567,0.000000000000,,gps_back
96.874683824999,7.940080741182,0.000000000000,,gps_back
96.924051586456,7.947992241423,0.000000000000,,gps_back
96.973425356113,7.955866079892,0.000000000000,,gps_back
97.022828315058,7.963553373010,0.000000000000,,gps_back
97.072233752771,7.971225301251,0.000000000000,,gps_back
97.121610295613,7.979081413216,0.000000000000,,gps_back
97.170923440448,7.987321313467,0.000000000000,,gps_back
97.220242263527,7.995527520569,0.000000000000,,gps_back
97.269632401845,8.003296273146,0.000000000000,,gps_back
97.319021694574,8.011070784380,0.000000000000,,gps_back
97.368365429114,8.019129598192,0.000000000000,,gps_back
97.417662144610,8.027471059860,0.000000000000,,gps_back
97.466990892891,8.035616384211,0.000000000000,,gps_back
97.516376646286,8.043414553815,0.000000000000,,gps_back
97.565782853266,8.051081977417,0.000000000000,,gps_back
97.615101350699,8.059276190776,0.000000000000,,gps_back
97.664376303230,8.067743681675,0.000000000000,,gps_back
97.713743304257,8.075652816031,0.000000000000,,gps_back
97.763089310774,8.083688619777,0.000000000000,,gps_back
97.812391912186,8.091995989641,0.000000000000,,gps_back
97.861736264107,8.100050683343,0.000000000000,,gps_back
97.911056228987,8.108250412724,0.000000000000,,gps_back
97.960358354860,8.116560134968,0.000000000000,,gps_back
98.009709205905,8.124574714308,0.000000000000,,gps_back
98.059104531884,8.132311353447,0.000000000000,,gps_back
98.108494454660,8.140082164108,0.000000000000,,gps_back
98.157810276029,8.148305371397,0.000000000000,,gps_back
98.207127630062,8.156520682486,0.000000000000,,gps_back
98.256500141755,8.164402092638,0.000000000000,,gps_back
98.305901512521,8.172100232691,0.000000000000,,gps_back
98.355301418080,8.179807847271,0.000000000000,,gps_back
98.404672747079,8.187696592804,0.000000000000,,gps_back
98.453983089132,8.195953914666,0.000000000000,,gps_back
98.503292170083,8.204220179774,0.000000000000,,gps_back
98.552639993532,8.212255071657,0.000000000000,,gps_back
98.601946840051,8.220533986768,0.000000000000,,gps_back
98.651307799523,8.228469719118,0.000000000000,,gps_back
98.700774196509,8.235737152408,0.000000000000,,gps_back
98.750139043365,8.243632877105,0.000000000000,,gps_back
98.798884415147,8.254530619187,0.000000000000,,gps_back
98.847062922947,8.267887590373,0.000000000000,,gps_back
98.896180452155,8.274653129657,0.000000000000,,gps_back
98.945775299954,8.279734118592,0.000000000000,,gps_back
98.994315632421,8.291368712123,0.000000000000,,gps_back
99.043384619116,8.298695262366,0.000000000000,,gps_back
99.092881807996,8.304688531646,0.000000000000,,gps_back
99.141189215371,8.317241605441,0.000000000000,,gps_back
99.189862151639,8.328023513625,0.000000000000,,gps_back
99.239242262443,8.335853807083,0.000000000000,,gps_back
99.288550464915,8.344125840727,0.000000000000,,gps_back
99.337879773884,8.352269194535,0.000000000000,,gps_back
99.387218888983,8.360355942449,0.000000000000,,gps_back
99.436508574463,8.368738890558,0.000000000000,,gps_back
99.485777243133,8.377245711047,0.000000000000,,gps_back
99.535067109298,8.385628115502,0.000000000000,,gps_back
99.584382139390,8.393861779081,0.000000000000,,gps_back
99.633704055484,8.402054232940,0.000000000000,,gps_back
99.683004727654,8.410372826546,0.000000000000,,gps_back
99.732270222875,8.418897448877,0.000000000000,,gps_back
99.781496868039,8.427643321592,0.000000000000,,gps_back
99.830810358651,8.435867742469,0.000000000000,,gps_back
99.880192283059,8.443690083452,0.000000000000,,gps_back
99.929506033699,8.451925502226,0.000000000000,,gps_back
99.978744006353,8.460606854841,0.000000000000,,gps_back
100.028014158099,8.469100345995,0.000000000000,,gps_back
100.077385562533,8.476982394240,0.000000000000,,gps_back
100.126776992942,8.484743497004,0.000000000000,,gps_back
100.176129049338,8.492751603190,0.000000000000,,gps_back
100.225427013820,8.501084520375,0.000000000000,,gps_back
100.274776408791,8.509097934224,0.000000000000,,gps_back
100.324184317371,8.516754696388,0.000000000000,,gps_back
100.373568476453,8.524562255835,0.000000000000,,gps_back
100.422936237910,8.532473756076,0.000000000000,,gps_back
100.472295003135,8.540441037507,0.000000000000,,gps_back
100.521599649759,8.548733033057,0.000000000000,,gps_back
100.570935615694,8.556832439071,0.000000000000,,gps_back
100.620338290769,8.564522413899,0.000000000000,,gps_back
100.669726237517,8.572305486773,0.000000000000,,gps_back
100.719110279725,8.580114189254,0.000000000000,,gps_back
100.768512405607,8.587808123670,0.000000000000,,gps_back
100.816817148267,8.600040207333,0.000000000000,,gps_back
100.864969549642,8.613316157065,0.000000000000,,gps_back
100.914054130063,8.622646321710,0.000000000000,,gps_back
100.963446384961,8.630403438665,0.000000000000,,gps_back
101.012834993551,8.638183710896,0.000000000000,,gps_back
101.062215006355,8.646018313122,0.000000000000,,gps_back
101.111537808350,8.654200603114,0.000000000000,,gps_back
101.160833877003,8.662546907552,0.000000000000,,gps_back
101.210179534403,8.670592282556,0.000000000000,,gps_back
101.259573898248,8.678335249996,0.000000000000,,gps_back
101.308980647917,8.685999498187,0.000000000000,,gps_back
101.358364592502,8.693808428291,0.000000000000,,gps_back
101.407753109848,8.701588449696,0.000000000000,,gps_back
101.457166498728,8.709209600344,0.000000000000,,gps_back
101.506556842491,8.716977058096,0.000000000000,,gps_back
101.555494634021,8.727038918836,0.000000000000,,gps_back
101.603488220429,8.740914020394,0.000000000000,,gps_back
101.652431329647,8.748065987111,0.000000000000,,gps_back
101.702334671098,8.750751934256,0.000000000000,,gps_back
101.751934717111,8.756786198796,0.000000000000,,gps_back
101.800603893701,8.767820878602,0.000000000000,,gps_back
101.848840610099,8.780967405821,0.000000000000,,gps_back
101.897802487317,8.790737322904,0.000000000000,,gps_back
101.947168194338,8.798655442904,0.000000000000,,gps_back
101.996474603530,8.806940234517,0.000000000000,,gps_back
102.045811272214,8.815040267987,0.000000000000,,gps_back
102.095197920353,8.822832319912,0.000000000000,,gps_back
102.144605443370,8.830491483880,0.000000000000,,gps_back
102.193996669595,8.838254246758,0.000000000000,,gps_back
102.243384142486,8.846041481616,0.000000000000,,gps_back
102.292791931219,8.853698758656,0.000000000000,,gps_back
102.342182380703,8.861466061059,0.000000000000,,gps_back
102.391553341333,8.869357571626,0.000000000000,,gps_back
102.440926777514,8.877233563300,0.000000000000,,gps_back
102.490320155280,8.884982913340,0.000000000000,,gps_back
102.539729852022,8.892628122003,0.000000000000,,gps_back
102.589130492340,8.900331391420,0.000000000000,,gps_back
102.638522747238,8.908088508375,0.000000000000,,gps_back
102.687906441539,8.915899798685,0.000000000000,,gps_back
102.736461062578,8.927392364608,0.000000000000,,gps_back
102.784791639680,8.940136034291,0.000000000000,,gps_back
102.833843354078,8.949618368484,0.000000000000,,gps_back
102.883215328107,8.957503512971,0.000000000000,,gps_back
102.932605341699,8.965274070480,0.000000000000,,gps_back
102.982082188351,8.972459612184,0.000000000000,,gps_back
103.031530893201,8.979833636511,0.000000000000,,gps_back
103.080822040811,8.988193570847,0.000000000000,,gps_back
103.130155720229,8.996293187726,0.000000000000,,gps_back
103.179532804230,9.004143404177,0.000000000000,,gps_back
103.228838664280,9.012428995239,0.000000000000,,gps_back
103.278167493429,9.020574918821,0.000000000000,,gps_back
103.327535254888,9.028486419048,0.000000000000,,gps_back
103.376903016346,9.036397919285,0.000000000000,,gps_back
103.426300025238,9.044123042133,0.000000000000,,gps_back
103.475694335581,9.051865951404,0.000000000000,,gps_back
103.525008476165,9.060098585814,0.000000000000,,gps_back
103.574329226568,9.068293653751,0.000000000000,,gps_back
103.623702242836,9.076171898875,0.000000000000,,gps_back
103.673104821632,9.083862280251,0.000000000000,,gps_back
103.722503624322,9.091576985947,0.000000000000,,gps_back
103.771887349674,9.099388208693,0.000000000000,,gps_back
103.821289236847,9.107082959512,0.000000000000,,gps_back
103.870689452348,9.114788705737,0.000000000000,,gps_back
103.920065956304,9.122645185299,0.000000000000,,gps_back
103.969438253752,9.130528290922,0.000000000000,,gps_back
104.018786928368,9.138556715868,0.000000000000,,gps_back
104.068075507049,9.146944858908,0.000000000000,,gps_back
104.117430069262,9.154922430965,0.000000000000,,gps_back
104.166840303973,9.162563825438,0.000000000000,,gps_back
104.216221853026,9.170388117467,0.000000000000,,gps_back
104.265541784481,9.178588723158,0.000000000000,,gps_back
104.314842462831,9.186907657927,0.000000000000,,gps_back
104.364186724475,9.194962616096,0.000000000000,,gps_back
104.412891142564,9.205940832859,0.000000000000,,gps_back
104.461159674097,9.218975243290,0.000000000000,,gps_back
104.510023850834,9.229324262012,0.000000000000,,gps_back
104.559339537228,9.237550606421,0.000000000000,,gps_back
104.608686770594,9.245589146879,0.000000000000,,gps_back
104.657987609761,9.253904335494,0.000000000000,,gps_back
104.707330898058,9.261957655662,0.000000000000,,gps_back
104.756735933826,9.269632817837,0.000000000000,,gps_back
104.806121727419,9.277429764008,0.000000000000,,gps_back
104.855785834364,9.282757818511,0.000000000000,,gps_back
104.905614208830,9.286836736527,0.000000000000,,gps_back
104.954322296988,9.297037343980,0.000000000000,,gps_back
105.002814989807,9.309077744288,0.000000000000,,gps_back
105.051932260943,9.318353312721,0.000000000000,,gps_back
105.101268901105,9.326453349534,0.000000000000,,gps_back
105.150599386354,9.334591808513,0.000000000000,,gps_back
105.199905128168,9.342881049154,0.000000000000,,gps_back
105.249280895636,9.350734022264,0.000000000000,,gps_back
105.298620452376,9.358807794936,0.000000000000,,gps_back
105.348040702463,9.366347460697,0.000000000000,,gps_back
105.397840617026,9.369533001491,0.000000000000,,gps_back
105.447608997270,9.373463502264,0.000000000000,,gps_back
105.497014885815,9.381044168514,0.000000000000,,gps_back
105.546370396726,9.389018522574,0.000000000000,,gps_back
105.595727647593,9.396989455684,0.000000000000,,gps_back
105.645033768190,9.405276251954,0.000000000000,,gps_back
105.694378335694,9.413327760463,0.000000000000,,gps_back
105.743706859842,9.421476844158,0.000000000000,,gps_back
105.793000911007,9.429835315456,0.000000000000,,gps_back
105.842342951158,9.437901743817,0.000000000000,,gps_back
105.891674979353,9.446030075525,0.000000000000,,gps_back
105.940983016664,9.454305609194,0.000000000000,,gps_back
105.990357190569,9.462170337015,0.000000000000,,gps_back
106.039688201351,9.470296200569,0.000000000000,,gps_back
106.088960563140,9.478781602007,0.000000000000,,gps_back
106.138318602490,9.486741323463,0.000000000000,,gps_back
106.187673213037,9.494728069210,0.000000000000,,gps_back
106.236977976577,9.503023026168,0.000000000000,,gps_back
106.286318129823,9.511102264387,0.000000000000,,gps_back
106.335643679991,9.519270027738,0.000000000000,,gps_back
106.384944123585,9.527590706694,0.000000000000,,gps_back
106.434290377457,9.535632225702,0.000000000000,,gps_back
106.483616143196,9.543797578564,0.000000000000,,gps_back
106.532911100977,9.552150701150,0.000000000000,,gps_back
106.582254992856,9.560206209058,0.000000000000,,gps_back
106.631648406986,9.567955369977,0.000000000000,,gps_back
106.681047635603,9.575667881395,0.000000000000,,gps_back
106.730367207758,9.583865561059,0.000000000000,,gps_back
106.779680108503,9.592109194301,0.000000000000,,gps_back
106.829043239914,9.600048834919,0.000000000000,,gps_back
106.878447989784,9.607724533478,0.000000000000,,gps_back
106.927852660164,9.615401512297,0.000000000000,,gps_back
106.977230161710,9.623251628489,0.000000000000,,gps_back
107.026597923169,9.631163128719,0.000000000000,,gps_back
107.075972696429,9.639030665499,0.000000000000,,gps_back
107.125362077518,9.646805884335,0.000000000000,,gps_back
107.174758125315,9.654538811945,0.000000000000,,gps_back
107.224157143671,9.662252724228,0.000000000000,,gps_back
107.273567278813,9.669894965975,0.000000000000,,gps_back
107.322964409240,9.677620299185,0.000000000000,,gps_back
107.372341717817,9.685471910882,0.000000000000,,gps_back
107.421744743551,9.693158432137,0.000000000000,,gps_back
107.471151911314,9.700819484659,0.000000000000,,gps_back
107.520531101967,9.708658830443,0.000000000000,,gps_back
107.569925481749,9.716401124593,0.000000000000,,gps_back
107.619332044747,9.724066518702,0.000000000000,,gps_back
107.668718557662,9.731859642941,0.000000000000,,gps_back
107.718112437160,9.739605804438,0.000000000000,,gps_back
107.767519792211,9.747266152867,0.000000000000,,gps_back
107.816903836824,9.755074332827,0.000000000000,,gps_back
107.866291459663,9.762860183323,0.000000000000,,gps_back
107.915705828245,9.770474823033,0.000000000000,,gps_back
107.965096037048,9.778242954658,0.000000000000,,gps_back
108.014439312873,9.786304786561,0.000000000000,,gps_back
108.063733220041,9.794662547802,0.000000000000,,gps_back
108.113134772436,9.802329708687,0.000000000000,,gps_back
108.162606490951,9.809562033339,0.000000000000,,gps_back
108.212011374130,9.817232592006,0.000000000000,,gps_back
108.261398785972,9.825019795139,0.000000000000,,gps_back
108.310806484211,9.832677840540,0.000000000000,,gps_back
108.360196964028,9.840445376434,0.000000000000,,gps_back
108.409584962780,9.848229270751,0.000000000000,,gps_back
108.458993214464,9.855883571451,0.000000000000,,gps_back
108.508382692620,9.863657042677,0.000000000000,,gps_back
108.557762092135,9.871495461345,0.000000000000,,gps_back
108.607165692758,9.879179337343,0.000000000000,,gps_back
108.656563388843,9.886901089187,0.000000000000,,gps_back
108.705826307086,9.895420146552,0.000000000000,,gps_back
108.754275688202,9.907491549081,0.000000000000,,gps_back
108.802757474190,9.919585763450,0.000000000000,,gps_back
108.851912208430,9.928620546220,0.000000000000,,gps_back
108.901222222178,9.936879315552,0.000000000000,,gps_back
108.950525926256,9.945179148238,0.000000000000,,gps_back
108.999876685491,9.953194981646,0.000000000000,,gps_back
109.049277311225,9.960896648228,0.000000000000,,gps_back
109.098687477370,9.968538553216,0.000000000000,,gps_back
109.148068899277,9.976363605649,0.000000000000,,gps_back
109.197460435026,9.984124293978,0.000000000000,,gps_back
109.246866407193,9.991793554561,0.000000000000,,gps_back
109.296249100844,9.999610432821,0.000000000000,,gps_back
109.345638973783,10.007381833706,0.000000000000,,gps_back
109.395052709315,10.015000763760,0.000000000000,,gps_back
109.444441358294,10.022779063821,0.000000000000,,gps_back
109.493780668048,10.030864811351,0.000000000000,,gps_back
109.543074827563,10.039221672659,0.000000000000,,gps_back
109.592406017056,10.047353528367,0.000000000000,,gps_back
109.641412479141,10.057136059393,0.000000000000,,gps_back
109.689691470361,10.070037228449,0.000000000000,,gps_back
109.738441703404,10.080760568516,0.000000000000,,gps_back
109.787796023772,10.088746354410,0.000000000000,,gps_back
109.837183148833,10.096535533262,0.000000000000,,gps_back
109.886008580747,10.107067366768,0.000000000000,,gps_back
109.934240049592,10.120219639486,0.000000000000,,gps_back
109.983037583728,10.130790661933,0.000000000000,,gps_back
110.032667385338,10.136342902287,0.000000000000,,gps_back
110.082605610429,10.138462197934,0.000000000000,,gps_back
110.132210818943,10.143743043609,0.000000000000,,gps_back
110.181562211774,10.151755939141,0.000000000000,,gps_back
110.230951177089,10.159530950325,0.000000000000,,gps_back
110.280339917769,10.167309092141,0.000000000000,,gps_back
110.329687928113,10.175342047388,0.000000000000,,gps_back
110.378981988208,10.183698328903,0.000000000000,,gps_back
110.427507070947,10.195442339851,0.000000000000,,gps_back
110.475832309655,10.208235663999,0.000000000000,,gps_back
110.524880943224,10.217682639659,0.000000000000,,gps_back
110.574276991020,10.225415567270,0.000000000000,,gps_back
110.623670445144,10.233165032846,0.000000000000,,gps_back
110.673047614557,10.241017245914,0.000000000000,,gps_back
110.722415376014,10.248928746155,0.000000000000,,gps_back
110.771783137472,10.256840246395,0.000000000000,,gps_back
110.821091101857,10.265111092353,0.000000000000,,gps_back
110.870416239339,10.273279616063,0.000000000000,,gps_back
110.919815282888,10.280990871280,0.000000000000,,gps_back
110.969205125291,10.288761365587,0.000000000000,,gps_back
111.018585380618,10.296594260723,0.000000000000,,gps_back
111.067990610071,10.304267786173,0.000000000000,,gps_back
111.117382332937,10.312027242030,0.000000000000,,gps_back
111.166762088901,10.319863504965,0.000000000000,,gps_back
111.216169446379,10.327522717924,0.000000000000,,gps_back
111.265507915488,10.335603580518,0.000000000000,,gps_back
111.314779687988,10.344092219758,0.000000000000,,gps_back
111.364136341858,10.352059437214,0.000000000000,,gps_back
111.412980796486,10.362482787401,0.000000000000,,gps_back
111.461145515233,10.375863272176,0.000000000000,,gps_back
111.509996926159,10.385999527103,0.000000000000,,gps_back
111.559401679241,10.393676405775,0.000000000000,,gps_back
111.608785775678,10.401484996125,0.000000000000,,gps_back
111.658098774242,10.409725276621,0.000000000000,,gps_back
111.707412627631,10.417963772932,0.000000000000,,gps_back
111.756803587277,10.425724752198,0.000000000000,,gps_back
111.806196907691,10.433473500923,0.000000000000,,gps_back
111.855548829212,10.441482453200,0.000000000000,,gps_back
111.904844441098,10.449829256018,0.000000000000,,gps_back
111.954167701122,10.458009332123,0.000000000000,,gps_back
112.003542753570,10.465874733715,0.000000000000,,gps_back
112.052951611287,10.473524450136,0.000000000000,,gps_back
112.102350419364,10.481238652824,0.000000000000,,gps_back
112.151728680586,10.489084316687,0.000000000000,,gps_back
112.201128961041,10.496789070933,0.000000000000,,gps_back
112.250474835672,10.504828184889,0.000000000000,,gps_back
112.299753934090,10.513273745512,0.000000000000,,gps_back
112.349179945549,10.520766199389,0.000000000000,,gps_back
112.398670731067,10.527864334826,0.000000000000,,gps_back
112.448076993850,10.535525159275,0.000000000000,,gps_back
112.496769719021,10.546578921617,0.000000000000,,gps_back
112.545053541615,10.559557189559,0.000000000000,,gps_back
112.594006841551,10.569411352813,0.000000000000,,gps_back
112.643421605616,10.577019855842,0.000000000000,,gps_back
112.692893649990,10.584249087637,0.000000000000,,gps_back
112.742344753689,10.591618797299,0.000000000000,,gps_back
112.791778053577,10.599109817945,0.000000000000,,gps_back
112.841247340059,10.606357376441,0.000000000000,,gps_back
112.890698764163,10.613724982352,0.000000000000,,gps_back
112.940089620944,10.621488721302,0.000000000000,,gps_back
112.989489663737,10.629194301869,0.000000000000,,gps_back
113.038900055272,10.636834861151,0.000000000000,,gps_back
113.088281869144,10.644657350819,0.000000000000,,gps_back
113.137177852813,10.654919402289,0.000000000000,,gps_back
113.185604332049,10.667342770360,0.000000000000,,gps_back
113.234563849223,10.677178845522,0.000000000000,,gps_back
113.283944941610,10.685006229849,0.000000000000,,gps_back
113.333351782534,10.692669504995,0.000000000000,,gps_back
113.382211220267,10.703037635810,0.000000000000,,gps_back
113.430582447277,10.715679058848,0.000000000000,,gps_back
113.479566635923,10.725325473009,0.000000000000,,gps_back
113.528975427247,10.732976170717,0.000000000000,,gps_back
113.578355447544,10.740810167876,0.000000000000,,gps_back
113.627723209002,10.748721668109,0.000000000000,,gps_back
113.677262332473,10.755405739232,0.000000000000,,gps_back
113.727122805168,10.758068443379,0.000000000000,,gps_back
113.776826893087,10.762543983524,0.000000000000,,gps_back
113.826088727735,10.770997035721,0.000000000000,,gps_back
113.875189568500,10.780424397148,0.000000000000,,gps_back
113.924290409266,10.789851758574,0.000000000000,,gps_back
113.973391250031,10.799279120001,0.000000000000,,gps_back
114.022492090797,10.808706481428,0.000000000000,,gps_back
114.071652721152,10.817813329637,0.000000000000,,gps_back
114.120955592482,10.826105062898,0.000000000000,,gps_back
114.170346360462,10.833870778380,0.000000000000,,gps_back
114.219753753173,10.841530875895,0.000000000000,,gps_back
114.269142054146,10.849312429003,0.000000000000,,gps_back
114.318532725112,10.857079253874,0.000000000000,,gps_back
114.367942319469,10.864724987860,0.000000000000,,gps_back
114.417328293296,10.872520559820,0.000000000000,,gps_back
114.466698175675,10.880418807109,0.000000000000,,gps_back
114.516072101128,10.888291735842,0.000000000000,,gps_back
114.565469060637,10.896018081418,0.000000000000,,gps_back
114.614875076002,10.903687039088,0.000000000000,,gps_back
114.664256462650,10.911512253624,0.000000000000,,gps_back
114.713648128067,10.919272187737,0.000000000000,,gps_back
114.763061771528,10.926891778229,0.000000000000,,gps_back
114.812448739406,10.934680887721,0.000000000000,,gps_back
114.861810392862,10.942630350810,0.000000000000,,gps_back
114.911162589995,10.950638319716,0.000000000000,,gps_back
114.960511277505,10.958667936668,0.000000000000,,gps_back
115.009866247328,10.966658788269,0.000000000000,,gps_back
115.059230606406,10.974591443334,0.000000000000,,gps_back
115.108602983826,10.982474052472,0.000000000000,,gps_back
115.157987626983,10.990279338361,0.000000000000,,gps_back
115.207394053779,10.997945239051,0.000000000000,,gps_back
115.256786963854,11.005697270699,0.000000000000,,gps_back
115.306165935705,11.013538497642,0.000000000000,,gps_back
115.355572577036,11.021202177388,0.000000000000,,gps_back
115.404984297318,11.028834076481,0.000000000000,,gps_back
115.454381196343,11.036561469940,0.000000000000,,gps_back
115.503773451241,11.044318586896,0.000000000000,,gps_back
115.553146167750,11.052198498946,0.000000000000,,gps_back
115.602482877920,11.060300545826,0.000000000000,,gps_back
115.651804794014,11.068492999685,0.000000000000,,gps_back
115.701127996873,11.076677700586,0.000000000000,,gps_back
115.750453468617,11.084848716089,0.000000000000,,gps_back
115.799779851560,11.093014232184,0.000000000000,,gps_back
115.849125437170,11.101062345694,0.000000000000,,gps_back
115.898504393661,11.108902933620,0.000000000000,,gps_back
115.947896648559,11.116660050575,0.000000000000,,gps_back
115.997289624011,11.124412577262,0.000000000000,,gps_back
116.046684667534,11.132151912808,0.000000000000,,gps_back
116.096080715331,11.139884840419,0.000000000000,,gps_back
116.145470553772,11.147657264497,0.000000000000,,gps_back
116.194816979198,11.155698413493,0.000000000000,,gps_back
116.244138895291,11.163890867353,0.000000000000,,gps_back
116.293467782294,11.172041173084,0.000000000000,,gps_back
116.342839786494,11.179923800441,0.000000000000,,gps_back
116.392235834291,11.187656728051,0.000000000000,,gps_back
116.441631882087,11.195389655660,0.000000000000,,gps_back
116.491025634329,11.203137223712,0.000000000000,,gps_back
116.540417917579,11.210894160131,0.000000000000,,gps_back
116.589810172477,11.218651277087,0.000000000000,,gps_back
116.639204352626,11.226396119178,0.000000000000,,gps_back
116.688600142597,11.234130693248,0.000000000000,,gps_back
116.737996190394,11.241863620858,0.000000000000,,gps_back
116.787380866845,11.249668627878,0.000000000000,,gps_back
116.836755010606,11.257540179979,0.000000000000,,gps_back
116.886158807740,11.265221728576,0.000000000000,,gps_back
116.935534413399,11.273080396635,0.000000000000,,gps_back
116.984892388416,11.281052499677,0.000000000000,,gps_back
117.034642834856,11.284671519144,0.000000000000,,gps_back
117.084510404841,11.287830539786,0.000000000000,,gps_back
117.134044450310,11.294424275534,0.000000000000,,gps_back
117.183443426699,11.302137568801,0.000000000000,,gps_back
117.232651275996,11.310939626989,0.000000000000,,gps_back
117.281215443719,11.322691478932,0.000000000000,,gps_back
117.329913864846,11.333913888271,0.000000000000,,gps_back
117.379162762201,11.342448117260,0.000000000000,,gps_back
117.428554339211,11.350208552905,0.000000000000,,gps_back
117.477905250123,11.358223514388,0.000000000000,,gps_back
117.527199064119,11.366581133372,0.000000000000,,gps_back
117.576914910826,11.370444328875,0.000000000000,,gps_back
117.626786933805,11.373589189480,0.000000000000,,gps_back
117.675092829733,11.385197609912,0.000000000000,,gps_back
117.723623587088,11.396737948174,0.000000000000,,gps_back
117.773009131352,11.404471963454,0.000000000000,,gps_back
117.822820489192,11.407708355881,0.000000000000,,gps_back
117.872349097227,11.413512069989,0.000000000000,,gps_back
117.921019541228,11.424763786761,0.000000000000,,gps_back
117.969927907781,11.434951475921,0.000000000000,,gps_back
118.019253834546,11.443108004329,0.000000000000,,gps_back
118.068657170996,11.450793410921,0.000000000000,,gps_back
118.117985721304,11.458935556191,0.000000000000,,gps_back
118.167256314291,11.467431134582,0.000000000000,,gps_back
118.216618550917,11.475364392446,0.000000000000,,gps_back
118.266017112779,11.483080762152,0.000000000000,,gps_back
118.315406803075,11.490854189608,0.000000000000,,gps_back
118.364882423980,11.498047272686,0.000000000000,,gps_back
118.414341466778,11.505358868899,0.000000000000,,gps_back
118.463626682738,11.513745806240,0.000000000000,,gps_back
118.513004609493,11.521553736280,0.000000000000,,gps_back
118.562480089812,11.528760981484,0.000000000000,,gps_back
118.611918126038,11.536218173229,0.000000000000,,gps_back
118.661318915100,11.543920383818,0.000000000000,,gps_back
118.710699883109,11.551748848443,0.000000000000,,gps_back
118.760006622952,11.560026323380,0.000000000000,,gps_back
118.809360577606,11.568013797026,0.000000000000,,gps_back
118.858814831302,11.575360524749,0.000000000000,,gps_back
118.908609863353,11.579005270111,0.000000000000,,gps_back
118.958496455077,11.582151072450,0.000000000000,,gps_back
119.008032203318,11.588659006937,0.000000000000,,gps_back
119.056637165412,11.600071513843,0.000000000000,,gps_back
119.104943116349,11.612962691856,0.000000000000,,gps_back
119.153959556205,11.622544800679,0.000000000000,,gps_back
119.203398131665,11.629992956728,0.000000000000,,gps_back
119.252908693740,11.636952923285,0.000000000000,,gps_back
119.302251548204,11.644969464324,0.000000000000,,gps_back
119.351540588659,11.653354852837,0.000000000000,,gps_back
119.400921138776,11.661180175205,0.000000000000,,gps_back
119.450700360872,11.664787265663,0.000000000000,,gps_back
119.500640755358,11.667090568140,0.000000000000,,gps_back
119.549707815660,11.675677135291,0.000000000000,,gps_back
119.598317433342,11.687376399206,0.000000000000,,gps_back
119.647012325041,11.698712204540,0.000000000000,,gps_back
119.696179808533,11.707633580244,0.000000000000,,gps_back
119.745575856330,11.715366507854,0.000000000000,,gps_back
119.794971904126,11.723099435465,0.000000000000,,gps_back
119.844634116447,11.728653896586,0.000000000000,,gps_back
119.894444054614,11.732982394483,0.000000000000,,gps_back
119.944256743794,11.737279335722,0.000000000000,,gps_back
119.993852587942,11.743452535993,0.000000000000,,gps_back
120.043275307622,11.751007981000,0.000000000000,,gps_back
120.092667562520,11.758765097955,0.000000000000,,gps_back
120.141797747081,11.767975190248,0.000000000000,,gps_back
120.190637122905,11.778662094966,0.000000000000,,gps_back
120.239396087045,11.789722435074,0.000000000000,,gps_back
120.288541316903,11.798795709829,0.000000000000,,gps_back
120.338185373194,11.804481439128,0.000000000000,,gps_back
120.387984188975,11.808936285267,0.000000000000,,gps_back
120.437713178968,11.814087583983,0.000000000000,,gps_back
120.487209068955,11.821071296075,0.000000000000,,gps_back
120.536601323853,11.828828413030,0.000000000000,,gps_back
120.585996170831,11.836568997723,0.000000000000,,gps_back
120.635405518280,11.844216233579,0.000000000000,,gps_back
120.684806346868,11.851918212796,0.000000000000,,gps_back
120.734187853520,11.859743288770,0.000000000000,,gps_back
120.783589948076,11.867436484102,0.000000000000,,gps_back
120.832661220641,11.876915639756,0.000000000000,,gps_back
120.880882755536,11.889980701980,0.000000000000,,gps_back
120.929606025210,11.900887450371,0.000000000000,,gps_back
120.978932173193,11.909026210692,0.000000000000,,gps_back
121.028318826841,11.916818284523,0.000000000000,,gps_back
121.077892456143,11.923229826374,0.000000000000,,gps_back
121.127658666490,11.927991322655,0.000000000000,,gps_back
121.177471355670,11.932288263895,0.000000000000,,gps_back
121.227165706616,11.937724970634,0.000000000000,,gps_back
121.276623900225,11.944994214775,0.000000000000,,gps_back
121.325180215022,11.956598260807,0.000000000000,,gps_back
121.373789486915,11.968214182602,0.000000000000,,gps_back
121.423399634328,11.972396171361,0.000000000000,,gps_back
121.472673914548,11.979606669299,0.000000000000,,gps_back
121.521134278732,11.991835075176,0.000000000000,,gps_back
121.570557831177,11.996727219710,0.000000000000,,gps_back
121.620422310612,12.000002193856,0.000000000000,,gps_back
121.669963421998,12.006571295680,0.000000000000,,gps_back
121.719353892286,12.014338917679,0.000000000000,,gps_back
121.768459383966,12.023683496682,0.000000000000,,gps_back
121.816741248532,12.036519855344,0.000000000000,,gps_back
121.865443974488,12.047620149226,0.000000000000,,gps_back
121.914610158846,12.056690883847,0.000000000000,,gps_back
121.962966222240,12.069137475792,0.000000000000,,gps_back
122.011509346851,12.081002222954,0.000000000000,,gps_back
122.060736585635,12.089613320868,0.000000000000,,gps_back
122.110126836754,12.097382347155,0.000000000000,,gps_back
122.159501443096,12.105251000281,0.000000000000,,gps_back
122.208870823752,12.113152375600,0.000000000000,,gps_back
122.257349413860,12.125063990374,0.000000000000,,gps_back
122.305578997286,12.138236427520,0.000000000000,,gps_back
122.354701170708,12.147140972807,0.000000000000,,gps_back
122.403663287997,12.157079422103,0.000000000000,,gps_back
122.451797207313,12.170515825284,0.000000000000,,gps_back
122.500684045134,12.180561534097,0.000000000000,,gps_back
122.549792336979,12.189912552701,0.000000000000,,gps_back
122.598068334812,12.202763739757,0.000000000000,,gps_back
122.646693742356,12.214256248252,0.000000000000,,gps_back
122.695587056677,12.224706394620,0.000000000000,,gps_back
122.743822770353,12.237749022030,0.000000000000,,gps_back
122.791779015109,12.251889965998,0.000000000000,,gps_back
122.839807425257,12.265782794175,0.000000000000,,gps_back
122.888800793841,12.275339421394,0.000000000000,,gps_back
122.938196841638,12.283072349005,0.000000000000,,gps_back
122.987592889434,12.290805276615,0.000000000000,,gps_back
123.036986583983,12.298553214830,0.000000000000,,gps_back
123.086378966788,12.306309517214,0.000000000000,,gps_back
123.135771221686,12.314066634168,0.000000000000,,gps_back
123.185184595756,12.321687524306,0.000000000000,,gps_back
123.234614760844,12.329199206180,0.000000000000,,gps_back
123.284048239288,12.336689127155,0.000000000000,,gps_back
123.333316865252,12.345170511724,0.000000000000,,gps_back
123.382202467462,12.355606971750,0.000000000000,,gps_back
123.430953773339,12.366701018920,0.000000000000,,gps_back
123.479796573435,12.377381434015,0.000000000000,,gps_back
123.529007931177,12.386136421260,0.000000000000,,gps_back
123.578360912037,12.394139607347,0.000000000000,,gps_back
123.627656010450,12.402488740429,0.000000000000,,gps_back
123.676648166656,12.412419513159,0.000000000000,,gps_back
123.725520747166,12.422966483421,0.000000000000,,gps_back
123.774393327675,12.433513453682,0.000000000000,,gps_back
123.823562061244,12.442521595533,0.000000000000,,gps_back
123.872911055002,12.450546494410,0.000000000000,,gps_back
123.922282759896,12.458433348234,0.000000000000,,gps_back
123.971665708737,12.466249348324,0.000000000000,,gps_back
124.021059271158,12.473998096776,0.000000000000,,gps_back
124.070455318954,12.481731024386,0.000000000000,,gps_back
124.119660281418,12.490568373968,0.000000000000,,gps_back
124.168546662632,12.501023289697,0.000000000000,,gps_back
124.217331572272,12.511968621979,0.000000000000,,gps_back
124.266266788596,12.522210198831,0.000000000000,,gps_back
124.315570166623,12.530434873724,0.000000000000,,gps_back
124.365003645067,12.537924794707,0.000000000000,,gps_back
124.414437123510,12.545414715690,0.000000000000,,gps_back
124.463418620440,12.555314382848,0.000000000000,,gps_back
124.512180848441,12.566360064878,0.000000000000,,gps_back
124.560932154318,12.577454112049,0.000000000000,,gps_back
124.610074217350,12.586568957909,0.000000000000,,gps_back
124.659485978230,12.594188827079,0.000000000000,,gps_back
124.708941436830,12.601532213355,0.000000000000,,gps_back
124.757936456538,12.611357187142,0.000000000000,,gps_back
124.805796846765,12.625637805401,0.000000000000,,gps_back
124.854642028707,12.635598690036,0.000000000000,,gps_back
124.904099915416,12.642924322762,0.000000000000,,gps_back
124.953537634608,12.650384733952,0.000000000000,,gps_back
125.002365381212,12.660951839328,0.000000000000,,gps_back
125.050444468618,12.674614679649,0.000000000000,,gps_back
125.098358071959,12.688899134160,0.000000000000,,gps_back
125.146295862224,12.703102504214,0.000000000000,,gps_back
125.194247544054,12.717258891197,0.000000000000,,gps_back
125.242159579974,12.731548556185,0.000000000000,,gps_back
125.290132484751,12.745631724231,0.000000000000,,gps_back
125.338755628741,12.757161059510,0.000000000000,,gps_back
125.387634790922,12.767677485321,0.000000000000,,gps_back
125.436513953103,12.778193911132,0.000000000000,,gps_back
125.484927973963,12.790613931664,0.000000000000,,gps_back
125.532961732049,12.804482305605,0.000000000000,,gps_back
125.580917976807,12.818623249564,0.000000000000,,gps_back
125.628440284082,12.834132745988,0.000000000000,,gps_back
125.675268389295,12.851624477469,0.000000000000,,gps_back
125.721884288885,12.869700030372,0.000000000000,,gps_back
125.768832023662,12.886884466395,0.000000000000,,gps_back
125.816504614842,12.901905221728,0.000000000000,,gps_back
125.864418989945,12.916187391238,0.000000000000,,gps_back
125.912283488287,12.930635407269,0.000000000000,,gps_back
125.959489196020,12.947058740677,0.000000000000,,gps_back
126.006432456835,12.964266238212,0.000000000000,,gps_back
126.053375717650,12.981473735746,0.000000000000,,gps_back
126.100606051996,12.997867543450,0.000000000000,,gps_back
126.147630250703,13.014841203710,0.000000000000,,gps_back
126.193427534141,13.034817899805,0.000000000000,,gps_back
126.238777986706,13.055867939223,0.000000000000,,gps_back
126.284201280903,13.076760035482,0.000000000000,,gps_back
126.330517760421,13.095535737852,0.000000000000,,gps_back
126.377186962581,13.113473220315,0.000000000000,,gps_back
126.423856164741,13.131410702778,0.000000000000,,gps_back
126.469342118102,13.152078926809,0.000000000000,,gps_back
126.514512136169,13.173511968922,0.000000000000,,gps_back
126.560172687128,13.193870145671,0.000000000000,,gps_back
126.605535820530,13.214880372201,0.000000000000,,gps_back
126.650582964610,13.236571124437,0.000000000000,,gps_back
126.696173614041,13.257075677911,0.000000000000,,gps_back
126.742541506358,13.275756793352,0.000000000000,,gps_back
126.789729382441,13.292243127474,0.000000000000,,gps_back
126.835439548615,13.312289793129,0.000000000000,,gps_back
126.880385268071,13.334190494679,0.000000000000,,gps_back
126.925254094003,13.356248394147,0.000000000000,,gps_back
126.970746152806,13.376967957063,0.000000000000,,gps_back
127.016412399289,13.397323376440,0.000000000000,,gps_back
127.061486563321,13.418942654388,0.000000000000,,gps_back
127.106396900324,13.440915850501,0.000000000000,,gps_back
127.151081719419,13.463341426438,0.000000000000,,gps_back
127.193737901720,13.489307327203,0.000000000000,,gps_back
127.236716028804,13.514819134103,0.000000000000,,gps_back
127.281156853308,13.537685985697,0.000000000000,,gps_back
127.326645645717,13.558413264937,0.000000000000,,gps_back
127.372283650148,13.578831702253,0.000000000000,,gps_back
127.417481279876,13.600199609716,0.000000000000,,gps_back
127.460903616509,13.624891008359,0.000000000000,,gps_back
127.503172821810,13.651587796119,0.000000000000,,gps_back
127.547325298511,13.674893442029,0.000000000000,,gps_back
127.591151372465,13.698906856115,0.000000000000,,gps_back
127.633450091613,13.725532668445,0.000000000000,,gps_back
127.675418270521,13.752706719435,0.000000000000,,gps_back
127.717991519473,13.778914207021,0.000000000000,,gps_back
127.762264665917,13.802065197699,0.000000000000,,gps_back
127.805692228026,13.826771053115,0.000000000000,,gps_back
127.848117145221,13.853221207853,0.000000000000,,gps_back
127.892241678578,13.876611841624,0.000000000000,,gps_back
127.935396698029,13.901765327904,0.000000000000,,gps_back
127.976259279103,13.930519150722,0.000000000000,,gps_back
128.017788917395,13.958324011940,0.000000000000,,gps_back
128.059766002376,13.985484460374,0.000000000000,,gps_back
128.101667461534,14.012761387955,0.000000000000,,gps_back
128.144530046017,14.038475823638,0.000000000000,,gps_back
128.187598252392,14.063869838325,0.000000000000,,gps_back
128.229785355430,14.090686101368,0.000000000000,,gps_back
128.271737725692,14.117884619952,0.000000000000,,gps_back
128.313739063594,14.145007576094,0.000000000000,,gps_back
128.355688780999,14.172210229994,0.000000000000,,gps_back
128.397082231757,14.200245953180,0.000000000000,,gps_back
128.437608908937,14.229518123102,0.000000000000,,gps_back
128.478997017843,14.257542416225,0.000000000000,,gps_back
128.520485179856,14.285441799844,0.000000000000,,gps_back
128.560974043645,14.314759915708,0.000000000000,,gps_back
128.601295724935,14.344321733964,0.000000000000,,gps_back
128.641716504715,14.373748367067,0.000000000000,,gps_back
128.682151430251,14.403155585641,0.000000000000,,gps_back
128.722456489233,14.432740239238,0.000000000000,,gps_back
128.762525200177,14.462643900128,0.000000000000,,gps_back
128.803866752784,14.490725578804,0.000000000000,,gps_back
128.844884601461,14.519299870604,0.000000000000,,gps_back
128.882670289426,14.551920017719,0.000000000000,,gps_back
128.921937221458,14.582772583616,0.000000000000,,gps_back
128.963473959766,14.610566539255,0.000000000000,,gps_back
129.004139004008,14.639619310456,0.000000000000,,gps_back
129.043079514764,14.670955421802,0.000000000000,,gps_back
129.080257860264,14.704363520739,0.000000000000,,gps_back
129.118720838042,14.736265371765,0.000000000000,,gps_back
129.158083412455,14.767092149769,0.000000000000,,gps_back
129.197540921178,14.797798382242,0.000000000000,,gps_back
129.236016585205,14.829712574170,0.000000000000,,gps_back
129.273475944076,14.862821474510,0.000000000000,,gps_back
129.310696964557,14.896203555657,0.000000000000,,gps_back
129.347685827888,14.929842054136,0.000000000000,,gps_back
129.384442589953,14.963734395698,0.000000000000,,gps_back
129.422372241634,14.996289974338,0.000000000000,,gps_back
129.460771566336,15.028309638608,0.000000000000,,gps_back
129.499180845751,15.060317371457,0.000000000000,,gps_back
129.536619927598,15.093442783872,0.000000000000,,gps_back
129.573512467521,15.127187079283,0.000000000000,,gps_back
129.610247102705,15.161103570007,0.000000000000,,gps_back
129.646950369385,15.195054091687,0.000000000000,,gps_back
129.683653636072,15.229004613360,0.000000000000,,gps_back
129.722874723991,15.259921735564,0.000000000000,,gps_back
129.761088832252,15.292110428603,0.000000000000,,gps_back
129.795880027245,15.327942970825,0.000000000000,,gps_back
129.829571399888,15.364884096375,0.000000000000,,gps_back
129.863735748661,15.401385970902,0.000000000000,,gps_back
129.900663400809,15.435019831769,0.000000000000,,gps_back
129.936243738757,15.470091808167,0.000000000000,,gps_back
129.971065408576,15.505969634447,0.000000000000,,gps_back
130.007286077848,15.540414622010,0.000000000000,,gps_back
130.042587370759,15.575800871788,0.000000000000,,gps_back
130.076646995942,15.612397827443,0.000000000000,,gps_back
130.110321856348,15.649354041987,0.000000000000,,gps_back
130.144058996836,15.686253446444,0.000000000000,,gps_back
130.178006888711,15.722958880058,0.000000000000,,gps_back
130.212006946297,15.759616263320,0.000000000000,,gps_back
130.246745269797,15.795569748864,0.000000000000,,gps_back
130.283009946887,15.829971700871,0.000000000000,,gps_back
130.316471583961,15.867027379395,0.000000000000,,gps_back
130.347645229148,15.906106774051,0.000000000000,,gps_back
130.380832745834,15.943455677550,0.000000000000,,gps_back
130.413471882602,15.981314869066,0.000000000000,,gps_back
130.444448148990,16.020550545747,0.000000000000,,gps_back
130.475019103665,16.060112957676,0.000000000000,,gps_back
130.506107774893,16.099267972545,0.000000000000,,gps_back
130.539289643250,16.136638729417,0.000000000000,,gps_back
130.571433604836,16.174912145526,0.000000000000,,gps_back
130.602410445232,16.214155061043,0.000000000000,,gps_back
130.637623341101,16.249476590515,0.000000000000,,gps_back
130.671654853951,16.286040657559,0.000000000000,,gps_back
130.700202972577,16.326956380941,0.000000000000,,gps_back
130.731770021079,16.365596239310,0.000000000000,,gps_back
130.764815498372,16.403116416859,0.000000000000,,gps_back
130.795984179292,16.442185408488,0.000000000000,,gps_back
130.826483682854,16.481802897166,0.000000000000,,gps_back
130.856922249437,16.521467246813,0.000000000000,,gps_back
130.887455696066,16.561058540785,0.000000000000,,gps_back
130.918025793474,16.600621615085,0.000000000000,,gps_back
130.948596748148,16.640184027015,0.000000000000,,gps_back
130.981207132356,16.678053548783,0.000000000000,,gps_back
131.014047166576,16.715752380451,0.000000000000,,gps_back
131.042292938540,16.756888903411,0.000000000000,,gps_back
131.070749189195,16.797984151784,0.000000000000,,gps_back
131.100937165252,16.837830449140,0.000000000000,,gps_back
131.129133916862,16.879086352002,0.000000000000,,gps_back
131.157173099582,16.920479790958,0.000000000000,,gps_back
131.187186746001,16.960447553655,0.000000000000,,gps_back
131.216027086743,17.001271267696,0.000000000000,,gps_back
131.243619724932,17.042962851729,0.000000000000,,gps_back
131.273435118694,17.083063094783,0.000000000000,,gps_back
131.302912193672,17.123439997439,0.000000000000,,gps_back
131.330468316192,17.165144914562,0.000000000000,,gps_back
131.357537122222,17.207181178044,0.000000000000,,gps_back
131.385361721669,17.248717987585,0.000000000000,,gps_back
131.415342460697,17.288707890306,0.000000000000,,gps_back
131.444199776592,17.329520170153,0.000000000000,,gps_back
131.471398106067,17.371466027354,0.000000000000,,gps_back
131.498416287947,17.413534705991,0.000000000000,,gps_back
131.525485093977,17.455570969472,0.000000000000,,gps_back
131.552553900008,17.497607232953,0.000000000000,,gps_back
131.582053899687,17.537941164975,0.000000000000,,gps_back
131.610768516496,17.578857603592,0.000000000000,,gps_back
131.632695513724,17.623618113446,0.000000000000,,gps_back
131.657416938942,17.666981895897,0.000000000000,,gps_back
131.686886444180,17.707312716431,0.000000000000,,gps_back
131.714995881826,17.748632572991,0.000000000000,,gps_back
131.742129022389,17.790626854435,0.000000000000,,gps_back
131.769129099891,17.832707286745,0.000000000000,,gps_back
131.794444724796,17.875809501383,0.000000000000,,gps_back
131.818763207609,17.919493335357,0.000000000000,,gps_back
131.845015692288,17.962024659318,0.000000000000,,gps_back
131.871935713165,18.004156331350,0.000000000000,,gps_back
131.898976505982,18.046210573980,0.000000000000,,gps_back
131.926045312008,18.088246837463,0.000000000000,,gps_back
131.953061457707,18.130316951171,0.000000000000,,gps_back
131.979939054016,18.172475656309,0.000000000000,,gps_back
132.004617076833,18.215937912451,0.000000000000,,gps_back
132.028061920251,18.260096348682,0.000000000000,,gps_back
132.051855456000,18.304068335986,0.000000000000,,gps_back
132.077039635027,18.347253365853,0.000000000000,,gps_back
132.103771503140,18.389498098997,0.000000000000,,gps_back
132.127709623579,18.433350626420,0.000000000000,,gps_back
132.150965790042,18.477610135172,0.000000000000,,gps_back
132.174769222100,18.521576907171,0.000000000000,,gps_back
132.198133922048,18.565778018053,0.000000000000,,gps_back
132.221800318804,18.609818813916,0.000000000000,,gps_back
132.247976479581,18.652391610761,0.000000000000,,gps_back
132.272874770620,18.695732207340,0.000000000000,,gps_back
132.295775959953,18.740168112099,0.000000000000,,gps_back
132.316363005362,18.785717012244,0.000000000000,,gps_back
132.337458070901,18.831042533249,0.000000000000,,gps_back
132.359850537570,18.875741469093,0.000000000000,,gps_back
132.383516143786,18.919779596937,0.000000000000,,gps_back
132.407260871236,18.963778934552,0.000000000000,,gps_back
132.430437959723,19.008079010645,0.000000000000,,gps_back
132.451382638592,19.053461742381,0.000000000000,,gps_back
132.471258755188,19.099337978997,0.000000000000,,gps_back
132.491246113675,19.145166498384,0.000000000000,,gps_back
132.512325563880,19.190499417549,0.000000000000,,gps_back
132.534890061885,19.235110120134,0.000000000000,,gps_back
132.558673755463,19.279085391331,0.000000000000,,gps_back
132.582476326382,19.323053412928,0.000000000000,,gps_back
132.605346399659,19.367510817247,0.000000000000,,gps_back
132.626477032564,19.412815326172,0.000000000000,,gps_back
132.646675654528,19.458550375265,0.000000000000,,gps_back
132.666731366990,19.504349241026,0.000000000000,,gps_back
132.686046858295,19.550463236800,0.000000000000,,gps_back
132.704060253091,19.597099068171,0.000000000000,,gps_back
132.723597512176,19.643109816191,0.000000000000,,gps_back
132.743650144032,19.688910030405,0.000000000000,,gps_back
132.763705856487,19.734708896169,0.000000000000,,gps_back
132.782565271474,19.781008202216,0.000000000000,,gps_back
132.800900503584,19.827522447262,0.000000000000,,gps_back
132.820573107942,19.873480380822,0.000000000000,,gps_back
132.838493012716,19.920140679224,0.000000000000,,gps_back
132.854189505620,19.967601925722,0.000000000000,,gps_back
132.869652129441,20.015148337060,0.000000000000,,gps_back
132.887199467513,20.061952096046,0.000000000000,,gps_back
132.908868348903,20.106964508280,0.000000000000,,gps_back
132.926428531276,20.153689777008,0.000000000000,,gps_back
132.942908778792,20.200893005403,0.000000000000,,gps_back
132.962230244040,20.246981005042,0.000000000000,,gps_back
132.980163077731,20.293637076363,0.000000000000,,gps_back
132.996077667380,20.341027662160,0.000000000000,,gps_back
133.011388381999,20.388623203964,0.000000000000,,gps_back
133.025136999023,20.436686629214,0.000000000000,,gps_back
133.036019504692,20.485468256837,0.000000000000,,gps_back
133.052671791547,20.532486458672,0.000000000000,,gps_back
133.071850026089,20.578657329742,0.000000000000,,gps_back
133.088169128467,20.625887533126,0.000000000000,,gps_back
133.102135141277,20.673887871761,0.000000000000,,gps_back
133.115269541851,20.722128977879,0.000000000000,,gps_back
133.132165296949,20.769140700986,0.000000000000,,gps_back
133.148146863396,20.816504537308,0.000000000000,,gps_back
133.159432798282,20.865163066759,0.000000000000,,gps_back
133.172702996982,20.913342216832,0.000000000000,,gps_back
133.187742705459,20.961021317639,0.000000000000,,gps_back
133.203225846273,21.008561089606,0.000000000000,,gps_back
133.218696198512,21.056105120843,0.000000000000,,gps_back
133.234099423375,21.103670944986,0.000000000000,,gps_back
133.249489722586,21.151240960727,0.000000000000,,gps_back
133.264880021797,21.198810976467,0.000000000000,,gps_back
133.280270321009,21.246380992207,0.000000000000,,gps_back
133.295660620220,21.293951007948,0.000000000000,,gps_back
133.311257061443,21.341453713734,0.000000000000,,gps_back
133.328652166956,21.388318677423,0.000000000000,,gps_back
133.345032991510,21.435550540528,0.000000000000,,gps_back
133.360457332959,21.483108499313,0.000000000000,,gps_back
133.375937640780,21.530649180802,0.000000000000,,gps_back
133.392326323825,21.577882383197,0.000000000000,,gps_back
133.409826556346,21.624714881390,0.000000000000,,gps_back
133.427549232485,21.671466078784,0.000000000000,,gps_back
133.445489592205,21.718134030893,0.000000000000,,gps_back
133.464280117473,21.764464388695,0.000000000000,,gps_back
133.483267738291,21.810716285554,0.000000000000,,gps_back
133.501876995457,21.857121263738,0.000000000000,,gps_back
133.517886673477,21.904467899815,0.000000000000,,gps_back
133.533276972683,21.952037915557,0.000000000000,,gps_back
133.548667271890,21.999607931299,0.000000000000,,gps_back
133.564057571098,22.047177947041,0.000000000000,,gps_back
133.579447870308,22.094747962782,0.000000000000,,gps_back
133.594838169517,22.142317978523,0.000000000000,,gps_back
133.607344941734,22.190703160328,0.000000000000,,gps_back
133.618478327528,22.239444340640,0.000000000000,,gps_back
133.633112849633,22.287215319863,0.000000000000,,gps_back
133.646440612839,22.335390489366,0.000000000000,,gps_back
133.657226398873,22.384200394654,0.000000000000,,gps_back
133.671409508731,22.432103378251,0.000000000000,,gps_back
133.685163394729,22.480166898971,0.000000000000,,gps_back
133.696016759089,22.528955129424,0.000000000000,,gps_back
133.706252314357,22.577893878036,0.000000000000,,gps_back
133.716500433742,22.626829996770,0.000000000000,,gps_back
133.726790990636,22.675757205517,0.000000000000,,gps_back
133.740007016106,22.723953979993,0.000000000000,,gps_back
133.754895740197,22.771680784047,0.000000000000,,gps_back
133.766071424717,22.820372749432,0.000000000000,,gps_back
133.776306979985,22.869311498044,0.000000000000,,gps_back
133.786542535253,22.918250246656,0.000000000000,,gps_back
133.796778090514,22.967188995269,0.000000000000,,gps_back
133.806639402142,23.016204170847,0.000000000000,,gps_back
133.815823045169,23.065350308119,0.000000000000,,gps_back
133.823189244915,23.114795410739,0.000000000000,,gps_back
133.829942788776,23.164334752711,0.000000000000,,gps_back
133.838537575775,23.213579318260,0.000000000000,,gps_back
133.848094528852,23.262654439416,0.000000000000,,gps_back
133.858223372478,23.311614874683,0.000000000000,,gps_back
133.868509454024,23.360543022019,0.000000000000,,gps_back
133.878787440429,23.409472875922,0.000000000000,,gps_back
133.889030219257,23.458410110822,0.000000000000,,gps_back
133.895354737093,23.507968630534,0.000000000000,,gps_back
133.900004208600,23.557748316350,0.000000000000,,gps_back
133.904332606210,23.607558231993,0.000000000000,,gps_back
133.908761194408,23.657359346597,0.000000000000,,gps_back
133.913533602096,23.707128499893,0.000000000000,,gps_back
133.922988046218,23.756171850632,0.000000000000,,gps_back
133.931235914869,23.805471511181,0.000000000000,,gps_back
133.936411804214,23.855185302888,0.000000000000,,gps_back
133.940553051449,23.905010711717,0.000000000000,,gps_back
133.944713438330,23.954834956272,0.000000000000,,gps_back
133.949461367226,24.004605945678,0.000000000000,,gps_back
133.957289044764,24.053966129353,0.000000000000,,gps_back
133.966244033997,24.103154846227,0.000000000000,,gps_back
133.967388216120,24.152995574904,0.000000000000,,gps_back
133.966492178221,24.202985092721,0.000000000000,,gps_back
133.965379992221,24.252970338310,0.000000000000,,gps_back
133.968430387229,24.302834558602,0.000000000000,,gps_back
133.971633119688,24.352728072780,0.000000000000,,gps_back
133.971380900079,24.402701062875,0.000000000000,,gps_back
133.970608374431,24.452692668386,0.000000000000,,gps_back
133.969825664258,24.502684210776,0.000000000000,,gps_back
133.968735957982,24.552669817117,0.000000000000,,gps_back
133.970807718209,24.602601122421,0.000000000000,,gps_back
133.974975317185,24.652420613221,0.000000000000,,gps_back
133.974966294221,24.702374425913,0.000000000000,,gps_back
133.973979690109,24.752362367656,0.000000000000,,gps_back
133.973012150009,24.802350681232,0.000000000000,,gps_back
133.972132058680,24.852340596526,0.000000000000,,gps_back
133.971224513118,24.902330031541,0.000000000000,,gps_back
133.970250298503,24.952318209248,0.000000000000,,gps_back
133.969263694390,25.002306150991,0.000000000000,,gps_back
133.968386457756,25.052296105454,0.000000000000,,gps_back
133.967693566779,25.102288924734,0.000000000000,,gps_back
133.962772656266,25.152003711952,0.000000000000,,gps_back
133.957918492042,25.201762982059,0.000000000000,,gps_back
133.956150309204,25.251711549572,0.000000000000,,gps_back
133.951934982034,25.301510761218,0.000000000000,,gps_back
133.945964510107,25.351148076487,0.000000000000,,gps_back
133.941766146234,25.400960501936,0.000000000000,,gps_back
133.937994207356,25.450815694088,0.000000000000,,gps_back
133.933758849715,25.500633195627,0.000000000000,,gps_back
133.928030371871,25.550297412690,0.000000000000,,gps_back
133.921797665949,25.599904990329,0.000000000000,,gps_back
133.915318294970,25.649480958265,0.000000000000,,gps_back
133.908795872381,25.699051369913,0.000000000000,,gps_back
133.902258041657,25.748619751220,0.000000000000,,gps_back
133.895697336448,25.798185109802,0.000000000000,,gps_back
133.889164556575,25.847754155298,0.000000000000,,gps_back
133.880857120140,25.897049819582,0.000000000000,,gps_back
133.869329463298,25.945682146818,0.000000000000,,gps_back
133.860950144369,25.994941420757,0.000000000000,,gps_back
133.852847612523,26.044277616386,0.000000000000,,gps_back
133.841394401032,26.092922395849,0.000000000000,,gps_back
133.832633450720,26.142121610716,0.000000000000,,gps_back
133.825841424927,26.191652377061,0.000000000000,,gps_back
133.819282389960,26.241217955833,0.000000000000,,gps_back
133.809780969453,26.290285917375,0.000000000000,,gps_back
133.798213882878,26.338922451171,0.000000000000,,gps_back
133.786069167178,26.387422519907,0.000000000000,,gps_back
133.773901861950,26.435917098298,0.000000000000,,gps_back
133.761769869061,26.484420523768,0.000000000000,,gps_back
133.748290625078,26.532562780375,0.000000000000,,gps_back
133.735550914187,26.580907800246,0.000000000000,,gps_back
133.723582106823,26.629451043783,0.000000000000,,gps_back
133.711439335638,26.677951587343,0.000000000000,,gps_back
133.699399778415,26.726477982868,0.000000000000,,gps_back
133.687543852783,26.775049577749,0.000000000000,,gps_back
133.673893060415,26.823140053993,0.000000000000,,gps_back
133.659581220679,26.871045382615,0.000000000000,,gps_back
133.645081581051,26.918894358058,0.000000000000,,gps_back
133.630555594096,26.966735380312,0.000000000000,,gps_back
133.616881420808,27.014825126765,0.000000000000,,gps_back
133.604459629783,27.063252523733,0.000000000000,,gps_back
133.596432678963,27.112564174987,0.000000000000,,gps_back
133.589800085310,27.162119351641,0.000000000000,,gps_back
133.583277662728,27.211689763289,0.000000000000,,gps_back
133.572876975690,27.260561393409,0.000000000000,,gps_back
133.561922690887,27.309344173568,0.000000000000,,gps_back
133.554078036792,27.358702906200,0.000000000000,,gps_back
133.551781688703,27.408598543329,0.000000000000,,gps_back
133.548760789514,27.458498968869,0.000000000000,,gps_back
133.542760359269,27.508121269551,0.000000000000,,gps_back
133.532043790766,27.556920052451,0.000000000000,,gps_back
133.521527279063,27.605796945402,0.000000000000,,gps_back
133.514350090295,27.655256818292,0.000000000000,,gps_back
133.507813820249,27.704825404298,0.000000000000,,gps_back
133.501290047602,27.754395638192,0.000000000000,,gps_back
133.494767625019,27.803966049841,0.000000000000,,gps_back
133.484721924269,27.852918583885,0.000000000000,,gps_back
133.474469384758,27.901853296748,0.000000000000,,gps_back
133.472218611564,27.951680942254,0.000000000000,,gps_back
133.463034149192,28.000690010129,0.000000000000,,gps_back
133.454081999811,28.049873296427,0.000000000000,,gps_back
133.452233482147,28.099755357014,0.000000000000,,gps_back
133.443788969383,28.148925167450,0.000000000000,,gps_back
133.433071388753,28.197759134829,0.000000000000,,gps_back
133.425885579046,28.247213878182,0.000000000000,,gps_back
133.415954912255,28.296195332515,0.000000000000,,gps_back
133.404806340390,28.344933438216,0.000000000000,,gps_back
133.398281499899,28.394465025861,0.000000000000,,gps_back
133.390354137469,28.443822073664,0.000000000000,,gps_back
133.378765226678,28.492439093296,0.000000000000,,gps_back
133.370600467646,28.541738641507,0.000000000000,,gps_back
133.365369945456,28.591453316312,0.000000000000,,gps_back
133.363854704820,28.641410054516,0.000000000000,,gps_back
133.356329377093,28.690768123675,0.000000000000,,gps_back
133.345910028242,28.739662436701,0.000000000000,,gps_back
133.338787501239,28.789129365655,0.000000000000,,gps_back
133.332578993741,28.838739869090,0.000000000000,,gps_back
133.326809958240,28.888403363310,0.000000000000,,gps_back
133.320586820499,28.938011815715,0.000000000000,,gps_back
133.313118776785,28.987446424468,0.000000000000,,gps_back
133.301525698564,29.036055776726,0.000000000000,,gps_back
133.292460726456,29.085208662359,0.000000000000,,gps_back
133.285712208923,29.134743516835,0.000000000000,,gps_back
133.279628563031,29.184369456902,0.000000000000,,gps_back
133.273446454214,29.233983420763,0.000000000000,,gps_back
133.266965894097,29.283559204857,0.000000000000,,gps_back
133.259664542721,29.333019932424,0.000000000000,,gps_back
133.252932166598,29.382561522872,0.000000000000,,gps_back
133.247101487024,29.432217062875,0.000000000000,,gps_back
133.237072380240,29.481168685745,0.000000000000,,gps_back
133.227108562882,29.530162642447,0.000000000000,,gps_back
133.225289044175,29.580032642956,0.000000000000,,gps_back
133.217705090955,29.629380929892,0.000000000000,,gps_back
133.206642481497,29.678130389170,0.000000000000,,gps_back
133.199973182337,29.727649497921,0.000000000000,,gps_back
133.193929065438,29.777280499392,0.000000000000,,gps_back
133.187850561506,29.826907300193,0.000000000000,,gps_back
133.181767729634,29.876533572104,0.000000000000,,gps_back
133.175684897762,29.926159844015,0.000000000000,,gps_back
133.169602065890,29.975786115926,0.000000000000,,gps_back
133.163519234018,30.025412387837,0.000000000000,,gps_back
133.157436402146,30.075038659748,0.000000000000,,gps_back
133.151353570274,30.124664931659,0.000000000000,,gps_back
133.145021681910,30.174259954503,0.000000000000,,gps_back
133.135629120110,30.223354399452,0.000000000000,,gps_back
133.126162182503,30.272447459808,0.000000000000,,gps_back
133.120321629284,30.322084870937,0.000000000000,,gps_back
133.114369923847,30.371726542414,0.000000000000,,gps_back
133.104202890350,30.420655262387,0.000000000000,,gps_back
133.095143612731,30.469821368343,0.000000000000,,gps_back
133.089379856055,30.519472765220,0.000000000000,,gps_back
133.084122837570,30.569193286210,0.000000000000,,gps_back
133.079027488010,30.618930617536,0.000000000000,,gps_back
133.072180309071,30.668452910579,0.000000000000,,gps_back
133.062693156726,30.717534216360,0.000000000000,,gps_back
133.054588543424,30.766866633697,0.000000000000,,gps_back
133.048942089029,30.816537744668,0.000000000000,,gps_back
133.041822262818,30.866021675458,0.000000000000,,gps_back
133.032513750819,30.915139962912,0.000000000000,,gps_back
133.022950504068,30.964214518630,0.000000000000,,gps_back
133.013387257313,31.013289074347,0.000000000000,,gps_back
133.005383865153,31.062638709208,0.000000000000,,gps_back
132.999155398131,31.112243624956,0.000000000000,,gps_back
132.993580421190,31.161929244155,0.000000000000,,gps_back
132.988208275387,31.211637442843,0.000000000000,,gps_back
132.979885082930,31.260925629999,0.000000000000,,gps_back
132.970419503335,31.310018338154,0.000000000000,,gps_back
132.963413753498,31.359513998707,0.000000000000,,gps_back
132.957165826897,31.409119514442,0.000000000000,,gps_back
132.947986144865,31.458255309216,0.000000000000,,gps_back
132.938350940938,31.507315780697,0.000000000000,,gps_back
132.927747704622,31.556174923656,0.000000000000,,gps_back
132.917328286530,31.605074726853,0.000000000000,,gps_back
132.907672033889,31.654130352376,0.000000000000,,gps_back
132.899265820428,31.703414482952,0.000000000000,,gps_back
132.893583740392,31.753079553509,0.000000000000,,gps_back
132.886841274895,31.802617990785,0.000000000000,,gps_back
132.877360048316,31.851699758415,0.000000000000,,gps_back
132.867258548358,31.900666235148,0.000000000000,,gps_back
132.856598119486,31.949513824430,0.000000000000,,gps_back
132.848678277882,31.998869794454,0.000000000000,,gps_back
132.843079439645,32.048548060476,0.000000000000,,gps_back
132.835365216407,32.097939857676,0.000000000000,,gps_back
132.825973282389,32.147044998308,0.000000000000,,gps_back
132.816410035632,32.196119554025,0.000000000000,,gps_back
132.806846788875,32.245194109742,0.000000000000,,gps_back
132.799344312738,32.294620201155,0.000000000000,,gps_back
132.793185276927,32.344235575800,0.000000000000,,gps_back
132.787706146849,32.393931748750,0.000000000000,,gps_back
132.782346321367,32.443641301564,0.000000000000,,gps_back
132.772981645314,32.492733425215,0.000000000000,,gps_back
132.762920517244,32.541708278101,0.000000000000,,gps_back
132.752834595175,32.590678083935,0.000000000000,,gps_back
132.743519565330,32.639799584140,0.000000000000,,gps_back
132.737744103601,32.689447609368,0.000000000000,,gps_back
132.731526447314,32.739056233988,0.000000000000,,gps_back
132.722206922669,32.788166235807,0.000000000000,,gps_back
132.712522535228,32.837217029350,0.000000000000,,gps_back
132.702838147786,32.886267822893,0.000000000000,,gps_back
132.693170022886,32.935321824104,0.000000000000,,gps_back
132.683553273358,32.984385920211,0.000000000000,,gps_back
132.673687034403,33.033400374758,0.000000000000,,gps_back
132.663103184096,33.082264367539,0.000000000000,,gps_back
132.654744918391,33.131551611713,0.000000000000,,gps_back
132.649099145590,33.181222219459,0.000000000000,,gps_back
132.643745734335,33.230932466846,0.000000000000,,gps_back
132.638392323083,33.280642714234,0.000000000000,,gps_back
132.633038911828,33.330352961621,0.000000000000,,gps_back
132.627685500569,33.380063209008,0.000000000000,,gps_back
132.622139626787,33.429752307140,0.000000000000,,gps_back
132.616445442058,33.479424654136,0.000000000000,,gps_back
132.607609414353,33.528623092376,0.000000000000,,gps_back
132.597867569671,33.577662151629,0.000000000000,,gps_back
132.589859716534,33.627010316133,0.000000000000,,gps_back
132.582347491149,33.676440312751,0.000000000000,,gps_back
132.574868835120,33.725875496693,0.000000000000,,gps_back
132.567390179090,33.775310680635,0.000000000000,,gps_back
132.561659313062,33.824975068517,0.000000000000,,gps_back
132.556287946745,33.874683351690,0.000000000000,,gps_back
132.554784043071,33.924640508100,0.000000000000,,gps_back
132.552188504331,33.974567859562,0.000000000000,,gps_back
132.543334498514,34.023730862903,0.000000000000,,gps_back
132.534645069498,34.072966716358,0.000000000000,,gps_back
132.528955276090,34.122629579160,0.000000000000,,gps_back
132.522512805881,34.172209036106,0.000000000000,,gps_back
132.513041737840,34.221291310806,0.000000000000,,gps_back
132.504424020824,34.270538996067,0.000000000000,,gps_back
132.498976588488,34.320228262231,0.000000000000,,gps_back
132.492505901700,34.369803263833,0.000000000000,,gps_back
132.483023238562,34.418883807183,0.000000000000,,gps_back
132.474432746134,34.468136203530,0.000000000000,,gps_back
132.468417473318,34.517763855835,0.000000000000,,gps_back
132.462882626984,34.567454179986,0.000000000000,,gps_back
132.457513249609,34.617162682235,0.000000000000,,gps_back
132.450881458934,34.666716701304,0.000000000000,,gps_back
132.443362292395,34.716145099450,0.000000000000,,gps_back
132.435759786407,34.765561388364,0.000000000000,,gps_back
132.428157280420,34.814977677278,0.000000000000,,gps_back
132.418827834397,34.864093707970,0.000000000000,,gps_back
132.408516742707,34.913015858598,0.000000000000,,gps_back
132.402229866994,34.962597107734,0.000000000000,,gps_back
132.396829013532,35.012302017135,0.000000000000,,gps_back
132.386902324115,35.061279962408,0.000000000000,,gps_back
132.376349008829,35.110151156865,0.000000000000,,gps_back
132.366467583595,35.159162082001,0.000000000000,,gps_back
132.357336376082,35.208318326708,0.000000000000,,gps_back
132.351264645679,35.257935814891,0.000000000000,,gps_back
132.343892793759,35.307384014187,0.000000000000,,gps_back
132.334309998398,35.356450008001,0.000000000000,,gps_back
132.326324280470,35.405802023010,0.000000000000,,gps_back
132.320732846572,35.455480710429,0.000000000000,,gps_back
132.315220812716,35.505173591484,0.000000000000,,gps_back
132.309529170126,35.554846219892,0.000000000000,,gps_back
132.304058234319,35.604543607383,0.000000000000,,gps_back
132.298695843763,35.654252879394,0.000000000000,,gps_back
132.293342432505,35.703963126781,0.000000000000,,gps_back
132.287989021245,35.753673374167,0.000000000000,,gps_back
132.278698135521,35.802782657548,0.000000000000,,gps_back
132.268307481107,35.851688192536,0.000000000000,,gps_back
132.262457968807,35.901318861060,0.000000000000,,gps_back
132.257104557549,35.951029108447,0.000000000000,,gps_back
132.251751146290,36.000739355834,0.000000000000,,gps_back
132.246356922899,36.050445189294,0.000000000000,,gps_back
132.240648461106,36.100115811402,0.000000000000,,gps_back
132.233526555699,36.149601540642,0.000000000000,,gps_back
132.223965857473,36.198670712650,0.000000000000,,gps_back
132.215716004612,36.247980351505,0.000000000000,,gps_back
132.210125949317,36.297657806392,0.000000000000,,gps_back
132.204643613717,36.347353974267,0.000000000000,,gps_back
132.198925030591,36.397023485429,0.000000000000,,gps_back
132.190851261568,36.446359017136,0.000000000000,,gps_back
132.181406194030,36.495455056987,0.000000000000,,gps_back
132.174454060978,36.544959594528,0.000000000000,,gps_back
132.168975648673,36.594654690926,0.000000000000,,gps_back
132.160082801071,36.643841579028,0.000000000000,,gps_back
132.149492991189,36.692702961161,0.000000000000,,gps_back
132.143413406513,36.742306615807,0.000000000000,,gps_back
132.138036919394,36.792014319878,0.000000000000,,gps_back
132.132109681735,36.841659070854,0.000000000000,,gps_back
132.125338223074,36.891195427456,0.000000000000,,gps_back
132.116026410098,36.940311842873,0.000000000000,,gps_back
132.107426088196,36.989563280872,0.000000000000,,gps_back
132.101782608158,37.039232924233,0.000000000000,,gps_back
132.096250977665,37.088923622638,0.000000000000,,gps_back
132.090269922048,37.138562070757,0.000000000000,,gps_back
132.082475425885,37.187945155100,0.000000000000,,gps_back
132.073057770643,37.237045650651,0.000000000000,,gps_back
132.065459705002,37.286458562202,0.000000000000,,gps_back
132.059596682540,37.336108861937,0.000000000000,,gps_back
132.054149842652,37.385808888723,0.000000000000,,gps_back
132.048790318231,37.435518473591,0.000000000000,,gps_back
132.039992887739,37.484723748357,0.000000000000,,gps_back
132.030247581563,37.533762092224,0.000000000000,,gps_back
132.023927001788,37.583346131290,0.000000000000,,gps_back
132.018517691692,37.633050005726,0.000000000000,,gps_back
132.012872852491,37.682727918051,0.000000000000,,gps_back
132.006484492694,37.732315266750,0.000000000000,,gps_back
131.996140512697,37.781215560639,0.000000000000,,gps_back
131.987248890881,37.830412736894,0.000000000000,,gps_back
131.981598986551,37.880080839202,0.000000000000,,gps_back
131.976245575292,37.929791086589,0.000000000000,,gps_back
131.970892164033,37.979501333975,0.000000000000,,gps_back
131.963300721279,38.028914321096,0.000000000000,,gps_back
131.952828106384,38.077795726193,0.000000000000,,gps_back
131.945463237869,38.127236742736,0.000000000000,,gps_back
131.939989480254,38.176931517586,0.000000000000,,gps_back
131.931136354024,38.226127018910,0.000000000000,,gps_back
131.920540418184,38.274987043511,0.000000000000,,gps_back
131.914106067613,38.324551282765,0.000000000000,,gps_back
131.907593770472,38.374122812597,0.000000000000,,gps_back
131.898061038102,38.423194809498,0.000000000000,,gps_back
131.889042234796,38.472371736406,0.000000000000,,gps_back
131.883062949231,38.522002341685,0.000000000000,,gps_back
131.875602396455,38.571437385877,0.000000000000,,gps_back
131.865932993784,38.620487159122,0.000000000000,,gps_back
131.857899896112,38.669832155642,0.000000000000,,gps_back
131.852013957440,38.719478570306,0.000000000000,,gps_back
131.846542884421,38.769175954005,0.000000000000,,gps_back
131.841181578401,38.818885343439,0.000000000000,,gps_back
131.832031436156,38.868025220764,0.000000000000,,gps_back
131.821405104602,38.916879392216,0.000000000000,,gps_back
131.815624447368,38.966519503631,0.000000000000,,gps_back
131.810286852123,39.016231451684,0.000000000000,,gps_back
131.804577804907,39.065901987561,0.000000000000,,gps_back
131.797771919901,39.115433252467,0.000000000000,,gps_back
131.788200081535,39.164499592317,0.000000000000,,gps_back
131.779492011819,39.213731982688,0.000000000000,,gps_back
131.773521311835,39.263365652615,0.000000000000,,gps_back
131.765703220397,39.312744436113,0.000000000000,,gps_back
131.756040595892,39.361797020547,0.000000000000,,gps_back
131.748544986687,39.411224867665,0.000000000000,,gps_back
131.743039841317,39.460915759199,0.000000000000,,gps_back
131.737488353607,39.510604242051,0.000000000000,,gps_back
131.731790100334,39.560276127125,0.000000000000,,gps_back
131.722859308480,39.609460562894,0.000000000000,,gps_back
131.713100725047,39.658496374745,0.000000000000,,gps_back
131.706529147710,39.708051156144,0.000000000000,,gps_back
131.700312156438,39.757660793883,0.000000000000,,gps_back
131.691007617384,39.806776700270,0.000000000000,,gps_back
131.681966566506,39.855949899092,0.000000000000,,gps_back
131.676333281144,39.905619532230,0.000000000000,,gps_back
131.670877419261,39.955318630757,0.000000000000,,gps_back
131.664927148352,40.004960770759,0.000000000000,,gps_back
131.657086002702,40.054336809294,0.000000000000,,gps_back
131.646566634154,40.103209797167,0.000000000000,,gps_back
131.639059365159,40.152631751707,0.000000000000,,gps_back
131.633565095918,40.202324109385,0.000000000000,,gps_back
131.627984809763,40.252009357853,0.000000000000,,gps_back
131.622283800836,40.301680932697,0.000000000000,,gps_back
131.613019837535,40.350802241606,0.000000000000,,gps_back
131.603233452096,40.399832739503,0.000000000000,,gps_back
131.596995077798,40.449429107692,0.000000000000,,gps_back
131.590454982917,40.498996905123,0.000000000000,,gps_back
131.580887362083,40.548063189575,0.000000000000,,gps_back
131.571899700825,40.597245852653,0.000000000000,,gps_back
131.565924495095,40.646878117416,0.000000000000,,gps_back
131.560366233675,40.696565849634,0.000000000000,,gps_back
131.555023865816,40.746277252362,0.000000000000,,gps_back
131.547155696478,40.795646654795,0.000000000000,,gps_back
131.536620589196,40.844516791279,0.000000000000,,gps_back
131.529549120427,40.894001049870,0.000000000000,,gps_back
131.524093969892,40.943698851052,0.000000000000,,gps_back
131.518484903604,40.993380850093,0.000000000000,,gps_back
131.512697172221,41.043042383613,0.000000000000,,gps_back
131.503130945794,41.092105038868,0.000000000000,,gps_back
131.493441006753,41.141154714214,0.000000000000,,gps_back
131.487450402212,41.190781500717,0.000000000000,,gps_back
131.481655655357,41.240442230180,0.000000000000,,gps_back
131.475646666245,41.290077463780,0.000000000000,,gps_back
131.467813305338,41.339455102171,0.000000000000,,gps_back
131.458362125050,41.388549621463,0.000000000000,,gps_back
131.450660816078,41.437947869147,0.000000000000,,gps_back
131.444560475085,41.487570349290,0.000000000000,,gps_back
131.439049482036,41.537263197290,0.000000000000,,gps_back
131.433687574849,41.586972519221,0.000000000000,,gps_back
131.424088909895,41.636026017143,0.000000000000,,gps_back
131.413773790273,41.684947932269,0.000000000000,,gps_back
131.407745221623,41.734566571863,0.000000000000,,gps_back
131.402143732258,41.784249467846,0.000000000000,,gps_back
131.396773765490,41.833957891865,0.000000000000,,gps_back
131.391192645267,41.883643049765,0.000000000000,,gps_back
131.385197244777,41.933279840695,0.000000000000,,gps_back
131.377120908221,41.982617674985,0.000000000000,,gps_back
131.367649062448,42.031708758538,0.000000000000,,gps_back
131.360359564242,42.081168234416,0.000000000000,,gps_back
131.354554429460,42.130826463700,0.000000000000,,gps_back
131.349138105675,42.180529831957,0.000000000000,,gps_back
131.343781870481,42.230239774033,0.000000000000,,gps_back
131.333807538588,42.279216138463,0.000000000000,,gps_back
131.323764150528,42.328194630070,0.000000000000,,gps_back
131.317471263353,42.377784354274,0.000000000000,,gps_back
131.310095444835,42.427233635211,0.000000000000,,gps_back
131.300671156726,42.476332222081,0.000000000000,,gps_back
131.292507887641,42.525657515916,0.000000000000,,gps_back
131.286380532141,42.575275590842,0.000000000000,,gps_back
131.278154225214,42.624588218473,0.000000000000,,gps_back
131.268668101804,42.673676846009,0.000000000000,,gps_back
131.261356035510,42.723133253924,0.000000000000,,gps_back
131.255257839511,42.772756845904,0.000000000000,,gps_back
131.246124400641,42.821906213527,0.000000000000,,gps_back
131.236575021871,42.870983440389,0.000000000000,,gps_back
131.230193039161,42.920564866866,0.000000000000,,gps_back
131.223855498705,42.970159232466,0.000000000000,,gps_back
131.216164374553,43.019560520100,0.000000000000,,gps_back
131.208380391858,43.068948548212,0.000000000000,,gps_back
131.200596409163,43.118336576324,0.000000000000,,gps_back
131.193591776898,43.167840715276,0.000000000000,,gps_back
131.187506991135,43.217466215926,0.000000000000,,gps_back
131.179056847451,43.266740412504,0.000000000000,,gps_back
131.169554380154,43.315826207138,0.000000000000,,gps_back
131.162478081557,43.365316170718,0.000000000000,,gps_back
131.156428925447,43.414946046318,0.000000000000,,gps_back
131.146038882337,43.463838327171,0.000000000000,,gps_back
131.135554975252,43.512724443290,0.000000000000,,gps_back
131.125933786136,43.561787150110,0.000000000000,,gps_back
131.117143025166,43.611005521130,0.000000000000,,gps_back
131.110945805496,43.660613126160,0.000000000000,,gps_back
131.105242383772,43.710284361065,0.000000000000,,gps_back
131.099893392026,43.759995007723,0.000000000000,,gps_back
131.091924078904,43.809348573149,0.000000000000,,gps_back
131.081357862974,43.858212886953,0.000000000000,,gps_back
131.074127129662,43.907676483960,0.000000000000,,gps_back
131.068280803348,43.957330285716,0.000000000000,,gps_back
131.058949971402,44.006440936214,0.000000000000,,gps_back
131.049363826709,44.055511023861,0.000000000000,,gps_back
131.038707265529,44.104359027978,0.000000000000,,gps_back
131.027980830697,44.153192533926,0.000000000000,,gps_back
131.017254395865,44.202026039874,0.000000000000,,gps_back
131.006941100296,44.250948345076,0.000000000000,,gps_back
130.997106192289,44.299969038572,0.000000000000,,gps_back
130.986877038494,44.348909000325,0.000000000000,,gps_back
130.976179475667,44.397748702912,0.000000000000,,gps_back
130.966236851087,44.446747374876,0.000000000000,,gps_back
130.956653429230,44.495817928963,0.000000000000,,gps_back
130.946331255706,44.544738079226,0.000000000000,,gps_back
130.935681846646,44.593588386412,0.000000000000,,gps_back
130.925957137596,44.642630581418,0.000000000000,,gps_back
130.916343202271,44.691695230523,0.000000000000,,gps_back
130.905766565133,44.740560745432,0.000000000000,,gps_back
130.895090010688,44.789405180130,0.000000000000,,gps_back
130.884366505949,44.838239328189,0.000000000000,,gps_back
130.875754062107,44.887486542932,0.000000000000,,gps_back
130.870212408174,44.937170495526,0.000000000000,,gps_back
130.860575969088,44.986218430198,0.000000000000,,gps_back
130.845718063430,45.033941364131,0.000000000000,,gps_back
130.839119458515,45.083456309483,0.000000000000,,gps_back
130.837860476535,45.133426768739,0.000000000000,,gps_back
130.830377605327,45.182840766211,0.000000000000,,gps_back
130.819774530056,45.231697534182,0.000000000000,,gps_back
130.809100126509,45.280542438641,0.000000000000,,gps_back
130.798582517648,45.329421335019,0.000000000000,,gps_back
130.788979319329,45.378487703400,0.000000000000,,gps_back
130.779940413759,45.427661409249,0.000000000000,,gps_back
130.773790235729,45.477275677086,0.000000000000,,gps_back
130.768030844333,45.526940493505,0.000000000000,,gps_back
130.762660888477,45.576648892721,0.000000000000,,gps_back
130.757307477218,45.626359140108,0.000000000000,,gps_back
130.751954065960,45.676069387495,0.000000000000,,gps_back
130.744093768782,45.725442482145,0.000000000000,,gps_back
130.733535816179,45.774309683794,0.000000000000,,gps_back
130.726212556947,45.823763172407,0.000000000000,,gps_back
130.720413571810,45.873422603860,0.000000000000,,gps_back
130.710038144961,45.922322557190,0.000000000000,,gps_back
130.700204639205,45.971343437520,0.000000000000,,gps_back
130.694065515486,46.020957157404,0.000000000000,,gps_back
130.683749634573,46.069871068596,0.000000000000,,gps_back
130.667928085264,46.117288131259,0.000000000000,,gps_back
130.652922316692,46.164980434014,0.000000000000,,gps_back
130.643182616463,46.214010257590,0.000000000000,,gps_back
130.634222202850,46.263198325117,0.000000000000,,gps_back
130.628103090670,46.312817395920,0.000000000000,,gps_back
130.624177062474,46.362659197593,0.000000000000,,gps_back
130.623068527566,46.412642149244,0.000000000000,,gps_back
130.617691605319,46.462343681886,0.000000000000,,gps_back
130.607366987301,46.511257059399,0.000000000000,,gps_back
130.600403310884,46.560763916485,0.000000000000,,gps_back
130.595010990700,46.610469372106,0.000000000000,,gps_back
130.583506654676,46.659114913425,0.000000000000,,gps_back
130.569755101379,46.707183129127,0.000000000000,,gps_back
130.558096376899,46.755801299743,0.000000000000,,gps_back
130.547350005716,46.804630237133,0.000000000000,,gps_back
130.541575960762,46.854287504217,0.000000000000,,gps_back
130.536215708378,46.903996993560,0.000000000000,,gps_back
130.525702532429,46.952870449810,0.000000000000,,gps_back
130.516076554511,47.001932493961,0.000000000000,,gps_back
130.510632263619,47.051628980721,0.000000000000,,gps_back
130.503959414297,47.101178976837,0.000000000000,,gps_back
130.493314880445,47.150026991671,0.000000000000,,gps_back
130.483132753375,47.198976818517,0.000000000000,,gps_back
130.473557140410,47.248048884758,0.000000000000,,gps_back
130.468104611414,47.297744738197,0.000000000000,,gps_back
130.467044841770,47.347728017180,0.000000000000,,gps_back
130.461547261634,47.397419026087,0.000000000000,,gps_back
130.455917136600,47.447098693419,0.000000000000,,gps_back
130.450559092289,47.496808428764,0.000000000000,,gps_back
130.443832297674,47.546351191949,0.000000000000,,gps_back
130.433167988867,47.595195734933,0.000000000000,,gps_back
130.422882891404,47.644124062468,0.000000000000,,gps_back
130.413070139774,47.693149301116,0.000000000000,,gps_back
130.405268599623,47.742533890046,0.000000000000,,gps_back
130.399528694683,47.792200356245,0.000000000000,,gps_back
130.390763083532,47.841422174178,0.000000000000,,gps_back
130.380924027796,47.890442015600,0.000000000000,,gps_back
130.374204846640,47.939984659545,0.000000000000,,gps_back
130.368559808213,47.989662484537,0.000000000000,,gps_back
130.367471375694,48.039645434943,0.000000000000,,gps_back
130.366138760245,48.089625336190,0.000000000000,,gps_back
130.360488489350,48.139300142635,0.000000000000,,gps_back
130.353501456680,48.188806973673,0.000000000000,,gps_back
130.343732028359,48.237839858197,0.000000000000,,gps_back
130.335229399155,48.287109018160,0.000000000000,,gps_back
130.329454207839,48.336771102233,0.000000000000,,gps_back
130.320822375908,48.386016953770,0.000000000000,,gps_back
130.310118569329,48.434854934404,0.000000000000,,gps_back
130.303731051402,48.484440729594,0.000000000000,,gps_back
130.298394356867,48.534152669262,0.000000000000,,gps_back
130.292721578886,48.583827472197,0.000000000000,,gps_back
130.286573324068,48.633445657737,0.000000000000,,gps_back
130.276804340570,48.682478297142,0.000000000000,,gps_back
130.267450469365,48.731593169273,0.000000000000,,gps_back
130.261705927907,48.781258427198,0.000000000000,,gps_back
130.254195947561,48.830688534233,0.000000000000,,gps_back
130.243496930202,48.879527133556,0.000000000000,,gps_back
130.235899242965,48.928943273680,0.000000000000,,gps_back
130.230529845256,48.978651436887,0.000000000000,,gps_back
130.221814109825,49.027882722163,0.000000000000,,gps_back
130.211099392703,49.076718554262,0.000000000000,,gps_back
130.204944988044,49.126334705895,0.000000000000,,gps_back
130.199587517094,49.176044484070,0.000000000000,,gps_back
130.189442152584,49.225000732594,0.000000000000,,gps_back
130.178861919456,49.273866114361,0.000000000000,,gps_back
130.169293808001,49.322939669446,0.000000000000,,gps_back
130.160216918741,49.372106493665,0.000000000000,,gps_back
130.154212192457,49.421741833935,0.000000000000,,gps_back
130.146847994180,49.471194108514,0.000000000000,,gps_back
130.137293505437,49.520270169480,0.000000000000,,gps_back
130.131157186557,49.569889364950,0.000000000000,,gps_back
130.130288218851,49.619879379835,0.000000000000,,gps_back
130.123419489171,49.669402554147,0.000000000000,,gps_back
130.113622699446,49.718430772774,0.000000000000,,gps_back
130.106599692440,49.767932675743,0.000000000000,,gps_back
130.100876136857,49.817601108433,0.000000000000,,gps_back
130.091362923175,49.866685384135,0.000000000000,,gps_back
130.081572498831,49.915714529708,0.000000000000,,gps_back
130.075583870927,49.965352253363,0.000000000000,,gps_back
130.069920052144,50.015028087216,0.000000000000,,gps_back
130.064566666411,50.064738337350,0.000000000000,,gps_back
130.059219719953,50.114449280503,0.000000000000,,gps_back
130.053890612499,50.164162120371,0.000000000000,,gps_back
130.047868364113,50.213795627246,0.000000000000,,gps_back
130.039953510279,50.263162851151,0.000000000000,,gps_back
130.032038656444,50.312530075057,0.000000000000,,gps_back
130.024117676513,50.361896219754,0.000000000000,,gps_back
130.014680277137,50.410995054069,0.000000000000,,gps_back
130.003953842305,50.459828560017,0.000000000000,,gps_back
129.993227407473,50.508662065964,0.000000000000,,gps_back
129.982543578095,50.557500545067,0.000000000000,,gps_back
129.981733286690,50.607491651486,0.000000000000,,gps_back
129.980567048487,50.657471068724,0.000000000000,,gps_back
129.969847595911,50.706306003450,0.000000000000,,gps_back
129.960553555826,50.755431267318,0.000000000000,,gps_back
129.955190271354,50.805140286476,0.000000000000,,gps_back
129.948173976342,50.854642160320,0.000000000000,,gps_back
129.937468161594,50.903479570355,0.000000000000,,gps_back
129.929622436864,50.952857255927,0.000000000000,,gps_back
129.924317568986,51.002572167426,0.000000000000,,gps_back
129.921505947530,51.052490359216,0.000000000000,,gps_back
129.920568108462,51.102473965880,0.000000000000,,gps_back
129.912245246229,51.151773768843,0.000000000000,,gps_back
129.902480349329,51.200807156708,0.000000000000,,gps_back
129.896126894409,51.250399450489,0.000000000000,,gps_back
129.890453548947,51.300074188394,0.000000000000,,gps_back
129.885091727847,51.349783470522,0.000000000000,,gps_back
129.878983562636,51.399403780616,0.000000000000,,gps_back
129.868281335991,51.448242112191,0.000000000000,,gps_back
129.859511681490,51.497462957574,0.000000000000,,gps_back
129.854156300136,51.547172989970,0.000000000000,,gps_back
129.848658906423,51.596867514084,0.000000000000,,gps_back
129.842912831983,51.646532917776,0.000000000000,,gps_back
129.834535316067,51.695823419673,0.000000000000,,gps_back
129.824768850712,51.744856866563,0.000000000000,,gps_back
129.817645185418,51.794344146153,0.000000000000,,gps_back
129.811899865525,51.844010615878,0.000000000000,,gps_back
129.805921235280,51.893649493354,0.000000000000,,gps_back
129.799303476502,51.943205844305,0.000000000000,,gps_back
129.789749813207,51.992282205258,0.000000000000,,gps_back
129.780849262912,52.041479881785,0.000000000000,,gps_back
129.774800086246,52.091109890297,0.000000000000,,gps_back
129.767207552023,52.140527035688,0.000000000000,,gps_back
129.757670087918,52.189606189643,0.000000000000,,gps_back
129.749712239848,52.238965833628,0.000000000000,,gps_back
129.743645117047,52.288592962801,0.000000000000,,gps_back
129.735110007286,52.337856541540,0.000000000000,,gps_back
129.725591277018,52.386938580579,0.000000000000,,gps_back
129.718601458135,52.436445061129,0.000000000000,,gps_back
129.712615016525,52.486083042554,0.000000000000,,gps_back
129.706849085871,52.535747004362,0.000000000000,,gps_back
129.700200700641,52.585299036179,0.000000000000,,gps_back
129.690652754923,52.634376438657,0.000000000000,,gps_back
129.681977582517,52.683614316277,0.000000000000,,gps_back
129.675954111384,52.733247249928,0.000000000000,,gps_back
129.668174532272,52.782635282590,0.000000000000,,gps_back
129.658599005722,52.831706781407,0.000000000000,,gps_back
129.650850040096,52.881099667773,0.000000000000,,gps_back
129.644868848591,52.930738246604,0.000000000000,,gps_back
129.639361208254,52.980431637691,0.000000000000,,gps_back
129.634002212894,53.030141267690,0.000000000000,,gps_back
129.628362201445,53.079819802703,0.000000000000,,gps_back
129.622408280149,53.129458599300,0.000000000000,,gps_back
129.612607075768,53.178486175389,0.000000000000,,gps_back
129.603087719013,53.227566230506,0.000000000000,,gps_back
129.597322162807,53.277230080012,0.000000000000,,gps_back
129.590336094385,53.326735831454,0.000000000000,,gps_back
129.580765120656,53.375808850547,0.000000000000,,gps_back
129.570808723344,53.424805022680,0.000000000000,,gps_back
129.560142839282,53.473649930960,0.000000000000,,gps_back
129.552425690759,53.523047157252,0.000000000000,,gps_back
129.547002547296,53.572747614959,0.000000000000,,gps_back
129.538410334496,53.622000319265,0.000000000000,,gps_back
129.527773986634,53.670849922249,0.000000000000,,gps_back
129.520939892634,53.720378235701,0.000000000000,,gps_back
129.514628291207,53.769973242469,0.000000000000,,gps_back
129.505071824272,53.819049099122,0.000000000000,,gps_back
129.495869987245,53.868190105039,0.000000000000,,gps_back
129.489811751255,53.917818922274,0.000000000000,,gps_back
129.482333751093,53.967252363140,0.000000000000,,gps_back
129.472221541311,54.016216747346,0.000000000000,,gps_back
129.462109331530,54.065181131552,0.000000000000,,gps_back
129.452056005023,54.114156195776,0.000000000000,,gps_back
129.444372173905,54.163559130519,0.000000000000,,gps_back
129.438281462953,54.213180482662,0.000000000000,,gps_back
129.428346423680,54.262180971886,0.000000000000,,gps_back
129.417713759761,54.311034653859,0.000000000000,,gps_back
129.408148405445,54.360108797067,0.000000000000,,gps_back
129.398476053810,54.409161649760,0.000000000000,,gps_back
129.387749618978,54.457995155708,0.000000000000,,gps_back
129.377023184146,54.506828661655,0.000000000000,,gps_back
129.366369785108,54.555676025816,0.000000000000,,gps_back
129.358532661069,54.605053861494,0.000000000000,,gps_back
129.353096839923,54.654752684428,0.000000000000,,gps_back
129.344659723967,54.704031790221,0.000000000000,,gps_back
129.334102715266,54.752897827885,0.000000000000,,gps_back
129.327326073599,54.802433781810,0.000000000000,,gps_back
129.321611897168,54.852103812008,0.000000000000,,gps_back
129.316245496642,54.901812602082,0.000000000000,,gps_back
129.310303193904,54.951448617207,0.000000000000,,gps_back
129.299626315835,55.000292129095,0.000000000000,,gps_back
129.290680853906,55.049478696855,0.000000000000,,gps_back
129.285347102788,55.099191040385,0.000000000000,,gps_back
129.279769320869,55.148876547174,0.000000000000,,gps_back
129.273679049222,55.198500527439,0.000000000000,,gps_back
129.265493478296,55.247822940343,0.000000000000,,gps_back
129.255907893370,55.296892974750,0.000000000000,,gps_back
129.245620299105,55.345820743568,0.000000000000,,gps_back
129.235026048007,55.394677421085,0.000000000000,,gps_back
129.228514510713,55.444249219083,0.000000000000,,gps_back
129.222216819544,55.493841847849,0.000000000000,,gps_back
129.211545084728,55.542686386360,0.000000000000,,gps_back
129.202628527709,55.591877957033,0.000000000000,,gps_back
129.197210659796,55.641580001244,0.000000000000,,gps_back
129.189821233666,55.691024383580,0.000000000000,,gps_back
129.179203926973,55.739878248630,0.000000000000,,gps_back
129.171682525202,55.789305123139,0.000000000000,,gps_back
129.166314716431,55.839013761882,0.000000000000,,gps_back
129.160556022585,55.888678669985,0.000000000000,,gps_back
129.154452600018,55.938298932425,0.000000000000,,gps_back
129.145336311980,55.987458399023,0.000000000000,,gps_back
129.135773065225,56.036532954741,0.000000000000,,gps_back
129.126209818470,56.085607510458,0.000000000000,,gps_back
129.116761914284,56.134700721810,0.000000000000,,gps_back
129.110354520431,56.184286087462,0.000000000000,,gps_back
129.103457260204,56.233799841732,0.000000000000,,gps_back
129.092770700256,56.282641648698,0.000000000000,,gps_back
129.083184074399,56.331710484491,0.000000000000,,gps_back
129.075279691255,56.381079385982,0.000000000000,,gps_back
129.067375308112,56.430448287474,0.000000000000,,gps_back
129.059470924969,56.479817188965,0.000000000000,,gps_back
129.051566541825,56.529186090457,0.000000000000,,gps_back
129.043662158682,56.578554991948,0.000000000000,,gps_back
129.035757775539,56.627923893440,0.000000000000,,gps_back
129.027940508840,56.677304638957,0.000000000000,,gps_back
129.022385397807,56.726992734664,0.000000000000,,gps_back
129.017019309949,56.776701572928,0.000000000000,,gps_back
129.011295286014,56.826370269430,0.000000000000,,gps_back
129.004676277816,56.875924363827,0.000000000000,,gps_back
128.995110639424,56.924998451873,0.000000000000,,gps_back
128.985475276808,56.974058879465,0.000000000000,,gps_back
128.975658440817,57.023082964078,0.000000000000,,gps_back
128.966913096605,57.072306059564,0.000000000000,,gps_back
128.961127345733,57.121966329843,0.000000000000,,gps_back
128.953329894527,57.171350527344,0.000000000000,,gps_back
128.943506623859,57.220373611632,0.000000000000,,gps_back
128.933222654676,57.269302124745,0.000000000000,,gps_back
128.922496219844,57.318135630693,0.000000000000,,gps_back
128.911769785012,57.366969136641,0.000000000000,,gps_back
128.901252151106,57.415836692364,0.000000000000,,gps_back
128.895918051967,57.465548993329,0.000000000000,,gps_back
128.890782277738,57.515281896964,0.000000000000,,gps_back
128.884800235075,57.564920410096,0.000000000000,,gps_back
128.878983850918,57.614578527179,0.000000000000,,gps_back
128.873630439659,57.664288774565,0.000000000000,,gps_back
128.868277028403,57.713999021952,0.000000000000,,gps_back
128.862919173174,57.763708785579,0.000000000000,,gps_back
128.857441894815,57.813405515154,0.000000000000,,gps_back
128.851641879514,57.863063538133,0.000000000000,,gps_back
128.843520793459,57.912396032702,0.000000000000,,gps_back
128.833808568676,57.961439106453,0.000000000000,,gps_back
128.826429128388,58.010888039478,0.000000000000,,gps_back
128.820549705218,58.060534172493,0.000000000000,,gps_back
128.811363879794,58.109680601032,0.000000000000,,gps_back
128.801699011135,58.158730367654,0.000000000000,,gps_back
128.795377431979,58.208326621203,0.000000000000,,gps_back
128.789696381797,58.258000436578,0.000000000000,,gps_back
128.784339132563,58.307710043519,0.000000000000,,gps_back
128.778066237129,58.357303709902,0.000000000000,,gps_back
128.767411254510,58.406151602919,0.000000000000,,gps_back
128.758529728975,58.455350327951,0.000000000000,,gps_back
128.752529430056,58.504986508088,0.000000000000,,gps_back
128.747096099092,58.554688033826,0.000000000000,,gps_back
128.741861563569,58.604406843507,0.000000000000,,gps_back
128.733558174229,58.653709128871,0.000000000000,,gps_back
128.724015025714,58.702771895286,0.000000000000,,gps_back
128.720377013452,58.752633220137,0.000000000000,,gps_back
128.719081208271,58.802575391732,0.000000000000,,gps_back
128.708991149832,58.851544313843,0.000000000000,,gps_back
128.699364651741,58.900596583817,0.000000000000,,gps_back
128.694034323922,58.950309308649,0.000000000000,,gps_back
128.688611334045,59.000011960529,0.000000000000,,gps_back
128.682878051926,59.049679814705,0.000000000000,,gps_back
128.677321930089,59.099367791982,0.000000000000,,gps_back
128.672071859404,59.149086947280,0.000000000000,,gps_back
128.668949291772,59.198984703222,0.000000000000,,gps_back
128.667804907751,59.248966316504,0.000000000000,,gps_back
128.664167157268,59.298829089602,0.000000000000,,gps_back
128.658225976251,59.348464830389,0.000000000000,,gps_back
128.648495732454,59.397506034383,0.000000000000,,gps_back
128.637979929385,59.446380459005,0.000000000000,,gps_back
128.630377423398,59.495796747920,0.000000000000,,gps_back
128.622774917412,59.545213036834,0.000000000000,,gps_back
128.615179297144,59.594630375527,0.000000000000,,gps_back
128.607801250087,59.644079124264,0.000000000000,,gps_back
128.602097814445,59.693750422737,0.000000000000,,gps_back
128.596514653380,59.743435361428,0.000000000000,,gps_back
128.591161242129,59.793145608815,0.000000000000,,gps_back
128.585807830874,59.842855856202,0.000000000000,,gps_back
128.580441470374,59.892564675687,0.000000000000,,gps_back
128.574815292695,59.942244717671,0.000000000000,,gps_back
128.568832757834,59.991883167681,0.000000000000,,gps_back
128.563006906403,60.041540259595,0.000000000000,,gps_back
128.557088888715,60.091180509129,0.000000000000,,gps_back
128.547875727913,60.140321922544,0.000000000000,,gps_back
128.538480046738,60.189423402496,0.000000000000,,gps_back
128.532209163686,60.239026180790,0.000000000000,,gps_back
128.526349931480,60.288679207656,0.000000000000,,gps_back
128.520996520228,60.338389455043,0.000000000000,,gps_back
128.515643108975,60.388099702431,0.000000000000,,gps_back
128.510223004897,60.437801881685,0.000000000000,,gps_back
128.503355209926,60.487317070614,0.000000000000,,gps_back
128.492628775094,60.536150576562,0.000000000000,,gps_back
128.481902340262,60.584984082510,0.000000000000,,gps_back
128.471358317679,60.633850908706,0.000000000000,,gps_back
128.464208785623,60.683333565078,0.000000000000,,gps_back
128.458517441150,60.733006198551,0.000000000000,,gps_back
128.453146129183,60.782714514726,0.000000000000,,gps_back
128.447759350337,60.832420955116,0.000000000000,,gps_back
128.441732364051,60.882053663257,0.000000000000,,gps_back
128.434746594980,60.931556857216,0.000000000000,,gps_back
128.425185216090,60.980631322669,0.000000000000,,gps_back
128.416642593123,61.029889942678,0.000000000000,,gps_back
128.410554600888,61.079513877200,0.000000000000,,gps_back
128.402663774503,61.128883262388,0.000000000000,,gps_back
128.393218732156,61.177978163640,0.000000000000,,gps_back
128.385937174343,61.227440523938,0.000000000000,,gps_back
128.380417940210,61.277127819676,0.000000000000,,gps_back
128.371933011585,61.326397078861,0.000000000000,,gps_back
128.361429421979,61.375270285589,0.000000000000,,gps_back
128.354686324853,61.424810654549,0.000000000000,,gps_back
128.348614115417,61.474429422899,0.000000000000,,gps_back
128.338806421731,61.523455709302,0.000000000000,,gps_back
128.328909716767,61.572463657890,0.000000000000,,gps_back
128.318266986536,61.621314250921,0.000000000000,,gps_back
128.309225362783,61.670478774176,0.000000000000,,gps_back
128.303773284965,61.720176699879,0.000000000000,,gps_back
128.296516174097,61.769636891609,0.000000000000,,gps_back
128.285798456964,61.818472298803,0.000000000000,,gps_back
128.275225146829,61.867339178330,0.000000000000,,gps_back
128.265003280554,61.916271661693,0.000000000000,,gps_back
128.258546931824,61.965849918816,0.000000000000,,gps_back
128.252932078397,62.015520408946,0.000000000000,,gps_back
128.243214134528,62.064564121620,0.000000000000,,gps_back
128.233015974294,62.113494524425,0.000000000000,,gps_back
128.227659770063,62.163204469741,0.000000000000,,gps_back
128.222222468274,62.212905380391,0.000000000000,,gps_back
128.216126681366,62.262529275383,0.000000000000,,gps_back
128.208800582067,62.311983855158,0.000000000000,,gps_back
128.199212917387,62.361053550632,0.000000000000,,gps_back
128.189208061229,62.410039615966,0.000000000000,,gps_back
128.178522447917,62.458881800756,0.000000000000,,gps_back
128.168485944276,62.507861601713,0.000000000000,,gps_back
128.158880834030,62.556927699528,0.000000000000,,gps_back
128.148611831610,62.605859292892,0.000000000000,,gps_back
128.137888345570,62.654693445045,0.000000000000,,gps_back
128.127211595477,62.703537837200,0.000000000000,,gps_back
128.116615580560,62.752399419737,0.000000000000,,gps_back
128.106759173259,62.801415935791,0.000000000000,,gps_back
128.096817446704,62.850414849294,0.000000000000,,gps_back
128.086230845791,62.899277798429,0.000000000000,,gps_back
128.077100945566,62.948426820844,0.000000000000,,gps_back
128.071224574124,62.998075186730,0.000000000000,,gps_back
128.063215030181,63.047424849104,0.000000000000,,gps_back
128.053713650294,63.096497216302,0.000000000000,,gps_back
128.048978289653,63.146259199799,0.000000000000,,gps_back
128.047647215417,63.196208451886,0.000000000000,,gps_back
128.039704475884,63.245569136894,0.000000000000,,gps_back
128.030341363273,63.294676689240,0.000000000000,,gps_back
128.023670441449,63.344227244284,0.000000000000,,gps_back
128.017051382648,63.393773264927,0.000000000000,,gps_back
128.006608404149,63.442668145239,0.000000000000,,gps_back
127.996378417410,63.491607912950,0.000000000000,,gps_back
127.986669686216,63.540652591961,0.000000000000,,gps_back
127.978457638887,63.589964781796,0.000000000000,,gps_back
127.973095394110,63.639674066710,0.000000000000,,gps_back
127.967601273203,63.689368923154,0.000000000000,,gps_back
127.961678283392,63.739008380762,0.000000000000,,gps_back
127.952814860461,63.788211293193,0.000000000000,,gps_back
127.942408581557,63.837100151146,0.000000000000,,gps_back
127.936185250235,63.886708390718,0.000000000000,,gps_back
127.930492168768,63.936365769673,0.000000000000,,gps_back
127.920467938346,63.985348206990,0.000000000000,,gps_back
127.910605748697,64.034346345521,0.000000000000,,gps_back
127.905230041808,64.084053877178,0.000000000000,,gps_back
127.898884482147,64.133631173380,0.000000000000,,gps_back
127.888188492934,64.182471233739,0.000000000000,,gps_back
127.877926399006,64.231404005078,0.000000000000,,gps_back
127.868459049105,64.280495951423,0.000000000000,,gps_back
127.860350351779,64.329828054358,0.000000000000,,gps_back
127.854340239507,64.379463158304,0.000000000000,,gps_back
127.848520578175,64.429120969838,0.000000000000,,gps_back
127.842834560353,64.478794203725,0.000000000000,,gps_back
127.837438479211,64.528499835863,0.000000000000,,gps_back
127.831718357902,64.578152104933,0.000000000000,,gps_back
127.821448320940,64.627083534279,0.000000000000,,gps_back
127.810908559938,64.675957200287,0.000000000000,,gps_back
127.801148627573,64.724992750463,0.000000000000,,gps_back
127.792207997392,64.774175822574,0.000000000000,,gps_back
127.786340213794,64.823825997486,0.000000000000,,gps_back
127.778751954302,64.873240228509,0.000000000000,,gps_back
127.769077380267,64.922290784074,0.000000000000,,gps_back
127.761166161267,64.971654396943,0.000000000000,,gps_back
127.755257697523,65.021296862169,0.000000000000,,gps_back
127.746870647302,65.070584836223,0.000000000000,,gps_back
127.737245690705,65.119646847488,0.000000000000,,gps_back
127.726860959470,65.168554052934,0.000000000000,,gps_back
127.716514745641,65.217451521712,0.000000000000,,gps_back
127.710711118306,65.267111044277,0.000000000000,,gps_back
127.704958735794,65.316757340032,0.000000000000,,gps_back
127.694559369062,65.365661196569,0.000000000000,,gps_back
127.685127332637,65.414746196922,0.000000000000,,gps_back
127.679682487690,65.464445522035,0.000000000000,,gps_back
127.672842120212,65.513959765383,0.000000000000,,gps_back
127.662358856422,65.562841914660,0.000000000000,,gps_back
127.654235726389,65.612168255017,0.000000000000,,gps_back
127.648856378636,65.661875625255,0.000000000000,,gps_back
127.643156120306,65.711547199405,0.000000000000,,gps_back
127.636850562676,65.761136490635,0.000000000000,,gps_back
127.627278019376,65.810207964413,0.000000000000,,gps_back
127.616643452165,65.859060554388,0.000000000000,,gps_back
127.607036859588,65.908126641571,0.000000000000,,gps_back
127.597810437999,65.957252457339,0.000000000000,,gps_back
127.592346351527,66.006950658980,0.000000000000,,gps_back
127.586498969499,66.056583665948,0.000000000000,,gps_back
127.575931371543,66.105450601279,0.000000000000,,gps_back
127.566820241339,66.154597758952,0.000000000000,,gps_back
127.561345750087,66.204293169330,0.000000000000,,gps_back
127.554207409382,66.253766267836,0.000000000000,,gps_back
127.543705636455,66.302642770620,0.000000000000,,gps_back
127.535875039470,66.352017490672,0.000000000000,,gps_back
127.530285845295,66.401695705562,0.000000000000,,gps_back
127.521978220127,66.450993727517,0.000000000000,,gps_back
127.511863620801,66.499944706865,0.000000000000,,gps_back
127.505443504343,66.549527292808,0.000000000000,,gps_back
127.500068200207,66.599234924925,0.000000000000,,gps_back
127.494153736794,66.648881437011,0.000000000000,,gps_back
127.487568576032,66.698431105524,0.000000000000,,gps_back
127.477456366250,66.747395489731,0.000000000000,,gps_back
127.467344156469,66.796359873937,0.000000000000,,gps_back
127.457354965345,66.845347841611,0.000000000000,,gps_back
127.448940607549,66.894622929896,0.000000000000,,gps_back
127.443426736780,66.944312934231,0.000000000000,,gps_back
127.435945101554,66.993736774489,0.000000000000,,gps_back
127.425491542544,67.042621453868,0.000000000000,,gps_back
127.418012312585,67.092051749165,0.000000000000,,gps_back
127.412392417658,67.141723792658,0.000000000000,,gps_back
127.403653150787,67.190947497729,0.000000000000,,gps_back
127.393335538597,67.239851812490,0.000000000000,,gps_back
127.387104429250,67.289458871304,0.000000000000,,gps_back
127.381318028489,67.339101859321,0.000000000000,,gps_back
127.371313084936,67.388088203383,0.000000000000,,gps_back
127.361520437625,67.437095936373,0.000000000000,,gps_back
127.356102774233,67.486798820035,0.000000000000,,gps_back
127.349629064266,67.536356389924,0.000000000000,,gps_back
127.339135477627,67.585237402285,0.000000000000,,gps_back
127.330631250566,67.634495530430,0.000000000000,,gps_back
127.325263418301,67.684204202850,0.000000000000,,gps_back
127.319737512104,67.733895520262,0.000000000000,,gps_back
127.313685542331,67.783516284178,0.000000000000,,gps_back
127.304555081673,67.832670286064,0.000000000000,,gps_back
127.293906948114,67.881520318814,0.000000000000,,gps_back
127.283994880496,67.930525597535,0.000000000000,,gps_back
127.274541948629,67.979609501093,0.000000000000,,gps_back
127.268403643836,68.029228691165,0.000000000000,,gps_back
127.262771442076,68.078908037837,0.000000000000,,gps_back
127.257328028863,68.128607747516,0.000000000000,,gps_back
127.250614985982,68.178134405960,0.000000000000,,gps_back
127.239934210723,68.226977714444,0.000000000000,,gps_back
127.229740315723,68.275924695667,0.000000000000,,gps_back
127.220321677711,68.325025198342,0.000000000000,,gps_back
127.212435339353,68.374392902531,0.000000000000,,gps_back
127.206207550443,68.423995929816,0.000000000000,,gps_back
127.197701016153,68.473263233323,0.000000000000,,gps_back
127.188018373999,68.522313874862,0.000000000000,,gps_back
127.177652016670,68.571224976303,0.000000000000,,gps_back
127.167079277981,68.620091119655,0.000000000000,,gps_back
127.157375035118,68.669137978614,0.000000000000,,gps_back
127.148097336101,68.718256835838,0.000000000000,,gps_back
127.141779448349,68.767853454210,0.000000000000,,gps_back
127.134575323690,68.817314973719,0.000000000000,,gps_back
127.124063666750,68.866190760811,0.000000000000,,gps_back
127.115808513658,68.915492373149,0.000000000000,,gps_back
127.110216574838,68.965171200854,0.000000000000,,gps_back
127.102209365537,69.014515010434,0.000000000000,,gps_back
127.091901143042,69.063426619242,0.000000000000,,gps_back
127.084915161034,69.112930647597,0.000000000000,,gps_back
127.079170217254,69.162583608585,0.000000000000,,gps_back
127.069887529563,69.211709404885,0.000000000000,,gps_back
127.059647181188,69.260626041001,0.000000000000,,gps_back
127.053495095545,69.310243632328,0.000000000000,,gps_back
127.046648104155,69.359759479194,0.000000000000,,gps_back
127.036823564022,69.408782360473,0.000000000000,,gps_back
127.026758805107,69.457755966218,0.000000000000,,gps_back
127.016257212403,69.506633787928,0.000000000000,,gps_back
127.007962044284,69.555930214738,0.000000000000,,gps_back
127.001889439890,69.605546414395,0.000000000000,,gps_back
126.992615033707,69.654673662357,0.000000000000,,gps_back
126.982413114178,69.703595625646,0.000000000000,,gps_back
126.976588186590,69.753252553113,0.000000000000,,gps_back
126.970684764581,69.802874869104,0.000000000000,,gps_back
126.960337522587,69.851789761555,0.000000000000,,gps_back
126.951011844389,69.900889452350,0.000000000000,,gps_back
126.945676386862,69.950601623180,0.000000000000,,gps_back
126.940231009239,70.000301770037,0.000000000000,,gps_back
126.934508636313,70.049970865479,0.000000000000,,gps_back
126.928967333488,70.099660474738,0.000000000000,,gps_back
126.923320683976,70.149331111263,0.000000000000,,gps_back
126.914993245911,70.198622854125,0.000000000000,,gps_back
126.904646982158,70.247526093415,0.000000000000,,gps_back
126.897490512363,70.297007183287,0.000000000000,,gps_back
126.891569077633,70.346652583014,0.000000000000,,gps_back
126.886193348624,70.396360420458,0.000000000000,,gps_back
126.880189283001,70.445967211617,0.000000000000,,gps_back
126.869606087903,70.494830222917,0.000000000000,,gps_back
126.860625317404,70.543997037595,0.000000000000,,gps_back
126.855286346819,70.593708825389,0.000000000000,,gps_back
126.849814328077,70.643406062141,0.000000000000,,gps_back
126.844055687526,70.693070974453,0.000000000000,,gps_back
126.838149766232,70.742718592494,0.000000000000,,gps_back
126.832186596237,70.792359079609,0.000000000000,,gps_back
126.826725967123,70.842057640166,0.000000000000,,gps_back
126.821361530932,70.891766583071,0.000000000000,,gps_back
126.815691950510,70.941441761051,0.000000000000,,gps_back
126.810018240580,70.991116337472,0.000000000000,,gps_back
126.804656969533,71.040825732836,0.000000000000,,gps_back
126.799169870464,71.090521073266,0.000000000000,,gps_back
126.793204714844,71.140161574817,0.000000000000,,gps_back
126.787487418365,71.189831115138,0.000000000000,,gps_back
126.781905956226,71.239512074595,0.000000000000,,gps_back
126.774174897824,71.288898450722,0.000000000000,,gps_back
126.763699021274,71.337786288740,0.000000000000,,gps_back
126.753061885028,71.386639312893,0.000000000000,,gps_back
126.742036489300,71.435398597564,0.000000000000,,gps_back
126.728627645136,71.483564449990,0.000000000000,,gps_back
126.715115730000,71.531694518501,0.000000000000,,gps_back
126.703942803382,71.580427118955,0.000000000000,,gps_back
126.693985959090,71.629402053319,0.000000000000,,gps_back
126.687869781727,71.679022974880,0.000000000000,,gps_back
126.680491104610,71.728466465965,0.000000000000,,gps_back
126.670840871547,71.777523862732,0.000000000000,,gps_back
126.660803903966,71.826503176583,0.000000000000,,gps_back
126.650466740080,71.875411639355,0.000000000000,,gps_back
126.642963719834,71.924836887264,0.000000000000,,gps_back
126.637584024852,71.974544243472,0.000000000000,,gps_back
126.631985268338,72.024227428880,0.000000000000,,gps_back
126.625756244952,72.073816856550,0.000000000000,,gps_back
126.615764876432,72.122805860780,0.000000000000,,gps_back
126.606002086867,72.171813855943,0.000000000000,,gps_back
126.600612704768,72.221519911203,0.000000000000,,gps_back
126.594176894821,72.271076242001,0.000000000000,,gps_back
126.583655858049,72.319951034844,0.000000000000,,gps_back
126.575109379732,72.369198616771,0.000000000000,,gps_back
126.569521159969,72.418878824241,0.000000000000,,gps_back
126.561780822028,72.468260994434,0.000000000000,,gps_back
126.551436624268,72.517165551424,0.000000000000,,gps_back
126.544163338925,72.566626138533,0.000000000000,,gps_back
126.538399947914,72.616278007830,0.000000000000,,gps_back
126.529428295090,72.665459911973,0.000000000000,,gps_back
126.519245467245,72.714391926904,0.000000000000,,gps_back
126.512570792958,72.763941971740,0.000000000000,,gps_back
126.505766117642,72.813463343685,0.000000000000,,gps_back
126.496260722003,72.862548886228,0.000000000000,,gps_back
126.487580953674,72.911774750741,0.000000000000,,gps_back
126.481858709868,72.961443864611,0.000000000000,,gps_back
126.476307252287,73.011132312044,0.000000000000,,gps_back
126.470705715734,73.060809708086,0.000000000000,,gps_back
126.462753983220,73.110159497461,0.000000000000,,gps_back
126.452401743811,73.159063300751,0.000000000000,,gps_back
126.444888502721,73.208489953789,0.000000000000,,gps_back
126.438464310974,73.258061744296,0.000000000000,,gps_back
126.429218048324,73.307196857276,0.000000000000,,gps_back
126.420064044320,73.356337259452,0.000000000000,,gps_back
126.413720491981,73.405930811843,0.000000000000,,gps_back
126.406784520539,73.455434697193,0.000000000000,,gps_back
126.397297249353,73.504523576425,0.000000000000,,gps_back
126.388707362525,73.553767918204,0.000000000000,,gps_back
126.382718896360,73.603405572459,0.000000000000,,gps_back
126.377030020542,73.653078380707,0.000000000000,,gps_back
126.371655573979,73.702786327176,0.000000000000,,gps_back
126.366111990144,73.752475685766,0.000000000000,,gps_back
126.360053226622,73.802096231075,0.000000000000,,gps_back
126.351442921898,73.851345532394,0.000000000000,,gps_back
126.342206850128,73.900475020438,0.000000000000,,gps_back
126.335341281925,73.949998010843,0.000000000000,,gps_back
126.328871566429,73.999561330989,0.000000000000,,gps_back
126.319351376009,74.048644254706,0.000000000000,,gps_back
126.310238804930,74.097789994066,0.000000000000,,gps_back
126.304095546774,74.147407881377,0.000000000000,,gps_back
126.296823569976,74.196865890911,0.000000000000,,gps_back
126.287220125891,74.245932479467,0.000000000000,,gps_back
126.277233926197,74.294921862291,0.000000000000,,gps_back
126.266850097090,74.343820876590,0.000000000000,,gps_back
126.259155605910,74.393214344797,0.000000000000,,gps_back
126.253459563950,74.442877058934,0.000000000000,,gps_back
126.244941221005,74.492136020124,0.000000000000,,gps_back
126.234329635091,74.540993673712,0.000000000000,,gps_back
126.224519308674,74.590019337060,0.000000000000,,gps_back
126.215311313396,74.639153006202,0.000000000000,,gps_back
126.208577064932,74.688694266635,0.000000000000,,gps_back
126.202655738416,74.738339571885,0.000000000000,,gps_back
126.197256546722,74.788044726141,0.000000000000,,gps_back
126.190901751561,74.837607769173,0.000000000000,,gps_back
126.180416775363,74.886491335978,0.000000000000,,gps_back
126.171607862791,74.935691986867,0.000000000000,,gps_back
126.165893896438,74.985362029468,0.000000000000,,gps_back
126.160386341746,75.035055398104,0.000000000000,,gps_back
126.154618433607,75.084707673679,0.000000000000,,gps_back
126.145829555970,75.133920705706,0.000000000000,,gps_back
126.135202725158,75.182775295051,0.000000000000,,gps_back
126.125245712612,75.231771436944,0.000000000000,,gps_back
126.115375230411,75.280784828845,0.000000000000,,gps_back
126.105070844831,75.329709122629,0.000000000000,,gps_back
126.094764562393,75.378632689632,0.000000000000,,gps_back
126.084945669301,75.427656650632,0.000000000000,,gps_back
126.075872864246,75.476806081095,0.000000000000,,gps_back
126.070150430574,75.526475189402,0.000000000000,,gps_back
126.064313585491,75.576130938568,0.000000000000,,gps_back
126.058341801215,75.625770509016,0.000000000000,,gps_back
126.052754827677,75.675454941736,0.000000000000,,gps_back
126.046995743804,75.725107336050,0.000000000000,,gps_back
126.038134700756,75.774307809735,0.000000000000,,gps_back
126.027537858560,75.823168448975,0.000000000000,,gps_back
126.017800360458,75.872208676607,0.000000000000,,gps_back
126.008637425886,75.921348796039,0.000000000000,,gps_back
126.002075539208,75.970913941515,0.000000000000,,gps_back
125.995271798351,76.020434192653,0.000000000000,,gps_back
125.985691048924,76.069505313612,0.000000000000,,gps_back
125.975858601726,76.118525313179,0.000000000000,,gps_back
125.965377278237,76.167407923159,0.000000000000,,gps_back
125.956950398364,76.216674872298,0.000000000000,,gps_back
125.951578612341,76.266383115665,0.000000000000,,gps_back
125.946060313725,76.316075270554,0.000000000000,,gps_back
125.940000038653,76.365696278825,0.000000000000,,gps_back
125.931507105442,76.414964472794,0.000000000000,,gps_back
125.922056483088,76.464052529827,0.000000000000,,gps_back
125.915042983404,76.513553193563,0.000000000000,,gps_back
125.909349130495,76.563225450934,0.000000000000,,gps_back
125.903961173121,76.612931963887,0.000000000000,,gps_back
125.898525670097,76.662632871876,0.000000000000,,gps_back
125.892586345837,76.712276516466,0.000000000000,,gps_back
125.886783813838,76.761936014375,0.000000000000,,gps_back
125.881265627694,76.811626503155,0.000000000000,,gps_back
125.874135960658,76.861091547507,0.000000000000,,gps_back
125.863743061612,76.909989783058,0.000000000000,,gps_back
125.855839458444,76.959347885833,0.000000000000,,gps_back
125.850461689393,77.009055466910,0.000000000000,,gps_back
125.844908760675,77.058743782076,0.000000000000,,gps_back
125.839236197375,77.108418537655,0.000000000000,,gps_back
125.833802455322,77.158120057687,0.000000000000,,gps_back
125.828379873903,77.207822507307,0.000000000000,,gps_back
125.822513797318,77.257474847388,0.000000000000,,gps_back
125.816625101756,77.307124055160,0.000000000000,,gps_back
125.811226949811,77.356829338400,0.000000000000,,gps_back
125.804883835181,77.406394500374,0.000000000000,,gps_back
125.794635187480,77.455327684358,0.000000000000,,gps_back
125.786175139174,77.504587993367,0.000000000000,,gps_back
125.780568981499,77.554266390931,0.000000000000,,gps_back
125.772913246652,77.603658113956,0.000000000000,,gps_back
125.762615737615,77.652572120289,0.000000000000,,gps_back
125.755248200099,77.702016799108,0.000000000000,,gps_back
125.749462927687,77.751665746184,0.000000000000,,gps_back
125.740621245541,77.800869066364,0.000000000000,,gps_back
125.730531327753,77.849812909651,0.000000000000,,gps_back
125.724338910898,77.899424398790,0.000000000000,,gps_back
125.718313250756,77.949030316927,0.000000000000,,gps_back
125.708303441521,77.998015613046,0.000000000000,,gps_back
125.698754928174,78.047061381205,0.000000000000,,gps_back
125.693302796811,78.096760320933,0.000000000000,,gps_back
125.686583963970,78.146275637688,0.000000000000,,gps_back
125.676136871281,78.195164866872,0.000000000000,,gps_back
125.667826680879,78.244450978428,0.000000000000,,gps_back
125.662192024854,78.294124568090,0.000000000000,,gps_back
125.654293495063,78.343479614604,0.000000000000,,gps_back
125.644022396173,78.392398492316,0.000000000000,,gps_back
125.636625326864,78.441840922635,0.000000000000,,gps_back
125.630348984561,78.491426548526,0.000000000000,,gps_back
125.620991909416,78.540540452904,0.000000000000,,gps_back
125.611732620663,78.589655820823,0.000000000000,,gps_back
125.605525572207,78.639266707319,0.000000000000,,gps_back
125.598742961355,78.688785193228,0.000000000000,,gps_back
125.588917908844,78.737807981804,0.000000000000,,gps_back
125.578862643170,78.786783229748,0.000000000000,,gps_back
125.568136208338,78.835616735696,0.000000000000,,gps_back
125.557409773506,78.884450241644,0.000000000000,,gps_back
125.547192808813,78.933377578747,0.000000000000,,gps_back
125.540166948750,78.982872249651,0.000000000000,,gps_back
125.534513188440,79.032531954280,0.000000000000,,gps_back
125.525498424329,79.081704541874,0.000000000000,,gps_back
125.515492506471,79.130661003314,0.000000000000,,gps_back
125.509529115541,79.180301069965,0.000000000000,,gps_back
125.503426838448,79.229893507452,0.000000000000,,gps_back
125.493196581375,79.278833140320,0.000000000000,,gps_back
125.482740926139,79.327724623809,0.000000000000,,gps_back
125.472980194916,79.376759784971,0.000000000000,,gps_back
125.464278486778,79.425977165036,0.000000000000,,gps_back
125.458258984498,79.475605828885,0.000000000000,,gps_back
125.450087291365,79.524918384069,0.000000000000,,gps_back
125.439885864648,79.573848677889,0.000000000000,,gps_back
125.432817395123,79.623338473895,0.000000000000,,gps_back
125.427020980104,79.672988350488,0.000000000000,,gps_back
125.418651027080,79.722277624205,0.000000000000,,gps_back
125.409471493630,79.771417280186,0.000000000000,,gps_back
125.402500465400,79.820924715253,0.000000000000,,gps_back
125.395810621132,79.870446200092,0.000000000000,,gps_back
125.385520659526,79.919373266983,0.000000000000,,gps_back
125.376331858259,79.968489887574,0.000000000000,,gps_back
125.370813785629,80.018180684675,0.000000000000,,gps_back
125.363733440378,80.067647758255,0.000000000000,,gps_back
125.353344646878,80.116547934349,0.000000000000,,gps_back
125.345182444597,80.165862731943,0.000000000000,,gps_back
125.339027050146,80.215469546501,0.000000000000,,gps_back
125.330358527270,80.264707363639,0.000000000000,,gps_back
125.321003284675,80.313811150431,0.000000000000,,gps_back
125.314163430617,80.363336325147,0.000000000000,,gps_back
125.307795850454,80.412906309368,0.000000000000,,gps_back
125.298204926474,80.461975367612,0.000000000000,,gps_back
125.289032917445,80.511103288994,0.000000000000,,gps_back
125.283126908922,80.560750789489,0.000000000000,,gps_back
125.277524982934,80.610433492652,0.000000000000,,gps_back
125.272034071851,80.660127338631,0.000000000000,,gps_back
125.265173286426,80.709637082819,0.000000000000,,gps_back
125.255754421410,80.758738444048,0.000000000000,,gps_back
125.247506588056,80.808040965058,0.000000000000,,gps_back
125.241537904814,80.857680932841,0.000000000000,,gps_back
125.235907341987,80.907360395842,0.000000000000,,gps_back
125.230521872066,80.957067127543,0.000000000000,,gps_back
125.224947920430,81.006753092296,0.000000000000,,gps_back
125.218700618831,81.056343881522,0.000000000000,,gps_back
125.209598979330,81.105505103351,0.000000000000,,gps_back
125.200335214791,81.154621651835,0.000000000000,,gps_back
125.193931090637,81.204206522040,0.000000000000,,gps_back
125.188274143252,81.253882955454,0.000000000000,,gps_back
125.182920732001,81.303593202841,0.000000000000,,gps_back
125.177567320747,81.353303450228,0.000000000000,,gps_back
125.172199063412,81.403012085316,0.000000000000,,gps_back
125.166665257764,81.452702149952,0.000000000000,,gps_back
125.160715541729,81.502344470907,0.000000000000,,gps_back
125.155036484994,81.552018353613,0.000000000000,,gps_back
125.149657876063,81.601725848508,0.000000000000,,gps_back
125.144118884952,81.651415700947,0.000000000000,,gps_back
125.138449480955,81.701090820323,0.000000000000,,gps_back
125.132999479035,81.750790551779,0.000000000000,,gps_back
125.127566539222,81.800491846483,0.000000000000,,gps_back
125.121702130779,81.850144351196,0.000000000000,,gps_back
125.115830194298,81.899794820157,0.000000000000,,gps_back
125.110731059852,81.949531792758,0.000000000000,,gps_back
125.104716258585,81.999120717477,0.000000000000,,gps_back
125.094024774075,82.047961821397,0.000000000000,,gps_back
125.083626881697,82.096865591500,0.000000000000,,gps_back
125.073829289555,82.145893895372,0.000000000000,,gps_back
125.064095240313,82.194934825755,0.000000000000,,gps_back
125.054438264543,82.243990909296,0.000000000000,,gps_back
125.044419554546,82.292973618652,0.000000000000,,gps_back
125.034121672609,82.341891989416,0.000000000000,,gps_back
125.026087497074,82.391231571699,0.000000000000,,gps_back
125.019127114695,82.440696767002,0.000000000000,,gps_back
125.007164104772,82.489236355800,0.000000000000,,gps_back
124.994498518421,82.537559266378,0.000000000000,,gps_back
124.986667113959,82.586932823074,0.000000000000,,gps_back
124.980053574526,82.636473825828,0.000000000000,,gps_back
124.970574569834,82.685564707416,0.000000000000,,gps_back
124.961721103373,82.734746923550,0.000000000000,,gps_back
124.956330624256,82.784453123642,0.000000000000,,gps_back
124.951832405651,82.834220472540,0.000000000000,,gps_back
124.950258611116,82.884168756238,0.000000000000,,gps_back
124.943371558838,82.933521791452,0.000000000000,,gps_back
124.928803816497,82.981314906400,0.000000000000,,gps_back
124.919021588264,83.030299537534,0.000000000000,,gps_back
124.913165081061,83.079941613058,0.000000000000,,gps_back
124.904600121793,83.129188919188,0.000000000000,,gps_back
124.894032515673,83.178055867518,0.000000000000,,gps_back
124.884215166770,83.227080065242,0.000000000000,,gps_back
124.875236691951,83.276249421960,0.000000000000,,gps_back
124.869007839939,83.325855772009,0.000000000000,,gps_back
124.862872502549,83.375448230961,0.000000000000,,gps_back
124.853129607884,83.424485328413,0.000000000000,,gps_back
124.842450797250,83.473329265189,0.000000000000,,gps_back
124.831956607559,83.522210724273,0.000000000000,,gps_back
124.823247428833,83.571416732325,0.000000000000,,gps_back
124.817617823496,83.621093118035,0.000000000000,,gps_back
124.810059652902,83.670491580208,0.000000000000,,gps_back
124.799841023623,83.719422240096,0.000000000000,,gps_back
124.792302210404,83.768836617672,0.000000000000,,gps_back
124.786912119901,83.818542843526,0.000000000000,,gps_back
124.781335800358,83.868228536884,0.000000000000,,gps_back
124.775045158441,83.917814207584,0.000000000000,,gps_back
124.766143809126,83.967012032132,0.000000000000,,gps_back
124.757123261846,84.016176289386,0.000000000000,,gps_back
124.750484547774,84.065730846145,0.000000000000,,gps_back
124.743615453176,84.115236490279,0.000000000000,,gps_back
124.734099682546,84.164320174011,0.000000000000,,gps_back
124.725417032631,84.213540635936,0.000000000000,,gps_back
124.719412067342,84.263176373221,0.000000000000,,gps_back
124.713531386873,84.312826934184,0.000000000000,,gps_back
124.706737597186,84.362309546045,0.000000000000,,gps_back
124.694593959761,84.410781160018,0.000000000000,,gps_back
124.680690945021,84.458706714175,0.000000000000,,gps_back
124.673367907418,84.508155145389,0.000000000000,,gps_back
124.667152606337,84.557734546109,0.000000000000,,gps_back
124.657292290399,84.606748256882,0.000000000000,,gps_back
124.646565855567,84.655581762830,0.000000000000,,gps_back
124.636126570302,84.704473984934,0.000000000000,,gps_back
124.627681300736,84.753723252809,0.000000000000,,gps_back
124.622589845438,84.803461002797,0.000000000000,,gps_back
124.617395136329,84.853188019781,0.000000000000,,gps_back
124.611997783668,84.902893438171,0.000000000000,,gps_back
124.606335541065,84.952569114125,0.000000000000,,gps_back
124.600389617661,85.002211725744,0.000000000000,,gps_back
124.594811083499,85.051897081804,0.000000000000,,gps_back
124.588788782415,85.101512665489,0.000000000000,,gps_back
124.579726117929,85.150675144218,0.000000000000,,gps_back
124.569899511406,85.199668652041,0.000000000000,,gps_back
124.563436617629,85.249246572027,0.000000000000,,gps_back
124.556550989307,85.298745053482,0.000000000000,,gps_back
124.546842619312,85.347790719947,0.000000000000,,gps_back
124.538327416143,85.397031135759,0.000000000000,,gps_back
124.532812250720,85.446722664529,0.000000000000,,gps_back
124.525726380197,85.496179900695,0.000000000000,,gps_back
124.515384779089,85.545090281223,0.000000000000,,gps_back
124.507178953636,85.594393103371,0.000000000000,,gps_back
124.500971145615,85.643994119644,0.000000000000,,gps_back
124.492554178811,85.693274608703,0.000000000000,,gps_back
124.483457830681,85.742429145506,0.000000000000,,gps_back
124.476410852482,85.791924881936,0.000000000000,,gps_back
124.469726947600,85.841456719017,0.000000000000,,gps_back
124.460459811667,85.890587808584,0.000000000000,,gps_back
124.451571651761,85.939771066041,0.000000000000,,gps_back
124.445199708736,85.989360958140,0.000000000000,,gps_back
124.438008939237,86.038822783905,0.000000000000,,gps_back
124.428358973992,86.087880299321,0.000000000000,,gps_back
124.418378867143,86.136870450440,0.000000000000,,gps_back
124.407798645099,86.185735533721,0.000000000000,,gps_back
124.397682778552,86.234698446332,0.000000000000,,gps_back
124.388388098692,86.283820600128,0.000000000000,,gps_back
124.380731946157,86.333221017542,0.000000000000,,gps_back
124.374241269594,86.382785877804,0.000000000000,,gps_back
124.365614427381,86.432031227888,0.000000000000,,gps_back
124.355884958947,86.481071995330,0.000000000000,,gps_back
124.345451943379,86.529968784074,0.000000000000,,gps_back
124.335750050110,86.578974685023,0.000000000000,,gps_back
124.330007879769,86.628641116454,0.000000000000,,gps_back
124.323582902037,86.678179643875,0.000000000000,,gps_back
124.313078431897,86.727061248911,0.000000000000,,gps_back
124.302372574113,86.775899265941,0.000000000000,,gps_back
124.291792806817,86.824764447551,0.000000000000,,gps_back
124.281677109489,86.873727388433,0.000000000000,,gps_back
124.272384119780,86.922849859146,0.000000000000,,gps_back
124.264728415184,86.972250274216,0.000000000000,,gps_back
124.258070174594,87.021785423508,0.000000000000,,gps_back
124.248583374089,87.070870428490,0.000000000000,,gps_back
124.238077503319,87.119749930619,0.000000000000,,gps_back
124.228417392797,87.168805484335,0.000000000000,,gps_back
124.218630244680,87.217833896111,0.000000000000,,gps_back
124.208264588757,87.266742702245,0.000000000000,,gps_back
124.200642158864,87.316034215669,0.000000000000,,gps_back
124.199443632469,87.366016356281,0.000000000000,,gps_back
124.196755373920,87.415916015548,0.000000000000,,gps_back
124.190990306721,87.465580184794,0.000000000000,,gps_back
124.185110071526,87.515230835910,0.000000000000,,gps_back
124.179212615496,87.564879153692,0.000000000000,,gps_back
124.173699946910,87.614571921552,0.000000000000,,gps_back
124.167694152565,87.664191578961,0.000000000000,,gps_back
124.159048816401,87.713433705347,0.000000000000,,gps_back
124.150043845443,87.762601885640,0.000000000000,,gps_back
124.143278032450,87.812138113652,0.000000000000,,gps_back
124.137396724488,87.861787907234,0.000000000000,,gps_back
124.132036412225,87.911497410912,0.000000000000,,gps_back
124.126597906281,87.961198215328,0.000000000000,,gps_back
124.120909995949,88.010871283502,0.000000000000,,gps_back
124.115355151074,88.060559311458,0.000000000000,,gps_back
124.109958152787,88.110264775113,0.000000000000,,gps_back
124.104308733046,88.159941926162,0.000000000000,,gps_back
124.098395495552,88.209588468453,0.000000000000,,gps_back
124.092824269194,88.259274643178,0.000000000000,,gps_back
124.087420379016,88.308979333934,0.000000000000,,gps_back
124.081799422074,88.358659999067,0.000000000000,,gps_back
124.076129652208,88.408334965112,0.000000000000,,gps_back
124.070734083906,88.458040649463,0.000000000000,,gps_back
124.064349567291,88.507588946767,0.000000000000,,gps_back
124.054228319638,88.556551443822,0.000000000000,,gps_back
124.045202728890,88.605688946082,0.000000000000,,gps_back
124.039664515557,88.655377681777,0.000000000000,,gps_back
124.032476001898,88.704819780846,0.000000000000,,gps_back
124.021801083279,88.753664471354,0.000000000000,,gps_back
124.011393826194,88.802566736319,0.000000000000,,gps_back
124.001281616413,88.851531120526,0.000000000000,,gps_back
123.991169406631,88.900495504732,0.000000000000,,gps_back
123.980973354290,88.949442227904,0.000000000000,,gps_back
123.970425150172,88.998314447904,0.000000000000,,gps_back
123.960697061391,89.047318791208,0.000000000000,,gps_back
123.954742809029,89.096959630436,0.000000000000,,gps_back
123.949265137747,89.146655772506,0.000000000000,,gps_back
123.943353750498,89.196302751691,0.000000000000,,gps_back
123.937656536887,89.245973765298,0.000000000000,,gps_back
123.932329384393,89.295684960905,0.000000000000,,gps_back
123.925187635729,89.345132605761,0.000000000000,,gps_back
123.914942223595,89.394060496889,0.000000000000,,gps_back
123.907115871134,89.443424053733,0.000000000000,,gps_back
123.901699285383,89.493127312686,0.000000000000,,gps_back
123.895981427252,89.542796745608,0.000000000000,,gps_back
123.889441752393,89.592353846427,0.000000000000,,gps_back
123.880714803658,89.641581928621,0.000000000000,,gps_back
123.871704956832,89.690749742736,0.000000000000,,gps_back
123.864882451885,89.740277896386,0.000000000000,,gps_back
123.858101357084,89.789792670310,0.000000000000,,gps_back
123.848622681223,89.838883609513,0.000000000000,,gps_back
123.839833228129,89.888080594855,0.000000000000,,gps_back
123.833611659637,89.937688644237,0.000000000000,,gps_back
123.826189659242,89.987118853870,0.000000000000,,gps_back
123.816815497211,90.036228550733,0.000000000000,,gps_back
123.808701943006,90.085550659989,0.000000000000,,gps_back
123.802779302809,90.135195929359,0.000000000000,,gps_back
123.797318551192,90.184894125920,0.000000000000,,gps_back
123.791542203634,90.234540559912,0.000000000000,,gps_back
123.782815994400,90.283758762334,0.000000000000,,gps_back
123.773012993828,90.332754701017,0.000000000000,,gps_back
123.766712393210,90.382350996673,0.000000000000,,gps_back
123.761261295921,90.432050077447,0.000000000000,,gps_back
123.755302411707,90.481691183974,0.000000000000,,gps_back
123.748334007123,90.531180752928,0.000000000000,,gps_back
123.738824448889,90.580265634952,0.000000000000,,gps_back
123.730239747115,90.629501130928,0.000000000000,,gps_back
123.724237885161,90.679137241786,0.000000000000,,gps_back
123.718363387838,90.728788525817,0.000000000000,,gps_back
123.712126306830,90.778385721126,0.000000000000,,gps_back
123.703668536229,90.827657318856,0.000000000000,,gps_back
123.694396081526,90.876777363963,0.000000000000,,gps_back
123.687344492512,90.926270139756,0.000000000000,,gps_back
123.680829018747,90.975820234891,0.000000000000,,gps_back
123.671511730324,91.024941348404,0.000000000000,,gps_back
123.662496471472,91.074097164780,0.000000000000,,gps_back
123.656334551317,91.123712962726,0.000000000000,,gps_back
123.650734295743,91.173395825237,0.000000000000,,gps_back
123.645206864803,91.223085966477,0.000000000000,,gps_back
123.638039948586,91.272528655158,0.000000000000,,gps_back
123.627730538161,91.321445592157,0.000000000000,,gps_back
123.619560327105,91.370753170560,0.000000000000,,gps_back
123.613234138341,91.420337101358,0.000000000000,,gps_back
123.604584646422,91.469576767880,0.000000000000,,gps_back
123.595433889030,91.518714766654,0.000000000000,,gps_back
123.588863486882,91.568274122433,0.000000000000,,gps_back
123.583473241964,91.617980249935,0.000000000000,,gps_back
123.577837086689,91.667659200144,0.000000000000,,gps_back
123.571229780391,91.717192358238,0.000000000000,,gps_back
123.561647395236,91.766263023811,0.000000000000,,gps_back
123.552717922901,91.815429985669,0.000000000000,,gps_back
123.546600556976,91.865051440589,0.000000000000,,gps_back
123.539301216509,91.914493917465,0.000000000000,,gps_back
123.529692085997,91.963558148632,0.000000000000,,gps_back
123.521487504848,92.012858707851,0.000000000000,,gps_back
123.515815806728,92.062533598664,0.000000000000,,gps_back
123.510313954155,92.112227568560,0.000000000000,,gps_back
123.504342635335,92.161854307516,0.000000000000,,gps_back
123.495684092989,92.211082945104,0.000000000000,,gps_back
123.485859739031,92.260077524603,0.000000000000,,gps_back
123.479368674197,92.309648025338,0.000000000000,,gps_back
123.473951892300,92.359351272739,0.000000000000,,gps_back
123.468294842107,92.409027848113,0.000000000000,,gps_back
123.461591230851,92.458543845767,0.000000000000,,gps_back
123.451808443485,92.507575091274,0.000000000000,,gps_back
123.443024187412,92.556765778872,0.000000000000,,gps_back
123.437013831474,92.606398450332,0.000000000000,,gps_back
123.429439349800,92.655803251005,0.000000000000,,gps_back
123.419913704759,92.704882412270,0.000000000000,,gps_back
123.411984850292,92.754231802421,0.000000000000,,gps_back
123.405778547711,92.803834490761,0.000000000000,,gps_back
123.397529091648,92.853140953163,0.000000000000,,gps_back
123.388398082393,92.902289911187,0.000000000000,,gps_back
123.381201105059,92.951762272352,0.000000000000,,gps_back
123.375203842522,93.001398956456,0.000000000000,,gps_back
123.369125184685,93.051025619485,0.000000000000,,gps_back
123.362076200874,93.100503706057,0.000000000000,,gps_back
123.352588196348,93.149592670507,0.000000000000,,gps_back
123.344177643655,93.198854500222,0.000000000000,,gps_back
123.338496213159,93.248528301261,0.000000000000,,gps_back
123.332961080434,93.298218538803,0.000000000000,,gps_back
123.327135954178,93.347868332156,0.000000000000,,gps_back
123.318981780675,93.397175051160,0.000000000000,,gps_back
123.309015953304,93.446149766797,0.000000000000,,gps_back
123.302015030900,93.495646141680,0.000000000000,,gps_back
123.295850718860,93.545240742237,0.000000000000,,gps_back
123.286636496858,93.594374988083,0.000000000000,,gps_back
123.277059021420,93.643407200875,0.000000000000,,gps_back
123.271125337211,93.693050440180,0.000000000000,,gps_back
123.264614443064,93.742578544306,0.000000000000,,gps_back
123.254468331966,93.791535892014,0.000000000000,,gps_back
123.245541308873,93.840687846164,0.000000000000,,gps_back
123.240162778026,93.890395361750,0.000000000000,,gps_back
123.234576616708,93.940079461546,0.000000000000,,gps_back
123.227660656460,93.989568604534,0.000000000000,,gps_back
123.216508115289,94.038247348558,0.000000000000,,gps_back
123.202738989161,94.086239193482,0.000000000000,,gps_back
123.194444966736,94.135513643767,0.000000000000,,gps_back
123.188259098798,94.185104425836,0.000000000000,,gps_back
123.179004309432,94.234230380754,0.000000000000,,gps_back
123.169442670054,94.283262920787,0.000000000000,,gps_back
123.163532873686,94.332909030069,0.000000000000,,gps_back
123.156956845819,94.382426529563,0.000000000000,,gps_back
123.146786865318,94.431378919000,0.000000000000,,gps_back
123.137812993872,94.480526953325,0.000000000000,,gps_back
123.131709807893,94.530146037191,0.000000000000,,gps_back
123.123799746826,94.579501265882,0.000000000000,,gps_back
123.113929881046,94.628514944895,0.000000000000,,gps_back
123.103769622479,94.677469062467,0.000000000000,,gps_back
123.094114768995,94.726505795675,0.000000000000,,gps_back
123.087312031715,94.776031134097,0.000000000000,,gps_back
123.081207939198,94.825637900337,0.000000000000,,gps_back
123.072525718959,94.874871405208,0.000000000000,,gps_back
123.062562162961,94.923865480384,0.000000000000,,gps_back
123.052061182199,94.972747775794,0.000000000000,,gps_back
123.042570614649,95.021789898445,0.000000000000,,gps_back
123.036812610448,95.071454331577,0.000000000000,,gps_back
123.031373611987,95.121155070968,0.000000000000,,gps_back
123.025439453093,95.170797531102,0.000000000000,,gps_back
123.017741029675,95.220165838613,0.000000000000,,gps_back
123.007585065565,95.269111190061,0.000000000000,,gps_back
122.999892960984,95.318493933766,0.000000000000,,gps_back
122.993906167580,95.368120081764,0.000000000000,,gps_back
122.985342530111,95.417361639250,0.000000000000,,gps_back
122.974616095278,95.466195145198,0.000000000000,,gps_back
122.963889660444,95.515028651145,0.000000000000,,gps_back
122.953438567938,95.563919518835,0.000000000000,,gps_back
122.943798943200,95.612979107264,0.000000000000,,gps_back
122.934177548192,95.662042193715,0.000000000000,,gps_back
122.924385671613,95.711071641949,0.000000000000,,gps_back
122.915575560744,95.760257542819,0.000000000000,,gps_back
122.909688872608,95.809907251592,0.000000000000,,gps_back
122.904120674839,95.859593733595,0.000000000000,,gps_back
122.898453770134,95.909266359347,0.000000000000,,gps_back
122.890807192525,95.958640939263,0.000000000000,,gps_back
122.880217665953,96.007503747603,0.000000000000,,gps_back
122.870182761034,96.056483199924,0.000000000000,,gps_back
122.861047493152,96.105633771658,0.000000000000,,gps_back
122.853621591404,96.155069746993,0.000000000000,,gps_back
122.846927529590,96.204604211221,0.000000000000,,gps_back
122.838085379581,96.253811867969,0.000000000000,,gps_back
122.829209273744,96.303001429122,0.000000000000,,gps_back
122.822520088991,96.352547834095,0.000000000000,,gps_back
122.816693628362,96.402204083507,0.000000000000,,gps_back
122.811301113684,96.451910080915,0.000000000000,,gps_back
122.804451019137,96.501380886526,0.000000000000,,gps_back
122.794075107391,96.550286384297,0.000000000000,,gps_back
122.785748137457,96.599553009298,0.000000000000,,gps_back
122.779983105214,96.649212353528,0.000000000000,,gps_back
122.772058701951,96.698548541144,0.000000000000,,gps_back
122.762068857017,96.747522064216,0.000000000000,,gps_back
122.754823753073,96.796978304692,0.000000000000,,gps_back
122.748748680153,96.846589632008,0.000000000000,,gps_back
122.739987294320,96.895802650878,0.000000000000,,gps_back
122.730588956271,96.944876807768,0.000000000000,,gps_back
122.724401343852,96.994487521393,0.000000000000,,gps_back
122.717870401403,97.044017670123,0.000000000000,,gps_back
122.707858246620,97.093000614112,0.000000000000,,gps_back
122.697131811787,97.141834120060,0.000000000000,,gps_back
122.686799996348,97.190748122782,0.000000000000,,gps_back
122.678603097313,97.240037758446,0.000000000000,,gps_back
122.672833175222,97.289695939960,0.000000000000,,gps_back
122.664844840244,97.339022174677,0.000000000000,,gps_back
122.654889096997,97.388001712553,0.000000000000,,gps_back
122.647695946362,97.437466212351,0.000000000000,,gps_back
122.642238217284,97.487164818581,0.000000000000,,gps_back
122.636423217460,97.536823018030,0.000000000000,,gps_back
122.629600147248,97.586335353654,0.000000000000,,gps_back
122.620478268847,97.635493094046,0.000000000000,,gps_back
122.610648309871,97.684512904022,0.000000000000,,gps_back
122.600150488561,97.733396010178,0.000000000000,,gps_back
122.591044568900,97.782512250529,0.000000000000,,gps_back
122.585366181606,97.832186399243,0.000000000000,,gps_back
122.579836300862,97.881877206263,0.000000000000,,gps_back
122.574420824892,97.931580625992,0.000000000000,,gps_back
122.568728107854,97.981252820640,0.000000000000,,gps_back
122.562842361997,98.030902552846,0.000000000000,,gps_back
122.557305416245,98.080592563475,0.000000000000,,gps_back
122.551883905478,98.130295303906,0.000000000000,,gps_back
122.546242924692,98.179973701435,0.000000000000,,gps_back
122.540596521887,98.229651274174,0.000000000000,,gps_back
122.535215237499,98.279358508971,0.000000000000,,gps_back
122.528499483954,98.328851801312,0.000000000000,,gps_back
122.518098262282,98.377755540672,0.000000000000,,gps_back
122.507765453003,98.426672734981,0.000000000000,,gps_back
122.498147807785,98.475735665696,0.000000000000,,gps_back
122.489952752171,98.525033693673,0.000000000000,,gps_back
122.484256409997,98.574705756387,0.000000000000,,gps_back
122.478741724601,98.624398271533,0.000000000000,,gps_back
122.473306899802,98.674099504181,0.000000000000,,gps_back
122.467562738282,98.723765882798,0.000000000000,,gps_back
122.461696390243,98.773417790313,0.000000000000,,gps_back
122.456210846995,98.823113563652,0.000000000000,,gps_back
122.449749224809,98.872658200507,0.000000000000,,gps_back
122.439976102264,98.921687744973,0.000000000000,,gps_back
122.430763679600,98.970765913142,0.000000000000,,gps_back
122.425584827767,99.020494636445,0.000000000000,,gps_back
122.420225534133,99.070202717211,0.000000000000,,gps_back
122.413969996041,99.119805610042,0.000000000000,,gps_back
122.406297506159,99.169197007869,0.000000000000,,gps_back
122.397007677617,99.218321975335,0.000000000000,,gps_back
122.389139594057,99.267683344192,0.000000000000,,gps_back
122.383214389715,99.317328415468,0.000000000000,,gps_back
122.377636971669,99.367013834464,0.000000000000,,gps_back
122.371425466756,99.416604197650,0.000000000000,,gps_back
122.362328042803,99.465756541948,0.000000000000,,gps_back
122.352719200816,99.514787780096,0.000000000000,,gps_back
122.346313484504,99.564371394828,0.000000000000,,gps_back
122.340717191007,99.614054654925,0.000000000000,,gps_back
122.335347040575,99.663763089333,0.000000000000,,gps_back
122.329773462483,99.713448453694,0.000000000000,,gps_back
122.323600171960,99.763062662461,0.000000000000,,gps_back
122.316599709914,99.812564521244,0.000000000000,,gps_back
122.308684856080,99.861931745150,0.000000000000,,gps_back
122.300770002245,99.911298969055,0.000000000000,,gps_back
122.293290794889,99.960728951173,0.000000000000,,gps_back
122.287223296567,100.010355103285,0.000000000000,,gps_back
122.280942415551,100.059933614184,0.000000000000,,gps_back
122.271753166344,100.109073033040,0.000000000000,,gps_back
122.262558364682,100.158174748053,0.000000000000,,gps_back
122.256802929015,100.207839329226,0.000000000000,,gps_back
122.250100428177,100.257334994627,0.000000000000,,gps_back
122.239918635952,100.306284771321,0.000000000000,,gps_back
122.231240732090,100.355478916314,0.000000000000,,gps_back
122.225887320831,100.405189163700,0.000000000000,,gps_back
122.220533909573,100.454899411087,0.000000000000,,gps_back
122.214848588036,100.504569895944,0.000000000000,,gps_back
122.207133478034,100.553931797352,0.000000000000,,gps_back
122.196407043202,100.602765303300,0.000000000000,,gps_back
122.185680608370,100.651598809247,0.000000000000,,gps_back
122.175977449119,100.700617617007,0.000000000000,,gps_back
122.169392142094,100.750173340459,0.000000000000,,gps_back
122.163221158037,100.799770056726,0.000000000000,,gps_back
122.154547479516,100.849006355138,0.000000000000,,gps_back
122.144747749864,100.898032726314,0.000000000000,,gps_back
122.134255268634,100.946916803330,0.000000000000,,gps_back
122.124967069620,100.995989177921,0.000000000000,,gps_back
122.119411697281,101.045677096682,0.000000000000,,gps_back
122.112559444594,101.095143891144,0.000000000000,,gps_back
122.101940009405,101.144000742074,0.000000000000,,gps_back
122.091616042860,101.192919785708,0.000000000000,,gps_back
122.081751570348,101.241934586102,0.000000000000,,gps_back
122.071535824817,101.290876376515,0.000000000000,,gps_back
122.061529829686,101.339848630231,0.000000000000,,gps_back
122.054226643656,101.389290224371,0.000000000000,,gps_back
122.048338509524,101.438923993896,0.000000000000,,gps_back
122.039668939508,101.488147487505,0.000000000000,,gps_back
122.029167278979,101.537029088214,0.000000000000,,gps_back
122.019147020930,101.586012254850,0.000000000000,,gps_back
122.009122088070,101.634993804050,0.000000000000,,gps_back
121.998608109850,101.683873391730,0.000000000000,,gps_back
121.989282714682,101.732946500186,0.000000000000,,gps_back
121.983131086688,101.782563429379,0.000000000000,,gps_back
121.975606024183,101.831969879094,0.000000000000,,gps_back
121.966100564453,101.881053295060,0.000000000000,,gps_back
121.958392312446,101.930424953618,0.000000000000,,gps_back
121.953223687150,101.980154638948,0.000000000000,,gps_back
121.947699701924,102.029845326918,0.000000000000,,gps_back
121.941183395010,102.079409484047,0.000000000000,,gps_back
121.932860431158,102.128703050625,0.000000000000,,gps_back
121.923121538914,102.177742240446,0.000000000000,,gps_back
121.912788587952,102.226659849581,0.000000000000,,gps_back
121.902261557853,102.275535675672,0.000000000000,,gps_back
121.892294077198,102.324529614018,0.000000000000,,gps_back
121.882286149910,102.373514336220,0.000000000000,,gps_back
121.871713921739,102.422381356301,0.000000000000,,gps_back
121.862521659624,102.471465764490,0.000000000000,,gps_back
121.857139290966,102.521172883741,0.000000000000,,gps_back
121.851665351619,102.570869708472,0.000000000000,,gps_back
121.845603201574,102.620495906180,0.000000000000,,gps_back
121.837967312446,102.669891422988,0.000000000000,,gps_back
121.828715273084,102.719023081475,0.000000000000,,gps_back
121.820951587945,102.768401128466,0.000000000000,,gps_back
121.814391449650,102.817958331131,0.000000000000,,gps_back
121.805964419228,102.867235217114,0.000000000000,,gps_back
121.796977004681,102.916409940957,0.000000000000,,gps_back
121.789854080594,102.965892574130,0.000000000000,,gps_back
121.783988959856,103.015544408034,0.000000000000,,gps_back
121.778550496214,103.065245392312,0.000000000000,,gps_back
121.771871405937,103.114750340129,0.000000000000,,gps_back
121.761749349532,103.163711761057,0.000000000000,,gps_back
121.751447862594,103.212634596263,0.000000000000,,gps_back
121.741944228953,103.261720434847,0.000000000000,,gps_back
121.733646297402,103.311002107261,0.000000000000,,gps_back
121.727172211126,103.360572982702,0.000000000000,,gps_back
121.718621853095,103.409813668800,0.000000000000,,gps_back
121.708839956122,103.458822199524,0.000000000000,,gps_back
121.702054336201,103.508345222063,0.000000000000,,gps_back
121.695930915310,103.557940566567,0.000000000000,,gps_back
121.686709927074,103.607070595189,0.000000000000,,gps_back
121.677327906512,103.656134645541,0.000000000000,,gps_back
121.671416411713,103.705780157378,0.000000000000,,gps_back
121.665909575444,103.755472849123,0.000000000000,,gps_back
121.659806152468,103.805095925424,0.000000000000,,gps_back
121.652403358475,103.854522239401,0.000000000000,,gps_back
121.642992280104,103.903625620200,0.000000000000,,gps_back
121.634837485188,103.952934050563,0.000000000000,,gps_back
121.629426869562,104.002628955503,0.000000000000,,gps_back
121.626396296811,104.052514784587,0.000000000000,,gps_back
121.624649578143,104.102463310033,0.000000000000,,gps_back
121.620355384615,104.152271428565,0.000000000000,,gps_back
121.614927651306,104.201973482921,0.000000000000,,gps_back
121.609292805553,104.251652591677,0.000000000000,,gps_back
121.603494330272,104.301312699603,0.000000000000,,gps_back
121.597260650324,104.350919029666,0.000000000000,,gps_back
121.589663456421,104.400319105235,0.000000000000,,gps_back
121.580084251727,104.449390542148,0.000000000000,,gps_back
121.570411297411,104.498443512962,0.000000000000,,gps_back
121.560887996311,104.547523853578,0.000000000000,,gps_back
121.552969084614,104.596868963842,0.000000000000,,gps_back
121.547214534335,104.646534323642,0.000000000000,,gps_back
121.541304567348,104.696181421374,0.000000000000,,gps_back
121.535427461137,104.745831952154,0.000000000000,,gps_back
121.529950755247,104.795528701247,0.000000000000,,gps_back
121.524514926559,104.845229840791,0.000000000000,,gps_back
121.518897121165,104.894910899683,0.000000000000,,gps_back
121.514667990662,104.944685455241,0.000000000000,,gps_back
121.513537282483,104.994670083360,0.000000000000,,gps_back
121.510867024520,105.044556886724,0.000000000000,,gps_back
121.504760566124,105.094176453451,0.000000000000,,gps_back
121.496893087822,105.143534560885,0.000000000000,,gps_back
121.487492987847,105.192636569334,0.000000000000,,gps_back
121.479854744546,105.242031459657,0.000000000000,,gps_back
121.473223215639,105.291568313462,0.000000000000,,gps_back
121.463905325225,105.340681019364,0.000000000000,,gps_back
121.454512717122,105.389745113058,0.000000000000,,gps_back
121.448512911539,105.439379492343,0.000000000000,,gps_back
121.441798370257,105.488878093714,0.000000000000,,gps_back
121.431655243231,105.537834971564,0.000000000000,,gps_back
121.421345085281,105.586755483440,0.000000000000,,gps_back
121.411880973619,105.635849014258,0.000000000000,,gps_back
121.403616400076,105.685136323201,0.000000000000,,gps_back
121.397090874707,105.734700378683,0.000000000000,,gps_back
121.388486156295,105.783931446343,0.000000000000,,gps_back
121.377759721463,105.832764952291,0.000000000000,,gps_back
121.367033286628,105.881598458238,0.000000000000,,gps_back
121.357628004956,105.930661435249,0.000000000000,,gps_back
121.351576162802,105.980289147133,0.000000000000,,gps_back
121.344873404285,106.029790681729,0.000000000000,,gps_back
121.334949144733,106.078793384042,0.000000000000,,gps_back
121.327714216793,106.128075908078,0.000000000000,,gps_back
121.326592570282,106.178058179928,0.000000000000,,gps_back
121.321959384470,106.227671749625,0.000000000000,,gps_back
121.311801403505,106.276618944670,0.000000000000,,gps_back
121.304020053751,106.325979498312,0.000000000000,,gps_back
121.298645737538,106.375687437769,0.000000000000,,gps_back
121.293083856141,106.425374644402,0.000000000000,,gps_back
121.286546920597,106.474928605310,0.000000000000,,gps_back
121.277770989495,106.524145052523,0.000000000000,,gps_back
121.268779579851,106.573312144546,0.000000000000,,gps_back
121.262057343705,106.622851109813,0.000000000000,,gps_back
121.256260719661,106.672511452981,0.000000000000,,gps_back
121.250290468798,106.722151385357,0.000000000000,,gps_back
121.244542797848,106.771816877154,0.000000000000,,gps_back
121.238875351179,106.821490066139,0.000000000000,,gps_back
121.231152512086,106.870845142349,0.000000000000,,gps_back
121.221121430344,106.919814872267,0.000000000000,,gps_back
121.213618835593,106.969224201093,0.000000000000,,gps_back
121.208234646869,107.018931049655,0.000000000000,,gps_back
121.202651342794,107.068615884801,0.000000000000,,gps_back
121.196014346711,107.118152932871,0.000000000000,,gps_back
121.187033183227,107.167334083874,0.000000000000,,gps_back
121.177282014422,107.216371576937,0.000000000000,,gps_back
121.167671281641,107.265436844234,0.000000000000,,gps_back
121.158977837623,107.314655611551,0.000000000000,,gps_back
121.152519422219,107.364231997801,0.000000000000,,gps_back
121.145520188250,107.413701528103,0.000000000000,,gps_back
121.135752828019,107.462735859907,0.000000000000,,gps_back
121.125659233700,107.511702147050,0.000000000000,,gps_back
121.114938469831,107.560536898011,0.000000000000,,gps_back
121.104239625568,107.609376451361,0.000000000000,,gps_back
121.093719428183,107.658254293209,0.000000000000,,gps_back
121.083705925191,107.707238171401,0.000000000000,,gps_back
121.074625268293,107.756397857541,0.000000000000,,gps_back
121.067311279047,107.805849402162,0.000000000000,,gps_back
121.060252853449,107.855320576797,0.000000000000,,gps_back
121.050442182654,107.904342168423,0.000000000000,,gps_back
121.040061805057,107.953247626212,0.000000000000,,gps_back
121.030454287522,108.002313524537,0.000000000000,,gps_back
121.022043653890,108.051568659782,0.000000000000,,gps_back
121.015912910218,108.101187886815,0.000000000000,,gps_back
121.008284508981,108.150577455113,0.000000000000,,gps_back
120.998771739568,108.199659860420,0.000000000000,,gps_back
120.990895314549,108.249010763461,0.000000000000,,gps_back
120.985023515047,108.298661863034,0.000000000000,,gps_back
120.978621474764,108.348247258392,0.000000000000,,gps_back
120.971833137752,108.397781955201,0.000000000000,,gps_back
120.965044800740,108.447316652010,0.000000000000,,gps_back
120.958256463728,108.496851348819,0.000000000000,,gps_back
120.951468126716,108.546386045628,0.000000000000,,gps_back
120.944679789705,108.595920742437,0.000000000000,,gps_back
120.937844846120,108.645448981436,0.000000000000,,gps_back
120.929711386550,108.694748161220,0.000000000000,,gps_back
120.919433049282,108.743673312955,0.000000000000,,gps_back
120.911378764251,108.792982903360,0.000000000000,,gps_back
120.905529951202,108.842631893077,0.000000000000,,gps_back
120.897487554006,108.891950085317,0.000000000000,,gps_back
120.886994950127,108.940834337114,0.000000000000,,gps_back
120.876394141743,108.989695245726,0.000000000000,,gps_back
120.866999248220,109.038765821958,0.000000000000,,gps_back
120.860752684606,109.088367928680,0.000000000000,,gps_back
120.854036797117,109.137871563700,0.000000000000,,gps_back
120.844096854260,109.186868964699,0.000000000000,,gps_back
120.835169190672,109.236000372332,0.000000000000,,gps_back
120.829803392864,109.285709280903,0.000000000000,,gps_back
120.824219761947,109.335393400979,0.000000000000,,gps_back
120.818291803678,109.385038325418,0.000000000000,,gps_back
120.812638393502,109.434714917512,0.000000000000,,gps_back
120.806685976526,109.484349190816,0.000000000000,,gps_back
120.798335654744,109.533616624454,0.000000000000,,gps_back
120.787609219912,109.582450130402,0.000000000000,,gps_back
120.776882785080,109.631283636350,0.000000000000,,gps_back
120.768725383103,109.680467030136,0.000000000000,,gps_back
120.766636541360,109.730412631333,0.000000000000,,gps_back
120.763138492088,109.780129829621,0.000000000000,,gps_back
120.753568186618,109.829199966002,0.000000000000,,gps_back
120.744859471903,109.878376332349,0.000000000000,,gps_back
120.739309059450,109.928064155211,0.000000000000,,gps_back
120.731790399835,109.977441074439,0.000000000000,,gps_back
120.722163096316,110.026476966267,0.000000000000,,gps_back
120.716985595162,110.076107782730,0.000000000000,,gps_back
120.715555700203,110.126076103290,0.000000000000,,gps_back
120.711702737676,110.175901256292,0.000000000000,,gps_back
120.704924825217,110.225425687531,0.000000000000,,gps_back
120.696213427212,110.274654781395,0.000000000000,,gps_back
120.686397394725,110.323678045398,0.000000000000,,gps_back
120.675941323913,110.372569762157,0.000000000000,,gps_back
120.666603601268,110.421647314530,0.000000000000,,gps_back
120.660078272388,110.471217310450,0.000000000000,,gps_back
120.652590321452,110.520628613627,0.000000000000,,gps_back
120.643191730571,110.569734400445,0.000000000000,,gps_back
120.635140344705,110.619058112706,0.000000000000,,gps_back
120.628643580081,110.668627345563,0.000000000000,,gps_back
120.620495135722,110.717946014070,0.000000000000,,gps_back
120.611158318125,110.767063081143,0.000000000000,,gps_back
120.602596782616,110.816320067768,0.000000000000,,gps_back
120.594681928782,110.865687291673,0.000000000000,,gps_back
120.586767074949,110.915054515579,0.000000000000,,gps_back
120.579357058927,110.964494815820,0.000000000000,,gps_back
120.573182908744,111.014108693945,0.000000000000,,gps_back
120.567375005942,111.063767695347,0.000000000000,,gps_back
120.561138926263,111.113373843529,0.000000000000,,gps_back
120.553479649877,111.162762322984,0.000000000000,,gps_back
120.544158071657,111.211882137860,0.000000000000,,gps_back
120.536273316561,111.261235377042,0.000000000000,,gps_back
120.530378891416,111.310884192473,0.000000000000,,gps_back
120.524792619726,111.360568531101,0.000000000000,,gps_back
120.518553260658,111.410159439171,0.000000000000,,gps_back
120.509639521684,111.459338493408,0.000000000000,,gps_back
120.500116820836,111.508390965276,0.000000000000,,gps_back
120.493438040859,111.557935946571,0.000000000000,,gps_back
120.486354524617,111.607392835751,0.000000000000,,gps_back
120.476613521033,111.656432394840,0.000000000000,,gps_back
120.468176020692,111.705674909395,0.000000000000,,gps_back
120.462460381142,111.755344769005,0.000000000000,,gps_back
120.456926985460,111.805035135067,0.000000000000,,gps_back
120.451072055803,111.854683779818,0.000000000000,,gps_back
120.442915639291,111.903976168503,0.000000000000,,gps_back
120.433102614858,111.952984213360,0.000000000000,,gps_back
120.425981706862,112.002455579131,0.000000000000,,gps_back
120.419642988584,112.052030517114,0.000000000000,,gps_back
120.410569020116,112.101183960502,0.000000000000,,gps_back
120.401181434370,112.150259301601,0.000000000000,,gps_back
120.394664217361,112.199827118148,0.000000000000,,gps_back
120.389060521742,112.249509440988,0.000000000000,,gps_back
120.383694412456,112.299218316110,0.000000000000,,gps_back
120.378098157231,112.348900982926,0.000000000000,,gps_back
120.371732016012,112.398488935921,0.000000000000,,gps_back
120.363795616743,112.447838282477,0.000000000000,,gps_back
120.354617920980,112.496983411695,0.000000000000,,gps_back
120.347008181203,112.546384983420,0.000000000000,,gps_back
120.340280904875,112.595918311218,0.000000000000,,gps_back
120.331697936643,112.645168483054,0.000000000000,,gps_back
120.322851100817,112.694367005774,0.000000000000,,gps_back
120.315871254641,112.743870140375,0.000000000000,,gps_back
120.308812239038,112.793345986323,0.000000000000,,gps_back
120.299602453777,112.842487408254,0.000000000000,,gps_back
120.291098768674,112.891734423054,0.000000000000,,gps_back
120.284602631188,112.941308286020,0.000000000000,,gps_back
120.276640029668,112.990625654381,0.000000000000,,gps_back
120.266562716967,113.039588767907,0.000000000000,,gps_back
120.259014813716,113.088980566255,0.000000000000,,gps_back
120.253175997784,113.138625676774,0.000000000000,,gps_back
120.244729645007,113.187875563528,0.000000000000,,gps_back
120.235137430966,113.236919124391,0.000000000000,,gps_back
120.228415839256,113.286452166944,0.000000000000,,gps_back
120.222934595485,113.336148027828,0.000000000000,,gps_back
120.217076162437,113.385801137991,0.000000000000,,gps_back
120.209947896171,113.435264659668,0.000000000000,,gps_back
120.200634849749,113.484386955212,0.000000000000,,gps_back
120.191596369728,113.533555501678,0.000000000000,,gps_back
120.183588065354,113.582907591791,0.000000000000,,gps_back
120.175683682212,113.632276493282,0.000000000000,,gps_back
120.167779299069,113.681645394774,0.000000000000,,gps_back
120.159874915927,113.731014296266,0.000000000000,,gps_back
120.151970532785,113.780383197758,0.000000000000,,gps_back
120.144066149643,113.829752099249,0.000000000000,,gps_back
120.135726110544,113.879045589837,0.000000000000,,gps_back
120.126024259063,113.928086925836,0.000000000000,,gps_back
120.115569986397,113.976977950710,0.000000000000,,gps_back
120.105755903604,114.026002599920,0.000000000000,,gps_back
120.097036288020,114.075220253091,0.000000000000,,gps_back
120.090278161587,114.124756097380,0.000000000000,,gps_back
120.083087389296,114.174207916771,0.000000000000,,gps_back
120.073662825512,114.223309184854,0.000000000000,,gps_back
120.065292906222,114.272573870751,0.000000000000,,gps_back
120.058857725978,114.322154256245,0.000000000000,,gps_back
120.050585046695,114.371428603240,0.000000000000,,gps_back
120.040033613929,114.420299615847,0.000000000000,,gps_back
120.030038933164,114.469287053529,0.000000000000,,gps_back
120.020294753901,114.518325363579,0.000000000000,,gps_back
120.009988809724,114.567248313636,0.000000000000,,gps_back
120.000525686479,114.616311284702,0.000000000000,,gps_back
119.994020979181,114.665876621913,0.000000000000,,gps_back
119.987319206678,114.715388695521,0.000000000000,,gps_back
119.977594365669,114.764425651037,0.000000000000,,gps_back
119.967254019726,114.813339462914,0.000000000000,,gps_back
119.957644172936,114.862404902047,0.000000000000,,gps_back
119.947689322035,114.911398540445,0.000000000000,,gps_back
119.936999301340,114.960240022856,0.000000000000,,gps_back
119.926272866508,115.009073528804,0.000000000000,,gps_back
119.915714424124,115.057943080275,0.000000000000,,gps_back
119.905706394209,115.106927713932,0.000000000000,,gps_back
119.895969193475,115.155967464364,0.000000000000,,gps_back
119.885676647350,115.204893158107,0.000000000000,,gps_back
119.876037723046,115.253930104214,0.000000000000,,gps_back
119.868975178570,115.303419948962,0.000000000000,,gps_back
119.861845451492,115.352882240905,0.000000000000,,gps_back
119.852515131406,115.402001299336,0.000000000000,,gps_back
119.844095985632,115.451260246146,0.000000000000,,gps_back
119.837910432741,115.500873382275,0.000000000000,,gps_back
119.832209550697,115.550544193543,0.000000000000,,gps_back
119.826502111164,115.600212345358,0.000000000000,,gps_back
119.818562596191,115.649530812088,0.000000000000,,gps_back
119.807836161359,115.698364318036,0.000000000000,,gps_back
119.797109726527,115.747197823984,0.000000000000,,gps_back
119.787632108431,115.796259254462,0.000000000000,,gps_back
119.781081166216,115.845817742290,0.000000000000,,gps_back
119.775639594213,115.895518273805,0.000000000000,,gps_back
119.770000358557,115.945196880574,0.000000000000,,gps_back
119.764410787585,115.994880864611,0.000000000000,,gps_back
119.759044187352,116.044589688894,0.000000000000,,gps_back
119.751809183545,116.093994892887,0.000000000000,,gps_back
119.741546368424,116.142925399621,0.000000000000,,gps_back
119.733460730271,116.192221790313,0.000000000000,,gps_back
119.728075659691,116.241928599729,0.000000000000,,gps_back
119.722538103040,116.291618503520,0.000000000000,,gps_back
119.716089301702,116.341188461430,0.000000000000,,gps_back
119.707567916083,116.390444212313,0.000000000000,,gps_back
119.697562649209,116.439430125046,0.000000000000,,gps_back
119.687146251076,116.488330324045,0.000000000000,,gps_back
119.679090334190,116.537548403552,0.000000000000,,gps_back
119.676654294468,116.587470859975,0.000000000000,,gps_back
119.673035480239,116.637192592893,0.000000000000,,gps_back
119.663636147349,116.686288066055,0.000000000000,,gps_back
119.652909712517,116.735121572003,0.000000000000,,gps_back
119.642662050360,116.784053550401,0.000000000000,,gps_back
119.634744981229,116.833380175261,0.000000000000,,gps_back
119.629348573420,116.883085687269,0.000000000000,,gps_back
119.623645178499,116.932756386659,0.000000000000,,gps_back
119.617718211696,116.982401345913,0.000000000000,,gps_back
119.612047086907,117.032076217818,0.000000000000,,gps_back
119.606525767134,117.081768095779,0.000000000000,,gps_back
119.601004447361,117.131459973741,0.000000000000,,gps_back
119.594270381340,117.180975864123,0.000000000000,,gps_back
119.585170703957,117.230137177056,0.000000000000,,gps_back
119.575252684805,117.279138954833,0.000000000000,,gps_back
119.564752570444,117.328021606723,0.000000000000,,gps_back
119.555928180312,117.377186895515,0.000000000000,,gps_back
119.549984563001,117.426829916948,0.000000000000,,gps_back
119.544356152831,117.476509240235,0.000000000000,,gps_back
119.539026316947,117.526222020647,0.000000000000,,gps_back
119.533684087824,117.575933470254,0.000000000000,,gps_back
119.528275857620,117.625637730696,0.000000000000,,gps_back
119.522685348338,117.675321736917,0.000000000000,,gps_back
119.517035119579,117.724998974685,0.000000000000,,gps_back
119.511593884908,117.774699640189,0.000000000000,,gps_back
119.504907607644,117.824216602827,0.000000000000,,gps_back
119.495301817104,117.873275890117,0.000000000000,,gps_back
119.486394261185,117.922418046617,0.000000000000,,gps_back
119.480705651021,117.972090383382,0.000000000000,,gps_back
119.475119862652,118.021774111975,0.000000000000,,gps_back
119.469169300809,118.071416397906,0.000000000000,,gps_back
119.463475130330,118.121088075483,0.000000000000,,gps_back
119.458090857799,118.170794973031,0.000000000000,,gps_back
119.452553461312,118.220484886604,0.000000000000,,gps_back
119.445946276839,118.270029839992,0.000000000000,,gps_back
119.436845741810,118.319175964898,0.000000000000,,gps_back
119.426425353830,118.368073983812,0.000000000000,,gps_back
119.416651010925,118.417106654444,0.000000000000,,gps_back
119.408215080052,118.466364912396,0.000000000000,,gps_back
119.402132065266,118.515987965406,0.000000000000,,gps_back
119.396598268737,118.565677891082,0.000000000000,,gps_back
119.390680739805,118.615324043040,0.000000000000,,gps_back
119.382901356469,118.664659613990,0.000000000000,,gps_back
119.372649847804,118.713590933057,0.000000000000,,gps_back
119.364724427976,118.762916025955,0.000000000000,,gps_back
119.358932681794,118.812573784814,0.000000000000,,gps_back
119.351272121897,118.861958848137,0.000000000000,,gps_back
119.342092266073,118.911103950387,0.000000000000,,gps_back
119.334493535336,118.960505637430,0.000000000000,,gps_back
119.328533272128,119.010146707424,0.000000000000,,gps_back
119.322734831793,119.059806963369,0.000000000000,,gps_back
119.315878771758,119.109309438391,0.000000000000,,gps_back
119.306799853811,119.158474434382,0.000000000000,,gps_back
119.298305747834,119.207725220742,0.000000000000,,gps_back
119.291770174229,119.257293472332,0.000000000000,,gps_back
119.284271418462,119.306699299978,0.000000000000,,gps_back
119.274817392595,119.355794801879,0.000000000000,,gps_back
119.266770652568,119.405114592993,0.000000000000,,gps_back
119.260194294109,119.454671954532,0.000000000000,,gps_back
119.251449578395,119.503874287868,0.000000000000,,gps_back
119.240965892186,119.552759428155,0.000000000000,,gps_back
119.231080812623,119.601769514195,0.000000000000,,gps_back
119.222272617756,119.650975209044,0.000000000000,,gps_back
119.215297422905,119.700478373219,0.000000000000,,gps_back
119.208172411253,119.749944870844,0.000000000000,,gps_back
119.198984971646,119.799090277077,0.000000000000,,gps_back
119.190549072578,119.848349054344,0.000000000000,,gps_back
119.184213676715,119.897942887647,0.000000000000,,gps_back
119.178330280283,119.947593075530,0.000000000000,,gps_back
119.172639173775,119.997265750820,0.000000000000,,gps_back
119.167127540650,120.046958551115,0.000000000000,,gps_back
119.160990400351,120.096567648145,0.000000000000,,gps_back
119.152311395422,120.145779699784,0.000000000000,,gps_back
119.142832377635,120.194843429036,0.000000000000,,gps_back
119.136208228868,120.244389863868,0.000000000000,,gps_back
119.129562745880,120.293914400792,0.000000000000,,gps_back
119.120020846879,120.342984039190,0.000000000000,,gps_back
119.110942706417,120.392103981450,0.000000000000,,gps_back
119.104826030423,120.441724958392,0.000000000000,,gps_back
119.099263328671,120.491411948018,0.000000000000,,gps_back
119.093252368717,120.541039740982,0.000000000000,,gps_back
119.082987849856,120.589796463821,0.000000000000,,gps_back
119.068923730850,120.637742933649,0.000000000000,,gps_back
119.059562669333,120.686748419571,0.000000000000,,gps_back
119.054175002350,120.736454905474,0.000000000000,,gps_back
119.048590798147,120.786139596042,0.000000000000,,gps_back
119.041611532953,120.835622717477,0.000000000000,,gps_back
119.031978763971,120.884675627209,0.000000000000,,gps_back
119.021644117861,120.933590965264,0.000000000000,,gps_back
119.011986733977,120.982647023042,0.000000000000,,gps_back
119.002025493083,121.031639686779,0.000000000000,,gps_back
118.991583813169,121.080534506777,0.000000000000,,gps_back
118.983013171875,121.129748004498,0.000000000000,,gps_back
118.977110889387,121.179395947887,0.000000000000,,gps_back
118.971506966100,121.229078171930,0.000000000000,,gps_back
118.966153554842,121.278788419317,0.000000000000,,gps_back
118.960800143587,121.328498666704,0.000000000000,,gps_back
118.955386627126,121.378202346541,0.000000000000,,gps_back
118.949800360085,121.427886867272,0.000000000000,,gps_back
118.942755872710,121.477356765686,0.000000000000,,gps_back
118.932993299475,121.526385768158,0.000000000000,,gps_back
118.924173797394,121.575539806123,0.000000000000,,gps_back
118.918530431228,121.625217424259,0.000000000000,,gps_back
118.912227660460,121.674801763791,0.000000000000,,gps_back
118.904389431539,121.724181172756,0.000000000000,,gps_back
118.896474577709,121.773548396662,0.000000000000,,gps_back
118.888727118400,121.822941712311,0.000000000000,,gps_back
118.881824380551,121.872455132606,0.000000000000,,gps_back
118.875950627270,121.922106366308,0.000000000000,,gps_back
118.870391442631,121.971793746988,0.000000000000,,gps_back
118.863071730421,122.021189898965,0.000000000000,,gps_back
118.850798257282,122.069598208916,0.000000000000,,gps_back
118.838320483078,122.117894069501,0.000000000000,,gps_back
118.831146732545,122.167351769194,0.000000000000,,gps_back
118.824217866432,122.216828378407,0.000000000000,,gps_back
118.814345171909,122.265836454173,0.000000000000,,gps_back
118.805548324346,122.314995754856,0.000000000000,,gps_back
118.799377420688,122.364610037009,0.000000000000,,gps_back
118.791508301686,122.413958491574,0.000000000000,,gps_back
118.782061923827,122.463053642134,0.000000000000,,gps_back
118.774423188941,122.512439415675,0.000000000000,,gps_back
118.768756157369,122.562114801896,0.000000000000,,gps_back
118.763281808666,122.611811776682,0.000000000000,,gps_back
118.757795713815,122.661507288035,0.000000000000,,gps_back
118.751988544949,122.711166341894,0.000000000000,,gps_back
118.744898462545,122.760640099138,0.000000000000,,gps_back
118.735832443698,122.809807196834,0.000000000000,,gps_back
118.727375174754,122.859065368183,0.000000000000,,gps_back
118.720892034332,122.908639325880,0.000000000000,,gps_back
118.715151730613,122.958305358588,0.000000000000,,gps_back
118.709642395504,123.007998197782,0.000000000000,,gps_back
118.702005303831,123.057353579382,0.000000000000,,gps_back
118.692176612088,123.106369444127,0.000000000000,,gps_back
118.684720387110,123.155776386987,0.000000000000,,gps_back
118.678660434064,123.205397300959,0.000000000000,,gps_back
118.670066465303,123.254618460581,0.000000000000,,gps_back
118.660560707727,123.303681028255,0.000000000000,,gps_back
118.653808483198,123.353206941710,0.000000000000,,gps_back
118.648299191570,123.402899792034,0.000000000000,,gps_back
118.642458875568,123.452555031017,0.000000000000,,gps_back
118.635218643130,123.502002031851,0.000000000000,,gps_back
118.625928482044,123.551128275911,0.000000000000,,gps_back
118.617600009531,123.600402345525,0.000000000000,,gps_back
118.611159899139,123.649983516207,0.000000000000,,gps_back
118.603460595253,123.699360103321,0.000000000000,,gps_back
118.594088711347,123.748470998996,0.000000000000,,gps_back
118.586243684806,123.797825834707,0.000000000000,,gps_back
118.580325557596,123.847471847818,0.000000000000,,gps_back
118.574729466941,123.897154949806,0.000000000000,,gps_back
118.568490407990,123.946750085204,0.000000000000,,gps_back
118.559789270478,123.995963971244,0.000000000000,,gps_back
118.550725823886,124.045106089906,0.000000000000,,gps_back
118.544326256948,124.094684756908,0.000000000000,,gps_back
118.537453180201,124.144173324941,0.000000000000,,gps_back
118.527703705797,124.193204181489,0.000000000000,,gps_back
118.518999557592,124.242376897005,0.000000000000,,gps_back
118.513386065080,124.292057967073,0.000000000000,,gps_back
118.506283275238,124.341503095841,0.000000000000,,gps_back
118.496589607175,124.390551964116,0.000000000000,,gps_back
118.488412412895,124.439836837968,0.000000000000,,gps_back
118.482598478873,124.489495321178,0.000000000000,,gps_back
118.476719274406,124.539145977550,0.000000000000,,gps_back
118.470003523302,124.588683516247,0.000000000000,,gps_back
118.461532878930,124.637949700241,0.000000000000,,gps_back
118.452676728511,124.687149269254,0.000000000000,,gps_back
118.445582147627,124.736632783824,0.000000000000,,gps_back
118.439848306897,124.786299353548,0.000000000000,,gps_back
118.434630220065,124.836023843366,0.000000000000,,gps_back
118.427748547978,124.885497527591,0.000000000000,,gps_back
118.417771081186,124.934485551424,0.000000000000,,gps_back
118.409272578999,124.983683195012,0.000000000000,,gps_back
118.403825275950,125.033383113492,0.000000000000,,gps_back
118.396120030340,125.082716703961,0.000000000000,,gps_back
118.385989841977,125.131671991815,0.000000000000,,gps_back
118.378334012743,125.181041310206,0.000000000000,,gps_back
118.372296130256,125.230666283600,0.000000000000,,gps_back
118.363769525408,125.279897436262,0.000000000000,,gps_back
118.354116645563,125.328939100723,0.000000000000,,gps_back
118.346808434904,125.378387655311,0.000000000000,,gps_back
118.341003089250,125.428046462617,0.000000000000,,gps_back
118.335565649784,125.477747537739,0.000000000000,,gps_back
118.328365620485,125.527174538374,0.000000000000,,gps_back
118.318302687970,125.576147980036,0.000000000000,,gps_back
118.309994537289,125.625384318641,0.000000000000,,gps_back
118.304491648357,125.675077797615,0.000000000000,,gps_back
118.296777081913,125.724420671054,0.000000000000,,gps_back
118.286982659856,125.773443126652,0.000000000000,,gps_back
118.279584379864,125.822859329853,0.000000000000,,gps_back
118.274132124794,125.872558694857,0.000000000000,,gps_back
118.268360379195,125.922221638048,0.000000000000,,gps_back
118.261148735683,125.971676243435,0.000000000000,,gps_back
118.251529899511,126.020731512749,0.000000000000,,gps_back
118.241229127374,126.069654589030,0.000000000000,,gps_back
118.231512579487,126.118698936289,0.000000000000,,gps_back
118.221524548046,126.167686705426,0.000000000000,,gps_back
118.211102452805,126.216585952392,0.000000000000,,gps_back
118.202878695797,126.265840681876,0.000000000000,,gps_back
118.197278871761,126.315522918451,0.000000000000,,gps_back
118.189327225859,126.364826050733,0.000000000000,,gps_back
118.178600791027,126.413659556681,0.000000000000,,gps_back
118.167874356193,126.462493062628,0.000000000000,,gps_back
118.158421073855,126.511565325487,0.000000000000,,gps_back
118.151712613013,126.561097164915,0.000000000000,,gps_back
118.144999459017,126.610615981652,0.000000000000,,gps_back
118.135537038732,126.659698822650,0.000000000000,,gps_back
118.126718130476,126.708863750987,0.000000000000,,gps_back
118.120821963756,126.758510336538,0.000000000000,,gps_back
118.113502663863,126.807914878247,0.000000000000,,gps_back
118.103403385053,126.856881773296,0.000000000000,,gps_back
118.095237962730,126.906147488909,0.000000000000,,gps_back
118.089586302228,126.955823482386,0.000000000000,,gps_back
118.081544211240,127.005114511965,0.000000000000,,gps_back
118.070817776408,127.053948017913,0.000000000000,,gps_back
118.060091341576,127.102781523861,0.000000000000,,gps_back
118.050708951376,127.151865242432,0.000000000000,,gps_back
118.044098773418,127.201411448099,0.000000000000,,gps_back
118.037419300561,127.250935613509,0.000000000000,,gps_back
118.028083084649,127.300043955560,0.000000000000,,gps_back
118.017528664136,127.348914790753,0.000000000000,,gps_back
118.006998215332,127.397790590820,0.000000000000,,gps_back
117.998802409478,127.447049054820,0.000000000000,,gps_back
117.993184076430,127.496729101565,0.000000000000,,gps_back
117.985174083264,127.546023252480,0.000000000000,,gps_back
117.974447648432,127.594856758427,0.000000000000,,gps_back
117.963721213600,127.643690264375,0.000000000000,,gps_back
117.954313535115,127.692770429938,0.000000000000,,gps_back
117.947663185116,127.742310272245,0.000000000000,,gps_back
117.942156333110,127.792003315749,0.000000000000,,gps_back
117.936290373424,127.841655495150,0.000000000000,,gps_back
117.928529054237,127.891005505570,0.000000000000,,gps_back
117.918379216254,127.939962001286,0.000000000000,,gps_back
117.910243093098,127.989231131096,0.000000000000,,gps_back
117.904895997173,128.038942052436,0.000000000000,,gps_back
117.899363314527,128.088632329329,0.000000000000,,gps_back
117.892814607588,128.138190435721,0.000000000000,,gps_back
117.883855783288,128.187353933976,0.000000000000,,gps_back
117.874358183042,128.236420266606,0.000000000000,,gps_back
117.867295637016,128.285907578993,0.000000000000,,gps_back
117.859989044112,128.335345015664,0.000000000000,,gps_back
117.850727619003,128.384476691940,0.000000000000,,gps_back
117.842486682665,128.433766703160,0.000000000000,,gps_back
117.835953824981,128.483335733700,0.000000000000,,gps_back
117.827702149291,128.532608869515,0.000000000000,,gps_back
117.818019042661,128.581651648446,0.000000000000,,gps_back
117.810789664702,128.631095970640,0.000000000000,,gps_back
117.804529893019,128.680689292758,0.000000000000,,gps_back
117.795683316521,128.729871129613,0.000000000000,,gps_back
117.786423385108,128.778976861307,0.000000000000,,gps_back
117.779896160790,128.828535649781,0.000000000000,,gps_back
117.773014465553,128.878026505125,0.000000000000,,gps_back
117.763342873680,128.927070601373,0.000000000000,,gps_back
117.754423476868,128.976222461314,0.000000000000,,gps_back
117.747961476186,129.025800507282,0.000000000000,,gps_back
117.740974910011,129.075300986556,0.000000000000,,gps_back
117.733080970245,129.124671558989,0.000000000000,,gps_back
117.725187030478,129.174042131421,0.000000000000,,gps_back
117.716797607263,129.223327651515,0.000000000000,,gps_back
117.707026371164,129.272353626014,0.000000000000,,gps_back
117.697773137653,129.321458444529,0.000000000000,,gps_back
117.691289759883,129.371023658212,0.000000000000,,gps_back
117.685832101749,129.420722428017,0.000000000000,,gps_back
117.680189580043,129.470400653626,0.000000000000,,gps_back
117.672909401466,129.519833060774,0.000000000000,,gps_back
117.663487043680,129.568934566490,0.000000000000,,gps_back
117.655369983264,129.618239523498,0.000000000000,,gps_back
117.648864147602,129.667811072707,0.000000000000,,gps_back
117.640293941181,129.717030215140,0.000000000000,,gps_back
117.630540337703,129.766054619457,0.000000000000,,gps_back
117.623421213359,129.815517304467,0.000000000000,,gps_back
117.617001226960,129.865086407687,0.000000000000,,gps_back
117.607948516281,129.914235741199,0.000000000000,,gps_back
117.598743632759,129.963350628276,0.000000000000,,gps_back
117.592095654697,130.012897586833,0.000000000000,,gps_back
117.586514422560,130.062582443997,0.000000000000,,gps_back
117.581145581876,130.112291025386,0.000000000000,,gps_back
117.573874361868,130.161709742106,0.000000000000,,gps_back
117.564149505374,130.210752473118,0.000000000000,,gps_back
117.556128914315,130.260061412928,0.000000000000,,gps_back
117.550338615955,130.309722666243,0.000000000000,,gps_back
117.544449051979,130.359372095630,0.000000000000,,gps_back
117.537658878396,130.408899033617,0.000000000000,,gps_back
117.529103945030,130.458150808410,0.000000000000,,gps_back
117.520323525636,130.507363476063,0.000000000000,,gps_back
117.513311916459,130.556858973928,0.000000000000,,gps_back
117.505809807352,130.606262565011,0.000000000000,,gps_back
117.495999659836,130.655285383497,0.000000000000,,gps_back
117.485838394554,130.704238865505,0.000000000000,,gps_back
117.475977204213,130.753254420058,0.000000000000,,gps_back
117.467970712641,130.802563006581,0.000000000000,,gps_back
117.462220176605,130.852228869751,0.000000000000,,gps_back
117.456326963371,130.901877873171,0.000000000000,,gps_back
117.449504502471,130.951399778520,0.000000000000,,gps_back
117.440910148110,131.000645292575,0.000000000000,,gps_back
117.432322659471,131.049887677257,0.000000000000,,gps_back
117.425861916761,131.099455443522,0.000000000000,,gps_back
117.420364779595,131.149149637173,0.000000000000,,gps_back
117.414515159763,131.198803683852,0.000000000000,,gps_back
117.406796159038,131.248165222812,0.000000000000,,gps_back
117.396652043546,131.297121494204,0.000000000000,,gps_back
117.388429540973,131.346368548136,0.000000000000,,gps_back
117.383064979764,131.396077591942,0.000000000000,,gps_back
117.377538094824,131.445768575051,0.000000000000,,gps_back
117.371276012867,131.495368705228,0.000000000000,,gps_back
117.363156274891,131.544684905192,0.000000000000,,gps_back
117.353419349132,131.593724905123,0.000000000000,,gps_back
117.343120499537,131.642648778433,0.000000000000,,gps_back
117.333574330617,131.691708641073,0.000000000000,,gps_back
117.326408884587,131.741179188889,0.000000000000,,gps_back
117.320641320508,131.790842264979,0.000000000000,,gps_back
117.315244876608,131.840547818294,0.000000000000,,gps_back
117.307855743885,131.889942720415,0.000000000000,,gps_back
117.297619621902,131.938879924439,0.000000000000,,gps_back
117.287465940725,131.987832672576,0.000000000000,,gps_back
117.278042993731,132.036934108006,0.000000000000,,gps_back
117.270247599160,132.086293587865,0.000000000000,,gps_back
117.264271974568,132.135932852862,0.000000000000,,gps_back
117.258449399414,132.185590225123,0.000000000000,,gps_back
117.251625485558,132.235104482199,0.000000000000,,gps_back
117.242689171506,132.284289762246,0.000000000000,,gps_back
117.233985563788,132.333507263660,0.000000000000,,gps_back
117.227400813433,132.383062923090,0.000000000000,,gps_back
117.219725960544,132.432419553991,0.000000000000,,gps_back
117.209592786036,132.481379514632,0.000000000000,,gps_back
117.201574146119,132.530668643229,0.000000000000,,gps_back
117.196068880708,132.580362019717,0.000000000000,,gps_back
117.189379488875,132.629897772980,0.000000000000,,gps_back
117.181485549108,132.679268345413,0.000000000000,,gps_back
117.173591609342,132.728638917845,0.000000000000,,gps_back
117.165188962664,132.777922207510,0.000000000000,,gps_back
117.155396720830,132.826943876216,0.000000000000,,gps_back
117.146337759362,132.876078913476,0.000000000000,,gps_back
117.140303381229,132.925698393938,0.000000000000,,gps_back
117.135142448635,132.975427548844,0.000000000000,,gps_back
117.129136720509,133.025060924123,0.000000000000,,gps_back
117.121231629225,133.074405978696,0.000000000000,,gps_back
117.111539954307,133.123455099098,0.000000000000,,gps_back
117.101340543969,133.172399875071,0.000000000000,,gps_back
117.090982083119,133.221311939934,0.000000000000,,gps_back
117.082518997428,133.270556569430,0.000000000000,,gps_back
117.075966265020,133.320122981712,0.000000000000,,gps_back
117.069469981206,133.369696804116,0.000000000000,,gps_back
117.063359958901,133.419318357574,0.000000000000,,gps_back
117.057466607352,133.468967075047,0.000000000000,,gps_back
117.051000593621,133.518543350655,0.000000000000,,gps_back
117.043985408460,133.568046228476,0.000000000000,,gps_back
117.036376223303,133.617459084301,0.000000000000,,gps_back
117.026970422292,133.666543729212,0.000000000000,,gps_back
117.015045909131,133.715085493027,0.000000000000,,gps_back
117.007529687199,133.764132047639,0.000000000000,,gps_back
117.003654706669,133.813875093987,0.000000000000,,gps_back
116.995867016660,133.863260311008,0.000000000000,,gps_back
116.988152511215,133.912655194649,0.000000000000,,gps_back
116.981726017578,133.962233647061,0.000000000000,,gps_back
116.974847929769,134.011739423528,0.000000000000,,gps_back
116.966305397388,134.061000875982,0.000000000000,,gps_back
116.957777998388,134.110264429076,0.000000000000,,gps_back
116.950045816743,134.159658865141,0.000000000000,,gps_back
116.943109015322,134.209171483539,0.000000000000,,gps_back
116.934630121016,134.258397928353,0.000000000000,,gps_back
116.923784190605,134.307204971984,0.000000000000,,gps_back
116.915254356181,134.356399818999,0.000000000000,,gps_back
116.909460910588,134.406060674366,0.000000000000,,gps_back
116.903543988420,134.455706953069,0.000000000000,,gps_back
116.896386700191,134.505173344351,0.000000000000,,gps_back
116.887364983008,134.554347191990,0.000000000000,,gps_back
116.877402433663,134.603340718491,0.000000000000,,gps_back
116.866894176283,134.652221403319,0.000000000000,,gps_back
116.858531951509,134.701450460408,0.000000000000,,gps_back
116.853000210769,134.751140900038,0.000000000000,,gps_back
116.845742956307,134.800565604440,0.000000000000,,gps_back
116.836232240916,134.849650342710,0.000000000000,,gps_back
116.828598342786,134.899017082964,0.000000000000,,gps_back
116.823213047428,134.948723884924,0.000000000000,,gps_back
116.817538464004,134.998397415575,0.000000000000,,gps_back
116.811043637338,135.047968821031,0.000000000000,,gps_back
116.802834287366,135.097271420078,0.000000000000,,gps_back
116.793271040611,135.146345975795,0.000000000000,,gps_back
116.783707793856,135.195420531513,0.000000000000,,gps_back
116.774751024283,135.244604918608,0.000000000000,,gps_back
116.767842913400,135.294101518392,0.000000000000,,gps_back
116.761761085101,135.343721643220,0.000000000000,,gps_back
116.753497958638,135.393010206792,0.000000000000,,gps_back
116.744443837164,135.442174413019,0.000000000000,,gps_back
116.737587982258,135.491678832233,0.000000000000,,gps_back
116.731272491193,135.541264529855,0.000000000000,,gps_back
116.722291929591,135.590420952105,0.000000000000,,gps_back
116.711902062619,135.639325791575,0.000000000000,,gps_back
116.702102950980,135.688353277849,0.000000000000,,gps_back
116.693782359908,135.737635368386,0.000000000000,,gps_back
116.687604515260,135.787243786872,0.000000000000,,gps_back
116.681444762197,135.836852999486,0.000000000000,,gps_back
116.673975595783,135.886287809366,0.000000000000,,gps_back
116.666060741949,135.935655033271,0.000000000000,,gps_back
116.658145888116,135.985022257177,0.000000000000,,gps_back
116.651206344005,136.034524865600,0.000000000000,,gps_back
116.645055292637,136.084141535110,0.000000000000,,gps_back
116.636975906225,136.133453184428,0.000000000000,,gps_back
116.627574467821,136.182556543750,0.000000000000,,gps_back
116.620357358276,136.231997989429,0.000000000000,,gps_back
116.614544980100,136.281653935670,0.000000000000,,gps_back
116.606679010144,136.331002447985,0.000000000000,,gps_back
116.596975211574,136.380049168809,0.000000000000,,gps_back
116.586706908855,136.428979072883,0.000000000000,,gps_back
116.577112230529,136.478032199392,0.000000000000,,gps_back
116.570008028694,136.527505551807,0.000000000000,,gps_back
116.563613869129,136.577087768846,0.000000000000,,gps_back
116.556262844497,136.626541510753,0.000000000000,,gps_back
116.548761178667,136.675973090046,0.000000000000,,gps_back
116.542163638109,136.725526348397,0.000000000000,,gps_back
116.535005367338,136.774984589089,0.000000000000,,gps_back
116.523788744042,136.823636938640,0.000000000000,,gps_back
116.516048733195,136.872594040645,0.000000000000,,gps_back
116.508554532614,136.921528030407,0.000000000000,,gps_back
116.495807510836,136.969824144381,0.000000000000,,gps_back
116.495354524581,136.981280070708,0.000000000000,,gps_back
116.490275934110,137.030517822842,0.000000000000,,gps_back
116.477761905641,137.078895627397,0.000000000000,,gps_back
116.468483056310,137.128009444218,0.000000000000,,gps_back
116.461703231909,137.177540599072,0.000000000000,,gps_back
116.455413518443,137.227140996200,0.000000000000,,gps_back
116.449397798329,137.276775385248,0.000000000000,,gps_back
116.440888639042,137.326036963525,0.000000000000,,gps_back
116.431398681974,137.375125184592,0.000000000000,,gps_back
116.422480168397,137.424320553287,0.000000000000,,gps_back
116.413522430403,137.473509225741,0.000000000000,,gps_back
116.405468918836,137.522853135951,0.000000000000,,gps_back
116.396584830154,137.572054274601,0.000000000000,,gps_back
116.383232790259,137.620215406911,0.000000000000,,gps_back
116.367403519057,137.667636371924,0.000000000000,,gps_back
116.351214793852,137.714940601731,0.000000000000,,gps_back
116.340022521159,137.763641951638,0.000000000000,,gps_back
116.329530229907,137.812526257910,0.000000000000,,gps_back
116.313869441615,137.859980286394,0.000000000000,,gps_back
116.298112549711,137.907429986107,0.000000000000,,gps_back
116.283944056942,137.955375594670,0.000000000000,,gps_back
116.273322978274,138.004220681379,0.000000000000,,gps_back
116.260346186522,138.052498013027,0.000000000000,,gps_back
116.244543458844,138.099925994450,0.000000000000,,gps_back
116.231084750354,138.148071745558,0.000000000000,,gps_back
116.223050357090,138.197396076697,0.000000000000,,gps_back
116.214134691356,138.246590932085,0.000000000000,,gps_back
116.205409409774,138.295821305129,0.000000000000,,gps_back
116.193028413983,138.344249713163,0.000000000000,,gps_back
116.184626052799,138.393520496855,0.000000000000,,gps_back
116.178819581879,138.443176140611,0.000000000000,,gps_back
116.165574349517,138.491348228190,0.000000000000,,gps_back
116.149517109788,138.538693301154,0.000000000000,,gps_back
116.133312844178,138.585992238599,0.000000000000,,gps_back
116.117108578576,138.633291176046,0.000000000000,,gps_back
116.102296552734,138.681042995489,0.000000000000,,gps_back
116.088803357777,138.729184433517,0.000000000000,,gps_back
116.076204531425,138.777568235920,0.000000000000,,gps_back
116.063633407397,138.825959707386,0.000000000000,,gps_back
116.047643894325,138.873323227388,0.000000000000,,gps_back
116.031759955789,138.920730621440,0.000000000000,,gps_back
116.020511830522,138.969431776162,0.000000000000,,gps_back
116.007063526450,139.017582677445,0.000000000000,,gps_back
115.991183062943,139.064987821456,0.000000000000,,gps_back
115.974767026596,139.112213565557,0.000000000000,,gps_back
115.957222807105,139.159031170142,0.000000000000,,gps_back
115.938269469896,139.205295817166,0.000000000000,,gps_back
115.915796213032,139.249949014306,0.000000000000,,gps_back
115.893420024619,139.294659950763,0.000000000000,,gps_back
115.876028786549,139.341517748553,0.000000000000,,gps_back
115.855575467722,139.387132496160,0.000000000000,,gps_back
115.836223914590,139.433232165456,0.000000000000,,gps_back
115.817634565058,139.479645257537,0.000000000000,,gps_back
115.796270917499,139.524843750168,0.000000000000,,gps_back
115.779676485237,139.571993099436,0.000000000000,,gps_back
115.757586945763,139.616826108486,0.000000000000,,gps_back
115.735227304856,139.661545390300,0.000000000000,,gps_back
115.710244964633,139.704849325433,0.000000000000,,gps_back
115.686046652682,139.748600433081,0.000000000000,,gps_back
115.663610303213,139.793279393564,0.000000000000,,gps_back
115.640473590659,139.837601241892,0.000000000000,,gps_back
115.614030031471,139.880026246175,0.000000000000,,gps_back
115.587282775972,139.922267818791,0.000000000000,,gps_back
115.559676397414,139.963952471487,0.000000000000,,gps_back
115.532915239469,140.006184680808,0.000000000000,,gps_back
115.506322374782,140.048523625353,0.000000000000,,gps_back
115.475473029443,140.087854107742,0.000000000000,,gps_back
115.446379084281,140.128511912004,0.000000000000,,gps_back
115.416745217368,140.168780719510,0.000000000000,,gps_back
115.384930444812,140.207346042634,0.000000000000,,gps_back
115.352929628911,140.245761076435,0.000000000000,,gps_back
115.321568548965,140.284699774585,0.000000000000,,gps_back
115.294123310443,140.326480214869,0.000000000000,,gps_back
115.259895705244,140.362884083943,0.000000000000,,gps_back
115.225465193174,140.399137459761,0.000000000000,,gps_back
115.193538365900,140.437608458203,0.000000000000,,gps_back
115.161552440069,140.476035879441,0.000000000000,,gps_back
115.129545293776,140.514445647448,0.000000000000,,gps_back
115.097700499823,140.552990103379,0.000000000000,,gps_back
115.065717873962,140.591420273851,0.000000000000,,gps_back
115.033701420540,140.629822283765,0.000000000000,,gps_back
115.001683877939,140.668223386263,0.000000000000,,gps_back
114.969666335337,140.706624488762,0.000000000000,,gps_back
114.937648792735,140.745025591261,0.000000000000,,gps_back
114.903741423128,140.781765394746,0.000000000000,,gps_back
114.869383708626,140.818087631741,0.000000000000,,gps_back
114.831494826452,140.850694347549,0.000000000000,,gps_back
114.792466033215,140.881942225037,0.000000000000,,gps_back
114.756635714529,140.916800259742,0.000000000000,,gps_back
114.722218637522,140.953064819523,0.000000000000,,gps_back
114.684758649833,140.986168137457,0.000000000000,,gps_back
114.645740152221,141.017427677160,0.000000000000,,gps_back
114.607903441387,141.050108421670,0.000000000000,,gps_back
114.570860269069,141.083687131638,0.000000000000,,gps_back
114.530539442454,141.113235755233,0.000000000000,,gps_back
114.488972774096,141.141018150599,0.000000000000,,gps_back
114.448116743395,141.169836563111,0.000000000000,,gps_back
114.408041034220,141.199730639001,0.000000000000,,gps_back
114.368206518335,141.229946117282,0.000000000000,,gps_back
114.327462872741,141.258922863976,0.000000000000,,gps_back
114.287367489352,141.288790718328,0.000000000000,,gps_back
114.247351022077,141.318764869980,0.000000000000,,gps_back
114.206936551462,141.348199964460,0.000000000000,,gps_back
114.166959065485,141.378225808926,0.000000000000,,gps_back
114.126578873731,141.407707892123,0.000000000000,,gps_back
114.085012984195,141.435491343870,0.000000000000,,gps_back
114.042949482190,141.462517411553,0.000000000000,,gps_back
114.000021367062,141.488146845162,0.000000000000,,gps_back
113.955550689679,141.510990607119,0.000000000000,,gps_back
113.910445536492,141.532560084854,0.000000000000,,gps_back
113.864976437380,141.553352139385,0.000000000000,,gps_back
113.820105990665,141.575405557608,0.000000000000,,gps_back
113.778304622171,141.602817702340,0.000000000000,,gps_back
113.736242983917,141.629846873115,0.000000000000,,gps_back
113.693443069110,141.655690348415,0.000000000000,,gps_back
113.654221157972,141.686680177586,0.000000000000,,gps_back
113.617157158972,141.720233217380,0.000000000000,,gps_back
113.577916308389,141.751211676515,0.000000000000,,gps_back
113.537966117234,141.781273699104,0.000000000000,,gps_back
113.497902809972,141.811185210953,0.000000000000,,gps_back
113.458053276868,141.841380900942,0.000000000000,,gps_back
113.418971606540,141.872563559556,0.000000000000,,gps_back
113.380274224740,141.904222256767,0.000000000000,,gps_back
113.343221097986,141.937788648638,0.000000000000,,gps_back
113.305316285046,141.970391646875,0.000000000000,,gps_back
113.265292404093,142.000352149060,0.000000000000,,gps_back
113.226379199360,142.031744181417,0.000000000000,,gps_back
113.188635171654,142.064532818144,0.000000000000,,gps_back
113.149798214607,142.096019328487,0.000000000000,,gps_back
113.112225763792,142.129004203450,0.000000000000,,gps_back
113.117160127963,142.124211994423,0.000000000000,,gps_back
113.153079238801,142.089433925710,0.000000000000,,gps_back
113.148165650693,142.094235841362,0.000000000000,,gps_back
113.112190234478,142.128956538077,0.000000000000,,gps_back
113.074541934674,142.161846332877,0.000000000000,,gps_back
113.035384483845,142.192926981033,0.000000000000,,gps_back
112.998797524238,142.226977257595,0.000000000000,,gps_back
112.960039243333,142.258539286010,0.000000000000,,gps_back
112.921033542914,142.289817442001,0.000000000000,,gps_back
112.881584466417,142.320533662379,0.000000000000,,gps_back
112.841186684525,142.349987996089,0.000000000000,,gps_back
112.799523127736,142.377619208250,0.000000000000,,gps_back
112.753350163102,142.396566619885,0.000000000000,,gps_back
112.790448748293,142.369272810221,0.000000000000,,gps_back
112.831095590713,142.340159213043,0.000000000000,,gps_back
112.867827948458,142.306263750591,0.000000000000,,gps_back
112.906714818795,142.274846009628,0.000000000000,,gps_back
112.947269623331,142.245608630917,0.000000000000,,gps_back
112.920380430586,142.266027853382,0.000000000000,,gps_back
112.881222131479,142.297109611547,0.000000000000,,gps_back
112.840720871600,142.326405031449,0.000000000000,,gps_back
112.800196509236,142.355688188539,0.000000000000,,gps_back
112.758002526151,142.382475972534,0.000000000000,,gps_back
112.716293189041,142.410037873034,0.000000000000,,gps_back
112.673364698071,142.435642988806,0.000000000000,,gps_back
112.628143908464,142.456885241202,0.000000000000,,gps_back
112.584648253651,142.481462723854,0.000000000000,,gps_back
112.540706537980,142.505303060398,0.000000000000,,gps_back
112.496696452906,142.529028032208,0.000000000000,,gps_back
112.453582585448,142.554333778874,0.000000000000,,gps_back
112.409699717675,142.578279775919,0.000000000000,,gps_back
112.364712063819,142.600076495021,0.000000000000,,gps_back
112.318466731054,142.619044911027,0.000000000000,,gps_back
112.273167513579,142.640170323745,0.000000000000,,gps_back
112.228877433942,142.663356300942,0.000000000000,,gps_back
112.184730936776,142.686826590573,0.000000000000,,gps_back
112.140524392609,142.710183521326,0.000000000000,,gps_back
112.094853916650,142.730479921855,0.000000000000,,gps_back
112.048923455004,142.750232400189,0.000000000000,,gps_back
112.001655476058,142.766448019213,0.000000000000,,gps_back
111.954068000405,142.781783854793,0.000000000000,,gps_back
111.908348907400,142.801901891388,0.000000000000,,gps_back
111.863187616976,142.823353637366,0.000000000000,,gps_back
111.818571097674,142.845912499884,0.000000000000,,gps_back
111.772392846877,142.865003949489,0.000000000000,,gps_back
111.724916303330,142.880630757789,0.000000000000,,gps_back
111.677801453179,142.897348323629,0.000000000000,,gps_back
111.631207170021,142.915472545204,0.000000000000,,gps_back
111.584679588475,142.933774233596,0.000000000000,,gps_back
111.538242140307,142.952303143872,0.000000000000,,gps_back
111.491790153307,142.970795830414,0.000000000000,,gps_back
111.444501704585,142.986999431813,0.000000000000,,gps_back
111.397599003460,143.004304638939,0.000000000000,,gps_back
111.350596499422,143.021348095805,0.000000000000,,gps_back
111.303510061656,143.038159733381,0.000000000000,,gps_back
111.256719480113,143.055774372220,0.000000000000,,gps_back
111.209389195437,143.071870268186,0.000000000000,,gps_back
111.162713653602,143.089767620945,0.000000000000,,gps_back
111.116273825620,143.108290469749,0.000000000000,,gps_back
111.069298143592,143.125397000091,0.000000000000,,gps_back
111.021918962630,143.141360345791,0.000000000000,,gps_back
110.974488013966,143.157174036517,0.000000000000,,gps_back
110.927089515598,143.173084670990,0.000000000000,,gps_back
110.880264120333,143.190596516316,0.000000000000,,gps_back
110.833777231941,143.208999270241,0.000000000000,,gps_back
110.788661601820,143.230505283391,0.000000000000,,gps_back
110.744363763696,143.253682585100,0.000000000000,,gps_back
110.697379468360,143.270540177223,0.000000000000,,gps_back
110.652329841748,143.292083211744,0.000000000000,,gps_back
110.606822148207,143.312776243209,0.000000000000,,gps_back
110.560427385539,143.331396001307,0.000000000000,,gps_back
110.513605273461,143.348927107694,0.000000000000,,gps_back
110.466294579308,143.365088503152,0.000000000000,,gps_back
110.419689682153,143.383170125944,0.000000000000,,gps_back
110.370943970405,143.393810420777,0.000000000000,,gps_back
110.321712608324,143.402526158275,0.000000000000,,gps_back
110.273674419647,143.416231516155,0.000000000000,,gps_back
110.225662213317,143.430179526493,0.000000000000,,gps_back
110.176476226321,143.438934386480,0.000000000000,,gps_back
110.127562596098,143.449252638756,0.000000000000,,gps_back
110.080824895677,143.466806907400,0.000000000000,,gps_back
110.031771886989,143.475754749166,0.000000000000,,gps_back
109.982564815510,143.484599181119,0.000000000000,,gps_back
109.933446731376,143.493935479926,0.000000000000,,gps_back
109.885181970220,143.506912511184,0.000000000000,,gps_back
109.837081088584,143.520553212572,0.000000000000,,gps_back
109.788085752623,143.530412237599,0.000000000000,,gps_back
109.739210183909,143.540936394226,0.000000000000,,gps_back
109.691649557232,143.556257116013,0.000000000000,,gps_back
109.642835810255,143.566890024472,0.000000000000,,gps_back
109.593734399826,143.576312495270,0.000000000000,,gps_back
109.544619753458,143.585667666007,0.000000000000,,gps_back
109.496476804707,143.599075434833,0.000000000000,,gps_back
109.448285014017,143.612389564918,0.000000000000,,gps_back
109.399180968143,143.621691629075,0.000000000000,,gps_back
109.349797727781,143.629497639215,0.000000000000,,gps_back
109.300451408692,143.637540752667,0.000000000000,,gps_back
109.251284017149,143.646607835220,0.000000000000,,gps_back
109.201957450477,143.654763819029,0.000000000000,,gps_back
109.152699527444,143.663330458944,0.000000000000,,gps_back
109.102946623350,143.668073464932,0.000000000000,,gps_back
109.053056956644,143.671340323145,0.000000000000,,gps_back
109.003410974704,143.677189548911,0.000000000000,,gps_back
108.953456556135,143.678512152393,0.000000000000,,gps_back
108.904093514085,143.686132548821,0.000000000000,,gps_back
108.854167875752,143.686174883199,0.000000000000,,gps_back
108.804263231832,143.688989464723,0.000000000000,,gps_back
108.754401649040,143.692672563735,0.000000000000,,gps_back
108.704786460838,143.698796606784,0.000000000000,,gps_back
108.655402680356,143.706593879070,0.000000000000,,gps_back
108.605855177344,143.713275664106,0.000000000000,,gps_back
108.555904878261,143.713017221466,0.000000000000,,gps_back
108.505914215800,143.712180400259,0.000000000000,,gps_back
108.456514424518,143.719447844922,0.000000000000,,gps_back
108.406587865758,143.721240065151,0.000000000000,,gps_back
108.356597519996,143.720591762619,0.000000000000,,gps_back
108.306677105551,143.723168170096,0.000000000000,,gps_back
108.257048320950,143.729159805876,0.000000000000,,gps_back
108.207093970982,143.728530479586,0.000000000000,,gps_back
108.157103594905,143.727682026152,0.000000000000,,gps_back
108.107112634843,143.726862502207,0.000000000000,,gps_back
108.057121739958,143.726039012890,0.000000000000,,gps_back
108.007131729050,143.725163629188,0.000000000000,,gps_back
107.957142168622,143.724262786038,0.000000000000,,gps_back
107.907151318027,143.723436906848,0.000000000000,,gps_back
107.857160357965,143.722617382920,0.000000000000,,gps_back
107.807176745906,143.721436122092,0.000000000000,,gps_back
107.757190023118,143.720390669923,0.000000000000,,gps_back
107.707200038598,143.719514805396,0.000000000000,,gps_back
107.657374893502,143.715467787356,0.000000000000,,gps_back
107.608017052050,143.707560503842,0.000000000000,,gps_back
107.558077507240,143.706069035683,0.000000000000,,gps_back
107.508086732130,143.705239126748,0.000000000000,,gps_back
107.458648485359,143.698004308917,0.000000000000,,gps_back
107.408925713548,143.692817005213,0.000000000000,,gps_back
107.358952179786,143.691651528736,0.000000000000,,gps_back
107.309057081423,143.688508021300,0.000000000000,,gps_back
107.259890224625,143.679553879612,0.000000000000,,gps_back
107.209954449729,143.678195974598,0.000000000000,,gps_back
107.159965280310,143.677274052591,0.000000000000,,gps_back
107.110536362071,143.669941976073,0.000000000000,,gps_back
107.060804695651,143.664836521674,0.000000000000,,gps_back
107.010947338741,143.661105001026,0.000000000000,,gps_back
106.961728912133,143.652395392927,0.000000000000,,gps_back
106.911789302391,143.650713364937,0.000000000000,,gps_back
106.862684124791,143.641495237662,0.000000000000,,gps_back
106.813638075057,143.631786863750,0.000000000000,,gps_back
106.763905171973,143.626769085205,0.000000000000,,gps_back
106.714060212531,143.622869064199,0.000000000000,,gps_back
106.664817142788,143.614276483114,0.000000000000,,gps_back
106.614872863016,143.612519561524,0.000000000000,,gps_back
106.565791299014,143.603140422944,0.000000000000,,gps_back
106.515885572950,143.600505149820,0.000000000000,,gps_back
106.465896474253,143.599626945888,0.000000000000,,gps_back
106.416076402141,143.595471682498,0.000000000000,,gps_back
106.366778009924,143.587175585099,0.000000000000,,gps_back
106.316811586936,143.586087794835,0.000000000000,,gps_back
106.267607346235,143.577343764872,0.000000000000,,gps_back
106.218555963590,143.567663153441,0.000000000000,,gps_back
106.169506895314,143.557970031911,0.000000000000,,gps_back
106.120452763995,143.548302566634,0.000000000000,,gps_back
106.071410079124,143.538577205778,0.000000000000,,gps_back
106.021455059481,143.537236414299,0.000000000000,,gps_back
105.972004731454,143.529950081543,0.000000000000,,gps_back
105.922290569599,143.524647552793,0.000000000000,,gps_back
105.872550863477,143.519575213634,0.000000000000,,gps_back
105.823137022317,143.511966807052,0.000000000000,,gps_back
105.773157717876,143.511010737028,0.000000000000,,gps_back
105.723166867063,143.510184576322,0.000000000000,,gps_back
105.673781111806,143.502449406471,0.000000000000,,gps_back
105.624726368157,143.492788076549,0.000000000000,,gps_back
105.575679192244,143.483085384109,0.000000000000,,gps_back
105.526498258212,143.474085702211,0.000000000000,,gps_back
105.476520616951,143.473131485520,0.000000000000,,gps_back
105.427232459732,143.464795571258,0.000000000000,,gps_back
105.378177448843,143.455133708780,0.000000000000,,gps_back
105.329206386794,143.445054010515,0.000000000000,,gps_back
105.280314231429,143.434598259342,0.000000000000,,gps_back
105.231272949335,143.424866242370,0.000000000000,,gps_back
105.182215709579,143.415214565815,0.000000000000,,gps_back
105.132298826196,143.412504418885,0.000000000000,,gps_back
105.082688949112,143.406302821693,0.000000000000,,gps_back
105.033588986679,143.396876224667,0.000000000000,,gps_back
104.984575737242,143.387003669680,0.000000000000,,gps_back
104.935809908170,143.375974249519,0.000000000000,,gps_back
104.886546069486,143.367443206242,0.000000000000,,gps_back
104.837622945405,143.357134810204,0.000000000000,,gps_back
104.788706180675,143.346794702190,0.000000000000,,gps_back
104.739659592121,143.337089242044,0.000000000000,,gps_back
104.690604023635,143.327429071611,0.000000000000,,gps_back
104.641561616896,143.317702304165,0.000000000000,,gps_back
104.592714874857,143.307036711909,0.000000000000,,gps_back
104.543699996125,143.297172488014,0.000000000000,,gps_back
104.494651589380,143.287476032373,0.000000000000,,gps_back
104.445604072446,143.277775063886,0.000000000000,,gps_back
104.396548222095,143.268116325039,0.000000000000,,gps_back
104.347505810492,143.258389582256,0.000000000000,,gps_back
104.298450506602,143.248728069724,0.000000000000,,gps_back
104.249402427163,143.239029946356,0.000000000000,,gps_back
104.200443855903,143.228889727040,0.000000000000,,gps_back
104.151544581766,143.218467255194,0.000000000000,,gps_back
104.102421972861,143.209154649126,0.000000000000,,gps_back
104.052713509961,143.203798564846,0.000000000000,,gps_back
104.002999588588,143.198479379840,0.000000000000,,gps_back
103.953656694132,143.190418714907,0.000000000000,,gps_back
103.904602762986,143.180751375469,0.000000000000,,gps_back
103.855560401776,143.171024377200,0.000000000000,,gps_back
103.806518119044,143.161296982286,0.000000000000,,gps_back
103.756553962479,143.159629729901,0.000000000000,,gps_back
103.707306109632,143.151025215074,0.000000000000,,gps_back
103.658252938277,143.141353206909,0.000000000000,,gps_back
103.609201533191,143.131671917406,0.000000000000,,gps_back
103.559897338618,143.123374197391,0.000000000000,,gps_back
103.509939281160,143.121424346407,0.000000000000,,gps_back
103.460819009462,143.112106092711,0.000000000000,,gps_back
103.411754283791,143.102492550049,0.000000000000,,gps_back
103.362706496353,143.092792950282,0.000000000000,,gps_back
103.313658029641,143.083096785035,0.000000000000,,gps_back
103.264652589019,143.073185459661,0.000000000000,,gps_back
103.215718396677,143.062928159528,0.000000000000,,gps_back
103.165728168353,143.062102101125,0.000000000000,,gps_back
103.116482185351,143.053467590912,0.000000000000,,gps_back
103.067430228623,143.043789106136,0.000000000000,,gps_back
103.018464672717,143.033682874189,0.000000000000,,gps_back
102.969050220921,143.026078418870,0.000000000000,,gps_back
102.919105266002,143.023859866258,0.000000000000,,gps_back
102.870017338833,143.014365493522,0.000000000000,,gps_back
102.820929596019,143.004870175326,0.000000000000,,gps_back
102.771867194062,142.995248744701,0.000000000000,,gps_back
102.722252806252,142.989073371910,0.000000000000,,gps_back
102.672432587265,142.984916512233,0.000000000000,,gps_back
102.623388279885,142.975199333738,0.000000000000,,gps_back
102.574331015978,142.965547779333,0.000000000000,,gps_back
102.525289646737,142.955816473377,0.000000000000,,gps_back
102.476439418409,142.945185562158,0.000000000000,,gps_back
102.426716726698,142.939951891210,0.000000000000,,gps_back
102.376895666399,142.935839927876,0.000000000000,,gps_back
102.327840237111,142.926179055287,0.000000000000,,gps_back
102.278802347043,142.916430577651,0.000000000000,,gps_back
102.229931869114,142.905941523748,0.000000000000,,gps_back
102.180013711460,142.903176357306,0.000000000000,,gps_back
102.130414233421,142.896917847666,0.000000000000,,gps_back
102.081479238206,142.886664728896,0.000000000000,,gps_back
102.032640115678,142.875966826272,0.000000000000,,gps_back
101.983486631071,142.866934207066,0.000000000000,,gps_back
101.933515974643,142.865891923823,0.000000000000,,gps_back
101.884215509891,142.857582577732,0.000000000000,,gps_back
101.835359805939,142.846957788038,0.000000000000,,gps_back
101.786450524626,142.836583454581,0.000000000000,,gps_back
101.737374223777,142.827029240733,0.000000000000,,gps_back
101.688261121168,142.817666122191,0.000000000000,,gps_back
101.639175473372,142.808243130326,0.000000000000,,gps_back
101.589259801365,142.805485431353,0.000000000000,,gps_back
101.539741486465,142.798597868017,0.000000000000,,gps_back
101.490663434765,142.789055783276,0.000000000000,,gps_back
101.441832600156,142.778319382843,0.000000000000,,gps_back
101.392776432008,142.768662267502,0.000000000000,,gps_back
101.343733691796,142.758937186788,0.000000000000,,gps_back
101.294652370627,142.749455883124,0.000000000000,,gps_back
101.244879615267,142.744722170073,0.000000000000,,gps_back
101.195225041480,142.738936691192,0.000000000000,,gps_back
101.146172214993,142.729262608096,0.000000000000,,gps_back
101.097121115139,142.719580210228,0.000000000000,,gps_back
101.047992156843,142.710300830673,0.000000000000,,gps_back
100.998941617863,142.700617281718,0.000000000000,,gps_back
100.950047253861,142.690217439458,0.000000000000,,gps_back
100.900391074594,142.684409861148,0.000000000000,,gps_back
100.850553743211,142.680666102963,0.000000000000,,gps_back
100.801497804008,142.671007828885,0.000000000000,,gps_back
100.752454865599,142.661283750764,0.000000000000,,gps_back
100.703400522865,142.651617359491,0.000000000000,,gps_back
100.654351808282,142.641922448315,0.000000000000,,gps_back
100.605304993463,142.632217939749,0.000000000000,,gps_back
100.556277416356,142.622418220507,0.000000000000,,gps_back
100.507339323108,142.612397688263,0.000000000000,,gps_back
100.457388669986,142.610817691763,0.000000000000,,gps_back
100.407982552993,142.603183602922,0.000000000000,,gps_back
100.358191085752,142.598726391386,0.000000000000,,gps_back
100.308207266321,142.597578630912,0.000000000000,,gps_back
100.258317828249,142.594901947070,0.000000000000,,gps_back
100.209291524485,142.585335037476,0.000000000000,,gps_back
100.159353008471,142.583655762801,0.000000000000,,gps_back
100.110091383245,142.575111560492,0.000000000000,,gps_back
100.060992978880,142.565671518346,0.000000000000,,gps_back
100.011883522466,142.556291871746,0.000000000000,,gps_back
99.962571278594,142.548243556033,0.000000000000,,gps_back
99.912637127928,142.546528151095,0.000000000000,,gps_back
99.863404773574,142.537816805621,0.000000000000,,gps_back
99.814344560136,142.528182546384,0.000000000000,,gps_back
99.765445251081,142.517760368369,0.000000000000,,gps_back
99.716564267629,142.507267003435,0.000000000000,,gps_back
99.667238478092,142.499330388070,0.000000000000,,gps_back
99.617303160638,142.497944420638,0.000000000000,,gps_back
99.568133760146,142.488883188574,0.000000000000,,gps_back
99.519086522936,142.479180806269,0.000000000000,,gps_back
99.470014943394,142.469613757344,0.000000000000,,gps_back
99.420601103448,142.462128660175,0.000000000000,,gps_back
99.370726697208,142.459183940435,0.000000000000,,gps_back
99.321670286185,142.449528067171,0.000000000000,,gps_back
99.272638130116,142.439751767547,0.000000000000,,gps_back
99.223681707568,142.429720590884,0.000000000000,,gps_back
99.173894057462,142.425142931083,0.000000000000,,gps_back
99.124156175559,142.420287513421,0.000000000000,,gps_back
99.075170947168,142.410282403480,0.000000000000,,gps_back
99.026397321563,142.399293683625,0.000000000000,,gps_back
98.977279971391,142.390195941916,0.000000000000,,gps_back
98.927357348566,142.387749294135,0.000000000000,,gps_back
98.877828518320,142.380979887825,0.000000000000,,gps_back
98.828780922499,142.371279526280,0.000000000000,,gps_back
98.779773111042,142.361379925592,0.000000000000,,gps_back
98.730675039209,142.352270697691,0.000000000000,,gps_back
98.680758090799,142.350380954714,0.000000000000,,gps_back
98.631541064477,142.341595193092,0.000000000000,,gps_back
98.582587331236,142.331461800597,0.000000000000,,gps_back
98.533156599685,142.323985891336,0.000000000000,,gps_back
98.483437463140,142.318718173988,0.000000000000,,gps_back
98.433646589190,142.314322075237,0.000000000000,,gps_back
98.383728768480,142.312755107079,0.000000000000,,gps_back
98.334512539825,142.303954103826,0.000000000000,,gps_back
98.285142541218,142.296060709947,0.000000000000,,gps_back
98.235653070631,142.288950153830,0.000000000000,,gps_back
98.186169265699,142.281801284407,0.000000000000,,gps_back
98.136776455550,142.274075495319,0.000000000000,,gps_back
98.087732855057,142.264354769301,0.000000000000,,gps_back
98.038600607721,142.255261865680,0.000000000000,,gps_back
97.988756040537,142.251395270217,0.000000000000,,gps_back
97.939161077996,142.245255049991,0.000000000000,,gps_back
97.890291206880,142.234699546836,0.000000000000,,gps_back
97.841245220658,142.224990863084,0.000000000000,,gps_back
97.792182045277,142.215369811778,0.000000000000,,gps_back
97.742992886445,142.206577641466,0.000000000000,,gps_back
97.693160062812,142.202561345857,0.000000000000,,gps_back
97.643568760701,142.196375403648,0.000000000000,,gps_back
97.594637248876,142.186107619555,0.000000000000,,gps_back
97.545583535183,142.176438056565,0.000000000000,,gps_back
97.496438302418,142.167615313791,0.000000000000,,gps_back
97.446516964110,142.165463191106,0.000000000000,,gps_back
97.397066054574,142.158139965695,0.000000000000,,gps_back
97.348016454536,142.148449544703,0.000000000000,,gps_back
97.298974171806,142.138722149776,0.000000000000,,gps_back
97.249930168054,142.129003466973,0.000000000000,,gps_back
97.200775842816,142.120106353720,0.000000000000,,gps_back
97.150897888031,142.116739578675,0.000000000000,,gps_back
97.101295674819,142.110655511944,0.000000000000,,gps_back
97.052355210654,142.100429332699,0.000000000000,,gps_back
97.003450572831,142.090056214011,0.000000000000,,gps_back
96.954202618004,142.081435844821,0.000000000000,,gps_back
96.905109856829,142.071966886181,0.000000000000,,gps_back
96.856070718167,142.062224537465,0.000000000000,,gps_back
96.807111471593,142.052088358322,0.000000000000,,gps_back
96.758199083619,142.041733822307,0.000000000000,,gps_back
96.708986061001,142.033376820664,0.000000000000,,gps_back
96.659073782695,142.031674559913,0.000000000000,,gps_back
96.609786661685,142.023319696867,0.000000000000,,gps_back
96.560920899347,142.012741322839,0.000000000000,,gps_back
96.512005072674,142.002400012272,0.000000000000,,gps_back
96.462952951200,141.992722370406,0.000000000000,,gps_back
96.413908377360,141.983006566032,0.000000000000,,gps_back
96.364742729181,141.974222222834,0.000000000000,,gps_back
96.314923357956,141.970655094365,0.000000000000,,gps_back
96.265982737075,141.960572205941,0.000000000000,,gps_back
96.217756162563,141.948179770417,0.000000000000,,gps_back
96.167915330441,141.945499734970,0.000000000000,,gps_back
96.118871237022,141.935781500020,0.000000000000,,gps_back
96.069817295106,141.926113079179,0.000000000000,,gps_back
96.020764990142,141.916436463845,0.000000000000,,gps_back
95.971683713675,141.906908192435,0.000000000000,,gps_back
95.922572710705,141.897535083112,0.000000000000,,gps_back
95.873400396938,141.888878897248,0.000000000000,,gps_back
95.823510450052,141.885968377716,0.000000000000,,gps_back
95.774015482570,141.878974182747,0.000000000000,,gps_back
95.724928423017,141.869475587574,0.000000000000,,gps_back
95.675875550638,141.859801762118,0.000000000000,,gps_back
95.626831137174,141.850085151499,0.000000000000,,gps_back
95.577775959054,141.840423015083,0.000000000000,,gps_back
95.528728776630,141.830720356659,0.000000000000,,gps_back
95.479626558606,141.821328381169,0.000000000000,,gps_back
95.430132859642,141.814680926571,0.000000000000,,gps_back
95.380335327642,141.812231229465,0.000000000000,,gps_back
95.331571725796,141.801203655920,0.000000000000,,gps_back
95.282543547600,141.791405565923,0.000000000000,,gps_back
95.233490942318,141.781730360473,0.000000000000,,gps_back
95.184387889762,141.772341825373,0.000000000000,,gps_back
95.134898241405,141.765675807507,0.000000000000,,gps_back
95.085051984419,141.763436455964,0.000000000000,,gps_back
95.036022330420,141.753650933902,0.000000000000,,gps_back
94.987130031490,141.743197240047,0.000000000000,,gps_back
94.938141563876,141.733203219630,0.000000000000,,gps_back
94.889038249142,141.723816868137,0.000000000000,,gps_back
94.839546071904,141.717166590191,0.000000000000,,gps_back
94.789753138227,141.714615003031,0.000000000000,,gps_back
94.740968067573,141.703681426235,0.000000000000,,gps_back
94.691939516323,141.693885204407,0.000000000000,,gps_back
94.642886961751,141.684209741805,0.000000000000,,gps_back
94.593782666293,141.674827653672,0.000000000000,,gps_back
94.544293716127,141.668178584268,0.000000000000,,gps_back
94.494454593922,141.665904216984,0.000000000000,,gps_back
94.445439535287,141.656045377631,0.000000000000,,gps_back
94.396549176394,141.645583253615,0.000000000000,,gps_back
94.347549675669,141.635643237528,0.000000000000,,gps_back
94.298444319426,141.626267294422,0.000000000000,,gps_back
94.248962018460,141.619372520403,0.000000000000,,gps_back
94.199174732171,141.615662756796,0.000000000000,,gps_back
94.150130094398,141.605947281391,0.000000000000,,gps_back
94.101075089208,141.596284268324,0.000000000000,,gps_back
94.052027848551,141.586581904330,0.000000000000,,gps_back
94.002920351136,141.577219599474,0.000000000000,,gps_back
93.953419132601,141.570672173949,0.000000000000,,gps_back
93.903587135272,141.568331332621,0.000000000000,,gps_back
93.854573359839,141.558466297460,0.000000000000,,gps_back
93.805682106980,141.548008431814,0.000000000000,,gps_back
93.756682155651,141.538070661574,0.000000000000,,gps_back
93.707575849011,141.528698928875,0.000000000000,,gps_back
93.658089840435,141.521996573075,0.000000000000,,gps_back
93.608306457067,141.519077389548,0.000000000000,,gps_back
93.559449951742,141.508464286610,0.000000000000,,gps_back
93.510404965557,141.498750532505,0.000000000000,,gps_back
93.461251384064,141.489732149954,0.000000000000,,gps_back
93.411556198279,141.484254820286,0.000000000000,,gps_back
93.361903385307,141.478731349686,0.000000000000,,gps_back
93.312856132752,141.469029075295,0.000000000000,,gps_back
93.263801209044,141.459365671093,0.000000000000,,gps_back
93.214785730285,141.449508543278,0.000000000000,,gps_back
93.165737311495,141.440098036377,0.000000000000,,gps_back
93.115938543834,141.435643054914,0.000000000000,,gps_back
93.066288893974,141.430109650525,0.000000000000,,gps_back
93.017241486280,141.420408161239,0.000000000000,,gps_back
92.968186693822,141.410744092650,0.000000000000,,gps_back
92.919141711736,141.401030337182,0.000000000000,,gps_back
92.870116047266,141.391223704443,0.000000000000,,gps_back
92.821102741991,141.381436256354,0.000000000000,,gps_back
92.771528764012,141.375211814390,0.000000000000,,gps_back
92.721762719587,141.371382688186,0.000000000000,,gps_back
92.672717670695,141.361669293579,0.000000000000,,gps_back
92.623692764630,141.351859996822,0.000000000000,,gps_back
92.574625742984,141.342560609367,0.000000000000,,gps_back
92.524829296502,141.338079480332,0.000000000000,,gps_back
92.475189061140,141.332490853160,0.000000000000,,gps_back
92.426141502073,141.322790131553,0.000000000000,,gps_back
92.377086926748,141.313124963264,0.000000000000,,gps_back
92.328041751937,141.303412181744,0.000000000000,,gps_back
92.278917220860,141.294145445421,0.000000000000,,gps_back
92.229447105890,141.286963476352,0.000000000000,,gps_back
92.179735623431,141.281621736142,0.000000000000,,gps_back
92.130232940770,141.275015294022,0.000000000000,,gps_back
92.081449948101,141.264079098007,0.000000000000,,gps_back
92.032406910093,141.254355516404,0.000000000000,,gps_back
91.983231196839,141.245483390369,0.000000000000,,gps_back
91.933536927101,141.239986467513,0.000000000000,,gps_back
91.883961354158,141.233816595971,0.000000000000,,gps_back
91.834910834233,141.224150072095,0.000000000000,,gps_back
91.785751737167,141.215095548398,0.000000000000,,gps_back
91.736747853511,141.205900973532,0.000000000000,,gps_back
91.686880795174,141.202841820400,0.000000000000,,gps_back
91.637317974242,141.196268988763,0.000000000000,,gps_back
91.587642341681,141.190649062486,0.000000000000,,gps_back
91.538001173866,141.185148993160,0.000000000000,,gps_back
91.488958891135,141.175421598240,0.000000000000,,gps_back
91.439842262287,141.166109912427,0.000000000000,,gps_back
91.390461927781,141.158277656126,0.000000000000,,gps_back
91.341059110966,141.150588091891,0.000000000000,,gps_back
91.291656294151,141.142898527656,0.000000000000,,gps_back
91.242264934472,141.135136899755,0.000000000000,,gps_back
91.192979211336,141.126758205512,0.000000000000,,gps_back
91.143719107207,141.118844284626,0.000000000000,,gps_back
91.093892950213,141.115577648421,0.000000000000,,gps_back
91.044623229851,141.107127358681,0.000000000000,,gps_back
90.995640614188,141.097105465538,0.000000000000,,gps_back
90.946601650465,141.087361750546,0.000000000000,,gps_back
90.897614150384,141.077363733665,0.000000000000,,gps_back
90.848446182172,141.069236822666,0.000000000000,,gps_back
90.798625111166,141.066624596173,0.000000000000,,gps_back
90.749452169810,141.057614914630,0.000000000000,,gps_back
90.700361946184,141.048382284751,0.000000000000,,gps_back
90.650622786210,141.043334686835,0.000000000000,,gps_back
90.600968397285,141.037972727468,0.000000000000,,gps_back
90.551963865871,141.028084674378,0.000000000000,,gps_back
90.503157410442,141.017254362393,0.000000000000,,gps_back
90.454177342974,141.007232670846,0.000000000000,,gps_back
90.405334323770,140.996562001020,0.000000000000,,gps_back
90.356136734302,140.987869226703,0.000000000000,,gps_back
90.306381230190,140.983006002102,0.000000000000,,gps_back
90.256719883816,140.977874039252,0.000000000000,,gps_back
90.207740171968,140.967846384179,0.000000000000,,gps_back
90.158864194700,140.957326782588,0.000000000000,,gps_back
90.109812806390,140.947645419818,0.000000000000,,gps_back
90.060765628020,140.937942743106,0.000000000000,,gps_back
90.011618341175,140.928814754638,0.000000000000,,gps_back
89.962088908515,140.922096552288,0.000000000000,,gps_back
89.913061892024,140.914155249087,0.000000000000,,gps_back
89.865661359949,140.898594491310,0.000000000000,,gps_back
89.816747122233,140.888245185175,0.000000000000,,gps_back
89.767892923877,140.877615195062,0.000000000000,,gps_back
89.718794536889,140.868342663877,0.000000000000,,gps_back
89.669107660983,140.863055885793,0.000000000000,,gps_back
89.619437344395,140.858563298720,0.000000000000,,gps_back
89.570513279575,140.848257786172,0.000000000000,,gps_back
89.521589214756,140.837952273624,0.000000000000,,gps_back
89.472665149936,140.827646761075,0.000000000000,,gps_back
89.423721102463,140.817437891279,0.000000000000,,gps_back
89.374733129757,140.807441014622,0.000000000000,,gps_back
89.325817674170,140.797099886612,0.000000000000,,gps_back
89.276952099175,140.786533262707,0.000000000000,,gps_back
89.227885154852,140.776933266903,0.000000000000,,gps_back
89.178835983451,140.767265108940,0.000000000000,,gps_back
89.129981346119,140.756638894442,0.000000000000,,gps_back
89.081004553544,140.746589361742,0.000000000000,,gps_back
89.031972197465,140.736813109893,0.000000000000,,gps_back
88.983041502365,140.726548225677,0.000000000000,,gps_back
88.934179551293,140.715972999632,0.000000000000,,gps_back
88.885091624127,140.706478626885,0.000000000000,,gps_back
88.836069236155,140.696666271532,0.000000000000,,gps_back
88.787206038163,140.686077303200,0.000000000000,,gps_back
88.738249786826,140.675929556728,0.000000000000,,gps_back
88.689207614905,140.666201733568,0.000000000000,,gps_back
88.640232121978,140.656151720225,0.000000000000,,gps_back
88.591336737456,140.645721981140,0.000000000000,,gps_back
88.542282640475,140.636054383043,0.000000000000,,gps_back
88.493288538604,140.626095769259,0.000000000000,,gps_back
88.444218678779,140.616760471325,0.000000000000,,gps_back
88.394498272132,140.611592649705,0.000000000000,,gps_back
88.344862480453,140.606289255482,0.000000000000,,gps_back
88.295918605913,140.596095681352,0.000000000000,,gps_back
88.247074298527,140.585450203202,0.000000000000,,gps_back
88.197972429371,140.576029166371,0.000000000000,,gps_back
88.148959905717,140.566160444915,0.000000000000,,gps_back
88.099883499437,140.556781047492,0.000000000000,,gps_back
88.050259218517,140.550717671846,0.000000000000,,gps_back
88.001376331060,140.542027141212,0.000000000000,,gps_back
87.953668588371,140.528959765148,0.000000000000,,gps_back
87.903931168496,140.524981873514,0.000000000000,,gps_back
87.854815068910,140.515660316455,0.000000000000,,gps_back
87.805890308604,140.505358786152,0.000000000000,,gps_back
87.756751122674,140.496279066828,0.000000000000,,gps_back
87.707100146355,140.490556361362,0.000000000000,,gps_back
87.657447508283,140.485248366909,0.000000000000,,gps_back
87.608028477505,140.478688991430,0.000000000000,,gps_back
87.558037517443,140.477869467503,0.000000000000,,gps_back
87.508173510714,140.475324391148,0.000000000000,,gps_back
87.458589748182,140.468905597379,0.000000000000,,gps_back
87.408862538682,140.464335703063,0.000000000000,,gps_back
87.358872605463,140.463456650810,0.000000000000,,gps_back
87.308881690120,140.462634408094,0.000000000000,,gps_back
87.258893176317,140.461692772711,0.000000000000,,gps_back
87.209103920798,140.458391656317,0.000000000000,,gps_back
87.159546956289,140.453225784642,0.000000000000,,gps_back
87.109557571685,140.454135423887,0.000000000000,,gps_back
87.059806199277,140.451817010568,0.000000000000,,gps_back
87.010268290845,140.446086365419,0.000000000000,,gps_back
86.960638751543,140.442017574383,0.000000000000,,gps_back
86.911341705950,140.434606963335,0.000000000000,,gps_back
86.861612157607,140.430302319057,0.000000000000,,gps_back
86.812122961786,140.423414872890,0.000000000000,,gps_back
86.762334332508,140.418848437976,0.000000000000,,gps_back
86.712718279767,140.412914580836,0.000000000000,,gps_back
86.663146184298,140.407449012041,0.000000000000,,gps_back
86.613156228207,140.406572428970,0.000000000000,,gps_back
86.563166799202,140.405666668831,0.000000000000,,gps_back
86.513313669728,140.407408337379,0.000000000000,,gps_back
86.463585441341,140.412313186146,0.000000000000,,gps_back
86.413655983452,140.414920289249,0.000000000000,,gps_back
86.363945248790,140.419488178035,0.000000000000,,gps_back
86.314665635453,140.427922521333,0.000000000000,,gps_back
86.265412966907,140.436510086675,0.000000000000,,gps_back
86.216134314106,140.444941985663,0.000000000000,,gps_back
86.166908421835,140.453679226392,0.000000000000,,gps_back
86.117601013555,140.461955831848,0.000000000000,,gps_back
86.068152146458,140.469121263434,0.000000000000,,gps_back
86.018349869943,140.473491295477,0.000000000000,,gps_back
85.969689735993,140.482583002528,0.000000000000,,gps_back
85.921860547277,140.496259422963,0.000000000000,,gps_back
85.872479736365,140.504087265074,0.000000000000,,gps_back
85.823169044535,140.512342297780,0.000000000000,,gps_back
85.773670292912,140.518930895616,0.000000000000,,gps_back
85.723766133930,140.521913507668,0.000000000000,,gps_back
85.674059657768,140.526455297970,0.000000000000,,gps_back
85.624686901058,140.534332917722,0.000000000000,,gps_back
85.575376167622,140.542559909224,0.000000000000,,gps_back
85.526161070742,140.551363619437,0.000000000000,,gps_back
85.476835015888,140.559527486000,0.000000000000,,gps_back
85.427457454165,140.567377541500,0.000000000000,,gps_back
85.378094297490,140.575316321901,0.000000000000,,gps_back
85.328783666725,140.583574612315,0.000000000000,,gps_back
85.279507945473,140.592040485128,0.000000000000,,gps_back
85.230209001269,140.600368323970,0.000000000000,,gps_back
85.181353259198,140.610648742043,0.000000000000,,gps_back
85.133290963982,140.624419536262,0.000000000000,,gps_back
85.084788594477,140.636180851993,0.000000000000,,gps_back
85.035613811178,140.645175188369,0.000000000000,,gps_back
84.987270032667,140.657576655781,0.000000000000,,gps_back
84.939250649817,140.671251478714,0.000000000000,,gps_back
84.890780025701,140.683383057909,0.000000000000,,gps_back
84.842700724287,140.697087491397,0.000000000000,,gps_back
84.794300029382,140.709606811688,0.000000000000,,gps_back
84.746232277943,140.723190644987,0.000000000000,,gps_back
84.699269408669,140.740292236536,0.000000000000,,gps_back
84.651714794172,140.754995505667,0.000000000000,,gps_back
84.603250753551,140.766913264860,0.000000000000,,gps_back
84.555284567392,140.780935340783,0.000000000000,,gps_back
84.506527454728,140.791889626716,0.000000000000,,gps_back
84.457325891563,140.800770220274,0.000000000000,,gps_back
84.408043294966,140.809195462981,0.000000000000,,gps_back
84.358807508877,140.817879958132,0.000000000000,,gps_back
84.309546381668,140.826395274370,0.000000000000,,gps_back
84.260254650136,140.834727070006,0.000000000000,,gps_back
84.211035900722,140.843498695525,0.000000000000,,gps_back
84.161682686379,140.851499490746,0.000000000000,,gps_back
84.112544202316,140.860610212914,0.000000000000,,gps_back
84.064176872697,140.873108972480,0.000000000000,,gps_back
84.015441766403,140.881355786411,0.000000000000,,gps_back
83.965703021946,140.884550349042,0.000000000000,,gps_back
83.916397793359,140.892816146328,0.000000000000,,gps_back
83.867246800643,140.901976799872,0.000000000000,,gps_back
83.818047668037,140.910860132094,0.000000000000,,gps_back
83.768747555871,140.919182555550,0.000000000000,,gps_back
83.719748522730,140.928988349369,0.000000000000,,gps_back
83.671595878468,140.942300679029,0.000000000000,,gps_back
83.623364883768,140.955097164995,0.000000000000,,gps_back
83.574250237398,140.964452335724,0.000000000000,,gps_back
83.525810296372,140.976443539175,0.000000000000,,gps_back
83.478562182172,140.992757806490,0.000000000000,,gps_back
83.431229465267,141.008763730000,0.000000000000,,gps_back
83.383030757380,141.022019718699,0.000000000000,,gps_back
83.335064424501,141.035978100647,0.000000000000,,gps_back
83.288097368536,141.053082551722,0.000000000000,,gps_back
83.241570001135,141.071384786288,0.000000000000,,gps_back
83.194485091566,141.088094538183,0.000000000000,,gps_back
83.146627341400,141.102562403963,0.000000000000,,gps_back
83.099095123085,141.117996116647,0.000000000000,,gps_back
83.052314264449,141.135625790720,0.000000000000,,gps_back
83.005802518502,141.153967637755,0.000000000000,,gps_back
82.958849767152,141.171092820384,0.000000000000,,gps_back
82.910835508525,141.184863874069,0.000000000000,,gps_back
82.863172504818,141.199505427294,0.000000000000,,gps_back
82.816645558172,141.217806906752,0.000000000000,,gps_back
82.770104840327,141.236073142574,0.000000000000,,gps_back
82.723649649363,141.254557671440,0.000000000000,,gps_back
82.677159293106,141.272953707964,0.000000000000,,gps_back
82.630665676772,141.291341508339,0.000000000000,,gps_back
82.584284032950,141.310007285295,0.000000000000,,gps_back
82.538177484064,141.329340771106,0.000000000000,,gps_back
82.492656019820,141.349989863726,0.000000000000,,gps_back
82.448418827467,141.373215372125,0.000000000000,,gps_back
82.403678081049,141.395231326375,0.000000000000,,gps_back
82.357156346168,141.413547486171,0.000000000000,,gps_back
82.310642503063,141.431883313155,0.000000000000,,gps_back
82.265255480407,141.452672282756,0.000000000000,,gps_back
82.221454138097,141.476770159914,0.000000000000,,gps_back
82.177801568463,141.501141633740,0.000000000000,,gps_back
82.133888156088,141.525045185151,0.000000000000,,gps_back
82.089995577943,141.548986952265,0.000000000000,,gps_back
82.046034852810,141.572802582643,0.000000000000,,gps_back
82.000823706535,141.593940266975,0.000000000000,,gps_back
81.956837099814,141.616949743976,0.000000000000,,gps_back
81.915139110035,141.644494075183,0.000000000000,,gps_back
81.871327442604,141.668428055655,0.000000000000,,gps_back
81.825517345513,141.688394063277,0.000000000000,,gps_back
81.779535643701,141.707976673361,0.000000000000,,gps_back
81.735465225966,141.731401107694,0.000000000000,,gps_back
81.693752802566,141.758916995061,0.000000000000,,gps_back
81.651968696848,141.786296906597,0.000000000000,,gps_back
81.609055692342,141.811952753848,0.000000000000,,gps_back
81.566785010292,141.838630017381,0.000000000000,,gps_back
81.525663817707,141.867054118329,0.000000000000,,gps_back
81.485168261113,141.896377628286,0.000000000000,,gps_back
81.444360532014,141.925257044159,0.000000000000,,gps_back
81.402330059371,141.952288885030,0.000000000000,,gps_back
81.359676107731,141.978367111827,0.000000000000,,gps_back
81.318203805313,142.006244343605,0.000000000000,,gps_back
81.277573785870,142.035380416792,0.000000000000,,gps_back
81.236955504590,142.064532360306,0.000000000000,,gps_back
81.196419314645,142.093799253767,0.000000000000,,gps_back
81.154850055368,142.121523562637,0.000000000000,,gps_back
81.112809339364,142.148562296447,0.000000000000,,gps_back
81.070030517584,142.174281718240,0.000000000000,,gps_back
81.025806563565,142.197604194452,0.000000000000,,gps_back
80.982995568215,142.223302450750,0.000000000000,,gps_back
80.940853263678,142.250172249805,0.000000000000,,gps_back
80.897921387829,142.275796722325,0.000000000000,,gps_back
80.854988432474,142.301419373052,0.000000000000,,gps_back
80.812842273138,142.328279596969,0.000000000000,,gps_back
80.771898212591,142.356963928526,0.000000000000,,gps_back
80.731376916283,142.386251997540,0.000000000000,,gps_back
80.690823731218,142.415495912328,0.000000000000,,gps_back
80.650263608386,142.444730208807,0.000000000000,,gps_back
80.609626949074,142.473857672408,0.000000000000,,gps_back
80.569331269783,142.503446080998,0.000000000000,,gps_back
80.531375378709,142.535853327383,0.000000000000,,gps_back
80.493329258518,142.568121359307,0.000000000000,,gps_back
80.454740923185,142.599799335408,0.000000000000,,gps_back
80.416978100510,142.632535125948,0.000000000000,,gps_back
80.377724757775,142.663490165341,0.000000000000,,gps_back
80.338242682225,142.694160495981,0.000000000000,,gps_back
80.299840622901,142.726154133524,0.000000000000,,gps_back
80.263092518882,142.760031243873,0.000000000000,,gps_back
80.227090615650,142.794723942152,0.000000000000,,gps_back
80.191030685864,142.829356723878,0.000000000000,,gps_back
80.153905035527,142.862798063921,0.000000000000,,gps_back
80.115272477224,142.894532219587,0.000000000000,,gps_back
80.078772265309,142.928506541172,0.000000000000,,gps_back
80.044512925916,142.964919665869,0.000000000000,,gps_back
80.009225537030,143.000323795800,0.000000000000,,gps_back
79.973160804004,143.034951839016,0.000000000000,,gps_back
79.937235841995,143.069724063503,0.000000000000,,gps_back
79.901090539491,143.104263411264,0.000000000000,,gps_back
79.864527565987,143.138364954169,0.000000000000,,gps_back
79.828099498188,143.172609774443,0.000000000000,,gps_back
79.792976536332,143.208156056928,0.000000000000,,gps_back
79.758150263420,143.244009360202,0.000000000000,,gps_back
79.720665511237,143.276986342583,0.000000000000,,gps_back
79.683262975137,143.310053733019,0.000000000000,,gps_back
79.649451630134,143.346804386459,0.000000000000,,gps_back
79.615552228404,143.383472069124,0.000000000000,,gps_back
79.580438863951,143.419055998912,0.000000000000,,gps_back
79.546077301795,143.455373633723,0.000000000000,,gps_back
79.511917359632,143.491882071909,0.000000000000,,gps_back
79.477757417469,143.528390510095,0.000000000000,,gps_back
79.443531753394,143.564837235721,0.000000000000,,gps_back
79.408290576766,143.600278662643,0.000000000000,,gps_back
79.373952776802,143.636536568112,0.000000000000,,gps_back
79.338386879786,143.671430391537,0.000000000000,,gps_back
79.300306366848,143.703824651545,0.000000000000,,gps_back
79.263481197117,143.737616448422,0.000000000000,,gps_back
79.227856127288,143.772693720253,0.000000000000,,gps_back
79.194106506329,143.809525090866,0.000000000000,,gps_back
79.159896736112,143.845900879896,0.000000000000,,gps_back
79.125702575626,143.882302795142,0.000000000000,,gps_back
79.091882890690,143.919090776159,0.000000000000,,gps_back
79.057354572487,143.955246379674,0.000000000000,,gps_back
79.024389054118,143.992807904306,0.000000000000,,gps_back
78.991822411592,144.030735585425,0.000000000000,,gps_back
78.957202818496,144.066757351019,0.000000000000,,gps_back
78.925586310730,144.105120533906,0.000000000000,,gps_back
78.896171358330,144.145501847562,0.000000000000,,gps_back
78.863409764001,144.183200364173,0.000000000000,,gps_back
78.829834369233,144.220232014235,0.000000000000,,gps_back
78.799402957439,144.259799739630,0.000000000000,,gps_back
78.769202546736,144.299585647613,0.000000000000,,gps_back
78.735086445664,144.336018820229,0.000000000000,,gps_back
78.702394342568,144.373607787393,0.000000000000,,gps_back
78.673780396404,144.414589107191,0.000000000000,,gps_back
78.645597182599,144.455882554963,0.000000000000,,gps_back
78.615097973430,144.495439880505,0.000000000000,,gps_back
78.580806058420,144.531718932972,0.000000000000,,gps_back
78.546568694092,144.568072751787,0.000000000000,,gps_back
78.515882157137,144.607481827474,0.000000000000,,gps_back
78.486523636292,144.647950711241,0.000000000000,,gps_back
78.455670566304,144.687266902072,0.000000000000,,gps_back
78.423712390440,144.725717361122,0.000000000000,,gps_back
78.391978206106,144.764351590816,0.000000000000,,gps_back
78.362424962576,144.804618458386,0.000000000000,,gps_back
78.330873919848,144.843166115809,0.000000000000,,gps_back
78.296724460636,144.879679793321,0.000000000000,,gps_back
78.262969318766,144.916562823702,0.000000000000,,gps_back
78.228957648063,144.953207971487,0.000000000000,,gps_back
78.198327403850,144.992508894214,0.000000000000,,gps_back
78.168363482462,145.032455414361,0.000000000000,,gps_back
78.136558291571,145.071032541004,0.000000000000,,gps_back
78.105878376889,145.110488341287,0.000000000000,,gps_back
78.077551000151,145.151658123303,0.000000000000,,gps_back
78.049481126105,145.193021891512,0.000000000000,,gps_back
78.016695809756,145.230475638305,0.000000000000,,gps_back
77.987451733211,145.270327587416,0.000000000000,,gps_back
77.960541715208,145.312351980906,0.000000000000,,gps_back
77.931093316777,145.352756132045,0.000000000000,,gps_back
77.902556160555,145.393793562816,0.000000000000,,gps_back
77.874726591188,145.435329926986,0.000000000000,,gps_back
77.844595998607,145.475156599318,0.000000000000,,gps_back
77.814730840743,145.515199566840,0.000000000000,,gps_back
77.785270905408,145.555580628138,0.000000000000,,gps_back
77.754118182860,145.594673750331,0.000000000000,,gps_back
77.724088255724,145.634600529090,0.000000000000,,gps_back
77.698074101346,145.677212860565,0.000000000000,,gps_back
77.669584320967,145.718048974700,0.000000000000,,gps_back
77.640098576268,145.758360449157,0.000000000000,,gps_back
77.612264311688,145.799893749751,0.000000000000,,gps_back
77.584906307183,145.841740204365,0.000000000000,,gps_back
77.557893003186,145.883812134194,0.000000000000,,gps_back
77.530850349302,145.925865183229,0.000000000000,,gps_back
77.506519556039,145.969460887935,0.000000000000,,gps_back
77.478786782258,146.010708633173,0.000000000000,,gps_back
77.449035747135,146.050844985855,0.000000000000,,gps_back
77.419612082318,146.091255297008,0.000000000000,,gps_back
77.390717066362,146.132038400148,0.000000000000,,gps_back
77.366002911004,146.175383571839,0.000000000000,,gps_back
77.343334583397,146.219946642923,0.000000000000,,gps_back
77.315034273660,146.260804038568,0.000000000000,,gps_back
77.285439571029,146.301021502913,0.000000000000,,gps_back
77.257630632907,146.342571721669,0.000000000000,,gps_back
77.229015380670,146.383561467382,0.000000000000,,gps_back
77.198717835923,146.423317852284,0.000000000000,,gps_back
77.169541752446,146.463875451219,0.000000000000,,gps_back
77.142354251610,146.505828980687,0.000000000000,,gps_back
77.115154343273,146.547777605594,0.000000000000,,gps_back
77.085982976880,146.588349649474,0.000000000000,,gps_back
77.054698748321,146.627336143675,0.000000000000,,gps_back
77.024736324213,146.667307818414,0.000000000000,,gps_back
76.998704969842,146.709922937198,0.000000000000,,gps_back
76.969983220909,146.750624100721,0.000000000000,,gps_back
76.940632622944,146.791039018678,0.000000000000,,gps_back
76.910851545263,146.831156169337,0.000000000000,,gps_back
76.881017969210,146.871260621893,0.000000000000,,gps_back
76.853053493681,146.912692173535,0.000000000000,,gps_back
76.824978192314,146.954055196271,0.000000000000,,gps_back
76.794314893182,146.993492207069,0.000000000000,,gps_back
76.762426500308,147.032000524622,0.000000000000,,gps_back
76.730455505773,147.070440129743,0.000000000000,,gps_back
76.698394205001,147.108804705682,0.000000000000,,gps_back
76.668070588572,147.148518073457,0.000000000000,,gps_back
76.638900161805,147.189124133296,0.000000000000,,gps_back
76.607876011599,147.228286530011,0.000000000000,,gps_back
76.575899139583,147.266720760495,0.000000000000,,gps_back
76.544068134039,147.305276626371,0.000000000000,,gps_back
76.509603955210,147.341385485470,0.000000000000,,gps_back
76.475454275535,147.377839226878,0.000000000000,,gps_back
76.443120906647,147.415970115856,0.000000000000,,gps_back
76.412501160332,147.455471266176,0.000000000000,,gps_back
76.383327584087,147.496070914270,0.000000000000,,gps_back
76.352186680628,147.535116472750,0.000000000000,,gps_back
76.317513025771,147.571066963747,0.000000000000,,gps_back
76.286139211757,147.609706351193,0.000000000000,,gps_back
76.256525678151,147.649976884395,0.000000000000,,gps_back
76.225216415845,147.688943946305,0.000000000000,,gps_back
76.193196090425,147.727342643161,0.000000000000,,gps_back
76.161117928369,147.765693120831,0.000000000000,,gps_back
76.129075598971,147.804073520114,0.000000000000,,gps_back
76.097174054714,147.842570863314,0.000000000000,,gps_back
76.065343049170,147.881126729190,0.000000000000,,gps_back
76.031008212276,147.917373029388,0.000000000000,,gps_back
75.996806920576,147.953798377655,0.000000000000,,gps_back
75.964384092685,147.991849844334,0.000000000000,,gps_back
75.932353959906,148.030240380219,0.000000000000,,gps_back
75.900325265439,148.068632156007,0.000000000000,,gps_back
75.868408675782,148.107117108043,0.000000000000,,gps_back
75.836476935141,148.145589527408,0.000000000000,,gps_back
75.804462533677,148.183993225029,0.000000000000,,gps_back
75.772516673000,148.222453862236,0.000000000000,,gps_back
75.740663843204,148.260991682886,0.000000000000,,gps_back
75.708679009149,148.299419717036,0.000000000000,,gps_back
75.675585426182,148.336882743076,0.000000000000,,gps_back
75.640558149944,148.372531376310,0.000000000000,,gps_back
75.604526856479,148.407193451669,0.000000000000,,gps_back
75.570877969770,148.444076680799,0.000000000000,,gps_back
75.536703208073,148.480507624312,0.000000000000,,gps_back
75.502379627130,148.516843647926,0.000000000000,,gps_back
75.467060201832,148.552186623891,0.000000000000,,gps_back
75.429990757960,148.585725859117,0.000000000000,,gps_back
75.396104104888,148.622294785710,0.000000000000,,gps_back
75.364168356927,148.660763885496,0.000000000000,,gps_back
75.332150731972,148.699164894196,0.000000000000,,gps_back
75.298135271783,148.735754020440,0.000000000000,,gps_back
75.262981655442,148.771306646479,0.000000000000,,gps_back
75.228245069030,148.807263976865,0.000000000000,,gps_back
75.193295945935,148.843014537408,0.000000000000,,gps_back
75.157608659210,148.878027688584,0.000000000000,,gps_back
75.121641574186,148.912757162592,0.000000000000,,gps_back
75.085272045493,148.947062282639,0.000000000000,,gps_back
75.048682979936,148.981135849946,0.000000000000,,gps_back
75.014616918688,149.017638922721,0.000000000000,,gps_back
74.980456929350,149.054116298459,0.000000000000,,gps_back
74.943316603233,149.087505399490,0.000000000000,,gps_back
74.905630588029,149.120353794446,0.000000000000,,gps_back
74.871769511195,149.156971669899,0.000000000000,,gps_back
74.834227352410,149.189471016428,0.000000000000,,gps_back
74.796352172111,149.221978694835,0.000000000000,,gps_back
74.757982416358,149.253968485812,0.000000000000,,gps_back
74.721108137395,149.287626680649,0.000000000000,,gps_back
74.685018610009,149.322225290055,0.000000000000,,gps_back
74.647022445756,149.354675143248,0.000000000000,,gps_back
74.610010640513,149.388237028726,0.000000000000,,gps_back
74.573853768064,149.422768873189,0.000000000000,,gps_back
74.540440055642,149.459870476163,0.000000000000,,gps_back
74.506193424612,149.496242164644,0.000000000000,,gps_back
74.468500166293,149.528995370966,0.000000000000,,gps_back
74.429003049697,149.559642092586,0.000000000000,,gps_back
74.390391294222,149.591378546880,0.000000000000,,gps_back
74.356494084782,149.627914960282,0.000000000000,,gps_back
74.321798477103,149.663825334617,0.000000000000,,gps_back
74.283237026741,149.695533226433,0.000000000000,,gps_back
74.245106878296,149.727825627960,0.000000000000,,gps_back
74.208636803327,149.762014650545,0.000000000000,,gps_back
74.172453412452,149.796518485952,0.000000000000,,gps_back
74.136046694816,149.830786430640,0.000000000000,,gps_back
74.099592680752,149.865004434450,0.000000000000,,gps_back
74.063485678626,149.899586872332,0.000000000000,,gps_back
74.027414280291,149.934207804380,0.000000000000,,gps_back
73.988290820322,149.965177317777,0.000000000000,,gps_back
73.947826385308,149.994543900139,0.000000000000,,gps_back
73.909994232834,150.027118973832,0.000000000000,,gps_back
73.870423063119,150.057532437701,0.000000000000,,gps_back
73.828221581692,150.084290743144,0.000000000000,,gps_back
73.789288637130,150.115368392549,0.000000000000,,gps_back
73.750901541313,150.147383303250,0.000000000000,,gps_back
73.712409674109,150.179289521011,0.000000000000,,gps_back
73.674751122772,150.212170415436,0.000000000000,,gps_back
73.636132766532,150.243901757715,0.000000000000,,gps_back
73.601506060085,150.279733935406,0.000000000000,,gps_back
73.563213861007,150.311480828364,0.000000000000,,gps_back
73.525964152485,150.344685784949,0.000000000000,,gps_back
73.487383493416,150.376389977104,0.000000000000,,gps_back
73.449250507569,150.408694461739,0.000000000000,,gps_back
73.410378642813,150.440113040955,0.000000000000,,gps_back
73.369345594138,150.468627396446,0.000000000000,,gps_back
73.331870613164,150.501478958061,0.000000000000,,gps_back
73.292538803261,150.532182036802,0.000000000000,,gps_back
73.252053299091,150.561519478383,0.000000000000,,gps_back
73.211482631590,150.590738908495,0.000000000000,,gps_back
73.173282159505,150.622911523808,0.000000000000,,gps_back
73.135202560594,150.655303328198,0.000000000000,,gps_back
73.096485265979,150.686935930791,0.000000000000,,gps_back
73.058817823412,150.719795810203,0.000000000000,,gps_back
73.017383196480,150.747470082109,0.000000000000,,gps_back
72.979191071828,150.779412040709,0.000000000000,,gps_back
72.939244301186,150.809314994251,0.000000000000,,gps_back
72.897610117279,150.836992685084,0.000000000000,,gps_back
72.858030074103,150.867462850407,0.000000000000,,gps_back
72.820849276282,150.900858405893,0.000000000000,,gps_back
72.781300430021,150.931335348731,0.000000000000,,gps_back
72.744233661636,150.964751576822,0.000000000000,,gps_back
72.705262270472,150.995961535969,0.000000000000,,gps_back
72.667409910363,151.028572862371,0.000000000000,,gps_back
72.629289121362,151.060913558484,0.000000000000,,gps_back
72.589282151965,151.090865369076,0.000000000000,,gps_back
72.549117274269,151.120638637057,0.000000000000,,gps_back
72.509860779779,151.151592770938,0.000000000000,,gps_back
72.469617433494,151.181239514270,0.000000000000,,gps_back
72.429119731672,151.210559946902,0.000000000000,,gps_back
72.391297737198,151.243176100032,0.000000000000,,gps_back
72.352970097783,151.275261461899,0.000000000000,,gps_back
72.312849858243,151.305070160801,0.000000000000,,gps_back
72.273632592588,151.336059077732,0.000000000000,,gps_back
72.235970754639,151.368928578984,0.000000000000,,gps_back
72.194368582758,151.396378850333,0.000000000000,,gps_back
72.153165310359,151.424650874934,0.000000000000,,gps_back
72.112506038856,151.453747081273,0.000000000000,,gps_back
72.072829623950,151.484157218349,0.000000000000,,gps_back
72.033270836280,151.514732494161,0.000000000000,,gps_back
71.992969040083,151.544315201514,0.000000000000,,gps_back
71.951926373920,151.572863609346,0.000000000000,,gps_back
71.909498512767,151.599285864297,0.000000000000,,gps_back
71.868358868847,151.627652173436,0.000000000000,,gps_back
71.827861221284,151.656972598263,0.000000000000,,gps_back
71.785761077110,151.683893899528,0.000000000000,,gps_back
71.742953703903,151.709724949253,0.000000000000,,gps_back
71.701878178877,151.738175519311,0.000000000000,,gps_back
71.664330867839,151.771093422462,0.000000000000,,gps_back
71.624606725187,151.801347311751,0.000000000000,,gps_back
71.587791185698,151.835033613969,0.000000000000,,gps_back
71.547276362630,151.864052197204,0.000000000000,,gps_back
71.505677138884,151.891786914566,0.000000000000,,gps_back
71.466616043321,151.922921682560,0.000000000000,,gps_back
71.428423597738,151.955187454712,0.000000000000,,gps_back
71.386605884951,151.982402684637,0.000000000000,,gps_back
71.345560337169,152.010906049683,0.000000000000,,gps_back
71.305086214473,152.040259115812,0.000000000000,,gps_back
71.265618562328,152.070941201654,0.000000000000,,gps_back
71.225904704291,152.101312271563,0.000000000000,,gps_back
71.184618227684,152.129482752470,0.000000000000,,gps_back
71.142261804269,152.156039698700,0.000000000000,,gps_back
71.101395112033,152.184803554876,0.000000000000,,gps_back
71.060969713120,152.214223866946,0.000000000000,,gps_back
71.021672751694,152.245120906667,0.000000000000,,gps_back
70.981805416822,152.275284624757,0.000000000000,,gps_back
70.941295175120,152.304585773496,0.000000000000,,gps_back
70.899814744357,152.332488208252,0.000000000000,,gps_back
70.857635652638,152.359330226038,0.000000000000,,gps_back
70.816996328752,152.388416141997,0.000000000000,,gps_back
70.777744550864,152.419374652609,0.000000000000,,gps_back
70.737581166351,152.449136017815,0.000000000000,,gps_back
70.695762621951,152.476512780102,0.000000000000,,gps_back
70.654520140300,152.504763802485,0.000000000000,,gps_back
70.614931537535,152.535277507603,0.000000000000,,gps_back
70.574391153946,152.564518614472,0.000000000000,,gps_back
70.532064974225,152.591098491899,0.000000000000,,gps_back
70.489188414319,152.616814952173,0.000000000000,,gps_back
70.447340398512,152.644155287401,0.000000000000,,gps_back
70.405664263065,152.671775199900,0.000000000000,,gps_back
70.363376002465,152.698443106672,0.000000000000,,gps_back
70.322072464295,152.726598792953,0.000000000000,,gps_back
70.279622750806,152.752982490085,0.000000000000,,gps_back
70.236768440170,152.778736580156,0.000000000000,,gps_back
70.193836555206,152.804361120503,0.000000000000,,gps_back
70.150970742569,152.830095990426,0.000000000000,,gps_back
70.108192680729,152.855976502780,0.000000000000,,gps_back
70.065256267318,152.881592973194,0.000000000000,,gps_back
70.022276656391,152.907137458939,0.000000000000,,gps_back
69.979363280430,152.932792979654,0.000000000000,,gps_back
69.936517170398,152.958560714254,0.000000000000,,gps_back
69.894221449452,152.985217459659,0.000000000000,,gps_back
69.852027395954,153.012039628205,0.000000000000,,gps_back
69.806494987090,153.032386109007,0.000000000000,,gps_back
69.761644479286,153.054413803298,0.000000000000,,gps_back
69.717019061165,153.076959791068,0.000000000000,,gps_back
69.672312085757,153.099343957112,0.000000000000,,gps_back
69.628074028786,153.122635596465,0.000000000000,,gps_back
69.584482032308,153.147114519929,0.000000000000,,gps_back
69.538622579478,153.166850968216,0.000000000000,,gps_back
69.494968026367,153.191034455309,0.000000000000,,gps_back
69.449781910233,153.212310443774,0.000000000000,,gps_back
69.405154392824,153.234821268905,0.000000000000,,gps_back
69.360274979179,153.256851320741,0.000000000000,,gps_back
69.313572978958,153.274583113418,0.000000000000,,gps_back
69.269953308765,153.298728014744,0.000000000000,,gps_back
69.225708290134,153.321974799058,0.000000000000,,gps_back
69.180985691905,153.344327025357,0.000000000000,,gps_back
69.135435123036,153.364922427955,0.000000000000,,gps_back
69.089050166496,153.383565574310,0.000000000000,,gps_back
69.043211198141,153.403512377980,0.000000000000,,gps_back
68.999916648841,153.428406147504,0.000000000000,,gps_back
68.954000101570,153.447923769870,0.000000000000,,gps_back
68.910165933947,153.471797637172,0.000000000000,,gps_back
68.865113255689,153.493404596006,0.000000000000,,gps_back
68.818773999218,153.512148603713,0.000000000000,,gps_back
68.772883396884,153.531979560852,0.000000000000,,gps_back
68.728158845044,153.554302282109,0.000000000000,,gps_back
68.681994202964,153.573416576922,0.000000000000,,gps_back
68.635496566884,153.591794214047,0.000000000000,,gps_back
68.588951890000,153.610052292446,0.000000000000,,gps_back
68.542429020986,153.628365918103,0.000000000000,,gps_back
68.495562761698,153.645776431345,0.000000000000,,gps_back
68.448823400054,153.663528497139,0.000000000000,,gps_back
68.405232497517,153.687809930720,0.000000000000,,gps_back
68.359470734112,153.707758535547,0.000000000000,,gps_back
68.315394625422,153.731250187785,0.000000000000,,gps_back
68.269966318535,153.752056703865,0.000000000000,,gps_back
68.223088043317,153.769392549679,0.000000000000,,gps_back
68.176404807282,153.787286607492,0.000000000000,,gps_back
68.129889747784,153.805619766359,0.000000000000,,gps_back
68.083392111700,153.823997403475,0.000000000000,,gps_back
68.036262292814,153.840668631096,0.000000000000,,gps_back
67.989332021113,153.857906735820,0.000000000000,,gps_back
67.942773768007,153.876126351477,0.000000000000,,gps_back
67.896022385965,153.893845972543,0.000000000000,,gps_back
67.848728884821,153.910053611514,0.000000000000,,gps_back
67.802028526607,153.927888861039,0.000000000000,,gps_back
67.755574188131,153.946375145942,0.000000000000,,gps_back
67.709110191777,153.964837631776,0.000000000000,,gps_back
67.662110924604,153.981879253108,0.000000000000,,gps_back
67.614994236113,153.998606021386,0.000000000000,,gps_back
67.568153594783,154.016087418494,0.000000000000,,gps_back
67.520954814872,154.032572932581,0.000000000000,,gps_back
67.474192301475,154.050254002732,0.000000000000,,gps_back
67.427698081629,154.068639138211,0.000000000000,,gps_back
67.380700521725,154.085685245961,0.000000000000,,gps_back
67.333641261905,154.102572859277,0.000000000000,,gps_back
67.286867024239,154.120231285368,0.000000000000,,gps_back
67.239578215625,154.136449124251,0.000000000000,,gps_back
67.192924974207,154.154404200507,0.000000000000,,gps_back
67.146374125939,154.172646586794,0.000000000000,,gps_back
67.099892318088,154.191064010392,0.000000000000,,gps_back
67.052964035206,154.208303319382,0.000000000000,,gps_back
67.005605911680,154.224327468601,0.000000000000,,gps_back
66.958208513067,154.240241401335,0.000000000000,,gps_back
66.911570367996,154.258234784464,0.000000000000,,gps_back
66.865020856415,154.276480530184,0.000000000000,,gps_back
66.817994388625,154.293449621668,0.000000000000,,gps_back
66.770961733422,154.310410953587,0.000000000000,,gps_back
66.724356262558,154.328506461805,0.000000000000,,gps_back
66.677774994666,154.346670974843,0.000000000000,,gps_back
66.630473251709,154.362842249428,0.000000000000,,gps_back
66.583767648521,154.380661305479,0.000000000000,,gps_back
66.535445946977,154.393250520334,0.000000000000,,gps_back
66.487307281971,154.406731631930,0.000000000000,,gps_back
66.440115225917,154.423203660547,0.000000000000,,gps_back
66.392806378574,154.439375479952,0.000000000000,,gps_back
66.344138618879,154.450647886425,0.000000000000,,gps_back
66.296530210894,154.465789027485,0.000000000000,,gps_back
66.249861886664,154.483707741355,0.000000000000,,gps_back
66.201551493533,154.496360171337,0.000000000000,,gps_back
66.153411260304,154.509841243966,0.000000000000,,gps_back
66.106208786627,154.526285861788,0.000000000000,,gps_back
66.059665255588,154.544537443688,0.000000000000,,gps_back
66.013009585881,154.562508806700,0.000000000000,,gps_back
65.965680416816,154.578606527733,0.000000000000,,gps_back
65.916993404577,154.589818302117,0.000000000000,,gps_back
65.868945859158,154.603579769924,0.000000000000,,gps_back
65.821835834851,154.620294642824,0.000000000000,,gps_back
65.775338313519,154.638664674594,0.000000000000,,gps_back
65.728230209428,154.655397744168,0.000000000000,,gps_back
65.679114089783,154.664236330281,0.000000000000,,gps_back
65.632132957832,154.680951831280,0.000000000000,,gps_back
65.584970247039,154.697537088035,0.000000000000,,gps_back
65.537943926598,154.714514408543,0.000000000000,,gps_back
65.490102470391,154.729001020435,0.000000000000,,gps_back
65.441139985192,154.738996093685,0.000000000000,,gps_back
65.393536854345,154.754122860424,0.000000000000,,gps_back
65.345695742073,154.768637965590,0.000000000000,,gps_back
65.297734156349,154.782760579645,0.000000000000,,gps_back
65.250564206184,154.799308433894,0.000000000000,,gps_back
65.203582881418,154.816411526607,0.000000000000,,gps_back
65.156488105339,154.833199353673,0.000000000000,,gps_back
65.109517442043,154.850331207723,0.000000000000,,gps_back
65.060992794163,154.862201647055,0.000000000000,,gps_back
65.012533991960,154.874502719945,0.000000000000,,gps_back
64.964779982062,154.889285349205,0.000000000000,,gps_back
64.917116830968,154.904384744395,0.000000000000,,gps_back
64.868434208242,154.915683241431,0.000000000000,,gps_back
64.819553167606,154.926190441060,0.000000000000,,gps_back
64.772030256500,154.941615764296,0.000000000000,,gps_back
64.725503073659,154.959898770546,0.000000000000,,gps_back
64.676827351572,154.970968980245,0.000000000000,,gps_back
64.628952572032,154.985299146170,0.000000000000,,gps_back
64.580411614524,154.997231429973,0.000000000000,,gps_back
64.531716005360,155.008567156282,0.000000000000,,gps_back
64.484366975385,155.024539036539,0.000000000000,,gps_back
64.435605318965,155.035410562347,0.000000000000,,gps_back
64.388021550816,155.050659483058,0.000000000000,,gps_back
64.339283163901,155.061685882616,0.000000000000,,gps_back
64.291268299393,155.075577547209,0.000000000000,,gps_back
64.243002173590,155.088614856262,0.000000000000,,gps_back
64.193884421103,155.097874273591,0.000000000000,,gps_back
64.144809852845,155.107434749180,0.000000000000,,gps_back
64.097920742030,155.124606789254,0.000000000000,,gps_back
64.049032334056,155.134755745891,0.000000000000,,gps_back
63.999721676593,155.143007952345,0.000000000000,,gps_back
63.952008868080,155.157789472764,0.000000000000,,gps_back
63.903604145292,155.170272420599,0.000000000000,,gps_back
63.854991032266,155.181956079417,0.000000000000,,gps_back
63.807524663257,155.197616020375,0.000000000000,,gps_back
63.758331415255,155.206289931920,0.000000000000,,gps_back
63.709197089633,155.215535220149,0.000000000000,,gps_back
63.661481743745,155.230382026613,0.000000000000,,gps_back
63.612986915472,155.242513247719,0.000000000000,,gps_back
63.564700262179,155.255477450750,0.000000000000,,gps_back
63.516068799174,155.267078424530,0.000000000000,,gps_back
63.466157544011,155.266845120466,0.000000000000,,gps_back
63.416160447224,155.266856705929,0.000000000000,,gps_back
63.366391900694,155.271502884822,0.000000000000,,gps_back
63.316960347462,155.278978685887,0.000000000000,,gps_back
63.269424130194,155.294358623271,0.000000000000,,gps_back
63.219561750247,155.295092996532,0.000000000000,,gps_back
63.171561963669,155.308719080575,0.000000000000,,gps_back
63.121961991370,155.314734705873,0.000000000000,,gps_back
63.072148035889,155.319009998421,0.000000000000,,gps_back
63.022865515916,155.327406613534,0.000000000000,,gps_back
62.973663912747,155.336292891049,0.000000000000,,gps_back
62.924259587569,155.343969959332,0.000000000000,,gps_back
62.874918553793,155.352046138718,0.000000000000,,gps_back
62.825748344688,155.361103235083,0.000000000000,,gps_back
62.777745390181,155.375059509034,0.000000000000,,gps_back
62.729830218072,155.389338969900,0.000000000000,,gps_back
62.681328670499,155.401473269792,0.000000000000,,gps_back
62.632812172877,155.413552887575,0.000000000000,,gps_back
62.583488640624,155.421710573775,0.000000000000,,gps_back
62.534124941199,155.429647355812,0.000000000000,,gps_back
62.484758761892,155.437568722111,0.000000000000,,gps_back
62.435368905229,155.445341057271,0.000000000000,,gps_back
62.386028548210,155.453421549472,0.000000000000,,gps_back
62.336621925221,155.461086316551,0.000000000000,,gps_back
62.286662194994,155.462785230708,0.000000000000,,gps_back
62.236920767474,155.467813972264,0.000000000000,,gps_back
62.187665794004,155.476386592673,0.000000000000,,gps_back
62.138439880162,155.485137413550,0.000000000000,,gps_back
62.089074075653,155.493060298764,0.000000000000,,gps_back
62.039940151476,155.502311853599,0.000000000000,,gps_back
61.990594544071,155.510358610712,0.000000000000,,gps_back
61.941442863954,155.519515894775,0.000000000000,,gps_back
61.891485816282,155.521259303083,0.000000000000,,gps_back
61.841497562002,155.520336453728,0.000000000000,,gps_back
61.791846430274,155.526157104842,0.000000000000,,gps_back
61.742550679308,155.534502202788,0.000000000000,,gps_back
61.692769022937,155.539130765490,0.000000000000,,gps_back
61.642823136615,155.541399041900,0.000000000000,,gps_back
61.593305878376,155.548300096367,0.000000000000,,gps_back
61.543314918315,155.547480572418,0.000000000000,,gps_back
61.493323963394,155.546660755227,0.000000000000,,gps_back
61.443335783712,155.545744395231,0.000000000000,,gps_back
61.393655962886,155.551370842542,0.000000000000,,gps_back
61.343773627356,155.554742392805,0.000000000000,,gps_back
61.293782947915,155.553906135963,0.000000000000,,gps_back
61.243795983743,155.552871937280,0.000000000000,,gps_back
61.193802090916,155.552258318502,0.000000000000,,gps_back
61.143816036450,155.551180369359,0.000000000000,,gps_back
61.093827834366,155.550207112413,0.000000000000,,gps_back
61.043837379729,155.549357328525,0.000000000000,,gps_back
60.993849305392,155.548503229045,0.000000000000,,gps_back
60.944043649638,155.552880590534,0.000000000000,,gps_back
60.894277008983,155.557619295223,0.000000000000,,gps_back
60.844286049155,155.556799757048,0.000000000000,,gps_back
60.794295148664,155.555976829793,0.000000000000,,gps_back
60.744306711049,155.555015679062,0.000000000000,,gps_back
60.694318066971,155.554065469029,0.000000000000,,gps_back
60.644327321577,155.553233037034,0.000000000000,,gps_back
60.594342071636,155.552419904287,0.000000000000,,gps_back
60.544566455204,155.557125943345,0.000000000000,,gps_back
60.494731364465,155.561077091427,0.000000000000,,gps_back
60.444741817165,155.560175553264,0.000000000000,,gps_back
60.394751257011,155.559332150693,0.000000000000,,gps_back
60.344762470144,155.558389548703,0.000000000000,,gps_back
60.294771510083,155.557570024753,0.000000000000,,gps_back
60.244780550021,155.556750500823,0.000000000000,,gps_back
60.194789617466,155.555929361763,0.000000000000,,gps_back
60.144799750194,155.555045694754,0.000000000000,,gps_back
60.094810289436,155.554190856881,0.000000000000,,gps_back
60.044839606747,155.555395221059,0.000000000000,,gps_back
59.995426514005,155.562875844488,0.000000000000,,gps_back
59.945435553943,155.562056320561,0.000000000000,,gps_back
59.895455773289,155.561446219079,0.000000000000,,gps_back
59.845826492795,155.567479403273,0.000000000000,,gps_back
59.795923815652,155.570461658315,0.000000000000,,gps_back
59.745932935356,155.569637292294,0.000000000000,,gps_back
59.695942481115,155.568787942441,0.000000000000,,gps_back
59.645954788924,155.567789871856,0.000000000000,,gps_back
59.595992564822,155.566895657020,0.000000000000,,gps_back
59.546506318011,155.573951031807,0.000000000000,,gps_back
59.496546777991,155.575812584663,0.000000000000,,gps_back
59.446556655212,155.574943551721,0.000000000000,,gps_back
59.396565994898,155.574211735610,0.000000000000,,gps_back
59.346612139844,155.575700140758,0.000000000000,,gps_back
59.297234590974,155.583284457161,0.000000000000,,gps_back
59.247251636969,155.582073879666,0.000000000000,,gps_back
59.197280066049,155.581566377426,0.000000000000,,gps_back
59.147649792799,155.587575865980,0.000000000000,,gps_back
59.097743201237,155.590446450973,0.000000000000,,gps_back
59.047752213912,155.589717098754,0.000000000000,,gps_back
58.997795717629,155.590885214354,0.000000000000,,gps_back
58.948348266829,155.598021897358,0.000000000000,,gps_back
58.898352961544,155.597543570702,0.000000000000,,gps_back
58.848379039261,155.597088385702,0.000000000000,,gps_back
58.798651143437,155.602265284836,0.000000000000,,gps_back
58.748800870343,155.605874459652,0.000000000000,,gps_back
58.698815698064,155.604759236234,0.000000000000,,gps_back
58.648824922308,155.603929325422,0.000000000000,,gps_back
58.598877429476,155.603571723448,0.000000000000,,gps_back
58.549436567660,155.610850754063,0.000000000000,,gps_back
58.499465786857,155.612346723034,0.000000000000,,gps_back
58.449476040875,155.611456216913,0.000000000000,,gps_back
58.399486428826,155.610558237343,0.000000000000,,gps_back
58.349497632762,155.609619289435,0.000000000000,,gps_back
58.299514296962,155.608426463887,0.000000000000,,gps_back
58.249523336901,155.607606939959,0.000000000000,,gps_back
58.199532479705,155.606781439180,0.000000000000,,gps_back
58.149542904884,155.605881383956,0.000000000000,,gps_back
58.099552984833,155.605000868600,0.000000000000,,gps_back
58.049562024772,155.604181344658,0.000000000000,,gps_back
57.999571064710,155.603361820732,0.000000000000,,gps_back
57.949652862105,155.601874679975,0.000000000000,,gps_back
57.900589314919,155.592444591055,0.000000000000,,gps_back
57.850665994065,155.589773213016,0.000000000000,,gps_back
57.800691753810,155.588650164699,0.000000000000,,gps_back
57.750950941825,155.583682612037,0.000000000000,,gps_back
57.701563695214,155.576178792774,0.000000000000,,gps_back
57.651572827563,155.575353652914,0.000000000000,,gps_back
57.601668939217,155.573730950661,0.000000000000,,gps_back
57.552581207407,155.564456318589,0.000000000000,,gps_back
57.502659679704,155.561764912789,0.000000000000,,gps_back
57.452683444780,155.560642533977,0.000000000000,,gps_back
57.402905980957,155.556160344215,0.000000000000,,gps_back
57.353582334400,155.548321021877,0.000000000000,,gps_back
57.303668982897,155.546704356869,0.000000000000,,gps_back
57.254394786771,155.538362748484,0.000000000000,,gps_back
57.204535053083,155.534769532123,0.000000000000,,gps_back
57.154564521027,155.533528027147,0.000000000000,,gps_back
57.104847858365,155.528523120305,0.000000000000,,gps_back
57.055850110880,155.518574528694,0.000000000000,,gps_back
57.006804282121,155.509332857071,0.000000000000,,gps_back
56.956922480422,155.507510220992,0.000000000000,,gps_back
56.907822151871,155.498355495608,0.000000000000,,gps_back
56.857938865739,155.495137431919,0.000000000000,,gps_back
56.808319629851,155.489000488096,0.000000000000,,gps_back
56.758728273741,155.482718757464,0.000000000000,,gps_back
56.708951193047,155.478404391446,0.000000000000,,gps_back
56.659686751354,155.470339127069,0.000000000000,,gps_back
56.609783912219,155.468563600588,0.000000000000,,gps_back
56.560420252529,155.460738453675,0.000000000000,,gps_back
56.510638264292,155.456128940462,0.000000000000,,gps_back
56.461072615256,155.449693299208,0.000000000000,,gps_back
56.411973644255,155.440263322711,0.000000000000,,gps_back
56.362610106847,155.432710690376,0.000000000000,,gps_back
56.312805407202,155.429898378792,0.000000000000,,gps_back
56.264023987592,155.418948276306,0.000000000000,,gps_back
56.214870569164,155.410084743454,0.000000000000,,gps_back
56.165034928592,155.406289906600,0.000000000000,,gps_back
56.115616948116,155.398780383367,0.000000000000,,gps_back
56.066690217304,155.388491538568,0.000000000000,,gps_back
56.017825805914,155.377963681167,0.000000000000,,gps_back
55.968368417542,155.370974878201,0.000000000000,,gps_back
55.918540728122,155.368028739455,0.000000000000,,gps_back
55.869537688815,155.358115744582,0.000000000000,,gps_back
55.820725040391,155.347300210039,0.000000000000,,gps_back
55.771751552240,155.337232795985,0.000000000000,,gps_back
55.722828680937,155.326921676158,0.000000000000,,gps_back
55.673871846424,155.316775053883,0.000000000000,,gps_back
55.624819865728,155.307096703021,0.000000000000,,gps_back
55.575775078474,155.297381982651,0.000000000000,,gps_back
55.526745218590,155.287597527579,0.000000000000,,gps_back
55.477854717178,155.277135525220,0.000000000000,,gps_back
55.428768932450,155.267768265720,0.000000000000,,gps_back
55.379069898076,155.262321368992,0.000000000000,,gps_back
55.329418807651,155.256783207376,0.000000000000,,gps_back
55.280470084459,155.246602727169,0.000000000000,,gps_back
55.231661144808,155.235777602259,0.000000000000,,gps_back
55.182636888492,155.225966975081,0.000000000000,,gps_back
55.133806417316,155.215228369410,0.000000000000,,gps_back
55.085033928874,155.204234814994,0.000000000000,,gps_back
55.036074756120,155.194097594219,0.000000000000,,gps_back
54.987290935343,155.183235666529,0.000000000000,,gps_back
54.939347642401,155.169060069370,0.000000000000,,gps_back
54.891355183172,155.155856313065,0.000000000000,,gps_back
54.842151900246,155.149940726065,0.000000000000,,gps_back
54.795778262441,155.131555382715,0.000000000000,,gps_back
54.747058026026,155.120343562980,0.000000000000,,gps_back
54.698065882839,155.110369177598,0.000000000000,,gps_back
54.649158632467,155.099985005564,0.000000000000,,gps_back
54.600343649182,155.089262536437,0.000000000000,,gps_back
54.552516520487,155.074811964021,0.000000000000,,gps_back
54.505528223807,155.058010057177,0.000000000000,,gps_back
54.456631339251,155.047583214281,0.000000000000,,gps_back
54.407964289407,155.036535250283,0.000000000000,,gps_back
54.360782672419,155.020064553565,0.000000000000,,gps_back
54.312503293675,155.007104500721,0.000000000000,,gps_back
54.263716802363,154.996168842926,0.000000000000,,gps_back
54.214808029589,154.985792199247,0.000000000000,,gps_back
54.165960131289,154.975193891573,0.000000000000,,gps_back
54.118090438820,154.961021583617,0.000000000000,,gps_back
54.071501040267,154.943235806979,0.000000000000,,gps_back
54.022636866663,154.932659991621,0.000000000000,,gps_back
53.974023564236,154.921453479804,0.000000000000,,gps_back
53.927012581945,154.904510152229,0.000000000000,,gps_back
53.878778880427,154.891435483339,0.000000000000,,gps_back
53.829832411968,154.881237622294,0.000000000000,,gps_back
53.780935840230,154.870802444608,0.000000000000,,gps_back
53.732672074733,154.858395566632,0.000000000000,,gps_back
53.686283419643,154.840085157769,0.000000000000,,gps_back
53.637643608534,154.828514128501,0.000000000000,,gps_back
53.589203367411,154.816317747714,0.000000000000,,gps_back
53.541784750654,154.800489231784,0.000000000000,,gps_back
53.493928701994,154.786018774927,0.000000000000,,gps_back
53.446418728166,154.770457554358,0.000000000000,,gps_back
53.398920334882,154.755079375538,0.000000000000,,gps_back
53.350695385723,154.742526849582,0.000000000000,,gps_back
53.304139833555,154.724778694149,0.000000000000,,gps_back
53.255180848701,154.714643490120,0.000000000000,,gps_back
53.206413915585,154.703838847231,0.000000000000,,gps_back
53.158839590312,154.688497841580,0.000000000000,,gps_back
53.111564174997,154.672342830264,0.000000000000,,gps_back
53.063597733209,154.658413187837,0.000000000000,,gps_back
53.016351843538,154.642388925844,0.000000000000,,gps_back
52.967422231933,154.632109933194,0.000000000000,,gps_back
52.918927020890,154.620325694342,0.000000000000,,gps_back
52.871775943413,154.603716130573,0.000000000000,,gps_back
52.824071885900,154.588754662705,0.000000000000,,gps_back
52.776310658032,154.574011823727,0.000000000000,,gps_back
52.728812530362,154.558544679199,0.000000000000,,gps_back
52.680680224803,154.545244711708,0.000000000000,,gps_back
52.633844244002,154.527747792585,0.000000000000,,gps_back
52.586789356979,154.510926092741,0.000000000000,,gps_back
52.538915819768,154.496515718509,0.000000000000,,gps_back
52.491436298850,154.480868439314,0.000000000000,,gps_back
52.443919775064,154.465580240801,0.000000000000,,gps_back
52.395848344452,154.452511302889,0.000000000000,,gps_back
52.349242205968,154.434817353898,0.000000000000,,gps_back
52.301015740984,154.421839185419,0.000000000000,,gps_back
52.253586593853,154.406124659445,0.000000000000,,gps_back
52.205302177329,154.393151119412,0.000000000000,,gps_back
52.157779970174,154.377936868137,0.000000000000,,gps_back
52.111973353566,154.357898920819,0.000000000000,,gps_back
52.065856437167,154.338624294817,0.000000000000,,gps_back
52.018571305614,154.322544610264,0.000000000000,,gps_back
51.970602670602,154.308652650426,0.000000000000,,gps_back
51.924091982311,154.290346310766,0.000000000000,,gps_back
51.878308723676,154.270255011110,0.000000000000,,gps_back
51.832438036734,154.250368646408,0.000000000000,,gps_back
51.786142825206,154.231498816523,0.000000000000,,gps_back
51.739670166113,154.213083244955,0.000000000000,,gps_back
51.693783791856,154.193228563772,0.000000000000,,gps_back
51.647947950824,154.173258535451,0.000000000000,,gps_back
51.602880559973,154.151729243648,0.000000000000,,gps_back
51.558878021117,154.128083209670,0.000000000000,,gps_back
51.512634468230,154.109334994369,0.000000000000,,gps_back
51.465501261687,154.093015259613,0.000000000000,,gps_back
51.420699167641,154.070874745721,0.000000000000,,gps_back
51.376410664827,154.047748909906,0.000000000000,,gps_back
51.330796486842,154.027277353639,0.000000000000,,gps_back
51.285054887092,154.007091514606,0.000000000000,,gps_back
51.239237405975,153.987078685276,0.000000000000,,gps_back
51.193366026248,153.967189468811,0.000000000000,,gps_back
51.147558379718,153.947154119578,0.000000000000,,gps_back
51.101780861717,153.927050220926,0.000000000000,,gps_back
51.055655491431,153.907786385166,0.000000000000,,gps_back
51.010426560200,153.887080511382,0.000000000000,,gps_back
50.967999007022,153.860708721205,0.000000000000,,gps_back
50.923427110763,153.838137939398,0.000000000000,,gps_back
50.877601057411,153.818144501479,0.000000000000,,gps_back
50.831764007629,153.798176365713,0.000000000000,,gps_back
50.785941155769,153.778175867776,0.000000000000,,gps_back
50.739743539995,153.759094704952,0.000000000000,,gps_back
50.693181663598,153.740919279512,0.000000000000,,gps_back
50.646577564006,153.723075193169,0.000000000000,,gps_back
50.599446732988,153.706892631545,0.000000000000,,gps_back
50.554887725351,153.684259299260,0.000000000000,,gps_back
50.510539481504,153.661281199013,0.000000000000,,gps_back
50.464763407301,153.641173722791,0.000000000000,,gps_back
50.418917678551,153.621225477701,0.000000000000,,gps_back
50.373088109395,153.601240894536,0.000000000000,,gps_back
50.327336260341,153.581078379551,0.000000000000,,gps_back
50.282462707168,153.559217837595,0.000000000000,,gps_back
50.239048043265,153.534443699988,0.000000000000,,gps_back
50.194336916660,153.512137607693,0.000000000000,,gps_back
50.148561518200,153.492028395862,0.000000000000,,gps_back
50.102753422968,153.471994269554,0.000000000000,,gps_back
50.056867048703,153.452139588387,0.000000000000,,gps_back
50.011060536606,153.432103239220,0.000000000000,,gps_back
49.965338448043,153.411874517871,0.000000000000,,gps_back
49.919255984878,153.392496741013,0.000000000000,,gps_back
49.872792018025,153.374035299482,0.000000000000,,gps_back
49.826607460060,153.354894547846,0.000000000000,,gps_back
49.780965463992,153.334496515706,0.000000000000,,gps_back
49.736829777908,153.311217260765,0.000000000000,,gps_back
49.693611393901,153.286312651061,0.000000000000,,gps_back
49.648003020971,153.265831740224,0.000000000000,,gps_back
49.602144276393,153.245913388827,0.000000000000,,gps_back
49.556092691971,153.226453946232,0.000000000000,,gps_back
49.509677519784,153.207869916075,0.000000000000,,gps_back
49.463411995550,153.188935598467,0.000000000000,,gps_back
49.417635475276,153.168829152531,0.000000000000,,gps_back
49.373219769455,153.146187453779,0.000000000000,,gps_back
49.330207126860,153.120882452353,0.000000000000,,gps_back
49.284849834338,153.099867716787,0.000000000000,,gps_back
49.239600896996,153.078695286339,0.000000000000,,gps_back
49.195898214190,153.054427726477,0.000000000000,,gps_back
49.151943602593,153.030746121749,0.000000000000,,gps_back
49.106658153071,153.009579076544,0.000000000000,,gps_back
49.061938871259,152.987219435635,0.000000000000,,gps_back
49.016991469773,152.965333538701,0.000000000000,,gps_back
48.972114564876,152.943341281451,0.000000000000,,gps_back
48.928452363039,152.918997728586,0.000000000000,,gps_back
48.884362558070,152.895608799164,0.000000000000,,gps_back
48.838476183804,152.875754118000,0.000000000000,,gps_back
48.792673928300,152.855708091800,0.000000000000,,gps_back
48.746948409593,152.835487170854,0.000000000000,,gps_back
48.701081298736,152.815588061959,0.000000000000,,gps_back
48.656004092469,152.794096994376,0.000000000000,,gps_back
48.612429093849,152.769582457314,0.000000000000,,gps_back
48.568125478945,152.746538615446,0.000000000000,,gps_back
48.522489750904,152.726117510571,0.000000000000,,gps_back
48.478297655105,152.702985027795,0.000000000000,,gps_back
48.434714918234,152.678884344794,0.000000000000,,gps_back
48.388469788340,152.659880359534,0.000000000000,,gps_back
48.342991863727,152.639230733905,0.000000000000,,gps_back
48.299238491176,152.615067507346,0.000000000000,,gps_back
48.255325522817,152.591310195770,0.000000000000,,gps_back
48.211128989449,152.568198483585,0.000000000000,,gps_back
48.169196982621,152.540969452642,0.000000000000,,gps_back
48.127920654344,152.512777432527,0.000000000000,,gps_back
48.087291440653,152.483641677709,0.000000000000,,gps_back
48.046003165213,152.455458369600,0.000000000000,,gps_back
48.004054229124,152.428254575966,0.000000000000,,gps_back
47.961643167790,152.401794919963,0.000000000000,,gps_back
47.918571787682,152.376405474854,0.000000000000,,gps_back
47.875882898063,152.350394971741,0.000000000000,,gps_back
47.834473789373,152.322414752764,0.000000000000,,gps_back
47.794473820456,152.292427278729,0.000000000000,,gps_back
47.755032750772,152.261699933748,0.000000000000,,gps_back
47.715224987276,152.231459275796,0.000000000000,,gps_back
47.674367561817,152.202659206021,0.000000000000,,gps_back
47.633453607257,152.173960806029,0.000000000000,,gps_back
47.592920196513,152.144733721972,0.000000000000,,gps_back
47.551839793679,152.116271272918,0.000000000000,,gps_back
47.511306396382,152.087021520452,0.000000000000,,gps_back
47.469708244368,152.059289238802,0.000000000000,,gps_back
47.427977937014,152.031756825916,0.000000000000,,gps_back
47.387175396157,152.002885262988,0.000000000000,,gps_back
47.346485971462,151.973879224153,0.000000000000,,gps_back
47.305479252742,151.945344085275,0.000000000000,,gps_back
47.265979004581,151.914692945422,0.000000000000,,gps_back
47.225791659222,151.884992335107,0.000000000000,,gps_back
47.184660023195,151.856574085440,0.000000000000,,gps_back
47.144398511440,151.826944361932,0.000000000000,,gps_back
47.105113668016,151.796022642632,0.000000000000,,gps_back
47.066646905018,151.764092631240,0.000000000000,,gps_back
47.028181007073,151.732175900865,0.000000000000,,gps_back
46.988722287633,151.701471245962,0.000000000000,,gps_back
46.949249897294,151.670784161311,0.000000000000,,gps_back
46.909038281111,151.641118286764,0.000000000000,,gps_back
46.867874176498,151.612747642903,0.000000000000,,gps_back
46.827224052198,151.583638931378,0.000000000000,,gps_back
46.786336099084,151.554874555616,0.000000000000,,gps_back
46.745664651282,151.525840724401,0.000000000000,,gps_back
46.706095492755,151.495279234069,0.000000000000,,gps_back
46.665595435261,151.466009607746,0.000000000000,,gps_back
46.624497744934,151.437569391115,0.000000000000,,gps_back
46.585946221986,151.405876692844,0.000000000000,,gps_back
46.549200663338,151.371994006818,0.000000000000,,gps_back
46.510199673955,151.340807177972,0.000000000000,,gps_back
46.469406157655,151.311900168794,0.000000000000,,gps_back
46.429233073298,151.282152510591,0.000000000000,,gps_back
46.389792003613,151.251425165611,0.000000000000,,gps_back
46.352100524374,151.218737999240,0.000000000000,,gps_back
46.314978134149,151.185493419812,0.000000000000,,gps_back
46.274471618096,151.156185418771,0.000000000000,,gps_back
46.235137029175,151.125428076578,0.000000000000,,gps_back
46.198441447445,151.091490795585,0.000000000000,,gps_back
46.161244899456,151.058198487448,0.000000000000,,gps_back
46.122454048414,151.026678740861,0.000000000000,,gps_back
46.084122733572,150.994591839457,0.000000000000,,gps_back
46.046150566750,150.962130983438,0.000000000000,,gps_back
46.009022113575,150.928676749220,0.000000000000,,gps_back
45.969780311388,150.897751387704,0.000000000000,,gps_back
45.931700976557,150.865675140168,0.000000000000,,gps_back
45.895155223373,150.831740501250,0.000000000000,,gps_back
45.855672383982,150.801067612476,0.000000000000,,gps_back
45.817656919138,150.768726002046,0.000000000000,,gps_back
45.781218262026,150.734513174580,0.000000000000,,gps_back
45.743882475307,150.701259798182,0.000000000000,,gps_back
45.707099827339,150.667403915089,0.000000000000,,gps_back
45.670105613211,150.633800903175,0.000000000000,,gps_back
45.634986070775,150.598540392065,0.000000000000,,gps_back
45.600281515239,150.563027459548,0.000000000000,,gps_back
45.561433621127,150.531572103803,0.000000000000,,gps_back
45.523013060219,150.499584477445,0.000000000000,,gps_back
45.485755765571,150.466361593797,0.000000000000,,gps_back
45.451272407817,150.430170651510,0.000000000000,,gps_back
45.415705177907,150.395159120391,0.000000000000,,gps_back
45.377198769385,150.363286088802,0.000000000000,,gps_back
45.337857880599,150.332430885003,0.000000000000,,gps_back
45.301812953038,150.298214013623,0.000000000000,,gps_back
45.268041254912,150.261471584182,0.000000000000,,gps_back
45.230741500190,150.228223675441,0.000000000000,,gps_back
45.192336279848,150.196212576835,0.000000000000,,gps_back
45.155708416436,150.162273302752,0.000000000000,,gps_back
45.120969426882,150.126315406657,0.000000000000,,gps_back
45.084387506865,150.092367018893,0.000000000000,,gps_back
45.048290069551,150.058041221268,0.000000000000,,gps_back
45.015668362259,150.020153049730,0.000000000000,,gps_back
44.981964927590,149.983273141409,0.000000000000,,gps_back
44.946332663016,149.948205478743,0.000000000000,,gps_back
44.908899090570,149.915134651908,0.000000000000,,gps_back
44.871875056992,149.881682411949,0.000000000000,,gps_back
44.835873344398,149.847045036179,0.000000000000,,gps_back
44.798399447382,149.813947079473,0.000000000000,,gps_back
44.761078203109,149.780678031865,0.000000000000,,gps_back
44.723714322976,149.747457884827,0.000000000000,,gps_back
44.685475518755,149.715263242058,0.000000000000,,gps_back
44.648481382293,149.681774842845,0.000000000000,,gps_back
44.611786739784,149.647958608038,0.000000000000,,gps_back
44.574400943973,149.614857382707,0.000000000000,,gps_back
44.537897239706,149.580722786153,0.000000000000,,gps_back
44.500422295194,149.547626251699,0.000000000000,,gps_back
44.463913812280,149.513493307903,0.000000000000,,gps_back
44.427295555472,149.479493246958,0.000000000000,,gps_back
44.388694075781,149.447743421520,0.000000000000,,gps_back
44.351051150403,149.414966392110,0.000000000000,,gps_back
44.314505295682,149.380876181003,0.000000000000,,gps_back
44.277076160053,149.347728298584,0.000000000000,,gps_back
44.241066513732,149.313095187375,0.000000000000,,gps_back
44.206224405269,149.277238424641,0.000000000000,,gps_back
44.169054763351,149.243961269115,0.000000000000,,gps_back
44.131809626677,149.210781695159,0.000000000000,,gps_back
44.095313707503,149.176697326718,0.000000000000,,gps_back
44.057816421767,149.143645983178,0.000000000000,,gps_back
44.022065636665,149.108722253178,0.000000000000,,gps_back
43.987327422781,149.072763607509,0.000000000000,,gps_back
43.952587971949,149.036806157018,0.000000000000,,gps_back
43.915625084394,149.003310892033,0.000000000000,,gps_back
43.879867668475,148.968757830406,0.000000000000,,gps_back
43.847096560032,148.931011065372,0.000000000000,,gps_back
43.812965219867,148.894485108889,0.000000000000,,gps_back
43.778225418709,148.858527996639,0.000000000000,,gps_back
43.743549911881,148.822508994402,0.000000000000,,gps_back
43.710933950568,148.784708641903,0.000000000000,,gps_back
43.676292162244,148.749120890017,0.000000000000,,gps_back
43.638990608825,148.715908534186,0.000000000000,,gps_back
43.603760086639,148.680439936405,0.000000000000,,gps_back
43.569068731334,148.644436082600,0.000000000000,,gps_back
43.534282903858,148.608523775106,0.000000000000,,gps_back
43.499571763321,148.572539846297,0.000000000000,,gps_back
43.466818695288,148.534838580023,0.000000000000,,gps_back
43.432451921430,148.498836596836,0.000000000000,,gps_back
43.395638409670,148.465038002744,0.000000000000,,gps_back
43.360542940935,148.429442136185,0.000000000000,,gps_back
43.325725743993,148.393564872197,0.000000000000,,gps_back
43.290489956787,148.358093658713,0.000000000000,,gps_back
43.255508395626,148.322373397815,0.000000000000,,gps_back
43.220770151502,148.286414781500,0.000000000000,,gps_back
43.186030350146,148.250457669460,0.000000000000,,gps_back
43.150472973373,148.215327774625,0.000000000000,,gps_back
43.113513703500,148.181667531841,0.000000000000,,gps_back
43.079545015152,148.145293549020,0.000000000000,,gps_back
43.048974060477,148.105731137091,0.000000000000,,gps_back
43.016616103251,148.067685042956,0.000000000000,,gps_back
42.981951128697,148.031665097063,0.000000000000,,gps_back
42.946852219862,147.996058950893,0.000000000000,,gps_back
42.912002058780,147.960209136992,0.000000000000,,gps_back
42.877447926999,147.924074432107,0.000000000000,,gps_back
42.845027942880,147.886094984901,0.000000000000,,gps_back
42.812356931049,147.848344397008,0.000000000000,,gps_back
42.777659880205,147.812346076664,0.000000000000,,gps_back
42.744004818535,147.775399113760,0.000000000000,,gps_back
42.711540428342,147.737375636502,0.000000000000,,gps_back
42.678319426290,147.700029487544,0.000000000000,,gps_back
42.646059669436,147.661900748679,0.000000000000,,gps_back
42.615488714766,147.622338336746,0.000000000000,,gps_back
42.584917760091,147.582775924818,0.000000000000,,gps_back
42.554421340776,147.543156133283,0.000000000000,,gps_back
42.523970670449,147.503501076125,0.000000000000,,gps_back
42.493447106559,147.463902137889,0.000000000000,,gps_back
42.462876151887,147.424339725958,0.000000000000,,gps_back
42.432305197207,147.384777314033,0.000000000000,,gps_back
42.401734242528,147.345214902108,0.000000000000,,gps_back
42.371163287853,147.305652490179,0.000000000000,,gps_back
42.340592333183,147.266090078247,0.000000000000,,gps_back
42.310005630470,147.226539844933,0.000000000000,,gps_back
42.278610134615,147.187640988287,0.000000000000,,gps_back
42.245398443765,147.150293533536,0.000000000000,,gps_back
42.213079522214,147.112220558178,0.000000000000,,gps_back
42.182508567545,147.072658146244,0.000000000000,,gps_back
42.153950240328,147.031687322962,0.000000000000,,gps_back
42.126113473509,146.990176541742,0.000000000000,,gps_back
42.096404347851,146.949974776258,0.000000000000,,gps_back
42.065020783912,146.911070351045,0.000000000000,,gps_back
42.031703392920,146.873817420679,0.000000000000,,gps_back
41.999350751159,146.835777442662,0.000000000000,,gps_back
41.968779796483,146.796215030734,0.000000000000,,gps_back
41.940418655842,146.755119677176,0.000000000000,,gps_back
41.912601129805,146.713609206573,0.000000000000,,gps_back
41.883857330753,146.672702771802,0.000000000000,,gps_back
41.856844660738,146.630658433070,0.000000000000,,gps_back
41.831293913277,146.587683356790,0.000000000000,,gps_back
41.805455285047,146.544883549345,0.000000000000,,gps_back
41.777076367437,146.503790457224,0.000000000000,,gps_back
41.746655512174,146.464113015767,0.000000000000,,gps_back
41.716084557503,146.424550603835,0.000000000000,,gps_back
41.686903317187,146.383984738434,0.000000000000,,gps_back
41.659200808729,146.342364204977,0.000000000000,,gps_back
41.629974210457,146.301848189739,0.000000000000,,gps_back
41.599282259267,146.262379657371,0.000000000000,,gps_back
41.566473879627,146.224749428320,0.000000000000,,gps_back
41.533573641810,146.187172168543,0.000000000000,,gps_back
41.504304867922,146.146704039518,0.000000000000,,gps_back
41.476446573881,146.105188767865,0.000000000000,,gps_back
41.446993073239,146.064814565370,0.000000000000,,gps_back
41.417448170530,146.024497712164,0.000000000000,,gps_back
41.393081470971,145.981079236138,0.000000000000,,gps_back
41.364730749473,145.940805622869,0.000000000000,,gps_back
41.333792624561,145.901818441790,0.000000000000,,gps_back
41.307226158526,145.859475166890,0.000000000000,,gps_back
41.282640050400,145.815958312102,0.000000000000,,gps_back
41.259810433284,145.771483910364,0.000000000000,,gps_back
41.235279946650,145.727985502702,0.000000000000,,gps_back
41.209555378041,145.685120633483,0.000000000000,,gps_back
41.183830505077,145.642253686258,0.000000000000,,gps_back
41.158138034184,145.599366222565,0.000000000000,,gps_back
41.134601316337,145.555290438707,0.000000000000,,gps_back
41.112032148222,145.510678862422,0.000000000000,,gps_back
41.087563872882,145.467106454797,0.000000000000,,gps_back
41.061840280273,145.424233800451,0.000000000000,,gps_back
41.036116687664,145.381361146106,0.000000000000,,gps_back
41.010393095055,145.338488491760,0.000000000000,,gps_back
40.986961730385,145.294384318680,0.000000000000,,gps_back
40.962294959108,145.251015377664,0.000000000000,,gps_back
40.935775865711,145.208636588374,0.000000000000,,gps_back
40.911952901607,145.164731945650,0.000000000000,,gps_back
40.887993965589,145.120885297491,0.000000000000,,gps_back
40.862276327390,145.078010781919,0.000000000000,,gps_back
40.836798311295,145.034995125375,0.000000000000,,gps_back
40.811050160104,144.992142842750,0.000000000000,,gps_back
40.783077869401,144.950741318152,0.000000000000,,gps_back
40.756163263377,144.908679124237,0.000000000000,,gps_back
40.731348440400,144.865275023209,0.000000000000,,gps_back
40.703993148017,144.823518028595,0.000000000000,,gps_back
40.676305120833,144.781922914284,0.000000000000,,gps_back
40.650836505022,144.738909683924,0.000000000000,,gps_back
40.625232406646,144.695974077976,0.000000000000,,gps_back
40.601114121255,144.652227170728,0.000000000000,,gps_back
40.578383421873,144.607695596922,0.000000000000,,gps_back
40.553855251790,144.564158749083,0.000000000000,,gps_back
40.528300565216,144.521185602836,0.000000000000,,gps_back
40.505635469325,144.476698032530,0.000000000000,,gps_back
40.484859287725,144.431221539442,0.000000000000,,gps_back
40.461609682713,144.387018139303,0.000000000000,,gps_back
40.436191023370,144.343966142648,0.000000000000,,gps_back
40.410602230011,144.301013126742,0.000000000000,,gps_back
40.385247562220,144.257921459725,0.000000000000,,gps_back
40.362459469137,144.213481207961,0.000000000000,,gps_back
40.336152773884,144.171281320891,0.000000000000,,gps_back
40.310473005645,144.128602253274,0.000000000000,,gps_back
40.288971935140,144.083475019408,0.000000000000,,gps_back
40.265703272965,144.039285326792,0.000000000000,,gps_back
40.238144632181,143.997642684074,0.000000000000,,gps_back
40.210704000036,143.955887586349,0.000000000000,,gps_back
40.187700122954,143.911596268045,0.000000000000,,gps_back
40.166764043430,143.866193166177,0.000000000000,,gps_back
40.144410209444,143.821488276195,0.000000000000,,gps_back
40.123839334397,143.775983894112,0.000000000000,,gps_back
40.104323275187,143.729957349276,0.000000000000,,gps_back
40.081002761785,143.685830381347,0.000000000000,,gps_back
40.058484634969,143.641266196945,0.000000000000,,gps_back
40.037703790480,143.595791832735,0.000000000000,,gps_back
40.016775425112,143.550385169359,0.000000000000,,gps_back
39.995823703121,143.504989220137,0.000000000000,,gps_back
39.972820691292,143.460635896307,0.000000000000,,gps_back
39.945957580391,143.418533903640,0.000000000000,,gps_back
39.922344200794,143.374674951803,0.000000000000,,gps_back
39.901339578008,143.329304196139,0.000000000000,,gps_back
39.880405389967,143.283900672799,0.000000000000,,gps_back
39.858144241621,143.239150632386,0.000000000000,,gps_back
39.835323479684,143.194665861870,0.000000000000,,gps_back
39.812390775116,143.150238573358,0.000000000000,,gps_back
39.787782396032,143.106736083332,0.000000000000,,gps_back
39.765085835522,143.062253762891,0.000000000000,,gps_back
39.741995451875,143.017943264740,0.000000000000,,gps_back
39.719374887571,142.973379725311,0.000000000000,,gps_back
39.698240780766,142.928070214385,0.000000000000,,gps_back
39.675811618221,142.883406362944,0.000000000000,,gps_back
39.651192101860,142.839904235021,0.000000000000,,gps_back
39.628678780720,142.795329741960,0.000000000000,,gps_back
39.607929338791,142.749841042886,0.000000000000,,gps_back
39.587162750453,142.704360138606,0.000000000000,,gps_back
39.568631350125,142.657961916621,0.000000000000,,gps_back
39.552296380762,142.610713061544,0.000000000000,,gps_back
39.535238655436,142.563725548388,0.000000000000,,gps_back
39.519548921797,142.516282802300,0.000000000000,,gps_back
39.501593007524,142.469705528239,0.000000000000,,gps_back
39.480955780347,142.424169179112,0.000000000000,,gps_back
39.461823063894,142.378003526966,0.000000000000,,gps_back
39.444779330772,142.331007409042,0.000000000000,,gps_back
39.425209452518,142.285067616542,0.000000000000,,gps_back
39.402189771648,142.240707616723,0.000000000000,,gps_back
39.382148137575,142.195018120452,0.000000000000,,gps_back
39.362865006851,142.148903704841,0.000000000000,,gps_back
39.342678758755,142.103162277265,0.000000000000,,gps_back
39.322971112676,142.057214568641,0.000000000000,,gps_back
39.303229982546,142.011280008731,0.000000000000,,gps_back
39.283350567309,141.965404360022,0.000000000000,,gps_back
39.267018944749,141.918232248870,0.000000000000,,gps_back
39.252574304001,141.870366640483,0.000000000000,,gps_back
39.234523081493,141.823827683164,0.000000000000,,gps_back
39.213885692965,141.778290590136,0.000000000000,,gps_back
39.192977376531,141.732874651583,0.000000000000,,gps_back
39.173197510401,141.686964606950,0.000000000000,,gps_back
39.156581345425,141.639852149187,0.000000000000,,gps_back
39.137735264685,141.593632877003,0.000000000000,,gps_back
39.114398338910,141.549464439592,0.000000000000,,gps_back
39.091981312104,141.504814670339,0.000000000000,,gps_back
39.072388426035,141.458833320889,0.000000000000,,gps_back
39.054847693158,141.412023081216,0.000000000000,,gps_back
39.038919288732,141.364636455031,0.000000000000,,gps_back
39.020090403124,141.318398886873,0.000000000000,,gps_back
38.999305948317,141.272926167728,0.000000000000,,gps_back
38.981540523563,141.226254753509,0.000000000000,,gps_back
38.963925358943,141.179478027824,0.000000000000,,gps_back
38.943820072060,141.133720172653,0.000000000000,,gps_back
38.924556682209,141.087602985647,0.000000000000,,gps_back
38.913056309349,141.039214892857,0.000000000000,,gps_back
38.896348811688,140.992549421083,0.000000000000,,gps_back
38.875448677965,140.947130258021,0.000000000000,,gps_back
38.857446118170,140.900534381135,0.000000000000,,gps_back
38.842249127323,140.852913784177,0.000000000000,,gps_back
38.826143386719,140.805596790576,0.000000000000,,gps_back
38.807436434128,140.759250498011,0.000000000000,,gps_back
38.791243742041,140.712017208577,0.000000000000,,gps_back
38.776756231048,140.664164520747,0.000000000000,,gps_back
38.762341304887,140.616289947792,0.000000000000,,gps_back
38.746385013601,140.568921337210,0.000000000000,,gps_back
38.729836426477,140.521741996938,0.000000000000,,gps_back
38.713736703907,140.474408095072,0.000000000000,,gps_back
38.694410908367,140.428368440962,0.000000000000,,gps_back
38.678034278740,140.381257386960,0.000000000000,,gps_back
38.663716261027,140.333354020451,0.000000000000,,gps_back
38.646034274201,140.286650494054,0.000000000000,,gps_back
38.630392321146,140.239240001375,0.000000000000,,gps_back
38.619143490809,140.190558605230,0.000000000000,,gps_back
38.605422022225,140.142550355842,0.000000000000,,gps_back
38.588351889178,140.095571949658,0.000000000000,,gps_back
38.572558448230,140.048156726330,0.000000000000,,gps_back
38.557995892941,140.000327281122,0.000000000000,,gps_back
38.543706996623,139.952415011025,0.000000000000,,gps_back
38.529453676755,139.904492049989,0.000000000000,,gps_back
38.515035857556,139.856618438590,0.000000000000,,gps_back
38.500562694304,139.808761410375,0.000000000000,,gps_back
38.486051376473,139.760915947080,0.000000000000,,gps_back
38.467191751358,139.714718017968,0.000000000000,,gps_back
38.449929910959,139.667867289346,0.000000000000,,gps_back
38.432139313157,139.621168092044,0.000000000000,,gps_back
38.414060515847,139.574556226754,0.000000000000,,gps_back
38.398588942050,139.527040123414,0.000000000000,,gps_back
38.383325709825,139.479432635527,0.000000000000,,gps_back
38.364086051627,139.433357592540,0.000000000000,,gps_back
38.353388220820,139.385027601496,0.000000000000,,gps_back
38.343532034708,139.336074253183,0.000000000000,,gps_back
38.330088315089,139.287936535618,0.000000000000,,gps_back
38.315657811344,139.240066710213,0.000000000000,,gps_back
38.302450629159,139.191852995315,0.000000000000,,gps_back
38.293052734191,139.142795239645,0.000000000000,,gps_back
38.282359710302,139.093988189041,0.000000000000,,gps_back
38.265481821271,139.047053538760,0.000000000000,,gps_back
38.250842942434,138.999343861325,0.000000000000,,gps_back
38.237081419087,138.951282025983,0.000000000000,,gps_back
38.220926139167,138.903984210512,0.000000000000,,gps_back
38.210066105754,138.855330958245,0.000000000000,,gps_back
38.197616650687,138.806967825128,0.000000000000,,gps_back
38.184954234910,138.758606205250,0.000000000000,,gps_back
38.171575437097,138.710437378356,0.000000000000,,gps_back
38.157270774228,138.662530739112,0.000000000000,,gps_back
38.142907844095,138.614640576416,0.000000000000,,gps_back
38.128701759655,138.566703639379,0.000000000000,,gps_back
38.114377273341,138.518802005147,0.000000000000,,gps_back
38.099917869351,138.470940841188,0.000000000000,,gps_back
38.090702791006,138.421909799597,0.000000000000,,gps_back
38.078695038207,138.373465435657,0.000000000000,,gps_back
38.064625989970,138.325488434713,0.000000000000,,gps_back
38.050387092356,138.277561196494,0.000000000000,,gps_back
38.036007152818,138.229676133204,0.000000000000,,gps_back
38.021536728408,138.181818284728,0.000000000000,,gps_back
38.007049217407,138.133965596900,0.000000000000,,gps_back
37.992561706411,138.086112909071,0.000000000000,,gps_back
37.978074195418,138.038260221241,0.000000000000,,gps_back
37.965347211204,137.989922234019,0.000000000000,,gps_back
37.951741030924,137.941821156844,0.000000000000,,gps_back
37.936318314630,137.894268302776,0.000000000000,,gps_back
37.921751309120,137.846447060898,0.000000000000,,gps_back
37.908798858815,137.798161477218,0.000000000000,,gps_back
37.894833796751,137.750162089532,0.000000000000,,gps_back
37.880434816198,137.702282720638,0.000000000000,,gps_back
37.866245103182,137.654341013652,0.000000000000,,gps_back
37.848378702496,137.607706367251,0.000000000000,,gps_back
37.826366836393,137.562852710092,0.000000000000,,gps_back
37.803456478263,137.518413109718,0.000000000000,,gps_back
37.780852530395,137.473817182579,0.000000000000,,gps_back
37.755754495729,137.430611572554,0.000000000000,,gps_back
37.726379453488,137.390226351570,0.000000000000,,gps_back
37.698608648077,137.348700717010,0.000000000000,,gps_back
37.672727979890,137.305927250963,0.000000000000,,gps_back
37.647050962956,137.263026758032,0.000000000000,,gps_back
37.622108197967,137.219698474206,0.000000000000,,gps_back
37.599884811026,137.174941214774,0.000000000000,,gps_back
37.575965290021,137.131069948503,0.000000000000,,gps_back
37.550058095736,137.088314566619,0.000000000000,,gps_back
37.524473094278,137.045361842664,0.000000000000,,gps_back
37.501712366949,137.000879191921,0.000000000000,,gps_back
37.478288176877,136.956720651080,0.000000000000,,gps_back
37.453702353314,136.913187499131,0.000000000000,,gps_back
37.431454626324,136.868444301612,0.000000000000,,gps_back
37.403229726319,136.827444351702,0.000000000000,,gps_back
37.379545611615,136.783666293647,0.000000000000,,gps_back
37.355488916700,136.739873423964,0.000000000000,,gps_back
37.329946506934,136.696894221636,0.000000000000,,gps_back
37.304397493391,136.653917477649,0.000000000000,,gps_back
37.278487689969,136.611158058893,0.000000000000,,gps_back
37.252257777740,136.568593463988,0.000000000000,,gps_back
37.226753302502,136.525593396547,0.000000000000,,gps_back
37.200758647735,136.482887619461,0.000000000000,,gps_back
37.172695131021,136.441528031167,0.000000000000,,gps_back
37.144111198724,136.400507032886,0.000000000000,,gps_back
37.116818829611,136.358624709938,0.000000000000,,gps_back
37.087448418319,136.318201117365,0.000000000000,,gps_back
37.060052949198,136.276423109734,0.000000000000,,gps_back
37.028789750373,136.237557552123,0.000000000000,,gps_back
36.996104549364,136.199723329064,0.000000000000,,gps_back
36.966401518207,136.159560409448,0.000000000000,,gps_back
36.939304169182,136.117557704976,0.000000000000,,gps_back
36.909721192334,136.077304739577,0.000000000000,,gps_back
36.882402401202,136.035489178424,0.000000000000,,gps_back
36.853773448257,135.994530413631,0.000000000000,,gps_back
36.821550487659,135.956356845240,0.000000000000,,gps_back
36.788311926534,135.919007700185,0.000000000000,,gps_back
36.757097754342,135.879979446789,0.000000000000,,gps_back
36.726068389545,135.840776893993,0.000000000000,,gps_back
36.692178496708,135.804073031899,0.000000000000,,gps_back
36.663303477239,135.763469987487,0.000000000000,,gps_back
36.632790186160,135.723934344477,0.000000000000,,gps_back
36.601630055749,135.684835407167,0.000000000000,,gps_back
36.574817207488,135.642725363569,0.000000000000,,gps_back
36.548559970024,135.600179484475,0.000000000000,,gps_back
36.522234663842,135.557673720935,0.000000000000,,gps_back
36.493277851892,135.516951754046,0.000000000000,,gps_back
36.463010345866,135.477158363577,0.000000000000,,gps_back
36.432545579283,135.437514134421,0.000000000000,,gps_back
36.403564913649,135.396784515224,0.000000000000,,gps_back
36.376354103498,135.354848829700,0.000000000000,,gps_back
36.346246542557,135.314990075939,0.000000000000,,gps_back
36.312326872414,135.278314879666,0.000000000000,,gps_back
36.280239637420,135.240018019084,0.000000000000,,gps_back
36.247155060006,135.202552128145,0.000000000000,,gps_back
36.214169573680,135.164981516810,0.000000000000,,gps_back
36.181899485125,135.126794293930,0.000000000000,,gps_back
36.147674080301,135.090377612386,0.000000000000,,gps_back
36.112528626370,135.054817773293,0.000000000000,,gps_back
36.077289527693,135.019349849309,0.000000000000,,gps_back
36.045527712931,134.980813646022,0.000000000000,,gps_back
36.015048870551,134.941180817494,0.000000000000,,gps_back
35.979223925444,134.906521886835,0.000000000000,,gps_back
35.942452712533,134.872647531470,0.000000000000,,gps_back
35.908602606890,134.835904758940,0.000000000000,,gps_back
35.875319269341,134.798595560873,0.000000000000,,gps_back
35.838333764514,134.765053319452,0.000000000000,,gps_back
35.806054907254,134.727061433969,0.000000000000,,gps_back
35.772052541550,134.690460278315,0.000000000000,,gps_back
35.734012352122,134.658102938363,0.000000000000,,gps_back
35.697440052653,134.624051846029,0.000000000000,,gps_back
35.662467542943,134.588328486442,0.000000000000,,gps_back
35.626604121411,134.553500786923,0.000000000000,,gps_back
35.588568033654,134.521079700443,0.000000000000,,gps_back
35.553135713914,134.485869915575,0.000000000000,,gps_back
35.514587951334,134.454146131575,0.000000000000,,gps_back
35.478439321929,134.419686750435,0.000000000000,,gps_back
35.440877648781,134.386723575379,0.000000000000,,gps_back
35.403955504270,134.353020905703,0.000000000000,,gps_back
35.368916930663,134.317371637344,0.000000000000,,gps_back
35.333802531713,134.281781405842,0.000000000000,,gps_back
35.297089919760,134.247856360020,0.000000000000,,gps_back
35.260045662233,134.214278231847,0.000000000000,,gps_back
35.221387537178,134.182593062512,0.000000000000,,gps_back
35.184760950823,134.148602340145,0.000000000000,,gps_back
35.149778787410,134.112888619163,0.000000000000,,gps_back
35.113333089255,134.078680741885,0.000000000000,,gps_back
35.072423906433,134.050099326648,0.000000000000,,gps_back
35.034205892989,134.017974966484,0.000000000000,,gps_back
34.996733151445,133.984875701409,0.000000000000,,gps_back
34.959260409900,133.951776436334,0.000000000000,,gps_back
34.921787668356,133.918677171258,0.000000000000,,gps_back
34.884312626176,133.885580511028,0.000000000000,,gps_back
34.846392845286,133.852995828994,0.000000000000,,gps_back
34.806151235928,133.823371059765,0.000000000000,,gps_back
34.765704897070,133.793980256736,0.000000000000,,gps_back
34.727447101436,133.761828867683,0.000000000000,,gps_back
34.689748873108,133.728986761836,0.000000000000,,gps_back
34.649473391748,133.699422559423,0.000000000000,,gps_back
34.609178264912,133.669826648021,0.000000000000,,gps_back
34.570591341243,133.638054151182,0.000000000000,,gps_back
34.529277435716,133.609986293144,0.000000000000,,gps_back
34.488635703553,133.580882410973,0.000000000000,,gps_back
34.447831335424,133.551991696613,0.000000000000,,gps_back
34.406453979884,133.523928643214,0.000000000000,,gps_back
34.368164899532,133.491859569187,0.000000000000,,gps_back
34.326361532079,133.464604528387,0.000000000000,,gps_back
34.283400208595,133.439031071667,0.000000000000,,gps_back
34.241544442902,133.411700690284,0.000000000000,,gps_back
34.201054004666,133.382382697638,0.000000000000,,gps_back
34.158897570807,133.355540739807,0.000000000000,,gps_back
34.115493323147,133.330736208420,0.000000000000,,gps_back
34.071779964176,133.306469071083,0.000000000000,,gps_back
34.029436707432,133.279908944598,0.000000000000,,gps_back
33.986427507947,133.254425689672,0.000000000000,,gps_back
33.944102060603,133.227820656828,0.000000000000,,gps_back
33.905615346775,133.196012289939,0.000000000000,,gps_back
33.860564440253,133.175130126130,0.000000000000,,gps_back
33.816333481084,133.151909367288,0.000000000000,,gps_back
33.773473172227,133.126178256223,0.000000000000,,gps_back
33.729926596182,133.101622434836,0.000000000000,,gps_back
33.687763623704,133.074778279488,0.000000000000,,gps_back
33.644687906733,133.049412332942,0.000000000000,,gps_back
33.601722659767,133.023844847003,0.000000000000,,gps_back
33.559365876364,132.997283903061,0.000000000000,,gps_back
33.515833620764,132.972713657777,0.000000000000,,gps_back
33.469967133151,132.952912338726,0.000000000000,,gps_back
33.425149158632,132.930792142545,0.000000000000,,gps_back
33.382381492339,132.904935725233,0.000000000000,,gps_back
33.338883196147,132.880297284517,0.000000000000,,gps_back
33.292798456459,132.861035187556,0.000000000000,,gps_back
33.248353074156,132.838212676968,0.000000000000,,gps_back
33.204057685881,132.815024973672,0.000000000000,,gps_back
33.156999796259,132.798333265431,0.000000000000,,gps_back
33.110791897830,132.779281795645,0.000000000000,,gps_back
33.066421925271,132.756281405024,0.000000000000,,gps_back
33.022277205688,132.732807772226,0.000000000000,,gps_back
32.977398915926,132.710777009895,0.000000000000,,gps_back
32.931078909048,132.691996043956,0.000000000000,,gps_back
32.885258304729,132.672000457956,0.000000000000,,gps_back
32.840236548891,132.650264879242,0.000000000000,,gps_back
32.792634263100,132.635212667319,0.000000000000,,gps_back
32.744854601837,132.620487776765,0.000000000000,,gps_back
32.697384757120,132.604794919052,0.000000000000,,gps_back
32.651971971008,132.583972249200,0.000000000000,,gps_back
32.606306542255,132.563619569262,0.000000000000,,gps_back
32.559611583588,132.545772926014,0.000000000000,,gps_back
32.512220106194,132.529853416434,0.000000000000,,gps_back
32.465274565708,132.512661523800,0.000000000000,,gps_back
32.418702637774,132.494475603291,0.000000000000,,gps_back
32.372686352081,132.474930034168,0.000000000000,,gps_back
32.326679338996,132.455356592310,0.000000000000,,gps_back
32.279019916291,132.440345744013,0.000000000000,,gps_back
32.231311741745,132.425390555347,0.000000000000,,gps_back
32.183819319744,132.409764111768,0.000000000000,,gps_back
32.135919084821,132.395444089118,0.000000000000,,gps_back
32.088131319477,132.380745339107,0.000000000000,,gps_back
32.040661123338,132.365053707776,0.000000000000,,gps_back
31.992081331976,132.353330188250,0.000000000000,,gps_back
31.945010286961,132.336603356697,0.000000000000,,gps_back
31.898523135474,132.318202869055,0.000000000000,,gps_back
31.849982601526,132.306492396375,0.000000000000,,gps_back
31.801386358156,132.294742353891,0.000000000000,,gps_back
31.752834699464,132.282804873678,0.000000000000,,gps_back
31.703850030643,132.272816937634,0.000000000000,,gps_back
31.655006682159,132.262140855673,0.000000000000,,gps_back
31.607791452155,132.245822339201,0.000000000000,,gps_back
31.560072152530,132.230921745250,0.000000000000,,gps_back
31.511201868841,132.220465933648,0.000000000000,,gps_back
31.462320162861,132.209962920826,0.000000000000,,gps_back
31.413295695543,132.200149559441,0.000000000000,,gps_back
31.364240018977,132.190489965438,0.000000000000,,gps_back
31.315192671047,132.180788157844,0.000000000000,,gps_back
31.266146507010,132.171080351673,0.000000000000,,gps_back
31.217096985019,132.161389527908,0.000000000000,,gps_back
31.168046868718,132.151701710916,0.000000000000,,gps_back
31.118990177807,132.142047248093,0.000000000000,,gps_back
31.072011454790,132.125129767416,0.000000000000,,gps_back
31.023959285554,132.111389610150,0.000000000000,,gps_back
30.975726568525,132.098222575463,0.000000000000,,gps_back
30.928855670928,132.080874883163,0.000000000000,,gps_back
30.882121228866,132.063108070490,0.000000000000,,gps_back
30.833476991282,132.051748723363,0.000000000000,,gps_back
30.785495216669,132.037734868641,0.000000000000,,gps_back
30.737910717960,132.022392777801,0.000000000000,,gps_back
30.688989716115,132.012200844686,0.000000000000,,gps_back
30.639933441014,132.002544283477,0.000000000000,,gps_back
30.590887379361,131.992835975991,0.000000000000,,gps_back
30.541836716696,131.983150929567,0.000000000000,,gps_back
30.492784530222,131.973473600029,0.000000000000,,gps_back
30.443739916323,131.963757972682,0.000000000000,,gps_back
30.394683586188,131.954101689078,0.000000000000,,gps_back
30.345577834792,131.944700247680,0.000000000000,,gps_back
30.296495376457,131.935177744127,0.000000000000,,gps_back
30.247380798248,131.925822377008,0.000000000000,,gps_back
30.198180142567,131.916931680316,0.000000000000,,gps_back
30.149320929228,131.906336389219,0.000000000000,,gps_back
30.100313563145,131.896438041631,0.000000000000,,gps_back
30.051263379841,131.886750650751,0.000000000000,,gps_back
30.002212376324,131.877067327178,0.000000000000,,gps_back
29.953166572718,131.867357703359,0.000000000000,,gps_back
29.904110129092,131.857701992604,0.000000000000,,gps_back
29.855262551103,131.847044299422,0.000000000000,,gps_back
29.806258916054,131.837127327283,0.000000000000,,gps_back
29.756499443159,131.832518333299,0.000000000000,,gps_back
29.706744103592,131.827606952506,0.000000000000,,gps_back
29.657602880934,131.818471439623,0.000000000000,,gps_back
29.608347678807,131.809890966123,0.000000000000,,gps_back
29.559232157412,131.800543599184,0.000000000000,,gps_back
29.510060573676,131.791493092714,0.000000000000,,gps_back
29.460851523250,131.782648068527,0.000000000000,,gps_back
29.411861009071,131.772668840985,0.000000000000,,gps_back
29.361950503374,131.770919795046,0.000000000000,,gps_back
29.312406389512,131.764382757702,0.000000000000,,gps_back
29.262754093186,131.758524478137,0.000000000000,,gps_back
29.212856429718,131.755448703344,0.000000000000,,gps_back
29.163743483531,131.746236422980,0.000000000000,,gps_back
29.114700054589,131.736514827296,0.000000000000,,gps_back
29.064844781177,131.733142114362,0.000000000000,,gps_back
29.014997285515,131.729277233458,0.000000000000,,gps_back
28.965906739600,131.719895562677,0.000000000000,,gps_back
28.916850070144,131.710240997412,0.000000000000,,gps_back
28.867805154162,131.700526901194,0.000000000000,,gps_back
28.818753552330,131.690846613304,0.000000000000,,gps_back
28.769166713116,131.684505732412,0.000000000000,,gps_back
28.719245676901,131.681869955927,0.000000000000,,gps_back
28.670156673483,131.672522811269,0.000000000000,,gps_back
28.621100779287,131.662864308252,0.000000000000,,gps_back
28.572053476361,131.653162264403,0.000000000000,,gps_back
28.523004190012,131.643470246717,0.000000000000,,gps_back
28.473950412479,131.633800986705,0.000000000000,,gps_back
28.424907515727,131.624076697321,0.000000000000,,gps_back
28.375865232995,131.614349302408,0.000000000000,,gps_back
28.326812028699,131.604677142337,0.000000000000,,gps_back
28.277762175774,131.594987993135,0.000000000000,,gps_back
28.228715437344,131.585283090023,0.000000000000,,gps_back
28.179656276607,131.575641190800,0.000000000000,,gps_back
28.130541146249,131.566288812935,0.000000000000,,gps_back
28.081469277096,131.556711963754,0.000000000000,,gps_back
28.031750143219,131.551548273789,0.000000000000,,gps_back
27.982216800186,131.544763508308,0.000000000000,,gps_back
27.935117417455,131.528104027973,0.000000000000,,gps_back
27.886148819545,131.518112162556,0.000000000000,,gps_back
27.837094559905,131.508445354647,0.000000000000,,gps_back
27.788045613089,131.498751620059,0.000000000000,,gps_back
27.739105149281,131.488524811936,0.000000000000,,gps_back
27.690262360097,131.477841079200,0.000000000000,,gps_back
27.641138265430,131.468539752814,0.000000000000,,gps_back
27.591932803178,131.459674964600,0.000000000000,,gps_back
27.542949355802,131.449658148395,0.000000000000,,gps_back
27.494002701961,131.439460499012,0.000000000000,,gps_back
27.445747703708,131.426387731724,0.000000000000,,gps_back
27.399155212343,131.408275561356,0.000000000000,,gps_back
27.350092495140,131.398771535956,0.000000000000,,gps_back
27.301042746498,131.389082126577,0.000000000000,,gps_back
27.251989837837,131.379408459356,0.000000000000,,gps_back
27.202939380997,131.369722366947,0.000000000000,,gps_back
27.153966467596,131.359651755909,0.000000000000,,gps_back
27.105184047338,131.348696342918,0.000000000000,,gps_back
27.056134132851,131.339009993337,0.000000000000,,gps_back
27.007290547553,131.328330977546,0.000000000000,,gps_back
26.958283549481,131.318428294308,0.000000000000,,gps_back
26.909433914018,131.307776363877,0.000000000000,,gps_back
26.860522851903,131.297409445337,0.000000000000,,gps_back
26.811473879937,131.287716490776,0.000000000000,,gps_back
26.762447768832,131.277907942257,0.000000000000,,gps_back
26.713645664856,131.267041005028,0.000000000000,,gps_back
26.666856159353,131.249457713476,0.000000000000,,gps_back
26.618358757459,131.237341325991,0.000000000000,,gps_back
26.569421521593,131.227102269457,0.000000000000,,gps_back
26.520507639755,131.216748562736,0.000000000000,,gps_back
26.471521382253,131.206743008035,0.000000000000,,gps_back
26.422758601887,131.195700768323,0.000000000000,,gps_back
26.373708304070,131.186016387688,0.000000000000,,gps_back
26.327214028965,131.167684752164,0.000000000000,,gps_back
26.278841367531,131.155074935122,0.000000000000,,gps_back
26.229153794931,131.149593659631,0.000000000000,,gps_back
26.179167782986,131.148640040260,0.000000000000,,gps_back
26.129177450846,131.147783080396,0.000000000000,,gps_back
26.079188352648,131.146856957107,0.000000000000,,gps_back
26.029197417217,131.146036023241,0.000000000000,,gps_back
25.979208866851,131.145080882116,0.000000000000,,gps_back
25.930317394114,131.134679750497,0.000000000000,,gps_back
25.880379793483,131.132404541768,0.000000000000,,gps_back
25.830482683896,131.135532794726,0.000000000000,,gps_back
25.780615243853,131.138992800358,0.000000000000,,gps_back
25.731465254245,131.129860086137,0.000000000000,,gps_back
25.681474315586,131.129039355046,0.000000000000,,gps_back
25.631492676965,131.128015630733,0.000000000000,,gps_back
25.582269968320,131.119260333549,0.000000000000,,gps_back
25.532433108804,131.115258181103,0.000000000000,,gps_back
25.482494811245,131.112858012350,0.000000000000,,gps_back
25.432837254423,131.107036091898,0.000000000000,,gps_back
25.383179697600,131.101214171445,0.000000000000,,gps_back
25.333522140777,131.095392250993,0.000000000000,,gps_back
25.283859982258,131.089633922700,0.000000000000,,gps_back
25.233881389993,131.088254305781,0.000000000000,,gps_back
25.183895040657,131.087361781442,0.000000000000,,gps_back
25.134230597235,131.081643310280,0.000000000000,,gps_back
25.085365636459,131.071066033856,0.000000000000,,gps_back
25.036058397822,131.062861613075,0.000000000000,,gps_back
24.986092009033,131.061827298904,0.000000000000,,gps_back
24.937209392139,131.051327099001,0.000000000000,,gps_back
24.888379466290,131.040648706994,0.000000000000,,gps_back
24.838491504935,131.037366942174,0.000000000000,,gps_back
24.788862673484,131.031346213436,0.000000000000,,gps_back
24.739878390805,131.021331850254,0.000000000000,,gps_back
24.691055581857,131.010558560096,0.000000000000,,gps_back
24.642017879551,131.000811818369,0.000000000000,,gps_back
24.593262385515,130.989880627941,0.000000000000,,gps_back
24.543296995476,130.988760675244,0.000000000000,,gps_back
24.494120522903,130.979741743208,0.000000000000,,gps_back
24.445259170016,130.969194428429,0.000000000000,,gps_back
24.395500298563,130.964313621001,0.000000000000,,gps_back
24.345789871962,130.959111845266,0.000000000000,,gps_back
24.297033873505,130.948039084315,0.000000000000,,gps_back
24.248148529560,130.937552578372,0.000000000000,,gps_back
24.199126270024,130.927728861728,0.000000000000,,gps_back
24.150386549704,130.916584043577,0.000000000000,,gps_back
24.101615684990,130.905735561326,0.000000000000,,gps_back
24.051683627640,130.903436576604,0.000000000000,,gps_back
24.002235034319,130.896068576427,0.000000000000,,gps_back
23.952484154907,130.891111734645,0.000000000000,,gps_back
23.902872239768,130.884996919408,0.000000000000,,gps_back
23.853905987428,130.874900443856,0.000000000000,,gps_back
23.804614754073,130.866703131790,0.000000000000,,gps_back
23.754901752736,130.864010373787,0.000000000000,,gps_back
23.708757085161,130.845253738194,0.000000000000,,gps_back
23.658871549814,130.842197096965,0.000000000000,,gps_back
23.609546012465,130.834049605070,0.000000000000,,gps_back
23.560612901510,130.823787133077,0.000000000000,,gps_back
23.511682738168,130.813511238575,0.000000000000,,gps_back
23.462815250596,130.802946553083,0.000000000000,,gps_back
23.413705689104,130.793565053605,0.000000000000,,gps_back
23.364649195236,130.783909598026,0.000000000000,,gps_back
23.315618719853,130.774125994722,0.000000000000,,gps_back
23.266760785443,130.763511566064,0.000000000000,,gps_back
23.217845851587,130.753164674903,0.000000000000,,gps_back
23.168793483372,130.743488276202,0.000000000000,,gps_back
23.119749325612,130.733770359123,0.000000000000,,gps_back
23.070706346871,130.724049690336,0.000000000000,,gps_back
23.021831175031,130.713515879765,0.000000000000,,gps_back
22.972839447686,130.703537343157,0.000000000000,,gps_back
22.923795322010,130.693819805297,0.000000000000,,gps_back
22.874837470090,130.683678722174,0.000000000000,,gps_back
22.826032370597,130.672828734672,0.000000000000,,gps_back
22.776983520022,130.663135264321,0.000000000000,,gps_back
22.727859031029,130.653832315814,0.000000000000,,gps_back
22.678792830216,130.644226325529,0.000000000000,,gps_back
22.629742798756,130.634538080506,0.000000000000,,gps_back
22.580689934446,130.624864199349,0.000000000000,,gps_back
22.531646320746,130.615143538516,0.000000000000,,gps_back
22.482524635650,130.605996709474,0.000000000000,,gps_back
22.432641225855,130.602753775776,0.000000000000,,gps_back
22.383061329684,130.596304836617,0.000000000000,,gps_back
22.333405613169,130.590584777990,0.000000000000,,gps_back
22.283541783862,130.587961468855,0.000000000000,,gps_back
22.234648709948,130.577904077219,0.000000000000,,gps_back
22.184713123138,130.576465632428,0.000000000000,,gps_back
22.135331699772,130.568702727519,0.000000000000,,gps_back
22.085527319702,130.564437829837,0.000000000000,,gps_back
22.035543124526,130.563346246783,0.000000000000,,gps_back
21.985675595615,130.560365071305,0.000000000000,,gps_back
21.936466821508,130.551771653327,0.000000000000,,gps_back
21.886555062130,130.549227130278,0.000000000000,,gps_back
21.837037274068,130.542327477489,0.000000000000,,gps_back
21.787335722083,130.537108620306,0.000000000000,,gps_back
21.737343443406,130.536374482668,0.000000000000,,gps_back
21.687352483344,130.535554958741,0.000000000000,,gps_back
21.637373028422,130.534467420983,0.000000000000,,gps_back
21.587510542283,130.530828676796,0.000000000000,,gps_back
21.537778263241,130.525683958275,0.000000000000,,gps_back
21.488028049389,130.520758888727,0.000000000000,,gps_back
21.438119760448,130.517770522179,0.000000000000,,gps_back
21.388210017121,130.514806533589,0.000000000000,,gps_back
21.338300273793,130.511842544999,0.000000000000,,gps_back
21.288390530466,130.508878556409,0.000000000000,,gps_back
21.238473657248,130.506080118886,0.000000000000,,gps_back
21.188492752421,130.504794591576,0.000000000000,,gps_back
21.138515386886,130.503674837906,0.000000000000,,gps_back
21.088726992888,130.499395570467,0.000000000000,,gps_back
21.039445837800,130.491343374396,0.000000000000,,gps_back
20.989455322613,130.490499978881,0.000000000000,,gps_back
20.939495821320,130.489017899184,0.000000000000,,gps_back
20.889800069391,130.483586361950,0.000000000000,,gps_back
20.840320015182,130.476752805983,0.000000000000,,gps_back
20.790328416489,130.475985101863,0.000000000000,,gps_back
20.740390656029,130.474230597729,0.000000000000,,gps_back
20.690816936728,130.467733729910,0.000000000000,,gps_back
20.641177134254,130.461907727001,0.000000000000,,gps_back
20.591340605998,130.458714545442,0.000000000000,,gps_back
20.542260403397,130.449186148247,0.000000000000,,gps_back
20.492949770210,130.441038758348,0.000000000000,,gps_back
20.443152268626,130.436572948021,0.000000000000,,gps_back
20.393395154189,130.431957481969,0.000000000000,,gps_back
20.344079608435,130.424180787960,0.000000000000,,gps_back
20.294215636297,130.422067010421,0.000000000000,,gps_back
20.245159756627,130.412408441420,0.000000000000,,gps_back
20.196019576565,130.403334549242,0.000000000000,,gps_back
20.146252646955,130.398558482350,0.000000000000,,gps_back
20.096484092669,130.394164959085,0.000000000000,,gps_back
20.047188964635,130.386322769907,0.000000000000,,gps_back
19.997299136943,130.384419296338,0.000000000000,,gps_back
19.948073275525,130.375695961490,0.000000000000,,gps_back
19.899147372190,130.365402009801,0.000000000000,,gps_back
19.850052488884,130.355970172300,0.000000000000,,gps_back
19.800579323897,130.348975994726,0.000000000000,,gps_back
19.751107595249,130.344113457256,0.000000000000,,gps_back
19.703760143390,130.328783437596,0.000000000000,,gps_back
19.653985650527,130.324155048058,0.000000000000,,gps_back
19.604515289603,130.316985585811,0.000000000000,,gps_back
19.555389195008,130.307700756074,0.000000000000,,gps_back
19.505975579083,130.300535653568,0.000000000000,,gps_back
19.456153936306,130.297749541076,0.000000000000,,gps_back
19.407156265072,130.287811472508,0.000000000000,,gps_back
19.358346091082,130.276985532518,0.000000000000,,gps_back
19.309346519967,130.267047360512,0.000000000000,,gps_back
19.260188117226,130.257972809164,0.000000000000,,gps_back
19.210607110126,130.251839901537,0.000000000000,,gps_back
19.160797055958,130.248697781491,0.000000000000,,gps_back
19.111773000124,130.238885657216,0.000000000000,,gps_back
19.062888947178,130.228394612278,0.000000000000,,gps_back
19.013917866688,130.218317016228,0.000000000000,,gps_back
18.964921535471,130.208480061257,0.000000000000,,gps_back
18.915288797795,130.202607590086,0.000000000000,,gps_back
18.865530195457,130.198473153213,0.000000000000,,gps_back
18.816475454966,130.188808824369,0.000000000000,,gps_back
18.767463299943,130.178935899513,0.000000000000,,gps_back
18.718569113312,130.168491706199,0.000000000000,,gps_back
18.669726939423,130.157887843229,0.000000000000,,gps_back
18.621650454249,130.144181353887,0.000000000000,,gps_back
18.573572233248,130.131714298913,0.000000000000,,gps_back
18.523742090778,130.129300630496,0.000000000000,,gps_back
18.474657727006,130.119809956385,0.000000000000,,gps_back
18.425872020633,130.108872287155,0.000000000000,,gps_back
18.377231623752,130.097301857025,0.000000000000,,gps_back
18.328396449029,130.086975441161,0.000000000000,,gps_back
18.278669862512,130.081906299057,0.000000000000,,gps_back
18.229274633508,130.074195235520,0.000000000000,,gps_back
18.180029536402,130.065585193126,0.000000000000,,gps_back
18.130650344646,130.057837973968,0.000000000000,,gps_back
18.081498644882,130.049078420562,0.000000000000,,gps_back
18.031735423704,130.044619426024,0.000000000000,,gps_back
17.982513120381,130.035925619349,0.000000000000,,gps_back
17.933708049359,130.025070886392,0.000000000000,,gps_back
17.884866786607,130.014379826569,0.000000000000,,gps_back
17.836025523855,130.003688766746,0.000000000000,,gps_back
17.787185143202,129.992993680886,0.000000000000,,gps_back
17.738302544271,129.982502119095,0.000000000000,,gps_back
17.689055392056,129.974505504303,0.000000000000,,gps_back
17.639394035025,129.970528898661,0.000000000000,,gps_back
17.590840609844,129.958598619391,0.000000000000,,gps_back
17.542239519813,129.946867148951,0.000000000000,,gps_back
17.493497240116,129.935734966556,0.000000000000,,gps_back
17.444700242917,129.924845193256,0.000000000000,,gps_back
17.395714057158,129.915616913926,0.000000000000,,gps_back
17.345938456778,129.912095287040,0.000000000000,,gps_back
17.296779362156,129.902998981887,0.000000000000,,gps_back
17.247385524200,129.895258435241,0.000000000000,,gps_back
17.197900377117,129.888117870288,0.000000000000,,gps_back
17.148451744822,129.880745611662,0.000000000000,,gps_back
17.099230696354,129.872006829160,0.000000000000,,gps_back
17.050168754396,129.862488793720,0.000000000000,,gps_back
17.000643970722,129.855628722716,0.000000000000,,gps_back
16.951137927930,129.848634759753,0.000000000000,,gps_back
16.901553505343,129.842479255648,0.000000000000,,gps_back
16.851770364808,129.838475981312,0.000000000000,,gps_back
16.802640725055,129.829330440188,0.000000000000,,gps_back
16.754056180630,129.817530780779,0.000000000000,,gps_back
16.705337490928,129.806295009964,0.000000000000,,gps_back
16.656575846532,129.795246625297,0.000000000000,,gps_back
16.607801391526,129.784258862817,0.000000000000,,gps_back
16.558871494132,129.773986482247,0.000000000000,,gps_back
16.509820404841,129.764303621797,0.000000000000,,gps_back
16.460774419115,129.754594967704,0.000000000000,,gps_back
16.411680996132,129.745135888546,0.000000000000,,gps_back
16.362581048155,129.735764096095,0.000000000000,,gps_back
16.314160376807,129.723455952040,0.000000000000,,gps_back
16.266272921757,129.709445827147,0.000000000000,,gps_back
16.216947461498,129.701279023887,0.000000000000,,gps_back
16.167550933976,129.693549511779,0.000000000000,,gps_back
16.118168300606,129.685731813544,0.000000000000,,gps_back
16.068803949399,129.677812652802,0.000000000000,,gps_back
16.019892499286,129.667743252991,0.000000000000,,gps_back
15.971645764058,129.655013206564,0.000000000000,,gps_back
15.922052292247,129.648957260052,0.000000000000,,gps_back
15.872612401858,129.643430580036,0.000000000000,,gps_back
15.824666888226,129.629253448416,0.000000000000,,gps_back
15.776764226156,129.614932170699,0.000000000000,,gps_back
15.728541976451,129.602003188366,0.000000000000,,gps_back
15.679288929999,129.593416995609,0.000000000000,,gps_back
15.630379397164,129.583174319920,0.000000000000,,gps_back
15.581947180286,129.570821941008,0.000000000000,,gps_back
15.532895293572,129.561214660552,0.000000000000,,gps_back
15.483831116703,129.552022406079,0.000000000000,,gps_back
15.435696288843,129.538529536784,0.000000000000,,gps_back
15.386906038588,129.527888224955,0.000000000000,,gps_back
15.337449917114,129.520662410409,0.000000000000,,gps_back
15.288638381484,129.510047215058,0.000000000000,,gps_back
15.240625452407,129.496104379606,0.000000000000,,gps_back
15.192429319269,129.482804497150,0.000000000000,,gps_back
15.144163380613,129.469760181134,0.000000000000,,gps_back
15.095799089003,129.457089207364,0.000000000000,,gps_back
15.047098305986,129.445891074406,0.000000000000,,gps_back
14.997869975889,129.437162311121,0.000000000000,,gps_back
14.948601412883,129.428856319615,0.000000000000,,gps_back
14.899019684418,129.422651794817,0.000000000000,,gps_back
14.850244265163,129.411994346307,0.000000000000,,gps_back
14.801882468184,129.400737095878,0.000000000000,,gps_back
14.752188179929,129.396471209234,0.000000000000,,gps_back
14.703169293406,129.386628363118,0.000000000000,,gps_back
14.654211952547,129.376482131720,0.000000000000,,gps_back
14.605206403816,129.366581623298,0.000000000000,,gps_back
14.556096144708,129.357207725732,0.000000000000,,gps_back
14.507527472254,129.345675824082,0.000000000000,,gps_back
14.459699200758,129.331298223186,0.000000000000,,gps_back
14.410764752332,129.321086486670,0.000000000000,,gps_back
14.361525641416,129.312410902112,0.000000000000,,gps_back
14.312218478239,129.304138535825,0.000000000000,,gps_back
14.262815958375,129.296447064859,0.000000000000,,gps_back
14.213420580298,129.288710283483,0.000000000000,,gps_back
14.164036357532,129.280902680587,0.000000000000,,gps_back
14.114629858644,129.273236816847,0.000000000000,,gps_back
14.065232741219,129.265511657244,0.000000000000,,gps_back
14.015726984392,129.258760970459,0.000000000000,,gps_back
13.965838595816,129.255755837855,0.000000000000,,gps_back
13.916461288450,129.250962121944,0.000000000000,,gps_back
13.868836252847,129.235794248410,0.000000000000,,gps_back
13.820975858718,129.222658670889,0.000000000000,,gps_back
13.771456827857,129.216521876648,0.000000000000,,gps_back
13.723056891602,129.204188878134,0.000000000000,,gps_back
13.675033225185,129.190564533552,0.000000000000,,gps_back
13.625958497099,129.181004470771,0.000000000000,,gps_back
13.577420306687,129.169492865393,0.000000000000,,gps_back
13.529934950623,129.153867936123,0.000000000000,,gps_back
13.482027191417,129.139564730902,0.000000000000,,gps_back
13.434132414605,129.125223272053,0.000000000000,,gps_back
13.385672430589,129.114345437077,0.000000000000,,gps_back
13.336838634169,129.106332599769,0.000000000000,,gps_back
13.289388032651,129.090904096849,0.000000000000,,gps_back
13.240550845973,129.080220349665,0.000000000000,,gps_back
13.192066131391,129.068398820260,0.000000000000,,gps_back
13.146413111000,129.048772550262,0.000000000000,,gps_back
13.102289093448,129.025739745503,0.000000000000,,gps_back
13.055465184368,129.008210657876,0.000000000000,,gps_back
13.008209802462,128.992015265614,0.000000000000,,gps_back
12.959881416084,128.979249269783,0.000000000000,,gps_back
12.911661921620,128.966220640535,0.000000000000,,gps_back
12.864440727486,128.949812072546,0.000000000000,,gps_back
12.817600898177,128.932325179979,0.000000000000,,gps_back
12.770507709964,128.915571964545,0.000000000000,,gps_back
12.722292635628,128.902784339965,0.000000000000,,gps_back
12.673761787750,128.891397810236,0.000000000000,,gps_back
12.626088353491,128.876427374392,0.000000000000,,gps_back
12.577494841384,128.864769140084,0.000000000000,,gps_back
12.529328092274,128.852000762352,0.000000000000,,gps_back
12.482593650218,128.834233949665,0.000000000000,,gps_back
12.435833034648,128.816536388724,0.000000000000,,gps_back
12.389019380891,128.798979394758,0.000000000000,,gps_back
12.342225294639,128.781370773173,0.000000000000,,gps_back
12.295427720702,128.763772410934,0.000000000000,,gps_back
12.248567546529,128.746340518370,0.000000000000,,gps_back
12.201795109561,128.728674173878,0.000000000000,,gps_back
12.155043597085,128.710952435153,0.000000000000,,gps_back
12.108015328086,128.694005109367,0.000000000000,,gps_back
12.061367405750,128.676217299181,0.000000000000,,gps_back
12.016333923083,128.654519981221,0.000000000000,,gps_back
11.970977239307,128.633656636431,0.000000000000,,gps_back
11.925308060039,128.613563505001,0.000000000000,,gps_back
11.880741281918,128.590961198563,0.000000000000,,gps_back
11.835026116908,128.570727812398,0.000000000000,,gps_back
11.789869510789,128.549423613417,0.000000000000,,gps_back
11.745089381508,128.527391507933,0.000000000000,,gps_back
11.699210752333,128.507582213005,0.000000000000,,gps_back
11.654684778015,128.484889893175,0.000000000000,,gps_back
11.610986307855,128.460595724182,0.000000000000,,gps_back
11.566251693697,128.438448100026,0.000000000000,,gps_back
11.521005718906,128.417368082488,0.000000000000,,gps_back
11.478691913195,128.390920959681,0.000000000000,,gps_back
11.437013117831,128.363486602438,0.000000000000,,gps_back
11.393313371920,128.339194834868,0.000000000000,,gps_back
11.349862021493,128.314465615129,0.000000000000,,gps_back
11.307180435588,128.288450963971,0.000000000000,,gps_back
11.264493475892,128.262475726308,0.000000000000,,gps_back
11.220793769660,128.238183887491,0.000000000000,,gps_back
11.177693948870,128.212875085633,0.000000000000,,gps_back
11.137147746093,128.183839821900,0.000000000000,,gps_back
11.098669730381,128.151926768776,0.000000000000,,gps_back
11.057989956665,128.123039057992,0.000000000000,,gps_back
11.015088493807,128.097363580745,0.000000000000,,gps_back
10.972535683048,128.071128085446,0.000000000000,,gps_back
10.932824214502,128.041080925840,0.000000000000,,gps_back
10.894838519886,128.008698097918,0.000000000000,,gps_back
10.853336718411,127.980961276034,0.000000000000,,gps_back
10.810629693549,127.954996985132,0.000000000000,,gps_back
10.769380864838,127.926774952130,0.000000000000,,gps_back
10.728735549340,127.897664647947,0.000000000000,,gps_back
10.687490184013,127.869409024170,0.000000000000,,gps_back
10.646540901772,127.840747002137,0.000000000000,,gps_back
10.605794292619,127.811797202982,0.000000000000,,gps_back
10.564913090817,127.783042916637,0.000000000000,,gps_back
10.525899645373,127.751827897398,0.000000000000,,gps_back
10.488146534443,127.719048947230,0.000000000000,,gps_back
10.448886702692,127.688206703877,0.000000000000,,gps_back
10.407782799927,127.659742156855,0.000000000000,,gps_back
10.367127109745,127.630651244433,0.000000000000,,gps_back
10.327194557917,127.600567916532,0.000000000000,,gps_back
10.288289527261,127.569194768097,0.000000000000,,gps_back
10.248865407050,127.538577507986,0.000000000000,,gps_back
10.206680243145,127.511793493709,0.000000000000,,gps_back
10.163996346544,127.485781300172,0.000000000000,,gps_back
10.123686175862,127.456384543650,0.000000000000,,gps_back
10.085671213871,127.423909848933,0.000000000000,,gps_back
10.047083321253,127.392141485040,0.000000000000,,gps_back
10.005832278460,127.364121624455,0.000000000000,,gps_back
9.964443905681,127.336388181209,0.000000000000,,gps_back
9.926784753001,127.303550776976,0.000000000000,,gps_back
9.890750602836,127.268894043903,0.000000000000,,gps_back
9.854116140600,127.234906179741,0.000000000000,,gps_back
9.816274666641,127.202229119827,0.000000000000,,gps_back
9.778426035874,127.169560346330,0.000000000000,,gps_back
9.740589133564,127.136877989189,0.000000000000,,gps_back
9.702758001118,127.104188952415,0.000000000000,,gps_back
9.666026582835,127.070316772216,0.000000000000,,gps_back
9.630025500789,127.035637741832,0.000000000000,,gps_back
9.592768508514,127.002304827744,0.000000000000,,gps_back
9.554937376068,126.969615790970,0.000000000000,,gps_back
9.518355666205,126.935594972124,0.000000000000,,gps_back
9.481746858497,126.901641310801,0.000000000000,,gps_back
9.443202594580,126.869796264484,0.000000000000,,gps_back
9.408274179347,126.834444172146,0.000000000000,,gps_back
9.376027307679,126.796305862569,0.000000000000,,gps_back
9.341761712657,126.759896830981,0.000000000000,,gps_back
9.306074210374,126.724940472770,0.000000000000,,gps_back
9.266774590239,126.694244366158,0.000000000000,,gps_back
9.226791391180,126.664380023525,0.000000000000,,gps_back
9.189954998565,126.630625766938,0.000000000000,,gps_back
9.153712978656,126.596204390456,0.000000000000,,gps_back
9.116343904628,126.562990312479,0.000000000000,,gps_back
9.080003827136,126.528710231509,0.000000000000,,gps_back
9.045293728172,126.492725197735,0.000000000000,,gps_back
9.010670465602,126.456656108676,0.000000000000,,gps_back
8.975867356844,126.420760446682,0.000000000000,,gps_back
8.941049178925,126.384879379373,0.000000000000,,gps_back
8.906871814743,126.348396380826,0.000000000000,,gps_back
8.874619527240,126.310234279028,0.000000000000,,gps_back
8.842277412532,126.272167562605,0.000000000000,,gps_back
8.809163966954,126.234732916482,0.000000000000,,gps_back
8.777283951242,126.196217986926,0.000000000000,,gps_back
8.744047054439,126.158928257997,0.000000000000,,gps_back
8.709643907794,126.122656605536,0.000000000000,,gps_back
8.676598346050,126.085152724457,0.000000000000,,gps_back
8.644908753711,126.046486083661,0.000000000000,,gps_back
8.611957403377,126.008968040662,0.000000000000,,gps_back
8.577188067340,125.973040409858,0.000000000000,,gps_back
8.543867570798,125.935806293005,0.000000000000,,gps_back
8.511988273595,125.897290405050,0.000000000000,,gps_back
8.478772332964,125.859972249188,0.000000000000,,gps_back
8.446099469794,125.822235778199,0.000000000000,,gps_back
8.414337722483,125.783667399333,0.000000000000,,gps_back
8.381141084414,125.746280996238,0.000000000000,,gps_back
8.349146031018,125.707891833884,0.000000000000,,gps_back
8.318474190163,125.668407775495,0.000000000000,,gps_back
8.286467498486,125.630047250105,0.000000000000,,gps_back
8.252554080457,125.593312988534,0.000000000000,,gps_back
8.218325333967,125.556869154671,0.000000000000,,gps_back
8.186084811777,125.518744459227,0.000000000000,,gps_back
8.157448072509,125.477805922591,0.000000000000,,gps_back
8.128514792909,125.437106265850,0.000000000000,,gps_back
8.095680543023,125.399481520953,0.000000000000,,gps_back
8.061096001151,125.363375736433,0.000000000000,,gps_back
8.030631021507,125.324064887732,0.000000000000,,gps_back
8.002769160127,125.282595725563,0.000000000000,,gps_back
7.972766169005,125.242605631913,0.000000000000,,gps_back
7.942311430639,125.202953750611,0.000000000000,,gps_back
7.911832739997,125.163320354056,0.000000000000,,gps_back
7.883024077379,125.122516214868,0.000000000000,,gps_back
7.855213647796,125.080980068385,0.000000000000,,gps_back
7.825930532599,125.040461815255,0.000000000000,,gps_back
7.797804093258,124.999183092036,0.000000000000,,gps_back
7.771514209857,124.956655339472,0.000000000000,,gps_back
7.745254889446,124.914108724382,0.000000000000,,gps_back
7.718419146090,124.871929712701,0.000000000000,,gps_back
7.689512410717,124.831175030461,0.000000000000,,gps_back
7.661365131387,124.789946310795,0.000000000000,,gps_back
7.633560346929,124.748464926377,0.000000000000,,gps_back
7.605673976151,124.707037281805,0.000000000000,,gps_back
7.581504305019,124.663311875331,0.000000000000,,gps_back
7.557117492870,124.619719473760,0.000000000000,,gps_back
7.530827609466,124.577191721199,0.000000000000,,gps_back
7.504637253724,124.534602763555,0.000000000000,,gps_back
7.478528489106,124.491963583547,0.000000000000,,gps_back
7.452538658103,124.449252101824,0.000000000000,,gps_back
7.428229362178,124.405597708137,0.000000000000,,gps_back
7.404298995787,124.361718918631,0.000000000000,,gps_back
7.378606158030,124.318833490925,0.000000000000,,gps_back
7.352502684803,124.276191624625,0.000000000000,,gps_back
7.329205616144,124.232052355515,0.000000000000,,gps_back
7.306012699948,124.187849409564,0.000000000000,,gps_back
7.281581980092,124.144250576804,0.000000000000,,gps_back
7.258594897121,124.099851120433,0.000000000000,,gps_back
7.234335739153,124.056164662294,0.000000000000,,gps_back
7.212632048702,124.011335967593,0.000000000000,,gps_back
7.191971461195,123.965910076191,0.000000000000,,gps_back
7.167177793131,123.922520921718,0.000000000000,,gps_back
7.141217006530,123.879791852023,0.000000000000,,gps_back
7.117944836337,123.835629743222,0.000000000000,,gps_back
7.096162533408,123.790637902945,0.000000000000,,gps_back
7.075082856416,123.745333949368,0.000000000000,,gps_back
7.056492172546,123.698931996667,0.000000000000,,gps_back
7.034465634279,123.654286862250,0.000000000000,,gps_back
7.012634788144,123.609528744728,0.000000000000,,gps_back
6.993857617430,123.563197981939,0.000000000000,,gps_back
6.973312036584,123.517630203366,0.000000000000,,gps_back
6.951077061687,123.472855472686,0.000000000000,,gps_back
6.932053170167,123.426792850517,0.000000000000,,gps_back
6.915558805984,123.379605295431,0.000000000000,,gps_back
6.897632273356,123.332934841688,0.000000000000,,gps_back
6.879239029824,123.286443376883,0.000000000000,,gps_back
6.860845786292,123.239951912077,0.000000000000,,gps_back
6.842452542760,123.193460447272,0.000000000000,,gps_back
6.823253396063,123.147303426686,0.000000000000,,gps_back
6.801764148883,123.102189230170,0.000000000000,,gps_back
6.779783618744,123.057292862468,0.000000000000,,gps_back
6.759861559668,123.011453462428,0.000000000000,,gps_back
6.742033996244,122.964752850137,0.000000000000,,gps_back
6.726203605048,122.917340504410,0.000000000000,,gps_back
6.709793558829,122.870139124130,0.000000000000,,gps_back
6.692008467300,122.823411655975,0.000000000000,,gps_back
6.675142430231,122.776352982465,0.000000000000,,gps_back
6.661245741950,122.728373326681,0.000000000000,,gps_back
6.646404473921,122.680714858418,0.000000000000,,gps_back
6.628795384270,122.633921131567,0.000000000000,,gps_back
6.610785522702,122.587280424408,0.000000000000,,gps_back
6.591260180049,122.541272396104,0.000000000000,,gps_back
6.574717388998,122.494274417084,0.000000000000,,gps_back
6.560479644550,122.446366387830,0.000000000000,,gps_back
6.544295623658,122.399065747802,0.000000000000,,gps_back
6.530118770959,122.351189343615,0.000000000000,,gps_back
6.515623433854,122.303408337341,0.000000000000,,gps_back
6.499602742884,122.256053274263,0.000000000000,,gps_back
6.485884035167,122.208000021260,0.000000000000,,gps_back
6.470613989504,122.160478652509,0.000000000000,,gps_back
6.457124366034,122.112518972177,0.000000000000,,gps_back
6.448325538254,122.063309272303,0.000000000000,,gps_back
6.438014873784,122.014433315650,0.000000000000,,gps_back
6.422735630898,121.966917352952,0.000000000000,,gps_back
6.406844105576,121.919549354380,0.000000000000,,gps_back
6.393071376766,121.871488390155,0.000000000000,,gps_back
6.377328972348,121.824088487000,0.000000000000,,gps_back
6.361100219884,121.776819422164,0.000000000000,,gps_back
6.347385686071,121.728754970107,0.000000000000,,gps_back
6.335098782419,121.680291746159,0.000000000000,,gps_back
6.322987881691,121.631783184925,0.000000000000,,gps_back
6.310966285474,121.583252606131,0.000000000000,,gps_back
6.298976825999,121.534713890914,0.000000000000,,gps_back
6.286876002488,121.486202678615,0.000000000000,,gps_back
6.274901736120,121.437660232231,0.000000000000,,gps_back
6.262854858033,121.389135895413,0.000000000000,,gps_back
6.249894513916,121.340852534988,0.000000000000,,gps_back
6.236478290850,121.292688793835,0.000000000000,,gps_back
6.223955616064,121.244289876552,0.000000000000,,gps_back
6.211881559731,121.195772252262,0.000000000000,,gps_back
6.202382904207,121.146749431091,0.000000000000,,gps_back
6.192906494788,121.097700297323,0.000000000000,,gps_back
6.178326885603,121.049973638039,0.000000000000,,gps_back
6.167539075731,121.001505323025,0.000000000000,,gps_back
6.158233936139,120.952487357721,0.000000000000,,gps_back
6.145672789583,120.904094912678,0.000000000000,,gps_back
6.134280698177,120.855431606900,0.000000000000,,gps_back
6.127055634709,120.806030431725,0.000000000000,,gps_back
6.118274533284,120.756931219535,0.000000000000,,gps_back
6.107801316963,120.708056630913,0.000000000000,,gps_back
6.099583317019,120.658751436915,0.000000000000,,gps_back
6.089679928954,120.609799084175,0.000000000000,,gps_back
6.081020136582,120.560637488833,0.000000000000,,gps_back
6.072842153637,120.511341259928,0.000000000000,,gps_back
6.061750809614,120.462607111829,0.000000000000,,gps_back
6.049746639806,120.414072181702,0.000000000000,,gps_back
6.041072183465,120.364911569065,0.000000000000,,gps_back
6.034589203352,120.315336174548,0.000000000000,,gps_back
6.028343293697,120.265731106643,0.000000000000,,gps_back
6.023165133599,120.216007164825,0.000000000000,,gps_back
6.017974876656,120.166282343186,0.000000000000,,gps_back
6.011735451875,120.116678270118,0.000000000000,,gps_back
6.003303011469,120.067420209971,0.000000000000,,gps_back
5.992989102033,120.018500707537,0.000000000000,,gps_back
5.985169847247,119.969183332618,0.000000000000,,gps_back
5.979870923035,119.919468366034,0.000000000000,,gps_back
5.974457518275,119.869765783640,0.000000000000,,gps_back
5.968065733439,119.820181897381,0.000000000000,,gps_back
5.961870965422,119.770573098015,0.000000000000,,gps_back
5.959813237642,119.720713943641,0.000000000000,,gps_back
5.958558088762,119.670756431680,0.000000000000,,gps_back
5.954918897857,119.620899441926,0.000000000000,,gps_back
5.953614905356,119.570987657900,0.000000000000,,gps_back
5.951146648335,119.521133541041,0.000000000000,,gps_back
5.947897752436,119.471261227957,0.000000000000,,gps_back
5.947063542510,119.421281298391,0.000000000000,,gps_back
5.943728050263,119.371476435602,0.000000000000,,gps_back
5.938018626317,119.321805822027,0.000000000000,,gps_back
5.934339235251,119.271972781965,0.000000000000,,gps_back
5.932977874361,119.221999206557,0.000000000000,,gps_back
5.929327646023,119.172194775267,0.000000000000,,gps_back
5.927114346055,119.122330945305,0.000000000000,,gps_back
5.927792255146,119.072339350191,0.000000000000,,gps_back
5.927370278843,119.022357559392,0.000000000000,,gps_back
5.923448767772,118.972557616963,0.000000000000,,gps_back
5.921612408670,118.922693436722,0.000000000000,,gps_back
5.922587478408,118.872705558733,0.000000000000,,gps_back
5.926036485969,118.822864439337,0.000000000000,,gps_back
5.931444516624,118.773161020140,0.000000000000,,gps_back
5.934174872619,118.723295843569,0.000000000000,,gps_back
5.935068464446,118.673306266993,0.000000000000,,gps_back
5.935993657177,118.623317172100,0.000000000000,,gps_back
5.936810366162,118.573326199665,0.000000000000,,gps_back
5.937579470176,118.523334438480,0.000000000000,,gps_back
5.941847404948,118.473602488417,0.000000000000,,gps_back
5.949056965992,118.424129721071,0.000000000000,,gps_back
5.955744336165,118.374587063513,0.000000000000,,gps_back
5.958629910232,118.324740879862,0.000000000000,,gps_back
5.963152184114,118.275043270356,0.000000000000,,gps_back
5.968066884764,118.225317773953,0.000000000000,,gps_back
5.971162173743,118.175417162154,0.000000000000,,gps_back
5.976876498185,118.125802761789,0.000000000000,,gps_back
5.984479004174,118.076386472875,0.000000000000,,gps_back
5.989317938481,118.026674184959,0.000000000000,,gps_back
5.993834922123,117.976895329711,0.000000000000,,gps_back
6.004349550993,117.928184814455,0.000000000000,,gps_back
6.013620705253,117.879182640057,0.000000000000,,gps_back
6.018549942248,117.829444671947,0.000000000000,,gps_back
6.022193638078,117.779580467369,0.000000000000,,gps_back
6.032010321876,117.730815085283,0.000000000000,,gps_back
6.042002977195,117.681915191925,0.000000000000,,gps_back
6.046728335275,117.632197336839,0.000000000000,,gps_back
6.044225386530,117.582435042362,0.000000000000,,gps_back
6.050550834972,117.533710052220,0.000000000000,,gps_back
6.062289945301,117.485127908823,0.000000000000,,gps_back
6.071132548364,117.435940970012,0.000000000000,,gps_back
6.078152550114,117.386441551249,0.000000000000,,gps_back
6.089234216231,117.337812213248,0.000000000000,,gps_back
6.100415010861,117.289120458205,0.000000000000,,gps_back
6.107331769668,117.239650532588,0.000000000000,,gps_back
6.110072289061,117.189765658267,0.000000000000,,gps_back
6.119252775480,117.140990248329,0.000000000000,,gps_back
6.130285558338,117.092268580875,0.000000000000,,gps_back
6.139589692823,117.043144518151,0.000000000000,,gps_back
6.150461598006,116.994360462265,0.000000000000,,gps_back
6.160109223562,116.945330868340,0.000000000000,,gps_back
6.165858933019,116.895705952636,0.000000000000,,gps_back
6.169522096026,116.845844566780,0.000000000000,,gps_back
6.179783828118,116.797186903816,0.000000000000,,gps_back
6.186625497828,116.747952514023,0.000000000000,,gps_back
6.190550943149,116.698114468821,0.000000000000,,gps_back
6.197066750174,116.648566123867,0.000000000000,,gps_back
6.204669256162,116.599149834953,0.000000000000,,gps_back
6.212050840029,116.549700329287,0.000000000000,,gps_back
6.216872212945,116.499967688165,0.000000000000,,gps_back
6.219050848195,116.450027124159,0.000000000000,,gps_back
6.224550935725,116.400418917815,0.000000000000,,gps_back
6.235194048544,116.351618616156,0.000000000000,,gps_back
6.246770190577,116.302981941147,0.000000000000,,gps_back
6.255585004852,116.253799245254,0.000000000000,,gps_back
6.262930440254,116.204344356210,0.000000000000,,gps_back
6.270351808932,116.154900733381,0.000000000000,,gps_back
6.277926133378,116.105480133049,0.000000000000,,gps_back
6.285528639362,116.056063844134,0.000000000000,,gps_back
6.293131145352,116.006647555220,0.000000000000,,gps_back
6.304080201211,115.957925163682,0.000000000000,,gps_back
6.313439839346,115.908871130423,0.000000000000,,gps_back
6.316633383808,115.859075220152,0.000000000000,,gps_back
6.321629698159,115.809408212616,0.000000000000,,gps_back
6.328937223666,115.759947998964,0.000000000000,,gps_back
6.337851263527,115.710762142065,0.000000000000,,gps_back
6.350203104669,115.662353956570,0.000000000000,,gps_back
6.359895373323,115.613388294955,0.000000000000,,gps_back
6.367541721302,115.563978811567,0.000000000000,,gps_back
6.376599058367,115.514819236148,0.000000000000,,gps_back
6.389044179401,115.466433221876,0.000000000000,,gps_back
6.397927263415,115.417352798068,0.000000000000,,gps_back
6.405107030741,115.367875484304,0.000000000000,,gps_back
6.414233199652,115.318731250579,0.000000000000,,gps_back
6.425689435389,115.270076190954,0.000000000000,,gps_back
6.435387924402,115.221060499907,0.000000000000,,gps_back
6.443278286078,115.171691140474,0.000000000000,,gps_back
6.450836063702,115.122268000991,0.000000000000,,gps_back
6.458166117278,115.072810776538,0.000000000000,,gps_back
6.465613538464,115.023371112263,0.000000000000,,gps_back
6.474882301766,114.974255037335,0.000000000000,,gps_back
6.486349994994,114.925600020031,0.000000000000,,gps_back
6.495228527634,114.876450569651,0.000000000000,,gps_back
6.502655157427,114.827007602725,0.000000000000,,gps_back
6.511704906489,114.777848193530,0.000000000000,,gps_back
6.524111214163,114.729449475899,0.000000000000,,gps_back
6.529288404012,114.680073024802,0.000000000000,,gps_back
6.533328578521,114.630279099185,0.000000000000,,gps_back
6.540075308520,114.580747272620,0.000000000000,,gps_back
6.547604631168,114.531319897376,0.000000000000,,gps_back
6.555207137159,114.481903608462,0.000000000000,,gps_back
6.562809643147,114.432487319548,0.000000000000,,gps_back
6.572247634510,114.383405296449,0.000000000000,,gps_back
6.584103734886,114.334845932755,0.000000000000,,gps_back
6.588762542358,114.285364520628,0.000000000000,,gps_back
6.594774151529,114.235848650165,0.000000000000,,gps_back
6.605862986761,114.187132269181,0.000000000000,,gps_back
6.614654141459,114.137971663664,0.000000000000,,gps_back
6.622120145621,114.088534821348,0.000000000000,,gps_back
6.629712766923,114.039117015009,0.000000000000,,gps_back
6.637315272909,113.989700726095,0.000000000000,,gps_back
6.644917778900,113.940284437181,0.000000000000,,gps_back
6.652270944465,113.890830716559,0.000000000000,,gps_back
6.659673686159,113.841384225212,0.000000000000,,gps_back
6.668674443465,113.792214226914,0.000000000000,,gps_back
6.681136342203,113.743831770656,0.000000000000,,gps_back
6.686073271926,113.694425818354,0.000000000000,,gps_back
6.695023843662,113.645517811086,0.000000000000,,gps_back
6.707759252217,113.597169841493,0.000000000000,,gps_back
6.720165544727,113.548736914373,0.000000000000,,gps_back
6.729196695673,113.499607730193,0.000000000000,,gps_back
6.736816295217,113.450194081079,0.000000000000,,gps_back
6.744326108864,113.400763659257,0.000000000000,,gps_back
6.751640151534,113.351303960838,0.000000000000,,gps_back
6.759135149538,113.301871528035,0.000000000000,,gps_back
6.766737655521,113.252455239120,0.000000000000,,gps_back
6.776105706855,113.203357240376,0.000000000000,,gps_back
6.788468923977,113.154935569853,0.000000000000,,gps_back
6.797786622319,113.105886954920,0.000000000000,,gps_back
6.804825473716,113.056388639353,0.000000000000,,gps_back
6.811591339426,113.006850872577,0.000000000000,,gps_back
6.818938832229,112.957397590526,0.000000000000,,gps_back
6.826307700606,112.907946164245,0.000000000000,,gps_back
6.833701664281,112.858498311543,0.000000000000,,gps_back
6.842126533965,112.809219830570,0.000000000000,,gps_back
6.853323426298,112.760517437577,0.000000000000,,gps_back
6.863054421471,112.711503674206,0.000000000000,,gps_back
6.870819744724,112.662116369343,0.000000000000,,gps_back
6.878293330826,112.612680458538,0.000000000000,,gps_back
6.885111580278,112.563151989916,0.000000000000,,gps_back
6.894546348593,112.514090436219,0.000000000000,,gps_back
6.906665131676,112.465593265549,0.000000000000,,gps_back
6.915511049473,112.416450714136,0.000000000000,,gps_back
6.926825044596,112.367824401642,0.000000000000,,gps_back
6.937758674408,112.319056315818,0.000000000000,,gps_back
6.945521620944,112.269687721449,0.000000000000,,gps_back
6.948044581556,112.219829907858,0.000000000000,,gps_back
6.955269532315,112.170532264930,0.000000000000,,gps_back
6.966134204595,112.121733496316,0.000000000000,,gps_back
6.973986364932,112.072403626514,0.000000000000,,gps_back
6.983861009094,112.023437038574,0.000000000000,,gps_back
6.994917703700,111.974677315825,0.000000000000,,gps_back
7.003470591599,111.925441154582,0.000000000000,,gps_back
7.010336281621,111.875919286501,0.000000000000,,gps_back
7.019027223733,111.826700756278,0.000000000000,,gps_back
7.031244031497,111.778249145373,0.000000000000,,gps_back
7.039624409543,111.729054487478,0.000000000000,,gps_back
7.048331590138,111.679839815698,0.000000000000,,gps_back
7.059802898947,111.631191112100,0.000000000000,,gps_back
7.068002623464,111.581934162120,0.000000000000,,gps_back
7.074795163086,111.532400086008,0.000000000000,,gps_back
7.081881581687,111.482907403573,0.000000000000,,gps_back
7.088817362930,111.433393373084,0.000000000000,,gps_back
7.095541056532,111.383849915332,0.000000000000,,gps_back
7.102135119908,111.334289010623,0.000000000000,,gps_back
7.108668416555,111.284720034193,0.000000000000,,gps_back
7.115190839142,111.235149622545,0.000000000000,,gps_back
7.121716886452,111.185579688020,0.000000000000,,gps_back
7.133437391360,111.137084841174,0.000000000000,,gps_back
7.143787086086,111.088215586127,0.000000000000,,gps_back
7.151551516277,111.038831279770,0.000000000000,,gps_back
7.162358683560,110.990065265780,0.000000000000,,gps_back
7.169887928053,110.940720223214,0.000000000000,,gps_back
7.174169437138,110.890914799950,0.000000000000,,gps_back
7.184110566924,110.842057732335,0.000000000000,,gps_back
7.190439817442,110.792584934850,0.000000000000,,gps_back
7.195914793817,110.742892806373,0.000000000000,,gps_back
7.207464670292,110.694359932386,0.000000000000,,gps_back
7.215713352992,110.645139184897,0.000000000000,,gps_back
7.222660834763,110.595627050159,0.000000000000,,gps_back
7.231000922395,110.546335343419,0.000000000000,,gps_back
7.243553263227,110.497989974144,0.000000000000,,gps_back
7.253377690704,110.449021704513,0.000000000000,,gps_back
7.261208798458,110.399642810032,0.000000000000,,gps_back
7.268632509255,110.350199451849,0.000000000000,,gps_back
7.275360800737,110.300657914363,0.000000000000,,gps_back
7.281883223324,110.251087502715,0.000000000000,,gps_back
7.288530735777,110.201533762773,0.000000000000,,gps_back
7.295909964193,110.152085232751,0.000000000000,,gps_back
7.302828747703,110.102570144392,0.000000000000,,gps_back
7.311081442474,110.053266384885,0.000000000000,,gps_back
7.323649519053,110.004924649788,0.000000000000,,gps_back
7.332924629543,109.955864163644,0.000000000000,,gps_back
7.342811844625,109.906868009556,0.000000000000,,gps_back
7.354260550937,109.858201595376,0.000000000000,,gps_back
7.362574299550,109.808939003042,0.000000000000,,gps_back
7.372707440438,109.760007132683,0.000000000000,,gps_back
7.383907049400,109.711280043340,0.000000000000,,gps_back
7.392379859051,109.662030916167,0.000000000000,,gps_back
7.399729207759,109.612576551245,0.000000000000,,gps_back
7.406797805130,109.563081201425,0.000000000000,,gps_back
7.413921127487,109.513593611762,0.000000000000,,gps_back
7.426050745084,109.465173057805,0.000000000000,,gps_back
7.438793693140,109.416829645716,0.000000000000,,gps_back
7.450370541553,109.368193313316,0.000000000000,,gps_back
7.458854332235,109.318946840488,0.000000000000,,gps_back
7.465778653555,109.269432451343,0.000000000000,,gps_back
7.472346305377,109.219868079112,0.000000000000,,gps_back
7.478868727966,109.170297667465,0.000000000000,,gps_back
7.488681349636,109.121307974223,0.000000000000,,gps_back
7.499861337529,109.072576689390,0.000000000000,,gps_back
7.508334165023,109.023327927344,0.000000000000,,gps_back
7.515206263300,108.973806483323,0.000000000000,,gps_back
7.524651865968,108.924734595402,0.000000000000,,gps_back
7.540192770214,108.877307121769,0.000000000000,,gps_back
7.551265538395,108.828671923247,0.000000000000,,gps_back
7.558407813630,108.779200616392,0.000000000000,,gps_back
7.564930236214,108.729630204744,0.000000000000,,gps_back
7.574448161704,108.680574419300,0.000000000000,,gps_back
7.585711796087,108.631864376987,0.000000000000,,gps_back
7.593355283738,108.582499843593,0.000000000000,,gps_back
7.602344797227,108.533335362411,0.000000000000,,gps_back
7.613640343657,108.484638180000,0.000000000000,,gps_back
7.622168509753,108.435404686605,0.000000000000,,gps_back
7.629167835386,108.385900439706,0.000000000000,,gps_back
7.636573589593,108.336455278047,0.000000000000,,gps_back
7.647688267712,108.287746929144,0.000000000000,,gps_back
7.654315705405,108.238280325445,0.000000000000,,gps_back
7.656407683200,108.188350760507,0.000000000000,,gps_back
7.662087131729,108.138730624264,0.000000000000,,gps_back
7.669129067358,108.089231410757,0.000000000000,,gps_back
7.676074850951,108.039718600096,0.000000000000,,gps_back
7.682262972052,107.990106802989,0.000000000000,,gps_back
7.686262129540,107.940280339641,0.000000000000,,gps_back
7.687776660537,107.890315865861,0.000000000000,,gps_back
7.688508034715,107.840323716006,0.000000000000,,gps_back
7.689287528175,107.790332153473,0.000000000000,,gps_back
7.690236640706,107.740343537431,0.000000000000,,gps_back
7.695345395298,107.690654385995,0.000000000000,,gps_back
7.701805789854,107.641075997159,0.000000000000,,gps_back
7.708328212437,107.591505585510,0.000000000000,,gps_back
7.715103141425,107.541969231512,0.000000000000,,gps_back
7.723372428322,107.492665890244,0.000000000000,,gps_back
7.734523129443,107.443945522286,0.000000000000,,gps_back
7.743719922261,107.394820815915,0.000000000000,,gps_back
7.750812179104,107.345334133883,0.000000000000,,gps_back
7.756760897990,107.295693232396,0.000000000000,,gps_back
7.766213884224,107.246636156415,0.000000000000,,gps_back
7.777148974123,107.197849616128,0.000000000000,,gps_back
7.784005994515,107.148373147420,0.000000000000,,gps_back
7.791916080250,107.099018047456,0.000000000000,,gps_back
7.803286534292,107.050353862802,0.000000000000,,gps_back
7.811259282650,107.001043483975,0.000000000000,,gps_back
7.818005981540,106.951503149779,0.000000000000,,gps_back
7.828777475325,106.902724966244,0.000000000000,,gps_back
7.838067729611,106.853615719063,0.000000000000,,gps_back
7.844625498452,106.804061369874,0.000000000000,,gps_back
7.853686780613,106.754916373631,0.000000000000,,gps_back
7.864078536091,106.706011381278,0.000000000000,,gps_back
7.870769816540,106.656502596094,0.000000000000,,gps_back
7.875400710684,106.606722860000,0.000000000000,,gps_back
7.877070299812,106.556771476358,0.000000000000,,gps_back
7.880968541530,106.506947706419,0.000000000000,,gps_back
7.886510191166,106.457260190387,0.000000000000,,gps_back
7.893136095275,106.407705405620,0.000000000000,,gps_back
7.899547496614,106.358120995506,0.000000000000,,gps_back
7.905402560346,106.308467852980,0.000000000000,,gps_back
7.908297366321,106.258574749346,0.000000000000,,gps_back
7.910353567919,106.208619406710,0.000000000000,,gps_back
7.915350355055,106.158894428763,0.000000000000,,gps_back
7.921390555966,106.109263178263,0.000000000000,,gps_back
7.927831268876,106.059682356530,0.000000000000,,gps_back
7.933977924708,106.010064312202,0.000000000000,,gps_back
7.940002786139,105.960430970992,0.000000000000,,gps_back
7.945998980971,105.910794157696,0.000000000000,,gps_back
7.952196031000,105.861182128660,0.000000000000,,gps_back
7.958697466964,105.811609124440,0.000000000000,,gps_back
7.965230916947,105.762040167559,0.000000000000,,gps_back
7.971498668276,105.712437082735,0.000000000000,,gps_back
7.977307086860,105.662778344349,0.000000000000,,gps_back
7.986361219146,105.613636632500,0.000000000000,,gps_back
7.997354475939,105.564865714573,0.000000000000,,gps_back
8.000265048376,105.515127194442,0.000000000000,,gps_back
8.004284788831,105.465315991748,0.000000000000,,gps_back
8.015071261577,105.416585250063,0.000000000000,,gps_back
8.019934014210,105.366955741011,0.000000000000,,gps_back
8.022213110350,105.317011699347,0.000000000000,,gps_back
8.027479167578,105.267315468598,0.000000000000,,gps_back
8.033692719679,105.217705509974,0.000000000000,,gps_back
8.040167246968,105.168128923080,0.000000000000,,gps_back
8.042170172722,105.118218256441,0.000000000000,,gps_back
8.045373134625,105.068334656520,0.000000000000,,gps_back
8.055978759186,105.019584963266,0.000000000000,,gps_back
8.064537873521,104.970355030019,0.000000000000,,gps_back
8.070643038450,104.920737717422,0.000000000000,,gps_back
8.076989034585,104.871145225443,0.000000000000,,gps_back
8.087115435243,104.822214355799,0.000000000000,,gps_back
8.103154236332,104.774922005724,0.000000000000,,gps_back
8.116043805597,104.726656671064,0.000000000000,,gps_back
8.126882279304,104.677850957426,0.000000000000,,gps_back
8.134104956592,104.628402329930,0.000000000000,,gps_back
8.142367918528,104.579098705205,0.000000000000,,gps_back
8.152734786912,104.530194259585,0.000000000000,,gps_back
8.161125275975,104.480917484246,0.000000000000,,gps_back
8.168098499726,104.431410331804,0.000000000000,,gps_back
8.174665021091,104.381845839718,0.000000000000,,gps_back
8.183492608530,104.332645021863,0.000000000000,,gps_back
8.193977121168,104.283762053622,0.000000000000,,gps_back
8.201606437860,104.234370403128,0.000000000000,,gps_back
8.209803459481,104.185052305146,0.000000000000,,gps_back
8.221121173384,104.136370346461,0.000000000000,,gps_back
8.229094454264,104.087045305192,0.000000000000,,gps_back
8.235273939710,104.037433032894,0.000000000000,,gps_back
8.241055395551,103.987770828509,0.000000000000,,gps_back
8.246860682940,103.938111332674,0.000000000000,,gps_back
8.252822535038,103.888470423992,0.000000000000,,gps_back
8.261691139502,103.839282909569,0.000000000000,,gps_back
8.273437444165,103.790695945570,0.000000000000,,gps_back
8.280916553582,103.741307172896,0.000000000000,,gps_back
8.289074153936,103.691984832929,0.000000000000,,gps_back
8.299430643434,103.643078912778,0.000000000000,,gps_back
8.307282151024,103.593718612364,0.000000000000,,gps_back
8.313276313173,103.544084890989,0.000000000000,,gps_back
8.324097626074,103.495325661877,0.000000000000,,gps_back
8.334386908942,103.446403045877,0.000000000000,,gps_back
8.341470182993,103.396926609245,0.000000000000,,gps_back
8.351833107305,103.348044697133,0.000000000000,,gps_back
8.363313697588,103.299383264551,0.000000000000,,gps_back
8.374173144171,103.250580159414,0.000000000000,,gps_back
8.385516620917,103.201887075620,0.000000000000,,gps_back
8.397535936517,103.153356253914,0.000000000000,,gps_back
8.409479627219,103.104806185148,0.000000000000,,gps_back
8.419396077748,103.055809925714,0.000000000000,,gps_back
8.425951232541,103.006261216106,0.000000000000,,gps_back
8.435353464014,102.957178615152,0.000000000000,,gps_back
8.447186446927,102.908607821651,0.000000000000,,gps_back
8.459065438732,102.860041981412,0.000000000000,,gps_back
8.468557732537,102.810964499007,0.000000000000,,gps_back
8.475531981214,102.761463941511,0.000000000000,,gps_back
8.485611944990,102.712516671513,0.000000000000,,gps_back
8.495512094400,102.663510317327,0.000000000000,,gps_back
8.502536483499,102.614022725425,0.000000000000,,gps_back
8.511554432322,102.564857029819,0.000000000000,,gps_back
8.522087415299,102.515983609302,0.000000000000,,gps_back
8.532767613287,102.467139974432,0.000000000000,,gps_back
8.543629669840,102.418336527196,0.000000000000,,gps_back
8.555629153337,102.369802574900,0.000000000000,,gps_back
8.565002303719,102.320707002715,0.000000000000,,gps_back
8.572093216887,102.271220550919,0.000000000000,,gps_back
8.582213243677,102.222279180076,0.000000000000,,gps_back
8.591734198346,102.173199195326,0.000000000000,,gps_back
8.598018505797,102.123614924851,0.000000000000,,gps_back
8.606731746370,102.074398837144,0.000000000000,,gps_back
8.618425192315,102.025799230746,0.000000000000,,gps_back
8.625475790696,101.976348860079,0.000000000000,,gps_back
8.632415032151,101.926836203246,0.000000000000,,gps_back
8.642366448597,101.877854172774,0.000000000000,,gps_back
8.651391550558,101.828681610462,0.000000000000,,gps_back
8.658521730212,101.779199857541,0.000000000000,,gps_back
8.668449635861,101.730215307690,0.000000000000,,gps_back
8.678563225072,101.681251442690,0.000000000000,,gps_back
8.685609328234,101.631769105424,0.000000000000,,gps_back
8.691696636667,101.582143720199,0.000000000000,,gps_back
8.697450760959,101.532478379601,0.000000000000,,gps_back
8.708018358316,101.483653657270,0.000000000000,,gps_back
8.719702501520,101.435040539473,0.000000000000,,gps_back
8.730577082147,101.386241178606,0.000000000000,,gps_back
8.739343368224,101.337025026745,0.000000000000,,gps_back
8.746217466848,101.287506440706,0.000000000000,,gps_back
8.757340640646,101.238799007085,0.000000000000,,gps_back
8.768756071672,101.190122389010,0.000000000000,,gps_back
8.779521131227,101.141297978050,0.000000000000,,gps_back
8.787501104554,101.091954246523,0.000000000000,,gps_back
8.793743562558,101.042350651296,0.000000000000,,gps_back
8.804416230658,100.993544308722,0.000000000000,,gps_back
8.815839654771,100.944869132633,0.000000000000,,gps_back
8.826666363685,100.896058396927,0.000000000000,,gps_back
8.835424239025,100.846840688204,0.000000000000,,gps_back
8.842456074431,100.797343356921,0.000000000000,,gps_back
8.848322694487,100.747692557942,0.000000000000,,gps_back
8.855852421003,100.698270908418,0.000000000000,,gps_back
8.867430613580,100.649657298671,0.000000000000,,gps_back
8.875899866303,100.600406728581,0.000000000000,,gps_back
8.882445951674,100.550842313454,0.000000000000,,gps_back
8.888243405164,100.501182375089,0.000000000000,,gps_back
8.891945326873,100.451328668998,0.000000000000,,gps_back
8.893164391069,100.401353448713,0.000000000000,,gps_back
8.901360920860,100.352122444623,0.000000000000,,gps_back
8.912142435744,100.303304293478,0.000000000000,,gps_back
8.918837996469,100.253786981477,0.000000000000,,gps_back
8.925054079944,100.204177282567,0.000000000000,,gps_back
8.931539201497,100.154602068654,0.000000000000,,gps_back
8.938061624081,100.105031657006,0.000000000000,,gps_back
8.944329065812,100.055428465879,0.000000000000,,gps_back
8.950136474981,100.005769491379,0.000000000000,,gps_back
8.956484480443,99.956177029071,0.000000000000,,gps_back
8.963244869848,99.906638672192,0.000000000000,,gps_back
8.969806120500,99.857073484159,0.000000000000,,gps_back
8.975944710265,99.807454314015,0.000000000000,,gps_back
8.981732040539,99.757792849333,0.000000000000,,gps_back
8.987651955230,99.708146930117,0.000000000000,,gps_back
8.994020662376,99.658556818677,0.000000000000,,gps_back
9.005183742796,99.609858238850,0.000000000000,,gps_back
9.012206811267,99.560394962579,0.000000000000,,gps_back
9.013872569770,99.510456464731,0.000000000000,,gps_back
9.019217252000,99.460773649841,0.000000000000,,gps_back
9.025154173885,99.411129715009,0.000000000000,,gps_back
9.030920153546,99.361465671793,0.000000000000,,gps_back
9.037005828805,99.311839927175,0.000000000000,,gps_back
9.043478530272,99.262263169961,0.000000000000,,gps_back
9.053562513279,99.213312711342,0.000000000000,,gps_back
9.064519836929,99.164530684405,0.000000000000,,gps_back
9.076502105510,99.115991577981,0.000000000000,,gps_back
9.085566763029,99.066837217292,0.000000000000,,gps_back
9.092388277052,99.017311913644,0.000000000000,,gps_back
9.098915508340,98.967742136582,0.000000000000,,gps_back
9.105169901059,98.918137302019,0.000000000000,,gps_back
9.111189251159,98.868503347507,0.000000000000,,gps_back
9.121444043983,98.819596584178,0.000000000000,,gps_back
9.131830350889,98.770689982648,0.000000000000,,gps_back
9.138362169198,98.721142026684,0.000000000000,,gps_back
9.144613142586,98.671536752760,0.000000000000,,gps_back
9.151143383261,98.621967456411,0.000000000000,,gps_back
9.161329716260,98.573038210085,0.000000000000,,gps_back
9.170111697722,98.523823426596,0.000000000000,,gps_back
9.171724759580,98.473918272288,0.000000000000,,gps_back
9.179509813451,98.424602397579,0.000000000000,,gps_back
9.190577919675,98.375852597637,0.000000000000,,gps_back
9.197659987619,98.326384094124,0.000000000000,,gps_back
9.206433230896,98.277169056520,0.000000000000,,gps_back
9.216969417418,98.228297125975,0.000000000000,,gps_back
9.224601923869,98.178898431179,0.000000000000,,gps_back
9.231216605025,98.129340751029,0.000000000000,,gps_back
9.237778080208,98.079775494452,0.000000000000,,gps_back
9.248175317541,98.030890832564,0.000000000000,,gps_back
9.259042943322,97.982088554554,0.000000000000,,gps_back
9.265609756308,97.932548198012,0.000000000000,,gps_back
9.274049982015,97.883275711701,0.000000000000,,gps_back
9.285535337083,97.834625101701,0.000000000000,,gps_back
9.297662711618,97.786120643411,0.000000000000,,gps_back
9.307886147525,97.737184387079,0.000000000000,,gps_back
9.314058911539,97.687587469594,0.000000000000,,gps_back
9.323220630075,97.638451483326,0.000000000000,,gps_back
9.335095888215,97.589891330862,0.000000000000,,gps_back
9.345973703622,97.541093401914,0.000000000000,,gps_back
9.354344892865,97.491808460434,0.000000000000,,gps_back
9.355764707608,97.441882221707,0.000000000000,,gps_back
9.359992000835,97.392078230467,0.000000000000,,gps_back
9.365845131949,97.342426049597,0.000000000000,,gps_back
9.377373509753,97.293812473781,0.000000000000,,gps_back
9.387364441566,97.244828869313,0.000000000000,,gps_back
9.394208999357,97.195311604874,0.000000000000,,gps_back
9.400097748998,97.145662384813,0.000000000000,,gps_back
9.406562675277,97.096084917363,0.000000000000,,gps_back
9.416819897426,97.047166785430,0.000000000000,,gps_back
9.424207421717,96.997730295615,0.000000000000,,gps_back
9.425767331771,96.947788523812,0.000000000000,,gps_back
9.430453914841,96.898025467711,0.000000000000,,gps_back
9.436817845858,96.848436231013,0.000000000000,,gps_back
9.448417173563,96.799831305764,0.000000000000,,gps_back
9.460581105399,96.751335880068,0.000000000000,,gps_back
9.472779682372,96.702849156903,0.000000000000,,gps_back
9.479867009511,96.653384694733,0.000000000000,,gps_back
9.486067126496,96.603773075466,0.000000000000,,gps_back
9.491848447464,96.554110929467,0.000000000000,,gps_back
9.498099087305,96.504505788344,0.000000000000,,gps_back
9.504511410593,96.454921026906,0.000000000000,,gps_back
9.510542751113,96.405288633661,0.000000000000,,gps_back
9.518401203530,96.355916132674,0.000000000000,,gps_back
9.528879556540,96.307035176820,0.000000000000,,gps_back
9.537112263337,96.257726647323,0.000000000000,,gps_back
9.544513412359,96.208280148914,0.000000000000,,gps_back
9.556202880817,96.159688476716,0.000000000000,,gps_back
9.565026381078,96.110487172865,0.000000000000,,gps_back
9.571013800898,96.060855622198,0.000000000000,,gps_back
9.576943887888,96.011210901932,0.000000000000,,gps_back
9.582968576840,95.961577543662,0.000000000000,,gps_back
9.589447160006,95.912001583931,0.000000000000,,gps_back
9.595582558572,95.862381934221,0.000000000000,,gps_back
9.601356202736,95.812718846351,0.000000000000,,gps_back
9.611780362101,95.763842594406,0.000000000000,,gps_back
9.622609580321,95.715031781766,0.000000000000,,gps_back
9.629545359700,95.665532534254,0.000000000000,,gps_back
9.638826149382,95.616411134604,0.000000000000,,gps_back
9.649450038588,95.567556403256,0.000000000000,,gps_back
9.655860649610,95.517989702318,0.000000000000,,gps_back
9.662733885682,95.468467449710,0.000000000000,,gps_back
9.674490141897,95.419894436105,0.000000000000,,gps_back
9.683106079294,95.370657385144,0.000000000000,,gps_back
9.689287382395,95.321047402969,0.000000000000,,gps_back
9.695707493137,95.271463807937,0.000000000000,,gps_back
9.703570608821,95.222090167319,0.000000000000,,gps_back
9.714071561764,95.173213679372,0.000000000000,,gps_back
9.725418904450,95.124521081450,0.000000000000,,gps_back
9.737171397928,95.075924424995,0.000000000000,,gps_back
9.744127000099,95.026434799279,0.000000000000,,gps_back
9.754670059125,94.977576688137,0.000000000000,,gps_back
9.769716005758,94.929913053639,0.000000000000,,gps_back
9.779663285186,94.880942362247,0.000000000000,,gps_back
9.786307938193,94.831394923065,0.000000000000,,gps_back
9.792100091799,94.781734205920,0.000000000000,,gps_back
9.799674942704,94.732316466536,0.000000000000,,gps_back
9.810180485556,94.683441473652,0.000000000000,,gps_back
9.818481961577,94.634142701317,0.000000000000,,gps_back
9.825146894967,94.584592936832,0.000000000000,,gps_back
9.831968291759,94.535062840582,0.000000000000,,gps_back
9.840822010832,94.485858639323,0.000000000000,,gps_back
9.851424804116,94.437000233905,0.000000000000,,gps_back
9.859091619532,94.387601499671,0.000000000000,,gps_back
9.866946854904,94.338224899559,0.000000000000,,gps_back
9.878563260445,94.289606693865,0.000000000000,,gps_back
9.886642001394,94.240277698984,0.000000000000,,gps_back
9.892756853849,94.190657496724,0.000000000000,,gps_back
9.903949492541,94.141949993330,0.000000000000,,gps_back
9.914000154738,94.092974782742,0.000000000000,,gps_back
9.921051672193,94.043483134599,0.000000000000,,gps_back
9.930781643545,93.994447698561,0.000000000000,,gps_back
9.941345201553,93.945579001025,0.000000000000,,gps_back
9.953439846603,93.897067978004,0.000000000000,,gps_back
9.965604288768,93.848572679805,0.000000000000,,gps_back
9.977732898198,93.800068407247,0.000000000000,,gps_back
9.984127555888,93.750506089776,0.000000000000,,gps_back
9.990046705757,93.700860031574,0.000000000000,,gps_back
9.996528354109,93.651284508758,0.000000000000,,gps_back
10.006661950877,93.602334413957,0.000000000000,,gps_back
10.017959629817,93.553630515380,0.000000000000,,gps_back
10.024066235334,93.504027064378,0.000000000000,,gps_back
10.030085495921,93.454393096290,0.000000000000,,gps_back
10.036576486226,93.404818704691,0.000000000000,,gps_back
10.047604537951,93.356067376594,0.000000000000,,gps_back
10.058083477192,93.307180711514,0.000000000000,,gps_back
10.064351281543,93.257589381520,0.000000000000,,gps_back
10.070631134207,93.207987713298,0.000000000000,,gps_back
10.077232787954,93.158427853946,0.000000000000,,gps_back
10.087647100779,93.109536959578,0.000000000000,,gps_back
10.097425120773,93.060505308048,0.000000000000,,gps_back
10.104185719088,93.010972820855,0.000000000000,,gps_back
10.110722341643,92.961404280236,0.000000000000,,gps_back
10.117944925112,92.911931357932,0.000000000000,,gps_back
10.128458176703,92.863058827143,0.000000000000,,gps_back
10.137593617442,92.813904597705,0.000000000000,,gps_back
10.144268654718,92.764358224146,0.000000000000,,gps_back
10.150791077299,92.714787812498,0.000000000000,,gps_back
10.157155176008,92.665196842538,0.000000000000,,gps_back
10.163200080935,92.615565999889,0.000000000000,,gps_back
10.169503600004,92.565967328194,0.000000000000,,gps_back
10.175967528948,92.516389268608,0.000000000000,,gps_back
10.181754002083,92.466727882007,0.000000000000,,gps_back
10.189437228608,92.417326606772,0.000000000000,,gps_back
10.201307592733,92.368769629068,0.000000000000,,gps_back
10.209463784579,92.319452198868,0.000000000000,,gps_back
10.215962796091,92.269879970584,0.000000000000,,gps_back
10.222010182254,92.220249450935,0.000000000000,,gps_back
10.228259569561,92.170643909893,0.000000000000,,gps_back
10.234766900962,92.121071552667,0.000000000000,,gps_back
10.241289323552,92.071501141020,0.000000000000,,gps_back
10.249452691457,92.022176130325,0.000000000000,,gps_back
10.260037689571,91.973315255404,0.000000000000,,gps_back
10.271473842893,91.924643397190,0.000000000000,,gps_back
10.282939586397,91.875978169140,0.000000000000,,gps_back
10.290046034259,91.826500132972,0.000000000000,,gps_back
10.296298749764,91.776895195609,0.000000000000,,gps_back
10.302037006536,91.727228043094,0.000000000000,,gps_back
10.308392515939,91.677636213880,0.000000000000,,gps_back
10.316413596413,91.628287797557,0.000000000000,,gps_back
10.328315854509,91.579736581975,0.000000000000,,gps_back
10.332906363669,91.529984816263,0.000000000000,,gps_back
10.333939254530,91.480002988909,0.000000000000,,gps_back
10.340071677491,91.430397822096,0.000000000000,,gps_back
10.347551246000,91.380963401006,0.000000000000,,gps_back
10.356272269283,91.331732973852,0.000000000000,,gps_back
10.365056151153,91.282512946153,0.000000000000,,gps_back
10.373454054373,91.233225678313,0.000000000000,,gps_back
10.379564836547,91.183605640056,0.000000000000,,gps_back
10.385770206436,91.133994566566,0.000000000000,,gps_back
10.392317549705,91.084427499765,0.000000000000,,gps_back
10.403236523910,91.035647330914,0.000000000000,,gps_back
10.413356319323,90.986685108644,0.000000000000,,gps_back
10.419576551620,90.937083646175,0.000000000000,,gps_back
10.428888365058,90.887966490938,0.000000000000,,gps_back
10.440891411829,90.839434352687,0.000000000000,,gps_back
10.447694277044,90.789916128059,0.000000000000,,gps_back
10.456605252518,90.740721804802,0.000000000000,,gps_back
10.468374705230,90.692132959733,0.000000000000,,gps_back
10.475181361630,90.642613599243,0.000000000000,,gps_back
10.482155922024,90.593104859952,0.000000000000,,gps_back
10.493770043591,90.544485226308,0.000000000000,,gps_back
10.499390548703,90.494822727409,0.000000000000,,gps_back
10.501305369351,90.444866385901,0.000000000000,,gps_back
10.511704198584,90.395991411685,0.000000000000,,gps_back
10.521182661816,90.346901039179,0.000000000000,,gps_back
10.527809537391,90.297347515856,0.000000000000,,gps_back
10.533959406446,90.247729559853,0.000000000000,,gps_back
10.540004611186,90.198098693501,0.000000000000,,gps_back
10.546509725047,90.148526089643,0.000000000000,,gps_back
10.555069813958,90.099268261414,0.000000000000,,gps_back
10.565722721876,90.050420239895,0.000000000000,,gps_back
10.573494863780,90.001033685260,0.000000000000,,gps_back
10.580858682171,89.951581298242,0.000000000000,,gps_back
10.591470436413,89.902726697366,0.000000000000,,gps_back
10.600477377051,89.853548100787,0.000000000000,,gps_back
10.607080225506,89.803990286096,0.000000000000,,gps_back
10.618508668672,89.755325069962,0.000000000000,,gps_back
10.628864446860,89.706412177910,0.000000000000,,gps_back
10.635505005212,89.656861960408,0.000000000000,,gps_back
10.645299394574,89.607836626626,0.000000000000,,gps_back
10.656033302977,89.559004998228,0.000000000000,,gps_back
10.667825812651,89.510418283158,0.000000000000,,gps_back
10.677267253921,89.461322068234,0.000000000000,,gps_back
10.683873016501,89.411765074616,0.000000000000,,gps_back
10.694205882893,89.362851400083,0.000000000000,,gps_back
10.704274566869,89.313878093090,0.000000000000,,gps_back
10.710939708721,89.264330199148,0.000000000000,,gps_back
10.720057066741,89.215172862581,0.000000000000,,gps_back
10.730683401877,89.166318107184,0.000000000000,,gps_back
10.738201743110,89.116891933564,0.000000000000,,gps_back
10.748465755798,89.067961563971,0.000000000000,,gps_back
10.765422876615,89.020939011481,0.000000000000,,gps_back
10.777794853966,88.972502171694,0.000000000000,,gps_back
10.788232994756,88.923606997666,0.000000000000,,gps_back
10.800304203340,88.875089056884,0.000000000000,,gps_back
10.812475125642,88.826595384465,0.000000000000,,gps_back
10.824602311136,88.778090755480,0.000000000000,,gps_back
10.836545471825,88.729540494352,0.000000000000,,gps_back
10.846914820468,88.680630490417,0.000000000000,,gps_back
10.853024645677,88.631011252265,0.000000000000,,gps_back
10.859306091687,88.581409742242,0.000000000000,,gps_back
10.865823851527,88.531838728350,0.000000000000,,gps_back
10.876437623579,88.482984180246,0.000000000000,,gps_back
10.886256582154,88.433960313564,0.000000000000,,gps_back
10.892842060363,88.384400341245,0.000000000000,,gps_back
10.902957207257,88.335439227962,0.000000000000,,gps_back
10.914619286409,88.286821108690,0.000000000000,,gps_back
10.925363115864,88.237991604074,0.000000000000,,gps_back
10.934766032866,88.188886419010,0.000000000000,,gps_back
10.941696537395,88.139372516823,0.000000000000,,gps_back
10.952609739669,88.090583463499,0.000000000000,,gps_back
10.964518554509,88.042024916994,0.000000000000,,gps_back
10.976715644765,87.993537832664,0.000000000000,,gps_back
10.987852580562,87.944796517630,0.000000000000,,gps_back
10.998527763798,87.895951818420,0.000000000000,,gps_back
11.005463025024,87.846439965126,0.000000000000,,gps_back
11.013687143907,87.797123640453,0.000000000000,,gps_back
11.024374352861,87.748282551438,0.000000000000,,gps_back
11.035784037913,87.699604230966,0.000000000000,,gps_back
11.047627613846,87.651029604111,0.000000000000,,gps_back
11.059823792639,87.602542297697,0.000000000000,,gps_back
11.071257344724,87.553869600118,0.000000000000,,gps_back
11.081936870413,87.505025909199,0.000000000000,,gps_back
11.089667310855,87.455630928510,0.000000000000,,gps_back
11.096076174130,87.406045965148,0.000000000000,,gps_back
11.101795794013,87.356376592071,0.000000000000,,gps_back
11.108032100486,87.306769416971,0.000000000000,,gps_back
11.114909350670,87.257247049942,0.000000000000,,gps_back
11.121462661497,87.207680730066,0.000000000000,,gps_back
11.127668278227,87.158069681145,0.000000000000,,gps_back
11.133385063446,87.108399948034,0.000000000000,,gps_back
11.142290805243,87.059203477366,0.000000000000,,gps_back
11.152992097820,87.010364923095,0.000000000000,,gps_back
11.160100730103,86.960877148183,0.000000000000,,gps_back
11.166463535691,86.911286065091,0.000000000000,,gps_back
11.172492953200,86.861653290306,0.000000000000,,gps_back
11.178811201251,86.812056453575,0.000000000000,,gps_back
11.185299099718,86.762481515485,0.000000000000,,gps_back
11.191330469019,86.712848993328,0.000000000000,,gps_back
11.199208673740,86.663476412397,0.000000000000,,gps_back
11.210984655148,86.614887362671,0.000000000000,,gps_back
11.218851274028,86.565514533905,0.000000000000,,gps_back
11.226657843608,86.516130070988,0.000000000000,,gps_back
11.238813764884,86.467634776393,0.000000000000,,gps_back
11.247277221630,86.418360206611,0.000000000000,,gps_back
11.253750618758,86.368783725969,0.000000000000,,gps_back
11.259779373840,86.319150872646,0.000000000000,,gps_back
11.268068438755,86.269845587820,0.000000000000,,gps_back
11.279867376028,86.221261049849,0.000000000000,,gps_back
11.287380153132,86.171832517352,0.000000000000,,gps_back
11.293938364284,86.122266887066,0.000000000000,,gps_back
11.300460986606,86.072696501759,0.000000000000,,gps_back
11.306576402003,86.023074246170,0.000000000000,,gps_back
11.312578352304,85.973438128125,0.000000000000,,gps_back
11.319139360136,85.923872830952,0.000000000000,,gps_back
11.327728510637,85.874618744145,0.000000000000,,gps_back
11.338383586820,85.825769891915,0.000000000000,,gps_back
11.346145272386,85.776378898306,0.000000000000,,gps_back
11.353779282292,85.726967467113,0.000000000000,,gps_back
11.365885366805,85.678458532800,0.000000000000,,gps_back
11.374543861531,85.629216872315,0.000000000000,,gps_back
11.381002054981,85.579638201375,0.000000000000,,gps_back
11.386746059280,85.529971587190,0.000000000000,,gps_back
11.392871569752,85.480350569812,0.000000000000,,gps_back
11.399711947214,85.430823048716,0.000000000000,,gps_back
11.406294470187,85.381260584252,0.000000000000,,gps_back
11.412597988385,85.331661863328,0.000000000000,,gps_back
11.418341595645,85.281995197664,0.000000000000,,gps_back
11.424503964870,85.232378745375,0.000000000000,,gps_back
11.431021714730,85.182807723248,0.000000000000,,gps_back
11.437048172136,85.133174581924,0.000000000000,,gps_back
11.443204211638,85.083557338675,0.000000000000,,gps_back
11.449725424681,85.033986772414,0.000000000000,,gps_back
11.460401154430,84.985142766872,0.000000000000,,gps_back
11.471485099139,84.936389166602,0.000000000000,,gps_back
11.477198929857,84.886719310266,0.000000000000,,gps_back
11.483251822555,84.837089378862,0.000000000000,,gps_back
11.489773827078,84.787518914216,0.000000000000,,gps_back
11.501351482822,84.738880441392,0.000000000000,,gps_back
11.511407493453,84.689904806956,0.000000000000,,gps_back
11.517117046368,84.640234205388,0.000000000000,,gps_back
11.523009911127,84.590585017828,0.000000000000,,gps_back
11.529038197079,84.540952172020,0.000000000000,,gps_back
11.537378484710,84.491655042555,0.000000000000,,gps_back
11.546162366574,84.442435014855,0.000000000000,,gps_back
11.554944332970,84.393214669556,0.000000000000,,gps_back
11.562514048638,84.343793367181,0.000000000000,,gps_back
11.569050803162,84.294224962196,0.000000000000,,gps_back
11.578132414400,84.245058997905,0.000000000000,,gps_back
11.587214025637,84.195893033614,0.000000000000,,gps_back
11.596295636875,84.146727069322,0.000000000000,,gps_back
11.605377248112,84.097561105031,0.000000000000,,gps_back
11.614458859349,84.048395140740,0.000000000000,,gps_back
11.623543166425,83.999229724196,0.000000000000,,gps_back
11.634370339351,83.950418466451,0.000000000000,,gps_back
11.645944933087,83.901779531935,0.000000000000,,gps_back
11.652786232021,83.852252129833,0.000000000000,,gps_back
11.659029223236,83.802645757854,0.000000000000,,gps_back
11.664757490117,83.752979088679,0.000000000000,,gps_back
11.679399531997,83.705173490812,0.000000000000,,gps_back
11.694586656982,83.657548016235,0.000000000000,,gps_back
11.700613737070,83.607914947238,0.000000000000,,gps_back
11.706854176777,83.558308256484,0.000000000000,,gps_back
11.713426632173,83.508746937439,0.000000000000,,gps_back
11.724763978764,83.460051639557,0.000000000000,,gps_back
11.736237055952,83.411388217486,0.000000000000,,gps_back
11.746879720807,83.362536984679,0.000000000000,,gps_back
11.755242622861,83.313244077297,0.000000000000,,gps_back
11.761820389841,83.263680987772,0.000000000000,,gps_back
11.768656543851,83.214152903338,0.000000000000,,gps_back
11.774941974536,83.164551920262,0.000000000000,,gps_back
11.780740472302,83.114894440428,0.000000000000,,gps_back
11.791351208290,83.066035693300,0.000000000000,,gps_back
11.802346697666,83.017265097780,0.000000000000,,gps_back
11.808869514636,82.967694738138,0.000000000000,,gps_back
11.815409286752,82.918126693707,0.000000000000,,gps_back
11.821129983502,82.868460956627,0.000000000000,,gps_back
11.822058121039,82.818474838044,0.000000000000,,gps_back
11.827552567503,82.768789729958,0.000000000000,,gps_back
11.839674856532,82.720283884462,0.000000000000,,gps_back
11.851605307600,82.671730519500,0.000000000000,,gps_back
11.863165676159,82.623087842762,0.000000000000,,gps_back
11.873906791216,82.574257672857,0.000000000000,,gps_back
11.885353010955,82.525587956189,0.000000000000,,gps_back
11.897474796617,82.477081987069,0.000000000000,,gps_back
11.909341508074,82.428514091578,0.000000000000,,gps_back
11.918920350268,82.379445669241,0.000000000000,,gps_back
11.925021768996,82.329827217355,0.000000000000,,gps_back
11.936043164533,82.281063397735,0.000000000000,,gps_back
11.950850532528,82.233310356145,0.000000000000,,gps_back
11.967849587838,82.186296776995,0.000000000000,,gps_back
11.980547642519,82.137939742129,0.000000000000,,gps_back
11.991245876323,82.089100405766,0.000000000000,,gps_back
12.002983434888,82.040500547239,0.000000000000,,gps_back
12.013336345015,81.991588617012,0.000000000000,,gps_back
12.021195466026,81.942218135898,0.000000000000,,gps_back
12.033171825345,81.893684218508,0.000000000000,,gps_back
12.039827042549,81.844144766327,0.000000000000,,gps_back
12.040867383149,81.794198750479,0.000000000000,,gps_back
12.052321372055,81.745533227838,0.000000000000,,gps_back
12.061102173441,81.696323446714,0.000000000000,,gps_back
12.064874112319,81.646468254562,0.000000000000,,gps_back
12.068697574642,81.596617632683,0.000000000000,,gps_back
12.073866701209,81.546890634485,0.000000000000,,gps_back
12.081729617795,81.497522370637,0.000000000000,,gps_back
12.093527647722,81.448939234337,0.000000000000,,gps_back
12.102813816756,81.399814992644,0.000000000000,,gps_back
12.109348774895,81.350246268862,0.000000000000,,gps_back
12.116286088002,81.300735418113,0.000000000000,,gps_back
12.126045005408,81.251705858114,0.000000000000,,gps_back
12.139100774775,81.203464150467,0.000000000000,,gps_back
12.145661463620,81.153898792729,0.000000000000,,gps_back
12.152128753490,81.104321161144,0.000000000000,,gps_back
12.158514515557,81.054732959420,0.000000000000,,gps_back
12.164900277623,81.005144757697,0.000000000000,,gps_back
12.171286039689,80.955556555973,0.000000000000,,gps_back
12.177671801756,80.905968354249,0.000000000000,,gps_back
12.184014214648,80.856375002807,0.000000000000,,gps_back
12.189223854914,80.806658017579,0.000000000000,,gps_back
12.190536531228,80.756700234157,0.000000000000,,gps_back
12.198892794802,80.707410741193,0.000000000000,,gps_back
12.209971194742,80.658667479709,0.000000000000,,gps_back
12.216534828500,80.609102508308,0.000000000000,,gps_back
12.223086104539,80.559535923850,0.000000000000,,gps_back
12.230112712223,80.510049151123,0.000000000000,,gps_back
12.242105029084,80.461514598319,0.000000000000,,gps_back
12.251456456813,80.412403751100,0.000000000000,,gps_back
12.258073254408,80.362846348158,0.000000000000,,gps_back
12.265564068964,80.313413685693,0.000000000000,,gps_back
12.271928393960,80.263822972562,0.000000000000,,gps_back
12.277940621316,80.214205226165,0.000000000000,,gps_back
12.289339720871,80.165525001809,0.000000000000,,gps_back
12.299489929839,80.116576533264,0.000000000000,,gps_back
12.305989165888,80.067003171027,0.000000000000,,gps_back
12.312071714593,80.017376921156,0.000000000000,,gps_back
12.317563216972,79.967695510430,0.000000000000,,gps_back
12.318087017996,79.917703658922,0.000000000000,,gps_back
12.316186361452,79.867744778115,0.000000000000,,gps_back
12.312637258057,79.817909054607,0.000000000000,,gps_back
12.316982300957,79.768103699873,0.000000000000,,gps_back
12.323534575550,79.718537225849,0.000000000000,,gps_back
12.330034111664,79.668963892480,0.000000000000,,gps_back
12.336165427551,79.619343600305,0.000000000000,,gps_back
12.342189346583,79.569710319945,0.000000000000,,gps_back
12.348720810268,79.520141130568,0.000000000000,,gps_back
12.355012300484,79.470540938837,0.000000000000,,gps_back
12.360992767182,79.420902243811,0.000000000000,,gps_back
12.366807075317,79.371243798503,0.000000000000,,gps_back
12.372593100705,79.321582361031,0.000000000000,,gps_back
12.379064847050,79.272005326656,0.000000000000,,gps_back
12.385347787352,79.222404047706,0.000000000000,,gps_back
12.391141041241,79.172749384604,0.000000000000,,gps_back
12.393755328347,79.122820684400,0.000000000000,,gps_back
12.395671176133,79.072869326427,0.000000000000,,gps_back
12.401432171444,79.023204722096,0.000000000000,,gps_back
12.407515961079,78.973578695827,0.000000000000,,gps_back
12.414011997693,78.924004929154,0.000000000000,,gps_back
12.420096073656,78.874378816239,0.000000000000,,gps_back
12.426064517041,78.824738701765,0.000000000000,,gps_back
12.431792341449,78.775070257464,0.000000000000,,gps_back
12.437836912817,78.725439462596,0.000000000000,,gps_back
12.444333841626,78.675865805819,0.000000000000,,gps_back
12.450469848287,78.626246241471,0.000000000000,,gps_back
12.457436356997,78.576754571996,0.000000000000,,gps_back
12.469355024570,78.528205360741,0.000000000000,,gps_back
12.477915992245,78.478951667075,0.000000000000,,gps_back
12.483983009477,78.429339608826,0.000000000000,,gps_back
12.494832550449,78.380533321308,0.000000000000,,gps_back
12.505208007978,78.331640330646,0.000000000000,,gps_back
12.510943280679,78.281972788780,0.000000000000,,gps_back
12.517072067865,78.232352284215,0.000000000000,,gps_back
12.523563177675,78.182777903850,0.000000000000,,gps_back
12.529618937356,78.133148324818,0.000000000000,,gps_back
12.535772257530,78.083530842770,0.000000000000,,gps_back
12.542272514925,78.033957590648,0.000000000000,,gps_back
12.548449694716,77.984342991123,0.000000000000,,gps_back
12.554743958394,77.934753687735,0.000000000000,,gps_back
12.564822995744,77.885782496445,0.000000000000,,gps_back
12.574497051273,77.836735488487,0.000000000000,,gps_back
12.581334942502,77.787207955115,0.000000000000,,gps_back
12.587455579840,77.737586455368,0.000000000000,,gps_back
12.593212273629,77.687921616405,0.000000000000,,gps_back
12.599769756638,77.638358538744,0.000000000000,,gps_back
12.608498374635,77.589138037618,0.000000000000,,gps_back
12.620354119085,77.540583877367,0.000000000000,,gps_back
12.627378218322,77.491083311222,0.000000000000,,gps_back
12.633205483250,77.441427239523,0.000000000000,,gps_back
12.640267708953,77.391935116578,0.000000000000,,gps_back
12.649847930283,77.342867962086,0.000000000000,,gps_back
12.661322475589,77.294222033953,0.000000000000,,gps_back
12.668377219184,77.244729655440,0.000000000000,,gps_back
12.678230652084,77.195722219023,0.000000000000,,gps_back
12.690979892138,77.147407447409,0.000000000000,,gps_back
12.697809803822,77.097878486498,0.000000000000,,gps_back
12.704470842685,77.048326524936,0.000000000000,,gps_back
12.711398830549,76.998831799658,0.000000000000,,gps_back
12.722940598894,76.950201605836,0.000000000000,,gps_back
12.729519744694,76.900666269151,0.000000000000,,gps_back
12.731448181412,76.850810225338,0.000000000000,,gps_back
12.743969465059,76.802414171091,0.000000000000,,gps_back
12.753300489403,76.753302667035,0.000000000000,,gps_back
12.759761774437,76.703724429668,0.000000000000,,gps_back
12.765982231451,76.654119483472,0.000000000000,,gps_back
12.774786072104,76.604927314212,0.000000000000,,gps_back
12.787841054563,76.556709327974,0.000000000000,,gps_back
12.794341358022,76.507136523268,0.000000000000,,gps_back
12.801970610350,76.457742357499,0.000000000000,,gps_back
12.813467571932,76.409096345514,0.000000000000,,gps_back
12.821401988368,76.359736000574,0.000000000000,,gps_back
12.827897158187,76.310185210743,0.000000000000,,gps_back
12.839031137076,76.261444190190,0.000000000000,,gps_back
12.848792126566,76.212419444453,0.000000000000,,gps_back
12.855663258486,76.162905771639,0.000000000000,,gps_back
12.865632592724,76.113912697398,0.000000000000,,gps_back
12.876482624801,76.065108517233,0.000000000000,,gps_back
12.888667960802,76.016618492672,0.000000000000,,gps_back
12.900673705087,75.968083698021,0.000000000000,,gps_back
12.912085207038,75.919423657946,0.000000000000,,gps_back
12.919516602071,75.869982073779,0.000000000000,,gps_back
12.927981013037,75.820710398500,0.000000000000,,gps_back
12.938231172065,75.771779094467,0.000000000000,,gps_back
12.946340656976,75.722445263696,0.000000000000,,gps_back
12.953130157596,75.672910802305,0.000000000000,,gps_back
12.959868823710,75.623373991771,0.000000000000,,gps_back
12.968875683006,75.574197548422,0.000000000000,,gps_back
12.979682776324,75.525382499902,0.000000000000,,gps_back
12.991292151353,75.476751434980,0.000000000000,,gps_back
13.003224837224,75.428198673157,0.000000000000,,gps_back
13.015407885417,75.379708081430,0.000000000000,,gps_back
13.027404085210,75.331170896918,0.000000000000,,gps_back
13.039344972983,75.282620108040,0.000000000000,,gps_back
13.051400928308,75.234098241104,0.000000000000,,gps_back
13.062721510589,75.185399438615,0.000000000000,,gps_back
13.073087778114,75.136501325026,0.000000000000,,gps_back
13.079894369475,75.086970295622,0.000000000000,,gps_back
13.086278627679,75.037419137414,0.000000000000,,gps_back
13.098416839971,74.988917684343,0.000000000000,,gps_back
13.109875419287,74.940251380647,0.000000000000,,gps_back
13.120276468751,74.891358140503,0.000000000000,,gps_back
13.127439250264,74.841878522743,0.000000000000,,gps_back
13.133598965905,74.792281388537,0.000000000000,,gps_back
13.144031774387,74.743384630638,0.000000000000,,gps_back
13.155112536292,74.694631763682,0.000000000000,,gps_back
13.167228557172,74.646125092490,0.000000000000,,gps_back
13.178487549825,74.597411944225,0.000000000000,,gps_back
13.188876480164,74.548516750120,0.000000000000,,gps_back
13.196169819521,74.499054145897,0.000000000000,,gps_back
13.204235057067,74.449719345457,0.000000000000,,gps_back
13.214745734290,74.400843498361,0.000000000000,,gps_back
13.223072656075,74.351547813846,0.000000000000,,gps_back
13.230007465807,74.302049550217,0.000000000000,,gps_back
13.240614095203,74.253190639329,0.000000000000,,gps_back
13.250090869042,74.204109395328,0.000000000000,,gps_back
13.256579276432,74.154534627355,0.000000000000,,gps_back
13.262743999092,74.104918483700,0.000000000000,,gps_back
13.269204977811,74.055357909320,0.000000000000,,gps_back
13.279647046837,74.006462873743,0.000000000000,,gps_back
13.290329206331,73.957619665935,0.000000000000,,gps_back
13.300673364941,73.908717721895,0.000000000000,,gps_back
13.306928497184,73.859147163655,0.000000000000,,gps_back
13.308178546142,73.809178130261,0.000000000000,,gps_back
13.312966447626,73.759413563279,0.000000000000,,gps_back
13.319342001842,73.709824583973,0.000000000000,,gps_back
13.325063856888,73.660155411236,0.000000000000,,gps_back
13.330913160106,73.610501109558,0.000000000000,,gps_back
13.336935731610,73.560867488948,0.000000000000,,gps_back
13.342937594529,73.511231359626,0.000000000000,,gps_back
13.348977758738,73.461600088866,0.000000000000,,gps_back
13.355236948828,73.411999252057,0.000000000000,,gps_back
13.359395586306,73.362187856176,0.000000000000,,gps_back
13.360582855240,73.312212896618,0.000000000000,,gps_back
13.364651228538,73.262384311719,0.000000000000,,gps_back
13.370389999604,73.212717150499,0.000000000000,,gps_back
13.376441365605,73.163087426415,0.000000000000,,gps_back
13.383502327151,73.113607826363,0.000000000000,,gps_back
13.394270865041,73.064783744797,0.000000000000,,gps_back
13.405463464737,73.016055496192,0.000000000000,,gps_back
13.416794606383,72.967380219813,0.000000000000,,gps_back
13.423938494163,72.917896573159,0.000000000000,,gps_back
13.430665593073,72.868373336987,0.000000000000,,gps_back
13.441369048392,72.819534901675,0.000000000000,,gps_back
13.452463394673,72.770784524445,0.000000000000,,gps_back
13.464271394885,72.722201940226,0.000000000000,,gps_back
13.475300195241,72.673435953234,0.000000000000,,gps_back
13.485540364950,72.624518449176,0.000000000000,,gps_back
13.491798193374,72.574913972463,0.000000000000,,gps_back
13.497947534378,72.525296115440,0.000000000000,,gps_back
13.504470693752,72.475725945913,0.000000000000,,gps_back
13.510633329198,72.426109558039,0.000000000000,,gps_back
13.516599246033,72.376469146465,0.000000000000,,gps_back
13.522365368703,72.326805080014,0.000000000000,,gps_back
13.528172060726,72.277145782603,0.000000000000,,gps_back
13.534187038417,72.227511289695,0.000000000000,,gps_back
13.540433494307,72.177905443264,0.000000000000,,gps_back
13.546880553018,72.128325647949,0.000000000000,,gps_back
13.552781097859,72.078677759125,0.000000000000,,gps_back
13.559706012862,72.029180520386,0.000000000000,,gps_back
13.570432447694,71.980347014438,0.000000000000,,gps_back
13.581158882528,71.931513508490,0.000000000000,,gps_back
13.591977551269,71.882701097745,0.000000000000,,gps_back
13.603601199872,71.834073622840,0.000000000000,,gps_back
13.615532648065,71.785522418036,0.000000000000,,gps_back
13.626292835337,71.736696437559,0.000000000000,,gps_back
13.637421891403,71.687953902670,0.000000000000,,gps_back
13.648864028036,71.639301237127,0.000000000000,,gps_back
13.656402625433,71.589878246429,0.000000000000,,gps_back
13.662895726517,71.540324932266,0.000000000000,,gps_back
13.673331415794,71.491428984803,0.000000000000,,gps_back
13.682686010107,71.442331712054,0.000000000000,,gps_back
13.688436664737,71.392665990488,0.000000000000,,gps_back
13.694570042312,71.343046180567,0.000000000000,,gps_back
13.701076542501,71.293473953654,0.000000000000,,gps_back
13.707196990445,71.243852792084,0.000000000000,,gps_back
13.714379584647,71.194390312019,0.000000000000,,gps_back
13.724925092759,71.145520169046,0.000000000000,,gps_back
13.733748133583,71.096314184811,0.000000000000,,gps_back
13.740676336462,71.046812256332,0.000000000000,,gps_back
13.750815969415,70.997853630172,0.000000000000,,gps_back
13.760766833119,70.948872068303,0.000000000000,,gps_back
13.767552000664,70.899342494686,0.000000000000,,gps_back
13.776600448833,70.850174272403,0.000000000000,,gps_back
13.787458233804,70.801371241852,0.000000000000,,gps_back
13.799331333075,70.752803791692,0.000000000000,,gps_back
13.811078753427,70.704207254110,0.000000000000,,gps_back
13.821590279681,70.655330830758,0.000000000000,,gps_back
13.830173527859,70.606081188257,0.000000000000,,gps_back
13.836695950449,70.556510776609,0.000000000000,,gps_back
13.843184014606,70.506935948939,0.000000000000,,gps_back
13.849353113207,70.457320570736,0.000000000000,,gps_back
13.854942092927,70.407638078010,0.000000000000,,gps_back
13.859273329934,70.357828935015,0.000000000000,,gps_back
13.862944206155,70.307966199679,0.000000000000,,gps_back
13.866703944466,70.258110696369,0.000000000000,,gps_back
13.871294684039,70.208325983068,0.000000000000,,gps_back
13.877054639910,70.158661226245,0.000000000000,,gps_back
13.882963829090,70.109013987560,0.000000000000,,gps_back
13.888447567097,70.059337858953,0.000000000000,,gps_back
13.890176776848,70.009371296163,0.000000000000,,gps_back
13.893219532739,69.959476041781,0.000000000000,,gps_back
13.899423184076,69.909881342782,0.000000000000,,gps_back
13.909364897794,69.860887171933,0.000000000000,,gps_back
13.920462110705,69.812177742426,0.000000000000,,gps_back
13.926232526686,69.762514235769,0.000000000000,,gps_back
13.932278451476,69.712883768756,0.000000000000,,gps_back
13.938751829285,69.663307110585,0.000000000000,,gps_back
13.944863497533,69.613684381752,0.000000000000,,gps_back
13.951668984609,69.564188738472,0.000000000000,,gps_back
13.963241372214,69.515557234837,0.000000000000,,gps_back
13.972018451794,69.466347113732,0.000000000000,,gps_back
13.978521284440,69.416793861645,0.000000000000,,gps_back
13.988835587405,69.367872303398,0.000000000000,,gps_back
13.999200784996,69.318988771222,0.000000000000,,gps_back
14.005251193994,69.269358583361,0.000000000000,,gps_back
14.011519022295,69.219755430568,0.000000000000,,gps_back
14.018041444877,69.170185018919,0.000000000000,,gps_back
14.024746009352,69.120641346972,0.000000000000,,gps_back
14.033084446210,69.071352389654,0.000000000000,,gps_back
14.043911472744,69.022541858088,0.000000000000,,gps_back
14.055512863443,68.973909100924,0.000000000000,,gps_back
14.066781079320,68.925243663935,0.000000000000,,gps_back
14.072549121606,68.875579869471,0.000000000000,,gps_back
14.078572796981,68.825946742934,0.000000000000,,gps_back
14.085124500268,68.776380254981,0.000000000000,,gps_back
14.091991562951,68.726857269250,0.000000000000,,gps_back
14.100010545252,68.677517780819,0.000000000000,,gps_back
14.110200346851,68.628590816294,0.000000000000,,gps_back
14.115869035290,68.578953318071,0.000000000000,,gps_back
14.117716501936,68.529086232691,0.000000000000,,gps_back
14.127681950540,68.480092698876,0.000000000000,,gps_back
14.138408385375,68.431259192928,0.000000000000,,gps_back
14.148932751885,68.382384626220,0.000000000000,,gps_back
14.157765553426,68.333181793989,0.000000000000,,gps_back
14.163664974563,68.283559334760,0.000000000000,,gps_back
14.165478797666,68.233594597708,0.000000000000,,gps_back
14.168810087586,68.183833599326,0.000000000000,,gps_back
14.180601809569,68.135257968272,0.000000000000,,gps_back
14.189404456830,68.086049680701,0.000000000000,,gps_back
14.196519493155,68.036582307510,0.000000000000,,gps_back
14.207096988725,67.987717824556,0.000000000000,,gps_back
14.216236124371,67.938578594501,0.000000000000,,gps_back
14.222574926559,67.888990755184,0.000000000000,,gps_back
14.231215031011,67.839752226396,0.000000000000,,gps_back
14.241480923514,67.790830485792,0.000000000000,,gps_back
14.249052036819,67.741411640202,0.000000000000,,gps_back
14.255360444803,67.691814130272,0.000000000000,,gps_back
14.261088789941,67.642145714960,0.000000000000,,gps_back
14.266960262087,67.592494031412,0.000000000000,,gps_back
14.273544491981,67.542951924495,0.000000000000,,gps_back
14.283747533352,67.494007753033,0.000000000000,,gps_back
14.294122811217,67.445131126617,0.000000000000,,gps_back
14.300174707974,67.395501118316,0.000000000000,,gps_back
14.306434607036,67.345896986514,0.000000000000,,gps_back
14.313462221588,67.296411858450,0.000000000000,,gps_back
14.323660679271,67.247465854873,0.000000000000,,gps_back
14.334387114103,67.198632348925,0.000000000000,,gps_back
14.344907601092,67.149756811938,0.000000000000,,gps_back
14.353709056627,67.100553530768,0.000000000000,,gps_back
14.359741893853,67.050921265999,0.000000000000,,gps_back
14.366077168926,67.001326731844,0.000000000000,,gps_back
14.373285182509,66.951872721701,0.000000000000,,gps_back
14.383861452420,66.903007928082,0.000000000000,,gps_back
14.393081526911,66.853880395437,0.000000000000,,gps_back
14.399608308747,66.804310558742,0.000000000000,,gps_back
14.406280366044,66.754760943107,0.000000000000,,gps_back
14.414146199766,66.705400195801,0.000000000000,,gps_back
14.424617824704,66.656515553975,0.000000000000,,gps_back
14.433214473309,66.607270002830,0.000000000000,,gps_back
14.440277231434,66.557791751216,0.000000000000,,gps_back
14.450546884667,66.508860150870,0.000000000000,,gps_back
14.460233225522,66.459827485991,0.000000000000,,gps_back
14.467114053017,66.410313420699,0.000000000000,,gps_back
14.476367237349,66.361183366814,0.000000000000,,gps_back
14.486595257455,66.312258474447,0.000000000000,,gps_back
14.493756919137,66.262777470665,0.000000000000,,gps_back
14.500073038828,66.213180535403,0.000000000000,,gps_back
14.506108226041,66.163548565245,0.000000000000,,gps_back
14.512447976227,66.113954576415,0.000000000000,,gps_back
14.519647383786,66.064500068523,0.000000000000,,gps_back
14.530229841658,66.015636458088,0.000000000000,,gps_back
14.539497534947,65.966518734406,0.000000000000,,gps_back
14.546453609625,65.917018691381,0.000000000000,,gps_back
14.556122864421,65.867966959381,0.000000000000,,gps_back
14.566999854614,65.819168186681,0.000000000000,,gps_back
14.578702386377,65.770559503262,0.000000000000,,gps_back
14.590021924023,65.721860714305,0.000000000000,,gps_back
14.600408871085,65.672960976279,0.000000000000,,gps_back
14.608625692664,65.623645487783,0.000000000000,,gps_back
14.616194522674,65.574239123719,0.000000000000,,gps_back
14.626726926610,65.525363756856,0.000000000000,,gps_back
14.637878473326,65.476627645486,0.000000000000,,gps_back
14.650072015255,65.428139659046,0.000000000000,,gps_back
14.662057692745,65.379601486561,0.000000000000,,gps_back
14.672325751658,65.330707248123,0.000000000000,,gps_back
14.678386268374,65.281084207966,0.000000000000,,gps_back
14.686695818633,65.231792720453,0.000000000000,,gps_back
14.697009319054,65.182880571691,0.000000000000,,gps_back
14.704964103943,65.133519787837,0.000000000000,,gps_back
14.714231574451,65.084509677410,0.000000000000,,gps_back
14.730842422505,65.037368218744,0.000000000000,,gps_back
14.744203939543,64.989203117310,0.000000000000,,gps_back
14.755092583628,64.940407066730,0.000000000000,,gps_back
14.766911675503,64.891826588253,0.000000000000,,gps_back
14.778968444200,64.843304457429,0.000000000000,,gps_back
14.790297308786,64.794626097293,0.000000000000,,gps_back
14.798175532163,64.745259876374,0.000000000000,,gps_back
14.804975520817,64.695763356516,0.000000000000,,gps_back
14.815946788298,64.646985989165,0.000000000000,,gps_back
14.825347894771,64.597903157589,0.000000000000,,gps_back
14.831386354456,64.548271589975,0.000000000000,,gps_back
14.837734081312,64.498678683094,0.000000000000,,gps_back
14.845033990468,64.449239990742,0.000000000000,,gps_back
14.855821457007,64.400420142011,0.000000000000,,gps_back
14.867105062106,64.351714095291,0.000000000000,,gps_back
14.878583021304,64.303081330601,0.000000000000,,gps_back
14.885927435591,64.253631310342,0.000000000000,,gps_back
14.891767688129,64.203976819795,0.000000000000,,gps_back
14.898257557914,64.154402192775,0.000000000000,,gps_back
14.904524264125,64.104798954377,0.000000000000,,gps_back
14.911159150918,64.055265870689,0.000000000000,,gps_back
14.921357823848,64.006321767150,0.000000000000,,gps_back
14.931846188419,63.957468967993,0.000000000000,,gps_back
14.938772212328,63.907961986161,0.000000000000,,gps_back
14.948053018759,63.858837572513,0.000000000000,,gps_back
14.957478983700,63.809826055945,0.000000000000,,gps_back
14.960451281048,63.759918458167,0.000000000000,,gps_back
14.965498333870,63.710244427393,0.000000000000,,gps_back
14.975850102815,63.661337370253,0.000000000000,,gps_back
14.984036783538,63.612020445102,0.000000000000,,gps_back
14.990468844917,63.562438631652,0.000000000000,,gps_back
14.996706629961,63.512834507600,0.000000000000,,gps_back
15.004890486783,63.463541526919,0.000000000000,,gps_back
15.016156644010,63.414850239860,0.000000000000,,gps_back
15.024080290342,63.365489176600,0.000000000000,,gps_back
15.030454367482,63.315899734553,0.000000000000,,gps_back
15.036914597628,63.266330457669,0.000000000000,,gps_back
15.046075229095,63.217199083628,0.000000000000,,gps_back
15.057374664299,63.168529220917,0.000000000000,,gps_back
15.064330315970,63.119028066754,0.000000000000,,gps_back
15.068421029087,63.069220655918,0.000000000000,,gps_back
15.070420993862,63.019322838493,0.000000000000,,gps_back
15.078488911273,62.970012497576,0.000000000000,,gps_back
15.089186596611,62.921224704138,0.000000000000,,gps_back
15.095501628475,62.871631287052,0.000000000000,,gps_back
15.103886876465,62.822370129101,0.000000000000,,gps_back
15.114956233264,62.773640044053,0.000000000000,,gps_back
15.122377359805,62.724200797804,0.000000000000,,gps_back
15.129498619724,62.674767662342,0.000000000000,,gps_back
15.141428601280,62.626214181507,0.000000000000,,gps_back
15.153439195219,62.577680581667,0.000000000000,,gps_back
15.164411387280,62.528941523709,0.000000000000,,gps_back
15.171176402552,62.479404875206,0.000000000000,,gps_back
15.177316414309,62.429786071954,0.000000000000,,gps_back
15.184117084798,62.380255551144,0.000000000000,,gps_back
15.192120204462,62.330904026746,0.000000000000,,gps_back
15.200904086328,62.281683999046,0.000000000000,,gps_back
15.209576025344,62.232444692573,0.000000000000,,gps_back
15.217450604826,62.183075403335,0.000000000000,,gps_back
15.223904714884,62.133496258043,0.000000000000,,gps_back
15.230038144031,62.083876242026,0.000000000000,,gps_back
15.236155324608,62.034254570139,0.000000000000,,gps_back
15.242673215462,61.984683562470,0.000000000000,,gps_back
15.249195638050,61.935113150822,0.000000000000,,gps_back
15.256445938014,61.885667849003,0.000000000000,,gps_back
15.266941392475,61.836784571009,0.000000000000,,gps_back
15.278009439600,61.788028788682,0.000000000000,,gps_back
15.289292627959,61.739334549329,0.000000000000,,gps_back
15.297829306079,61.690078242012,0.000000000000,,gps_back
15.304434402953,61.640520694294,0.000000000000,,gps_back
15.310191443970,61.590855673924,0.000000000000,,gps_back
15.316259463075,61.541228080601,0.000000000000,,gps_back
15.322788119774,61.491658491344,0.000000000000,,gps_back
15.329317767491,61.442089060239,0.000000000000,,gps_back
15.335655773525,61.392495019376,0.000000000000,,gps_back
15.341696879781,61.342863762431,0.000000000000,,gps_back
15.348004516767,61.293265672590,0.000000000000,,gps_back
15.354436005088,61.243683745130,0.000000000000,,gps_back
15.360494692400,61.194054534443,0.000000000000,,gps_back
15.366704704064,61.144444249124,0.000000000000,,gps_back
15.373777788510,61.094962939629,0.000000000000,,gps_back
15.383463726844,61.045915138302,0.000000000000,,gps_back
15.393457195896,60.996950629162,0.000000000000,,gps_back
15.400558712330,60.947462583944,0.000000000000,,gps_back
15.409209665656,60.898229680067,0.000000000000,,gps_back
15.419443645549,60.849301537454,0.000000000000,,gps_back
15.427341073443,60.799934064387,0.000000000000,,gps_back
15.434955745736,60.750543578623,0.000000000000,,gps_back
15.445431907164,60.701658593793,0.000000000000,,gps_back
15.454293928691,60.652466141933,0.000000000000,,gps_back
15.461447004773,60.603000178340,0.000000000000,,gps_back
15.471424304112,60.554009420266,0.000000000000,,gps_back
15.481320688003,60.505028805569,0.000000000000,,gps_back
15.487831924070,60.455457047037,0.000000000000,,gps_back
15.494061315749,60.405849098096,0.000000000000,,gps_back
15.500721636971,60.356316474613,0.000000000000,,gps_back
15.510434068542,60.307273845830,0.000000000000,,gps_back
15.520228176070,60.258282902647,0.000000000000,,gps_back
15.525902971594,60.208610539547,0.000000000000,,gps_back
15.529898787655,60.158794759022,0.000000000000,,gps_back
15.530885391767,60.108806817280,0.000000000000,,gps_back
15.531866590950,60.058818770366,0.000000000000,,gps_back
15.532798851732,60.008829814782,0.000000000000,,gps_back
15.533621070743,59.958838898974,0.000000000000,,gps_back
15.534613255113,59.908852269034,0.000000000000,,gps_back
15.537462894383,59.858991186523,0.000000000000,,gps_back
15.545065400366,59.809574897608,0.000000000000,,gps_back
15.553473390428,59.760317519448,0.000000000000,,gps_back
15.565761271708,59.711867036959,0.000000000000,,gps_back
15.579820754786,59.663896474420,0.000000000000,,gps_back
15.592809675500,59.615643562439,0.000000000000,,gps_back
15.608754289505,59.568258573005,0.000000000000,,gps_back
15.622104458088,59.520206118533,0.000000000000,,gps_back
15.628626880671,59.470635706885,0.000000000000,,gps_back
15.635177805270,59.421069086487,0.000000000000,,gps_back
15.642031557834,59.371544874107,0.000000000000,,gps_back
15.651610441887,59.322639941734,0.000000000000,,gps_back
15.669369610025,59.275911746107,0.000000000000,,gps_back
15.685152046543,59.229036545748,0.000000000000,,gps_back
15.687783708672,59.179130513910,0.000000000000,,gps_back
15.694750802286,59.129700759353,0.000000000000,,gps_back
15.706675302980,59.081148889838,0.000000000000,,gps_back
15.717589258989,59.032356967745,0.000000000000,,gps_back
15.728685938854,58.983608807037,0.000000000000,,gps_back
15.740699059094,58.935075801263,0.000000000000,,gps_back
15.752712179334,58.886542795489,0.000000000000,,gps_back
15.764453332332,58.837946146016,0.000000000000,,gps_back
15.775000999631,58.789075595902,0.000000000000,,gps_back
15.783867857195,58.739899642402,0.000000000000,,gps_back
15.789687575082,58.690242270659,0.000000000000,,gps_back
15.796038447377,58.640650285674,0.000000000000,,gps_back
15.804268520000,58.591407034185,0.000000000000,,gps_back
15.816949317044,58.543053347501,0.000000000000,,gps_back
15.827428777864,58.494174951620,0.000000000000,,gps_back
15.836212659729,58.444954923920,0.000000000000,,gps_back
15.844533790923,58.395662380086,0.000000000000,,gps_back
15.849922142761,58.346015719632,0.000000000000,,gps_back
15.851064528060,58.296033827393,0.000000000000,,gps_back
15.853432877827,58.246094503330,0.000000000000,,gps_back
15.856677902811,58.196202244209,0.000000000000,,gps_back
15.859922927795,58.146309985088,0.000000000000,,gps_back
15.864341382658,58.096556532875,0.000000000000,,gps_back
15.873069283830,58.047328675071,0.000000000000,,gps_back
15.877421798184,57.998470271174,0.000000000000,,gps_back
15.862834728410,57.950682991996,0.000000000000,,gps_back
15.847660208465,57.903254758896,0.000000000000,,gps_back
15.850169925233,57.856847198995,0.000000000000,,gps_back
15.884846994353,57.820927832028,0.000000000000,,gps_back
15.922386524998,57.787904335146,0.000000000000,,gps_back
15.959853586452,57.754799063716,0.000000000000,,gps_back
15.996999074154,57.721334739063,0.000000000000,,gps_back
16.033789042722,57.687478189916,0.000000000000,,gps_back
16.070579011290,57.653621640769,0.000000000000,,gps_back
16.104651377025,57.617443611579,0.000000000000,,gps_back
16.115242101647,57.573280609998,0.000000000000,,gps_back
16.100815224079,57.525409607177,0.000000000000,,gps_back
16.098592419395,57.477693358926,0.000000000000,,gps_back
16.113948255370,57.430113487161,0.000000000000,,gps_back
16.127141162754,57.381936285376,0.000000000000,,gps_back
16.138219365894,57.333183238909,0.000000000000,,gps_back
16.150044249440,57.284605024613,0.000000000000,,gps_back
16.161593709533,57.235965645865,0.000000000000,,gps_back
16.171787744315,57.187021562204,0.000000000000,,gps_back
16.179734591733,57.137695781560,0.000000000000,,gps_back
16.185527508528,57.088034869904,0.000000000000,,gps_back
16.191444480608,57.038388589287,0.000000000000,,gps_back
16.195790136925,56.988618154865,0.000000000000,,gps_back
16.198321028377,56.938687675218,0.000000000000,,gps_back
16.205329132243,56.889389500807,0.000000000000,,gps_back
16.215797649544,56.840543613880,0.000000000000,,gps_back
16.223007599339,56.791079891172,0.000000000000,,gps_back
16.229220244336,56.741470383410,0.000000000000,,gps_back
16.236247156063,56.691972654972,0.000000000000,,gps_back
16.244753447522,56.642712571891,0.000000000000,,gps_back
16.251884675699,56.593308134482,0.000000000000,,gps_back
16.251931217154,56.543498414988,0.000000000000,,gps_back
16.254229412902,56.494228104953,0.000000000000,,gps_back
16.265211764252,56.445456319998,0.000000000000,,gps_back
16.273784898067,56.396234774664,0.000000000000,,gps_back
16.291504942712,56.351486324058,0.000000000000,,gps_back
16.317986755524,56.309586238339,0.000000000000,,gps_back
16.322448603128,56.262081616305,0.000000000000,,gps_back
16.313017776761,56.212981440934,0.000000000000,,gps_back
16.303586950394,56.163881265564,0.000000000000,,gps_back
16.299568739979,56.114305655809,0.000000000000,,gps_back
16.307258747532,56.065343845252,0.000000000000,,gps_back
16.321576019947,56.017442722005,0.000000000000,,gps_back
16.334176578335,55.969103998636,0.000000000000,,gps_back
16.347892828240,55.921111063253,0.000000000000,,gps_back
16.370474738360,55.876954064701,0.000000000000,,gps_back
16.398163759879,55.835323717661,0.000000000000,,gps_back
16.405069046317,55.789630950183,0.000000000000,,gps_back
16.386970657064,55.743441314113,0.000000000000,,gps_back
16.364611016155,55.698722032300,0.000000000000,,gps_back
16.342251375247,55.654002750488,0.000000000000,,gps_back
16.319891734338,55.609283468676,0.000000000000,,gps_back
16.298100726857,55.564286696197,0.000000000000,,gps_back
16.282178848994,55.517086193961,0.000000000000,,gps_back
16.269159230818,55.468813455796,0.000000000000,,gps_back
16.272675704028,55.420389485660,0.000000000000,,gps_back
16.295946756938,55.376726207287,0.000000000000,,gps_back
16.325009962379,55.336065973650,0.000000000000,,gps_back
16.358802121247,55.299350688928,0.000000000000,,gps_back
16.388981446733,55.259671529166,0.000000000000,,gps_back
16.416040021052,55.217639966465,0.000000000000,,gps_back
16.435422939741,55.171787127958,0.000000000000,,gps_back
16.450021165402,55.123988988026,0.000000000000,,gps_back
16.463854432044,55.075943088707,0.000000000000,,gps_back
16.477687698686,55.027897189388,0.000000000000,,gps_back
16.491414906107,54.979820921421,0.000000000000,,gps_back
16.505065683574,54.931722861564,0.000000000000,,gps_back
16.512028373422,54.882363553094,0.000000000000,,gps_back
16.513899850717,54.832427792462,0.000000000000,,gps_back
16.515078845782,54.782444171379,0.000000000000,,gps_back
16.518588885031,54.732585904154,0.000000000000,,gps_back
16.522804393596,54.682766257479,0.000000000000,,gps_back
16.528115114922,54.633055232475,0.000000000000,,gps_back
16.534951701060,54.583531652703,0.000000000000,,gps_back
16.542156911509,54.534055874289,0.000000000000,,gps_back
16.549362121958,54.484580095874,0.000000000000,,gps_back
16.555992387325,54.435025052100,0.000000000000,,gps_back
16.561196399540,54.385303871421,0.000000000000,,gps_back
16.567576874637,54.335722776064,0.000000000000,,gps_back
16.584231360654,54.288911899559,0.000000000000,,gps_back
16.589604849950,54.239852092721,0.000000000000,,gps_back
16.596457981045,54.190414670380,0.000000000000,,gps_back
16.620662507013,54.147252293546,0.000000000000,,gps_back
16.647661003523,54.105170838087,0.000000000000,,gps_back
16.674698070497,54.063114157926,0.000000000000,,gps_back
16.702086696257,54.021285925096,0.000000000000,,gps_back
16.729536139157,53.979497220978,0.000000000000,,gps_back
16.756985582056,53.937708516860,0.000000000000,,gps_back
16.784435024956,53.895919812741,0.000000000000,,gps_back
16.806447121992,53.851104680224,0.000000000000,,gps_back
16.803691488620,53.801905667239,0.000000000000,,gps_back
16.814405545516,53.753411748587,0.000000000000,,gps_back
16.828878108566,53.705558420493,0.000000000000,,gps_back
16.843548459792,53.657761469730,0.000000000000,,gps_back
16.838882781127,53.608414390834,0.000000000000,,gps_back
16.830158271875,53.559186432900,0.000000000000,,gps_back
16.825679871608,53.509403071825,0.000000000000,,gps_back
16.831537238272,53.459816989164,0.000000000000,,gps_back
16.844608278768,53.411588854195,0.000000000000,,gps_back
16.863730014757,53.365413800646,0.000000000000,,gps_back
16.882603707916,53.319115523826,0.000000000000,,gps_back
16.901145510880,53.272683171345,0.000000000000,,gps_back
16.919670420977,53.226244013156,0.000000000000,,gps_back
16.938195331073,53.179804854967,0.000000000000,,gps_back
16.944807175359,53.130332370298,0.000000000000,,gps_back
16.925272889952,53.085342559479,0.000000000000,,gps_back
16.883361955798,53.058080107174,0.000000000000,,gps_back
16.843820612341,53.029126751530,0.000000000000,,gps_back
16.831779424583,52.980601954350,0.000000000000,,gps_back
16.820788575027,52.931827280091,0.000000000000,,gps_back
16.814458241833,52.884168815699,0.000000000000,,gps_back
16.846532111926,52.845814747275,0.000000000000,,gps_back
16.875932515466,52.806264532107,0.000000000000,,gps_back
16.885285224914,52.757452748279,0.000000000000,,gps_back
16.910906900551,52.715260996070,0.000000000000,,gps_back
16.944029189126,52.678735757827,0.000000000000,,gps_back
16.965669589044,52.633664028343,0.000000000000,,gps_back
16.987309988963,52.588592298858,0.000000000000,,gps_back
17.007025526582,52.542784316040,0.000000000000,,gps_back
17.021975965900,52.495107644546,0.000000000000,,gps_back
17.044603137689,52.451462387011,0.000000000000,,gps_back
17.073906109561,52.412340200386,0.000000000000,,gps_back
17.081181801618,52.363694999454,0.000000000000,,gps_back
17.090563608976,52.316478436170,0.000000000000,,gps_back
17.110996006447,52.270954663215,0.000000000000,,gps_back
17.123057831732,52.222760478840,0.000000000000,,gps_back
17.131293738763,52.173477367589,0.000000000000,,gps_back
17.141693484621,52.124574980985,0.000000000000,,gps_back
17.153188521033,52.075921929596,0.000000000000,,gps_back
17.167132387974,52.027943315389,0.000000000000,,gps_back
17.184590642305,51.981129428903,0.000000000000,,gps_back
17.199922338800,51.933718604010,0.000000000000,,gps_back
17.209096744925,51.884620444377,0.000000000000,,gps_back
17.218467839206,51.835567316688,0.000000000000,,gps_back
17.230174058376,51.786959373509,0.000000000000,,gps_back
17.241880277546,51.738351430329,0.000000000000,,gps_back
17.253586496716,51.689743487150,0.000000000000,,gps_back
17.265292715886,51.641135543971,0.000000000000,,gps_back
17.276998935055,51.592527600792,0.000000000000,,gps_back
17.285251948773,51.543338432103,0.000000000000,,gps_back
17.286145012586,51.493500107710,0.000000000000,,gps_back
17.268479576432,51.449109390521,0.000000000000,,gps_back
17.237895190678,51.409557360796,0.000000000000,,gps_back
17.207310804924,51.370005331070,0.000000000000,,gps_back
17.176726419170,51.330453301345,0.000000000000,,gps_back
17.146142033416,51.290901271619,0.000000000000,,gps_back
17.134515052365,51.245917670829,0.000000000000,,gps_back
17.144624111690,51.197145461059,0.000000000000,,gps_back
17.160619492513,51.149819430853,0.000000000000,,gps_back
17.177242131069,51.102673942190,0.000000000000,,gps_back
17.188972340984,51.054205179639,0.000000000000,,gps_back
17.197816399820,51.004995929181,0.000000000000,,gps_back
17.204819045389,50.955515079257,0.000000000000,,gps_back
17.211467358330,50.905967206874,0.000000000000,,gps_back
17.221670906248,50.857084030443,0.000000000000,,gps_back
17.233749980813,50.808567509874,0.000000000000,,gps_back
17.245595322952,50.759993449941,0.000000000000,,gps_back
17.256698862107,50.711247315607,0.000000000000,,gps_back
17.266592315210,50.662242605799,0.000000000000,,gps_back
17.274482623210,50.612886852157,0.000000000000,,gps_back
17.283220716173,50.563683046199,0.000000000000,,gps_back
17.293519104818,50.514758138974,0.000000000000,,gps_back
17.301676240529,50.465469383992,0.000000000000,,gps_back
17.309869778520,50.416166377965,0.000000000000,,gps_back
17.320677071856,50.367367164260,0.000000000000,,gps_back
17.331877294376,50.318642992999,0.000000000000,,gps_back
17.341584052069,50.269604846567,0.000000000000,,gps_back
17.345770947990,50.219938635176,0.000000000000,,gps_back
17.350639911072,50.170280505540,0.000000000000,,gps_back
17.360072890172,50.121207631592,0.000000000000,,gps_back
17.365565633641,50.071696640103,0.000000000000,,gps_back
17.364284684261,50.021788148522,0.000000000000,,gps_back
17.356229511225,49.972582315256,0.000000000000,,gps_back
17.346676339935,49.923519149833,0.000000000000,,gps_back
17.347424516413,49.874073675223,0.000000000000,,gps_back
17.353748587081,49.824477815614,0.000000000000,,gps_back
17.359819799964,49.774850228826,0.000000000000,,gps_back
17.360066355724,49.725056319769,0.000000000000,,gps_back
17.359863713408,49.675116520169,0.000000000000,,gps_back
17.370329868929,49.626686297774,0.000000000000,,gps_back
17.381026379739,49.577980607485,0.000000000000,,gps_back
17.384260349879,49.528213409166,0.000000000000,,gps_back
17.388885493983,49.478515014529,0.000000000000,,gps_back
17.392257500686,49.428692363230,0.000000000000,,gps_back
17.389558790127,49.378862406637,0.000000000000,,gps_back
17.384176304703,49.329156473673,0.000000000000,,gps_back
17.383378733393,49.279286252826,0.000000000000,,gps_back
17.388305650548,49.229584697108,0.000000000000,,gps_back
17.394849231152,49.180017074003,0.000000000000,,gps_back
17.402921543665,49.130687519855,0.000000000000,,gps_back
17.413019167042,49.081728528967,0.000000000000,,gps_back
17.427011882437,49.033788551011,0.000000000000,,gps_back
17.442484295368,48.986245314135,0.000000000000,,gps_back
17.451952072947,48.937336849267,0.000000000000,,gps_back
17.456043189671,48.887537183067,0.000000000000,,gps_back
17.459002301815,48.837627181196,0.000000000000,,gps_back
17.465006020071,48.788035638681,0.000000000000,,gps_back
17.462673041711,48.738555583631,0.000000000000,,gps_back
17.455634092681,48.689055877532,0.000000000000,,gps_back
17.461937335721,48.640331081971,0.000000000000,,gps_back
17.477027078874,48.592693225743,0.000000000000,,gps_back
17.490431184447,48.544562924968,0.000000000000,,gps_back
17.506858871638,48.497433023565,0.000000000000,,gps_back
17.527404638202,48.451880550434,0.000000000000,,gps_back
17.545932950426,48.405491645058,0.000000000000,,gps_back
17.570905015856,48.362555448855,0.000000000000,,gps_back
17.610636162666,48.333764242372,0.000000000000,,gps_back
17.654067957044,48.308996381252,0.000000000000,,gps_back
17.697499751423,48.284228520132,0.000000000000,,gps_back
17.739477613932,48.257114716524,0.000000000000,,gps_back
17.760413384427,48.213808808981,0.000000000000,,gps_back
17.776564517632,48.166495025464,0.000000000000,,gps_back
17.795419841254,48.120209415128,0.000000000000,,gps_back
17.815610266777,48.074471349514,0.000000000000,,gps_back
17.836878975984,48.029226036475,0.000000000000,,gps_back
17.858539733878,47.984164164024,0.000000000000,,gps_back
17.880035188399,47.939023287963,0.000000000000,,gps_back
17.898091336024,47.892440150164,0.000000000000,,gps_back
17.914493351079,47.845211097018,0.000000000000,,gps_back
17.929871841988,47.797639478846,0.000000000000,,gps_back
17.948282944360,47.751191394790,0.000000000000,,gps_back
17.969326978120,47.705848976445,0.000000000000,,gps_back
17.987476259908,47.659301312899,0.000000000000,,gps_back
18.004611047592,47.612331487508,0.000000000000,,gps_back
18.021722384527,47.565353089753,0.000000000000,,gps_back
18.039561790113,47.518648095595,0.000000000000,,gps_back
18.057828690792,47.472107020008,0.000000000000,,gps_back
18.076158105710,47.425590353574,0.000000000000,,gps_back
18.094487520628,47.379073687140,0.000000000000,,gps_back
18.112816935547,47.332557020706,0.000000000000,,gps_back
18.131146350465,47.286040354273,0.000000000000,,gps_back
18.149161586500,47.239401447785,0.000000000000,,gps_back
18.166233728085,47.192411241823,0.000000000000,,gps_back
18.187717048524,47.147342882162,0.000000000000,,gps_back
18.212714189678,47.104062859521,0.000000000000,,gps_back
18.232262028352,47.058177530751,0.000000000000,,gps_back
18.251308074758,47.011953932522,0.000000000000,,gps_back
18.274630391500,46.967787215234,0.000000000000,,gps_back
18.283737545045,46.919315484579,0.000000000000,,gps_back
18.285407689642,46.869373500427,0.000000000000,,gps_back
18.286273699580,46.819383324083,0.000000000000,,gps_back
18.293490508218,46.770006394331,0.000000000000,,gps_back
18.313695845374,46.724598141261,0.000000000000,,gps_back
18.336220653179,46.679961824873,0.000000000000,,gps_back
18.348421040073,46.631725212402,0.000000000000,,gps_back
18.357778256841,46.582612161528,0.000000000000,,gps_back
18.366985036165,46.533469482299,0.000000000000,,gps_back
18.376191815488,46.484326803069,0.000000000000,,gps_back
18.396134168473,46.438756651428,0.000000000000,,gps_back
18.421498605686,46.395700211483,0.000000000000,,gps_back
18.447460419470,46.352971392959,0.000000000000,,gps_back
18.465868436537,46.306623108043,0.000000000000,,gps_back
18.485636364501,46.260716409376,0.000000000000,,gps_back
18.510546981734,46.217421697121,0.000000000000,,gps_back
18.537820029211,46.175524657106,0.000000000000,,gps_back
18.565791271238,46.134083960634,0.000000000000,,gps_back
18.584507253082,46.087925541538,0.000000000000,,gps_back
18.603314000742,46.041605947961,0.000000000000,,gps_back
18.624480226082,45.996319248077,0.000000000000,,gps_back
18.653003820165,45.955395121582,0.000000000000,,gps_back
18.683514088181,45.915787923024,0.000000000000,,gps_back
18.702456179387,45.869820307504,0.000000000000,,gps_back
18.723300588998,45.824403186282,0.000000000000,,gps_back
18.748462246520,45.781229589121,0.000000000000,,gps_back
18.773314694605,45.737847908293,0.000000000000,,gps_back
18.797084461797,45.693863956390,0.000000000000,,gps_back
18.818878312877,45.648873260498,0.000000000000,,gps_back
18.841869524719,45.604479960227,0.000000000000,,gps_back
18.866208478007,45.560809177049,0.000000000000,,gps_back
18.891664659359,45.517779293741,0.000000000000,,gps_back
18.916884342823,45.474608627272,0.000000000000,,gps_back
18.941355005938,45.431009781029,0.000000000000,,gps_back
18.963551121364,45.386219116229,0.000000000000,,gps_back
18.986411695368,45.341755883944,0.000000000000,,gps_back
19.014247145006,45.300279386962,0.000000000000,,gps_back
19.060097738394,45.284052377184,0.000000000000,,gps_back
19.109792165029,45.289547805867,0.000000000000,,gps_back
19.154351008943,45.270748318434,0.000000000000,,gps_back
19.180340564699,45.228043088410,0.000000000000,,gps_back
19.208011642406,45.186402678449,0.000000000000,,gps_back
19.236034498659,45.145014889889,0.000000000000,,gps_back
19.261495671149,45.101986110106,0.000000000000,,gps_back
19.286542375113,45.058715744593,0.000000000000,,gps_back
19.311430180710,45.015377473687,0.000000000000,,gps_back
19.339426789527,44.973954307900,0.000000000000,,gps_back
19.367955998193,44.932895238560,0.000000000000,,gps_back
19.395942482112,44.891480492591,0.000000000000,,gps_back
19.421437833416,44.848473763167,0.000000000000,,gps_back
19.446210625983,44.805046616414,0.000000000000,,gps_back
19.472009670117,44.762223050166,0.000000000000,,gps_back
19.499196197351,44.720268390335,0.000000000000,,gps_back
19.527163607635,44.678856287412,0.000000000000,,gps_back
19.552098746202,44.635525463973,0.000000000000,,gps_back
19.578843381126,44.593300859555,0.000000000000,,gps_back
19.608286656666,44.552897875915,0.000000000000,,gps_back
19.639191285166,44.513599202827,0.000000000000,,gps_back
19.671084649934,44.475094906584,0.000000000000,,gps_back
19.703006587439,44.436614296721,0.000000000000,,gps_back
19.734976205546,44.398173324209,0.000000000000,,gps_back
19.766738994228,44.359572123276,0.000000000000,,gps_back
19.796549057954,44.319440129488,0.000000000000,,gps_back
19.825481583177,44.278695366145,0.000000000000,,gps_back
19.857421540690,44.240229739517,0.000000000000,,gps_back
19.889455804525,44.201842588976,0.000000000000,,gps_back
19.921501657526,44.163465161357,0.000000000000,,gps_back
19.953436144958,44.124994964144,0.000000000000,,gps_back
19.985409382918,44.086556999887,0.000000000000,,gps_back
20.017462987641,44.048186014362,0.000000000000,,gps_back
20.049434794835,44.009746836133,0.000000000000,,gps_back
20.081361707926,43.971270357227,0.000000000000,,gps_back
20.113053947994,43.932609208541,0.000000000000,,gps_back
20.142945921530,43.892539057564,0.000000000000,,gps_back
20.171873535795,43.851790059812,0.000000000000,,gps_back
20.203626635130,43.813171818048,0.000000000000,,gps_back
20.234284179554,43.773694840863,0.000000000000,,gps_back
20.263084585041,43.732842700024,0.000000000000,,gps_back
20.294253603182,43.693751906341,0.000000000000,,gps_back
20.325621812941,43.654851529565,0.000000000000,,gps_back
20.354279677695,43.613889183106,0.000000000000,,gps_back
20.384662944507,43.574191403352,0.000000000000,,gps_back
20.417036445502,43.536116263288,0.000000000000,,gps_back
20.451546485132,43.499952027330,0.000000000000,,gps_back
20.483191416806,43.461384400689,0.000000000000,,gps_back
20.509932662100,43.419259247413,0.000000000000,,gps_back
20.543453049842,43.382272168425,0.000000000000,,gps_back
20.580384750636,43.348693205724,0.000000000000,,gps_back
20.612811471214,43.310638116432,0.000000000000,,gps_back
20.644751944627,43.272172889185,0.000000000000,,gps_back
20.677594656326,43.234575901823,0.000000000000,,gps_back
20.714661615312,43.201023339204,0.000000000000,,gps_back
20.750576829614,43.166337280189,0.000000000000,,gps_back
20.782510782459,43.127866657658,0.000000000000,,gps_back
20.814521687605,43.089460037268,0.000000000000,,gps_back
20.847082629012,43.051544888811,0.000000000000,,gps_back
20.881918423215,43.015681028939,0.000000000000,,gps_back
20.916915392301,42.979974433758,0.000000000000,,gps_back
20.951763347066,42.944122568060,0.000000000000,,gps_back
20.986921435930,42.908574551832,0.000000000000,,gps_back
21.022235859397,42.873181726846,0.000000000000,,gps_back
21.057382633949,42.837622517547,0.000000000000,,gps_back
21.092314840433,42.801852422780,0.000000000000,,gps_back
21.127562873877,42.766421411756,0.000000000000,,gps_back
21.164718795500,42.732970805986,0.000000000000,,gps_back
21.199096577183,42.697076853836,0.000000000000,,gps_back
21.225679733431,42.654804141804,0.000000000000,,gps_back
21.257940714768,42.616816808345,0.000000000000,,gps_back
21.295056006868,42.583413687726,0.000000000000,,gps_back
21.328272201542,42.546057433691,0.000000000000,,gps_back
21.359335995080,42.506917490270,0.000000000000,,gps_back
21.388793239902,42.466608070812,0.000000000000,,gps_back
21.423299062250,42.430512099512,0.000000000000,,gps_back
21.460685082233,42.397341481441,0.000000000000,,gps_back
21.496000810919,42.361961453404,0.000000000000,,gps_back
21.529608551525,42.324962587412,0.000000000000,,gps_back
21.562472693371,42.287365498399,0.000000000000,,gps_back
21.599081986690,42.253321933694,0.000000000000,,gps_back
21.635423591527,42.219138847605,0.000000000000,,gps_back
21.667635423784,42.180907563448,0.000000000000,,gps_back
21.701318947502,42.143975213362,0.000000000000,,gps_back
21.737059646296,42.109046350903,0.000000000000,,gps_back
21.774843486141,42.076303148943,0.000000000000,,gps_back
21.812847787612,42.043815600912,0.000000000000,,gps_back
21.850036045441,42.010471958793,0.000000000000,,gps_back
21.883784390311,41.973605735044,0.000000000000,,gps_back
21.916398886263,41.935750928829,0.000000000000,,gps_back
21.951980535194,41.900656217749,0.000000000000,,gps_back
21.989985914107,41.868212717052,0.000000000000,,gps_back
22.029651556302,41.837789062365,0.000000000000,,gps_back
22.068142581723,41.805882380478,0.000000000000,,gps_back
22.106106419767,41.773347686166,0.000000000000,,gps_back
22.143973749042,41.740700612095,0.000000000000,,gps_back
22.181909857418,41.708133508982,0.000000000000,,gps_back
22.220263355568,41.676075437110,0.000000000000,,gps_back
22.259891051533,41.645589896166,0.000000000000,,gps_back
22.298704407310,41.614213475629,0.000000000000,,gps_back
22.334226113315,41.579039903578,0.000000000000,,gps_back
22.371199391858,41.545394068253,0.000000000000,,gps_back
22.409597259008,41.513393628238,0.000000000000,,gps_back
22.449337150796,41.483053747525,0.000000000000,,gps_back
22.488633835262,41.452166771197,0.000000000000,,gps_back
22.526503492391,41.419522406002,0.000000000000,,gps_back
22.564447370011,41.386964344989,0.000000000000,,gps_back
22.602422562427,41.354442880761,0.000000000000,,gps_back
22.640300417768,41.321807995404,0.000000000000,,gps_back
22.678212768309,41.289213278708,0.000000000000,,gps_back
22.716197187507,41.256702535696,0.000000000000,,gps_back
22.754099258032,41.224095801524,0.000000000000,,gps_back
22.791956830814,41.191437391718,0.000000000000,,gps_back
22.829432712467,41.158359718021,0.000000000000,,gps_back
22.864622301729,41.122919115681,0.000000000000,,gps_back
22.897577356525,41.085385531398,0.000000000000,,gps_back
22.933979893943,41.051134664677,0.000000000000,,gps_back
22.972658215491,41.019536707125,0.000000000000,,gps_back
23.013512470020,40.990739465858,0.000000000000,,gps_back
23.052693961138,40.959702765200,0.000000000000,,gps_back
23.089962074762,40.926412299294,0.000000000000,,gps_back
23.125163919798,40.890907907885,0.000000000000,,gps_back
23.160174855922,40.855215003919,0.000000000000,,gps_back
23.196045316448,40.820433405527,0.000000000000,,gps_back
23.234595128770,40.788619974110,0.000000000000,,gps_back
23.274178799016,40.758096418806,0.000000000000,,gps_back
23.312607139652,40.726112297982,0.000000000000,,gps_back
23.351890170554,40.695236576631,0.000000000000,,gps_back
23.392564035397,40.666210230666,0.000000000000,,gps_back
23.431153194807,40.634428194873,0.000000000000,,gps_back
23.468956054153,40.601706921453,0.000000000000,,gps_back
23.507166477348,40.569467206636,0.000000000000,,gps_back
23.546297064374,40.538354689199,0.000000000000,,gps_back
23.585545594556,40.507446646620,0.000000000000,,gps_back
23.622306696246,40.473562983701,0.000000000000,,gps_back
23.659352012403,40.440082884291,0.000000000000,,gps_back
23.699135267696,40.409804414113,0.000000000000,,gps_back
23.738058258558,40.378434069299,0.000000000000,,gps_back
23.776034744492,40.345914098154,0.000000000000,,gps_back
23.813979818390,40.313357742252,0.000000000000,,gps_back
23.852546110414,40.281564626224,0.000000000000,,gps_back
23.892613234713,40.251659781338,0.000000000000,,gps_back
23.933182323973,40.222443109444,0.000000000000,,gps_back
23.973665383827,40.193163502364,0.000000000000,,gps_back
24.012133533748,40.161226555412,0.000000000000,,gps_back
24.051011311133,40.129808457887,0.000000000000,,gps_back
24.091387138360,40.100335172095,0.000000000000,,gps_back
24.133067895204,40.072744492191,0.000000000000,,gps_back
24.175275234786,40.045996341777,0.000000000000,,gps_back
24.215758588169,40.016656996911,0.000000000000,,gps_back
24.256624318013,39.987925409187,0.000000000000,,gps_back
24.299505203685,39.962215555763,0.000000000000,,gps_back
24.342422898134,39.936567209618,0.000000000000,,gps_back
24.384431439797,39.909612222295,0.000000000000,,gps_back
24.423416376216,39.878309943794,0.000000000000,,gps_back
24.463120358837,39.848098509636,0.000000000000,,gps_back
24.505718178619,39.821947667991,0.000000000000,,gps_back
24.546855444128,39.793555481719,0.000000000000,,gps_back
24.587355085862,39.764282280337,0.000000000000,,gps_back
24.629636623500,39.737605051192,0.000000000000,,gps_back
24.672498006021,39.711862890026,0.000000000000,,gps_back
24.715436109319,39.686248744305,0.000000000000,,gps_back
24.758310944242,39.660528863404,0.000000000000,,gps_back
24.801156898383,39.634760981147,0.000000000000,,gps_back
24.843980049468,39.608957320100,0.000000000000,,gps_back
24.885852470039,39.581706653739,0.000000000000,,gps_back
24.926127241559,39.552094609411,0.000000000000,,gps_back
24.967767854121,39.524457448613,0.000000000000,,gps_back
25.010695380215,39.498825672753,0.000000000000,,gps_back
25.053540756225,39.473056681508,0.000000000000,,gps_back
25.096377559983,39.447273464016,0.000000000000,,gps_back
25.139243786797,39.421539170786,0.000000000000,,gps_back
25.182083920794,39.395761466196,0.000000000000,,gps_back
25.224931012913,39.369995488313,0.000000000000,,gps_back
25.267805513143,39.344275628500,0.000000000000,,gps_back
25.310235250285,39.317843166467,0.000000000000,,gps_back
25.351932451831,39.290256575252,0.000000000000,,gps_back
25.394160577432,39.263500081523,0.000000000000,,gps_back
25.437092155456,39.237875051568,0.000000000000,,gps_back
25.479948021560,39.212123533096,0.000000000000,,gps_back
25.523099559843,39.186897008974,0.000000000000,,gps_back
25.567315521382,39.163560084294,0.000000000000,,gps_back
25.612104209567,39.141375278611,0.000000000000,,gps_back
25.656908541920,39.119433074467,0.000000000000,,gps_back
25.698477144702,39.091701579155,0.000000000000,,gps_back
25.739996062860,39.064341895404,0.000000000000,,gps_back
25.785912289846,39.044556730771,0.000000000000,,gps_back
25.830983382861,39.023095005955,0.000000000000,,gps_back
25.874355563077,38.998264852810,0.000000000000,,gps_back
25.919181854674,38.976148825799,0.000000000000,,gps_back
25.964414814718,38.954899718762,0.000000000000,,gps_back
26.008492089196,38.931300927228,0.000000000000,,gps_back
26.052129845954,38.906912006660,0.000000000000,,gps_back
26.095662652471,38.882406730715,0.000000000000,,gps_back
26.141144159020,38.861692518869,0.000000000000,,gps_back
26.187413995981,38.842762893865,0.000000000000,,gps_back
26.233052201824,38.822354809214,0.000000000000,,gps_back
26.277960194596,38.800400909198,0.000000000000,,gps_back
26.322341891687,38.777394335928,0.000000000000,,gps_back
26.367517651729,38.755980831090,0.000000000000,,gps_back
26.412366978895,38.734044729034,0.000000000000,,gps_back
26.455600433771,38.708970775742,0.000000000000,,gps_back
26.500551082292,38.687207803147,0.000000000000,,gps_back
26.546452394822,38.667546396144,0.000000000000,,gps_back
26.590333720061,38.643607557566,0.000000000000,,gps_back
26.634320198785,38.620090680224,0.000000000000,,gps_back
26.680700215492,38.601420084940,0.000000000000,,gps_back
26.726794013352,38.582058660795,0.000000000000,,gps_back
26.772713265338,38.562289998517,0.000000000000,,gps_back
26.819004831119,38.543399495094,0.000000000000,,gps_back
26.864661634013,38.523141916097,0.000000000000,,gps_back
26.908950146646,38.499946066769,0.000000000000,,gps_back
26.953902145112,38.478086192874,0.000000000000,,gps_back
26.999776643339,38.458214853679,0.000000000000,,gps_back
27.046108828788,38.439425013019,0.000000000000,,gps_back
27.092584469829,38.420992170061,0.000000000000,,gps_back
27.139035523339,38.402501312988,0.000000000000,,gps_back
27.185091842734,38.383054708563,0.000000000000,,gps_back
27.230941028448,38.363131430835,0.000000000000,,gps_back
27.277349035102,38.344529387814,0.000000000000,,gps_back
27.323867263923,38.326203985050,0.000000000000,,gps_back
27.370168777692,38.307364436153,0.000000000000,,gps_back
27.415557808145,38.286425577071,0.000000000000,,gps_back
27.460707201414,38.265037634878,0.000000000000,,gps_back
27.507384544250,38.247154232226,0.000000000000,,gps_back
27.555001512907,38.232024933435,0.000000000000,,gps_back
27.603070396919,38.218446043794,0.000000000000,,gps_back
27.649949636885,38.201082076502,0.000000000000,,gps_back
27.696410488723,38.182611781517,0.000000000000,,gps_back
27.742980290802,38.164420170978,0.000000000000,,gps_back
27.789837734050,38.146988980054,0.000000000000,,gps_back
27.836899690650,38.130114634757,0.000000000000,,gps_back
27.883613406219,38.112299717780,0.000000000000,,gps_back
27.930520626503,38.095146444591,0.000000000000,,gps_back
27.978630104727,38.081536940282,0.000000000000,,gps_back
28.026312537505,38.066701329990,0.000000000000,,gps_back
28.072767787145,38.048216897629,0.000000000000,,gps_back
28.119271747287,38.029855390309,0.000000000000,,gps_back
28.166322465213,38.013141063739,0.000000000000,,gps_back
28.214762194834,38.000782926896,0.000000000000,,gps_back
28.263485800698,37.989568481110,0.000000000000,,gps_back
28.312169055130,37.978179526171,0.000000000000,,gps_back
28.360867959213,37.966857940414,0.000000000000,,gps_back
28.409566810465,37.955537484303,0.000000000000,,gps_back
28.458150287944,37.943734104312,0.000000000000,,gps_back
28.506912857654,37.932949462201,0.000000000000,,gps_back
28.556462881135,37.926316902512,0.000000000000,,gps_back
28.605884087121,37.919212208645,0.000000000000,,gps_back
28.654699512822,37.908418053002,0.000000000000,,gps_back
28.703903795571,37.899796159339,0.000000000000,,gps_back
28.753600477775,37.894319688188,0.000000000000,,gps_back
28.803263992715,37.888550854389,0.000000000000,,gps_back
28.852924196378,37.882761654541,0.000000000000,,gps_back
28.902618933143,37.877277600722,0.000000000000,,gps_back
28.951889920034,37.869338691639,0.000000000000,,gps_back
29.000492882567,37.857705104533,0.000000000000,,gps_back
29.049755978644,37.849309786023,0.000000000000,,gps_back
29.099391505181,37.843302938867,0.000000000000,,gps_back
29.149027031717,37.837296091701,0.000000000000,,gps_back
29.198662558254,37.831289244540,0.000000000000,,gps_back
29.248298084791,37.825282397384,0.000000000000,,gps_back
29.297969499204,37.819602799362,0.000000000000,,gps_back
29.347795299602,37.816435578969,0.000000000000,,gps_back
29.397756973915,37.816175311077,0.000000000000,,gps_back
29.447576540795,37.812165896334,0.000000000000,,gps_back
29.497212067331,37.806159049170,0.000000000000,,gps_back
29.546927097632,37.801023427664,0.000000000000,,gps_back
29.596856188857,37.799126830840,0.000000000000,,gps_back
29.646846092709,37.800007942081,0.000000000000,,gps_back
29.696835028909,37.800942707555,0.000000000000,,gps_back
29.746823580692,37.801897902821,0.000000000000,,gps_back
29.796812113292,37.802854100246,0.000000000000,,gps_back
29.846800585063,37.803813472795,0.000000000000,,gps_back
29.896623924503,37.806722374946,0.000000000000,,gps_back
29.946155543005,37.813432499461,0.000000000000,,gps_back
29.995979569746,37.817172684026,0.000000000000,,gps_back
30.045857434146,37.819689297904,0.000000000000,,gps_back
30.095459230046,37.825964129581,0.000000000000,,gps_back
30.145145488976,37.830913211999,0.000000000000,,gps_back
30.195041254134,37.833348250109,0.000000000000,,gps_back
30.244647019221,37.839524198153,0.000000000000,,gps_back
30.294049714696,37.847213095311,0.000000000000,,gps_back
30.343425259615,37.855075514433,0.000000000000,,gps_back
30.392825569941,37.862780856918,0.000000000000,,gps_back
30.442230185099,37.870458009671,0.000000000000,,gps_back
30.491611855104,37.878282144551,0.000000000000,,gps_back
30.541009958683,37.886001532106,0.000000000000,,gps_back
30.590414848469,37.893676955821,0.000000000000,,gps_back
30.639793696147,37.901518965084,0.000000000000,,gps_back
30.689186147814,37.909273678645,0.000000000000,,gps_back
30.738415570602,37.917859564240,0.000000000000,,gps_back
30.787037078932,37.929463830692,0.000000000000,,gps_back
30.835590994434,37.941203703700,0.000000000000,,gps_back
30.884804504431,37.950019658586,0.000000000000,,gps_back
30.933552695535,37.960849209555,0.000000000000,,gps_back
30.981440648080,37.975219488310,0.000000000000,,gps_back
31.029374145299,37.989437247971,0.000000000000,,gps_back
31.077330390054,38.003578191941,0.000000000000,,gps_back
31.125277526234,38.017749907756,0.000000000000,,gps_back
31.173187415062,38.032046849405,0.000000000000,,gps_back
31.221078403628,38.046406906118,0.000000000000,,gps_back
31.268946524687,38.060839458993,0.000000000000,,gps_back
31.315819244599,38.077894125994,0.000000000000,,gps_back
31.361346355701,38.098454740765,0.000000000000,,gps_back
31.408450631764,38.115138972388,0.000000000000,,gps_back
31.455719944365,38.131218216368,0.000000000000,,gps_back
31.501798850805,38.150614721996,0.000000000000,,gps_back
31.548673373981,38.167865225660,0.000000000000,,gps_back
31.596078829926,38.183566085271,0.000000000000,,gps_back
31.641942766875,38.203434872246,0.000000000000,,gps_back
31.687976662828,38.222595682631,0.000000000000,,gps_back
31.735359533891,38.238354218502,0.000000000000,,gps_back
31.780565499144,38.259489644659,0.000000000000,,gps_back
31.825315991453,38.281103705907,0.000000000000,,gps_back
31.873604192270,38.293851695527,0.000000000000,,gps_back
31.922426619355,38.304515083274,0.000000000000,,gps_back
31.970695172765,38.317545161396,0.000000000000,,gps_back
32.018741203349,38.331370747162,0.000000000000,,gps_back
32.067020859500,38.344148728679,0.000000000000,,gps_back
32.115999684894,38.354171954299,0.000000000000,,gps_back
32.164504560430,38.366185224383,0.000000000000,,gps_back
32.212851715309,38.378687513029,0.000000000000,,gps_back
32.262015858304,38.387777584843,0.000000000000,,gps_back
32.310914163137,38.398023419100,0.000000000000,,gps_back
32.359238156157,38.410851459327,0.000000000000,,gps_back
32.407579520596,38.423613848354,0.000000000000,,gps_back
32.455935013725,38.436322663860,0.000000000000,,gps_back
32.504290506855,38.449031479365,0.000000000000,,gps_back
32.552645999984,38.461740294871,0.000000000000,,gps_back
32.601001493114,38.474449110376,0.000000000000,,gps_back
32.649356986244,38.487157925882,0.000000000000,,gps_back
32.698067103853,38.498177672778,0.000000000000,,gps_back
32.747298008567,38.506822079898,0.000000000000,,gps_back
32.795867764954,38.518505031754,0.000000000000,,gps_back
32.843660919789,38.533183179385,0.000000000000,,gps_back
32.891501436169,38.547680092046,0.000000000000,,gps_back
32.940115380252,38.559066567344,0.000000000000,,gps_back
32.989160762486,38.568533625057,0.000000000000,,gps_back
33.037420798147,38.581565818259,0.000000000000,,gps_back
33.085179278603,38.596343502271,0.000000000000,,gps_back
33.133111709514,38.610364661859,0.000000000000,,gps_back
33.182094184867,38.620299482034,0.000000000000,,gps_back
33.230934810856,38.630583341660,0.000000000000,,gps_back
33.278891055614,38.644724285622,0.000000000000,,gps_back
33.326847300369,38.658865229591,0.000000000000,,gps_back
33.374658938111,38.673472777097,0.000000000000,,gps_back
33.422270900660,38.688730189721,0.000000000000,,gps_back
33.470190380411,38.702965217688,0.000000000000,,gps_back
33.518509408028,38.715809131393,0.000000000000,,gps_back
33.566965066861,38.728128200752,0.000000000000,,gps_back
33.615386299982,38.740569421779,0.000000000000,,gps_back
33.663509292398,38.754124534938,0.000000000000,,gps_back
33.711949843431,38.766156782800,0.000000000000,,gps_back
33.761295170920,38.774204309262,0.000000000000,,gps_back
33.810694695756,38.781914568580,0.000000000000,,gps_back
33.860131376345,38.789381025489,0.000000000000,,gps_back
33.909610149567,38.796565482399,0.000000000000,,gps_back
33.959072683202,38.803857335881,0.000000000000,,gps_back
34.008481434048,38.811508392339,0.000000000000,,gps_back
34.057866802836,38.819308782506,0.000000000000,,gps_back
34.107236969288,38.827205234247,0.000000000000,,gps_back
34.156615870291,38.835046817686,0.000000000000,,gps_back
34.206013161540,38.842771255617,0.000000000000,,gps_back
34.255603999743,38.848737636264,0.000000000000,,gps_back
34.305532662694,38.851298402382,0.000000000000,,gps_back
34.355301960478,38.855161840069,0.000000000000,,gps_back
34.404708864741,38.862824661330,0.000000000000,,gps_back
34.454090946115,38.870645984951,0.000000000000,,gps_back
34.502273282911,38.882689524256,0.000000000000,,gps_back
34.549463116892,38.898319820573,0.000000000000,,gps_back
34.598813144933,38.906263500645,0.000000000000,,gps_back
34.648112212712,38.914321638321,0.000000000000,,gps_back
34.696998258278,38.924796829982,0.000000000000,,gps_back
34.745914670061,38.935123162917,0.000000000000,,gps_back
34.794592520898,38.946525518330,0.000000000000,,gps_back
34.843081820390,38.958711392531,0.000000000000,,gps_back
34.891465253748,38.971312653292,0.000000000000,,gps_back
34.939919707397,38.983622238174,0.000000000000,,gps_back
34.988470656945,38.995548018186,0.000000000000,,gps_back
35.036791659974,39.008385595484,0.000000000000,,gps_back
35.084936198672,39.021862079679,0.000000000000,,gps_back
35.133135190891,39.035097170351,0.000000000000,,gps_back
35.182068214652,39.045110375669,0.000000000000,,gps_back
35.231556422592,39.052229704759,0.000000000000,,gps_back
35.281041585830,39.059370171359,0.000000000000,,gps_back
35.329934635015,39.069186854229,0.000000000000,,gps_back
35.377869932347,39.083395766968,0.000000000000,,gps_back
35.425829650736,39.096348453932,0.000000000000,,gps_back
35.376813435483,39.086490545957,0.000000000000,,gps_back
35.327797220230,39.076632637983,0.000000000000,,gps_back
35.278781004977,39.066774730008,0.000000000000,,gps_back
35.229764789724,39.056916822033,0.000000000000,,gps_back
35.180748574471,39.047058914058,0.000000000000,,gps_back
35.131732359218,39.037201006083,0.000000000000,,gps_back
35.082716143965,39.027343098109,0.000000000000,,gps_back
35.033699928712,39.017485190134,0.000000000000,,gps_back
34.984683713459,39.007627282159,0.000000000000,,gps_back
34.935667498206,38.997769374184,0.000000000000,,gps_back
34.886651282954,38.987911466210,0.000000000000,,gps_back
34.837635067701,38.978053558235,0.000000000000,,gps_back
34.788618852448,38.968195650260,0.000000000000,,gps_back
34.739602637195,38.958337742285,0.000000000000,,gps_back
34.690586421942,38.948479834310,0.000000000000,,gps_back
34.641570206689,38.938621926336,0.000000000000,,gps_back
34.592553991436,38.928764018361,0.000000000000,,gps_back
34.543537776183,38.918906110386,0.000000000000,,gps_back
34.494521560930,38.909048202411,0.000000000000,,gps_back
34.445505345677,38.899190294437,0.000000000000,,gps_back
34.396489130425,38.889332386462,0.000000000000,,gps_back
34.347472915172,38.879474478487,0.000000000000,,gps_back
34.298456699919,38.869616570512,0.000000000000,,gps_back
34.249440484666,38.859758662537,0.000000000000,,gps_back
34.200424269413,38.849900754563,0.000000000000,,gps_back
34.151408054160,38.840042846588,0.000000000000,,gps_back
34.102391838907,38.830184938613,0.000000000000,,gps_back
34.053375623654,38.820327030638,0.000000000000,,gps_back
34.004359408401,38.810469122664,0.000000000000,,gps_back
33.955343193148,38.800611214689,0.000000000000,,gps_back
33.906326977895,38.790753306714,0.000000000000,,gps_back
33.857310762643,38.780895398739,0.000000000000,,gps_back
33.808294547390,38.771037490765,0.000000000000,,gps_back
33.759278332137,38.761179582790,0.000000000000,,gps_back
33.710262116884,38.751321674815,0.000000000000,,gps_back
33.661245901631,38.741463766840,0.000000000000,,gps_back
33.612229686378,38.731605858865,0.000000000000,,gps_back
33.563213471125,38.721747950891,0.000000000000,,gps_back
33.514197255872,38.711890042916,0.000000000000,,gps_back
33.465181040619,38.702032134941,0.000000000000,,gps_back
33.416164825366,38.692174226966,0.000000000000,,gps_back
33.367148610114,38.682316318992,0.000000000000,,gps_back
33.318132394861,38.672458411017,0.000000000000,,gps_back
33.269116179608,38.662600503042,0.000000000000,,gps_back
33.220099964355,38.652742595067,0.000000000000,,gps_back
33.171083749102,38.642884687092,0.000000000000,,gps_back
33.122067533849,38.633026779118,0.000000000000,,gps_back
33.073051318596,38.623168871143,0.000000000000,,gps_back
33.024035103343,38.613310963168,0.000000000000,,gps_back
32.975018888090,38.603453055193,0.000000000000,,gps_back
32.926002672837,38.593595147219,0.000000000000,,gps_back
32.876986457584,38.583737239244,0.000000000000,,gps_back
32.827970242332,38.573879331269,0.000000000000,,gps_back
32.778954027079,38.564021423294,0.000000000000,,gps_back
32.729937811826,38.554163515319,0.000000000000,,gps_back
32.680921596573,38.544305607345,0.000000000000,,gps_back
32.631905381320,38.534447699370,0.000000000000,,gps_back
32.582889166067,38.524589791395,0.000000000000,,gps_back
32.533872950814,38.514731883420,0.000000000000,,gps_back
32.484856735561,38.504873975446,0.000000000000,,gps_back
32.435840520308,38.495016067471,0.000000000000,,gps_back
32.386824305055,38.485158159496,0.000000000000,,gps_back
32.337808089803,38.475300251521,0.000000000000,,gps_back
32.288791874550,38.465442343546,0.000000000000,,gps_back
32.239775659297,38.455584435572,0.000000000000,,gps_back
32.190759444044,38.445726527597,0.000000000000,,gps_back
32.141743228791,38.435868619622,0.000000000000,,gps_back
32.092727013538,38.426010711647,0.000000000000,,gps_back
32.043710798285,38.416152803673,0.000000000000,,gps_back
31.994694583032,38.406294895698,0.000000000000,,gps_back
31.945678367779,38.396436987723,0.000000000000,,gps_back
31.896662152526,38.386579079748,0.000000000000,,gps_back
31.847645937273,38.376721171773,0.000000000000,,gps_back
31.798629722021,38.366863263799,0.000000000000,,gps_back
31.749613506768,38.357005355824,0.000000000000,,gps_back
31.700597291515,38.347147447849,0.000000000000,,gps_back
31.651581076262,38.337289539874,0.000000000000,,gps_back
31.602564861009,38.327431631900,0.000000000000,,gps_back
31.553548645756,38.317573723925,0.000000000000,,gps_back
31.504532430503,38.307715815950,0.000000000000,,gps_back
31.455516215250,38.297857907975,0.000000000000,,gps_back
31.406499999997,38.288000000000,0.000000000000,,gps_back
