TRACK_ROI_V1
LINE_COUNT 3
POLYGON_COUNT 30

POLYGON IN1 IN STRAIGHT 1 413
127.396733475892 28.990714689861
127.325681276827 29.392177792889
127.247760231047 29.885419285002
127.173396506344 30.378163140524
127.085091331965 30.867152042033
127.001954895559 31.358167683157
126.911570591717 31.854545508762
126.830684924716 32.349400164070
126.740822435464 32.844282821806
126.693568004047 33.339909042337
126.615188158915 33.835054119865
126.550423927021 34.332540474682
126.458154136568 34.816910190929
126.391097510075 35.311931432798
126.317199431777 35.803836329125
126.240994783875 36.299742712655
126.167567308238 36.792593638559
126.091540734939 37.286462440252
126.010809557020 37.778137633341
125.935673695091 38.270922306661
125.862369832606 38.764744701491
125.778307069745 39.257513178105
125.697087876603 39.749978169688
125.618760331376 40.244749454886
125.542394310388 40.742432208880
125.463945576582 41.239366067845
125.396074479250 41.734795547108
125.337309427632 42.230329403297
125.277748359912 42.727019062944
125.201420736455 43.219441783075
125.121708338122 43.708535063020
125.046676917592 44.200551889820
124.970732474712 44.695668582100
124.886626382275 45.189484666239
124.814506599535 45.682631884230
124.744303498895 46.175475706274
124.670264686411 46.669393518263
124.586383072769 47.160885017403
124.498698241843 47.650759970272
124.412306597813 48.142584254822
124.332913073652 48.636287407076
124.250629022092 49.130205758960
124.173392548846 49.625701843104
124.094013488415 50.120413726623
124.010447221087 50.615372587027
123.933964819081 51.109084400576
123.861331900836 51.604701735799
123.791204785221 52.101968698140
123.713945083047 52.597188697653
123.643407521443 53.093970756943
123.573371051760 53.587811193069
123.504630233529 54.082701223363
123.442647298601 54.578729693672
123.365595420513 55.073561045018
123.288241734845 55.568654686197
123.218295085557 56.062157929725
123.156431984210 56.560733974207
123.094516572063 57.060748430527
123.023363176860 57.554526634824
122.961716769852 58.048942023818
122.908628593640 58.543992987449
122.831931923480 59.037269161943
122.760884513461 59.531522903991
122.688633131517 60.021621350503
122.614272016469 60.514237411512
122.548638512518 61.008643075194
122.470417492459 61.500499021892
122.385571395423 61.993094202443
122.308015742692 62.485169783984
122.223731172129 62.977175854447
122.148215402796 63.471731529916
122.073194579708 63.963036392712
121.989789908170 64.456288241484
121.911096704515 64.947938002915
121.817044498934 65.436401761237
121.734610426554 65.929699354523
121.650877222805 66.421781434695
121.563052898696 66.916714696726
121.483306632254 67.407466093526
121.404018792027 67.899377332902
121.326340687771 68.393433290796
121.229836121747 68.883208989652
121.138085205753 69.374882571427
121.054185499623 69.866737375017
120.969224042854 70.360279983723
120.891381071522 70.856412865978
120.810052704220 71.350806241342
120.719684389633 71.846273692149
120.643498345528 72.341083448301
120.567213861997 72.837040001365
120.504213699795 73.334843670801
120.430989405917 73.832543278761
120.361826864985 74.327955877217
120.284657108666 74.819861209540
120.228437032489 75.315792180396
120.155704652529 75.807505066423
120.082044222264 76.299717427169
120.006169305650 76.788311948793
119.921536333702 77.277111533516
119.831937774927 77.769644357624
119.743762036784 78.262194911062
119.647610298019 78.751760372283
119.577071086145 79.248183268879
119.502405632219 79.743671207368
119.411774729650 80.236711543416
119.332260013447 80.729597581724
119.251908771926 81.220518800014
119.165526274478 81.716376680832
119.092031127915 82.209795363560
119.003275562714 82.703779838594
118.932353430699 83.201209433966
118.847508465366 83.693898255593
118.777948758266 84.189953373188
118.708749135599 84.683721192748
118.635683418629 85.181103036490
118.554656768422 85.677090327935
118.478561711783 86.169038445401
118.412330236645 86.662820531801
118.360418784644 87.158697244861
118.279946498740 87.649462420885
118.200473208499 88.137224232670
118.115731680778 88.626401674829
118.026241280296 89.117577534257
117.927197288280 89.610854280067
117.855435045359 90.105994523323
117.771428682846 90.601043815654
117.710100055441 91.101024184893
117.629808380366 91.591936023345
117.556449475092 92.085871613936
117.480755316358 92.575304028722
117.396607764570 93.067302512731
117.311379847965 93.556653189754
117.225169703338 94.048176916644
117.141216822838 94.542771695269
117.052090714474 95.033660966631
116.972681629599 95.524310402213
116.899976952908 96.021295195263
116.808914411477 96.517540876898
116.705747383171 97.011778907808
116.636727871090 97.506551793910
116.575654450123 98.006104646103
116.525508621249 98.508929349167
116.450724913299 99.005289106061
116.381590700712 99.498772226928
116.313261018786 99.990661590316
116.256867912428 100.487929127055
116.187846329438 100.980910320249
116.120199555906 101.475232519774
116.052867604089 101.966514155849
115.972234263979 102.457415840503
115.898856453262 102.951522746588
115.819629367354 103.444645793981
115.737328258728 103.937349074262
115.668644925960 104.428830652817
115.599162597576 104.920981078429
115.517219680839 105.410876498631
115.424182457132 105.896196341932
115.329957165076 106.389609993838
115.230251713387 106.883023981672
115.127218343010 107.374926327415
115.072246360140 107.873021587674
115.009759104168 108.373784146777
114.931394243549 108.870106833888
114.846310399435 109.358590879551
114.776598548311 109.849345806685
114.690337388613 110.342542740814
114.611306065543 110.839888187277
114.525320997289 111.331031158548
114.451749067486 111.828096541178
114.387201892205 112.325012109449
114.309033907011 112.820738092979
114.237623406032 113.315479110733
114.166828027605 113.807857052816
114.093923176157 114.303245665418
114.022486288252 114.799731833498
113.945323999579 115.295325181902
113.873265128554 115.790159233665
113.811850220367 116.286527617832
113.750256240245 116.783818305552
113.680030022957 117.278430667502
113.611133886478 117.769862027985
113.542312799985 118.259990117601
113.467646848503 118.754910634526
113.384081895533 119.246901337043
113.292950926929 119.736410988057
113.226006287991 120.234419394493
113.151390765996 120.730850052076
113.070361616307 121.224657044208
113.012447539615 121.720838495106
112.941639001231 122.217894361383
112.853054494291 122.712616613357
112.785136753718 123.204234781209
112.723710882376 123.698727816305
112.659107874308 124.194491837603
112.582705097391 124.684898804455
112.503873675764 125.174896528209
112.416881081907 125.663038582482
112.327726251033 126.153321112020
112.245226706143 126.645265855065
112.156673958806 127.138712934914
112.070602197618 127.633350767671
111.985114979282 128.126266482383
111.905789763296 128.620559463905
111.828931630876 129.115024233576
111.749993168674 129.612058153435
111.736308365974 129.692434413738
114.868965597159 130.169519611326
114.878137548348 130.123357720711
114.947384614917 129.628553425640
115.043676394228 129.138424258465
115.140143355117 128.647819274177
115.214852921115 128.153742608987
115.285761495651 127.659058266144
115.356269334437 127.164262338054
115.432635335390 126.670264508588
115.503636278549 126.175506665072
115.574456570033 125.680734187118
115.639103897690 125.185088802550
115.716251967232 124.691245057116
115.769097549954 124.194692331731
115.845447727322 123.701525851185
115.930764946718 123.209058166418
116.000150187205 122.714374186892
116.071238893043 122.220001081927
116.165986933278 121.729071583655
116.244634585626 121.235369294907
116.330306381792 120.742943269035
116.403829951303 120.249132912425
116.485703339846 119.755988113863
116.570982412388 119.263555912905
116.653239806915 118.770505649281
116.725854544068 118.276397015511
116.792321169167 117.781903349151
116.872447244788 117.288685051050
116.956229486981 116.796975139771
117.053831122767 116.306618035141
117.139037040324 115.814678543095
117.191050897639 115.318167741179
117.267148574805 114.824717106301
117.364857001642 114.334365386287
117.443304309154 113.840703656897
117.506491416884 113.344839380012
117.580976505682 112.850611818648
117.656897713044 112.356657043183
117.707043232293 111.860062497428
117.793587013473 111.368401450546
117.879278204860 110.876167811742
117.972169828180 110.384885214435
118.037350195419 109.889949197786
118.099964063454 109.394665512718
118.194565065925 108.904288530298
118.289103844814 108.413315129177
118.370302010314 107.920155233275
118.439305302389 107.425136200903
118.510357082471 106.930391294169
118.577278387043 106.435673586543
118.647470822126 105.940828789458
118.741606773048 105.449780924614
118.821670829921 104.956448114377
118.900719982744 104.462978138305
118.967940399166 103.968266671917
119.020487975216 103.472029244837
119.089634699178 102.977707453990
119.178368034776 102.485786746342
119.254588845039 101.992044423632
119.342403605237 101.499975296364
119.404005371524 101.004627181564
119.471822320999 100.509560303214
119.620541279345 100.032591258130
119.695949742161 99.540348576728
119.755226043690 99.045329615199
119.819183299859 98.550289567743
119.854912278459 98.054635847904
119.924015286013 97.562212419981
120.003113525607 97.068781945565
120.089464278432 96.578525972204
120.165840158631 96.085321006530
120.267150388006 95.596495453872
120.340650179639 95.104775800234
120.415737337128 94.610735392376
120.497655855822 94.117606363391
120.592942190978 93.626838733434
120.675118664665 93.136379706752
120.754566254791 92.648948052590
120.812961857123 92.153498665105
120.876992312238 91.659327316400
120.959693749105 91.166518919095
121.043789491322 90.673923954330
121.125530399365 90.180890064308
121.200592689868 89.686563529590
121.255470103855 89.190728332622
121.340597909482 88.698220142706
121.430473373470 88.206553516298
121.533155300249 87.718304882679
121.602469386437 87.223326112456
121.680040018629 86.729584114927
121.752279533787 86.235023136494
121.830172396535 85.741353047046
121.905709764097 85.247399613413
121.978418495718 84.752714783216
122.048208091554 84.257660642620
122.125740407727 83.763935970318
122.201555044652 83.269914725586
122.277462521929 82.775956961909
122.351965812890 82.281855980219
122.428229399701 81.787878194804
122.495577342687 81.292604951722
122.562847428583 80.797940650586
122.642386157169 80.304571171303
122.727057220860 79.811961822234
122.809124465960 79.318839596052
122.894363890794 78.826356210679
122.966238928409 78.331777552171
123.045820379344 77.838304649201
123.115297129278 77.343395578223
123.190015090927 76.849359869950
123.267157398319 76.355606904343
123.327847336923 75.859443260352
123.413759796376 75.367143723550
123.499853353934 74.874949880315
123.587815789518 74.383012713465
123.671748776311 73.890382953950
123.728645521270 73.394362666634
123.773940322052 72.897277636044
123.859772601898 72.405028345452
123.937406525111 71.911450285890
124.025520143101 71.419536812738
124.095677419843 70.924835658014
124.167634884524 70.430883188243
124.253768598560 69.938553897272
124.341619818520 69.446556194457
124.436245140514 68.955601351588
124.531744574709 68.465274467474
124.593484480431 67.969242989025
124.665293514382 67.474721270385
124.725372256501 66.978986378307
124.789149484257 66.483812623807
124.864060353233 65.989719886593
124.938170131071 65.495470417596
124.994646788051 64.999426286086
125.057836731344 64.503750345670
125.142791266119 64.011617169544
125.223697766747 63.519688370934
125.317459546544 63.028745154831
125.410793752384 62.537722867245
125.539605809982 62.055047091724
125.621966137007 61.562308186093
125.703609382609 61.069699028352
125.775328356532 60.575202214138
125.840620466843 60.080479703188
125.892901513342 59.583835433054
125.970048669599 59.090216214793
126.049767215956 58.596943913205
126.110880807383 58.102308689474
126.167907601794 57.607939930587
126.244479067398 57.114055373084
126.332519806503 56.621900069687
126.413448591386 56.128634252172
126.500843124732 55.636483096473
126.579362819496 55.142989686412
126.663969344800 54.650279584546
126.746556794430 54.157445858642
126.823809739448 53.663791324396
126.915445619818 53.172357076842
126.989459917070 52.678038965857
127.060650268311 52.183357694239
127.128799338140 51.688111347976
127.202430961943 51.193817329886
127.254700080497 50.697566107619
127.334920706291 50.204363520861
127.411903905149 49.710676672061
127.494134966093 49.217715030439
127.578483377604 48.725083092517
127.655592267387 48.231524096013
127.731990734665 47.737710622913
127.809147032971 47.243917235039
127.878699312142 46.749769386074
127.962149576421 46.257019234383
128.035524799918 45.762785220842
128.106264951002 45.267910602730
128.173988206258 44.772793322549
128.256112321335 44.279823851201
128.325919497538 43.785413584303
128.407119446258 43.292532322824
128.498275407903 42.801183431451
128.581277922123 42.308137381950
128.642853097120 41.812444026651
128.725393124168 41.319599720491
128.798157999456 40.825725969298
128.893177267987 40.335107129331
128.975065848824 39.842123188883
129.060211343155 39.349887451821
129.146790110481 38.857920809044
129.234996381468 38.366042789615
129.315933585510 37.873047347940
129.394767383650 37.379651277719
129.479380354182 36.887197860622
129.555321269095 36.393249699839
129.624499306522 35.898264121871
129.692765823752 35.403243825431
129.771025600686 34.909584406029
129.840912076817 34.414918409181
129.907720130554 33.919620051897
129.968941658634 33.424314754258
130.020691072491 32.927962141194
130.089881047804 32.432908200849
130.184273887872 31.942306882503
130.272384682095 31.450665870874
130.362375929922 30.959019992603
130.432384086900 30.464205005433
130.509105904562 29.970397151639
130.571232954972 29.474837502042
130.572308799065 29.454005154210
END_POLYGON

POLYGON OUT1 OUT STRAIGHT 1 414
130.572308799065 29.454005154210
130.571232954972 29.474837502042
130.509105904562 29.970397151639
130.432384086900 30.464205005433
130.362375929922 30.959019992603
130.272384682095 31.450665870874
130.184273887872 31.942306882503
130.089881047804 32.432908200849
130.020691072491 32.927962141194
129.968941658634 33.424314754258
129.907720130554 33.919620051897
129.840912076817 34.414918409181
129.771025600686 34.909584406029
129.692765823752 35.403243825431
129.624499306522 35.898264121871
129.555321269095 36.393249699839
129.479380354182 36.887197860622
129.394767383650 37.379651277719
129.315933585510 37.873047347940
129.234996381468 38.366042789615
129.146790110481 38.857920809044
129.060211343155 39.349887451821
128.975065848824 39.842123188883
128.893177267987 40.335107129331
128.798157999456 40.825725969298
128.725393124168 41.319599720491
128.642853097120 41.812444026651
128.581277922123 42.308137381950
128.498275407903 42.801183431451
128.407119446258 43.292532322824
128.325919497538 43.785413584303
128.256112321335 44.279823851201
128.173988206258 44.772793322549
128.106264951002 45.267910602730
128.035524799918 45.762785220842
127.962149576421 46.257019234383
127.878699312142 46.749769386074
127.809147032971 47.243917235039
127.731990734665 47.737710622913
127.655592267387 48.231524096013
127.578483377604 48.725083092517
127.494134966093 49.217715030439
127.411903905149 49.710676672061
127.334920706291 50.204363520861
127.254700080497 50.697566107619
127.202430961943 51.193817329886
127.128799338140 51.688111347976
127.060650268311 52.183357694239
126.989459917070 52.678038965857
126.915445619818 53.172357076842
126.823809739448 53.663791324396
126.746556794430 54.157445858642
126.663969344800 54.650279584546
126.579362819496 55.142989686412
126.500843124732 55.636483096473
126.413448591386 56.128634252172
126.332519806503 56.621900069687
126.244479067398 57.114055373084
126.167907601794 57.607939930587
126.110880807383 58.102308689474
126.049767215956 58.596943913205
125.970048669599 59.090216214793
125.892901513342 59.583835433054
125.840620466843 60.080479703188
125.775328356532 60.575202214138
125.703609382609 61.069699028352
125.621966137007 61.562308186093
125.539605809982 62.055047091724
125.410793752384 62.537722867245
125.317459546544 63.028745154831
125.223697766747 63.519688370934
125.142791266119 64.011617169544
125.057836731344 64.503750345670
124.994646788051 64.999426286086
124.938170131071 65.495470417596
124.864060353233 65.989719886593
124.789149484257 66.483812623807
124.725372256501 66.978986378307
124.665293514382 67.474721270385
124.593484480431 67.969242989025
124.531744574709 68.465274467474
124.436245140514 68.955601351588
124.341619818520 69.446556194457
124.253768598560 69.938553897272
124.167634884524 70.430883188243
124.095677419843 70.924835658014
124.025520143101 71.419536812738
123.937406525111 71.911450285890
123.859772601898 72.405028345452
123.773940322052 72.897277636044
123.728645521270 73.394362666634
123.671748776311 73.890382953950
123.587815789518 74.383012713465
123.499853353934 74.874949880315
123.413759796376 75.367143723550
123.327847336923 75.859443260352
123.267157398319 76.355606904343
123.190015090927 76.849359869950
123.115297129278 77.343395578223
123.045820379344 77.838304649201
122.966238928409 78.331777552171
122.894363890794 78.826356210679
122.809124465960 79.318839596052
122.727057220860 79.811961822234
122.642386157169 80.304571171303
122.562847428583 80.797940650586
122.495577342687 81.292604951722
122.428229399701 81.787878194804
122.351965812890 82.281855980219
122.277462521929 82.775956961909
122.201555044652 83.269914725586
122.125740407727 83.763935970318
122.048208091554 84.257660642620
121.978418495718 84.752714783216
121.905709764097 85.247399613413
121.830172396535 85.741353047046
121.752279533787 86.235023136494
121.680040018629 86.729584114927
121.602469386437 87.223326112456
121.533155300249 87.718304882679
121.430473373470 88.206553516298
121.340597909482 88.698220142706
121.255470103855 89.190728332622
121.200592689868 89.686563529590
121.125530399365 90.180890064308
121.043789491322 90.673923954330
120.959693749105 91.166518919095
120.876992312238 91.659327316400
120.812961857123 92.153498665105
120.754566254791 92.648948052590
120.675118664665 93.136379706752
120.592942190978 93.626838733434
120.497655855822 94.117606363391
120.415737337128 94.610735392376
120.340650179639 95.104775800234
120.267150388006 95.596495453872
120.165840158631 96.085321006530
120.089464278432 96.578525972204
120.003113525607 97.068781945565
119.924015286013 97.562212419981
119.854912278459 98.054635847904
119.819183299859 98.550289567743
119.755226043690 99.045329615199
119.695949742161 99.540348576728
119.620541279345 100.032591258130
119.471822320999 100.509560303214
119.404005371524 101.004627181564
119.342403605237 101.499975296364
119.254588845039 101.992044423632
119.178368034776 102.485786746342
119.089634699178 102.977707453990
119.020487975216 103.472029244837
118.967940399166 103.968266671917
118.900719982744 104.462978138305
118.821670829921 104.956448114377
118.741606773048 105.449780924614
118.647470822126 105.940828789458
118.577278387043 106.435673586543
118.510357082471 106.930391294169
118.439305302389 107.425136200903
118.370302010314 107.920155233275
118.289103844814 108.413315129177
118.194565065925 108.904288530298
118.099964063454 109.394665512718
118.037350195419 109.889949197786
117.972169828180 110.384885214435
117.879278204860 110.876167811742
117.793587013473 111.368401450546
117.707043232293 111.860062497428
117.656897713044 112.356657043183
117.580976505682 112.850611818648
117.506491416884 113.344839380012
117.443304309154 113.840703656897
117.364857001642 114.334365386287
117.267148574805 114.824717106301
117.191050897639 115.318167741179
117.139037040324 115.814678543095
117.053831122767 116.306618035141
116.956229486981 116.796975139771
116.872447244788 117.288685051050
116.792321169167 117.781903349151
116.725854544068 118.276397015511
116.653239806915 118.770505649281
116.570982412388 119.263555912905
116.485703339846 119.755988113863
116.403829951303 120.249132912425
116.330306381792 120.742943269035
116.244634585626 121.235369294907
116.165986933278 121.729071583655
116.071238893043 122.220001081927
116.000150187205 122.714374186892
115.930764946718 123.209058166418
115.845447727322 123.701525851185
115.769097549954 124.194692331731
115.716251967232 124.691245057116
115.639103897690 125.185088802550
115.574456570033 125.680734187118
115.503636278549 126.175506665072
115.432635335390 126.670264508588
115.356269334437 127.164262338054
115.285761495651 127.659058266144
115.214852921115 128.153742608987
115.140143355117 128.647819274177
115.043676394228 129.138424258465
114.947384614917 129.628553425640
114.878137548348 130.123357720711
114.868965597159 130.169519611326
118.004924883529 130.649807219158
118.007738543902 130.631222256618
118.080674631180 130.138391218089
118.157788876741 129.644589645758
118.235258677889 129.150547539792
118.312106864649 128.658792348739
118.393105233368 128.166844617425
118.468188373120 127.674498144158
118.553843204683 127.182423850790
118.638724805648 126.689132355463
118.725439525142 126.197058878957
118.804131835784 125.701937788842
118.880583212602 125.206160451125
118.956393791504 124.710003410248
119.032366038274 124.215100813175
119.106128177206 123.720295940358
119.179649989597 123.226888403455
119.252855513459 122.730614052831
119.326146872347 122.237827804123
119.406937192391 121.746612720428
119.471816576201 121.250951581304
119.554373181540 120.759865830954
119.637906366849 120.266446578173
119.709737114741 119.774324966376
119.793414922188 119.278424420150
119.868363301509 118.781706115363
119.947841241859 118.287668490847
120.012559232228 117.790633435908
120.081240069338 117.294964492950
120.149212146870 116.799801310943
120.222825467822 116.312358240927
120.292093994472 115.820734579932
120.370386623373 115.330417734995
120.471919122528 114.841134670451
120.559150372436 114.350886384425
120.645898457675 113.857884183790
120.722968768877 113.359154866108
120.803815015583 112.863517569909
120.878818074842 112.366917525754
120.951895771874 111.873865498628
121.025758206480 111.377355903548
121.098519023178 110.882031284180
121.182339345927 110.390659479062
121.249537538948 109.895818055567
121.319332001327 109.403066066470
121.400498618941 108.911480328736
121.473392853805 108.418945654307
121.555240309512 107.925418781378
121.647721685379 107.432244339496
121.726231881383 106.941141836292
121.793772251037 106.442814944200
121.863807191521 105.944891194660
121.951646669304 105.448672631651
122.015097375393 104.954913858367
122.086064867985 104.461816496792
122.140079010890 103.963044107022
122.215017471608 103.472775200205
122.293021976112 102.982334601625
122.367240218601 102.493767355783
122.453033279795 102.003267117115
122.542744718923 101.510707131196
122.629874666141 101.017739753098
122.715490149815 100.522482344538
122.789332063453 100.024504384342
122.859186467132 99.526637021029
122.927948161284 99.029615645003
122.995234270307 98.535979099385
123.064628123306 98.043082077434
123.137885385145 97.550272921894
123.219825428702 97.060161763992
123.299832111494 96.568349372210
123.376144183168 96.076985534971
123.459763789119 95.585067476405
123.538218132732 95.091292002468
123.626606884313 94.598808312937
123.713014035775 94.105341887214
123.791249520095 93.610791157521
123.864910625156 93.113928473470
123.939857837247 92.617710807449
124.011859449041 92.122947512110
124.085262475241 91.627976227574
124.159453490190 91.134729982806
124.236110094976 90.639672837166
124.305156234540 90.147802606493
124.385733485308 89.652663866945
124.451193278062 89.155030728134
124.542642312907 88.663207875262
124.606103939302 88.169244173219
124.669260404569 87.677591260442
124.735394721050 87.181175589244
124.825510414366 86.692385358664
124.915068015055 86.201328364425
124.995957130918 85.711726400357
125.076023058806 85.215841645319
125.143514910363 84.719986109329
125.230860589004 84.227553940196
125.305846297151 83.735870136365
125.390633841387 83.244430934915
125.467745343707 82.746246061663
125.561481132971 82.254817845164
125.634800855206 81.758803731057
125.690427102710 81.262588801173
125.762070140916 80.766361852909
125.835358410179 80.274359994469
125.915151341900 79.784911000556
125.998925938009 79.293889208944
126.085710397840 78.801790883519
126.164555203802 78.305544976059
126.245846180351 77.809241402043
126.318913506769 77.315099223598
126.383188716513 76.819362930351
126.447849876185 76.323669935477
126.535421818670 75.833126946541
126.612579512356 75.342472267377
126.692743096751 74.850343880380
126.774681254405 74.355387390613
126.856070599461 73.862534757672
126.926471936332 73.367194442022
127.001577940183 72.876839261146
127.081370987104 72.380082376345
127.158503862515 71.885608377257
127.261708877281 71.395981505793
127.322756091937 70.900886688590
127.387730014864 70.405727686110
127.458546975285 69.908426947940
127.543028497632 69.419629276192
127.621501946258 68.928221047092
127.708721754891 68.437283535046
127.791371102534 67.943753740447
127.868566711440 67.450101147214
127.945862505219 66.954867015637
128.026101039635 66.461979112733
128.104381392400 65.968673766988
128.182285408419 65.476038455511
128.266406449077 64.983133586536
128.344588851458 64.488296219683
128.425866397225 63.999480407934
128.503998295320 63.505070707074
128.573664918606 63.012620758212
128.675814927722 62.522499701474
128.754210572208 62.028981543274
128.844269987202 61.536670178287
128.923286838881 61.036378084444
129.000914026244 60.539361030724
129.066648856259 60.039540207316
129.128920102610 59.542934538815
129.186594584168 59.044703341524
129.250269418312 58.553233192319
129.324426385595 58.061326660358
129.387210014412 57.570150982777
129.473670763316 57.080195639671
129.548708344596 56.586796901737
129.633247704004 56.096386252233
129.709239202583 55.604050851159
129.787465555145 55.111973113897
129.863952200422 54.617696895765
129.959587644914 54.126459527734
130.042686015249 53.633003146567
130.124213663661 53.139585512659
130.197139208046 52.640839106699
130.272039073703 52.142965949495
130.345724536043 51.648326305231
130.415833867501 51.153280932416
130.476885498035 50.658686335355
130.556048449994 50.167070831930
130.625179018054 49.672969149893
130.701944038506 49.180079857826
130.783790591191 48.685700387490
130.856963183981 48.195077793481
130.921437788058 47.699200390805
130.991677407276 47.207357906642
131.082089350261 46.717424378950
131.152369921573 46.227398565772
131.246486200066 45.742695463982
131.325950818516 45.248755421772
131.412500404170 44.759525007178
131.514499173551 44.266464085845
131.600300091411 43.774687622947
131.683376584779 43.278042749826
131.758494714583 42.779138003457
131.840419050088 42.283953168097
131.904909392253 41.786717385671
131.978768850185 41.292230999939
132.052157245932 40.796560361546
132.125018027211 40.303674780306
132.197568330101 39.809702367361
132.270619650264 39.315727983950
132.343554523026 38.820614206764
132.419827894522 38.326549650331
132.495356764731 37.832530110573
132.563542606165 37.337054685746
132.635432540057 36.840448783985
132.707411797141 36.347508259956
132.777594792031 35.853103696475
132.842153179153 35.356054962096
132.926556816502 34.863414055427
132.996147202086 34.370368395083
133.058604440137 33.877467075170
133.129785560658 33.382999779476
133.210842046284 32.892643003530
133.289505821300 32.401926253597
133.375176001175 31.909712655158
133.460486758964 31.414945541170
133.539020608130 30.920988278760
133.611452898167 30.423890023183
133.679261446168 29.926344693864
133.682865989303 29.897181692869
END_POLYGON

POLYGON IN2 IN CURVE 2 67
111.736308365974 129.692434413738
111.664799134241 130.111712417563
111.597339144409 130.609090930749
111.531393325022 131.104502018536
111.476497297234 131.603802595948
111.409090275376 132.097793900811
111.339142590051 132.590068342946
111.273251683926 133.080294072740
111.199533591544 133.570259479265
111.119510893737 134.056191803845
111.037091139049 134.534123581331
110.951028398222 134.996925505528
110.848034278651 135.448999058384
110.711298081171 135.882064000714
110.494768489508 136.272870439943
110.250098993686 136.631925597419
109.975908297876 136.961786660902
109.663325058065 137.258622732380
109.306472355723 137.490480145848
108.917077703187 137.654509202963
108.510873583078 137.755344736401
108.078193140706 137.794332496531
107.618276069478 137.769913754471
107.163230641481 137.669283809300
106.699111230613 137.570455651882
106.210039058848 137.537187081414
105.713441180005 137.456934697457
105.217928657890 137.356272092103
104.930589337740 137.312558274752
104.272449363290 140.521114535778
104.610370039446 140.601501146266
105.098120416591 140.706327778379
105.587953714039 140.798740030025
106.083619846261 140.858678925285
106.577234306633 140.927626602891
107.074390360929 140.970226163676
107.572204467425 141.008161845368
108.069372667200 141.053303950885
108.562405157457 140.977508293041
109.057139653689 140.912958216094
109.541892684791 140.791586054876
110.028436656263 140.678586313011
110.501651527736 140.518653075960
110.958579918270 140.316640909361
111.393088855943 140.071160818985
111.804537285707 139.787468967578
112.182061331399 139.461651606474
112.539917184964 139.113234605983
112.918660935164 138.788014620168
113.246270241121 138.411060309791
113.511647745068 137.988912785500
113.665948905785 137.513970807639
113.770087011215 137.025246301939
113.893018534916 136.541966445805
113.966617264453 136.047571839789
114.036965857168 135.552822647943
114.107591824058 135.058264807231
114.184560941840 134.564505540055
114.256248294941 134.070012770217
114.320643957805 133.574703848581
114.402092169177 133.081784433351
114.491053807000 132.589965309291
114.543935860706 132.094170976917
114.629933341553 131.601796419078
114.710752795472 131.108976007031
114.796547919715 130.616459886469
114.868965597159 130.169519611326
END_POLYGON

POLYGON OUT2 OUT CURVE 2 86
114.868965597159 130.169519611326
114.796547919715 130.616459886469
114.710752795472 131.108976007031
114.629933341553 131.601796419078
114.543935860706 132.094170976917
114.491053807000 132.589965309291
114.402092169177 133.081784433351
114.320643957805 133.574703848581
114.256248294941 134.070012770217
114.184560941840 134.564505540055
114.107591824058 135.058264807231
114.036965857168 135.552822647943
113.966617264453 136.047571839789
113.893018534916 136.541966445805
113.770087011215 137.025246301939
113.665948905785 137.513970807639
113.511647745068 137.988912785500
113.246270241121 138.411060309791
112.918660935164 138.788014620168
112.539917184964 139.113234605983
112.182061331399 139.461651606474
111.804537285707 139.787468967578
111.393088855943 140.071160818985
110.958579918270 140.316640909361
110.501651527736 140.518653075960
110.028436656263 140.678586313011
109.541892684791 140.791586054876
109.057139653689 140.912958216094
108.562405157457 140.977508293041
108.069372667200 141.053303950885
107.572204467425 141.008161845368
107.074390360929 140.970226163676
106.577234306633 140.927626602891
106.083619846261 140.858678925285
105.587953714039 140.798740030025
105.098120416591 140.706327778379
104.610370039446 140.601501146266
104.272449363290 140.521114535778
103.627254607626 143.644612898499
103.965603185657 143.696213838390
104.459957441047 143.790085058423
104.953738761156 143.890425073828
105.449320775968 143.968202412256
105.952529446157 144.032456355100
106.460363565145 144.097472609599
106.970692365200 144.159440021881
107.484377210900 144.204650593231
108.007196419799 144.225160184120
108.535555535194 144.211301219123
109.060790673987 144.173885590693
109.589694947039 144.090281404097
110.101945073924 143.970169296134
110.610240273512 143.843883776867
111.092200071151 143.645050199005
111.583285928195 143.468578807657
112.059268641208 143.283244714856
112.537780016526 143.068477984335
113.005308061682 142.816944490576
113.041207735444 142.810597684165
113.422265981754 142.514159509670
113.758183660501 142.241152052321
114.179800241178 141.944338678846
114.615556143943 141.666740379318
115.029643722453 141.348512965563
115.407938166965 140.960924925561
115.761442458885 140.535088030493
116.076050604976 140.082419285088
116.312294777787 139.590493944861
116.501773729181 139.090465348224
116.659034170413 138.577200318777
116.771810934098 138.067003356940
116.904155478432 137.568864685325
116.986985225515 137.064851426040
117.069079768398 136.567457615831
117.151573079159 136.065919163859
117.231094052094 135.572119934565
117.311193873756 135.077875691420
117.390130184039 134.583986421556
117.468804975848 134.089231195195
117.545124330548 133.594899247080
117.623102649330 133.102377118345
117.695819804214 132.606345230873
117.772221042781 132.113214834384
117.857365769084 131.620622231322
117.926547414084 131.125806178143
118.004924883529 130.649807219158
END_POLYGON

POLYGON IN3 IN STRAIGHT 3 68
104.930589337740 137.312558274752
104.732089581982 137.283087710568
104.234415401791 137.209919986717
103.742217052449 137.129822920161
103.247589317864 137.053888120870
102.756494840117 136.970883257971
102.266160615893 136.889272730869
101.771767210574 136.816743291268
101.273216506022 136.731646715452
100.782689982117 136.634086045508
100.291412365208 136.557648677647
99.791122520369 136.508186048376
99.293084184111 136.427893215706
98.799919310755 136.340613185759
98.307885344954 136.277094266043
97.814306579662 136.207470483465
97.318931733546 136.135447709950
96.826191561615 136.064996736842
96.334187166622 135.977666822217
95.843878776575 135.895591416310
95.349263346916 135.820101858175
94.851772284523 135.748259319023
94.359976944122 135.660804921608
93.864749879739 135.593953318476
93.373126408116 135.524734490823
92.878973382811 135.439505093672
92.388270997737 135.364757484936
91.898842820513 135.274246119612
91.403526608204 135.196617591003
90.910483873383 135.110698368924
90.414618127962 135.028876530089
89.921680315054 134.954382875660
89.426940540681 134.883457163794
89.225000882566 134.855226910233
88.721894559809 138.035556678902
88.850730148609 138.064788331773
89.344595471997 138.141136131860
89.838715802041 138.204665475404
90.330720298422 138.289610052915
90.822834132362 138.370321039218
91.314095815275 138.461343917334
91.806014793841 138.548391518413
92.300105478913 138.618557997058
92.793899594533 138.687817011487
93.286635991798 138.761995118277
93.780008981796 138.843072300018
94.273872481966 138.921048495242
94.767671302124 138.991714344117
95.262432580621 139.061407398407
95.752741527960 139.152840281975
96.243432194851 139.246664507659
96.735171380530 139.335271347341
97.227806374319 139.414682775641
97.722617895983 139.483846535088
98.217425179188 139.553025735901
98.712315851589 139.621099678484
99.207365081044 139.689200958694
99.702981612994 139.751448713379
100.201993709359 139.764268326677
100.698193351605 139.807231611326
101.191633801702 139.887916527964
101.688677385640 139.934844634610
102.176842303396 140.040027320765
102.661287372369 140.161937115900
103.148085036662 140.274900421411
103.636241905455 140.380621109104
104.123544071852 140.490318968769
104.272449363290 140.521114535778
END_POLYGON

POLYGON OUT3 OUT STRAIGHT 3 67
104.272449363290 140.521114535778
104.123544071852 140.490318968769
103.636241905455 140.380621109104
103.148085036662 140.274900421411
102.661287372369 140.161937115900
102.176842303396 140.040027320765
101.688677385640 139.934844634610
101.191633801702 139.887916527964
100.698193351605 139.807231611326
100.201993709359 139.764268326677
99.702981612994 139.751448713379
99.207365081044 139.689200958694
98.712315851589 139.621099678484
98.217425179188 139.553025735901
97.722617895983 139.483846535088
97.227806374319 139.414682775641
96.735171380530 139.335271347341
96.243432194851 139.246664507659
95.752741527960 139.152840281975
95.262432580621 139.061407398407
94.767671302124 138.991714344117
94.273872481966 138.921048495242
93.780008981796 138.843072300018
93.286635991798 138.761995118277
92.793899594533 138.687817011487
92.300105478913 138.618557997058
91.806014793841 138.548391518413
91.314095815275 138.461343917334
90.822834132362 138.370321039218
90.330720298422 138.289610052915
89.838715802041 138.204665475404
89.344595471997 138.141136131860
88.850730148609 138.064788331773
88.721894559809 138.035556678902
88.236732801527 141.094115472555
88.685805391305 141.175637368743
89.177733443684 141.276587795173
89.671450690766 141.368231222874
90.163762085811 141.469024712115
90.660008981152 141.549478083929
91.154480132125 141.627385073682
91.652710322109 141.699336449002
92.145801480324 141.780200629861
92.636814701093 141.863967883475
93.128916339474 141.941979296151
93.622279303677 142.021511977049
94.113574138636 142.108165756129
94.605396865872 142.186244071536
95.097046973336 142.264786317340
95.589054258967 142.352128421069
96.081020676779 142.437817308778
96.572786245984 142.524180452871
97.068078804409 142.609934527955
97.562110931553 142.689593695538
98.056894682921 142.767574811243
98.553100127709 142.835307290643
99.049621938757 142.914605447341
99.541280995260 142.992079679109
100.031167783022 143.068794806849
100.526197447319 143.125870523020
101.017861271972 143.213223756204
101.509866728747 143.299165157174
101.998429955801 143.379666023004
102.491795989320 143.458657290355
102.986673301878 143.537183046604
103.476729431937 143.616529259588
103.627254607626 143.644612898499
END_POLYGON

POLYGON IN4 IN CURVE 4 307
89.225000882566 134.855226910233
88.940995166858 134.804479042981
88.446485688126 134.772845154839
87.954550432249 134.713465198013
87.467217111046 134.623911411725
86.986964600656 134.502025814226
86.516554584873 134.346465363350
86.059042479661 134.156298242401
85.617501814090 133.931528753532
85.194626543182 133.673349273194
84.792562415508 133.383816570358
84.412615733528 133.065801064456
84.055254556119 132.722581855113
83.720158983408 132.357570978614
83.406360138225 131.974076742640
83.112411925895 131.575145907722
82.836558870401 131.163481220811
82.576877795339 130.741417856003
82.331384640426 130.310938989143
82.098106944455 129.873713241513
81.875127267320 129.431141449459
81.660647499760 128.984384601341
81.452862075254 128.534472607747
81.250054540526 128.082292891061
81.050615244107 127.628616232149
80.852912749470 127.174179417195
80.655380515810 126.719668504185
80.456441701706 126.265771996847
80.254545229845 125.813184356844
80.048045010040 125.362680347349
79.835515145298 124.914991048753
79.616389687040 124.470493014791
79.390405399909 124.029442944380
79.157415652223 123.592053829951
78.917222115613 123.158579212061
78.669612336373 122.729298028128
78.414409211540 122.304487797024
78.151478378871 121.884417442046
77.880673506931 121.469380092121
77.601866365097 121.059675819918
77.314948854216 120.655609918325
77.019801621742 120.257516174379
76.716396270781 119.865680755227
76.404696204268 119.480411652932
76.084690825502 119.102013287048
75.756400092116 118.730780595449
75.419958156532 118.366918397307
75.075618366914 118.010520330320
74.723610179447 117.661693729731
74.364215769684 117.320482184636
73.997694262804 116.986938097815
73.624296060070 116.661110410195
73.244267486810 116.343040212425
72.857832716710 116.032783905670
72.465224670580 115.730377317009
72.066697895113 115.435814616751
71.662479250314 115.149112055289
71.252778704725 114.870298481553
70.837793308518 114.599413403799
70.417765474694 114.336415018626
69.992885194404 114.081329638953
69.563245466200 113.834344901238
69.128983504857 113.595581741996
68.690216747655 113.365201666665
68.247022812511 113.143457883461
67.799524938579 112.930534676615
67.347847156968 112.726628715758
66.892076654780 112.532043089401
66.432342862878 112.347017397108
65.968785226055 112.171792854906
65.501519084349 112.006712548965
65.030689355983 111.852091171163
64.556468800620 111.708207158956
64.079023898035 111.575413877483
63.598521950463 111.454150113150
63.115192690978 111.344703131598
62.629261658584 111.247459883177
62.140975842125 111.162831182137
61.650602832342 111.091287676158
61.158460039438 111.033165881400
60.664880766075 110.988881004009
60.170230359424 110.958846627766
59.674907529877 110.943480061763
59.179347527601 110.943234169218
58.684021844160 110.958417356713
58.189416663995 110.989141297725
57.695985406508 111.035021823584
57.204139302638 111.095589028470
56.714250124360 111.170363713819
56.226656801032 111.258886741241
55.741639841716 111.360585083230
55.259450331943 111.474944642446
54.780304008106 111.601454894850
54.304389569817 111.739631720735
53.831874790207 111.889023327428
53.362868765788 112.049091442623
52.897473189234 112.219374340941
52.435778432426 112.399452845580
51.977859401483 112.588928317494
51.523739698521 112.787338112012
51.073450007536 112.994295072849
50.627041361487 113.209496958599
50.184494718939 113.432533212957
49.745805553940 113.663065341197
49.310990512426 113.900824929887
48.880040935866 114.145521102329
48.453080163671 114.397112031046
48.030340299695 114.655732204098
47.612064301958 114.921510560883
47.198471661164 115.194518956941
46.789819893309 115.474868921203
46.386420136651 115.762724222547
45.988527898136 116.058144382936
45.596438868501 116.361223644305
45.210469074922 116.672058141576
44.830993649316 116.990788001314
44.458319677686 117.317443039742
44.092804162403 117.652087867570
43.734820557450 117.994777471766
43.384766783486 118.345563153048
43.043065698042 118.704489186337
42.710089842873 119.071522653456
42.386254037599 119.446644090770
42.071978284896 119.829809865723
41.767684891056 120.220950080480
41.473833354072 120.619993972713
41.189734019255 121.026046235218
40.911289960935 121.436005599946
40.633668931557 121.846524012342
40.352038055211 122.254295979118
40.061649668831 122.655865703205
39.757962003680 123.047453334997
39.437006892782 123.424987636202
39.096497032645 123.784971840896
38.736852253416 124.125841193470
38.358631977623 124.445970014694
37.962599564806 124.743767107681
37.549420001465 125.017263648060
37.119837864084 125.264188209485
36.674715822095 125.481833542634
36.215413385368 125.667662304393
35.744288736729 125.821097456406
35.264183838568 125.943629855732
34.777600168364 126.037259227582
34.286617118270 126.104188408987
33.792914417644 126.146743340277
33.297803589943 126.167389983329
32.802254821305 126.168394534311
32.306977429407 126.151767850391
31.812460659681 126.119617989326
31.319014770768 126.073833491585
30.826825657449 126.016053293073
30.335949272957 125.947998138528
29.846356126734 125.871238122665
29.357943523325 125.787281182048
28.668556851559 128.881382911078
29.022345755061 128.947279389742
29.516798928357 129.019714109117
30.009577641644 129.102448795258
30.504085737274 129.174598985438
30.998657820535 129.246035559014
31.491173249294 129.328987482066
31.985025277096 129.406733716382
32.473022316941 129.515320220438
32.967865413776 129.585318755773
33.465196135348 129.634214634013
33.964705315888 129.636896866433
34.461592699603 129.595984109889
34.952937768454 129.503481612311
35.442888371544 129.409045072084
35.931107474658 129.305464553542
36.419140147592 129.198704513943
36.895145209212 129.046814914663
37.367616304910 128.883797077117
37.829061894005 128.693316367595
38.289959282631 128.499840684758
38.752587730695 128.311496783294
39.202274738650 128.093392346113
39.645912176753 127.863366987268
40.100070600791 127.654949953384
40.544532151840 127.426559065103
40.979292555139 127.179983560906
41.407723037114 126.922984664756
41.822377621489 126.644145656096
42.221114539101 126.342737179557
42.591149731129 126.008393783038
42.920256364138 125.632417986637
43.264365585687 125.271650475608
43.553458472609 124.863732038477
43.820322817015 124.441414967624
44.084937289451 124.018758234104
44.389838815097 123.622714094870
44.675728101642 123.213202395543
44.994331323357 122.828391321031
45.270295970647 122.412166414565
45.553427998023 122.001221881245
45.865414104083 121.610769245155
46.202877507099 121.242148537755
46.563355523850 120.896341499630
46.944046922045 120.572543130886
47.343538492907 120.272800783087
47.750628747575 119.983282663434
48.146237687549 119.678691916434
48.546394763354 119.379438113963
48.950596239672 119.085196521747
49.341185895891 118.773574958256
49.733461822426 118.464197266658
50.131158647825 118.161520513700
50.549194512985 117.888016446762
50.985199232609 117.644292527313
51.432971644811 117.422494389149
51.895865965160 117.234656049461
52.358675106715 117.046114382151
52.819577675277 116.852326228780
53.272879175737 116.642332222175
53.731532641802 116.444694257585
54.204614153023 116.284426514967
54.684701089059 116.145310890409
55.173789736126 116.048472853408
55.663508467202 115.951090272221
56.155946439229 115.868420483545
56.649166222000 115.797038069553
57.145309599401 115.741961779198
57.644555151718 115.722875771167
58.142538441904 115.685987953415
58.642162691764 115.679974307849
59.140686486847 115.647532903495
59.639925876969 115.625181976314
60.139357331999 115.613100967752
60.638876701541 115.604913422770
61.137159992648 115.616087925440
61.630371881233 115.694328625806
62.121272931789 115.783232207140
62.608554702127 115.891895228475
63.094025816115 116.010367362452
63.574515888994 116.148647348551
64.058257922953 116.274046974900
64.541383958880 116.400396083687
65.030571338788 116.498262358266
65.508382848658 116.644072761000
65.979574160397 116.806694595175
66.455947918744 116.957044416061
66.903444657741 117.179000244565
67.363943711709 117.372622883684
67.829571520486 117.553690108500
68.256274619346 117.813057702501
68.680676908865 118.074924068018
69.106409113278 118.336366262461
69.510902997511 118.628673647548
69.901536406063 118.940503933602
70.303589933519 119.237031995597
70.711016179730 119.526610164245
71.083623787846 119.858563407067
71.464083924821 120.182051507520
71.810543139349 120.541962614712
72.164678612694 120.894708026927
72.539512709459 121.224786756249
72.884792059657 121.585492868704
73.266320909695 121.906832655476
73.600354406224 122.278109862685
73.900171156119 122.677004351243
74.171615940748 123.096142011643
74.466995651897 123.498514885313
74.728516849720 123.924499396348
75.016604125799 124.332735861218
75.282677171912 124.755898666974
75.559993650284 125.171551901100
75.768193727779 125.624046524877
75.981100927591 126.075749302533
76.163034651740 126.540305857413
76.342342603793 127.006251628732
76.478127206509 127.487195343331
76.582286900149 127.974688185881
76.731436006647 128.450041692730
76.888755578558 128.923081272537
77.024796556197 129.404040037815
77.190766152739 129.874897294395
77.446151419464 130.303404011282
77.726249976947 130.716529381926
78.026474587592 131.115820249159
78.337065272450 131.507474894997
78.637012276986 131.906148836625
78.963638700107 132.284411608852
79.289897973776 132.663208791576
79.616184140487 133.041496334037
79.940309664545 133.421674883450
80.271128688991 133.795576172993
80.600102675811 134.170476584142
80.934352657641 134.541282418003
81.272530977841 134.908966348598
81.611419464797 135.275746628741
81.962607626104 135.631245145621
82.331760205467 135.967910462278
82.715483951878 136.287282779470
83.116686678139 136.584200870864
83.530754083994 136.863892693062
83.968843411888 137.102615882970
84.433241125834 137.286062885531
84.910649051733 137.434287540899
85.394941690507 137.557997747535
85.885951624775 137.650780719792
86.379704914843 137.729528992845
86.875898862233 137.785870826113
87.370366168311 137.849877641664
87.863686634867 137.921177716069
88.357782926803 137.988117474995
88.721894559809 138.035556678902
END_POLYGON

POLYGON OUT4 OUT CURVE 4 308
88.721894559809 138.035556678902
88.357782926803 137.988117474995
87.863686634867 137.921177716069
87.370366168311 137.849877641664
86.875898862233 137.785870826113
86.379704914843 137.729528992845
85.885951624775 137.650780719792
85.394941690507 137.557997747535
84.910649051733 137.434287540899
84.433241125834 137.286062885531
83.968843411888 137.102615882970
83.530754083994 136.863892693062
83.116686678139 136.584200870864
82.715483951878 136.287282779470
82.331760205467 135.967910462278
81.962607626104 135.631245145621
81.611419464797 135.275746628741
81.272530977841 134.908966348598
80.934352657641 134.541282418003
80.600102675811 134.170476584142
80.271128688991 133.795576172993
79.940309664545 133.421674883450
79.616184140487 133.041496334037
79.289897973776 132.663208791576
78.963638700107 132.284411608852
78.637012276986 131.906148836625
78.337065272450 131.507474894997
78.026474587592 131.115820249159
77.726249976947 130.716529381926
77.446151419464 130.303404011282
77.190766152739 129.874897294395
77.024796556197 129.404040037815
76.888755578558 128.923081272537
76.731436006647 128.450041692730
76.582286900149 127.974688185881
76.478127206509 127.487195343331
76.342342603793 127.006251628732
76.163034651740 126.540305857413
75.981100927591 126.075749302533
75.768193727779 125.624046524877
75.559993650284 125.171551901100
75.282677171912 124.755898666974
75.016604125799 124.332735861218
74.728516849720 123.924499396348
74.466995651897 123.498514885313
74.171615940748 123.096142011643
73.900171156119 122.677004351243
73.600354406224 122.278109862685
73.266320909695 121.906832655476
72.884792059657 121.585492868704
72.539512709459 121.224786756249
72.164678612694 120.894708026927
71.810543139349 120.541962614712
71.464083924821 120.182051507520
71.083623787846 119.858563407067
70.711016179730 119.526610164245
70.303589933519 119.237031995597
69.901536406063 118.940503933602
69.510902997511 118.628673647548
69.106409113278 118.336366262461
68.680676908865 118.074924068018
68.256274619346 117.813057702501
67.829571520486 117.553690108500
67.363943711709 117.372622883684
66.903444657741 117.179000244565
66.455947918744 116.957044416061
65.979574160397 116.806694595175
65.508382848658 116.644072761000
65.030571338788 116.498262358266
64.541383958880 116.400396083687
64.058257922953 116.274046974900
63.574515888994 116.148647348551
63.094025816115 116.010367362452
62.608554702127 115.891895228475
62.121272931789 115.783232207140
61.630371881233 115.694328625806
61.137159992648 115.616087925440
60.638876701541 115.604913422770
60.139357331999 115.613100967752
59.639925876969 115.625181976314
59.140686486847 115.647532903495
58.642162691764 115.679974307849
58.142538441904 115.685987953415
57.644555151718 115.722875771167
57.145309599401 115.741961779198
56.649166222000 115.797038069553
56.155946439229 115.868420483545
55.663508467202 115.951090272221
55.173789736126 116.048472853408
54.684701089059 116.145310890409
54.204614153023 116.284426514967
53.731532641802 116.444694257585
53.272879175737 116.642332222175
52.819577675277 116.852326228780
52.358675106715 117.046114382151
51.895865965160 117.234656049461
51.432971644811 117.422494389149
50.985199232609 117.644292527313
50.549194512985 117.888016446762
50.131158647825 118.161520513700
49.733461822426 118.464197266658
49.341185895891 118.773574958256
48.950596239672 119.085196521747
48.546394763354 119.379438113963
48.146237687549 119.678691916434
47.750628747575 119.983282663434
47.343538492907 120.272800783087
46.944046922045 120.572543130886
46.563355523850 120.896341499630
46.202877507099 121.242148537755
45.865414104083 121.610769245155
45.553427998023 122.001221881245
45.270295970647 122.412166414565
44.994331323357 122.828391321031
44.675728101642 123.213202395543
44.389838815097 123.622714094870
44.084937289451 124.018758234104
43.820322817015 124.441414967624
43.553458472609 124.863732038477
43.264365585687 125.271650475608
42.920256364138 125.632417986637
42.591149731129 126.008393783038
42.221114539101 126.342737179557
41.822377621489 126.644145656096
41.407723037114 126.922984664756
40.979292555139 127.179983560906
40.544532151840 127.426559065103
40.100070600791 127.654949953384
39.645912176753 127.863366987268
39.202274738650 128.093392346113
38.752587730695 128.311496783294
38.289959282631 128.499840684758
37.829061894005 128.693316367595
37.367616304910 128.883797077117
36.895145209212 129.046814914663
36.419140147592 129.198704513943
35.931107474658 129.305464553542
35.442888371544 129.409045072084
34.952937768454 129.503481612311
34.461592699603 129.595984109889
33.964705315888 129.636896866433
33.465196135348 129.634214634013
32.967865413776 129.585318755773
32.473022316941 129.515320220438
31.985025277096 129.406733716382
31.491173249294 129.328987482066
30.998657820535 129.246035559014
30.504085737274 129.174598985438
30.009577641644 129.102448795258
29.516798928357 129.019714109117
29.022345755061 128.947279389742
28.668556851559 128.881382911078
28.145981009664 132.078594670728
28.228967627093 132.094928436893
28.723415772915 132.182224433147
29.215820919827 132.255634350473
29.702018944879 132.327202829423
30.188257899972 132.423521854889
30.666242095357 132.522513312590
31.129106900694 132.652645576236
31.599571956914 132.759717705700
32.057721773296 132.894556694535
32.503433058888 133.065250143979
32.936286090161 133.247542869863
33.355249786231 133.458354029663
33.757813518869 133.699993992900
34.152715380755 133.955873306517
34.530572832913 134.241030900406
34.887870242869 134.554857621100
35.233335168955 134.872953142367
35.572537068379 135.209041161922
35.897741422077 135.562204636053
36.178374681816 135.946314971967
36.471718936177 136.320661755843
36.749275234961 136.707876765735
36.993421937310 137.110485240623
37.219990767548 137.519178417891
37.431162280705 137.936142042507
37.564927371459 138.396581584517
37.695441872355 138.862745271788
37.823202505287 139.333112520677
37.971441075998 139.813602330956
38.129972898529 140.297567845405
38.290401681052 140.781342724674
38.456131970820 141.261989160302
38.648448639335 141.731097440624
38.842031215896 142.204422510222
39.044781548538 142.672993952241
39.245520629016 143.140318607828
39.473781877561 143.595563220767
39.701563958436 144.053644909110
39.947196618093 144.498902294629
40.190558372689 144.943004747637
40.460499884101 145.380358880659
40.711399859143 145.821832572514
40.978073248563 146.260395421028
41.277423776431 146.670805815335
41.569173384466 147.096626681348
41.890058784586 147.502310892281
42.203733824126 147.906623686577
42.540833633245 148.294941966691
42.892511934271 148.666072643697
43.251322090519 149.035115181558
43.606492678562 149.397935491554
43.973037136196 149.746047723836
44.347682032187 150.083439919928
44.715972911194 150.431879002352
45.088756310163 150.774056914476
45.460823326449 151.118946874106
45.848222676032 151.448631275929
46.244748084371 151.769631084996
46.655819614645 152.075926817834
47.068905745406 152.390007083625
47.493299925621 152.688966783036
47.921105884897 152.975644947127
48.381834728736 153.213513044155
48.845229004506 153.437866432346
49.307625145619 153.664615575560
49.766555742798 153.870603542671
50.222509985795 154.080960785999
50.689161633895 154.281445835660
51.151192907053 154.494487592550
51.617907087371 154.702782571057
52.095611709364 154.880293402196
52.584280223380 155.037309339639
53.075966142614 155.185598609195
53.565423537769 155.327092893314
54.056621142866 155.462721950795
54.548990097970 155.589704953889
55.046216239009 155.707902827491
55.549389004702 155.801830919977
56.053974055329 155.895139837437
56.562779318172 155.965002286836
57.073727908522 156.027916377539
57.588513141134 156.073336028523
58.101694975007 156.105058429606
58.613430379434 156.103688515759
59.120094806035 156.089355270382
59.624043257698 156.067150605047
60.123519094816 156.054422216886
60.629987856929 156.052454328034
61.137763343091 156.049960882505
61.651937747866 156.044082944629
62.158628517834 155.987453300872
62.672753636219 155.913607696083
63.181940338486 155.809083822300
63.687487025443 155.739486083044
64.184800698963 155.616999404494
64.676068705879 155.488192022770
65.171533561939 155.349707121683
65.656667492201 155.200979702997
66.139897682204 155.047430821278
66.621229882745 154.889554661242
67.098482137105 154.721843797115
67.575604935637 154.546841376370
68.053184573580 154.367939143146
68.528109861424 154.182088674668
68.998943419140 153.978899475512
69.466512135256 153.760087480097
69.931561174039 153.528378732034
70.382680990721 153.274274609656
70.821153966931 152.999945578629
71.239990653464 152.705317902817
71.654414511573 152.405121219048
72.060852870951 152.099247860888
72.474076158807 151.810209999419
72.874676074820 151.501559913104
73.267650346545 151.187881733744
73.667827191008 150.871533753531
74.055340457857 150.544437875218
74.448056358190 150.223255936905
74.826920540331 149.879693261338
75.201936938641 149.531521947710
75.570423052225 149.172499566317
75.921847900312 148.800752412561
76.260719213140 148.416904092332
76.595412362225 148.025722650922
76.922435827512 147.629752965647
77.240840986662 147.230612480069
77.535126790643 146.817711784249
77.813348509747 146.400373552096
78.091463569109 145.987032710189
78.378836848714 145.584112637098
78.678712270120 145.200659740844
78.987223134816 144.828237435328
79.290077598310 144.450088507542
79.617676425581 144.089925540810
79.957798921529 143.748480077796
80.295190649766 143.418553015976
80.644999067609 143.089375632463
81.020015753404 142.794424559738
81.421886125205 142.544129157479
81.808684234443 142.277653712909
82.218051101552 142.044577852510
82.642185342965 141.834820702383
83.070765839679 141.658020888230
83.521472146992 141.502329334342
83.987528667596 141.386280838249
84.459937052120 141.307006135468
84.931185323679 141.189938081277
85.398557282306 141.078895830234
85.872501801407 141.010150050590
86.337769059537 140.928555441562
86.800999021061 140.922533426478
87.282944136822 140.962170850442
87.746648016073 141.001247412732
88.216291468144 141.089272751599
88.236732801527 141.094115472555
END_POLYGON

POLYGON IN5 IN STRAIGHT 5 56
29.357943523325 125.787281182048
28.870540911201 125.697638287627
28.383905056767 125.603916346664
27.897734977182 125.507803652105
27.405362266756 125.422871850434
26.915154119333 125.326865561141
26.419305407367 125.237176144065
25.917666678135 125.160577508419
25.419197685441 125.087004869137
24.917662758442 125.036392960136
24.418198541665 124.997085259606
23.921526567808 124.925554296890
23.429990211199 124.865535551336
22.940737118279 124.798630579349
22.446755279582 124.738317275782
21.956974078285 124.660199650265
21.464683927502 124.585270472520
20.974730482289 124.500858393038
20.485052636654 124.418772333475
19.991879332331 124.341561440800
19.495927762659 124.264939967753
19.006467721854 124.167528943850
18.513645701679 124.089277906037
18.019158066177 124.016933501039
17.523604728589 123.931241873083
17.030931934943 123.850155234459
16.538766561934 123.772734232183
16.343979472476 123.742361780033
15.796256086055 126.843574631689
16.193432757190 126.929145655044
16.684234191540 127.022183228964
17.176031663378 127.108394358127
17.669752349947 127.184760602051
18.162986661337 127.264507081714
18.656748575888 127.341669308644
19.150612490834 127.417688880153
19.643442372968 127.499206642944
20.137172981685 127.576074424266
20.631746157558 127.648173070675
21.125309401039 127.725705493676
21.619566563636 127.798796797031
22.113192040537 127.876062855598
22.607269664012 127.950817488446
23.101389566219 128.020681282723
23.594812822951 128.093392235036
24.086770478315 128.180850087270
24.579200788383 128.265193617134
25.070673295786 128.353792630637
25.564052074949 128.431126647419
26.058392506273 128.504471863622
26.554362042068 128.565727348810
27.048685590873 128.638942784128
27.541622546592 128.721082903773
28.036212784298 128.792336938166
28.530968259919 128.862380836632
28.668556851559 128.881382911078
END_POLYGON

POLYGON OUT5 OUT STRAIGHT 5 56
28.668556851559 128.881382911078
28.530968259919 128.862380836632
28.036212784298 128.792336938166
27.541622546592 128.721082903773
27.048685590873 128.638942784128
26.554362042068 128.565727348810
26.058392506273 128.504471863622
25.564052074949 128.431126647419
25.070673295786 128.353792630637
24.579200788383 128.265193617134
24.086770478315 128.180850087270
23.594812822951 128.093392235036
23.101389566219 128.020681282723
22.607269664012 127.950817488446
22.113192040537 127.876062855598
21.619566563636 127.798796797031
21.125309401039 127.725705493676
20.631746157558 127.648173070675
20.137172981685 127.576074424266
19.643442372968 127.499206642944
19.150612490834 127.417688880153
18.656748575888 127.341669308644
18.162986661337 127.264507081714
17.669752349947 127.184760602051
17.176031663378 127.108394358127
16.684234191540 127.022183228964
16.193432757190 126.929145655044
15.796256086055 126.843574631689
15.228710591577 130.008656540070
15.417277070041 130.048183611622
15.907182660308 130.154166194113
16.399595064282 130.252183995027
16.892794201458 130.344796327050
17.388725388526 130.424296426699
17.879592624703 130.524847851237
18.374342409174 130.609184690100
18.867698947833 130.699810588232
19.367291727670 130.789329514428
19.869059549341 130.868650681075
20.373739539138 130.932150436984
20.876682381861 130.985119813091
21.373350594622 131.014246258257
21.865483386540 131.047635559920
22.355483358473 131.096927145611
22.838337745849 131.185971820854
23.321158698923 131.284708454008
23.809154453277 131.375861333706
24.311200072765 131.457737189300
24.812543894537 131.535665071468
25.303827464606 131.595215015664
25.797515155275 131.627752340875
26.286082608900 131.676128408286
26.766734764674 131.788363517967
27.245885670748 131.887841267320
27.725607850543 131.996060089270
28.145981009664 132.078594670728
END_POLYGON

POLYGON IN6 IN CURVE 6 57
16.343979472476 123.742361780033
16.076070311370 123.699171988469
15.615279980789 123.628425398391
15.167514667183 123.500881360911
14.732352658936 123.334439401637
14.340474520717 123.123187919501
13.970925968928 122.861015991477
13.609057437650 122.590436071447
13.298441762824 122.260500484236
12.992313426913 121.922776153866
12.725703921322 121.557720495492
12.499613890789 121.159301675412
12.313018394542 120.750171438123
12.153020993012 120.322538433509
12.035258071889 119.878480285938
11.977371112326 119.425177540123
11.924943137165 118.969236292167
11.908829431300 118.498684554108
11.949866783453 118.025448797365
12.013688382835 117.556525253041
12.054782095992 117.073230896223
12.135983468032 116.585120659140
12.236525506677 116.096837299243
12.268250010001 115.884495509909
9.145612391505 115.344894289337
9.076942006402 115.730672848344
9.003114192045 116.224677472552
8.915076148899 116.716574374714
8.791589464463 117.200662283481
8.691525097467 117.689781962270
8.624793509438 118.185028110312
8.590710958042 118.683440730643
8.570950630846 119.182445195161
8.590149497645 119.682017536499
8.645284555616 120.178651858898
8.719514619167 120.672505199909
8.822457483919 121.161499579650
8.950150707893 121.644394050821
9.146248034849 122.104123226783
9.373016501536 122.548829964618
9.664588459084 122.953908594105
9.947141821321 123.364990182697
10.219715171783 123.783812104761
10.520339056507 124.182706881374
10.849869348368 124.558562732665
11.209259448541 124.905434069108
11.575131159819 125.245759780176
11.971537678378 125.549095707593
12.400875636299 125.802390225982
12.853512666249 126.014081257267
13.284365397450 126.266883906892
13.743875641068 126.457574466477
14.225639845914 126.586527149448
14.717698560119 126.673149630547
15.211075675967 126.752153507805
15.704724249580 126.823613777807
15.796256086055 126.843574631689
END_POLYGON

POLYGON OUT6 OUT CURVE 6 74
15.796256086055 126.843574631689
15.704724249580 126.823613777807
15.211075675967 126.752153507805
14.717698560119 126.673149630547
14.225639845914 126.586527149448
13.743875641068 126.457574466477
13.284365397450 126.266883906892
12.853512666249 126.014081257267
12.400875636299 125.802390225982
11.971537678378 125.549095707593
11.575131159819 125.245759780176
11.209259448541 124.905434069108
10.849869348368 124.558562732665
10.520339056507 124.182706881374
10.219715171783 123.783812104761
9.947141821321 123.364990182697
9.664588459084 122.953908594105
9.373016501536 122.548829964618
9.146248034849 122.104123226783
8.950150707893 121.644394050821
8.822457483919 121.161499579650
8.719514619167 120.672505199909
8.645284555616 120.178651858898
8.590149497645 119.682017536499
8.570950630846 119.182445195161
8.590710958042 118.683440730643
8.624793509438 118.185028110312
8.691525097467 117.689781962270
8.791589464463 117.200662283481
8.915076148899 116.716574374714
9.003114192045 116.224677472552
9.076942006402 115.730672848344
9.145612391505 115.344894289337
6.000718364111 114.801434408316
5.947558423556 115.105255360950
5.853154320439 115.595171958594
5.774414747074 116.090753267561
5.701032026060 116.586929628048
5.620819962605 117.089188819251
5.548190122376 117.594077762374
5.476232920399 118.105324856188
5.435915754838 118.626198871424
5.428078666989 119.150747313232
5.457818045920 119.678830681074
5.518429338725 120.201203355722
5.601629863492 120.718251716044
5.708807684593 121.226963641128
5.832468490346 121.730907347408
5.973764885136 122.230414655688
6.128026166921 122.726767173363
6.304255356086 123.216869196679
6.505410791557 123.698726275282
6.733795851716 124.170755028589
6.983977609078 124.634897786727
7.257025686704 125.084293284263
7.551957727556 125.515176769424
7.880436191668 125.925632134630
8.219934568451 126.322056535390
8.564235851141 126.713936950837
8.942388961131 127.072195831089
9.318639570320 127.429282874078
9.713440276541 127.767754225479
10.131532963651 128.076232419445
10.558261624797 128.386263426256
10.995506266690 128.684923337097
11.454898558322 128.944258008464
11.935356522431 129.162064721995
12.436958669368 129.342090192620
12.940683996112 129.497910743272
13.436703192726 129.648346835727
13.932991926242 129.749693272888
14.431731350815 129.841522195636
14.931185904645 129.932962695875
15.228710591577 130.008656540070
END_POLYGON

POLYGON IN7 IN STRAIGHT 7 249
12.268250010001 115.884495509909
12.302374956580 115.614354025109
12.374546609441 115.118383441204
12.468434935488 114.630418596190
12.561917670772 114.144134396591
12.655623218959 113.652687799710
12.748257836653 113.158822952971
12.850530014504 112.666478904196
12.920327167111 112.166935929406
13.000161227528 111.667755799293
13.076891693787 111.168027330242
13.139956578819 110.673196418057
13.198099060225 110.176951518799
13.264893158741 109.684867177237
13.338934400298 109.196528692557
13.417877553866 108.709530450258
13.511193845841 108.225321842975
13.607913668194 107.740860356911
13.702883072268 107.252800145658
13.810608166872 106.761618179974
13.920731630347 106.268767910772
14.016560627999 105.777360467783
14.094551301815 105.281584700531
14.163915057157 104.779381941272
14.254648247680 104.283123794386
14.350848136353 103.791957314160
14.417662761342 103.297622879239
14.486382540272 102.799771291750
14.560839185996 102.301344672608
14.634735718541 101.808296659855
14.707988183719 101.316327372380
14.778035994244 100.823803215851
14.851347603700 100.332756256206
14.932556844410 99.843902145868
15.019549766111 99.354777902611
15.114420917779 98.863698179914
15.213656229669 98.371725276181
15.302513371571 97.878411895817
15.374215337436 97.383029272195
15.443137499347 96.885069431088
15.521760289162 96.391957674127
15.612745650979 95.902550753877
15.694250526251 95.411983959036
15.784235816828 94.920651535378
15.868310142056 94.425742002132
15.951337686941 93.931063274989
16.032310121713 93.436034702391
16.111673996069 92.943242542771
16.183953944248 92.449650635093
16.264207354106 91.958073959434
16.350155954239 91.466331159732
16.438434554562 90.976063011700
16.529813183233 90.486441423842
16.611936055828 89.995693452234
16.694166053265 89.504286667342
16.784610608331 89.016025047156
16.882209617354 88.523737677100
16.981974497282 88.029085830722
17.093250047585 87.536003838551
17.164475382122 87.035070838059
17.219454502652 86.532105879288
17.278112512253 86.026510599460
17.336219648262 85.528776186798
17.398524980574 85.036006774706
17.454267363558 84.542205164770
17.516557546338 84.050158726435
17.588803815456 83.558653232417
17.662826520233 83.067139732873
17.743510792682 82.575056970574
17.822587906476 82.084160969270
17.894558370923 81.591737386468
17.964980695877 81.099275393873
18.053957059808 80.608096925556
18.140934098819 80.118123978910
18.235386231325 79.630051207833
18.318737834088 79.137815181234
18.403487014347 78.649727727061
18.489561068651 78.158245328691
18.580228570985 77.670760503375
18.693227164007 77.187531761132
18.793514725713 76.696336809314
18.900698960387 76.207374011512
19.008969248325 75.714820945005
19.086423439479 75.219467419991
19.174660370732 74.721154603153
19.263321790431 74.220909199212
19.352122427767 73.731026184083
19.422759083422 73.235081985854
19.480940263671 72.736129226467
19.569515178383 72.242850094489
19.649115404764 71.752486401086
19.720834879624 71.261971441599
19.802261394149 70.767206219831
19.891655942795 70.276056698678
19.973406789315 69.785512635530
20.053524830381 69.291235925625
20.137332479538 68.797106881871
20.225575666744 68.304693672385
20.299698367190 67.810026226855
20.382041197102 67.317239113899
20.462985314936 66.821805561051
20.541161407468 66.327695731268
20.627425338097 65.832248095150
20.701555811099 65.336716814759
20.772469258227 64.843163377878
20.834539452766 64.345267650579
20.905378652209 63.851388895297
20.990037149072 63.360878286892
21.063225303778 62.870200333440
21.141632389437 62.379967827311
21.225760077067 61.887382467905
21.308658255186 61.397182273566
21.395353061970 60.905302237049
21.479354011500 60.414893937349
21.568527679942 59.923840010329
21.648458153730 59.429029912303
21.746055709518 58.939456844039
21.834354630891 58.444588946747
21.913904134168 57.950694810459
22.002101963539 57.455943751268
22.074576224419 56.960824358141
22.152525176148 56.468248748281
22.190898978494 56.237288577524
18.922383201400 56.314505871506
18.861492842443 56.726152667054
18.800422916897 57.137772839778
18.738591821351 57.549279265749
18.675374724130 57.960574860460
18.610085102140 58.371546240110
18.541967101247 58.782057817198
18.470160390613 59.191939548212
18.393680959579 59.600974095907
18.311392344882 60.008878116311
18.231719896153 60.475114818629
18.152047447425 60.941351520947
18.072374998697 61.407588223265
17.992702549969 61.873824925583
17.913030101241 62.340061627901
17.833357652513 62.806298330219
17.753685203784 63.272535032537
17.674012755056 63.738771734855
17.594340306328 64.205008437173
17.514667857600 64.671245139491
17.434995408872 65.137481841809
17.355322960144 65.603718544126
17.275650511416 66.069955246444
17.195978062687 66.536191948762
17.116305613959 67.002428651080
17.036633165231 67.468665353398
16.956960716503 67.934902055716
16.877288267775 68.401138758034
16.797615819047 68.867375460352
16.718185112898 69.349671449918
16.638754406749 69.831967439483
16.559323700600 70.314263429049
16.479892994451 70.796559418614
16.400462288302 71.278855408180
16.321031582153 71.761151397746
16.241600876004 72.243447387311
16.162170169855 72.725743376877
16.082739463706 73.208039366443
16.003308757557 73.690335356008
15.923878051408 74.172631345574
15.844447345259 74.654927335140
15.765016639110 75.137223324705
15.685585932961 75.619519314271
15.606155226812 76.101815303836
15.526724520663 76.584111293402
15.447293814514 77.066407282968
15.367863108365 77.548703272533
15.288432402216 78.030999262099
15.209001696067 78.513295251665
15.129570989918 78.995591241230
15.050140283769 79.477887230796
14.970709577620 79.960183220362
14.891278871471 80.442479209927
14.811848165322 80.924775199493
14.732417459174 81.407071189059
14.652986753025 81.889367178624
14.573556046876 82.371663168190
14.494125340727 82.853959157755
14.414694634578 83.336255147321
14.335263928429 83.818551136887
14.255833222280 84.300847126452
14.176402516131 84.783143116018
14.096971809982 85.265439105584
14.017541103833 85.747735095149
13.938110397684 86.230031084715
13.858679691535 86.712327074281
13.779248985386 87.194623063846
13.699818279237 87.676919053412
13.620387573088 88.159215042977
13.540956866939 88.641511032543
13.461526160790 89.123807022109
13.382095454641 89.606103011674
13.302664748492 90.088399001240
13.223234042343 90.570694990806
13.143803336194 91.052990980371
13.064372630045 91.535286969937
12.984941923896 92.017582959503
12.905511217747 92.499878949068
12.826080511598 92.982174938634
12.746649805449 93.464470928199
12.667219099301 93.946766917765
12.587788393152 94.429062907331
12.508357687003 94.911358896896
12.428926980854 95.393654886462
12.349496274705 95.875950876028
12.270065568556 96.358246865593
12.190634862407 96.840542855159
12.111204156258 97.322838844725
12.031773450109 97.805134834290
11.952342743960 98.287430823856
11.872912037811 98.769726813422
11.793481331662 99.252022802987
11.714050625513 99.734318792553
11.634619919364 100.216614782118
11.555189213215 100.698910771684
11.475758507066 101.181206761250
11.396327800917 101.663502750815
11.316897094768 102.145798740381
11.237466388619 102.628094729947
11.158035682470 103.110390719512
11.078604976321 103.592686709078
10.999174270172 104.074982698644
10.919743564023 104.557278688209
10.840312857874 105.039574677775
10.760882151725 105.521870667340
10.681451445576 106.004166656906
10.602020739428 106.486462646472
10.522590033279 106.968758636037
10.443159327130 107.451054625603
10.363728620981 107.933350615169
10.284297914832 108.415646604734
10.204867208683 108.897942594300
10.125436502534 109.380238583866
10.046005796385 109.862534573431
9.966575090236 110.344830562997
9.887144384087 110.827126552562
9.807713677938 111.309422542128
9.728282971789 111.791718531694
9.644170883623 112.284166634198
9.579027008728 112.779676066042
9.502986557066 113.273357065245
9.427868883547 113.767166271157
9.343722856945 114.259209735989
9.253084636983 114.749052349532
9.151545602089 115.237244629810
9.145612391505 115.344894289337
END_POLYGON

POLYGON OUT7 OUT STRAIGHT 7 250
9.145612391505 115.344894289337
9.151545602089 115.237244629810
9.253084636983 114.749052349532
9.343722856945 114.259209735989
9.427868883547 113.767166271157
9.502986557066 113.273357065245
9.579027008728 112.779676066042
9.644170883623 112.284166634198
9.728282971789 111.791718531694
9.807713677938 111.309422542128
9.887144384087 110.827126552562
9.966575090236 110.344830562997
10.046005796385 109.862534573431
10.125436502534 109.380238583866
10.204867208683 108.897942594300
10.284297914832 108.415646604734
10.363728620981 107.933350615169
10.443159327130 107.451054625603
10.522590033279 106.968758636037
10.602020739428 106.486462646472
10.681451445576 106.004166656906
10.760882151725 105.521870667340
10.840312857874 105.039574677775
10.919743564023 104.557278688209
10.999174270172 104.074982698644
11.078604976321 103.592686709078
11.158035682470 103.110390719512
11.237466388619 102.628094729947
11.316897094768 102.145798740381
11.396327800917 101.663502750815
11.475758507066 101.181206761250
11.555189213215 100.698910771684
11.634619919364 100.216614782118
11.714050625513 99.734318792553
11.793481331662 99.252022802987
11.872912037811 98.769726813422
11.952342743960 98.287430823856
12.031773450109 97.805134834290
12.111204156258 97.322838844725
12.190634862407 96.840542855159
12.270065568556 96.358246865593
12.349496274705 95.875950876028
12.428926980854 95.393654886462
12.508357687003 94.911358896896
12.587788393152 94.429062907331
12.667219099301 93.946766917765
12.746649805449 93.464470928199
12.826080511598 92.982174938634
12.905511217747 92.499878949068
12.984941923896 92.017582959503
13.064372630045 91.535286969937
13.143803336194 91.052990980371
13.223234042343 90.570694990806
13.302664748492 90.088399001240
13.382095454641 89.606103011674
13.461526160790 89.123807022109
13.540956866939 88.641511032543
13.620387573088 88.159215042977
13.699818279237 87.676919053412
13.779248985386 87.194623063846
13.858679691535 86.712327074281
13.938110397684 86.230031084715
14.017541103833 85.747735095149
14.096971809982 85.265439105584
14.176402516131 84.783143116018
14.255833222280 84.300847126452
14.335263928429 83.818551136887
14.414694634578 83.336255147321
14.494125340727 82.853959157755
14.573556046876 82.371663168190
14.652986753025 81.889367178624
14.732417459174 81.407071189059
14.811848165322 80.924775199493
14.891278871471 80.442479209927
14.970709577620 79.960183220362
15.050140283769 79.477887230796
15.129570989918 78.995591241230
15.209001696067 78.513295251665
15.288432402216 78.030999262099
15.367863108365 77.548703272533
15.447293814514 77.066407282968
15.526724520663 76.584111293402
15.606155226812 76.101815303836
15.685585932961 75.619519314271
15.765016639110 75.137223324705
15.844447345259 74.654927335140
15.923878051408 74.172631345574
16.003308757557 73.690335356008
16.082739463706 73.208039366443
16.162170169855 72.725743376877
16.241600876004 72.243447387311
16.321031582153 71.761151397746
16.400462288302 71.278855408180
16.479892994451 70.796559418614
16.559323700600 70.314263429049
16.638754406749 69.831967439483
16.718185112898 69.349671449918
16.797615819047 68.867375460352
16.877288267775 68.401138758034
16.956960716503 67.934902055716
17.036633165231 67.468665353398
17.116305613959 67.002428651080
17.195978062687 66.536191948762
17.275650511416 66.069955246444
17.355322960144 65.603718544126
17.434995408872 65.137481841809
17.514667857600 64.671245139491
17.594340306328 64.205008437173
17.674012755056 63.738771734855
17.753685203784 63.272535032537
17.833357652513 62.806298330219
17.913030101241 62.340061627901
17.992702549969 61.873824925583
18.072374998697 61.407588223265
18.152047447425 60.941351520947
18.231719896153 60.475114818629
18.311392344882 60.008878116311
18.393680959579 59.600974095907
18.470160390613 59.191939548212
18.541967101247 58.782057817198
18.610085102140 58.371546240110
18.675374724130 57.960574860460
18.738591821351 57.549279265749
18.800422916897 57.137772839778
18.861492842443 56.726152667054
18.922383201400 56.314505871506
15.964196443846 55.009089291203
15.879949573660 55.207475104333
15.881173396401 55.650490088325
15.814933226559 56.120539862274
15.746531859668 56.589662283107
15.683387808062 57.077026564850
15.585064320448 57.547345465050
15.384521940434 57.940355982375
15.329432542703 58.431980506139
15.228190505580 58.930002232392
15.128541202883 59.440123572628
15.039667989365 59.926632257668
14.987557663869 60.426158854473
14.899024387130 60.922310071213
14.828474178241 61.416570263812
14.748925046629 61.906009774247
14.677031067156 62.403215329052
14.584711523498 62.891353207000
14.511344501617 63.383445175705
14.439152611689 63.871955540690
14.352740943812 64.362081250900
14.262819642619 64.852421793031
14.158007084172 65.338673508000
14.054494988589 65.828191764888
13.974765887220 66.323658015938
13.890415916655 66.821640922468
13.806178057017 67.318794818350
13.728678442406 67.811595143877
13.654671574797 68.305849377015
13.577657000097 68.804892316608
13.493791650646 69.296341081931
13.414515097050 69.788185631875
13.365167990737 70.282717204804
13.282098843489 70.775586674704
13.200298886789 71.268258837807
13.109765517447 71.754253953274
13.028096955487 72.252193913937
12.946662503862 72.745437512891
12.866680029469 73.237449635587
12.814644519368 73.732142291281
12.736587476084 74.221807269268
12.640784319629 74.708921052629
12.547065468386 75.193773786676
12.446274439879 75.681966233886
12.346502123844 76.174266566145
12.260154014680 76.670368284382
12.174759595931 77.165705505593
12.092654483041 77.666455355896
12.021672364791 78.165241432071
11.941534780454 78.664928281702
11.888983825807 79.162192428184
11.826924089032 79.660032962664
11.781336281882 80.156065390483
11.702984957980 80.642330726970
11.644079783024 81.129276153057
11.567327743690 81.617258931470
11.473266648611 82.106773331416
11.358644491624 82.586163626819
11.282596261079 83.078955586109
11.200869503473 83.574127311530
11.101703389462 84.072377599076
11.022992633126 84.565265801849
10.942947194490 85.057857456045
10.879600901062 85.557360965222
10.799101039580 86.051223545914
10.716294909483 86.539255740135
10.640197749322 87.027909301154
10.566855075948 87.516759499018
10.460054424388 88.003370342668
10.367680994824 88.492102543754
10.256320201580 88.978980329465
10.163300573856 89.472827161715
10.072285196831 89.968146656482
9.999405175406 90.466865508642
9.908403032472 90.961334309890
9.838318080682 91.458936789054
9.754635743866 91.949834629836
9.681436369854 92.443573359066
9.610164071174 92.934814067731
9.530185614651 93.427527666410
9.436957970708 93.914917091249
9.347320773707 94.405130512887
9.260890200092 94.897151499968
9.168959056954 95.390839144332
9.088742136510 95.887351789932
9.010348549495 96.380007139453
8.932107759191 96.873893857785
8.861971429064 97.369051838528
8.771122503160 97.859558021177
8.684402802214 98.354387055798
8.610233879762 98.848326474937
8.529675207042 99.345213578651
8.467868424603 99.839213650900
8.398991977775 100.331819707675
8.331157346190 100.825257769676
8.235981567975 101.309813738982
8.149016469215 101.795263464426
8.062584824478 102.283683304472
7.965455592313 102.777003459520
7.858730766752 103.263701307460
7.768084610987 103.759108129680
7.688937793041 104.257936002143
7.590855094981 104.756635129652
7.526654089407 105.256728310586
7.462518406064 105.750125170975
7.408639701895 106.252133614340
7.347279786637 106.751122872680
7.260031802049 107.239009979269
7.194552397635 107.727236146346
7.151607217638 108.219108899998
7.063202360531 108.710530070422
6.971102440645 109.197879652440
6.878355675889 109.682326116561
6.787947498368 110.175845809519
6.702108187347 110.668441095379
6.620860343666 111.162396473175
6.544717207451 111.656877417602
6.454676432716 112.147754743914
6.367773051463 112.639366246772
6.280858527234 113.131587268398
6.191852820158 113.623924220070
6.109783894568 114.117128628516
6.035103863416 114.609364806489
6.000718364111 114.801434408316
END_POLYGON

POLYGON IN8 IN CURVE 8 97
22.190898978494 56.237288577524
22.237413339553 55.978811913420
22.322200185444 55.491917206878
22.404164938728 55.012456634760
22.487466414569 54.546697444134
22.582387356792 54.091600718546
22.724530584719 53.653960007501
22.949980195907 53.260462775918
23.202168453244 52.885588022293
23.466798425091 52.513380173320
23.781289201615 52.165831868661
24.112463458084 51.836402949362
24.458084963350 51.526068912635
24.815507174478 51.231460930182
25.193779313696 50.976854650520
25.586323706748 50.747371043679
25.999736016019 50.574105332293
26.436949862674 50.459827397344
26.884524269606 50.370967010398
27.348581947558 50.335881364861
27.821255787616 50.327351735563
28.288610526763 50.325551661658
28.762250008334 50.333113493801
29.242171095790 50.363121505073
29.722832517763 50.457699091639
30.194804658118 50.568648331974
30.649844414673 50.661996789814
30.469729586839 50.625855491493
29.993839160305 50.542066820288
29.953596681337 50.534994813790
30.442600125266 50.624996465493
30.935730888518 50.713521968068
31.427230945645 50.794625503838
31.922173884478 50.876422638280
32.417903688399 50.949735036391
32.908913652075 51.040645169071
33.403391557509 51.116078025323
33.852969996248 51.187946021328
35.170875302660 44.962545020045
34.761555564411 44.887591220655
34.352152170507 44.813096193500
33.942503776010 44.739961852636
33.532463287886 44.669061170812
33.121905194249 44.601225098837
32.710731442616 44.537230234190
32.298873840196 44.477799734023
31.886300317866 44.423566492616
31.473020309371 44.375012694943
31.059080535239 44.332452751160
30.644538111842 44.296235731878
30.229463279112 44.266748113017
29.813942520602 44.244418860964
29.398082511079 44.229725084818
28.982015101296 44.223198282262
28.565903600476 44.225431171220
28.149950675709 44.237085044045
27.734408251770 44.258897494582
27.319589859633 44.291690237722
26.905886717842 44.336382890907
26.493789831614 44.394014122000
26.083906472088 44.465692230061
25.677004141873 44.552691835561
25.274035483633 44.656373868878
24.876183485289 44.778200789238
24.484918148570 44.919736837453
24.102026060450 45.082544039794
23.729662961649 45.268146788373
23.370356182401 45.477885756544
23.026960805203 45.712749938529
22.701727251626 45.972186896852
22.395691666184 46.254025884112
22.109283439787 46.555802634073
21.842416522471 46.875003740322
21.594587995322 47.209214126363
21.364996329566 47.556216235045
21.152596399125 47.914008781063
20.956274056416 48.280877312827
20.774853620746 48.655345366858
20.607161545790 49.036164078158
20.452063876935 49.422287511950
20.308464081690 49.812836273302
20.175374550616 50.207093250662
20.051826667550 50.604445721213
19.936945962502 51.004391881487
19.829917303846 51.406511962454
19.729981773089 51.810454472173
19.636432238525 52.215924507588
19.548608140780 52.622673909985
19.465896319607 53.030494289230
19.387708188931 53.439206617547
19.313483569864 53.848657763219
19.242694929600 54.258717298359
19.174820839690 54.669269628575
19.109353733249 55.080212907544
19.045796187058 55.491456053139
18.983642688360 55.902913887374
18.922383201400 56.314505871506
END_POLYGON

POLYGON OUT8 OUT CURVE 8 138
18.922383201400 56.314505871506
18.983642688360 55.902913887374
19.045796187058 55.491456053139
19.109353733249 55.080212907544
19.174820839690 54.669269628575
19.242694929600 54.258717298359
19.313483569864 53.848657763219
19.387708188931 53.439206617547
19.465896319607 53.030494289230
19.548608140780 52.622673909985
19.636432238525 52.215924507588
19.729981773089 51.810454472173
19.829917303846 51.406511962454
19.936945962502 51.004391881487
20.051826667550 50.604445721213
20.175374550616 50.207093250662
20.308464081690 49.812836273302
20.452063876935 49.422287511950
20.607161545790 49.036164078158
20.774853620746 48.655345366858
20.956274056416 48.280877312827
21.152596399125 47.914008781063
21.364996329566 47.556216235045
21.594587995322 47.209214126363
21.842416522471 46.875003740322
22.109283439787 46.555802634073
22.395691666184 46.254025884112
22.701727251626 45.972186896852
23.026960805203 45.712749938529
23.370356182401 45.477885756544
23.729662961649 45.268146788373
24.102026060450 45.082544039794
24.484918148570 44.919736837453
24.876183485289 44.778200789238
25.274035483633 44.656373868878
25.677004141873 44.552691835561
26.083906472088 44.465692230061
26.493789831614 44.394014122000
26.905886717842 44.336382890907
27.319589859633 44.291690237722
27.734408251770 44.258897494582
28.149950675709 44.237085044045
28.565903600476 44.225431171220
28.982015101296 44.223198282262
29.398082511079 44.229725084818
29.813942520602 44.244418860964
30.229463279112 44.266748113017
30.644538111842 44.296235731878
31.059080535239 44.332452751160
31.473020309371 44.375012694943
31.886300317866 44.423566492616
32.298873840196 44.477799734023
32.710731442616 44.537230234190
33.121905194249 44.601225098837
33.532463287886 44.669061170812
33.942503776010 44.739961852636
34.352152170507 44.813096193500
34.761555564411 44.887591220655
35.170875302660 44.962545020045
35.677055048288 38.551581269567
35.425478594363 38.504533504026
34.940425200592 38.414886253898
34.449175103613 38.322112113440
33.958376748359 38.220953359396
33.470646056245 38.107173096948
32.974193635030 38.019113061359
32.478218334753 37.935454468146
31.966496119221 37.856909962594
31.373044037065 37.789120557104
31.492629590107 38.813780152111
32.011090058198 38.919504569880
32.510928703703 39.020129048530
33.001113630032 39.118712708437
33.491298556360 39.217296368342
33.982860684144 39.316154992671
34.477672038233 39.415632949675
34.976276207711 39.515728490599
35.383538839409 38.570302805621
34.919741708036 38.462789214403
34.434337145372 38.364645383261
33.939881161613 38.296927190840
33.456228388118 38.177105930702
32.985901371092 38.054413755195
32.515984612887 37.935194245149
32.025861241179 37.816029326097
31.548231868343 37.636368927826
31.053993263572 37.476909083715
30.534501700678 37.378866084213
29.995814477188 37.315798765878
29.447706588464 37.310249878665
28.907784773031 37.368890347435
28.371911728631 37.450740391608
27.857349851975 37.595741544185
27.358512754865 37.770072996504
26.871679150753 37.970772716535
26.395460042350 38.181726259868
25.930312196857 38.409569685793
25.472760750849 38.643675366738
25.028773563996 38.904300339111
24.589193394291 39.178238855489
24.153029857431 39.456477156524
23.727895684151 39.748692621790
23.326346424767 40.068826417057
22.930771168790 40.391764693326
22.549828133633 40.731297110036
22.167642697609 41.068831945846
21.775346240456 41.398947580652
21.400897190054 41.739731393358
21.044266035844 42.103559657482
20.699792796352 42.488438505939
20.348890316531 42.861536822108
20.009888591973 43.243105880314
19.697251544400 43.651292008567
19.382088455755 44.039249518528
19.074901348227 44.456944901268
18.802970352202 44.892821863686
18.466622181600 45.254143045182
18.217067426591 45.713690055945
17.977341097883 46.167696185689
17.824726918782 46.667150783354
17.658598770671 47.122679853654
17.464050247938 47.616208121039
17.267030390344 48.095395943052
16.980333050428 48.506478795840
16.916369223920 49.015276571791
16.880120853707 49.528341637033
16.860923521314 50.091019709109
16.776014462077 50.572903771554
16.680555316423 51.043065262495
16.792770970657 51.457531324264
16.670560524641 51.960792535384
16.522755541529 52.439440589018
16.340263094794 52.824614698143
16.369544194241 53.269043439093
16.308514287113 53.764073784231
16.085789662385 54.215235621445
16.024764060920 54.704617034857
15.964196443846 55.009089291203
END_POLYGON

POLYGON IN9 IN STRAIGHT 9 104
33.852969996248 51.187946021328
33.897685606429 51.197731528046
34.389906725375 51.276704232041
34.882079261624 51.357525650245
35.375774314107 51.433878881431
35.867854764860 51.515165292674
36.358378240401 51.597760296306
36.849714611373 51.681189716515
37.341469822437 51.765254740712
37.832117159746 51.859117904521
38.324914646085 51.942729732768
38.817310793049 52.027392876079
39.311522941204 52.110881038550
39.803905567347 52.193693248510
40.299160616140 52.277965751425
40.792440269922 52.361822079859
41.285118157996 52.447428980968
41.780740221228 52.516381130022
42.273905653656 52.595414306481
42.767485854839 52.676133740259
43.262533690059 52.756151403791
43.754568817318 52.841251688582
44.247551094878 52.924606130091
44.744433602912 52.982638447270
45.240836848254 53.063098508827
45.734438568295 53.142070150582
46.222428238901 53.219401986628
46.714208265164 53.284687325030
47.205095099421 53.366425117075
47.694379075374 53.456937531569
48.179811693668 53.557490822880
48.671791435749 53.648301484376
49.164392004641 53.739226371090
49.658876698298 53.830884711829
50.152893257117 53.909864379122
50.648649804483 53.994485700653
51.142062578611 54.076973364245
51.630747358913 54.164002315294
52.125372390609 54.235311295554
52.620039706766 54.323565400341
53.112261267145 54.422856791161
53.604931512724 54.506439607332
54.104433408645 54.572992954024
54.601869547699 54.645326113782
55.098083529385 54.717408650039
55.591170669838 54.780445368633
56.081698791695 54.861851443679
56.572293017519 54.936434581834
57.065744980985 55.059528127515
57.561795928680 55.171691921030
58.060155316813 55.273109393968
58.560551516612 55.363947403322
59.271521465407 48.981104945415
59.143274721262 48.961596733898
58.649244550560 48.890857434909
58.156997337890 48.805699610482
57.662850603476 48.730018764871
57.173689119646 48.628774798471
56.680278454581 48.549800059824
56.189244946796 48.457237838231
55.697956907880 48.365322376046
55.205707084058 48.280109024526
54.712864083129 48.198350748939
54.218130472156 48.132446442300
53.725742627611 48.048030033654
53.230808001778 47.981715664419
52.739038936905 47.894481318007
52.247296261720 47.805525527706
51.754979639092 47.721046250917
51.265076958711 47.623462601465
50.774235496042 47.532107306746
50.281447087373 47.449690493049
49.789855024776 47.360307157559
49.297358236311 47.276486314177
48.805626968048 47.188024781612
48.312174719452 47.107694100840
47.817703946542 47.036101911913
47.323078439385 46.965678224698
46.829564947434 46.888788136019
46.335840691461 46.813486511967
45.844169517233 46.724500880294
45.352735517013 46.632899320766
44.859677432305 46.556874823894
44.370888201129 46.454294128280
43.877522690616 46.386515770478
43.384583158293 46.307919930859
42.897528634191 46.201455186635
42.407427573438 46.105492968581
41.915572279737 46.016556985874
41.421654951736 45.938810655156
40.927717202957 45.861241173682
40.433787336670 45.783629685388
39.940207131178 45.703812320081
39.446656051452 45.630255026619
38.952802843256 45.555347611576
38.459836246785 45.471885907971
38.046406447762 45.424631143063
37.633723478003 45.371240350986
37.221788956050 45.312347160151
36.810566095335 45.248669680861
36.399981519642 45.180994606002
35.989929868211 45.110158746414
35.580278636977 45.037040367253
35.170875302660 44.962545020045
END_POLYGON

POLYGON OUT9 OUT STRAIGHT 9 104
35.170875302660 44.962545020045
35.580278636977 45.037040367253
35.989929868211 45.110158746414
36.399981519642 45.180994606002
36.810566095335 45.248669680861
37.221788956050 45.312347160151
37.633723478003 45.371240350986
38.046406447762 45.424631143063
38.459836246785 45.471885907971
38.952802843256 45.555347611576
39.446656051452 45.630255026619
39.940207131178 45.703812320081
40.433787336670 45.783629685388
40.927717202957 45.861241173682
41.421654951736 45.938810655156
41.915572279737 46.016556985874
42.407427573438 46.105492968581
42.897528634191 46.201455186635
43.384583158293 46.307919930859
43.877522690616 46.386515770478
44.370888201129 46.454294128280
44.859677432305 46.556874823894
45.352735517013 46.632899320766
45.844169517233 46.724500880294
46.335840691461 46.813486511967
46.829564947434 46.888788136019
47.323078439385 46.965678224698
47.817703946542 47.036101911913
48.312174719452 47.107694100840
48.805626968048 47.188024781612
49.297358236311 47.276486314177
49.789855024776 47.360307157559
50.281447087373 47.449690493049
50.774235496042 47.532107306746
51.265076958711 47.623462601465
51.754979639092 47.721046250917
52.247296261720 47.805525527706
52.739038936905 47.894481318007
53.230808001778 47.981715664419
53.725742627611 48.048030033654
54.218130472156 48.132446442300
54.712864083129 48.198350748939
55.205707084058 48.280109024526
55.697956907880 48.365322376046
56.189244946796 48.457237838231
56.680278454581 48.549800059824
57.173689119646 48.628774798471
57.662850603476 48.730018764871
58.156997337890 48.805699610482
58.649244550560 48.890857434909
59.143274721262 48.961596733898
59.271521465407 48.981104945415
60.260429261221 42.548759234020
60.056165573970 42.514074350804
59.567607501161 42.430608258117
59.081532057231 42.340427638818
58.587366163820 42.258867736182
58.093104300243 42.167296915204
57.600170253962 42.076204759471
57.106007505226 41.997176485680
56.608832778656 41.928575782267
56.114573139129 41.844818635257
55.622296717169 41.768395344539
55.128385594010 41.690667775912
54.633100438169 41.608904739968
54.141789301571 41.521922041806
53.649803371439 41.456203274082
53.154935618345 41.386502113475
52.663184370618 41.304209111231
52.175492708215 41.208250660427
51.684740508731 41.129448350310
51.192637448545 41.039905929407
50.696573657535 40.958007352365
50.204700625743 40.872527478747
49.709977049577 40.794667890543
49.216356555908 40.716938651192
48.722678096730 40.636321872020
48.230288849853 40.554522510200
47.737565559271 40.473613126165
47.243361924727 40.391719374397
46.747756799554 40.311008410880
46.254429894069 40.231745427605
45.760256231021 40.158856386763
45.265212559077 40.092256901027
44.773022919579 40.011749407583
44.280760923346 39.931185460733
43.790353103591 39.851927528155
43.297910569259 39.767655631342
42.804325734125 39.691390810011
42.310598319112 39.608207189249
41.816288415880 39.529122081522
41.325768640106 39.448171508061
40.833573674494 39.375412041713
40.341424020434 39.297633783303
39.851762162329 39.209153900553
39.360935221089 39.116328364353
38.861816257473 39.028740217396
38.365914197176 38.943721775293
37.873607109709 38.868437241012
37.375858012630 38.834005360941
36.881029050664 38.766685824211
36.392833611419 38.672351969578
35.910982759354 38.593501911023
35.677055048288 38.551581269567
END_POLYGON

POLYGON IN10 IN CURVE 10 118
58.560551516612 55.363947403322
59.062729456240 55.444356389927
59.566451245540 55.514448840822
60.071486277685 55.574351799472
60.577615630009 55.624172344104
61.084631934528 55.663967083850
61.592329548790 55.693840649530
62.100513263503 55.713808196716
62.608988049908 55.723948271621
63.117563880939 55.724257788481
63.626051291097 55.714771069080
64.134261389519 55.695484800612
64.642003522197 55.666375867893
65.149087006802 55.627444115576
65.655314674684 55.578630057996
66.160487979842 55.519901700631
66.664403325085 55.451211474308
67.166844042974 55.372457625101
67.667595780962 55.283596742968
68.166428026567 55.184527288089
68.663100358362 55.075144146656
69.157368442963 54.955365616962
69.648960361815 54.825039524267
70.137609931566 54.684083159426
70.623017619472 54.532339713889
71.104882763356 54.369698250805
71.582873509323 54.196001343023
72.056654644397 54.011131825412
72.525850969108 53.814918845148
72.990092623290 53.607256113941
73.448959935162 53.387974743309
73.902033096403 53.156960825174
74.348865816022 52.914097422727
74.788970692691 52.659246270086
75.221860185752 52.392324688115
75.647020275633 52.113257528662
76.063912294086 51.821984539736
76.471968271772 51.518457858915
76.870644959600 51.202713702520
77.259637527636 50.875111981837
77.638807310844 50.536188354906
78.008062715137 50.186487938435
78.367353101076 49.826555414143
78.716656250131 49.456921581480
79.056012631775 49.078134299514
79.385481183640 48.690714807069
79.705149229423 48.295168723943
80.015110806051 47.891970217429
80.315508748420 47.481596069319
80.606499106623 47.064497464267
80.888227370114 46.641086824599
81.160874842525 46.211771872352
81.424632211463 45.776937753529
81.679662528835 45.336927790647
81.926188807054 44.892096839165
82.164370281240 44.442741886734
82.394435841502 43.989177570224
82.616544362150 43.531663644074
82.830916876523 43.070473898526
83.037721176662 42.605840795993
83.237151847466 42.137995023791
83.429392404573 41.667148786583
83.614601418172 41.193492241860
83.792969207850 40.717217025930
83.964648513672 40.238489927240
84.129797886155 39.757470885737
84.288581266827 39.274312839393
84.441128190993 38.789149467468
84.587591922334 38.302114977729
75.513986624990 36.492394224815
75.486046198152 36.640760241874
75.407912941739 37.133867252913
75.329862763816 37.625941556773
75.227321827961 38.115038429398
75.128186287685 38.604872000380
75.021227927365 39.093082525802
74.939603593123 39.585388274316
74.924916007921 40.084387585580
74.872328021921 40.581205424931
74.772466973044 41.070067721208
74.558918234343 41.520765909583
74.305582300520 41.951287420784
74.015135253142 42.358100300261
73.722615561127 42.762695174573
73.435545088973 43.171189643470
73.123407851208 43.561423194161
72.785377422733 43.929118743612
72.431040522797 44.281298254798
72.064055003274 44.620436995222
71.701182837356 44.964243051017
71.334770619160 45.303868651770
70.955908180635 45.629445842682
70.574898352414 45.952495218447
70.181472224410 46.260688439236
69.766288255523 46.539178564965
69.348699748386 46.814016474831
68.921646840358 47.073337438415
68.486719280810 47.319099258603
68.048967288506 47.559694497416
67.607238842602 47.793563039652
67.165751365871 48.027778220235
66.725154558533 48.263427207934
66.322053880835 48.558305288437
65.881547309303 48.790148841057
65.436285468185 49.016171704985
64.998503278949 49.255749821273
64.521136938415 49.402602842893
64.062685073015 49.598550387433
63.576413621348 49.697174450354
63.080432056923 49.645539144513
62.589419577971 49.552936252992
62.096563354543 49.470103930241
61.605422008428 49.378826009561
61.112016744664 49.299804758203
60.618785643265 49.219667708345
60.127339415720 49.129628405047
59.636240171680 49.038591971281
59.271521465407 48.981104945415
END_POLYGON

POLYGON OUT10 OUT CURVE 10 80
59.271521465407 48.981104945415
59.636240171680 49.038591971281
60.127339415720 49.129628405047
60.618785643265 49.219667708345
61.112016744664 49.299804758203
61.605422008428 49.378826009561
62.096563354543 49.470103930241
62.589419577971 49.552936252992
63.080432056923 49.645539144513
63.576413621348 49.697174450354
64.062685073015 49.598550387433
64.521136938415 49.402602842893
64.998503278949 49.255749821273
65.436285468185 49.016171704985
65.881547309303 48.790148841057
66.322053880835 48.558305288437
66.725154558533 48.263427207934
67.165751365871 48.027778220235
67.607238842602 47.793563039652
68.048967288506 47.559694497416
68.486719280810 47.319099258603
68.921646840358 47.073337438415
69.348699748386 46.814016474831
69.766288255523 46.539178564965
70.181472224410 46.260688439236
70.574898352414 45.952495218447
70.955908180635 45.629445842682
71.334770619160 45.303868651770
71.701182837356 44.964243051017
72.064055003274 44.620436995222
72.431040522797 44.281298254798
72.785377422733 43.929118743612
73.123407851208 43.561423194161
73.435545088973 43.171189643470
73.722615561127 42.762695174573
74.015135253142 42.358100300261
74.305582300520 41.951287420784
74.558918234343 41.520765909583
74.772466973044 41.070067721208
74.872328021921 40.581205424931
74.924916007921 40.084387585580
74.939603593123 39.585388274316
75.021227927365 39.093082525802
75.128186287685 38.604872000380
75.227321827961 38.115038429398
75.329862763816 37.625941556773
75.407912941739 37.133867252913
75.486046198152 36.640760241874
75.513986624990 36.492394224815
69.145755022015 35.501758258924
69.095312016947 35.764147024394
69.081702520786 36.258998195125
69.033880497742 36.757270819751
68.944477958566 37.245377808764
68.923094397969 37.721367825856
68.871896931531 38.197189805838
68.786047246251 38.655957212168
68.648349162315 39.091045735227
68.490611469344 39.525340886352
68.236138526614 39.905596668897
67.991243736667 40.288711708443
67.753867805197 40.678540816700
67.457951968446 41.053879021275
67.110686328088 41.361041343784
66.759300985211 41.654714982421
66.423802477126 41.962293693381
66.045919894338 42.228250175774
65.648552755432 42.466102786574
65.228700413836 42.622713865141
64.795782360753 42.745529758278
64.363789073215 42.864892421200
63.907381465853 42.923205365688
63.442198703612 42.927957370473
62.976856362243 42.886683327616
62.501592553474 42.834688945972
62.018917754740 42.770821308507
61.525116163638 42.706988808713
61.032754564168 42.644191958418
60.542441226731 42.574068751836
60.260429261221 42.548759234020
END_POLYGON

POLYGON IN11 IN STRAIGHT 11 84
84.587591922334 38.302114977729
84.728106182647 37.813330623222
84.862787549269 37.322906845492
84.991775144876 36.830954713246
85.115162444789 36.337568046129
85.233080375781 35.842845592000
85.345609536525 35.346869543900
85.452864744890 34.849726245323
85.554921362991 34.351489669141
85.651867139856 33.852233405803
85.743780664196 33.352026172399
85.830728667949 32.850931868766
85.912771286242 32.349011018400
85.989962667970 31.846321177010
86.063411336311 31.352749539178
86.134735627702 30.859527500985
86.202635449962 30.364050105508
86.288032095657 29.872242132204
86.368754813326 29.380657419041
86.447562026589 28.891244334196
86.554743909555 28.448703441643
86.651257814940 28.003712094400
86.738114817848 27.556733347362
86.816460621254 27.108182481982
86.887568247214 26.658425563694
86.952798517906 26.207777115298
87.013578227337 25.756505625540
87.071399769783 25.304844739549
87.127780273719 24.853001291596
87.184254815005 24.401169614729
87.242353829241 23.949544413557
87.303591432210 23.498334959576
87.369434401957 23.047775778912
87.441299672488 22.598139443752
87.520525973494 22.149743439499
87.608345851094 21.702953085932
87.705877804500 21.258183934825
87.814099785213 20.815896370706
87.933837281126 20.376588274324
88.065567884927 19.940727066460
88.209482132381 19.508736507994
88.365877909065 19.081107652623
78.699665766986 16.675992783904
78.666004512046 16.909181962256
78.583317396135 17.402207973127
78.505482873856 17.895909861667
78.422406921877 18.388959946550
78.348983922714 18.883367755666
78.267629298642 19.376586793184
78.190587595964 19.870397278022
78.111811365019 20.363883397923
78.035271870053 20.857578954877
77.952604784302 21.350447329326
77.873178724088 21.843857956182
77.799697538151 22.338202746452
77.719618946010 22.831549046236
77.634834545445 23.324154688867
77.564304429252 23.819144488686
77.496852461058 24.313900291579
77.416601132649 24.807013792452
77.319176044443 25.297193792289
77.231855761840 25.789147040833
77.156990081395 26.283275381415
77.075409487186 26.776231349148
77.005497762565 27.270707218506
76.918105675191 27.762767219304
76.836611071465 28.255838668019
76.757604155569 28.749328556976
76.673274883057 29.241895165661
76.592938343927 29.735281254530
76.514608628652 30.228809358112
76.435713949177 30.722273986259
76.360036328296 31.216348160433
76.273343858921 31.708446061606
76.203388033213 32.203342225023
76.123227521470 32.696715883451
76.038068498046 33.189322007398
75.962884027839 33.683181388422
75.897738526106 34.178512743247
75.807345931079 34.669664036594
75.719220059318 35.161379223519
75.642103821715 35.654054275661
75.573900564665 36.148824899514
75.513986624990 36.492394224815
END_POLYGON

POLYGON OUT11 OUT STRAIGHT 11 85
75.513986624990 36.492394224815
75.573900564665 36.148824899514
75.642103821715 35.654054275661
75.719220059318 35.161379223519
75.807345931079 34.669664036594
75.897738526106 34.178512743247
75.962884027839 33.683181388422
76.038068498046 33.189322007398
76.123227521470 32.696715883451
76.203388033213 32.203342225023
76.273343858921 31.708446061606
76.360036328296 31.216348160433
76.435713949177 30.722273986259
76.514608628652 30.228809358112
76.592938343927 29.735281254530
76.673274883057 29.241895165661
76.757604155569 28.749328556976
76.836611071465 28.255838668019
76.918105675191 27.762767219304
77.005497762565 27.270707218506
77.075409487186 26.776231349148
77.156990081395 26.283275381415
77.231855761840 25.789147040833
77.319176044443 25.297193792289
77.416601132649 24.807013792452
77.496852461058 24.313900291579
77.564304429252 23.819144488686
77.634834545445 23.324154688867
77.719618946010 22.831549046236
77.799697538151 22.338202746452
77.873178724088 21.843857956182
77.952604784302 21.350447329326
78.035271870053 20.857578954877
78.111811365019 20.363883397923
78.190587595964 19.870397278022
78.267629298642 19.376586793184
78.348983922714 18.883367755666
78.422406921877 18.388959946550
78.505482873856 17.895909861667
78.583317396135 17.402207973127
78.666004512046 16.909181962256
78.699665766986 16.675992783904
72.782108016068 15.580401864564
72.757386862693 15.644421856283
72.576030595366 16.131355170721
72.423539474250 16.627124009870
72.293172144675 17.115578641982
72.176632998330 17.615004668965
72.087393953191 18.113392607653
71.985928649349 18.607515925601
71.887324064829 19.100517107070
71.783323650742 19.589899369106
71.682710480575 20.083537064922
71.587835501021 20.577768952443
71.504771774836 21.075633627346
71.429230151004 21.572911706029
71.353681156426 22.070466830625
71.278730253314 22.564535475812
71.196536958888 23.057182152063
71.121510503740 23.551667004635
71.037938468244 24.043133497552
70.964235845099 24.538571877186
70.890165863085 25.032399954487
70.810396713485 25.522455538446
70.734231668216 26.011864443504
70.660482165732 26.502241553427
70.557001672474 26.992501813799
70.455893410109 27.481991347910
70.361011933128 27.973915993088
70.288890381295 28.472870304617
70.213509271229 28.971278141320
70.148085902169 29.469807713778
70.073500605975 29.962425005504
69.998726014542 30.461748483906
69.923438319231 30.979416526342
69.841727312660 31.471098016221
69.798406076956 31.951979438583
69.879412827578 32.386717278406
69.797983100245 32.877955760918
69.665802388524 33.329724876204
69.453941903266 33.746692334020
69.363316366605 34.235325532128
69.247061056044 34.721676607565
69.180132279706 35.259287959953
69.145755022015 35.501758258924
END_POLYGON

POLYGON IN12 IN CURVE 12 67
88.365877909065 19.081107652623
88.535197599572 18.658431282609
88.717972829919 18.241399524273
88.914880108927 17.830854581203
89.126740044303 17.427826801818
89.354448436881 17.033542319203
89.599072119451 16.649530920103
89.861750280725 16.277646785083
90.143690863104 15.920159500045
90.446129711884 15.579857464636
90.770166731007 15.260078695758
91.116659795712 14.964814563370
91.485920798414 14.698617165175
91.877417969426 14.466404943461
92.288553150332 14.271033043597
92.715052921988 14.111914313335
93.152863945299 13.987162657081
93.598510500727 13.894101154586
94.049203133542 13.829641899699
94.502824607029 13.790645646284
94.957828429152 13.774034559534
95.413135550666 13.776996981350
95.868021569390 13.796969920623
96.322028727314 13.831655649063
96.331137865543 10.676686474925
95.972150737923 10.599201598918
95.476074184503 10.538270098566
94.990678578818 10.444043362249
94.498451363410 10.394285120039
94.002751765821 10.330323482080
93.505456292344 10.282855348709
93.007454864805 10.239975083177
92.513137921242 10.225768697340
92.040560305539 10.270044294009
91.541410400680 10.250042182495
91.042927315187 10.246167884420
90.549546035048 10.189054788005
90.051374589347 10.156648406522
89.558095372712 10.108018149953
89.059273502404 10.109421996232
88.561277633320 10.090831426600
88.068223901578 10.169862938560
87.571609337468 10.206702706349
87.085218145682 10.319984998223
86.593296033674 10.398811644428
86.106685912812 10.509893219903
85.614660553328 10.593361774223
85.142119309114 10.752470308486
84.671716007684 10.914641273628
84.217466732106 11.119544844629
83.772330211250 11.342727304501
83.355439013096 11.616414029342
82.936486561407 11.888933828379
82.525072858456 12.171850961917
82.118077526588 12.462043063065
81.709350180941 12.748661321068
81.313661807947 13.053518000824
80.913408349670 13.349967442965
80.458925893346 13.556819921013
80.063860592593 13.861416315888
79.673973916644 14.173735073658
79.349072588068 14.552196750499
79.059430153996 14.954226298258
78.910363771802 15.430113895994
78.827603994777 15.922876682076
78.744321450355 16.415592107832
78.699665766986 16.675992783904
END_POLYGON

POLYGON OUT12 OUT CURVE 12 99
78.699665766986 16.675992783904
78.744321450355 16.415592107832
78.827603994777 15.922876682076
78.910363771802 15.430113895994
79.059430153996 14.954226298258
79.349072588068 14.552196750499
79.673973916644 14.173735073658
80.063860592593 13.861416315888
80.458925893346 13.556819921013
80.913408349670 13.349967442965
81.313661807947 13.053518000824
81.709350180941 12.748661321068
82.118077526588 12.462043063065
82.525072858456 12.171850961917
82.936486561407 11.888933828379
83.355439013096 11.616414029342
83.772330211250 11.342727304501
84.217466732106 11.119544844629
84.671716007684 10.914641273628
85.142119309114 10.752470308486
85.614660553328 10.593361774223
86.106685912812 10.509893219903
86.593296033674 10.398811644428
87.085218145682 10.319984998223
87.571609337468 10.206702706349
88.068223901578 10.169862938560
88.561277633320 10.090831426600
89.059273502404 10.109421996232
89.558095372712 10.108018149953
90.051374589347 10.156648406522
90.549546035048 10.189054788005
91.042927315187 10.246167884420
91.541410400680 10.250042182495
92.040560305539 10.270044294009
92.513137921242 10.225768697340
93.007454864805 10.239975083177
93.505456292344 10.282855348709
94.002751765821 10.330323482080
94.498451363410 10.394285120039
94.990678578818 10.444043362249
95.476074184503 10.538270098566
95.972150737923 10.599201598918
96.331137865543 10.676686474925
96.909134942701 7.439334714620
96.770746034811 7.416966391224
96.280948716905 7.327573107563
95.787039477000 7.247476303463
95.290592238836 7.158897699987
94.797344535298 7.069338771144
94.299914035536 6.990138758765
93.802366200215 6.932387469497
93.305768981125 6.852336862251
92.808113205585 6.794130448917
92.322076746836 6.716900444907
91.829490675001 6.645721313896
91.337215364965 6.576621602246
90.841392784207 6.471989927981
90.341477208122 6.384899012538
89.832948418182 6.310194936152
89.309897369332 6.273156713582
88.785606196589 6.250190784168
88.259258415911 6.267617870505
87.739815852258 6.316575054235
87.227009681887 6.385211949599
86.716601537155 6.476574733557
86.213288894882 6.575976957115
85.711727167160 6.665463854008
85.223321310649 6.795447893318
84.735777404422 6.923077984056
84.244299519942 7.049210688288
83.755785261679 7.170518495847
83.264238670012 7.294908916561
82.774200753126 7.431586197440
82.284594631287 7.585499726328
81.800906638609 7.759437973099
81.318067043523 7.939438053902
80.840726590715 8.146207200821
80.375389211291 8.355767019365
79.914974077358 8.583379344446
79.482631811913 8.846494802514
79.032739929137 9.078355201182
78.594954657723 9.332682039508
78.152012501736 9.569305459001
77.703335062862 9.816514671690
77.266112192181 10.079046276123
76.830424288344 10.362523717459
76.416537696031 10.664579421346
75.999589526673 10.980313659401
75.609176618956 11.332819031979
75.199422064902 11.652889973540
74.839970671290 12.037235848453
74.512401410015 12.443562701805
74.227114480151 12.890427016143
73.929425536886 13.322423556256
73.650606739880 13.761629565753
73.396774183303 14.208119731458
73.176032991557 14.670203547189
72.958179464270 15.143248517992
72.782108016068 15.580401864564
END_POLYGON

POLYGON IN13 IN STRAIGHT 13 119
96.322028727314 13.831655649063
96.774891526020 13.879036568557
97.226489835222 13.937274720825
97.676804033822 14.004745097601
98.125889013207 14.079975920843
98.573854429196 14.161617858966
99.020850519628 14.248416436990
99.467058265937 14.339185063809
99.912682698490 14.432778440762
100.357948362913 14.528065792358
100.803096103475 14.623903111456
101.248380907388 14.719100841786
101.694068686889 14.812391375787
102.140433120580 14.902383946613
102.587749105166 14.987512454796
103.036282185517 15.065961559824
103.486266038656 15.135583237911
103.937867708571 15.193746602258
104.391112491025 15.237188019379
104.845754794243 15.261758422228
105.341643054765 15.352421839986
105.834052636850 15.416232966241
106.325144269307 15.482962455631
106.819630637128 15.554521658310
107.309537923194 15.642118610203
107.797235031707 15.731012086826
108.283219280524 15.820997228201
108.775673506956 15.897825874940
109.269227082063 15.990071136460
109.757611756539 16.094564380612
110.246041519267 16.187487436642
110.744439011074 16.263605531023
111.240603858272 16.353736012655
111.734305570231 16.447315992648
112.229714263116 16.513171346237
112.723179532035 16.590500511271
113.218554042976 16.669363305859
113.708813512332 16.744899428257
114.197478755096 16.835371518737
114.689449869512 16.917052876806
115.183929333148 17.004794920505
115.678529041927 17.100733611465
116.170137059181 17.185711658419
116.668895929083 17.249210389410
117.166364226999 17.317101409455
117.658408665807 17.405484541750
118.151687245110 17.475003057194
118.642252629426 17.556287270024
119.137794996886 17.638625569471
119.629449290180 17.709996268392
120.122651785928 17.792501460520
120.617708802720 17.865928568856
121.109026367313 17.952628055817
121.600674740205 18.032605299792
122.091353216042 18.109295393217
122.586601373510 18.187836954934
123.077413254963 18.280369100486
123.567539084542 18.371251092535
124.051431052862 18.447110452137
124.689777479822 15.285868109524
124.562941345679 15.257566435504
124.071552475708 15.167165963628
123.577951353518 15.088789423848
123.084350478067 15.010960050809
122.591552759050 14.928446016332
122.099384014247 14.842970178509
121.606230376900 14.762657919301
121.113227108650 14.681061839290
120.618746815266 14.606983174562
120.125936426558 14.523556697683
119.631244615437 14.450897214859
119.137794743884 14.370931766071
118.644187687237 14.292757454457
118.150251489530 14.218147744817
117.657686524181 14.136471108658
117.166438297252 14.049177508221
116.676147882596 13.953218250288
116.185918484525 13.856582523717
115.695042031986 13.762960494724
115.201055362135 13.687305999826
114.706352749902 13.616395363921
114.212629805535 13.538050232429
113.717539135698 13.473666106024
113.221680385010 13.410235297813
112.728178520281 13.335540764934
112.237346351288 13.241947657232
111.745380251457 13.153993966860
111.252396716890 13.071159256132
110.758489085961 12.995050794506
110.263669453282 12.928022486652
109.771534022485 12.840315019037
109.280100179801 12.749753345769
108.788179971396 12.661488282017
108.297735089838 12.565278949560
107.804256929458 12.486332058838
107.309041017802 12.421078667246
106.813675765433 12.354120556270
106.319960485229 12.280460340444
105.827136471121 12.197343819961
105.335971597321 12.106175383511
104.844490575112 12.015211600774
104.353568736251 11.924581478758
103.862157692622 11.833438972662
103.371091903026 11.740010337049
102.878476675152 11.659737786623
102.384603711288 11.583151082468
101.892777640196 11.494167788837
101.398940041243 11.416142477288
100.907880242055 11.322225129177
100.413508948410 11.247415996396
99.917633119141 11.183895997567
99.423121671663 11.110022641369
98.928812521403 11.034871578264
98.433859840163 10.964342400025
97.936554150831 10.928257963527
97.440896922613 10.869432266133
96.949741041019 10.777834694308
96.457081584152 10.694787661851
96.331137865543 10.676686474925
END_POLYGON

POLYGON OUT13 OUT STRAIGHT 13 119
96.331137865543 10.676686474925
96.457081584152 10.694787661851
96.949741041019 10.777834694308
97.440896922613 10.869432266133
97.936554150831 10.928257963527
98.433859840163 10.964342400025
98.928812521403 11.034871578264
99.423121671663 11.110022641369
99.917633119141 11.183895997567
100.413508948410 11.247415996396
100.907880242055 11.322225129177
101.398940041243 11.416142477288
101.892777640196 11.494167788837
102.384603711288 11.583151082468
102.878476675152 11.659737786623
103.371091903026 11.740010337049
103.862157692622 11.833438972662
104.353568736251 11.924581478758
104.844490575112 12.015211600774
105.335971597321 12.106175383511
105.827136471121 12.197343819961
106.319960485229 12.280460340444
106.813675765433 12.354120556270
107.309041017802 12.421078667246
107.804256929458 12.486332058838
108.297735089838 12.565278949560
108.788179971396 12.661488282017
109.280100179801 12.749753345769
109.771534022485 12.840315019037
110.263669453282 12.928022486652
110.758489085961 12.995050794506
111.252396716890 13.071159256132
111.745380251457 13.153993966860
112.237346351288 13.241947657232
112.728178520281 13.335540764934
113.221680385010 13.410235297813
113.717539135698 13.473666106024
114.212629805535 13.538050232429
114.706352749902 13.616395363921
115.201055362135 13.687305999826
115.695042031986 13.762960494724
116.185918484525 13.856582523717
116.676147882596 13.953218250288
117.166438297252 14.049177508221
117.657686524181 14.136471108658
118.150251489530 14.218147744817
118.644187687237 14.292757454457
119.137794743884 14.370931766071
119.631244615437 14.450897214859
120.125936426558 14.523556697683
120.618746815266 14.606983174562
121.113227108650 14.681061839290
121.606230376900 14.762657919301
122.099384014247 14.842970178509
122.591552759050 14.928446016332
123.084350478067 15.010960050809
123.577951353518 15.088789423848
124.071552475708 15.167165963628
124.562941345679 15.257566435504
124.689777479822 15.285868109524
125.333651724751 12.237579900364
124.884777390281 12.128819905561
124.382129703007 12.034828465623
123.892688847124 11.946940424593
123.399836812965 11.849401230466
122.905053478100 11.766360164392
122.417458331603 11.650381605021
121.924612816552 11.548799714054
121.431007938050 11.468662803727
120.931169976440 11.388258014544
120.433613103244 11.312126271170
119.939283900751 11.236138567635
119.446334831849 11.162138313322
118.952992992472 11.082577474346
118.459113324168 11.006560510152
117.966773548121 10.923450252825
117.472852846144 10.851034666654
116.980242493892 10.773902846813
116.485448935351 10.696159348104
115.992629449020 10.617557291451
115.499895460904 10.537604143723
115.005471717365 10.459411030504
114.514316531423 10.381684268626
114.021990145496 10.299633189491
113.528059961387 10.225491545230
113.038054126838 10.130756763139
112.546640010211 10.045956169092
112.053855044384 9.967622397808
111.557886709393 9.885693648828
111.068361506999 9.798276044574
110.574724068261 9.718205487741
110.083168481714 9.639796403682
109.591743922787 9.540338371790
109.097474781777 9.462413435840
108.605611461993 9.372854821118
108.108229078465 9.295085718339
107.614971269533 9.217366444773
107.119650056733 9.139682767158
106.624847509518 9.060547196957
106.132097713413 8.978891714348
105.640984005649 8.897821075170
105.146276923525 8.827148938231
104.653055022376 8.746226161245
104.162750268227 8.655761469710
103.670116991856 8.577268418665
103.176788314237 8.497259016730
102.684230916241 8.409160366079
102.192154494500 8.331948239786
101.699638180303 8.249796088662
101.206643002391 8.163187166187
100.716316493446 8.073519491677
100.223997646551 7.994009859181
99.729792214551 7.911201265319
99.235445021035 7.826679509906
98.744504592878 7.736904211832
98.250478568231 7.656852425912
97.756520113191 7.576138609872
97.262992407033 7.495766537500
96.909134942701 7.439334714620
END_POLYGON

POLYGON IN14 IN CURVE 14 25
124.051431052862 18.447110452137
124.027350990747 18.441813913769
124.493651597906 18.519341717584
124.944409969943 18.633166431654
125.374053242138 18.835784320628
125.779599389659 19.033576343469
126.174927855907 19.246906798277
126.556506645105 19.541170530006
126.886312583605 19.851610406664
127.178408557421 20.195131874196
127.149005240611 20.159385264707
129.838135341704 18.061394651446
129.801050733216 18.018160043874
129.464653911913 17.650308229748
129.065160418770 17.349767015706
128.636696583398 17.092942004499
128.190077533772 16.869155714791
127.753612441637 16.626739712403
127.321608906039 16.375924222526
126.879388296949 16.142782240585
126.445450853551 15.895644939328
125.997241263408 15.675587768748
125.533749421184 15.491968904285
125.051947020567 15.360638842742
124.689777479822 15.285868109524
END_POLYGON

POLYGON OUT14 OUT CURVE 14 31
124.689777479822 15.285868109524
125.051947020567 15.360638842742
125.533749421184 15.491968904285
125.997241263408 15.675587768748
126.445450853551 15.895644939328
126.879388296949 16.142782240585
127.321608906039 16.375924222526
127.753612441637 16.626739712403
128.190077533772 16.869155714791
128.636696583398 17.092942004499
129.065160418770 17.349767015706
129.464653911913 17.650308229748
129.801050733216 18.018160043874
129.838135341704 18.061394651446
131.607779419186 16.689445773233
131.322247842271 16.306124251793
130.994956711876 15.901273888212
130.666660696027 15.508798995976
130.305644808324 15.132854101024
129.927183726244 14.773208063318
129.532858660079 14.426316120321
129.122787503990 14.103975404913
128.697459555164 13.800596048764
128.256168901245 13.516644312424
127.809936638577 13.248670172106
127.348579084965 13.003024679024
126.871258328684 12.787592796339
126.401380774028 12.580699087227
125.908381023663 12.405547468770
125.406285294855 12.258645502597
125.333651724751 12.237579900364
END_POLYGON

POLYGON IN15 IN STRAIGHT 15 46
127.149005240611 20.159385264707
127.425165263671 20.520532816375
127.675945439374 20.897827416552
127.882588509586 21.326628461522
128.048056474260 21.748628513392
128.157718408542 22.192818731823
128.235436312842 22.641246296034
128.277907683362 23.094647337850
128.313885927961 23.562687843753
128.270135526550 24.030564905168
128.192688305916 24.496142017817
128.141480088496 24.973121086558
128.053168374287 25.456967414178
127.933780772438 25.939963275058
127.850595722001 26.428328541461
127.760017858900 26.919297311710
127.664390874605 27.416668216395
127.583596567756 27.909550341708
127.493956495890 28.402030400157
127.412179622430 28.898679747761
127.396733475892 28.990714689861
130.572308799065 29.454005154210
130.649012655208 28.981968701285
130.741590305583 28.490825714048
130.831700525859 27.999330230451
130.911076854951 27.506141475615
130.978134658118 27.011997265280
131.058176199268 26.519379069249
131.172943494899 26.033606259575
131.273775989534 25.544661741025
131.424850927008 25.069190443032
131.468963378470 24.571648858938
131.489410388238 24.073823090371
131.478118035390 23.574850926549
131.468258891971 23.076581960939
131.435736928019 22.577885595641
131.395085953928 22.080131676681
131.422710226913 21.581279339493
131.383385208994 21.083415233712
131.294560936279 20.592146201015
131.153554767390 20.113121381561
130.919597938864 19.673011428186
130.642084149426 19.257741494746
130.381573530517 18.831139134576
130.091335005092 18.424221610390
129.838135341704 18.061394651446
END_POLYGON

POLYGON OUT15 OUT STRAIGHT 15 54
129.838135341704 18.061394651446
130.091335005092 18.424221610390
130.381573530517 18.831139134576
130.642084149426 19.257741494746
130.919597938864 19.673011428186
131.153554767390 20.113121381561
131.294560936279 20.592146201015
131.383385208994 21.083415233712
131.422710226913 21.581279339493
131.395085953928 22.080131676681
131.435736928019 22.577885595641
131.468258891971 23.076581960939
131.478118035390 23.574850926549
131.489410388238 24.073823090371
131.468963378470 24.571648858938
131.424850927008 25.069190443032
131.273775989534 25.544661741025
131.172943494899 26.033606259575
131.058176199268 26.519379069249
130.978134658118 27.011997265280
130.911076854951 27.506141475615
130.831700525859 27.999330230451
130.741590305583 28.490825714048
130.649012655208 28.981968701285
130.572308799065 29.454005154210
133.682865989303 29.897181692869
133.750771946562 29.432069663649
133.824029830529 28.939001603586
133.895196205335 28.449371173710
133.971693642370 27.965772854541
134.044523327458 27.475528833950
134.143993887405 26.985509320505
134.273051271030 26.494367460012
134.370063134968 25.991817215178
134.437468110642 25.475035351952
134.470427008980 24.945070026155
134.470795884696 24.413908356540
134.440700011408 23.885993858011
134.378649731150 23.361697055578
134.281291107262 22.841422493932
134.162972858553 22.333381870617
134.021610567338 21.838092072341
133.845241371595 21.357135404297
133.684152193615 20.870783972263
133.530878892250 20.381308340018
133.363599243070 19.902342275921
133.173394774653 19.423122753173
132.953066532650 18.952527611113
132.726766271199 18.485021694462
132.473426936436 18.032803711206
132.210866194642 17.597546977230
131.931267371572 17.162197590307
131.639719233883 16.735706459638
131.607779419186 16.689445773233
END_POLYGON

END_TRACK_ROI
