x,y,roi_radius,distance_to_left,distance_to_middle1
129.050494573639,29.122407645873,1.573946285052,1.576205220136,1.573946285052
129.002341709122,29.418517932055,1.574122881430,1.574122881430,1.575852642770
128.954938160694,29.714749097658,1.572799534078,1.572799534078,1.577000065159
128.908249553654,30.011093785222,1.572200081085,1.572200081085,1.577423591954
128.862127158987,30.307527124470,1.572173738215,1.572173738215,1.577274008373
128.816423699164,30.604025343213,1.572571324213,1.572571324213,1.576700496152
128.770977788334,30.900563147191,1.573229483164,1.573229483164,1.575866411290
128.725557967334,31.197104948269,1.573914036291,1.573914036291,1.575005932292
128.679837842184,31.493600597609,1.574294760068,1.574294760068,1.574449282275
128.633827566596,31.790051359945,1.574186233959,1.574381881959,1.574186233959
128.587598879319,32.086468141643,1.574144224864,1.574247964602,1.574144224864
128.541367637682,32.382884524952,1.574104801010,1.574111462003,1.574104801010
128.495183847438,32.679308305237,1.574017352684,1.574022983875,1.574017352684
128.449000732836,32.975732190789,1.573929220565,1.573935189540,1.573929220565
128.402816780619,33.272155945839,1.573841936167,1.573846547484,1.573841936167
128.356631997872,33.568579571487,1.573755492319,1.573757064877,1.573755492319
128.310447325651,33.865003214356,1.573667694130,1.573667694130,1.573668936611
128.264264266403,34.161427108532,1.573579955817,1.573579955817,1.573580748470
128.218081434146,34.457851038074,1.573492330599,1.573492447233,1.573492330599
128.171898711184,34.754274984643,1.573403802116,1.573405049262,1.573403802116
128.125715734715,35.050698891716,1.573315530198,1.573317394725,1.573315530198
128.079532469356,35.347122753780,1.573227550655,1.573229447814,1.573227550655
128.033349059936,35.643546593399,1.573139716910,1.573141355104,1.573139716910
127.987165583550,35.939970422584,1.573051950940,1.573053194620,1.573051950940
127.940982114825,36.236394252963,1.572964177216,1.572965041889,1.572964177216
127.894798654806,36.532818084699,1.572876394681,1.572876897970,1.572876394681
127.848615203033,36.829241917718,1.572788603802,1.572788762394,1.572788603802
127.802431752296,37.125665750900,1.572700627869,1.572700627869,1.572700811873
127.756248301309,37.422089584043,1.572612493090,1.572612493090,1.572613020198
127.710064849025,37.718513416983,1.572524356998,1.572524356998,1.572525229835
127.663881395518,38.014937249733,1.572436219670,1.572436219670,1.572437440709
127.617697941120,38.311361082344,1.572348081439,1.572348081439,1.572349652486
127.571514486925,38.607784914987,1.572259943414,1.572259943414,1.572261864057
127.525331033143,38.904208747694,1.572171805806,1.572171805806,1.572174075210
127.479147579911,39.200632580487,1.572083668755,1.572083668755,1.572086285807
127.432964126714,39.497056413285,1.571995531740,1.571995531740,1.571998496367
127.386780673471,39.793480246076,1.571907394678,1.571907394678,1.571910706975
127.340597219989,40.089904078830,1.571819257374,1.571819257374,1.571822917825
127.294413766477,40.386327911579,1.571731120039,1.571731120039,1.571735128705
127.248230313128,40.682751744354,1.571642982870,1.571642982870,1.571647339419
127.202046860181,40.979175577191,1.571554846107,1.571554846107,1.571559549727
127.155863407564,41.275599410080,1.571466709680,1.571466709680,1.571471759701
127.109679955190,41.572023243006,1.571378573497,1.571378573497,1.571383969429
127.063496503077,41.868447075973,1.571290437579,1.571290437579,1.571296178893
127.017313051168,42.164870908972,1.571202301866,1.571202301866,1.571208388151
126.971129598983,42.461294741928,1.571114165876,1.571114165876,1.571120597687
126.924946146106,42.757718574776,1.571026029183,1.571026029183,1.571032807925
126.878762691756,43.054142407395,1.570937891002,1.570937891002,1.570945019652
126.832579236514,43.350566239874,1.570849751916,1.570849751916,1.570857232284
126.786395780702,43.646990072265,1.570761612254,1.570761612254,1.570769445491
126.740212324838,43.943413904648,1.570673472539,1.570673472539,1.570681658751
126.694028868833,44.239837737009,1.570585332682,1.570585332682,1.570593872153
126.647845412509,44.536261569320,1.570497192502,1.570497192502,1.570506085879
126.601661956406,44.832685401665,1.570409052545,1.570409052545,1.570418299382
126.555478500674,45.129109234068,1.570320912964,1.570320912964,1.570330512509
126.509295045383,45.425533066540,1.570232773829,1.570232773829,1.570242725189
126.463111590241,45.721956899036,1.570144634845,1.570144634845,1.570154937718
126.416928134996,46.018380731515,1.570056495757,1.570056495757,1.570067150352
126.370744679897,46.314804564017,1.569968356817,1.569968356817,1.569979362838
126.324561225136,46.611228396571,1.569880218219,1.569880218219,1.569891574981
126.278377771287,46.907652229268,1.569792080543,1.569792080543,1.569803786203
126.232194318122,47.204076062071,1.569703943560,1.569703943560,1.569715996732
126.186010865425,47.500499894947,1.569615807051,1.569615807051,1.569628206786
126.139827412673,47.796923727815,1.569527670485,1.569527670485,1.569540416897
126.093643959788,48.093347560662,1.569439533785,1.569439533785,1.569452627143
126.047460506799,48.389771393492,1.569351396982,1.569351396982,1.569364837492
126.001277054044,48.686195226359,1.569263260414,1.569263260414,1.569277047606
125.955093601748,48.982619059298,1.569175124310,1.569175124310,1.569189257255
125.908910150135,49.279042892343,1.569086988898,1.569086988898,1.569101466213
125.862726699090,49.575466725477,1.568998854060,1.568998854060,1.569013674597
125.816543248413,49.871890558667,1.568910719595,1.568910719595,1.568925882607
125.770359797819,50.168314391871,1.568822585214,1.568822585214,1.568838090533
125.724176347128,50.464738225060,1.568734450735,1.568734450735,1.568750298558
125.677992895951,50.761162058173,1.568646315764,1.568646315764,1.568662507075
125.631809443934,51.057585891155,1.568558179943,1.568558179943,1.568574716441
125.585625990655,51.354009723940,1.568470042844,1.568470042844,1.568486927085
125.539442536351,51.650433556566,1.568381904708,1.568381904708,1.568399138766
125.493259081354,51.946857389084,1.568293765871,1.568293765871,1.568311351149
125.447075627314,52.243281221751,1.568205628003,1.568205628003,1.568223562563
125.400892174469,52.539705054604,1.568117491343,1.568117491343,1.568135772768
125.354708723383,52.836128887731,1.568029356464,1.568029356464,1.568047981193
125.308525272347,53.132552720866,1.567941221636,1.567941221636,1.567960189567
125.262341820614,53.428976553892,1.567853086102,1.567853086102,1.567872398646
125.216158365099,53.725400386329,1.567764946740,1.567764946740,1.567784611553
125.169974906962,54.021824218358,1.567676804726,1.567676804726,1.567696827113
125.123791447420,54.318248050168,1.567588661288,1.567588661288,1.567609044096
125.077607988332,54.614671882048,1.567500518311,1.567500518311,1.567521260619
125.031424530401,54.911095714109,1.567412376504,1.567412376504,1.567433475972
124.985241073749,55.207519546369,1.567324235991,1.567324235991,1.567345690030
124.939057618156,55.503943378794,1.567236096551,1.567236096551,1.567257903016
124.892874163421,55.800367211352,1.567147957979,1.567147957979,1.567170115133
124.846690708991,56.096791043959,1.567059819716,1.567059819716,1.567082326942
124.800507254677,56.393214876583,1.566971681570,1.566971681570,1.566994538633
124.754323799987,56.689638709148,1.566883543043,1.566883543043,1.566906750705
124.708140344897,56.986062541652,1.566795404112,1.566795404112,1.566818963182
124.661956889365,57.282486374086,1.566707264733,1.566707264733,1.566731176106
124.615773434318,57.578910206596,1.566619125846,1.566619125846,1.566643388539
124.569589980118,57.875334039238,1.566530987816,1.566530987816,1.566555600115
124.523406527482,58.171757872124,1.566442851368,1.566442851368,1.566467810108
124.477223075903,58.468181705174,1.566354715991,1.566354715991,1.566380019032
124.431039624983,58.764605538327,1.566266581280,1.566266581280,1.566292227289
124.384856174239,59.061029371508,1.566178446747,1.566178446747,1.566204435367
124.338672723569,59.357453204699,1.566090312289,1.566090312289,1.566116643372
124.292489272978,59.653877037904,1.566002177911,1.566002177911,1.566028851295
124.246305822298,59.950300871094,1.565914043442,1.565914043442,1.565941059309
124.200122371465,60.246724704261,1.565825908819,1.565825908819,1.565853267477
124.153938920679,60.543148537434,1.565737774244,1.565737774244,1.565765475598
124.107755470155,60.839572370649,1.565649639934,1.565649639934,1.565677683453
124.061572020176,61.135996203949,1.565561506175,1.565561506175,1.565589890758
124.015388570096,61.432420037233,1.565473372315,1.565473372315,1.565502098163
123.969205119124,61.728843870378,1.565385237550,1.565385237550,1.565414306473
123.923021665313,62.025267703080,1.565297099914,1.565297099914,1.565326517655
123.876838208357,62.321691535293,1.565208959094,1.565208959094,1.565238732020
123.830654747799,62.618115366944,1.565120814629,1.565120814629,1.565150950031
123.784471287698,62.914539198667,1.565032670626,1.565032670626,1.565063167580
123.738287828763,63.210963030571,1.564944527803,1.564944527803,1.564975383948
123.692104371588,63.507386862750,1.564856386762,1.564856386762,1.564887598535
123.645920915213,63.803810695053,1.564768246530,1.564768246530,1.564799812312
123.599737459265,64.100234527422,1.564680106730,1.564680106730,1.564712025658
123.553554003871,64.396658359878,1.564591967491,1.564591967491,1.564624238442
123.507370548905,64.693082192401,1.564503828685,1.564503828685,1.564536450794
123.461187094068,64.989506024944,1.564415690010,1.564415690010,1.564448663014
123.415003638854,65.285929857428,1.564327550954,1.564327550954,1.564360875616
123.368820182965,65.582353689806,1.564239411214,1.564239411214,1.564273088901
123.322636726883,65.878777522155,1.564151271278,1.564151271278,1.564185302383
123.276453271389,66.175201354595,1.564063131938,1.564063131938,1.564097515268
123.230269817694,66.471625187316,1.563974994419,1.563974994419,1.564009726333
123.184086365439,66.768049020261,1.563886858356,1.563886858356,1.563921935941
123.137902914345,67.064472853387,1.563798723469,1.563798723469,1.563834144374
123.091719462900,67.360896686458,1.563710588227,1.563710588227,1.563746353161
123.045536011029,67.657320519463,1.563622452553,1.563622452553,1.563658562381
122.999352558659,67.953744352390,1.563534316375,1.563534316375,1.563570772104
122.953169106420,68.250168185338,1.563446180329,1.563446180329,1.563482981696
122.906985654453,68.546592018327,1.563358044559,1.563358044559,1.563395191013
122.860802202991,68.843015851396,1.563269909300,1.563269909300,1.563307399817
122.814618752059,69.139439684547,1.563181774576,1.563181774576,1.563219608086
122.768435301646,69.435863517779,1.563093640379,1.563093640379,1.563131815829
122.722251851518,69.732287351056,1.563005506469,1.563005506469,1.563044023285
122.676068401361,70.028711184327,1.562917372530,1.562917372530,1.562956230769
122.629884950415,70.325135017476,1.562829237793,1.562829237793,1.562868439052
122.583701498212,70.621558850430,1.562741101783,1.562741101783,1.562780648607
122.537518044283,70.917982683114,1.562652964027,1.562652964027,1.562692859909
122.491334589284,71.214406515631,1.562564825188,1.562564825188,1.562605072294
122.445151133781,71.510830348070,1.562476685839,1.562476685839,1.562517285188
122.398967678887,71.807254180604,1.562388547106,1.562388547106,1.562429497467
122.352784224572,72.103678013228,1.562300408958,1.562300408958,1.562341709160
122.306600770809,72.400101845938,1.562212271370,1.562212271370,1.562253920294
122.260417317106,72.696525678658,1.562124133843,1.562124133843,1.562166131366
122.214233863355,72.992949511370,1.562035996267,1.562035996267,1.562078342487
122.168050409462,73.289373344059,1.561947858547,1.561947858547,1.561990553753
122.121866955146,73.585797176683,1.561859720399,1.561859720399,1.561902765447
122.075683500287,73.882221009223,1.561771581701,1.561771581701,1.561814977689
122.029500044924,74.178644841683,1.561683442493,1.561683442493,1.561727190443
121.983316589318,74.475068674106,1.561595303040,1.561595303040,1.561639403441
121.937133133907,74.771492506560,1.561507163784,1.561507163784,1.561551616243
121.890949678964,75.067916339086,1.561419025001,1.561419025001,1.561463828572
121.844766224507,75.364340171688,1.561330886711,1.561330886711,1.561376040408
121.798582769822,75.660764004254,1.561242748189,1.561242748189,1.561288252475
121.752399314732,75.957187836757,1.561154609258,1.561154609258,1.561200464952
121.706215858972,76.253611669156,1.561066469649,1.561066469649,1.561112678106
121.660032403412,76.550035501586,1.560978330241,1.560978330241,1.561024891059
121.613848948515,76.846459334120,1.560890191506,1.560890191506,1.560937103340
121.567665494919,77.142883166856,1.560802054086,1.560802054086,1.560849314306
121.521482042344,77.439306999751,1.560713917700,1.560713917700,1.560761524237
121.475298590473,77.735730832756,1.560625782026,1.560625782026,1.560673733457
121.429115138548,78.032154665752,1.560537646298,1.560537646298,1.560585942730
121.382931686306,78.328578498699,1.560449510251,1.560449510251,1.560498152324
121.336748233500,78.625002331558,1.560361373631,1.560361373631,1.560410362489
121.290564780069,78.921426164320,1.560273236378,1.560273236378,1.560322573288
121.244381325922,79.217849996970,1.560185098402,1.560185098402,1.560234784810
121.198197871504,79.514273829578,1.560096960150,1.560096960150,1.560146996607
121.152014417136,79.810697662194,1.560008821949,1.560008821949,1.560059208353
121.105830963518,80.107121494927,1.559920684509,1.559920684509,1.559971419340
121.059647510347,80.403545327729,1.559832547519,1.559832547519,1.559883629874
121.013464057408,80.699969160568,1.559744410765,1.559744410765,1.559795840174
120.967280603979,80.996392993330,1.559656273514,1.559656273514,1.559708050970
120.921097150033,81.292816826011,1.559568135741,1.559568135741,1.559620262289
120.874913695717,81.589240658635,1.559479997593,1.559479997593,1.559532473982
120.828730241516,81.885664491277,1.559391859562,1.559391859562,1.559444685560
120.782546787706,82.182088323980,1.559303721926,1.559303721926,1.559356896741
120.736363334530,82.478512156781,1.559215584931,1.559215584931,1.559269107281
120.690179881809,82.774935989654,1.559127448397,1.559127448397,1.559181317361
120.643996429168,83.071359822539,1.559039311945,1.559039311945,1.559093527359
120.597812976083,83.367783655354,1.558951175043,1.558951175043,1.559005737806
120.551629522240,83.664207488052,1.558863037373,1.558863037373,1.558917949021
120.505446067762,83.960631320650,1.558774899062,1.558774899062,1.558830160878
120.459262612684,84.257055153156,1.558686760143,1.558686760143,1.558742373343
120.413079157046,84.553478985574,1.558598620656,1.558598620656,1.558654586375
120.366895701244,84.849902817966,1.558510481004,1.558510481004,1.558566799572
120.320712245574,85.146326650379,1.558422341487,1.558422341487,1.558479012635
120.274528790769,85.442750482927,1.558334202843,1.558334202843,1.558391224824
120.228345336689,85.739174315587,1.558246064934,1.558246064934,1.558303436278
120.182161883233,86.035598148345,1.558157927656,1.558157927656,1.558215647103
120.135978430053,86.332021981146,1.558069790659,1.558069790659,1.558127857646
120.089794977086,86.628445813980,1.557981653876,1.557981653876,1.558040067974
120.043611525169,86.924869646978,1.557893518155,1.557893518155,1.557952277240
119.997428075060,87.221293480257,1.557805384265,1.557805384265,1.557864484676
119.951244627843,87.517717313987,1.557717253302,1.557717253302,1.557776689184
119.905061182031,87.814141147936,1.557629123760,1.557629123760,1.557688892271
119.858877735423,88.110564981761,1.557540993414,1.557540993414,1.557601096164
119.812694279587,88.406988814148,1.557452853728,1.557452853728,1.557513309396
119.766510815565,88.703412645259,1.557364705757,1.557364705757,1.557425530913
119.720327344493,88.999836475273,1.557276550651,1.557276550651,1.557337759564
119.674143871893,89.296260305048,1.557188393999,1.557188393999,1.557249989762
119.627960399687,89.592684134885,1.557100237744,1.557100237744,1.557162219561
119.581776929019,89.889107964961,1.557012083047,1.557012083047,1.557074447803
119.535593459506,90.185531795217,1.556923929519,1.556923929519,1.556986674877
119.489409990892,90.481955625613,1.556835776900,1.556835776900,1.556898901042
119.443226524734,90.778379456392,1.556747626768,1.556747626768,1.556811124720
119.397043061224,91.074803287584,1.556659479315,1.556659479315,1.556723345719
119.350859600449,91.371227119201,1.556571334630,1.556571334630,1.556635563949
119.304676141331,91.667650951077,1.556483191622,1.556483191622,1.556547780503
119.258492683305,91.964074783123,1.556395049719,1.556395049719,1.556459995951
119.212309227668,92.260498615541,1.556306910234,1.556306910234,1.556372208981
119.166125774335,92.556922448318,1.556218773081,1.556218773081,1.556284419680
119.119942322909,92.853346281392,1.556130637858,1.556130637858,1.556196628449
119.073758871596,93.149770114484,1.556042502749,1.556042502749,1.556108837103
119.027575419753,93.446193947493,1.555954367104,1.555954367104,1.556021046293
118.981391968881,93.742617780653,1.555866232441,1.555866232441,1.555933254502
118.935208519107,94.039041613985,1.555778098890,1.555778098890,1.555845461599
118.889025070397,94.335465447482,1.555689966416,1.555689966416,1.555757667618
118.842841620869,94.631889280852,1.555601833114,1.555601833114,1.555669874466
118.796658170350,94.928313114068,1.555513698809,1.555513698809,1.555582082317
118.750474720496,95.224736947387,1.555425565176,1.555425565176,1.555494289494
118.704291272919,95.521160781061,1.555337433848,1.555337433848,1.555406494368
118.658107829434,95.817584615372,1.555249306663,1.555249306663,1.555318695099
118.611924388246,96.114008450041,1.555161181800,1.555161181800,1.555230893507
118.565740946503,96.410432284624,1.555073056377,1.555073056377,1.555143092475
118.519557498970,96.706856118305,1.554984925094,1.554984925094,1.555055297304
118.473374043334,97.003279950723,1.554896785611,1.554896785611,1.554967510333
118.427190578409,97.299703781694,1.554808636725,1.554808636725,1.554879732764
118.381007112580,97.596127612524,1.554720486926,1.554720486926,1.554791956109
118.334823648139,97.892551443571,1.554632338530,1.554632338530,1.554704178050
118.288640187955,98.188975275280,1.554544194443,1.554544194443,1.554616395683
118.242456729336,98.485399107234,1.554456051941,1.554456051941,1.554528611731
118.196273271555,98.781822939318,1.554367910287,1.554367910287,1.554440826931
118.150089813848,99.078246771413,1.554279768707,1.554279768707,1.554353042056
118.103906357174,99.374670603670,1.554191628173,1.554191628173,1.554265256137
118.057722902772,99.671094436281,1.554103489938,1.554103489938,1.554177467917
118.011539449444,99.967518269058,1.554015352790,1.554015352790,1.554089678610
117.965355996710,100.263942101929,1.553927216243,1.553927216243,1.554001888703
117.919172543896,100.560365934787,1.553839079614,1.553839079614,1.553914098877
117.872989091219,100.856789767666,1.553750943126,1.553750943126,1.553826308911
117.826805638825,101.153213600589,1.553662806923,1.553662806923,1.553738518659
117.780622184696,101.449637433242,1.553574668964,1.553574668964,1.553650730163
117.734438728151,101.746061265519,1.553486528560,1.553486528560,1.553562944113
117.688255269332,102.042485097441,1.553398385855,1.553398385855,1.553475160364
117.642071809683,102.338908929234,1.553310242310,1.553310242310,1.553387377454
117.595888350450,102.635332761092,1.553222099186,1.553222099186,1.553299594124
117.549704890399,102.931756592822,1.553133955233,1.553133955233,1.553211811622
117.503521429315,103.228180424392,1.553045810235,1.553045810235,1.553124030165
117.457337967076,103.524604255781,1.552957664069,1.552957664069,1.553036249878
117.411154506160,103.821028087377,1.552869519242,1.552869519242,1.552948468251
117.364971048508,104.117451919481,1.552781377717,1.552781377717,1.552860683320
117.318787594013,104.413875752077,1.552693239388,1.552693239388,1.552772895195
117.272604141672,104.710299585009,1.552605103239,1.552605103239,1.552685104890
117.226420688533,105.006723417816,1.552516966282,1.552516966282,1.552597315392
117.180237234367,105.303147250463,1.552428828285,1.552428828285,1.552509526935
117.134053779144,105.599571082946,1.552340689220,1.552340689220,1.552421739545
117.087870323680,105.895994915391,1.552252549910,1.552252549910,1.552333952401
117.041686867794,106.192418747770,1.552164410173,1.552164410173,1.552246165683
116.995503410752,106.488842579969,1.552076269267,1.552076269267,1.552158380135
116.949319953268,106.785266412100,1.551988127912,1.551988127912,1.552070595035
116.903136495890,107.081690244246,1.551899986665,1.551899986665,1.551982809828
116.856953039692,107.378114076577,1.551811846612,1.551811846612,1.551895023425
116.810769584626,107.674537909084,1.551723707706,1.551723707706,1.551807235878
116.764586130354,107.970961741715,1.551635569603,1.551635569603,1.551719447527
116.718402676455,108.267385574404,1.551547431877,1.551547431877,1.551631658799
116.672219222593,108.563809407098,1.551459294188,1.551459294188,1.551543870033
116.626035768470,108.860233239753,1.551371156236,1.551371156236,1.551456081531
116.579852314096,109.156657072367,1.551283018029,1.551283018029,1.551368293284
116.533668859421,109.453080904935,1.551194879518,1.551194879518,1.551280505340
116.487485404564,109.749504737475,1.551106740822,1.551106740822,1.551192717581
116.441301949680,110.045928570010,1.551018602099,1.551018602099,1.551104929849
116.395118495786,110.342352402700,1.550930464378,1.550930464378,1.551017141116
116.348935042978,110.638776235559,1.550842327757,1.550842327757,1.550929351283
116.302751591330,110.935200068598,1.550754192309,1.550754192309,1.550841560277
116.256568139619,111.231623901628,1.550666056797,1.550666056797,1.550753769333
116.210384687283,111.528047734560,1.550577920653,1.550577920653,1.550665979023
116.164201233786,111.824471567312,1.550489783334,1.550489783334,1.550578189887
116.118017779174,112.120895399890,1.550401644887,1.550401644887,1.550490401881
116.071834323455,112.417319232295,1.550313505319,1.550313505319,1.550402614994
116.025650866802,112.713743064555,1.550225364805,1.550225364805,1.550314829053
115.979467409304,113.010166896683,1.550137223438,1.550137223438,1.550227043966
115.933283951403,113.306590728748,1.550049081661,1.550049081661,1.550139259289
115.887100493189,113.603014560765,1.549960939568,1.549960939568,1.550051474926
115.840917034848,113.899438392762,1.549872797346,1.549872797346,1.549963690694
115.794733576942,114.195862224826,1.549784655566,1.549784655566,1.549875906021
115.748550119156,114.492286056910,1.549696513905,1.549696513905,1.549788121227
115.702366660900,114.788709888920,1.549608371770,1.549608371770,1.549700336907
115.656183201981,115.085133720826,1.549520228963,1.549520228963,1.549612553260
115.609999742561,115.381557552655,1.549432085650,1.549432085650,1.549524770119
115.563816284058,115.677981384627,1.549343943265,1.549343943265,1.549436986050
115.517632826596,115.974405216760,1.549255801932,1.549255801932,1.549349200928
115.471449370075,116.270829049041,1.549167661553,1.549167661553,1.549261414853
115.425265913561,116.567252881322,1.549079521180,1.549079521180,1.549173628770
115.379082456779,116.863676713562,1.548991380536,1.548991380536,1.549085842960
115.332898999649,117.160100545747,1.548903239540,1.548903239540,1.548998057501
115.286715542526,117.456524377934,1.548815098551,1.548815098551,1.548910272035
115.240532085966,117.752948210208,1.548726958133,1.548726958133,1.548822486000
115.194348630640,118.049372042675,1.548638818963,1.548638818963,1.548734698716
115.148165176747,118.345795875365,1.548550681243,1.548550681243,1.548646909981
115.101981723606,118.642219708171,1.548462544284,1.548462544284,1.548559120485
115.055798270434,118.938643540974,1.548374407295,1.548374407295,1.548471331020
115.009614816008,119.235067373580,1.548286269035,1.548286269035,1.548383542826
114.963431360110,119.531491205958,1.548198129287,1.548198129287,1.548295756120
114.917247902957,119.827915038140,1.548109988267,1.548109988267,1.548207970685
114.871064445273,120.124338870239,1.548021846710,1.548021846710,1.548120185787
114.824880987386,120.420762702306,1.547933704948,1.547933704948,1.548032401095
114.778697529463,120.717186534368,1.547845563150,1.547845563150,1.547944616438
114.732514071606,121.013610366441,1.547757421418,1.547757421418,1.547856831715
114.686330613854,121.310034198529,1.547669279793,1.547669279793,1.547769046887
114.640147156384,121.606458030662,1.547581138453,1.547581138453,1.547681261773
114.593963699584,121.902881862898,1.547492997790,1.547492997790,1.547593475981
114.547780243689,122.199305695276,1.547404858045,1.547404858045,1.547505689272
114.501596788355,122.495729527742,1.547316718866,1.547316718866,1.547417901996
114.455413333355,122.792153360259,1.547228580026,1.547228580026,1.547330114382
114.409229878273,123.088577192764,1.547140441103,1.547140441103,1.547242326850
114.363046422902,123.385001025223,1.547052301888,1.547052301888,1.547154539610
114.316862967080,123.681424857612,1.546964162215,1.546964162215,1.547066752829
114.270679511054,123.977848689970,1.546876022337,1.546876022337,1.546978966252
114.224496055209,124.274272522356,1.546787882641,1.546787882641,1.546891179493
114.178312600295,124.570696354886,1.546699743888,1.546699743888,1.546803391792
114.132129146159,124.867120187538,1.546611605922,1.546611605922,1.546715603304
114.085945692727,125.163544020300,1.546523468669,1.546523468669,1.546627814103
114.039762239768,125.459967853135,1.546435331894,1.546435331894,1.546540024423
113.993578786416,125.756391685909,1.546347194722,1.546347194722,1.546452235141
113.947395330888,126.052815518344,1.546259055347,1.546259055347,1.546364448062
113.901211874163,126.349239350593,1.546170914761,1.546170914761,1.546276662193
113.855028420762,126.645663183359,1.546082777539,1.546082777539,1.546188872960
113.808845022882,126.942087024776,1.545994696508,1.545994696508,1.546101027537
113.762661661319,127.238510871851,1.545906652232,1.545906652232,1.546013145359
113.716478296279,127.534934718384,1.545818604438,1.545818604438,1.545925266699
113.670294643210,127.831358520042,1.545730265139,1.545730265139,1.545837679544
113.624110623432,128.127782264565,1.545641554708,1.545641554708,1.545750463520
113.577928005488,128.424206227463,1.545554263017,1.545554263017,1.545661828757
113.531766562232,128.720633488608,1.545488401347,1.545488401347,1.545551763972
113.485614279384,129.017062175860,1.545431810430,1.545431810430,1.545432428436
113.439401878715,129.313481497025,1.545314376471,1.545314376471,1.545373935942
113.393153811885,129.609895255615,1.545160845185,1.545160845185,1.545351540777
113.346936503749,129.906313811010,1.545038444375,1.545038444375,1.545298015135
113.300828048202,130.202749313322,1.545026207458,1.545026207458,1.545134325606
113.254997717305,130.499227938511,1.544689188356,1.545295418383,1.544689188356
113.209528286125,130.795762121693,1.543878900858,1.545929779945,1.543878900858
113.164516839054,131.092366160978,1.542605335143,1.547027420593,1.542605335143
113.120063354915,131.389054331076,1.540767507053,1.548689325238,1.540767507053
113.076241620559,131.685836469498,1.538290995369,1.550989916061,1.538290995369
113.033052529268,131.982711349013,1.535175106777,1.553929887168,1.535175106777
112.990305484908,132.279650198522,1.531612600444,1.557316485016,1.531612600444
112.948030858085,132.576656687858,1.527573019421,1.561180283433,1.527573019421
112.905924409831,132.873687068475,1.523376991608,1.565327969737,1.523376991608
112.863804913259,133.170715567126,1.519296725098,1.570921343195,1.519296725098
112.820926344858,133.467635421378,1.515983207997,1.573988947173,1.515983207997
112.777028098890,133.764406144403,1.514107497269,1.573892805969,1.514107497269
112.731167982875,134.060880011572,1.514422429584,1.573521352532,1.514422429584
112.682564918884,134.356916679880,1.516902849538,1.571501619887,1.516902849538
112.629880769139,134.652254419368,1.522667787211,1.572071305795,1.522667787211
112.572170840244,134.946650967349,1.530907653934,1.571212404830,1.530907653934
112.508157669503,135.239740484638,1.541621146719,1.573233049041,1.541621146719
112.436617312533,135.531082409585,1.556783947424,1.574428545587,1.556783947424
112.356206173060,135.820099091806,1.573358717355,1.578530043431,1.573358717355
112.265607887449,136.106082638330,1.580535135454,1.580535135454,1.592822044539
112.163601860205,136.388194884923,1.587626097252,1.587626097252,1.616631365384
112.048817992819,136.665349840985,1.587197019677,1.587197019677,1.642738680691
111.920153313429,136.936337434445,1.597972523018,1.597972523018,1.667439012594
111.776517342132,137.199695409076,1.594014650952,1.594014650952,1.692928107541
111.617232304959,137.453899326992,1.604185283448,1.604185283448,1.716334631885
111.441418648278,137.696962896174,1.600490688499,1.600490688499,1.734173494234
111.249072540647,137.927146049574,1.598235736286,1.598235736286,1.742117933523
111.040646952809,138.142846346396,1.597483292795,1.597483292795,1.738693639011
110.816916037824,138.342592613649,1.580301604562,1.580301604562,1.726847377010
110.578907222490,138.525058896828,1.581027176687,1.581027176687,1.710448243971
110.327969342043,138.689261926783,1.565793873233,1.565793873233,1.692388771739
110.065613412435,138.834503892032,1.551005103742,1.551005103742,1.671501045074
109.793450909506,138.960400874995,1.554505630380,1.554505630380,1.651167074399
109.513131206555,139.066908609735,1.538962649357,1.538962649357,1.634107261384
109.226301621245,139.154407662076,1.539807564780,1.539807564780,1.621306947077
108.934519753257,139.223670903468,1.545401093514,1.545401093514,1.613203977096
108.639178350368,139.275792287482,1.539707293346,1.539707293346,1.605803667371
108.341462995972,139.312084101483,1.555276118806,1.555276118806,1.601517061326
108.042323052111,139.333899551754,1.559721573451,1.559721573451,1.601621801487
107.742504792858,139.342686315361,1.575293068624,1.575293068624,1.605359121426
107.442557013414,139.339899117733,1.588311461598,1.588311461598,1.606922849982
107.142863265883,139.327041102140,1.604513144269,1.604513144269,1.610741638929
106.843667140897,139.305387268176,1.616198612044,1.620646826264,1.616198612044
106.545094803177,139.276310335261,1.619402952183,1.637751831773,1.619402952183
106.247183375369,139.241048825509,1.620223890828,1.653241358966,1.620223890828
105.949885889524,139.200914966978,1.620655572726,1.668208141450,1.620655572726
105.653135029336,139.156902777111,1.618903719908,1.679674893181,1.618903719908
105.356821634755,139.110026334641,1.619245337227,1.686113835654,1.619245337227
105.060838871763,139.061099733136,1.620611668861,1.682498660236,1.620611668861
104.765072266611,139.010880307362,1.623291363686,1.674049937281,1.623291363686
104.469434253307,138.959908619930,1.626734762891,1.670001084898,1.626734762891
104.173865331034,138.908537307974,1.630585048391,1.665546718916,1.630585048391
103.878282017248,138.857248925275,1.634351171806,1.661176512716,1.634351171806
103.582650572562,138.806239256375,1.637834475634,1.657089118836,1.637834475634
103.286922696311,138.755791406828,1.640747777187,1.653571713754,1.640747777187
102.991105678596,138.705869570444,1.643127585630,1.650587791439,1.643127585630
102.695166264905,138.656678185993,1.644766775634,1.648344475965,1.644766775634
102.399120495631,138.608131101057,1.645752953140,1.646754165952,1.645752953140
102.102971811587,138.560215323983,1.645803491219,1.645803491219,1.646099491046
101.806754760898,138.512723879416,1.645282619830,1.645282619830,1.646016224313
101.510489085491,138.465536532422,1.645069708717,1.645069708717,1.645624997109
101.214207653572,138.418448187629,1.644957045797,1.644957045797,1.645133521796
100.917939640392,138.371275512652,1.644727437509,1.644758991775,1.644727437509
100.621690176211,138.323986462021,1.644439197774,1.644443093156,1.644439197774
100.325448038221,138.276651531266,1.644080733198,1.644080733198,1.644197419388
100.029204348331,138.229326314508,1.643728210414,1.643728210414,1.643945803824
99.732957351199,138.182021805849,1.643396658148,1.643396658148,1.643673217738
99.436706469670,138.134741628367,1.643089745160,1.643089745160,1.643375992370
99.140454584913,138.087467737290,1.642789198121,1.642789198121,1.643072401053
98.844202662678,138.040194081088,1.642488888928,1.642488888928,1.642768571889
98.547951126580,137.992918005116,1.642186129352,1.642186129352,1.642467193109
98.251699738603,137.945641000962,1.641882429848,1.641882429848,1.642166754256
97.955448322119,137.898364175445,1.641578911243,1.641578911243,1.641866134504
97.659196705462,137.851088604299,1.641276662880,1.641276662880,1.641564244512
97.362944794239,137.803814879073,1.640976283789,1.640976283789,1.641260485245
97.066692948032,137.756540746472,1.640675492170,1.640675492170,1.640957138509
96.770442619732,137.709257103533,1.640365069846,1.640365069846,1.640663422478
96.474196228785,137.661948799007,1.640029673618,1.640029673618,1.640394680355
96.177954731105,137.614609862555,1.639663257111,1.639663257111,1.640156958520
95.881716903928,137.567247960689,1.639273583734,1.639273583734,1.639942493565
95.585478664924,137.519888635647,1.638886519882,1.638886519882,1.639725419085
95.289238366363,137.472542194855,1.638512503842,1.638512503842,1.639495296788
94.992997067963,137.425202024000,1.638144836954,1.638144836954,1.639258825338
94.696734363991,137.377996151872,1.637913163942,1.637913163942,1.638886360064
94.400424776809,137.331085450728,1.637980362038,1.637980362038,1.638215024119
94.104070994860,137.284454731804,1.637260240406,1.638331008865,1.637260240406
93.807678160311,137.238072845891,1.636053579419,1.638933534269,1.636053579419
93.511253832936,137.191892614021,1.634642821960,1.639740157511,1.634642821960
93.214807979686,137.145850731472,1.633092052260,1.640686794092,1.633092052260
92.918352928892,137.099868095233,1.631481327400,1.641693386345,1.631481327400
92.621903375043,137.053850060253,1.629906425054,1.642664155780,1.629906425054
92.325476360559,137.007687143098,1.628478145856,1.643488300913,1.628478145856
92.029091335060,136.961255562058,1.627321789520,1.641953182450,1.627321789520
91.732770327114,136.914417420163,1.626617044552,1.638046372098,1.626617044552
91.436538033321,136.867021799836,1.626552470925,1.637240552421,1.626552470925
91.140421939371,136.818906018547,1.627780158403,1.636868561661,1.627780158403
90.844452547025,136.769896562408,1.631284256458,1.639643260541,1.631284256458
90.548663598588,136.719810348283,1.642447122947,1.643151338327,1.642447122947
90.253092312638,136.668456169496,1.648380873657,1.648380873657,1.656846652382
89.957779688015,136.615635918346,1.655363682468,1.655363682468,1.673078766714
89.662770705597,136.561146508120,1.662556775134,1.662556775134,1.689191055216
89.368114619194,136.504781278813,1.672670350988,1.672670350988,1.696108108608
89.073865098160,136.446332127946,1.668456736446,1.682008811747,1.668456736446
88.780080484376,136.385590842384,1.663714896604,1.694242365348,1.663714896604
88.486823950940,136.322350720432,1.618716152700,1.706055669128,1.618716152700
88.194163389665,136.256409090306,1.521297482171,1.719264735885,1.521297482171
87.902170321446,136.187573427297,1.482308238836,1.733266809181,1.482308238836
87.610917505592,136.115671293399,1.482950462515,1.747115510062,1.482950462515
87.320476586912,136.040557890343,1.486671470166,1.763202711567,1.486671470166
87.030919846984,135.962106073210,1.491806823356,1.777597542873,1.491806823356
86.742321416508,135.880200215850,1.498780919718,1.795859085724,1.498780919718
86.454760165507,135.794725115221,1.508392145225,1.811918223929,1.508392145225
86.168309712858,135.705598375002,1.518856041976,1.831607864381,1.518856041976
85.883033553204,135.612782782408,1.531997776791,1.850117313651,1.531997776791
85.599046523459,135.516097442860,1.547295804802,1.871110070033,1.547295804802
85.316514793022,135.415240400538,1.564513771373,1.892010189287,1.564513771373
85.035583776232,135.310008845013,1.585101005122,1.913989725597,1.585101005122
84.756412766811,135.200195240250,1.607729954185,1.937052593757,1.607729954185
84.479173454555,135.085594250795,1.633585496098,1.959944711146,1.633585496098
84.204047990827,134.966009409574,1.663235387733,1.985089807782,1.663235387733
83.931226716615,134.841259094882,1.695093745360,2.009017993288,1.695093745360
83.660905364781,134.711182185176,1.731322099834,2.036110609001,1.731322099834
83.393282075262,134.575642583312,1.771070967753,2.061159169729,1.771070967753
83.128553851741,134.434533436704,1.814213250291,2.090258841201,1.814213250291
82.866912340477,134.287781218937,1.862161272696,2.117071135306,1.862161272696
82.608539735159,134.135348190101,1.913050927067,2.148264346657,1.913050927067
82.353604646138,133.977233833218,1.968349253668,2.177583577934,1.968349253668
82.102257703439,133.813475867015,2.028223020698,2.211169226069,2.028223020698
81.854627618682,133.644149842268,2.090801613875,2.244391743590,2.090801613875
81.610817455826,133.469368059202,2.158178771220,2.280626115641,2.158178771220
81.370901384230,133.289277660391,2.228987314276,2.319199567614,2.228987314276
81.134922243966,133.104057733002,2.302958843484,2.358361327583,2.302958843484
80.902889662323,132.913916081066,2.381271315515,2.404308114272,2.381271315515
80.674779258048,132.719085186076,2.447221780857,2.447221780857,2.461470603629
80.450532464504,132.519818186415,2.502006357289,2.502006357289,2.545019385723
80.230057648490,132.316384195524,2.552167704929,2.552167704929,2.631708486951
80.013231594600,132.109064173810,2.613609937897,2.613609937897,2.719282169551
79.799902411842,131.898146203131,2.673955501632,2.673955501632,2.809729860041
79.589892757700,131.683921398566,2.739662003967,2.739662003967,2.901441815539
79.383002889979,131.466680810841,2.809388560833,2.809388560833,2.993781271021
79.179013997907,131.246712738767,2.879835037713,2.879835037713,3.087876050860
78.977694037605,131.024298320864,2.957797599784,2.957797599784,3.181341449883
78.778804934650,130.799706599119,3.033992657539,3.033992657539,3.275010845065
78.582110784818,130.573189318861,3.118549682331,3.118549682331,3.369273717257
78.387384527198,130.344977482897,3.201124432480,3.201124432480,3.461236728712
78.194407594430,130.115283977089,3.290803602445,3.290803602445,3.552903372395
78.002965423329,129.884309294618,3.379610048259,3.379610048259,3.643948115538
77.812847640522,129.652242911398,3.473403966756,3.473403966756,3.731919899548
77.623849168073,129.419263749134,3.567376495643,3.567376495643,3.819168782543
77.435771270772,129.185540575504,3.664895098215,3.664895098215,3.905008570767
77.248422420819,128.951232437598,3.763019410566,3.763019410566,3.988170418525
77.061618932959,128.716489160973,3.863682764494,3.863682764494,4.070346905749
76.875185535099,128.481451779904,3.964858617980,3.964858617980,4.150596208801
76.688955489111,128.246253208603,4.067808721497,4.067808721497,4.228638673134
76.502770802354,128.011018727743,4.171062466964,4.171062466964,4.305466872022
76.316482290316,127.775866485914,4.275059107965,4.275059107965,4.379940365740
76.129949417988,127.540908081945,4.379076241227,4.379076241227,4.452655582862
75.943040036041,127.306249146711,4.482763608807,4.482763608807,4.523954849052
75.755630077625,127.071989883925,4.585415853054,4.585415853054,4.592646924769
75.567602968913,126.838225778268,4.659925225652,4.687512701863,4.659925225652
75.378849192105,126.605048134641,4.725307859228,4.786246778165,4.725307859228
75.189265428649,126.372544919172,4.788683428624,4.882245026600,4.788683428624
74.998753914725,126.140801408929,4.850484323673,4.974644443550,4.850484323673
74.807221515259,125.909901061486,4.910209278376,5.061900778986,4.910209278376
74.614578751334,125.679926430754,4.968278222179,5.142099049534,4.968278222179
74.420738712484,125.450960200652,5.024531376919,5.215470417527,5.024531376919
74.225615981988,125.223086245665,5.079014888624,5.282839960302,5.079014888624
74.029125486080,124.996390808593,5.131710418626,5.344380399926,5.131710418626
73.831181139514,124.770963925686,5.182717297697,5.400375516625,5.182717297697
73.631694754804,124.546900712598,5.231923054577,5.451086949750,5.231923054577
73.430576357243,124.324301476847,5.279353369918,5.496782808122,5.279353369918
73.227736312151,124.103270197799,5.325124807455,5.537869398754,5.325124807455
73.023086425371,123.883913851082,5.368828768678,5.573353917460,5.368828768678
72.816540266068,123.666342409848,5.411198650697,5.604857523723,5.411198650697
72.608013488101,123.450668841367,5.451199170992,5.632812487805,5.451199170992
72.397424204537,123.237009045010,5.490019059785,5.657562109608,5.490019059785
72.184693236041,123.025481902696,5.526490234460,5.679449049603,5.526490234460
71.969725387605,122.816229143016,5.561436263589,5.698896148697,5.561436263589
71.752370076580,122.609458177826,5.594196867141,5.715226618746,5.594196867141
71.532501725192,122.405361917825,5.624832854653,5.729604956624,5.624832854653
71.310070791859,122.204061790894,5.653593042137,5.742768370430,5.653593042137
71.085062420648,122.005647089110,5.679860321904,5.755001363565,5.679860321904
70.857470589268,121.810201398621,5.704803247400,5.766524774589,5.704803247400
70.627298329236,121.617801439258,5.726956248285,5.776424376717,5.726956248285
70.394572498747,121.428498284008,5.748387944952,5.785566733342,5.748387944952
70.159325469431,121.242337694288,5.766867524205,5.794614915147,5.766867524205
69.921586972638,121.059369422507,5.785196387196,5.803713535510,5.785196387196
69.681417304538,120.879604293148,5.800571836602,5.812577278027,5.800571836602
69.438860338271,120.703073545373,5.816278371481,5.820505148484,5.816278371481
69.193970848849,120.529792917530,5.828854466683,5.828854466683,5.829243017216
68.946809446064,120.359768536612,5.837698320264,5.837698320264,5.842787046349
68.697426563318,120.193019442269,5.846904032445,5.846904032445,5.854125983383
68.445877995000,120.029555593618,5.855397928837,5.855397928837,5.865901085582
68.192217288481,119.869388857338,5.864651639829,5.864651639829,5.876438186218
67.936492269872,119.712539145869,5.874746168388,5.874746168388,5.886729210446
67.678744675741,119.559035571406,5.885336998044,5.885336998044,5.897301552097
67.419024226581,119.408894372919,5.895766374704,5.895766374704,5.906213516959
67.157353141616,119.262179246727,5.907333903354,5.907333903354,5.917649786271
66.893768612240,119.118930452776,5.920045658480,5.920045658480,5.925829846024
66.628288653478,118.979226251894,5.933033261771,5.933033261771,5.938086735060
66.360917859008,118.843176169371,5.945582892401,5.945582892401,5.947067263217
66.091668109612,118.710884323676,5.957998134652,5.957998134652,5.958732364288
65.820532396118,118.582503112804,5.969768605085,5.969996750186,5.969768605085
65.547499687351,118.458208549434,5.979300155226,5.981548086270,5.979300155226
65.272556833498,118.338199794569,5.991957505606,5.991957505606,5.992602945820
64.995690486827,118.222700110298,6.001430395757,6.001513321692,6.001430395757
64.716873771028,118.111993609946,6.011034442327,6.011034442327,6.014267406596
64.436100886588,118.006349602507,6.020647883137,6.020647883137,6.024874944374
64.153372080415,117.906059558873,6.030490775973,6.030490775973,6.033221644062
63.868740983319,117.811303655027,6.040614921551,6.040614921551,6.045556034726
63.582293216520,117.722192004603,6.050053380935,6.050053380935,6.052457721065
63.294100930776,117.638896772183,6.059321655223,6.059321655223,6.061945006610
63.004248538773,117.561578027211,6.068834301676,6.068834301676,6.071245181605
62.712834351553,117.490372908472,6.075623251658,6.078514756478,6.075623251658
62.419970289106,117.425389822574,6.085009516252,6.088325430566,6.085009516252
62.125773988826,117.366733473963,6.090847971058,6.098278611356,6.090847971058
61.830375934473,117.314465341381,6.093859119633,6.108349933855,6.093859119633
61.533912050630,117.268628405161,6.101912503633,6.118116838273,6.101912503633
61.236520386101,117.229256627762,6.104681377463,6.127490392079,6.104681377463
60.938345992706,117.196332859586,6.107223708121,6.137031892011,6.107223708121
60.639530750248,117.169846510863,6.113023996411,6.146716961459,6.113023996411
60.340218181678,117.149740685969,6.112835969850,6.156421393155,6.112835969850
60.040548300336,117.135942556601,6.115687271046,6.166044650705,6.115687271046
59.740656066226,117.128370304512,6.118074073298,6.175465935535,6.118074073298
59.440671340607,117.126907214892,6.115829178606,6.184444099216,6.115829178606
59.140716541265,117.131424118473,6.118394129707,6.192302721863,6.118394129707
58.840906232002,117.141784647905,6.117114374228,6.198918202123,6.117114374228
58.541346212724,117.157840194039,6.114983662281,6.204532164450,6.114983662281
58.242132438900,117.179412001503,6.115619597476,6.208876075637,6.115619597476
57.943354634171,117.206363933323,6.111365278886,6.211701126783,6.111365278886
57.645090810088,117.238514076932,6.111121463168,6.212776468545,6.111121463168
57.347411257928,117.275690275071,6.108248353004,6.212055150606,6.108248353004
57.050381245966,117.317745965021,6.104694986636,6.209752942720,6.104694986636
56.754055463996,117.364509205101,6.103202136623,6.206167507290,6.103202136623
56.458484139163,117.415828016128,6.097952119262,6.200309129034,6.097952119262
56.163711816204,117.471555124204,6.096558780871,6.193233264640,6.096558780871
55.869790231053,117.531607123869,6.091607731604,6.184924473674,6.091607731604
55.576782452839,117.595971967088,6.088483323596,6.175407931044,6.088483323596
55.284698327729,117.664411627291,6.084028475759,6.164468578489,6.084028475759
54.993489396379,117.736488038604,6.079398659679,6.151624917325,6.079398659679
54.703118319109,117.811870881265,6.075969402543,6.135979780068,6.075969402543
54.413569372998,117.890353691436,6.071134021530,6.117219078966,6.071134021530
54.124838260695,117.971794226457,6.068759098606,6.095858695697,6.068759098606
53.836944272760,118.056146196795,6.064170854031,6.071890121130,6.064170854031
53.549926367546,118.143432104226,6.045313467847,6.045313467847,6.062157384417
53.263842884821,118.233732736306,6.016190117269,6.016190117269,6.057449121242
52.978770883685,118.327176056039,5.984507933450,5.984507933450,6.054667827921
52.694811913468,118.423947622491,5.949491894799,5.949491894799,6.048789889914
52.412076808789,118.524236894317,5.912481202905,5.912481202905,6.043872153554
52.130699940475,118.628273897486,5.873766075394,5.873766075394,6.035383649931
51.850831099347,118.736300159819,5.833578514429,5.833578514429,6.026784952226
51.572624432826,118.848535516170,5.792147919792,5.792147919792,6.014080894981
51.296256534324,118.965223171678,5.749627951028,5.749627951028,6.000163565487
51.021903945650,119.086571500462,5.705151204769,5.705151204769,5.981698535412
50.749743230040,119.212757150464,5.660166012913,5.660166012913,5.960795375426
50.479956558610,119.343940123927,5.614924385854,5.614924385854,5.935127923729
50.212716717636,119.480235325803,5.569603873582,5.569603873582,5.905836335727
49.948177015938,119.621698939765,5.524287448298,5.524287448298,5.871472586722
49.686485136789,119.768363156330,5.478456483562,5.478456483562,5.833173278579
49.427757420624,119.920195392852,5.431776605595,5.431776605595,5.789475073396
49.172074701263,120.077101322001,5.385178020801,5.385178020801,5.741189681211
48.919493972213,120.238954293933,5.338549064351,5.338549064351,5.687800466396
48.670018722106,120.405555466656,5.291738122828,5.291738122828,5.629501601448
48.423607168392,120.576657014549,5.244575189733,5.244575189733,5.566513490780
48.180170485816,120.751967260069,5.195210870242,5.195210870242,5.498740020985
47.939556821760,120.931134682059,5.144643040623,5.144643040623,5.426780093519
47.701559596871,121.113765576678,5.092622366205,5.092622366205,5.350645782177
47.465865307612,121.299362405815,5.038643462144,5.038643462144,5.270945027375
47.231992594799,121.487251703258,4.982155322962,4.982155322962,5.188267231204
46.999540596376,121.676896938264,4.921299399626,4.921299399626,5.103269780743
46.768226355121,121.867929103750,4.858337446277,4.858337446277,5.015998791211
46.537762202908,122.059986576396,4.793759334042,4.793759334042,4.927197485501
46.307853406939,122.252708889510,4.726889904417,4.726889904417,4.836624279926
46.078195344742,122.445730064873,4.657882265982,4.657882265982,4.745041463043
45.848476337102,122.638678600160,4.587646740225,4.587646740225,4.652739871124
45.618383451106,122.831180779500,4.515283302554,4.515283302554,4.559557414379
45.387607961784,123.022863523741,4.441353044029,4.441353044029,4.466673220951
45.155850411365,123.213356916911,4.365577316154,4.365577316154,4.373352505347
44.922825254966,123.402296576750,4.280568169966,4.288098714974,4.280568169966
44.688265004515,123.589325915345,4.188859647214,4.208491047763,4.188859647214
44.451923819620,123.774098347777,4.097093842772,4.127329020896,4.097093842772
44.213580571328,123.956279572200,4.007042239702,4.043878836762,4.007042239702
43.973041340165,124.135549937017,3.918150511174,3.958709114827,3.918150511174
43.730141282293,124.311606841296,3.830055963995,3.871455676725,3.830055963995
43.484745861697,124.484167160436,3.744191856945,3.782312099348,3.744191856945
43.236751424737,124.652969625569,3.659264530197,3.691395228403,3.659264530197
42.986085092105,124.817777040621,3.575574849088,3.598596033544,3.575574849088
42.732703982117,124.978378236730,3.494215141106,3.504279645332,3.494215141106
42.476593890573,125.134589800432,3.408581114909,3.408581114909,3.413369094338
42.217767388766,125.286257343892,3.311301254852,3.311301254852,3.333712655163
41.956261425246,125.433256240522,3.213907896909,3.213907896909,3.256351762747
41.692134562339,125.575491822167,3.114233252782,3.114233252782,3.179515918073
41.425463984711,125.712899064011,3.016680320806,3.016680320806,3.104113363062
41.156342292004,125.845441559352,2.915462151331,2.915462151331,3.031221785281
40.884874000081,125.973109378618,2.819591121735,2.819591121735,2.958870609748
40.611171996449,126.095916016724,2.719106254680,2.719106254680,2.888159767961
40.335354166253,126.213894681839,2.625879937827,2.625879937827,2.819972140370
40.057540221879,126.327093865937,2.529537579923,2.529537579923,2.752015935736
39.777848768304,126.435572161541,2.439178757696,2.439178757696,2.685923550436
39.496394755913,126.539392615010,2.349822999736,2.349822999736,2.622258633862
39.213287261714,126.638616450714,2.263406111849,2.263406111849,2.558347102118
38.928627698108,126.733296417443,2.183775415920,2.183775415920,2.496656759942
38.642509050519,126.823471734382,2.103044049815,2.103044049815,2.436990787268
38.355017397021,126.909169487303,2.035441968675,2.035441968675,2.377311325763
38.066234869693,126.990411639503,1.964307145302,1.964307145302,2.320076319945
37.776240993759,127.067218276686,1.908680469020,1.908680469020,2.264296497993
37.485112892741,127.139607511228,1.851381924193,1.851381924193,2.209294183363
37.192925490199,127.207595392879,1.806431146629,1.806431146629,2.156804496227
36.899751718766,127.271195872295,1.763923781819,1.763923781819,2.105198390866
36.605662799377,127.330421166304,1.729443719575,1.729443719575,2.055236253826
36.310728436535,127.385281778238,1.699718957534,1.699718957534,2.007871654325
36.015016705263,127.435784930763,1.675568889865,1.675568889865,1.960854581176
35.718594528169,127.481935935531,1.656345279448,1.656345279448,1.916374981568
35.421527867745,127.523738357262,1.641608279050,1.641608279050,1.874018279594
35.123881901959,127.561194178787,1.630725796899,1.630725796899,1.832696178243
34.825721186345,127.594303986223,1.624079628239,1.624079628239,1.794209583999
34.527109799436,127.623067151669,1.619630245939,1.619630245939,1.757264234164
34.228111475783,127.647482062467,1.619442658704,1.619442658704,1.722371264840
33.928789728618,127.667546454902,1.619426833084,1.619426833084,1.690432934353
33.629205999812,127.683211226895,1.624016674821,1.624016674821,1.659603296833
33.329419279611,127.694323613234,1.626652425967,1.626652425967,1.631961420365
33.029496178485,127.700767201539,1.607104865472,1.633927189193,1.607104865472
32.729508796719,127.702466273991,1.584531731271,1.638074593203,1.584531731271
32.429531989410,127.699411841397,1.565569682052,1.645377727696,1.565569682052
32.129639287516,127.691669165476,1.548945227232,1.650200422097,1.548945227232
31.829899382655,127.679347014174,1.535370699438,1.655832614867,1.535370699438
31.530373633923,127.662599871699,1.525044640335,1.660353671293,1.525044640335
31.231114480757,127.641612537995,1.543812613026,1.663898037892,1.543812613026
30.932161995224,127.616624896807,1.597403528091,1.667529456583,1.597403528091
30.633541726205,127.587930610528,1.641229810042,1.668938715689,1.641229810042
30.335267323578,127.555833546740,1.662154518689,1.671502857265,1.662154518689
30.037342191040,127.520636283721,1.671999059952,1.671999059952,1.691153682654
29.739759392445,127.482648571489,1.672585614601,1.672585614601,1.700780621167
29.442502654801,127.442184423985,1.672279376665,1.672279376665,1.689000104418
29.145546826242,127.399564742654,1.671238623392,1.671238623392,1.672706339822
28.848859686477,127.355110451283,1.659014309052,1.670197446094,1.659014309052
28.552403622335,127.309138298320,1.648430638882,1.668211727596,1.648430638882
28.256137612353,127.261955297004,1.642103230943,1.666246380746,1.642103230943
27.960019015241,127.213854725420,1.638921225323,1.663614724005,1.638921225323
27.664005337831,127.165111956983,1.637422605653,1.660647045236,1.637422605653
27.368055992967,127.115979743710,1.637079868872,1.657005903910,1.637079868872
27.072133897453,127.066683564289,1.636941008239,1.652911614021,1.636941008239
26.776206541701,127.017419021937,1.636818622743,1.647682233294,1.636818622743
26.480247313850,126.968346443591,1.636501645408,1.643193968799,1.636501645408
26.184236478654,126.919586263357,1.635868036387,1.639564228451,1.635868036387
25.888161957633,126.871214364883,1.634840958947,1.636327932437,1.634840958947
25.592019945789,126.823257371415,1.633393526680,1.633511973395,1.633393526680
25.295815419198,126.775687909892,1.631088541076,1.631088541076,1.631553558358
24.999562616229,126.728419873530,1.628970366481,1.628970366481,1.629408329937
24.703285607159,126.681303699497,1.627005967614,1.627005967614,1.627109326224
24.407008469106,126.634188338149,1.624809499681,1.625042391588,1.624809499681
24.110737447873,126.587034534003,1.622548598416,1.623039890022,1.622548598416
23.814475566992,126.539823335214,1.620345813447,1.620979271883,1.620345813447
23.518221465611,126.492563339870,1.618192439967,1.618869242137,1.618192439967
23.221973100310,126.445267402168,1.616075462760,1.616722816114,1.616075462760
22.925730573120,126.397934909169,1.613995503197,1.614539372500,1.613995503197
22.629492579206,126.350574051613,1.611944267486,1.612327205125,1.611944267486
22.333257071436,126.303197644749,1.609908778213,1.610099291374,1.609908778213
22.037018978906,126.255837406065,1.607856915838,1.607887750663,1.607856915838
21.740775190670,126.208512806064,1.605712299938,1.605712299938,1.605768963369
21.444527904124,126.161210108463,1.603559028654,1.603559028654,1.603658831421
21.148279560174,126.113914033530,1.601412463750,1.601412463750,1.601541993087
20.852030991896,126.066619363742,1.599267321748,1.599267321748,1.599423731851
20.555782472706,126.019324386561,1.597121868467,1.597121868467,1.597305781894
20.259532177918,125.972040533586,1.594987679921,1.594987679921,1.595176567199
19.963275077447,125.924799360349,1.592896709272,1.592896709272,1.593004134690
19.666989657081,125.877736423092,1.590651235839,1.590986206739,1.590651235839
19.370618158072,125.831220433220,1.587744681293,1.589629376937,1.587744681293
19.074093128512,125.785693916252,1.583836878932,1.589273856537,1.583836878932
18.777392321509,125.741329345419,1.578754046266,1.590093502125,1.578754046266
18.480502650099,125.698244527611,1.572377829245,1.592206747952,1.572377829245
18.183472854767,125.656135918099,1.565015655022,1.595306171006,1.565015655022
17.886347172682,125.614707417981,1.556966865174,1.599092387327,1.556966865174
17.589217192440,125.573310023107,1.548886686882,1.602910001441,1.548886686882
17.292180495335,125.531252781607,1.541472709284,1.606061246064,1.541472709284
16.995369547134,125.487636546144,1.535633619259,1.607637279421,1.535633619259
16.698910446126,125.441700088174,1.532141018266,1.606866564703,1.532141018266
16.402969195481,125.392548956148,1.531957057671,1.602839852184,1.531957057671
16.107743980895,125.339284506068,1.535981693700,1.594638901324,1.535981693700
15.813516942925,125.280776023340,1.545281355756,1.580716517384,1.545281355756
15.520621208103,125.215954439257,1.559964528461,1.559964528461,1.560379059417
15.229473588450,125.143705773063,1.550579285824,1.550579285824,1.581245118455
14.940550808432,125.063043793514,1.550108222573,1.550108222573,1.607587095240
14.654453961239,124.972894020490,1.548068479985,1.548068479985,1.631600800290
14.371876293795,124.872281590096,1.555205526032,1.555205526032,1.651523456466
14.093610153935,124.760315315415,1.554376204570,1.554376204570,1.663084926391
13.820446373954,124.636438685869,1.575914146913,1.575914146913,1.667872115007
13.553209111204,124.500262757373,1.587834266823,1.587834266823,1.669357770211
13.292710270481,124.351613860399,1.607334500409,1.607334500409,1.672075978852
13.039702960333,124.190551018414,1.623065527518,1.623065527518,1.676589882004
12.794929804357,124.017241988441,1.634559096196,1.634559096196,1.679786479205
12.559225149665,123.831795318927,1.640090722991,1.640090722991,1.679434295186
12.333298822938,123.634554849621,1.643411780974,1.643411780974,1.672451483765
12.117703292926,123.426071755751,1.659037770300,1.659037770300,1.665444740996
11.912873046132,123.206999242139,1.659927218404,1.661756384250,1.659927218404
11.719040813102,122.978130898817,1.656733301498,1.665478741162,1.656733301498
11.536301198395,122.740306823001,1.653591145254,1.657195597908,1.653591145254
11.364821682567,122.494237087972,1.656864889056,1.664886658064,1.656864889056
11.204941793703,122.240480087796,1.662597439661,1.662597439661,1.669302900090
11.057119821858,121.979514046902,1.667123999561,1.667123999561,1.689588792663
10.921701749347,121.711902825510,1.668166706165,1.668166706165,1.712121573269
10.798959472575,121.438242771599,1.667353647738,1.667353647738,1.733122474583
10.689121262122,121.159157190216,1.666633223840,1.666633223840,1.745766024352
10.592624612072,120.875183132599,1.660006749894,1.660006749894,1.748595141587
10.509712423887,120.586950626562,1.659455379723,1.659455379723,1.745230398432
10.440439011117,120.295135847719,1.648345283785,1.648345283785,1.735264058986
10.384619218138,120.000448908130,1.655417274094,1.655417274094,1.724761116053
10.341973101265,119.703563868298,1.652514999500,1.652514999500,1.714761893190
10.312074247527,119.405121310871,1.648846592424,1.648846592424,1.705360169680
10.294342817904,119.105701490064,1.635126826534,1.635126826534,1.692947393369
10.287969602514,118.805817765078,1.628651141772,1.628651141772,1.678425893157
10.292051480414,118.505885644085,1.614948709130,1.614948709130,1.663207917109
10.305630245581,118.206226752417,1.615212871481,1.615212871481,1.646714345935
10.327722418072,117.907067386131,1.617852291232,1.617852291232,1.624213663828
10.357224884954,117.608541127054,1.601565903891,1.621509186984,1.601565903891
10.392957274181,117.310689646277,1.581095642528,1.625074249283,1.581095642528
10.433742978971,117.013483570541,1.563283149731,1.614056079447,1.563283149731
10.478567473750,116.716856379354,1.551180636433,1.600272998238,1.551180636433
10.526498750532,116.420713074716,1.544188725447,1.605742940633,1.544188725447
10.576758333906,116.124954696051,1.542417541502,1.608429210940,1.542417541502
10.628820599996,115.829507809229,1.543607906650,1.605641288940,1.543607906650
10.682201212265,115.534295511870,1.547709767968,1.601514392263,1.547709767968
10.736225787582,115.239200057547,1.552599101454,1.596733085636,1.552599101454
10.790351233397,114.944123065232,1.557786090405,1.591849245853,1.557786090405
10.844176308712,114.648991247909,1.562687504381,1.587270702801,1.562687504381
10.897365161732,114.353744244778,1.566948018831,1.583338661830,1.566948018831
10.949811574764,114.058364392726,1.570454365220,1.580160799225,1.570454365220
11.001566182077,113.762862552406,1.573258271676,1.577685384210,1.573258271676
11.052627188933,113.467240059268,1.575358185634,1.575913967587,1.575358185634
11.102979563496,113.171496084358,1.574861512974,1.574861512974,1.576739141672
11.152588754610,112.875626527818,1.574562775462,1.574562775462,1.577366382931
11.201587833310,112.579655170767,1.574882585028,1.574882585028,1.577375077619
11.250331976721,112.283641643233,1.575460794004,1.575460794004,1.577125372713
11.299126725008,111.987636459603,1.575987714906,1.575987714906,1.576926955946
11.348040003931,111.691650838174,1.576394501901,1.576394501901,1.576848673220
11.397061809824,111.395683171350,1.576691286831,1.576691286831,1.576880392636
11.446163173647,111.099728689007,1.576907428784,1.576907428784,1.576992755059
11.495297664161,110.803779703963,1.577089991021,1.577089991021,1.577138697204
11.544446341370,110.507833074454,1.577258172341,1.577258172341,1.577299020266
11.593599237760,110.211887145649,1.577422076691,1.577422076691,1.577463620298
11.642752313836,109.915941246688,1.577585798893,1.577585798893,1.577628402479
11.691904719065,109.619995236307,1.577750201131,1.577750201131,1.577792504623
11.741055957926,109.324049032213,1.577915785715,1.577915785715,1.577955424421
11.790206494828,109.028102711536,1.578082081873,1.578082081873,1.578117632646
11.839357473354,108.732156464204,1.578247930357,1.578247930357,1.578280288544
11.888508791743,108.436210273317,1.578413434323,1.578413434323,1.578443288960
11.937660224607,108.140264101442,1.578578822246,1.578578822246,1.578606405419
11.986811626942,107.844317924497,1.578744241117,1.578744241117,1.578769490931
12.035962973189,107.548371738236,1.578909716844,1.578909716844,1.578932519587
12.085114295923,107.252425548071,1.579075216406,1.579075216406,1.579095524407
12.134265614609,106.956479357233,1.579240720071,1.579240720071,1.579258525125
12.183416939552,106.660533167434,1.579406217394,1.579406217394,1.579421532184
12.232568267806,106.364586978186,1.579571711360,1.579571711360,1.579584542601
12.281719597451,106.068640789168,1.579737203916,1.579737203916,1.579747554427
12.330870927292,105.772694600183,1.579902696273,1.579902696273,1.579910566452
12.380022257311,105.476748411227,1.580068188450,1.580068188450,1.580073578657
12.429173587813,105.180802222352,1.580233680137,1.580233680137,1.580236591352
12.478324918920,104.884856033577,1.580399171211,1.580399171211,1.580399604660
12.527476250616,104.588909844899,1.580562618565,1.580564661689,1.580562618565
12.576627582179,104.292963656200,1.580725632336,1.580730152301,1.580725632336
12.625778912723,103.997017467332,1.580888645073,1.580895643945,1.580888645073
12.674930242156,103.701071278279,1.581051656684,1.581061136717,1.581051656684
12.724081571137,103.405125089151,1.581214667838,1.581226629945,1.581214667838
12.773232900767,103.109178900131,1.581377679648,1.581392122517,1.581377679648
12.822384231081,102.813232711224,1.581540692152,1.581557614395,1.581540692152
12.871535561521,102.517286522338,1.581703704785,1.581723106145,1.581703704785
12.920686892101,102.221340333476,1.581866717559,1.581888597754,1.581866717559
12.969838223308,101.925394144717,1.582029730969,1.582054088727,1.582029730969
13.018989556177,101.629447956235,1.582192746064,1.582219578014,1.582192746064
13.068140890812,101.333501768046,1.582355762948,1.582385065512,1.582355762948
13.117292223367,101.037555579512,1.582518777724,1.582550555119,1.582518777724
13.166443544992,100.741609389162,1.582681781420,1.582716055804,1.582681781420
13.215594845783,100.445663195352,1.582844763997,1.582881577610,1.582844763997
13.264746117682,100.149716996744,1.583007717286,1.583047128703,1.583007717286
13.313897363357,99.853770793780,1.583170643992,1.583212706379,1.583170643992
13.363048598218,99.557824589021,1.583333559736,1.583378295018,1.583333559736
13.412199846290,99.261878386455,1.583496488872,1.583543870265,1.583496488872
13.461351131842,98.965932190114,1.583659456002,1.583709407517,1.583659456002
13.510502481484,98.669986004418,1.583822488098,1.583874879803,1.583822488098
13.559653914235,98.374039832524,1.583985604443,1.584040267840,1.583985604443
13.608805418731,98.078093672546,1.584148793514,1.584205583151,1.584148793514
13.657956966391,97.782147519737,1.584312026342,1.584370854705,1.584312026342
13.707108518701,97.486201367700,1.584475263884,1.584536121546,1.584475263884
13.756260047424,97.190255211745,1.584638477516,1.584701412297,1.584638477516
13.805411540953,96.894309049946,1.584801655471,1.584866738725,1.584801655471
13.854563018563,96.598362885502,1.584964817289,1.585032081289,1.584964817289
13.903714486747,96.302416719493,1.585127969551,1.585197433409,1.585127969551
13.952865943883,96.006470551650,1.585291110615,1.585362796727,1.585291110615
14.002017402934,95.710524384124,1.585454253619,1.585528158105,1.585454253619
14.051168891404,95.414578221484,1.585617426446,1.585693489661,1.585617426446
14.100320440251,95.118632068872,1.585780660477,1.585858760012,1.585780660477
14.149472053494,94.822685926955,1.585943959786,1.586023965086,1.585943959786
14.198623717970,94.526739793547,1.586107311030,1.586189118224,1.586107311030
14.247775411553,94.230793664973,1.586270691779,1.586354241857,1.586270691779
14.296927120084,93.934847538881,1.586434087681,1.586519350338,1.586434087681
14.346078838448,93.638901414423,1.586597493551,1.586684448850,1.586597493551
14.395230561810,93.342955290795,1.586760904487,1.586849542297,1.586760904487
14.444382283615,93.047009166908,1.586924313845,1.587014637321,1.586924313845
14.493533994069,92.751063041136,1.587087711697,1.587179743851,1.587087711697
14.542685681857,92.455116911600,1.587251086571,1.587344873359,1.587251086571
14.591837335364,92.159170776370,1.587414426696,1.587510037617,1.587414426696
14.640988947747,91.863224634310,1.587577725132,1.587675243563,1.587577725132
14.690140521560,91.567278485844,1.587740984472,1.587840488605,1.587740984472
14.739292069007,91.271332333000,1.587904217083,1.588005760377,1.587904217083
14.788443611299,90.975386179299,1.588067444468,1.588171037373,1.588067444468
14.837595168523,90.679440028078,1.588230686992,1.588336299232,1.588230686992
14.886746751666,90.383493881162,1.588393955788,1.588501534818,1.588393955788
14.935898358655,90.087547738206,1.588557248757,1.588666746232,1.588557248757
14.985049977301,89.791601597186,1.588720553543,1.588831945828,1.588720553543
15.034201577451,89.495655453095,1.588883839580,1.588997164174,1.588883839580
15.083353117583,89.199709299035,1.589047064776,1.589162443360,1.589047064776
15.132504573516,88.903763130992,1.589210204621,1.589327807898,1.589210204621
15.181655939785,88.607816948056,1.589373253573,1.589493263328,1.589373253573
15.230807235215,88.311870753356,1.589536230715,1.589658790569,1.589536230715
15.279958488875,88.015924551718,1.589699165515,1.589824360151,1.589699165515
15.329109729258,87.719978347876,1.589862086857,1.589989943191,1.589862086857
15.378260958110,87.424032142118,1.590024996509,1.590155537921,1.590024996509
15.427412188977,87.128085936695,1.590187908204,1.590321130608,1.590187908204
15.476563449068,86.832139736126,1.590350849524,1.590486693671,1.590350849524
15.525714755107,86.536193543188,1.590513837422,1.590652210156,1.590513837422
15.574866100217,86.240247356739,1.590676864924,1.590817687036,1.590676864924
15.624017456041,85.944301172069,1.590839903288,1.590983153054,1.590839903288
15.673168805298,85.648354986308,1.591002934995,1.591148625730,1.591002934995
15.722320143313,85.352408798680,1.591165955306,1.591314109801,1.591165955306
15.771471478543,85.056462610590,1.591328972793,1.591479596696,1.591328972793
15.820622817853,84.760516423178,1.591491994417,1.591645079454,1.591491994417
15.869774161304,84.464570236453,1.591655020239,1.591810558015,1.591655020239
15.918925507114,84.168624050120,1.591818048452,1.591976034185,1.591818048452
15.968076852006,83.872677863634,1.591981075733,1.592141511286,1.591981075733
16.017228195077,83.576731676846,1.592144101169,1.592306990231,1.592144101169
16.066379538445,83.280785490108,1.592307126907,1.592472468877,1.592307126907
16.115530885351,82.984839303957,1.592470156230,1.592637943935,1.592470156230
16.164682236968,82.688893118588,1.592633190329,1.592803414219,1.592633190329
16.213833588150,82.392946933147,1.592796223987,1.592968884943,1.592796223987
16.262984931364,82.097000746383,1.592959249568,1.593134363744,1.592959249568
16.312136262147,81.801054557554,1.593122262548,1.593299855147,1.593122262548
16.361287585879,81.505108367555,1.593285268380,1.593465353697,1.593285268380
16.410438913424,81.209162178188,1.593448278077,1.593630848382,1.593448278077
16.459590250814,80.913215990457,1.593611297755,1.593796333086,1.593611297755
16.508741596978,80.617269804182,1.593774326327,1.593961808897,1.593774326327
16.557892943363,80.321323617945,1.593937355123,1.594127284483,1.593937355123
16.607044283438,80.025377430659,1.594100377522,1.594292766467,1.594100377522
16.656195613294,79.729431241677,1.594263389561,1.594458258809,1.594263389561
16.705346932917,79.433485050994,1.594426391228,1.594623761525,1.594426391228
16.754498240449,79.137538858304,1.594589380638,1.594789276497,1.594589380638
16.803649532155,78.841592662985,1.594752354006,1.594954807511,1.594752354006
16.852800806778,78.545646464830,1.594915310056,1.595120355843,1.594915310056
16.901952068341,78.249700264505,1.595078252867,1.595285917414,1.595078252867
16.951103325787,77.953754063496,1.595241191506,1.595451483158,1.595241191506
17.000254586173,77.657807862975,1.595404133124,1.595617045922,1.595404133124
17.049405852592,77.361861663457,1.595567080859,1.595782602570,1.595567080859
17.098557122183,77.065915464465,1.595730031809,1.595948156003,1.595730031809
17.147708392268,76.769969265556,1.595892983259,1.596113708935,1.595892983259
17.196859659624,76.474023066193,1.596055931943,1.596279264633,1.596055931943
17.246010919528,76.178076865592,1.596218873073,1.596444827886,1.596218873073
17.295162167331,75.882130662982,1.596381801937,1.596610403404,1.596381801937
17.344313401724,75.586184458145,1.596544717206,1.596775992517,1.596544717206
17.393464628064,75.290238251970,1.596707624312,1.596941589793,1.596707624312
17.442615850943,74.994292045220,1.596870527910,1.597107190578,1.596870527910
17.491767067366,74.698345837399,1.597033424964,1.597272797907,1.597033424964
17.540918269123,74.402399627141,1.597196307150,1.597438420103,1.597196307150
17.590069450002,74.106453413416,1.597359168173,1.597604063463,1.597359168173
17.639220623639,73.810507198488,1.597522021854,1.597769714164,1.597522021854
17.688371805327,73.514560984897,1.597684883696,1.597935356704,1.597684883696
17.737523003905,73.218614774112,1.597847762660,1.598100982122,1.597847762660
17.786674223091,72.922668566749,1.598010662514,1.598266586650,1.598010662514
17.835825462755,72.626722362787,1.598173583127,1.598432170420,1.598173583127
17.884976718861,72.330776161556,1.598336520407,1.598597737523,1.598336520407
17.934127988622,72.034829962592,1.598499471529,1.598763290783,1.598499471529
17.983279281546,71.738883767476,1.598662446131,1.598928820562,1.598662446131
18.032430626213,71.442937580953,1.598825473185,1.599094297891,1.598825473185
18.081582034153,71.146991404939,1.598988564379,1.599259711080,1.598988564379
18.130733457533,70.851045231489,1.599151671224,1.599425108617,1.599151671224
18.179884782662,70.555099041721,1.599314678472,1.599590605751,1.599314678472
18.229035911385,70.259152819334,1.599477486624,1.599756301981,1.599477486624
18.278186918383,69.963206576730,1.599640171383,1.599922121604,1.599640171383
18.327337913900,69.667260332220,1.599802844505,1.600087952865,1.599802844505
18.376488982271,69.371314099810,1.599965591478,1.600253710274,1.599965591478
18.425640131921,69.075367880898,1.600128420844,1.600419385291,1.600128420844
18.474791344659,68.779421672464,1.600291314162,1.600584996355,1.600291314162
18.523942610829,68.483475472904,1.600454261644,1.600750553256,1.600454261644
18.573093928630,68.187529281919,1.600617261464,1.600916057818,1.600617261464
18.622245300420,67.891583099901,1.600780316013,1.601081507652,1.600780316013
18.671396710523,67.595636924246,1.600943409399,1.601246918648,1.600943409399
18.720548136029,67.299690751149,1.601106518400,1.601412314030,1.601106518400
18.769699558863,67.003744577609,1.601269624692,1.601577712120,1.601269624692
18.818850985117,66.707798404636,1.601432734450,1.601743106744,1.601432734450
18.868002429726,66.411852234711,1.601595862814,1.601908482761,1.601595862814
18.917153895735,66.115906068341,1.601759012872,1.602073837086,1.601759012872
18.966305377256,65.819959904547,1.601922178655,1.602239175685,1.601922178655
19.015456871948,65.524013742941,1.602085357788,1.602404500934,1.602085357788
19.064608391451,65.228067585455,1.602248562073,1.602569801032,1.602248562073
19.113759952268,64.932121434831,1.602411808239,1.602735059249,1.602411808239
19.162911547438,64.636175289912,1.602575089227,1.602900282644,1.602575089227
19.212063128715,64.340229142686,1.602738356133,1.603065520120,1.602738356133
19.261214563373,64.044282971110,1.602901474410,1.603230906225,1.602901474410
19.310365663225,63.748336743927,1.603064253296,1.603396631722,1.603064253296
19.359516620489,63.452390493064,1.603226887640,1.603562501760,1.603226887640
19.408668448788,63.156444386866,1.603390404952,1.603727488831,1.603390404952
19.457823837851,62.860498872088,1.603557531808,1.603888866358,1.603557531808
19.506986579022,62.564554578581,1.603732111513,1.604042791034,1.603732111513
19.556158507756,62.268611811474,1.603916004713,1.604187402215,1.603916004713
19.605338350558,61.972670359405,1.604107920493,1.604323990817,1.604107920493
19.654493332121,61.676724778769,1.604274634564,1.604485781126,1.604274634564
19.703570394639,61.380766268652,1.604362364156,1.604726555901,1.604362364156
19.752557497303,61.084792854364,1.604358907622,1.605058516763,1.604358907622
19.801481491813,60.788808999299,1.604291485090,1.605454443579,1.604291485090
19.850415177877,60.492826747806,1.604233885880,1.605840547079,1.604233885880
19.899471839146,60.196864867861,1.604300937787,1.606101999520,1.604300937787
19.948678596442,59.900927893213,1.604520137935,1.606211303745,1.604520137935
19.997910216184,59.604995051750,1.604764541737,1.606295404312,1.604764541737
20.047049027391,59.309046791525,1.604914864939,1.606473585483,1.604914864939
20.096009202145,59.013068942624,1.604884117791,1.606832836919,1.604884117791
20.144727358068,58.717051163036,1.604608079879,1.607437378830,1.604608079879
20.193179094305,58.420989669589,1.604062060106,1.608311902026,1.604062060106
20.241385229710,58.124888065729,1.603344614848,1.609435278516,1.603344614848
20.289414984649,57.828757797319,1.602536783097,1.610737348062,1.602536783097
20.337354492305,57.532612894282,1.602272879147,1.612130842904,1.602272879147
20.385321688360,57.236472476020,1.602294941628,1.613496288782,1.602294941628
20.433467876800,56.940361153848,1.601156112976,1.614680394279,1.601156112976
20.482013146984,56.644315042742,1.597221721182,1.615460127313,1.597221721182
20.531188001915,56.348373058483,1.593484312499,1.610982715549,1.593484312499
20.581250720144,56.052580069923,1.589483550334,1.605362425950,1.589483550334
20.632458674413,55.756983631009,1.587098711646,1.607833149252,1.587098711646
20.685159723528,55.461650040173,1.587245375996,1.613362707965,1.587245375996
20.739704489689,55.166652223360,1.591103043391,1.623768955389,1.591103043391
20.796483690022,54.872076769871,1.598401561296,1.639736322499,1.598401561296
20.855845151570,54.578011960365,1.607583371240,1.657253345662,1.607583371240
20.918216620477,54.284571698585,1.618653669630,1.683010764597,1.618653669630
20.984033737172,53.991886851397,1.631576545386,1.707997563316,1.631576545386
21.053782014933,53.700115062794,1.645524677153,1.741520459430,1.645524677153
21.127871566462,53.409417374582,1.662120097678,1.774439565346,1.662120097678
21.206744945478,53.119982632671,1.680874576449,1.813639861150,1.680874576449
21.290843410748,52.832025568002,1.701225081286,1.853659041735,1.701225081286
21.380685744736,52.545811129587,1.725041370167,1.897825636658,1.725041370167
21.476750219812,52.261628020044,1.751506930261,1.943687576594,1.751506930261
21.579474856879,51.979786350966,1.780160321582,1.992172051518,1.780160321582
21.689253621105,51.700620811056,1.812929697573,2.042541843537,1.812929697573
21.806511222651,51.424516082123,1.848966674210,2.095006022253,1.848966674210
21.931535073068,51.151843140768,1.887053856998,2.148313730840,1.887053856998
22.064611491219,50.883011954127,1.929475103034,2.204753021981,1.929475103034
22.206101606284,50.618517999028,1.976125773674,2.259114364617,1.976125773674
22.356437647679,50.358955945540,2.023895442314,2.319160318422,2.023895442314
22.516017783376,50.104979635286,2.076329198109,2.372340375236,2.076329198109
22.685194498251,49.857299162798,2.133617999904,2.434174191523,2.133617999904
22.864225093007,49.616652385033,2.193727236351,2.485776463665,2.193727236351
23.053290987524,49.383814812267,2.256407839167,2.545296938019,2.256407839167
23.252493328173,49.159596221499,2.323467449832,2.596883991132,2.323467449832
23.461826226571,48.944812465921,2.394584311439,2.648004166114,2.394584311439
23.681155774371,48.740254686120,2.468896204106,2.701333599463,2.468896204106
23.910214010230,48.546658284018,2.543040180779,2.743313899245,2.543040180779
24.148618216546,48.364700549765,2.619292740692,2.794857797044,2.619292740692
24.395878535421,48.194974911104,2.696410392411,2.837059960047,2.696410392411
24.651407889651,48.037976565101,2.771928502896,2.875389394113,2.771928502896
24.914528650991,47.894058516205,2.841671657765,2.919251934636,2.841671657765
25.184494748140,47.763428205927,2.901556840612,2.949817898303,2.901556840612
25.460530488038,47.646155751702,2.950533433529,2.986329741353,2.950533433529
25.741853066701,47.542192640145,2.990013668050,3.016653549812,2.990013668050
26.027688225926,47.451348603936,3.021853158170,3.040755514302,3.021853158170
26.317294558705,47.373340095961,3.047870863825,3.069615291246,3.047870863825
26.609989619845,47.307841811524,3.069708474581,3.087226613149,3.069708474581
26.905146004764,47.254495558679,3.088750546051,3.110292890434,3.088750546051
27.202185308469,47.212849304043,3.106044792489,3.125021644767,3.106044792489
27.500580246548,47.182342021274,3.122272816272,3.140603756056,3.122272816272
27.799865355276,47.162264484676,3.137779117867,3.152710038234,3.137779117867
28.099648258686,47.151851270957,3.152672980309,3.162770130382,3.152672980309
28.399614186332,47.150336204004,3.166911485788,3.172188902108,3.166911485788
28.699513177701,47.157031800681,3.179003437869,3.179003437869,3.180167733488
28.999155898222,47.171228634541,3.185765735445,3.185765735445,3.190358135716
29.298402705110,47.192221112546,3.190686532732,3.190686532732,3.199339439897
29.597161563104,47.219328009190,3.195056662020,3.195056662020,3.206742620898
29.895377628027,47.251891322944,3.198884794725,3.198884794725,3.212148641108
30.193028072992,47.289294609802,3.201196889506,3.201196889506,3.215103122016
30.490124395561,47.330887053267,3.204253796093,3.204253796093,3.212575962627
30.786703898598,47.376030174367,3.205287352065,3.205287352065,3.206423553791
31.082823274031,47.424108421100,3.198206897140,3.207360646563,3.198206897140
31.378542896552,47.474592868556,3.188906735215,3.207975304113,3.188906735215
31.673933985491,47.526970618596,3.184131052399,3.208094413478,3.184131052399
31.969075411521,47.580740335341,3.181385088910,3.207173673839,3.181385088910
32.264048047796,47.635430614457,3.181064018305,3.204917263147,3.181064018305
32.558921747133,47.690652544422,3.181283725931,3.200964359532,3.181283725931
32.853757319363,47.746078037503,3.181704906757,3.193358746907,3.181704906757
33.148612059416,47.801401357385,3.182000548752,3.185997792463,3.182000548752
33.443537065459,47.856348306644,3.180370286169,3.180370286169,3.181700282624
33.738570565304,47.910709399660,3.175338504243,3.175338504243,3.180904618459
34.033732775017,47.964366806076,3.171021997498,3.171021997498,3.179795868855
34.329032750777,48.017260814492,3.167481153461,3.167481153461,3.176822013754
34.624471746103,48.069372543367,3.164734802309,3.164734802309,3.173655715027
34.920040415725,48.120744178472,3.162739795246,3.162739795246,3.170696457574
35.215711283243,48.171524800168,3.161344562475,3.161344562475,3.167778119582
35.511450049592,48.221908937951,3.160351582025,3.160351582025,3.165300558804
35.807235417222,48.272018800268,3.159636806673,3.159636806673,3.163930646104
36.103061844362,48.321885747498,3.159168391582,3.159168391582,3.163055032510
36.398926354156,48.371526235500,3.158929615334,3.158929615334,3.162738408303
36.694824074067,48.420968447961,3.158891876623,3.158891876623,3.162622167422
36.990745440924,48.470268965467,3.158997792491,3.158997792491,3.162370615805
37.286681371422,48.519482014795,3.159192380679,3.159192380679,3.162030922365
37.582622543361,48.568663543236,3.159418922560,3.159418922560,3.161659452675
37.878561526495,48.617858237888,3.159632117537,3.159632117537,3.161301329884
38.174489922654,48.667116557660,3.159780812601,3.159780812601,3.161007706981
38.470406348831,48.716446752137,3.159856643045,3.159856643045,3.160786948674
38.766315081244,48.765823078585,3.159885704347,3.159885704347,3.160612959499
39.062217409558,48.815237770741,3.159875869119,3.159875869119,3.160477866850
39.358114261891,48.864685243114,3.159832799437,3.159832799437,3.160376008653
39.654007821193,48.914152419580,3.159769752385,3.159769752385,3.160294127825
39.949900652720,48.963623949278,3.159702291684,3.159702291684,3.160216660645
40.245793416236,49.013095885759,3.159634418554,3.159634418554,3.160139605894
40.541686178822,49.062567827795,3.159566539792,3.159566539792,3.160062556775
40.837578946069,49.112039741959,3.159498689289,3.159498689289,3.159985479397
41.133471716640,49.161511636244,3.159430858942,3.159430858942,3.159908381865
41.429364487679,49.210983527723,3.159363031438,3.159363031438,3.159831281487
41.725257258688,49.260455419386,3.159295203748,3.159295203748,3.159754181297
42.021150029614,49.309927311541,3.159227375560,3.159227375560,3.159677081604
42.317042800530,49.359399203760,3.159159547307,3.159159547307,3.159599981977
42.612935571445,49.408871095985,3.159091719047,3.159091719047,3.159522882356
42.908828342360,49.458342988207,3.159023890790,3.159023890790,3.159445782732
43.204721113276,49.507814880429,3.158956062534,3.158956062534,3.159368683108
43.500613884191,49.557286772651,3.158888234278,3.158888234278,3.159291583483
43.796506655107,49.606758664873,3.158820406022,3.158820406022,3.159214483858
44.092399426022,49.656230557094,3.158752577765,3.158752577765,3.159137384234
44.388292196938,49.705702449316,3.158684749509,3.158684749509,3.159060284610
44.684184967853,49.755174341538,3.158616921253,3.158616921253,3.158983184985
44.980077738768,49.804646233760,3.158549092997,3.158549092997,3.158906085361
45.275970509684,49.854118125982,3.158481264740,3.158481264740,3.158828985736
45.571863280599,49.903590018203,3.158413436484,3.158413436484,3.158751886112
45.867756051515,49.953061910425,3.158345608228,3.158345608228,3.158674786487
46.163648822430,50.002533802647,3.158277779972,3.158277779972,3.158597686863
46.459541593345,50.052005694869,3.158209951716,3.158209951716,3.158520587239
46.755434364261,50.101477587091,3.158142123460,3.158142123460,3.158443487614
47.051327135176,50.150949479313,3.158074295204,3.158074295204,3.158366387990
47.347219906092,50.200421371534,3.158006466948,3.158006466948,3.158289288366
47.643112677007,50.249893263756,3.157938638692,3.157938638692,3.158212188741
47.939005447922,50.299365155978,3.157870810436,3.157870810436,3.158135089117
48.234898218838,50.348837048200,3.157802982179,3.157802982179,3.158057989492
48.530790989753,50.398308940422,3.157735153923,3.157735153923,3.157980889868
48.826683760669,50.447780832643,3.157667325667,3.157667325667,3.157903790244
49.122576531584,50.497252724865,3.157599497411,3.157599497411,3.157826690619
49.418469302499,50.546724617087,3.157531669154,3.157531669154,3.157749590995
49.714362073415,50.596196509309,3.157463840898,3.157463840898,3.157672491370
50.010254844330,50.645668401531,3.157396012642,3.157396012642,3.157595391746
50.306147615246,50.695140293753,3.157328184386,3.157328184386,3.157518292121
50.602040386161,50.744612185974,3.157260356129,3.157260356129,3.157441192497
50.897933156861,50.794084079487,3.157192526565,3.157192526565,3.157364094182
51.193825926615,50.843555978653,3.157124691268,3.157124691268,3.157287001598
51.489718702716,50.893027839856,3.157056894460,3.157056894460,3.157209870525
51.785611494302,50.942499608446,3.156989191552,3.156989191552,3.157132645552
52.081504302987,50.991971274767,3.156921592332,3.156921592332,3.157055316891
52.377396880864,51.041444321527,3.156852593512,3.156852593512,3.156979387831
52.673288975880,51.090920256126,3.156780666762,3.156780666762,3.156906386701
52.969180619854,51.140398888128,3.156706005158,3.156706005158,3.156836120423
53.265074633332,51.189863345586,3.156645714784,3.156645714784,3.156751482917
53.560975060726,51.239289416844,3.156624342770,3.156624342770,3.156627927054
53.856884855012,51.288659372642,3.156447479340,3.156659862613,3.156447479340
54.152804262210,51.337971681517,3.156208588712,3.156753825383,3.156208588712
54.448729258930,51.387250442003,3.155935687258,3.156881798989,3.155935687258
54.744651622668,51.436545005987,3.155678807132,3.156993751262,3.155678807132
55.040564657515,51.485895535654,3.155478664859,3.157048965668,3.155478664859
55.336463844369,51.535329011650,3.155362616931,3.157020085719,3.155362616931
55.632339617113,51.584902382419,3.155388409645,3.156849365139,3.155388409645
55.928170140471,51.634744818366,3.155687045797,3.156405801244,3.155687045797
56.223935160989,51.684974375500,3.155569614500,3.155569614500,3.156378305165
56.519633780761,51.735593462582,3.154338281162,3.154338281162,3.157464711731
56.815266186677,51.786597760846,3.152716091807,3.152716091807,3.158941975173
57.110811735706,51.838102497469,3.150585992953,3.150585992953,3.160927149629
57.406268842233,51.890112617366,3.147942846073,3.147942846073,3.163425373986
57.701646111354,51.942574119464,3.144841332054,3.144841332054,3.166381967560
57.996962552285,51.995377420898,3.141392668069,3.141392668069,3.169685712851
58.292255796271,52.048310390652,3.140303881520,3.140303881520,3.173121176906
58.587584744555,52.101043306324,3.142749237828,3.142749237828,3.176353466218
58.883014848010,52.153205849228,3.145384596100,3.145384596100,3.179012510607
59.178615731091,52.204388902208,3.148420487813,3.148420487813,3.180686292467
59.474466404740,52.254104707664,3.151058924026,3.151058924026,3.180875193192
59.770645629773,52.301816970957,3.155809775422,3.155809775422,3.179154784717
60.067221852700,52.346990173480,3.163242200563,3.163242200563,3.174316208110
60.364250537849,52.389072584352,3.165400154604,3.170508553899,3.165400154604
60.661777488270,52.427462134448,3.148481130158,3.176042839575,3.148481130158
60.959822739827,52.461574245269,3.129483489322,3.178043380476,3.129483489322
61.258380136639,52.490849310941,3.119874543410,3.176295841270,3.119874543410
61.557414246012,52.514731894875,3.105823663996,3.170740478783,3.105823663996
61.856861748229,52.532667936541,3.102232290291,3.164024504359,3.102232290291
62.156622381369,52.544175844020,3.096890342072,3.156841178282,3.096890342072
62.456565825891,52.548850498326,3.093868878171,3.149803925226,3.093868878171
62.756532912561,52.546347784571,3.095119758611,3.140768045054,3.095119758611
63.056345204920,52.536413756292,3.091979642095,3.132786529702,3.091979642095
63.355809703061,52.518907838058,3.097035289546,3.126365558053,3.097035289546
63.654729235236,52.493757089917,3.095428752714,3.121763578705,3.095428752714
63.952902732081,52.460929536249,3.100760435726,3.116635487089,3.100760435726
64.250144428310,52.420515724439,3.101698976520,3.113404514987,3.101698976520
64.546289435269,52.372718690380,3.105368015573,3.112355119633,3.105368015573
64.841194730973,52.317779756856,3.108535639402,3.113188225310,3.108535639402
65.134722057591,52.255897788701,3.110982886285,3.113458980185,3.110982886285
65.426760542330,52.187323826122,3.115767746371,3.115767746371,3.115904998558
65.717240778170,52.112416463939,3.117923167343,3.119884396709,3.117923167343
66.006116855652,52.031536332452,3.124410031378,3.124410031378,3.124612575452
66.293319645374,51.944901037452,3.127231172638,3.128830321278,3.127231172638
66.578811812083,51.852778585230,3.134647571883,3.134647571883,3.135357544578
66.862544040671,51.755370951685,3.139085745712,3.141758290301,3.139085745712
67.144464690751,51.652834504304,3.147769773261,3.147769773261,3.148225845521
67.424527659425,51.545327626958,3.153033783146,3.154642461585,3.153033783146
67.702716469923,51.433056269590,3.162628215637,3.162628215637,3.162884368020
67.978992441302,51.316157859928,3.168681344688,3.170649365260,3.168681344688
68.253322624323,51.194760676519,3.178064602243,3.178064602243,3.179028633394
68.525686325039,51.069013573145,3.185550297144,3.186457775159,3.185550297144
68.796081615715,50.939085238915,3.195713470018,3.195713470018,3.196227485581
69.064474381999,50.805070193783,3.203304701314,3.203325019681,3.203304701314
69.330857408503,50.667100952462,3.211607915130,3.211607915130,3.214072634060
69.595231663207,50.525320904447,3.220581064715,3.220581064715,3.221596404954
69.857596252228,50.379853842872,3.228730382774,3.228730382774,3.232250165389
70.117918118326,50.230763026121,3.236357719177,3.236357719177,3.240175997451
70.376185849380,50.078139740275,3.244544090423,3.244544090423,3.250273297301
70.632374448887,49.922052617999,3.252801039215,3.252801039215,3.258339219283
70.886435084469,49.762524480681,3.259521050230,3.259521050230,3.267487084226
71.138303298834,49.599557940808,3.266832270269,3.266832270269,3.275201192727
71.387943163389,49.433196886849,3.274717119424,3.274717119424,3.282883774518
71.635305212036,49.263468486200,3.281152482340,3.281152482340,3.289790418653
71.880329353366,49.090381526395,3.287683105029,3.287683105029,3.295567774282
72.122958491281,48.913953733348,3.294814800026,3.294814800026,3.301223625960
72.363163093694,48.734237999321,3.301462627388,3.301462627388,3.304775747716
72.600883922717,48.551250511122,3.307176858892,3.307176858892,3.309519201795
72.836065423541,48.365009950864,3.311464638513,3.313429653069,3.311464638513
73.068662869413,48.175552633637,3.317159617130,3.320191685604,3.317159617130
73.298649216083,47.982933223724,3.319935616485,3.324844198730,3.319935616485
73.525957813597,47.787162065996,3.327480379785,3.329881982418,3.327480379785
73.750544456543,47.588273300196,3.332114307730,3.335297561939,3.332114307730
73.972376946411,47.386317864598,3.339693308659,3.339693308659,3.341548326645
74.191421056813,47.181340815703,3.343832132444,3.343832132444,3.348183949188
74.407612862148,46.973358461982,3.349418207559,3.349418207559,3.359499051520
74.620927207025,46.762424954377,3.356133569208,3.356133569208,3.368119911097
74.831336686527,46.548594348980,3.363673412449,3.363673412449,3.381373103477
75.038801386445,46.331904906960,3.373311845848,3.373311845848,3.392127811423
75.243268544852,46.112385402111,3.384474425234,3.384474425234,3.407367643042
75.444730196735,45.890103513688,3.396269400171,3.396269400171,3.420422055327
75.643156275429,45.665108379361,3.410034527694,3.410034527694,3.437784689667
75.838503047004,45.437434052245,3.425283145612,3.425283145612,3.453408267126
76.030725366193,45.207116265739,3.440924675166,3.440924675166,3.472959045143
76.219815508386,44.974219329433,3.458408701495,3.458408701495,3.491432498868
76.405693285366,44.738751770426,3.477464003337,3.477464003337,3.513267221891
76.588275911267,44.500719509493,3.496653114082,3.496653114082,3.534793730751
76.767469850868,44.260126928675,3.517748072842,3.517748072842,3.558740732886
76.943175583907,44.016974921787,3.540759808284,3.540759808284,3.583436632499
77.115222736220,43.771222277109,3.563765031918,3.563765031918,3.609155700996
77.283399246403,43.522805125309,3.588978936287,3.588978936287,3.636867817849
77.447541444210,43.271705046313,3.616515598973,3.616515598973,3.663640614958
77.607488684791,43.017912596359,3.644641089995,3.644641089995,3.694239901562
77.763077049786,42.761425771193,3.674895297564,3.674895297564,3.721709623516
77.914207895938,42.502287103903,3.707635042587,3.707635042587,3.755081487481
78.060819027392,42.240565228516,3.741483985232,3.741483985232,3.784051303917
78.202855927660,41.976332710983,3.776860692167,3.776860692167,3.819481374831
78.340250060088,41.709657059614,3.814583407365,3.814583407365,3.851419928709
78.473042507803,41.440659141808,3.853804368352,3.853804368352,3.887797779954
78.601387964309,41.169510485168,3.893407462895,3.893407462895,3.924278319246
78.725388979790,40.896347162222,3.934676678579,3.934676678579,3.961400960550
78.845104714662,40.621278498349,3.977449538097,3.977449538097,4.003740452715
78.960612031743,40.344415675954,4.019461581572,4.019461581572,4.042996015033
79.071952540970,40.065851000755,4.062443684125,4.062443684125,4.090842076764
79.179225823268,39.785694006316,4.106349703890,4.106349703890,4.135851193965
79.282550345385,39.504056463658,4.150029766538,4.150029766538,4.185788516625
79.382117971023,39.221067699309,4.192760960960,4.192760960960,4.236826262252
79.478099040896,38.936842218245,4.235549934254,4.235549934254,4.285651358359
79.570679734649,38.651489997359,4.278111250491,4.278111250491,4.332015347489
79.660073447532,38.365122913187,4.318578866883,4.318578866883,4.375100308904
79.746499705395,38.077845485165,4.357797999382,4.357797999382,4.415114348746
79.830142088950,37.789744928987,4.396210594875,4.396210594875,4.452249507313
79.911214417346,37.500909858512,4.433635981074,4.433635981074,4.486730907558
79.989899958846,37.211415284360,4.467907991100,4.467907991100,4.518751357814
80.066389215792,36.921332086467,4.500984410368,4.500984410368,4.548510158093
80.140812930776,36.630712095642,4.532781692884,4.532781692884,4.576144591519
80.213303069050,36.339603342855,4.562573542932,4.562573542932,4.601792548983
80.283942077775,36.048039965370,4.589679379641,4.589679379641,4.625540831325
80.352753335497,35.756039665319,4.615489446348,4.615489446348,4.647415317442
80.419707516496,35.463608176288,4.640084067073,4.640084067073,4.667387953690
80.484790669806,35.170754442310,4.662181610771,4.662181610771,4.685446375149
80.548065427925,34.877504595241,4.682631864529,4.682631864529,4.701656553050
80.609592139150,34.583882894661,4.701975421627,4.701975421627,4.716081907608
80.669475067496,34.289921357922,4.719840457107,4.719840457107,4.728830448707
80.727850279801,33.995656514978,4.734961752309,4.734961752309,4.740042302700
80.784841854854,33.701120435929,4.748816661751,4.748816661751,4.749845054342
80.840569542999,33.406342465766,4.758361584176,4.761327253939,4.758361584176
80.895177110146,33.111354786045,4.765738935040,4.771156222011,4.765738935040
80.948860847216,32.816197396183,4.772177250367,4.778918345032,4.772177250367
81.001770519464,32.520900211255,4.777829139555,4.785032697363,4.777829139555
81.053905687963,32.225465349220,4.782694503370,4.789018012298,4.782694503370
81.105283000125,31.929897691229,4.786790550875,4.790275426612,4.786790550875
81.155945644190,31.634206692767,4.790009819398,4.790009819398,4.790161421256
81.205964794521,31.338406088729,4.788218663612,4.788218663612,4.792879564483
81.255456338137,31.042516703200,4.788655676930,4.788655676930,4.795062701657
81.304520166452,30.746556058609,4.789814942490,4.789814942490,4.796812237683
81.353265578362,30.450542769725,4.791296944017,4.791296944017,4.798239039462
81.401773379676,30.154490441079,4.793019738543,4.793019738543,4.799425047182
81.450114426977,29.858410824808,4.794911502017,4.794911502017,4.800442084153
81.498371344008,29.562317479171,4.796888506925,4.796888506925,4.801373878423
81.546597833903,29.266219175188,4.798896339648,4.798896339648,4.802274844351
81.594848702600,28.970124844202,4.800879472492,4.800879472492,4.803200510578
81.643167492269,28.674041590626,4.802793788414,4.802793788414,4.804194994816
81.691576744944,28.377973116080,4.804616443814,4.804616443814,4.805281140784
81.740105975490,28.081924287152,4.806317525636,4.806317525636,4.806488861506
81.788747633982,27.785893905512,4.807810512551,4.807904677872,4.807810512551
81.837480734752,27.489878563308,4.809224833423,4.809399160543,4.809224833423
81.886281260231,27.193874326652,4.810707486696,4.810825310849,4.810707486696
81.935107356567,26.897874305864,4.812216055715,4.812225545384,4.812216055715
81.983928696575,26.601873500614,4.813630600451,4.813630600451,4.813719804210
82.032734775978,26.305870178764,4.815051122064,4.815051122064,4.815208086180
82.081531875160,26.009865376253,4.816480745043,4.816480745043,4.816687266792
82.130332252905,25.713861114268,4.817907045239,4.817907045239,4.818169770186
82.179167227369,25.417862559449,4.819298281520,4.819298281520,4.819687337430
82.228055707580,25.121872836923,4.820635288533,4.820635288533,4.821259133784
82.276995713285,24.825891629492,4.821920071690,4.821920071690,4.822883153753
82.325956919274,24.529913927118,4.823183366968,4.823183366968,4.824528661488
82.374861889048,24.233926931781,4.824503660568,4.824503660568,4.826117171159
82.423328226524,23.937868016998,4.826268436376,4.826268436376,4.827261195245
82.471061122589,23.641689978585,4.827662169448,4.828776245576,4.827662169448
82.518051926044,23.345393295579,4.827311626535,4.832035537182,4.827311626535
82.564452864296,23.049003520843,4.826363918898,4.835891954296,4.826363918898
82.610477513426,22.752555029257,4.825035371098,4.840129180162,4.825035371098
82.656250168072,22.456067503283,4.823451826390,4.844621379150,4.823451826390
82.701901368711,22.159561234741,4.821745391778,4.849236455902,4.821745391778
82.747694138221,21.863076835454,4.820182203308,4.853708300448,4.820182203308
82.793914249940,21.566658839002,4.819051481304,4.857747716884,4.819051481304
82.840951700174,21.270369805500,4.818748207827,4.860959739402,4.818748207827
82.889293771637,20.974291343085,4.821194571470,4.862850300054,4.821194571470
82.939443896906,20.678514614482,4.825862704611,4.862907809772,4.825862704611
82.991977493803,20.383153154766,4.837826188542,4.860545965330,4.837826188542
83.047448533326,20.088330575869,4.851594640029,4.855197921412,4.851594640029
83.106452636085,19.794196813017,4.846251365110,4.846251365110,4.856670922470
83.169560542806,19.500917942118,4.833365301140,4.833365301140,4.846133302702
83.237341764222,19.208686533865,4.824304500518,4.824304500518,4.826478767954
83.310405676740,18.917733782717,4.797846513264,4.807704612340,4.797846513264
83.389306427010,18.628312336224,4.761328278252,4.769430384636,4.761328278252
83.474606450785,18.340715605736,4.718380861353,4.733171418868,4.718380861353
83.566776452645,18.055249091407,4.670370021633,4.697582557496,4.670370021633
83.666258308068,17.772251697592,4.618118900251,4.656904859952,4.618118900251
83.773432101851,17.492079458563,4.562298687945,4.620201195974,4.562298687945
83.888577143348,17.215091007797,4.503398252882,4.576006752815,4.503398252882
84.011937287103,16.941665022670,4.441739311570,4.533821582056,4.441739311570
84.143654884229,16.672167530534,4.377561836006,4.486491031155,4.377561836006
84.283832311505,16.406974435841,4.310882210676,4.435848852316,4.310882210676
84.432454430914,16.146420413464,4.241618557297,4.384620646249,4.241618557297
84.589473483568,15.890840837434,4.169524089066,4.325780469516,4.169524089066
84.754788416643,15.640546918192,4.094203016331,4.269531817997,4.094203016331
84.928230313833,15.395814903262,4.015214229893,4.204733472989,4.015214229893
85.109895312562,15.157129659911,3.932251351539,4.141032712578,3.932251351539
85.299846411424,14.924985902921,3.844954793086,4.071670663730,3.844954793086
85.498049740796,14.699851329389,3.752837084453,3.997429871761,3.752837084453
85.704282913296,14.482045634620,3.655187449516,3.923678244498,3.655187449516
85.918277865113,14.271863469746,3.551696088947,3.840651867602,3.551696088947
86.139826327592,14.069659047392,3.443801447580,3.761135525943,3.443801447580
86.368699627316,13.875786740485,3.333385511467,3.673624620928,3.333385511467
86.604658728645,13.690604544293,3.222986058365,3.584266741242,3.222986058365
86.847405028113,13.514413515522,3.115110702148,3.494841207060,3.115110702148
87.096641024885,13.347530774530,3.010634444112,3.396440254789,3.010634444112
87.351992912974,13.190162422487,2.910035675316,3.303927216353,2.910035675316
87.613079056860,13.042503608886,2.810784907559,3.203932894661,2.810784907559
87.879500314566,12.904700245272,2.715918181920,3.102323949699,2.715918181920
88.150828624366,12.776826808372,2.626009633533,3.005324830224,2.626009633533
88.426659077434,12.658976678944,2.540569794833,2.898944860940,2.540569794833
88.706594309390,12.551237021927,2.458076906141,2.801067787475,2.458076906141
88.990181063003,12.453502029794,2.381242861822,2.700757804223,2.381242861822
89.276960567157,12.365566380446,2.309976789406,2.596471450661,2.309976789406
89.566471746993,12.287072875515,2.241433727712,2.505581820338,2.241433727712
89.858287000553,12.217619419297,2.177692405296,2.408135766555,2.177692405296
90.152041175556,12.156873407840,2.119015227284,2.318767283325,2.119015227284
90.447393777916,12.104427843066,2.063269298017,2.238692523986,2.063269298017
90.744055314522,12.059968612600,2.011311779507,2.153766420253,2.011311779507
91.041768613913,12.023185673478,1.963973129140,2.087289349687,1.963973129140
91.340301995124,11.993774503361,1.919594981863,2.017623568741,1.919594981863
91.639454812504,11.971514377998,1.878602133976,1.958995646004,1.878602133976
91.939040059407,11.956089066534,1.841862805689,1.904844910755,1.841862805689
92.238893020636,11.947263897604,1.807853823095,1.855097150651,1.807853823095
92.538867289096,11.944708118587,1.777729434225,1.813444532288,1.777729434225
92.838834956172,11.948068015728,1.751481548778,1.774052753017,1.751481548778
93.138691148753,11.956973212709,1.726484391164,1.742315321128,1.726484391164
93.438353134480,11.971000498974,1.704605723036,1.713185250974,1.704605723036
93.737755344041,11.989791763694,1.686096638547,1.689322518771,1.686096638547
94.036859783743,12.012868887616,1.669155415054,1.669494589149,1.669155415054
94.335634560923,12.039887217287,1.652007504401,1.652007504401,1.654476490506
94.634070548268,12.070437171084,1.640123038484,1.640123038484,1.642099697821
94.932168113531,12.104135467398,1.628137212812,1.628137212812,1.630630621750
95.229933559444,12.140659189279,1.620969146171,1.622391675796,1.620969146171
95.527390558833,12.179621485798,1.612765874339,1.616631644052,1.612765874339
95.824550624740,12.220788813735,1.605419146752,1.613702877481,1.605419146752
96.121443610090,12.263845036919,1.599828695993,1.612358018691,1.599828695993
96.418088585864,12.308578441948,1.595804094571,1.611278984951,1.595804094571
96.714509659745,12.354774873413,1.593255636483,1.612107679555,1.593255636483
97.010738138561,12.402191770028,1.591940963263,1.612317651256,1.591940963263
97.306793935289,12.450675895492,1.591703900368,1.612291295622,1.591703900368
97.602722146766,12.499934411795,1.592251610163,1.610825929048,1.592251610163
97.898579806487,12.549615633751,1.593227801562,1.608943333818,1.593227801562
98.194408253150,12.599470704717,1.594380278323,1.607142751326,1.594380278323
98.490248233828,12.649257226495,1.595463242764,1.605411680454,1.595463242764
98.786111655548,12.698904307187,1.596404810376,1.603822005032,1.596404810376
99.082006726631,12.748362290253,1.597154650778,1.602424055248,1.597154650778
99.377939447110,12.797594532285,1.597675632598,1.601254962452,1.597675632598
99.673905183450,12.846627929362,1.597995047354,1.600287435631,1.597995047354
99.969905202944,12.895453909903,1.598104231443,1.599530138673,1.598104231443
100.265932532613,12.944114119985,1.598045410503,1.598940846292,1.598045410503
100.561978836711,12.992658769253,1.597869481369,1.598468661926,1.597869481369
100.858039466660,13.041115987985,1.597604955822,1.598085073902,1.597604955822
101.154106826043,13.089532086797,1.597298763361,1.597743152776,1.597298763361
101.450176395430,13.137934669967,1.596978875774,1.597414926776,1.596978875774
101.746246316481,13.186335102260,1.596656808752,1.597088880210,1.596656808752
102.042315846244,13.234737928055,1.596337167002,1.596760408371,1.596337167002
102.338385216257,13.283141731007,1.596018515382,1.596430946403,1.596018515382
102.634454656489,13.331545104448,1.595699428548,1.596101919648,1.595699428548
102.930524245377,13.379947568592,1.595379420348,1.595773814260,1.595379420348
103.226593899053,13.428349636444,1.595059010594,1.595446110426,1.595059010594
103.522663554267,13.476751694887,1.594738591306,1.595118416125,1.594738591306
103.818733195044,13.525153841638,1.594418261499,1.594790632344,1.594418261499
104.114802828607,13.573556032518,1.594097976407,1.594462803848,1.594097976407
104.410872462382,13.621958222100,1.593777689999,1.594134976668,1.593777689999
104.706942097014,13.670360406442,1.593457398282,1.593807154797,1.593457398282
105.003011732330,13.718762586593,1.593137102318,1.593479337173,1.593137102318
105.299081368031,13.767164764394,1.592816803973,1.593151521929,1.592816803973
105.595151004113,13.815566939867,1.592496503269,1.592823709044,1.592496503269
105.891220640397,13.863969114104,1.592176201312,1.592495897412,1.592176201312
106.187290276729,13.912371288044,1.591855899055,1.592168086082,1.591855899055
106.483359912953,13.960773462643,1.591535597465,1.591840274083,1.591535597465
106.779429548912,14.009175638867,1.591215297523,1.591512460437,1.591215297523
107.075499184393,14.057577818014,1.590895000542,1.591184643830,1.590895000542
107.371568819368,14.105980000259,1.590574706699,1.590856824085,1.590574706699
107.667638453960,14.154382184841,1.590254415225,1.590529001970,1.590254415225
107.963708088585,14.202784369222,1.589934123548,1.590201180059,1.589934123548
108.259777723469,14.251186552022,1.589613830268,1.589873359752,1.589613830268
108.555847358667,14.299588732898,1.589293535039,1.589545541393,1.589293535039
108.851916994138,14.347990912106,1.588973238120,1.589217724723,1.588973238120
109.147986629904,14.396393089513,1.588652939375,1.588889909880,1.588652939375
109.444056265924,14.444795265361,1.588332639051,1.588562096615,1.588332639051
109.740125902009,14.493197440815,1.588012338327,1.588234283750,1.588012338327
110.036195537958,14.541599617099,1.587692038445,1.587906470044,1.587692038445
110.332265173757,14.590001794298,1.587371739489,1.587578655411,1.587371739489
110.628334809490,14.638403971903,1.587051440946,1.587250840366,1.587051440946
110.924404445186,14.686806149737,1.586731142634,1.586923025090,1.586731142634
111.220474080894,14.735208327492,1.586410844242,1.586595209893,1.586410844242
111.516543716635,14.783610505048,1.586090545649,1.586267394898,1.586090545649
111.812613352383,14.832012682564,1.585770247016,1.585939579944,1.585770247016
112.108682988103,14.880414860246,1.585449948550,1.585611764821,1.585449948550
112.404752623791,14.928817038130,1.585129650289,1.585283949494,1.585129650289
112.700822259307,14.977219217058,1.584809353086,1.584956133108,1.584809353086
112.996891894679,15.025621396873,1.584489056782,1.584628315824,1.584489056782
113.292961530035,15.074023576787,1.584168760577,1.584300498441,1.584168760577
113.589031165509,15.122425755972,1.583848463635,1.583972681795,1.583848463635
113.885100801162,15.170827934071,1.583528165592,1.583644866250,1.583528165592
114.181170436883,15.219230111749,1.583207867122,1.583317051131,1.583207867122
114.477240072593,15.267632289495,1.582887568721,1.582989235943,1.582887568721
114.773309708136,15.316034468259,1.582567271352,1.582661419724,1.582567271352
115.069379343302,15.364436649337,1.582246976327,1.582333601161,1.582246976327
115.365448975338,15.412838849552,1.581926700693,1.582005763206,1.581926700693
115.661518601289,15.461241086995,1.581606462782,1.581677887529,1.581606462782
115.957588245022,15.509643215665,1.581286114655,1.581350122068,1.581286114655
116.253657961828,15.558044897357,1.580965313614,1.581022809520,1.580965313614
116.549727851126,15.606445523903,1.580643443423,1.580696566123,1.580643443423
116.845797658725,15.654846650209,1.580322079625,1.580369816333,1.580322079625
117.141866954946,15.703250904474,1.580003885310,1.580039897059,1.580003885310
117.437933911615,15.751669465558,1.579695480948,1.579695480948,1.579700187835
117.733997841236,15.800106533065,1.579332312498,1.579332312498,1.579415242703
118.030059520677,15.848557352795,1.578955208960,1.578955208960,1.579144232662
118.326125962577,15.896979054348,1.578607610474,1.578607610474,1.578843717566
118.622203147750,15.945335017248,1.578326622674,1.578326622674,1.578476591787
118.918305655813,15.993535573382,1.577952009828,1.578203091230,1.577952009828
119.214441395579,16.041531550306,1.577220167615,1.578286820489,1.577220167615
119.510615795316,16.089288303364,1.576245998848,1.578612877252,1.576245998848
119.806865408760,16.136575463986,1.574796256763,1.579414510639,1.574796256763
120.103212126339,16.183250182782,1.572726433280,1.580836231845,1.572726433280
120.399647974366,16.229355678281,1.570080468123,1.582834103083,1.570080468123
120.696156214690,16.274993599530,1.566961379226,1.585305106679,1.566961379226
120.992714478808,16.320305618209,1.563512590227,1.588105817308,1.563512590227
121.289273979765,16.365609654061,1.560055723509,1.590914605801,1.560055723509
121.585786314991,16.411220995386,1.556909742523,1.593412502019,1.556909742523
121.882191801998,16.457519955624,1.554459604501,1.595214543426,1.554459604501
122.178422872969,16.504919968786,1.553124228136,1.594611452954,1.553124228136
122.474381353067,16.553987453943,1.553478456858,1.590476073367,1.553478456858
122.769978058318,16.605186195268,1.555994401507,1.588845126012,1.555994401507
123.065089388892,16.659102353991,1.561270514484,1.586164099514,1.561270514484
123.359576655477,16.716322614123,1.571382328062,1.587613123259,1.571382328062
123.653261043147,16.777516451516,1.586847174917,1.586847174917,1.588370886179
123.945961717811,16.843248058007,1.589352887961,1.589352887961,1.602619751325
124.237432386588,16.914216792007,1.590152869373,1.590152869373,1.618131970195
124.527398807720,16.991091340717,1.592330140061,1.592330140061,1.622661089441
124.815538959877,17.074532991473,1.593810955659,1.593810955659,1.622461272714
125.101496892340,17.165160404519,1.594781233671,1.594781233671,1.621293528086
125.384822683233,17.263687451656,1.596142001842,1.596142001842,1.619092186046
125.665030601824,17.370749002533,1.595124899773,1.595124899773,1.614086605351
125.941587847414,17.486898756223,1.595543286428,1.595543286428,1.607465167189
126.213899729607,17.612667097136,1.592356187240,1.592356187240,1.602233526540
126.481297606167,17.748554320715,1.591172985684,1.591172985684,1.599015566860
126.743114584575,17.894897591697,1.586221353210,1.586221353210,1.594128172975
126.998643500115,18.051949903272,1.582949730295,1.582949730295,1.590740828959
127.247114789912,18.219935586672,1.577578666903,1.577578666903,1.590289685236
127.487764250504,18.398938531803,1.571509089496,1.571509089496,1.592923793183
127.719824781964,18.588937361781,1.567755909138,1.567755909138,1.593804745761
127.942536938123,18.789807224439,1.557998761036,1.557998761036,1.596651436556
128.155162069530,19.001321603160,1.558433283179,1.558433283179,1.601773047172
128.356879857902,19.223255637544,1.546665559601,1.546665559601,1.608799733420
128.546877838979,19.455298495257,1.550449344185,1.550449344185,1.614535759769
128.724435900736,19.696991180389,1.541527639670,1.541527639670,1.618166696636
128.888926181269,19.947760286316,1.543417279339,1.543417279339,1.621275278758
129.039833143196,20.206932161079,1.540641104216,1.540641104216,1.622919992170
129.176832343110,20.473721288577,1.537143945743,1.537143945743,1.622743548799
129.299680795702,20.747318369529,1.538383455981,1.538383455981,1.620589756698
129.408362544457,21.026852142143,1.530835620081,1.530835620081,1.613727787900
129.502956350237,21.311467363936,1.535602819850,1.535602819850,1.607476805304
129.583795825409,21.600298581136,1.528057416144,1.528057416144,1.602443825355
129.651185381854,21.892565571447,1.533997431808,1.533997431808,1.599189963307
129.705734878438,22.187507546825,1.529491889099,1.529491889099,1.594408402249
129.747844905832,22.484484100700,1.534996327706,1.534996327706,1.590501805291
129.778105895042,22.782907388376,1.533708688561,1.533708688561,1.589321730806
129.796966807680,23.082270436085,1.538242043518,1.538242043518,1.590954490365
129.805361465297,23.382118000966,1.538610365774,1.538610365774,1.590541851443
129.804226533875,23.682086448364,1.543307505221,1.543307505221,1.592062410700
129.794607046879,23.981909272473,1.544975552328,1.544975552328,1.595237608755
129.777349183604,24.281393342707,1.550837469732,1.550837469732,1.597321532489
129.753519174267,24.580431783519,1.553611452223,1.553611452223,1.597730056024
129.723949199350,24.878960018801,1.561046938501,1.561046938501,1.598245392266
129.689484327226,25.176966039302,1.565410001590,1.565410001590,1.597311436091
129.650851436576,25.474462396721,1.573408375916,1.573408375916,1.592141033434
129.608870339450,25.771507041056,1.579614380270,1.579614380270,1.585484723033
129.564094783191,26.068144160512,1.576720355245,1.586726742742,1.576720355245
129.517125429021,26.364443015526,1.561762697113,1.592983057227,1.561762697113
129.468512421691,26.660477271241,1.551735733858,1.598555245154,1.551735733858
129.418761518968,26.956322898168,1.549240257073,1.602378878858,1.549240257073
129.368233993693,27.252037057695,1.550278327955,1.604183986742,1.550278327955
129.317314774203,27.547684176012,1.553737037139,1.602954125986,1.553737037139
129.266359919030,27.843325177389,1.558144080103,1.596120869922,1.558144080103
129.215597608944,28.138999277656,1.562524584758,1.588242425662,1.562524584758
129.165223171007,28.434739653290,1.566664134962,1.583908057109,1.566664134962
129.115423821844,28.730577335769,1.570228473227,1.580156899577,1.570228473227
129.066322580067,29.026531637028,1.573095246155,1.577113478151,1.573095246155
