path_index,path_x,path_y,roi_index,roi_x,roi_y,distance_m
0,87.096721089848,13.347665815892,1291,87.096641024885,13.347530774530,0.000156992254
1,87.352107008278,13.190255510548,1292,87.351992912974,13.190162422487,0.000147251912
2,87.613230105125,13.042557600271,1293,87.613079056860,13.042503608886,0.000160407755
3,87.879697366587,12.904734828818,1294,87.879500314566,12.904700245272,0.000200063791
4,88.151102957175,12.776911135337,1295,88.150828624366,12.776826808372,0.000287000919
5,88.427022221539,12.659146857802,1296,88.426659077434,12.658976678944,0.000401041749
6,88.707014102180,12.551423181030,1297,88.706594309390,12.551237021927,0.000459218029
7,88.990628579041,12.453634339061,1298,88.990181063003,12.453502029794,0.000466665134
8,89.277414636861,12.365579921406,1299,89.276960567157,12.365566380446,0.000454271564
9,89.566934233260,12.286978203625,1300,89.566471746993,12.287072875515,0.000472076598
10,89.858772986765,12.217480159485,1301,89.858287000553,12.217619419297,0.000505545145
11,90.152550750308,12.156697983416,1302,90.152041175556,12.156873407840,0.000538925001
12,90.447932596906,12.104263043121,1303,90.447393777916,12.104427843066,0.000563458007
13,90.744622962526,12.059825508049,1304,90.744055314522,12.059968612600,0.000585408549
14,91.042363431708,12.023076514418,1305,91.041768613913,12.023185673478,0.000604751114
15,91.340924546015,11.993731264218,1306,91.340301995124,11.993774503361,0.000624050667
16,91.640100386173,11.971511775030,1307,91.639454812504,11.971514377998,0.000645578917
17,91.939706565908,11.956148409314,1308,91.939040059407,11.956089066534,0.000669143095
18,92.239577216879,11.947345234205,1309,92.238893020636,11.947263897604,0.000689013891
19,92.539566221439,11.944793997334,1310,92.538867289096,11.944708118587,0.000704188597
20,92.839547333649,11.948148602834,1311,92.838834956172,11.948068015728,0.000716921161
21,93.139415577876,11.957034933663,1312,93.138691148753,11.956973212709,0.000727053664
22,93.439087257627,11.971064373878,1313,93.438353134480,11.971000498974,0.000736896735
23,93.738500026686,11.989824540891,1314,93.737755344041,11.989791763694,0.000745403640
24,94.037610150563,12.012913341620,1315,94.036859783743,12.012868887616,0.000751682462
25,94.336391745774,12.039923061567,1316,94.335634560923,12.039887217287,0.000758032790
26,94.634832984209,12.070464844465,1317,94.634070548268,12.070437171084,0.000762937993
27,94.932934186348,12.104164284704,1318,94.932168113531,12.104135467398,0.000766614635
28,95.230705241454,12.140666096042,1319,95.229933559444,12.140659189279,0.000771712918
29,95.528161048327,12.179653661652,1320,95.527390558833,12.179621485798,0.000771161038
30,95.825322900991,12.220821895650,1321,95.824550624740,12.220788813735,0.000772984489
31,96.122212282235,12.263911194799,1322,96.121443610090,12.263845036919,0.000771513922
32,96.418851451816,12.308690625320,1323,96.418088585864,12.308578441948,0.000771070405
33,96.715266590832,12.354929800593,1324,96.714509659745,12.354774873413,0.000772623519
34,97.011487186420,12.402399330251,1325,97.010738138561,12.402191770028,0.000777273402
35,97.307550830368,12.450838130761,1326,97.306793935289,12.450675895492,0.000774086845
36,97.603497679526,12.499985479989,1327,97.602722146766,12.499934411795,0.000777212341
37,97.899369587337,12.549581992452,1328,97.898579806487,12.549615633751,0.000790497014
38,98.195205888813,12.599390452858,1329,98.194408253150,12.599470704717,0.000801662655
39,98.491038943646,12.649218192370,1330,98.490248233828,12.649257226495,0.000791672709
40,98.786893634585,12.698917304392,1331,98.786111655548,12.698904307187,0.000782087042
41,99.082783039131,12.748409325349,1332,99.082006726631,12.748362290253,0.000777736072
42,99.378710739945,12.797671844148,1333,99.377939447110,12.797594532285,0.000775157895
43,99.674675582811,12.846710723492,1334,99.673905183450,12.846627929362,0.000774835494
44,99.970672588685,12.895555093107,1335,99.969905202944,12.895453909903,0.000774027723
45,100.266696499214,12.944236140283,1336,100.265932532613,12.944114119985,0.000773649740
46,100.562740827902,12.992792864150,1337,100.561978836711,12.992658769253,0.000773700211
47,100.858798975066,13.041265263421,1338,100.858039466660,13.041115987985,0.000774038871
48,101.154865552746,13.089686143000,1339,101.154106826043,13.089532086797,0.000774208967
49,101.450935836709,13.138084355306,1340,101.450176395430,13.137934669967,0.000774052166
50,101.747007194315,13.186475999265,1341,101.746246316481,13.186335102260,0.000773813314
51,102.043078293858,13.234869222088,1342,102.042315846244,13.234737928055,0.000773669495
52,102.339148554820,13.283267575096,1343,102.338385216257,13.283141731007,0.000773642357
53,102.635218295294,13.331669112010,1344,102.634454656489,13.331545104448,0.000773642101
54,102.931287848248,13.380071795963,1345,102.930524245377,13.379947568592,0.000773641897
55,103.227357398301,13.428474497657,1346,103.226593899053,13.428349636444,0.000773641664
56,103.523427017865,13.476876774165,1347,103.522663554267,13.476751694887,0.000773641708
57,103.819496673878,13.525278827721,1348,103.818733195044,13.525153841638,0.000773641681
58,104.115566329875,13.573680881376,1349,104.114802828607,13.573556032518,0.000773641663
59,104.411635971549,13.622083022640,1350,104.410872462382,13.621958222100,0.000773641663
60,104.707705605650,13.670485210227,1351,104.706942097014,13.670360406442,0.000773641663
61,105.003775239096,13.718887401820,1352,105.003011732330,13.718762586593,0.000773641663
62,105.299844874107,13.767289583846,1353,105.299081368031,13.767164764394,0.000773641663
63,105.595914510148,13.815691759565,1354,105.595151004113,13.815566939867,0.000773641663
64,105.891984146435,13.864093933783,1355,105.891220640397,13.863969114104,0.000773641662
65,106.188053782722,13.912496107996,1356,106.187290276729,13.912371288044,0.000773641663
66,106.484123418827,13.960898283325,1357,106.483359912953,13.960773462643,0.000773641663
67,106.780193054625,14.009300460535,1358,106.779429548912,14.009175638867,0.000773641663
68,107.076262690053,14.057702640004,1359,107.075499184393,14.057577818014,0.000773641663
69,107.372332325154,14.106104821475,1360,107.371568819368,14.105980000259,0.000773641662
70,107.668401960028,14.154507004336,1361,107.667638453960,14.154382184841,0.000773641663
71,107.964471594821,14.202909187691,1362,107.963708088585,14.202784369222,0.000773641663
72,108.260541229709,14.251311370464,1363,108.259777723469,14.251186552022,0.000773641663
73,108.556610864849,14.299713551701,1364,108.555847358667,14.299588732898,0.000773641663
74,108.852680500300,14.348115731026,1365,108.851916994138,14.347990912106,0.000773641663
75,109.148750136025,14.396517908683,1366,109.147986629904,14.396393089513,0.000773641662
76,109.444819771916,14.444920085323,1367,109.444056265924,14.444795265361,0.000773641663
77,109.740889407871,14.493322261571,1368,109.740125902009,14.493197440815,0.000773641662
78,110.036959043814,14.541724437890,1369,110.036195537958,14.541599617099,0.000773641662
79,110.333028679702,14.590126614547,1370,110.332265173757,14.590001794298,0.000773641663
80,110.629098315513,14.638528791676,1371,110.628334809490,14.638403971903,0.000773641663
81,110.925167951256,14.686930969221,1372,110.924404445186,14.686806149737,0.000773641662
82,111.221237586978,14.735333146891,1373,111.220474080894,14.735208327492,0.000773641663
83,111.517307222707,14.783735324521,1374,111.516543716635,14.783610505048,0.000773641663
84,111.813376858423,14.832137502229,1375,111.812613352383,14.832012682564,0.000773641663
85,112.109446494087,14.880539680256,1376,112.108682988103,14.880414860246,0.000773641663
86,112.405516129676,14.928941858742,1377,112.404752623791,14.928817038130,0.000773641663
87,112.701585765198,14.977344037637,1378,112.700822259307,14.977219217058,0.000773641663
88,112.997655400683,15.025746216761,1379,112.996891894679,15.025621396873,0.000773641663
89,113.293725036177,15.074148395829,1380,113.292961530035,15.074023576787,0.000773641663
90,113.589794671727,15.122550574556,1381,113.589031165509,15.122425755972,0.000773641663
91,113.885864307568,15.170952751499,1382,113.885100801162,15.170827934071,0.000773641663
92,114.181933943858,15.219354925697,1383,114.181170436883,15.219230111749,0.000773641663
93,114.478003578165,15.267757112026,1384,114.477240072593,15.267632289495,0.000773641663
94,114.774073205492,15.316159341045,1385,114.773309708136,15.316034468259,0.000773641665
95,115.070142820080,15.364561647995,1386,115.069379343302,15.364436649337,0.000773641684
96,115.366212453678,15.412963838658,1387,115.365448975338,15.412838849552,0.000773641682
97,115.662282159826,15.461365585542,1388,115.661518601289,15.461241086995,0.000773641731
98,115.958352087061,15.509765980035,1389,115.957588245022,15.509643215665,0.000773644460
99,116.254422203737,15.558165215682,1390,116.253657961828,15.558044897357,0.000773655088
100,116.550492157091,15.606565450404,1391,116.549727851126,15.606445523903,0.000773657530
101,116.846560905453,15.654973055623,1392,116.845797658725,15.654846650209,0.000773643262
102,117.142627587888,15.703393294686,1393,117.141866954946,15.703250904474,0.000773845879
103,117.438691318168,15.751831581320,1394,117.437933911615,15.751669465558,0.000774561945
104,117.734753030699,15.800282199206,1395,117.733997841236,15.800106533065,0.000775351351
105,118.030815934289,15.848725538439,1396,118.030059520677,15.848557352795,0.000774885775
106,118.326882674618,15.897145423415,1397,118.326125962577,15.896979054348,0.000774784989
107,118.622959506097,15.945503564496,1398,118.622203147750,15.945335017248,0.000774910398
108,118.919059373203,15.993720455115,1399,118.918305655813,15.993535573382,0.000776061311
109,119.215199167005,16.041691510928,1400,119.214441395579,16.041531550306,0.000774470745
110,119.511396197519,16.089307879572,1401,119.510615795316,16.089288303364,0.000780647696
111,119.807666447796,16.136466527576,1402,119.806865408760,16.136575463986,0.000808412443
112,120.104019349096,16.183102963569,1403,120.103212126339,16.183250182782,0.000820537675
113,120.400454428222,16.229214169556,1404,120.399647974366,16.229355678281,0.000818775024
114,120.696959817059,16.274871087430,1405,120.696156214690,16.274993599530,0.000812887435
115,120.993511447878,16.320226685270,1406,120.992714478808,16.320305618209,0.000800868346
116,121.290067984919,16.365550190229,1407,121.289273979765,16.365609654061,0.000796228693
117,121.586578302757,16.411175075806,1408,121.585786314991,16.411220995386,0.000793317861
118,121.882981778831,16.457488962386,1409,121.882191801998,16.457519955624,0.000790584579
119,122.179206661215,16.504931688941,1410,122.178422872969,16.504919968786,0.000783875868
120,122.475166260444,16.554002086929,1411,122.474381353067,16.553987453943,0.000785043766
121,122.770761126303,16.605223731553,1412,122.769978058318,16.605186195268,0.000783967118
122,123.065872144196,16.659163142391,1413,123.065089388892,16.659102353991,0.000785112155
123,123.360357788288,16.716418426382,1414,123.359576655477,16.716322614123,0.000786986949
124,123.654049456567,16.777616084867,1415,123.653261043147,16.777516451516,0.000794683916
125,123.946751005014,16.843386424512,1416,123.945961717811,16.843248058007,0.000801323641
126,124.238227541442,16.914388852521,1417,124.237432386588,16.914216792007,0.000813557658
127,124.528203296756,16.991291104579,1418,124.527398807720,16.991091340717,0.000828919905
128,124.816355889952,17.074765373560,1419,124.815538959877,17.074532991473,0.000849338674
129,125.102313861707,17.165473032585,1420,125.101496892340,17.165160404519,0.000874742965
130,125.385646010802,17.264076782313,1421,125.384822683233,17.263687451656,0.000910739615
131,125.665866745389,17.371203362406,1422,125.665030601824,17.370749002533,0.000951619123
132,125.942435005069,17.487434646534,1423,125.941587847414,17.486898756223,0.001002424321
133,126.214754477107,17.613298694855,1424,126.213899729607,17.612667097136,0.001062783594
134,126.482178501495,17.749254478198,1425,126.481297606167,17.748554320715,0.001125254229
135,126.744021391388,17.895671020184,1426,126.743114584575,17.894897591697,0.001191843203
136,126.999559316341,18.052832656826,1427,126.998643500115,18.051949903272,0.001271995753
137,127.248047858381,18.220918217795,1428,127.247114789912,18.219935586672,0.001355057449
138,127.488730381909,18.400002351030,1429,127.487764250504,18.398938531803,0.001437052970
139,127.720834806914,18.590072398724,1430,127.719824781964,18.588937361781,0.001519361465
140,127.943570736730,18.791039228656,1431,127.942536938123,18.789807224439,0.001608282920
141,128.156143971305,19.002726365164,1432,128.155162069530,19.001321603160,0.001713909970
142,128.357767337201,19.224867514371,1433,128.356879857902,19.223255637544,0.001840045220
143,128.547679959178,19.457099516253,1434,128.546877838979,19.455298495257,0.001971566241
144,128.725167554804,19.698959995193,1435,128.724435900736,19.696991180389,0.002100368875
145,128.889600892259,19.949878022673,1436,128.888926181269,19.947760286316,0.002222620570
146,129.040460832105,20.209183502161,1437,129.039833143196,20.206932161079,0.002337205604
147,129.177392445022,20.476106147716,1438,129.176832343110,20.473721288577,0.002449748409
148,129.300188011835,20.749819824326,1439,129.299680795702,20.747318369529,0.002552360536
149,129.408818453112,21.029457745611,1440,129.408362544457,21.026852142143,0.002645188487
150,129.503405391617,21.314152867460,1441,129.502956350237,21.311467363936,0.002722786686
151,129.584219121310,21.603059827112,1442,129.583795825409,21.600298581136,0.002793502955
152,129.651602702673,21.895391243799,1443,129.651185381854,21.892565571447,0.002856322969
153,129.705989143924,22.190417423313,1444,129.705734878438,22.187507546825,0.002920964244
154,129.747885734452,22.487474915466,1445,129.747844905832,22.484484100700,0.002991093436
155,129.777909359498,22.785966480330,1446,129.778105895042,22.782907388376,0.003065398800
156,129.796745078551,23.085372595306,1447,129.796966807680,23.082270436085,0.003110073253
157,129.805190778347,23.385251999005,1448,129.805361465297,23.382118000966,0.003138642660
158,129.804113292287,23.685248689415,1449,129.804226533875,23.682086448364,0.003164268023
159,129.794469090553,23.985092546490,1450,129.794607046879,23.981909272473,0.003186261982
160,129.777221472264,24.284595511314,1451,129.777349183604,24.281393342707,0.003204714336
161,129.753346504943,24.583643362055,1452,129.753519174267,24.580431783519,0.003216216937
162,129.723736974635,24.882178129181,1453,129.723949199350,24.878960018801,0.003225100579
163,129.689229062026,25.180186541045,1454,129.689484327226,25.176966039302,0.003230602389
164,129.650591796080,25.477687856275,1455,129.650851436576,25.474462396721,0.003235892848
165,129.608550667346,25.774727346014,1456,129.608870339450,25.771507041056,0.003236132611
166,129.563745267085,26.071362515207,1457,129.564094783191,26.068144160512,0.003237277939
167,129.516766443926,26.367661283850,1458,129.517125429021,26.364443015526,0.003238228112
168,129.468147680567,26.663695404990,1459,129.468512421691,26.660477271241,0.003238737550
169,129.418368000971,26.959536540128,1460,129.418761518968,26.956322898168,0.003237645914
170,129.367838352376,27.255250511778,1461,129.368233993693,27.252037057695,0.003237718209
171,129.316934265028,27.550900260308,1462,129.317314774203,27.547684176012,0.003238515931
172,129.266117370896,27.846565008412,1463,129.266359919030,27.843325177389,0.003248897452
173,129.215349875552,28.142238242397,1464,129.215597608944,28.138999277656,0.003248424915
174,129.164860147721,28.437959017163,1465,129.165223171007,28.434739653290,0.003239766913
175,129.114923468248,28.733773615473,1466,129.115423821844,28.730577335769,0.003235205970
176,129.065731700941,29.029712897829,1467,129.066322580067,29.026531637028,0.003235669703
177,129.017389125856,29.325792025220,1,129.002341709122,29.418517932055,0.093938908598
178,128.969885234443,29.622006896732,2,128.954938160694,29.714749097658,0.093938974053
179,128.923102989016,29.918336674086,3,128.908249553654,30.011093785222,0.093938842916
180,128.876834167928,30.214747133259,4,128.862127158987,30.307527124470,0.093938399396
181,128.830840190915,30.511200409413,5,128.816423699164,30.604025343213,0.093937764341
182,128.785138429306,30.807698845875,6,128.770977788334,30.900563147191,0.093937757114
183,128.739545606316,31.104214097576,7,128.725557967334,31.197104948269,0.093938086987
184,128.693876156292,31.400717552128,8,128.679837842184,31.493600597609,0.093937928446
185,128.648057985902,31.697198056110,9,128.633827566596,31.790051359945,0.093937430595
186,128.602071105211,31.993652437797,10,128.587598879319,32.086468141643,0.093937214153
187,128.555939892729,32.290084398567,11,128.541367637682,32.382884524952,0.093937287986
188,128.509723056845,32.586503026814,12,128.495183847438,32.679308305237,0.093937257323
189,128.463489851273,32.882919103800,13,128.449000732836,32.975732190789,0.093937232605
190,128.417276972618,33.179338350282,14,128.402816780619,33.272155945839,0.093937230094
191,128.371088545449,33.475761407881,15,128.356631997872,33.568579571487,0.093937230441
192,128.324908348465,33.772185747985,16,128.310447325651,33.865003214356,0.093937230342
193,128.278725983286,34.068609750292,17,128.264264266403,34.161427108532,0.093937230351
194,128.232542551775,34.365033586469,18,128.218081434146,34.457851038074,0.093937230349
195,128.186359365842,34.661457460907,19,128.171898711184,34.754274984643,0.093937230349
196,128.140176373773,34.957881365550,20,128.125715734715,35.050698891716,0.093937230349
197,128.093993373516,35.254305268916,21,128.079532469356,35.347122753780,0.093937230348
198,128.047810170439,35.550729140684,22,128.033349059936,35.643546593399,0.093937230348
199,128.001626799131,35.847152986240,23,127.987165583550,35.939970422584,0.093937230348
200,127.955443335980,36.143576817488,24,127.940982114825,36.236394252963,0.093937230348
201,127.909259845597,36.440000644492,25,127.894798654806,36.532818084699,0.093937230349
202,127.863076366691,36.736424473285,26,127.848615203033,36.829241917718,0.093937230348
203,127.816892903567,37.032848304537,27,127.802431752296,37.125665750900,0.093937230348
204,127.770709450121,37.329272137296,28,127.756248301309,37.422089584043,0.093937230349
205,127.724525998934,37.625695970408,29,127.710064849025,37.718513416983,0.093937230348
206,127.678342546947,37.922119803394,30,127.663881395518,38.014937249733,0.093937230348
207,127.632159093820,38.218543636203,31,127.617697941120,38.311361082344,0.093937230348
208,127.585975640081,38.514967468917,32,127.571514486925,38.607784914987,0.093937230348
209,127.539792186198,38.811391301609,33,127.525331033143,38.904208747694,0.093937230348
210,127.493608732425,39.107815134317,34,127.479147579911,39.200632580487,0.093937230348
211,127.447425278850,39.404238967057,35,127.432964126714,39.497056413285,0.093937230348
212,127.401241825445,39.700662799822,36,127.386780673471,39.793480246076,0.093937230348
213,127.355058372117,39.997086632600,37,127.340597219989,40.089904078830,0.093937230348
214,127.308874918825,40.293510465384,38,127.294413766477,40.386327911579,0.093937230348
215,127.262691465602,40.589934298178,39,127.248230313128,40.682751744354,0.093937230349
216,127.216508012570,40.886358131002,40,127.202046860181,40.979175577191,0.093937230348
217,127.170324559842,41.182781963873,41,127.155863407564,41.275599410080,0.093937230349
218,127.124141107479,41.479205796801,42,127.109679955190,41.572023243006,0.093937230348
219,127.077957655352,41.775629629766,43,127.063496503077,41.868447075973,0.093937230348
220,127.031774203191,42.072053462726,44,127.017313051168,42.164870908972,0.093937230348
221,126.985590750683,42.368477295631,45,126.971129598983,42.461294741928,0.093937230348
222,126.939407297595,42.664901128447,46,126.924946146106,42.757718574776,0.093937230348
223,126.893223843807,42.961324961153,47,126.878762691756,43.054142407395,0.093937230349
224,126.847040389248,43.257748793739,48,126.832579236514,43.350566239874,0.093937230348
225,126.800856933950,43.554172626210,49,126.786395780702,43.646990072265,0.093937230348
226,126.754673478088,43.850596458593,50,126.740212324838,43.943413904648,0.093937230348
227,126.708490021944,44.147020290932,51,126.694028868833,44.239837737009,0.093937230349
228,126.662306565812,44.443444123273,52,126.647845412509,44.536261569320,0.093937230349
229,126.616123109824,44.739867955636,53,126.601661956406,44.832685401665,0.093937230348
230,126.569939654008,45.036291788026,54,126.555478500674,45.129109234068,0.093937230348
231,126.523756198334,45.332715620439,55,126.509295045383,45.425533066540,0.093937230348
232,126.477572742840,45.629139452879,56,126.463111590241,45.721956899036,0.093937230349
233,126.431389287616,45.925563285362,57,126.416928134996,46.018380731515,0.093937230349
234,126.385205832737,46.221987117898,58,126.370744679897,46.314804564017,0.093937230349
235,126.339022378263,46.518410950497,59,126.324561225136,46.611228396571,0.093937230348
236,126.292838924226,46.814834783164,60,126.278377771287,46.907652229268,0.093937230348
237,126.246655470618,47.111258615899,61,126.232194318122,47.204076062071,0.093937230348
238,126.200472017381,47.407682448691,62,126.186010865425,47.500499894947,0.093937230348
239,126.154288564399,47.704106281522,63,126.139827412673,47.796923727815,0.093937230348
240,126.108105111572,48.000530114378,64,126.093643959788,48.093347560662,0.093937230349
241,126.061921658853,48.296953947251,65,126.047460506799,48.389771393492,0.093937230348
242,126.015738206312,48.593377780151,66,126.001277054044,48.686195226359,0.093937230348
243,125.969554754073,48.889801613099,67,125.955093601748,48.982619059298,0.093937230348
244,125.923371302270,49.186225446114,68,125.908910150135,49.279042892343,0.093937230348
245,125.877187850956,49.482649279206,69,125.862726699090,49.575466725477,0.093937230349
246,125.831004400069,49.779073112364,70,125.816543248413,49.871890558667,0.093937230348
247,125.784820949387,50.075496945554,71,125.770359797819,50.168314391871,0.093937230348
248,125.738637498581,50.371920778725,72,125.724176347128,50.464738225060,0.093937230348
249,125.692454047234,50.668344611811,73,125.677992895951,50.761162058173,0.093937230348
250,125.646270595069,50.964768444770,74,125.631809443934,51.057585891155,0.093937230348
251,125.600087142024,51.261192277592,75,125.585625990655,51.354009723940,0.093937230348
252,125.553903688374,51.557616110320,76,125.539442536351,51.650433556566,0.093937230348
253,125.507720234562,51.854039943022,77,125.493259081354,51.946857389084,0.093937230348
254,125.461536781169,52.150463775790,78,125.447075627314,52.243281221751,0.093937230348
255,125.415353328439,52.446887608661,79,125.400892174469,52.539705054604,0.093937230348
256,125.369169876156,52.743311441602,80,125.354708723383,52.836128887731,0.093937230348
257,125.322986423728,53.039735274520,81,125.308525272347,53.132552720866,0.093937230348
258,125.276802970469,53.336159107308,82,125.262341820614,53.428976553892,0.093937230348
259,125.230619515808,53.632582939879,83,125.216158365099,53.725400386329,0.093937230348
260,125.184436059559,53.929006772201,84,125.169974906962,54.021824218358,0.093937230348
261,125.138252601932,54.225430604309,85,125.123791447420,54.318248050168,0.093937230348
262,125.092069143580,54.521854436304,86,125.077607988332,54.614671882048,0.093937230348
263,125.045885685297,54.818278268310,87,125.031424530401,54.911095714109,0.093937230348
264,124.999702227865,55.114702100449,88,124.985241073749,55.207519546369,0.093937230348
265,124.953518771564,55.411125932763,89,124.939057618156,55.503943378794,0.093937230349
266,124.907335316245,55.707549765231,90,124.892874163421,55.800367211352,0.093937230348
267,124.861151861478,56.003973597785,91,124.846690708991,56.096791043959,0.093937230349
268,124.814968406843,56.300397430359,92,124.800507254677,56.393214876583,0.093937230349
269,124.768784952065,56.596821262911,93,124.754323799987,56.689638709148,0.093937230348
270,124.722601497113,56.893245095435,94,124.708140344897,56.986062541652,0.093937230349
271,124.676418042163,57.189668927961,95,124.661956889365,57.282486374086,0.093937230348
272,124.630234587520,57.486092760534,96,124.615773434318,57.578910206596,0.093937230348
273,124.584051133474,57.782516593200,97,124.569589980118,57.875334039238,0.093937230348
274,124.537867680242,58.078940425992,98,124.523406527482,58.171757872124,0.093937230349
275,124.491684227907,58.375364258925,99,124.477223075903,58.468181705174,0.093937230348
276,124.445500776404,58.671788091987,100,124.431039624983,58.764605538327,0.093937230348
277,124.399317325481,58.968211925140,101,124.384856174239,59.061029371508,0.093937230349
278,124.353133874841,59.264635758336,102,124.338672723569,59.357453204699,0.093937230348
279,124.306950424219,59.561059591536,103,124.292489272978,59.653877037904,0.093937230349
280,124.260766973563,59.857483424730,104,124.246305822298,59.950300871094,0.093937230348
281,124.214583522968,60.153907257933,105,124.200122371465,60.246724704261,0.093937230349
282,124.168400072615,60.450331091175,106,124.153938920679,60.543148537434,0.093937230348
283,124.122216622516,60.746754924456,107,124.107755470155,60.839572370649,0.093937230348
284,124.076033172441,61.043178757740,108,124.061572020176,61.135996203949,0.093937230348
285,124.029849721704,61.339602590922,109,124.015388570096,61.432420037233,0.093937230349
286,123.983666269579,61.636026423887,110,123.969205119124,61.728843870378,0.093937230349
287,123.937482815586,61.932450256561,111,123.923021665313,62.025267703080,0.093937230348
288,123.891299359652,62.228874088933,112,123.876838208357,62.321691535293,0.093937230348
289,123.845115902074,62.525297921049,113,123.830654747799,62.618115366944,0.093937230348
290,123.798932443428,62.821721752998,114,123.784471287698,62.914539198667,0.093937230349
291,123.752748984470,63.118145584899,115,123.738287828763,63.210963030571,0.093937230348
292,123.706565526007,63.414569416877,116,123.692104371588,63.507386862750,0.093937230349
293,123.660382068592,63.710993249018,117,123.645920915213,63.803810695053,0.093937230349
294,123.614198612372,64.007417081345,118,123.599737459265,64.100234527422,0.093937230348
295,123.568015156913,64.303840913791,119,123.553554003871,64.396658359878,0.093937230348
296,123.521831701719,64.600264746278,120,123.507370548905,64.693082192401,0.093937230348
297,123.475648246408,64.896688578747,121,123.461187094068,64.989506024944,0.093937230349
298,123.429464790908,65.193112411186,122,123.415003638854,65.285929857428,0.093937230349
299,123.383281335355,65.489536243617,123,123.368820182965,65.582353689806,0.093937230348
300,123.337097880041,65.785960076086,124,123.322636726883,65.878777522155,0.093937230348
301,123.290914425273,66.082383908639,125,123.276453271389,66.175201354595,0.093937230348
302,123.244730971278,66.378807741313,126,123.230269817694,66.471625187316,0.093937230348
303,123.198547518127,66.675231574118,127,123.184086365439,66.768049020261,0.093937230348
304,123.152364065734,66.971655407042,128,123.137902914345,67.064472853387,0.093937230348
305,123.106180613849,67.268079240045,129,123.091719462900,67.360896686458,0.093937230348
306,123.059997162149,67.564503073076,130,123.045536011029,67.657320519463,0.093937230348
307,123.013813710369,67.860926906095,131,122.999352558659,67.953744352390,0.093937230348
308,122.967630258474,68.157350739096,132,122.953169106420,68.250168185338,0.093937230349
309,122.921446806616,68.453774572103,133,122.906985654453,68.546592018327,0.093937230348
310,122.875263355086,68.750198405161,134,122.860802202991,68.843015851396,0.093937230348
311,122.829079904051,69.046622238296,135,122.814618752059,69.139439684547,0.093937230348
312,122.782896453492,69.343046071505,136,122.768435301646,69.435863517779,0.093937230348
313,122.736713003133,69.639469904746,137,122.722251851518,69.732287351056,0.093937230349
314,122.690529552568,69.935893737954,138,122.676068401361,70.028711184327,0.093937230348
315,122.644346101350,70.232317571061,139,122.629884950415,70.325135017476,0.093937230348
316,122.598162649180,70.528741404019,140,122.583701498212,70.621558850430,0.093937230349
317,122.551979195981,70.825165236817,141,122.537518044283,70.917982683114,0.093937230349
318,122.505795741906,71.121589069478,142,122.491334589284,71.214406515631,0.093937230348
319,122.459612287264,71.418012902051,143,122.445151133781,71.510830348070,0.093937230348
320,122.413428832435,71.714436734595,144,122.398967678887,71.807254180604,0.093937230348
321,122.367245377767,72.010860567165,145,122.352784224572,72.103678013228,0.093937230348
322,122.321061923472,72.307284399792,146,122.306600770809,72.400101845938,0.093937230348
323,122.274878469523,72.603708232473,147,122.260417317106,72.696525678658,0.093937230349
324,122.228695015714,72.900132065176,148,122.214233863355,72.992949511370,0.093937230349
325,122.182511561750,73.196555897854,149,122.168050409462,73.289373344059,0.093937230348
326,122.136328107431,73.492979730478,150,122.121866955146,73.585797176683,0.093937230348
327,122.090144652699,73.789403563037,151,122.075683500287,73.882221009223,0.093937230349
328,122.043961197673,74.085827395550,152,122.029500044924,74.178644841683,0.093937230348
329,121.997777742513,74.382251228043,153,121.983316589318,74.475068674106,0.093937230348
330,121.951594287363,74.678675060536,154,121.937133133907,74.771492506560,0.093937230349
331,121.905410832267,74.975098893039,155,121.890949678964,75.067916339086,0.093937230349
332,121.859227377190,75.271522725544,156,121.844766224507,75.364340171688,0.093937230349
333,121.813043922059,75.567946558041,157,121.798582769822,75.660764004254,0.093937230348
334,121.766860466856,75.864370390527,158,121.752399314732,75.957187836757,0.093937230348
335,121.720677011653,76.160794223013,159,121.706215858972,76.253611669156,0.093937230348
336,121.674493556635,76.457218055527,160,121.660032403412,76.550035501586,0.093937230348
337,121.628310102039,76.753641888107,161,121.613848948515,76.846459334120,0.093937230349
338,121.582126648095,77.050065720789,162,121.567665494919,77.142883166856,0.093937230348
339,121.535943194893,77.346489553587,163,121.521482042344,77.439306999751,0.093937230348
340,121.489759742346,77.642913386486,164,121.475298590473,77.735730832756,0.093937230348
341,121.443576290136,77.939337219438,165,121.429115138548,78.032154665752,0.093937230348
342,121.397392837869,78.235761052381,166,121.382931686306,78.328578498699,0.093937230348
343,121.351209385180,78.532184885259,167,121.336748233500,78.625002331558,0.093937230348
344,121.305025931935,78.828608718049,168,121.290564780069,78.921426164320,0.093937230348
345,121.258842478215,79.125032550766,169,121.244381325922,79.217849996970,0.093937230348
346,121.212659024267,79.421456383448,170,121.198197871504,79.514273829578,0.093937230348
347,121.166475570324,79.717880216130,171,121.152014417136,79.810697662194,0.093937230348
348,121.120292116525,80.014304048834,172,121.105830963518,80.107121494927,0.093937230348
349,121.074108662886,80.310727881563,173,121.059647510347,80.403545327729,0.093937230348
350,121.027925209342,80.607151714307,174,121.013464057408,80.699969160568,0.093937230349
351,120.981741755766,80.903575547047,175,120.967280603979,80.996392993330,0.093937230349
352,120.935558302065,81.199999379766,176,120.921097150033,81.292816826011,0.093937230348
353,120.889374848226,81.496423212465,177,120.874913695717,81.589240658635,0.093937230348
354,120.843191394380,81.792847045162,178,120.828730241516,81.885664491277,0.093937230348
355,120.797007940701,82.089270877885,179,120.782546787706,82.182088323980,0.093937230349
356,120.750824487306,82.385694710652,180,120.736363334530,82.478512156781,0.093937230348
357,120.704641034168,82.682118543460,181,120.690179881809,82.774935989654,0.093937230349
358,120.658457581132,82.978542376283,182,120.643996429168,83.071359822539,0.093937230349
359,120.612274127938,83.274966209082,183,120.597812976083,83.367783655354,0.093937230348
360,120.566090674323,83.571390041815,184,120.551629522240,83.664207488052,0.093937230349
361,120.519907220086,83.867813874451,185,120.505446067762,83.960631320650,0.093937230348
362,120.473723765210,84.164237706988,186,120.459262612684,84.257055153156,0.093937230349
363,120.427540309874,84.460661539453,187,120.413079157046,84.553478985574,0.093937230349
364,120.381356854379,84.757085371893,188,120.366895701244,84.849902817966,0.093937230348
365,120.335173399025,85.053509204355,189,120.320712245574,85.146326650379,0.093937230348
366,120.288989943985,85.349933036866,190,120.274528790769,85.442750482927,0.093937230349
367,120.242806489343,85.646356869439,191,120.228345336689,85.739174315587,0.093937230348
368,120.196623035148,85.942780702082,192,120.182161883233,86.035598148345,0.093937230348
369,120.150439581605,86.239204534826,193,120.135978430053,86.332021981146,0.093937230348
370,120.104256129097,86.535628367732,194,120.089794977086,86.628445813980,0.093937230348
371,120.058072678351,86.832052200912,195,120.043611525169,86.924869646978,0.093937230349
372,120.011889229476,87.128476034384,196,119.997428075060,87.221293480257,0.093937230348
373,119.965705781659,87.424899868020,197,119.951244627843,87.517717313987,0.093937230348
374,119.919522333200,87.721323701557,198,119.905061182031,87.814141147936,0.093937230348
375,119.873338882185,88.017747534695,199,119.858877735423,88.110564981761,0.093937230349
376,119.827155427016,88.314171367186,200,119.812694279587,88.406988814148,0.093937230348
377,119.780971966810,88.610595198892,201,119.766510815565,88.703412645259,0.093937230348
378,119.734788501550,88.907019029811,202,119.720327344493,88.999836475273,0.093937230349
379,119.688605032095,89.203442860076,203,119.674143871893,89.296260305048,0.093937230348
380,119.642421560127,89.499866689950,204,119.627960399687,89.592684134885,0.093937230349
381,119.596238087890,89.796290519781,205,119.581776929019,89.889107964961,0.093937230348
382,119.550054617002,90.092714349823,206,119.535593459506,90.185531795217,0.093937230348
383,119.503871148304,90.389138180207,207,119.489409990892,90.481955625613,0.093937230348
384,119.457687681808,90.685562010933,208,119.443226524734,90.778379456392,0.093937230348
385,119.411504217392,90.981985841983,209,119.397043061224,91.074803287584,0.093937230349
386,119.365320755066,91.278409673359,210,119.350859600449,91.371227119201,0.093937230348
387,119.319137295007,91.574833505088,211,119.304676141331,91.667650951077,0.093937230348
388,119.272953837276,91.871257337180,212,119.258492683305,91.964074783123,0.093937230349
389,119.226770381496,92.167681169576,213,119.212309227668,92.260498615541,0.093937230348
390,119.180586927229,92.464105002207,214,119.166125774335,92.556922448318,0.093937230348
391,119.134403474167,92.760528835027,215,119.119942322909,92.853346281392,0.093937230348
392,119.088220022247,93.056952668024,216,119.073758871596,93.149770114484,0.093937230348
393,119.042036571344,93.353376501179,217,119.027575419753,93.446193947493,0.093937230348
394,118.995853121004,93.649800334423,218,118.981391968881,93.742617780653,0.093937230348
395,118.949669670777,93.946224167684,219,118.935208519107,94.039041613985,0.093937230348
396,118.903486220433,94.242648000927,220,118.889025070397,94.335465447482,0.093937230348
397,118.857302770265,94.539071834197,221,118.842841620869,94.631889280852,0.093937230348
398,118.811119320884,94.835495667589,222,118.796658170350,94.928313114068,0.093937230349
399,118.764935872966,95.131919501210,223,118.750474720496,95.224736947387,0.093937230348
400,118.718752426920,95.428343335123,224,118.704291272919,95.521160781061,0.093937230349
401,118.672568982567,95.724767169299,225,118.658107829434,95.817584615372,0.093937230348
402,118.626385538548,96.021191003527,226,118.611924388246,96.114008450041,0.093937230348
403,118.580202092944,96.317614837508,227,118.565740946503,96.410432284624,0.093937230348
404,118.534018643883,96.614038670951,228,118.519557498970,96.706856118305,0.093937230348
405,118.487835190374,96.910462503701,229,118.473374043334,97.003279950723,0.093937230348
406,118.441651732425,97.206886335758,230,118.427190578409,97.299703781694,0.093937230348
407,118.395468271066,97.503310167285,231,118.381007112580,97.596127612524,0.093937230348
408,118.349284807947,97.799733998537,232,118.334823648139,97.892551443571,0.093937230349
409,118.303101344900,98.096157829801,233,118.288640187955,98.188975275280,0.093937230348
410,118.256917883441,98.392581661312,234,118.242456729336,98.485399107234,0.093937230348
411,118.210734424297,98.689005493184,235,118.196273271555,98.781822939318,0.093937230348
412,118.164550967069,98.985429325354,236,118.150089813848,99.078246771413,0.093937230348
413,118.118367511162,99.281853157730,237,118.103906357174,99.374670603670,0.093937230348
414,118.072184056116,99.578276990240,238,118.057722902772,99.671094436281,0.093937230349
415,118.026000601982,99.874700822892,239,118.011539449444,99.967518269058,0.093937230348
416,117.979817148804,100.171124655693,240,117.965355996710,100.263942101929,0.093937230349
417,117.933633696301,100.467548488600,241,117.919172543896,100.560365934787,0.093937230349
418,117.887450243786,100.763972321504,242,117.872989091219,100.856789767666,0.093937230348
419,117.841266790467,101.060396154284,243,117.826805638825,101.153213600589,0.093937230348
420,117.795083335985,101.356819986882,244,117.780622184696,101.449637433242,0.093937230348
421,117.748899880230,101.653243819281,245,117.734438728151,101.746061265519,0.093937230348
422,117.702716423182,101.949667651480,246,117.688255269332,102.042485097441,0.093937230348
423,117.656532964713,102.246091483456,247,117.642071809683,102.338908929234,0.093937230348
424,117.610349504791,102.542515315207,248,117.595888350450,102.635332761092,0.093937230348
425,117.564166043862,102.838939146801,249,117.549704890399,102.931756592822,0.093937230348
426,117.517982582659,103.135362978351,250,117.503521429315,103.228180424392,0.093937230348
427,117.471799122039,103.431786809993,251,117.457337967076,103.524604255781,0.093937230348
428,117.425615662591,103.728210641817,252,117.411154506160,103.821028087377,0.093937230348
429,117.379432204614,104.024634473871,253,117.364971048508,104.117451919481,0.093937230348
430,117.333248748234,104.321058306173,254,117.318787594013,104.413875752077,0.093937230348
431,117.287065293315,104.617482138703,255,117.272604141672,104.710299585009,0.093937230349
432,117.240881839461,104.913905971399,256,117.226420688533,105.006723417816,0.093937230348
433,117.194698385880,105.210329804138,257,117.180237234367,105.303147250463,0.093937230348
434,117.148514931754,105.506753636791,258,117.134053779144,105.599571082946,0.093937230348
435,117.102331476601,105.803177469285,259,117.087870323680,105.895994915391,0.093937230348
436,117.056148020431,106.099601301620,260,117.041686867794,106.192418747770,0.093937230348
437,117.009964563674,106.396025133863,261,116.995503410752,106.488842579969,0.093937230348
438,116.963781106763,106.692448966083,262,116.949319953268,106.785266412100,0.093937230349
439,116.917597650039,106.988872798331,263,116.903136495890,107.081690244246,0.093937230348
440,116.871414193748,107.285296630648,264,116.856953039692,107.378114076577,0.093937230348
441,116.825230738082,107.581720463061,265,116.810769584626,107.674537909084,0.093937230348
442,116.779047283144,107.878144295588,266,116.764586130354,107.970961741715,0.093937230348
443,116.732863828798,108.174568128208,267,116.718402676455,108.267385574404,0.093937230348
444,116.686680374766,108.470991960876,268,116.672219222593,108.563809407098,0.093937230348
445,116.640496920677,108.767415793535,269,116.626035768470,108.860233239753,0.093937230349
446,116.594313466327,109.063839626153,270,116.579852314096,109.156657072367,0.093937230348
447,116.548130011731,109.360263458734,271,116.533668859421,109.453080904935,0.093937230348
448,116.501946557135,109.656687291314,272,116.487485404564,109.749504737475,0.093937230348
449,116.455763102855,109.953111123944,273,116.441301949680,110.045928570010,0.093937230348
450,116.409579649140,110.249534956661,274,116.395118495786,110.342352402700,0.093937230348
451,116.363396196058,110.545958789477,275,116.348935042978,110.638776235559,0.093937230349
452,116.317212743496,110.842382622374,276,116.302751591330,110.935200068598,0.093937230348
453,116.271029291176,111.138806455309,277,116.256568139619,111.231623901628,0.093937230348
454,116.224845838698,111.435230288220,278,116.210384687283,111.528047734560,0.093937230348
455,116.178662385587,111.731654121031,279,116.164201233786,111.824471567312,0.093937230348
456,116.132478931495,112.028077953690,280,116.118017779174,112.120895399890,0.093937230348
457,116.086295476275,112.324501786173,281,116.071834323455,112.417319232295,0.093937230348
458,116.040112019995,112.620925618491,282,116.025650866802,112.713743064555,0.093937230348
459,115.993928562870,112.917349450677,283,115.979467409304,113.010166896683,0.093937230348
460,115.947745105208,113.213773282780,284,115.933283951403,113.306590728748,0.093937230348
461,115.901561647271,113.510197114839,285,115.887100493189,113.603014560765,0.093937230348
462,115.855378189214,113.806620946881,286,115.840917034848,113.899438392762,0.093937230349
463,115.809194731013,114.103044778899,287,115.794733576942,114.195862224826,0.093937230348
464,115.763011272622,114.399468610888,288,115.748550119156,114.492286056910,0.093937230349
465,115.716827814056,114.695892442850,289,115.702366660900,114.788709888920,0.093937230349
466,115.670644355463,114.992316274807,290,115.656183201981,115.085133720826,0.093937230348
467,115.624460897009,115.288740106787,291,115.609999742561,115.381557552655,0.093937230348
468,115.578277438809,115.585163938805,292,115.563816284058,115.677981384627,0.093937230349
469,115.532093980956,115.881587770878,293,115.517632826596,115.974405216760,0.093937230348
470,115.485910523494,116.178011603012,294,115.471449370075,116.270829049041,0.093937230349
471,115.439727066356,116.474435435196,295,115.425265913561,116.567252881322,0.093937230348
472,115.393543609421,116.770859267412,296,115.379082456779,116.863676713562,0.093937230348
473,115.347360152608,117.067283099647,297,115.332898999649,117.160100545747,0.093937230348
474,115.301176696032,117.363706931919,298,115.286715542526,117.456524377934,0.093937230348
475,115.254993239967,117.660130764270,299,115.240532085966,117.752948210208,0.093937230348
476,115.208809784657,117.956554596739,300,115.194348630640,118.049372042675,0.093937230349
477,115.162626330108,118.252978429327,301,115.148165176747,118.345795875365,0.093937230349
478,115.116442876051,118.549402261991,302,115.101981723606,118.642219708171,0.093937230348
479,115.070259422048,118.845826094664,303,115.055798270434,118.938643540974,0.093937230349
480,115.024075967626,119.142249927271,304,115.009614816008,119.235067373580,0.093937230348
481,114.977892512401,119.438673759753,305,114.963431360110,119.531491205958,0.093937230348
482,114.931709056201,119.735097592084,306,114.917247902957,119.827915038140,0.093937230349
483,114.885525599105,120.031521424275,307,114.871064445273,120.124338870239,0.093937230348
484,114.839342141361,120.327945256364,308,114.824880987386,120.420762702306,0.093937230348
485,114.793158683311,120.624369088406,309,114.778697529463,120.717186534368,0.093937230348
486,114.746975225287,120.920792920453,310,114.732514071606,121.013610366441,0.093937230349
487,114.700791767535,121.217216752541,311,114.686330613854,121.310034198529,0.093937230348
488,114.654608310217,121.513640584697,312,114.640147156384,121.606458030662,0.093937230349
489,114.608424853431,121.810064416936,313,114.593963699584,121.902881862898,0.093937230348
490,114.562241397209,122.106488249263,314,114.547780243689,122.199305695276,0.093937230348
491,114.516057941478,122.402912081667,315,114.501596788355,122.495729527742,0.093937230349
492,114.469874486070,122.699335914121,316,114.455413333355,122.792153360259,0.093937230348
493,114.423691030743,122.995759746587,317,114.409229878273,123.088577192764,0.093937230349
494,114.377507575312,123.292183579037,318,114.363046422902,123.385001025223,0.093937230348
495,114.331324119729,123.588607411464,319,114.316862967080,123.681424857612,0.093937230348
496,114.285140664110,123.885031243884,320,114.270679511054,123.977848689970,0.093937230348
497,114.238957208692,124.181455076337,321,114.224496055209,124.274272522356,0.093937230349
498,114.192773753804,124.477878908872,322,114.178312600295,124.570696354886,0.093937230348
499,114.146590299525,124.774302741501,323,114.132129146159,124.867120187538,0.093937230348
500,114.100406845433,125.070726574160,324,114.085945692727,125.163544020300,0.093937230348
501,114.054223388140,125.367150406320,325,114.039762239768,125.459967853135,0.093937230348
502,114.008039928047,125.663574238044,326,113.993578786416,125.756391685909,0.093937230348
503,113.961856471881,125.959998070380,327,113.947395330888,126.052815518344,0.093937230348
504,113.915673042966,126.256421906961,328,113.901211874163,126.349239350593,0.093937230348
505,113.869489653763,126.552845749730,329,113.855028420762,126.645663183359,0.093937230348
506,113.823306183594,126.849269579884,330,113.808845022882,126.942087024776,0.093937230348
507,113.777121425143,127.145693209316,331,113.762661661319,127.238510871851,0.093937230363
508,113.730935906408,127.442116720292,332,113.716478296279,127.534934718384,0.093937230428
509,113.684755460908,127.738541021659,333,113.670294643210,127.831358520042,0.093937230396
510,113.638581642647,128.034966355426,334,113.624110623432,128.127782264565,0.093937231099
511,113.592407226351,128.331391596046,335,113.577928005488,128.424206227463,0.093937232458
512,113.546221038844,128.627815002731,336,113.531766562232,128.720633488608,0.093937230184
513,113.500009973386,128.924234531848,337,113.485614279384,129.017062175860,0.093937252986
514,113.453774367491,129.220650234261,338,113.439401878715,129.313481497025,0.093937275775
515,113.407535683991,129.517065456779,339,113.393153811885,129.609895255615,0.093937265221
516,113.361337852478,129.813487047847,340,113.346936503749,129.906313811010,0.093937249291
517,113.315249380125,130.109925656673,341,113.300828048202,130.202749313322,0.093937245266
518,113.269367478889,130.406396293424,342,113.254997717305,130.499227938511,0.093937236374
519,113.223818039723,130.702918160564,343,113.209528286125,130.795762121693,0.093937203365
520,113.178709108940,130.999507330355,344,113.164516839054,131.092366160978,0.093937122317
521,113.134130960540,131.296176708854,345,113.120063354915,131.389054331076,0.093936948203
522,113.090136801953,131.592933235312,346,113.076241620559,131.685836469498,0.093936611543
523,113.046754440122,131.889779805902,347,113.033052529268,131.982711349013,0.093936223397
524,113.003938030751,132.186708569507,348,112.990305484908,132.279650198522,0.093936109725
525,112.961580330344,132.483703159258,349,112.948030858085,132.576656687858,0.093935864704
526,112.919484962158,132.780735097021,350,112.905924409831,132.873687068475,0.093935922716
527,112.877369249317,133.077764159179,351,112.863804913259,133.170715567126,0.093935911408
528,112.834813564153,133.374730382646,352,112.820926344858,133.467635421378,0.093937218830
529,112.791255879479,133.671550894771,353,112.777028098890,133.764406144403,0.093938954246
530,112.745969634070,133.968111678351,354,112.731167982875,134.060880011572,0.093941750711
531,112.698091152210,134.264263374040,355,112.682564918884,134.356916679880,0.093945191492
532,112.646622529978,134.559809613605,356,112.629880769139,134.652254419368,0.093948542663
533,112.590459346197,134.854495904904,357,112.572170840244,134.946650967349,0.093952248426
534,112.528392983926,135.147990136341,358,112.508157669503,135.239740484638,0.093955278524
535,112.459164438590,135.439870971682,359,112.436617312533,135.531082409585,0.093956901278
536,112.381478379401,135.729606617627,360,112.356206173060,135.820099091806,0.093955161095
537,112.294023696485,136.016534007172,361,112.265607887449,136.106082638330,0.093949005026
538,112.195498928455,136.299838003951,362,112.163601860205,136.388194884923,0.093938072037
539,112.084622754555,136.578524324897,363,112.048817992819,136.665349840985,0.093918321998
540,111.960160676316,136.851395561231,364,111.920153313429,136.936337434445,0.093892017287
541,111.821010475324,137.117056663552,365,111.776517342132,137.199695409076,0.093855213829
542,111.666293589808,137.373942049412,366,111.617232304959,137.453899326992,0.093809252790
543,111.495427936505,137.620359476227,367,111.441418648278,137.696962896174,0.093728795802
544,111.308201912058,137.854567987383,368,111.249072540647,137.927146049574,0.093615477752
545,111.104801116305,138.074858229669,369,111.040646952809,138.142846346396,0.093478022604
546,110.885814622688,138.279649938510,370,110.816916037824,138.342592613649,0.093320926645
547,110.652192575305,138.467567719489,371,110.578907222490,138.525058896828,0.093144932278
548,110.405193400372,138.637521497493,372,110.327969342043,138.689261926783,0.092954974089
549,110.146276741567,138.788708191787,373,110.065613412435,138.834503892032,0.092756772409
550,109.877034683821,138.920649526036,374,109.793450909506,138.960400874995,0.092554940834
551,109.599133634822,139.033244178573,375,109.513131206555,139.066908609735,0.092356437747
552,109.314235319009,139.126774894128,376,109.226301621245,139.154407662076,0.092173234005
553,109.023917597878,139.201876838313,377,108.934519753257,139.223670903468,0.092016063266
554,108.729613110746,139.259494770257,378,108.639178350368,139.275792287482,0.091891539068
555,108.432566162448,139.300828273093,379,108.341462995972,139.312084101483,0.091795863821
556,108.133805514750,139.327231469733,380,108.042323052111,139.333899551754,0.091725156246
557,107.834143157962,139.340123292444,381,107.742504792858,139.342686315361,0.091674200545
558,107.534192294571,139.340913391441,382,107.442557013414,139.339899117733,0.091640894277
559,107.234394355544,139.330979274046,383,107.142863265883,139.327041102140,0.091615771418
560,106.935047084897,139.311640976767,384,106.843667140897,139.305387268176,0.091593684480
561,106.636330340040,139.284155908561,385,106.545094803177,139.276310335261,0.091572245834
562,106.338330766649,139.249704812828,386,106.247183375369,139.241048825509,0.091557484968
563,106.041062348306,139.209394690474,387,105.949885889524,139.200914966978,0.091569931455
564,105.744484245765,139.164261328696,388,105.653135029336,139.156902777111,0.091645117838
565,105.448520025935,139.115247443064,389,105.356821634755,139.110026334641,0.091846910227
566,105.153074299968,139.063188694235,390,105.060838871763,139.061099733136,0.092259080716
567,104.858045935813,139.008807740222,391,104.765072266611,139.010880307362,0.092996767145
568,104.563335449095,138.952725465340,392,104.469434253307,138.959908619930,0.094175539713
569,104.268851326565,138.895464059299,393,104.173865331034,138.908537307974,0.095881432915
570,103.974513843884,138.837452341785,394,103.878282017248,138.857248925275,0.098246980490
571,103.680256902008,138.779032903284,395,103.582650572562,138.806239256375,0.101327100010
572,103.386028483083,138.720469805578,396,103.286922696311,138.755791406828,0.105212035845
573,103.091791188535,138.661951325730,397,102.991105678596,138.705869570444,0.109847094319
574,102.797522427504,138.603591334742,398,102.695166264905,138.656678185993,0.115303936610
575,102.503215860673,138.545422301424,399,102.399120495631,138.608131101057,0.121524641842
576,102.208876535970,138.487419226880,400,102.102971811587,138.560215323983,0.128511020539
577,101.914518067841,138.429513345523,401,101.806754760898,138.512723879416,0.136150370084
578,101.620155143027,138.371630113973,402,101.510489085491,138.465536532422,0.144378182567
579,101.325801217070,138.313701146473,403,101.214207653572,138.418448187629,0.153052494410
580,101.031462386257,138.255695532964,404,100.917939640392,138.371275512652,0.162006621881
581,100.737136723760,138.197623133474,405,100.621690176211,138.323986462021,0.171159563398
582,100.442814253716,138.139534549196,406,100.325448038221,138.276651531266,0.180487936748
583,100.148480014769,138.081505641380,407,100.029204348331,138.229326314508,0.189941138272
584,99.854116145425,138.023627277031,408,99.732957351199,138.182021805849,0.199419859035
585,99.559704772048,137.965991119253,409,99.436706469670,138.134741628367,0.208818861011
586,99.265230789251,137.908675792240,410,99.140454584913,138.087467737290,0.218026743276
587,98.970681882324,137.851746852618,411,98.844202662678,138.040194081088,0.226956715962
588,98.676047166275,137.795263799123,412,98.547951126580,137.992918005116,0.235532971221
589,98.381316575856,137.739283285975,413,98.251699738603,137.945641000962,0.243688389207
590,98.086481121819,137.683857829356,414,97.955448322119,137.898364175445,0.251361427251
591,97.791533143817,137.629034436977,415,97.659196705462,137.851088604299,0.258497555388
592,97.496466592661,137.574852947776,416,97.362944794239,137.803814879073,0.265050253041
593,97.201277106989,137.521345358914,417,97.066692948032,137.756540746472,0.270979272585
594,96.905961991124,137.468535603800,418,96.770442619732,137.709257103533,0.276246883161
595,96.610520216259,137.416439139838,419,96.474196228785,137.661948799007,0.280818842505
596,96.314952474550,137.365062170081,420,96.177954731105,137.614609862555,0.284679526008
597,96.019261177160,137.314401121146,421,95.881716903928,137.567247960689,0.287836674810
598,95.723450463876,137.264442010290,422,95.585478664924,137.519888635647,0.290326016251
599,95.427526278793,137.215159390660,423,95.289238366363,137.472542194855,0.292180517180
600,95.131496428715,137.166515377144,424,94.992997067963,137.425202024000,0.293429470555
601,94.835370476754,137.118459707462,425,94.696734363991,137.377996151872,0.294243330832
602,94.539159582369,137.070930255302,426,94.400424776809,137.331085450728,0.294835669451
603,94.242876553601,137.023852382279,427,94.104070994860,137.284454731804,0.295263556362
604,93.946534161290,136.977149502842,428,93.807678160311,137.238072845891,0.295570600628
605,93.650142197808,136.930762177573,429,93.511253832936,137.191892614021,0.295768630413
606,93.353705017213,136.884664676022,430,93.214807979686,137.145850731472,0.295821808857
607,93.057220803960,136.838870687656,431,92.918352928892,137.099868095233,0.295641562518
608,92.760683226523,136.793423626663,432,92.621903375043,137.053850060253,0.295096212258
609,92.464085055126,136.748373808663,433,92.325476360559,137.007687143098,0.294033630092
610,92.167422527254,136.703749797570,434,92.029091335060,136.961255562058,0.292309318152
611,91.870699285617,136.659531215737,435,91.732770327114,136.914417420163,0.289812654658
612,91.573929330191,136.615627043780,436,91.436538033321,136.867021799836,0.286488554445
613,91.277138572412,136.571863533116,437,91.140421939371,136.818906018547,0.282349831518
614,90.980363645436,136.527992882332,438,90.844452547025,136.769896562408,0.277469308403
615,90.683649452189,136.483713897538,439,90.548663598588,136.719810348283,0.271960869845
616,90.387046878906,136.438694441757,440,90.253092312638,136.668456169496,0.265959164831
617,90.090610442115,136.392595365566,441,89.957779688015,136.615635918346,0.259597953419
618,89.794402301958,136.345053788624,442,89.662770705597,136.561146508120,0.253027549053
619,89.498491562728,136.295697736295,443,89.368114619194,136.504781278813,0.246402262890
620,89.202957737756,136.244136291541,444,89.073865098160,136.446332127946,0.239891779470
621,88.907895867862,136.189943581717,445,88.780080484376,136.385590842384,0.233697716853
622,88.613420865655,136.132652795756,446,88.486823950940,136.322350720432,0.228061573795
623,88.319671338204,136.071757478174,447,88.194163389665,136.256409090306,0.223267693609
624,88.026812114526,136.006721856484,448,87.902170321446,136.187573427297,0.219642589786
625,87.735034378124,135.937001301959,449,87.610917505592,136.115671293399,0.217549911258
626,87.444552264080,135.862072054219,450,87.320476586912,136.040557890343,0.217375176507
627,87.155595157065,135.781466754125,451,87.030919846984,135.962106073210,0.219486893785
628,86.868386884945,135.694839063185,452,86.742321416508,135.880200215850,0.224167926452
629,86.583147683987,135.601934505364,453,86.454760165507,135.794725115221,0.231628094476
630,86.300076331707,135.502619977415,454,86.168309712858,135.705598375002,0.241997255625
631,86.019335457189,135.396894919869,455,85.883033553204,135.612782782408,0.255315056786
632,85.741040913767,135.284885372433,456,85.599046523459,135.516097442860,0.271332689498
633,85.465252140144,135.166836537825,457,85.316514793022,135.415240400538,0.289529406865
634,85.191966090387,135.043099725799,458,85.035583776232,135.310008845013,0.309347549045
635,84.921116380127,134.914113016687,459,84.756412766811,135.200195240250,0.330106526561
636,84.652579454282,134.780374438163,460,84.479173454555,135.085594250795,0.351039562961
637,84.386188158240,134.642408767521,461,84.204047990827,134.966009409574,0.371338681156
638,84.121749527983,134.500734452925,462,83.931226716615,134.841259094882,0.390199914700
639,83.859061157501,134.355839370748,463,83.660905364781,134.711182185176,0.406858985342
640,83.597939141045,134.208139737773,464,83.393282075262,134.575642583312,0.420645760770
641,83.338163892171,134.058084116900,465,83.128553851741,134.434533436704,0.430871743596
642,83.079539905191,133.906052841976,466,82.866912340477,134.287781218937,0.436951982549
643,82.821874237195,133.752402891710,467,82.608539735159,134.135348190101,0.438359112279
644,82.564971818325,133.597480051799,468,82.353604646138,133.977233833218,0.434613639892
645,82.308636913898,133.441619899929,469,82.102257703439,133.813475867015,0.425287242657
646,82.052679672446,133.285140249947,470,81.854627618682,133.644149842268,0.410015247739
647,81.796927426491,133.128325749349,471,81.610817455826,133.469368059202,0.388518697478
648,81.541237849354,132.971409083987,472,81.370901384230,133.289277660391,0.360631312030
649,81.285509745377,132.814555219975,473,81.134922243966,133.104057733002,0.326325452011
650,81.029688145755,132.657853892569,474,80.902889662323,132.913916081066,0.285737116557
651,80.773762971960,132.501321776571,475,80.674779258048,132.719085186076,0.239204260286
652,80.517762311190,132.344913140655,476,80.450532464504,132.519818186415,0.187380968397
653,80.261741442744,132.188537585233,477,80.230057648490,132.316384195524,0.131714154825
654,80.005768864078,132.032083010740,478,80.013231594600,132.109064173810,0.077342044286
655,79.749911574715,131.875439995808,479,79.799902411842,131.898146203131,0.054905879900
656,79.494223019653,131.718521735676,480,79.589892757700,131.683921398566,0.101734370328
657,79.238736888171,131.561274136645,481,79.383002889979,131.466680810841,0.172512540310
658,78.983467189325,131.403675441292,482,79.179013997907,131.246712738767,0.250750561974
659,78.728411959824,131.245729884692,483,78.977694037605,131.024298320864,0.333426891180
660,78.473557777795,131.087460118975,484,78.778804934650,130.799706599119,0.419497216865
661,78.218883783230,130.928900556702,485,78.582110784818,130.573189318861,0.508393882151
662,77.964364858125,130.770092178808,486,78.387384527198,130.344977482897,0.599723390491
663,77.709973866313,130.611078931598,487,78.194407594430,130.115283977089,0.693172903289
664,77.455682672810,130.451906123274,488,78.002965423329,129.884309294618,0.788469764111
665,77.201462547963,130.292619823093,489,77.812847640522,129.652242911398,0.885366771702
666,76.947284585504,130.133266245553,490,77.623849168073,129.419263749134,0.983635704557
667,76.693120027625,129.973891286710,491,77.435771270772,129.185540575504,1.083064039107
668,76.438940569945,129.814540092806,491,77.435771270772,129.185540575504,1.178690730802
669,76.184718653498,129.655256647101,492,77.248422420819,128.951232437598,1.275584490412
670,75.930427710324,129.496083425943,493,77.061618932959,128.716489160973,1.373812505454
671,75.676042376939,129.337061099519,494,76.875185535099,128.481451779904,1.473095930879
672,75.421531074239,129.178240467586,495,76.688955489111,128.246253208603,1.573202116169
673,75.166875551018,129.019651200291,496,76.502770802354,128.011018727743,1.673904294522
674,74.912054805628,128.861327569696,497,76.316482290316,127.775866485914,1.775004880037
675,74.657048401198,128.703303173156,498,76.129949417988,127.540908081945,1.876326131922
676,74.401837787451,128.545608814052,499,75.943040036041,127.306249146711,1.977704921390
677,74.146404986572,128.388274639165,500,75.755630077625,127.071989883925,2.078992773088
678,73.890729705814,128.231334842062,501,75.567602968913,126.838225778268,2.180058899232
679,73.634792887558,128.074821948082,502,75.378849192105,126.605048134641,2.280782202690
680,73.378575888334,127.918768163132,503,75.189265428649,126.372544919172,2.381050804071
681,73.122060272241,127.763205734032,504,74.998753914725,126.140801408929,2.480760936055
682,72.865227667454,127.608167211422,505,74.807221515259,125.909901061486,2.579815501335
683,72.608059494378,127.453685932409,506,74.614578751334,125.679926430754,2.678122905740
684,72.350536497416,127.299796844280,507,74.420738712484,125.450960200652,2.775596178498
685,72.092638278802,127.146537348242,508,74.225615981988,125.223086245665,2.872152159321
686,71.834318992811,126.993988646339,509,74.029125486080,124.996390808593,2.967755492668
687,71.575582207977,126.842149253623,510,73.831181139514,124.770963925686,3.062276147347
688,71.316411193021,126.691052351101,511,73.631694754804,124.546900712598,3.155617882501
689,71.056797781721,126.540716933391,512,73.430576357243,124.324301476847,3.247664114654
690,70.796732244703,126.391165127694,513,73.227736312151,124.103270197799,3.338299565076
691,70.536190070632,126.242445372321,514,73.023086425371,123.883913851082,3.427437003928
692,70.275152368884,126.094597158934,515,72.816540266068,123.666342409848,3.514978459452
693,70.013613313981,125.947637648245,516,72.608013488101,123.450668841367,3.600800672906
694,69.751572859773,125.801574006392,517,72.397424204537,123.237009045010,3.684769026647
695,69.489038010749,125.656400781596,518,72.184693236041,123.025481902696,3.766734824885
696,69.226025753469,125.512094158563,519,71.969725387605,122.816229143016,3.846501769713
697,68.962564840487,125.368608132643,521,71.532501725192,122.405361917825,3.922423195042
698,68.698692388551,125.225880198146,522,71.310070791859,122.204061790894,3.993830698925
699,68.434446117438,125.083845422799,523,71.085062420648,122.005647089110,4.062151125742
700,68.169855854764,124.942452443508,524,70.857470589268,121.810201398621,4.127259329061
701,67.904964934746,124.801623564723,525,70.627298329236,121.617801439258,4.189012107568
702,67.639787622989,124.661334738460,527,70.159325469431,121.242337694288,4.247070960993
703,67.374322335228,124.521591663804,528,69.921586972638,121.059369422507,4.298318273596
704,67.108549625105,124.382434242092,529,69.681417304538,120.879604293148,4.346201300802
705,66.842434607921,124.243932670655,530,69.438860338271,120.703073545373,4.390798323576
706,66.575944029702,124.106155171534,531,69.193970848849,120.529792917530,4.432203898473
707,66.309014829623,123.969229936596,533,68.697426563318,120.193019442269,4.468140139601
708,66.041511856883,123.833429576404,534,68.445877995000,120.029555593618,4.500048200079
709,65.773322097244,123.698991326095,535,68.192217288481,119.869388857338,4.529559472498
710,65.504309964903,123.566207147274,536,67.936492269872,119.712539145869,4.557002066014
711,65.234348852753,123.435363544162,538,67.419024226581,119.408894372919,4.580967198746
712,64.963422104327,123.306530237145,539,67.157353141616,119.262179246727,4.601098600343
713,64.690966466408,123.180966373186,540,66.893768612240,119.118930452776,4.620873630860
714,64.416751722346,123.059295015905,541,66.628288653478,118.979226251894,4.640889647128
715,64.140938980489,122.941290048500,543,66.091668109612,118.710884323676,4.658505847569
716,63.863333227956,122.827577014300,544,65.820532396118,118.582503112804,4.674535379374
717,63.583490663435,122.719484051959,545,65.547499687351,118.458208549434,4.692099780955
718,63.301624331353,122.616793022198,547,64.995690486827,118.222700110298,4.709343123784
719,63.017409413895,122.520809248169,548,64.716873771028,118.111993609946,4.725022162171
720,62.730801364181,122.432208341311,549,64.436100886588,118.006349602507,4.743023512167
721,62.442284331281,122.350066594934,551,63.868740983319,117.811303655027,4.757640970567
722,62.151534739269,122.276207746544,552,63.582293216520,117.722192004603,4.773481873651
723,61.858904046943,122.210164332217,554,63.004248538773,117.561578027211,4.787605731476
724,61.564755460385,122.151280198508,555,62.712834351553,117.490372908472,4.800223110092
725,61.268954281456,122.101310346153,557,62.125773988826,117.366733473963,4.811481909933
726,60.972238722252,122.057127072371,558,61.830375934473,117.314465341381,4.819672164120
727,60.674468436256,122.020733634435,560,61.236520386101,117.229256627762,4.824329414519
728,60.375914364151,121.991369846285,561,60.938345992706,117.196332859586,4.827909386122
729,60.076910987122,121.967037769837,563,60.340218181678,117.149740685969,4.824487731661
730,59.777468929273,121.948882590650,564,60.040548300336,117.135942556601,4.820124741833
731,59.477764522949,121.935670326664,566,59.440671340607,117.126907214892,4.808906171815
732,59.177898347781,121.926902322168,567,59.140716541265,117.131424118473,4.795622346354
733,58.877937781985,121.922347992158,569,58.541346212724,117.157840194039,4.776382359363
734,58.577943182603,121.920768404524,570,58.242132438900,117.179412001503,4.753233572638
735,58.277945485932,121.921694964181,572,57.645090810088,117.238514076932,4.725747376175
736,57.977961840452,121.924797034576,573,57.347411257928,117.275690275071,4.691672164420
737,57.677998246062,121.929454385003,574,57.050381245966,117.317745965021,4.654219338379
738,57.378053908738,121.935227226459,576,56.458484139163,117.415828016128,4.612003662559
739,57.078123308838,121.941673931075,577,56.163711816204,117.471555124204,4.562686766084
740,56.778207055573,121.948757260178,578,55.869790231053,117.531607123869,4.509593823590
741,56.478304887123,121.956414370122,579,55.576782452839,117.595971967088,4.452662198022
742,56.178418688694,121.964670450509,581,54.993489396379,117.736488038604,4.391080042100
743,55.878554778231,121.973696547933,582,54.703118319109,117.811870881265,4.324632209699
744,55.578721720805,121.983690294001,583,54.413569372998,117.890353691436,4.255935212794
745,55.278933626439,121.994944882280,584,54.124838260695,117.971794226457,4.185412442362
746,54.979212650642,122.007855824040,585,53.836944272760,118.056146196795,4.113488303760
747,54.679588612130,122.022844793513,586,53.549926367546,118.143432104226,4.040541993426
748,54.380085402187,122.040087758922,587,53.263842884821,118.233732736306,3.966652986558
749,54.080788955319,122.060596666039,589,52.694811913468,118.423947622491,3.891805317134
750,53.781740213026,122.084428509056,590,52.412076808789,118.524236894317,3.814569723385
751,53.482982630576,122.111666293728,591,52.130699940475,118.628273897486,3.736668443968
752,53.184552546652,122.142280996725,592,51.850831099347,118.736300159819,3.657802394932
753,52.886488597186,122.176285180175,593,51.572624432826,118.848535516170,3.577730686996
754,52.588909639569,122.214295695739,594,51.296256534324,118.965223171678,3.496773415180
755,52.291935227787,122.256765920462,596,50.749743230040,119.212757150464,3.412381214012
756,51.995606390056,122.303518345439,597,50.479956558610,119.343940123927,3.325101150463
757,51.699950198369,122.354359154039,598,50.212716717636,119.480235325803,3.236116686130
758,51.404986767839,122.409078777434,599,49.948177015938,119.621698939765,3.145120190498
759,51.110797954895,122.467823752304,600,49.686485136789,119.768363156330,3.052172097546
760,50.817556953814,122.531128458109,602,49.172074701263,120.077101322001,2.954633823034
761,50.525224683333,122.598500072399,603,48.919493972213,120.238954293933,2.854089591675
762,50.233763889832,122.669552408622,604,48.670018722106,120.405555466656,2.751541586605
763,49.943096939211,122.743788074004,605,48.423607168392,120.576657014549,2.646753897225
764,49.653208049117,122.821009824174,606,48.180170485816,120.751967260069,2.539837946596
765,49.364056579430,122.900952372937,607,47.939556821760,120.931134682059,2.430921902263
766,49.075635462042,122.983491969292,608,47.701559596871,121.113765576678,2.320336455449
767,48.787843511784,123.068198128518,609,47.465865307612,121.299362405815,2.208258632094
768,48.500611088292,123.154783547826,610,47.231992594799,121.487251703258,2.095245888835
769,48.213846299111,123.242905280894,611,46.999540596376,121.676896938264,1.981645898964
770,47.927519183565,123.332439577362,612,46.768226355121,121.867929103750,1.867819795751
771,47.641572220607,123.423181324550,613,46.537762202908,122.059986576396,1.754051446386
772,47.355945564650,123.514926916455,614,46.307853406939,122.252708889510,1.640637534192
773,47.070579953032,123.607481697894,615,46.078195344742,122.445730064873,1.527905123887
774,46.785425957806,123.700686672763,616,45.848476337102,122.638678600160,1.416240000145
775,46.500456299502,123.794453827735,617,45.618383451106,122.831180779500,1.306119242387
776,46.215621519870,123.888629937283,618,45.387607961784,123.022863523741,1.197980774133
777,45.930866034143,123.983045564297,619,45.155850411365,123.213356916911,1.092277359220
778,45.646141010578,124.077553029355,620,44.922825254966,123.402296576750,0.989523602094
779,45.361401629243,124.172017210219,620,44.922825254966,123.402296576750,0.885900157840
780,45.076609397247,124.266321891952,621,44.688265004515,123.589325915345,0.780470960195
781,44.791731939751,124.360368749069,622,44.451923819620,123.774098347777,0.677630092261
782,44.506741714730,124.454073262813,623,44.213580571328,123.956279572200,0.577704088972
783,44.221615507859,124.547363126440,624,43.973041340165,124.135549937017,0.481018939157
784,43.936335165709,124.640180528126,625,43.730141282293,124.311606841296,0.387913115575
785,43.650887458555,124.732481911021,626,43.484745861697,124.484167160436,0.298769552606
786,43.365263728435,124.824237144407,627,43.236751424737,124.652969625569,0.214121402972
787,43.079459522202,124.915428683361,628,42.986085092105,124.817777040621,0.135109687016
788,42.793474365673,125.006051182662,629,42.732703982117,124.978378236730,0.066774482058
789,42.507311820153,125.096112011762,630,42.476593890573,125.134589800432,0.049235469111
790,42.220979954237,125.185633112939,631,42.217767388766,125.286257343892,0.100675500654
791,41.934491576043,125.274652121649,632,41.956261425246,125.433256240522,0.160091201688
792,41.647866232836,125.363229188710,633,41.692134562339,125.575491822167,0.216829680992
793,41.361132766846,125.451455668213,634,41.425463984711,125.712899064011,0.269241814729
794,41.074330138320,125.539457087863,635,41.156342292004,125.845441559352,0.316784611596
795,40.787506014823,125.627388436253,636,40.884874000081,125.973109378618,0.359170564695
796,40.500712581334,125.715419829417,637,40.611171996449,126.095916016724,0.396205288887
797,40.213999876105,125.803713787915,638,40.335354166253,126.213894681839,0.427756039674
798,39.927406843054,125.892395413546,639,40.057540221879,126.327093865937,0.453759232188
799,39.640951010337,125.981519219462,640,39.777848768304,126.435572161541,0.474241573828
800,39.354618928354,126.071039811110,641,39.496394755913,126.539392615010,0.489341122532
801,39.068359898016,126.160793733925,642,39.213287261714,126.638616450714,0.499318024337
802,38.782084919217,126.250496779922,643,38.928627698108,126.733296417443,0.504549577381
803,38.495671653738,126.339757287303,644,38.642509050519,126.823471734382,0.505510521558
804,38.208974743199,126.428102469361,645,38.355017397021,126.909169487303,0.502746389830
805,37.921837671788,126.515006284254,646,38.066234869693,126.990411639503,0.496850885641
806,37.634110718739,126.599936243456,647,37.776240993759,127.067218276686,0.488419403440
807,37.345675429039,126.682427641156,648,37.485112892741,127.139607511228,0.477970961339
808,37.056448046300,126.762096105352,649,37.192925490199,127.207595392879,0.465935304394
809,36.766383139904,126.838657575188,650,36.899751718766,127.271195872295,0.452632915608
810,36.475465484223,126.911910372931,651,36.605662799377,127.330421166304,0.438295134633
811,36.183696621330,126.981693600574,652,36.310728436535,127.385281778238,0.423108141288
812,35.891081598091,127.047836321001,653,36.015016705263,127.435784930763,0.407264084601
813,35.597620122527,127.110112265442,654,35.718594528169,127.481935935531,0.391008501773
814,35.303304423203,127.168211676478,655,35.421527867745,127.523738357262,0.374667857694
815,35.008124230211,127.221737888042,656,35.123881901959,127.561194178787,0.358650821684
816,34.712077433518,127.270231472700,657,34.825721186345,127.594303986223,0.343420873824
817,34.415182925986,127.313217537618,658,34.527109799436,127.623067151669,0.329445607540
818,34.117490661629,127.350262141696,659,34.228111475783,127.647482062467,0.317138212500
819,33.819085078147,127.381020919785,660,33.928789728618,127.667546454902,0.306809375034
820,33.520081391387,127.405271709663,661,33.629205999812,127.683211226895,0.298594299013
821,33.220616616728,127.422931055350,662,33.329419279611,127.694323613234,0.292390047583
822,32.920837794079,127.434056071823,663,33.029496178485,127.700767201539,0.287995609716
823,32.620889871915,127.438832360110,664,32.729508796719,127.702466273991,0.285133146747
824,32.320905487606,127.437548671785,665,32.429531989410,127.699411841397,0.283499623445
825,32.020998342797,127.430561916431,666,32.129639287516,127.691669165476,0.282807090387
826,31.721260808652,127.418259117472,667,31.829899382655,127.679347014174,0.282788312286
827,31.421765231426,127.401022303269,668,31.530373633923,127.662599871699,0.283228899300
828,31.122567670857,127.379201062926,669,31.231114480757,127.641612537995,0.283975689430
829,30.823712371096,127.353097969903,670,30.932161995224,127.616624896807,0.284969756601
830,30.525235119212,127.322971269461,671,30.633541726205,127.587930610528,0.286240761487
831,30.227164111565,127.289054378634,672,30.335267323578,127.555833546740,0.287849663858
832,29.929517910264,127.251586566726,673,30.037342191040,127.520636283721,0.289851385610
833,29.632301117625,127.210846457787,674,29.739759392445,127.482648571489,0.292273279381
834,29.335499172130,127.167180299916,675,29.442502654801,127.442184423985,0.295088145405
835,29.039074066804,127.121018945894,676,29.145546826242,127.399564742654,0.298201625407
836,28.742963052146,127.072878213362,677,28.848859686477,127.355110451283,0.301445075071
837,28.447082302237,127.023337606916,678,28.552403622335,127.309138298320,0.304589257319
838,28.151336503856,126.972995217694,679,28.256137612353,127.261955297004,0.307377942893
839,27.855632856855,126.922405167889,681,27.664005337831,127.165111956983,0.309237273820
840,27.559893870802,126.872022529754,682,27.368055992967,127.115979743710,0.310349631244
841,27.264064733491,126.822172664869,683,27.072133897453,127.066683564289,0.310842445231
842,26.968115170440,126.773043254251,684,26.776206541701,127.017419021937,0.310722444662
843,26.672036535063,126.724697812460,685,26.480247313850,126.968346443591,0.310077024021
844,26.375835564028,126.677107365869,686,26.184236478654,126.919586263357,0.309040814850
845,26.079526674404,126.630193188272,687,25.888161957633,126.871214364883,0.307752599339
846,25.783124781422,126.583869977150,687,25.888161957633,126.871214364883,0.305940526162
847,25.486640433247,126.538077348257,688,25.592019945789,126.823257371415,0.304027116015
848,25.190078458979,126.492790141439,689,25.295815419198,126.775687909892,0.302012337749
849,24.893439622702,126.448009185542,690,24.999562616229,126.728419873530,0.299820352366
850,24.596722503215,126.403749965560,691,24.703285607159,126.681303699497,0.297307534961
851,24.299924690059,126.360035220160,692,24.407008469106,126.634188338149,0.294324426166
852,24.003044038211,126.316886710581,693,24.110737447873,126.587034534003,0.290822483630
853,23.706079569374,126.274318920291,694,23.814475566992,126.539823335214,0.286779160057
854,23.409031873342,126.232335836099,695,23.518221465611,126.492563339870,0.282206875853
855,23.111903101334,126.190930405988,696,23.221973100310,126.445267402168,0.277133022753
856,22.814696814759,126.150085007477,697,22.925730573120,126.397934909169,0.271584368594
857,22.517417797480,126.109772255635,698,22.629492579206,126.350574051613,0.265605462378
858,22.220071745838,126.069956838136,699,22.333257071436,126.303197644749,0.259253142315
859,21.922664834311,126.030598476422,700,22.037018978906,126.255837406065,0.252605316280
860,21.625203181072,125.991655888921,701,21.740775190670,126.208512806064,0.245731178151
861,21.327692435511,125.953090052891,702,21.444527904124,126.161210108463,0.238672336598
862,21.030137635310,125.914865530404,703,21.148279560174,126.113914033530,0.231468833771
863,20.732542152305,125.876959016265,704,20.852030991896,126.066619363742,0.224162062339
864,20.434904744628,125.839383195774,705,20.555782472706,126.019324386561,0.216772362830
865,20.137218040533,125.802200166226,706,20.259532177918,125.972040533586,0.209300020518
866,19.839469032912,125.765519854229,707,19.963275077447,125.924799360349,0.201737199677
867,19.541642254486,125.729477060223,708,19.666989657081,125.877736423092,0.194146362355
868,19.243724447084,125.694195198092,709,19.370618158072,125.831220433220,0.186756335770
869,18.945709233931,125.659745957047,710,19.074093128512,125.785693916252,0.179848027000
870,18.647602057642,125.626101258298,711,18.777392321509,125.741329345419,0.173559859000
871,18.349424316671,125.593086510417,712,18.480502650099,125.698244527611,0.168046832979
872,18.051215552749,125.560352240297,713,18.183472854767,125.656135918099,0.163298826911
873,17.753032430803,125.527386311138,714,17.886347172682,125.614707417981,0.159366860114
874,17.454946950968,125.493553346047,715,17.589217192440,125.573310023107,0.156171781320
875,17.157048174425,125.458123043843,716,17.292180495335,125.531252781607,0.153651237222
876,16.859447441720,125.420284489026,717,16.995369547134,125.487636546144,0.151694160528
877,16.562286272418,125.379154974880,718,16.698910446126,125.441700088174,0.150259961527
878,16.265745190982,125.333793137254,719,16.402969195481,125.392548956148,0.149273821096
879,15.970053794778,125.283214798147,720,16.107743980895,125.339284506068,0.148668757644
880,15.675505033886,125.226389330188,721,15.813516942925,125.280776023340,0.148341495976
881,15.382473111498,125.162233308392,722,15.520621208103,125.215954439257,0.148225694456
882,15.091425921319,125.089637974783,723,15.229473588450,125.143705773063,0.148258170807
883,14.802928846686,125.007527022071,724,14.940550808432,125.063043793514,0.148397831070
884,14.517643344357,124.914904754795,725,14.654453961239,124.972894020490,0.148593067899
885,14.236316267724,124.810906012788,726,14.371876293795,124.872281590096,0.148806861933
886,13.959755591784,124.694848172018,727,14.093610153935,124.760315315415,0.149006679961
887,13.688803055856,124.566258727921,728,13.820446373954,124.636438685869,0.149181733793
888,13.424306660623,124.424877996774,729,13.553209111204,124.500262757373,0.149327505491
889,13.167091989159,124.270654707449,730,13.292710270481,124.351613860399,0.149446769951
890,12.917944563737,124.103717468823,731,13.039702960333,124.190551018414,0.149549899619
891,12.677598781279,123.924342454450,732,12.794929804357,124.017241988441,0.149655913322
892,12.446716842436,123.732939813399,733,12.559225149665,123.831795318927,0.149768254876
893,12.225858209426,123.530051005792,734,12.333298822938,123.634554849621,0.149881749412
894,12.015466856356,123.316323189426,736,11.912873046132,123.206999242139,0.149924031918
895,11.815887210066,123.092461464708,737,11.719040813102,122.978130898817,0.149835586233
896,11.627392392114,122.859185192364,738,11.536301198395,122.740306823001,0.149765390780
897,11.450226190069,122.617189726865,739,11.364821682567,122.494237087972,0.149703978947
898,11.284630370897,122.367131966830,740,11.204941793703,122.240480087796,0.149636117960
899,11.130868321585,122.109627404646,741,11.057119821858,121.979514046902,0.149560446227
900,10.989258807075,121.845245350806,742,10.921701749347,121.711902825510,0.149479714682
901,10.860171324245,121.574529934456,743,10.798959472575,121.438242771599,0.149402414788
902,10.743974232707,121.298037509479,744,10.689121262122,121.159157190216,0.149320432161
903,10.640974805407,121.016362532112,745,10.592624612072,120.875183132599,0.149229233203
904,10.551387641236,120.730138492194,746,10.509712423887,120.586950626562,0.149129435744
905,10.475326369138,120.440025379613,747,10.440439011117,120.295135847719,0.149030547883
906,10.412780782811,120.146698528192,748,10.384619218138,120.000448908130,0.148936312205
907,10.363574355102,119.850837136915,749,10.341973101265,119.703563868298,0.148849016848
908,10.327334189144,119.553103084651,750,10.312074247527,119.405121310871,0.148766498880
909,10.303511925546,119.254112073804,751,10.294342817904,119.105701490064,0.148693557026
910,10.291423892234,118.954409629252,752,10.287969602514,118.805817765078,0.148632009393
911,10.290265968156,118.654457821193,753,10.292051480414,118.505885644085,0.148582905694
912,10.299115033051,118.354626164579,754,10.305630245581,118.206226752417,0.148542362726
913,10.316944689834,118.055186384069,755,10.327722418072,117.907067386131,0.148510595502
914,10.342662482622,117.756313431585,756,10.357224884954,117.608541127054,0.148488105746
915,10.375144924610,117.458093464667,757,10.392957274181,117.310689646277,0.148476144458
916,10.413278864599,117.160538145115,758,10.433742978971,117.013483570541,0.148471639986
917,10.456017688146,116.863605359454,759,10.478567473750,116.716856379354,0.148471397889
918,10.502414495039,116.567219310996,760,10.526498750532,116.420713074716,0.148472652807
919,10.551627911367,116.271285997571,761,10.576758333906,116.124954696051,0.148473526063
920,10.602924876008,115.975705491744,762,10.628820599996,115.829507809229,0.148473401300
921,10.655662908191,115.680377938205,763,10.682201212265,115.534295511870,0.148473421417
922,10.709266839122,115.385205908941,764,10.736225787582,115.239200057547,0.148473881688
923,10.763235956639,115.090100284868,765,10.790351233397,114.944123065232,0.148474196029
924,10.817157282439,114.794985939476,766,10.844176308712,114.648991247909,0.148473828490
925,10.870705712539,114.499803795827,767,10.897365161732,114.353744244778,0.148472619307
926,10.923648359958,114.204512498085,768,10.949811574764,114.058364392726,0.148471487192
927,10.975846063524,113.909088669790,769,11.001566182077,113.762862552406,0.148470878975
928,11.027243381521,113.613524553153,770,11.052627188933,113.467240059268,0.148470504916
929,11.077867864487,113.317827035556,771,11.102979563496,113.171496084358,0.148470012816
930,11.127824664688,113.022015903798,772,11.152588754610,112.875626527818,0.148469220883
931,11.177260682045,112.726117222422,773,11.201587833310,112.579655170767,0.148468659534
932,11.226334689009,112.430158236421,774,11.250331976721,112.283641643233,0.148468790986
933,11.275207387568,112.134165913030,775,11.299126725008,111.987636459603,0.148468903900
934,11.324025822145,111.838164628561,776,11.348040003931,111.691650838174,0.148468756648
935,11.372900687244,111.542172660754,777,11.397061809824,111.395683171350,0.148468617392
936,11.421884082723,111.246198635806,778,11.446163173647,111.099728689007,0.148468581092
937,11.470964880190,110.950240743946,779,11.495297664161,110.803779703963,0.148468584585
938,11.520100688403,110.654291977972,780,11.544446341370,110.507833074454,0.148468586705
939,11.569257200098,110.358346649683,781,11.593599237760,110.211887145649,0.148468586305
940,11.618417619559,110.062401970464,782,11.642752313836,109.915941246688,0.148468585750
941,11.667575246787,109.766456827438,783,11.691904719065,109.619995236307,0.148468585559
942,11.716729548299,109.470511132012,784,11.741055957926,109.324049032213,0.148468585508
943,11.765881940493,109.174565119467,785,11.790206494828,109.028102711536,0.148468585501
944,11.815033347769,108.878618943343,786,11.839357473354,108.732156464204,0.148468585502
945,11.864184425981,108.582672712567,787,11.888508791743,108.436210273317,0.148468585501
946,11.913335510209,108.286726482790,788,11.937660224607,108.140264101442,0.148468585501
947,11.962486738350,107.990780276914,789,11.986811626942,107.844317924497,0.148468585500
948,12.011638107573,107.694834094469,790,12.035962973189,107.548371738236,0.148468585501
949,12.060789506480,107.398887916955,791,12.085114295923,107.252425548071,0.148468585500
950,12.109940865262,107.102941732776,792,12.134265614609,106.956479357233,0.148468585500
951,12.159092194040,106.806995543614,793,12.183416939552,106.660533167434,0.148468585501
952,12.208243513962,106.511049352982,794,12.232568267806,106.364586978186,0.148468585500
953,12.257394837080,106.215103162880,795,12.281719597451,106.068640789168,0.148468585500
954,12.306546164885,105.919156973557,796,12.330870927292,105.772694600183,0.148468585500
955,12.355697495187,105.623210784648,797,12.380022257311,105.476748411227,0.148468585500
956,12.404848826268,105.327264595869,798,12.429173587813,105.180802222352,0.148468585500
957,12.454000157422,105.031318407102,799,12.478324918920,104.884856033577,0.148468585500
958,12.503151488516,104.735372218325,800,12.527476250616,104.588909844899,0.148468585501
959,12.552302819415,104.439426029515,801,12.576627582179,104.292963656200,0.148468585501
960,12.601454150037,104.143479840660,802,12.625778912723,103.997017467332,0.148468585500
961,12.650605480335,103.847533651750,803,12.674930242156,103.701071278279,0.148468585500
962,12.699756810299,103.551587462786,804,12.724081571137,103.405125089151,0.148468585500
963,12.748908139976,103.255641273773,805,12.773232900767,103.109178900131,0.148468585500
964,12.798059469567,102.959695084746,806,12.822384231081,102.813232711224,0.148468585500
965,12.847210799592,102.663748895792,807,12.871535561521,102.517286522338,0.148468585501
966,12.896362130896,102.367802707049,808,12.920686892101,102.221340333476,0.148468585500
967,12.945513464189,102.071856518638,809,12.969838223308,101.925394144717,0.148468585501
968,12.994664799256,101.775910330520,810,13.018989556177,101.629447956235,0.148468585501
969,13.043816133998,101.479964142349,811,13.068140890812,101.333501768046,0.148468585501
970,13.092967463803,101.184017953358,812,13.117292223367,101.037555579512,0.148468585500
971,13.142118782158,100.888071762465,813,13.166443544992,100.741609389162,0.148468585500
972,13.191270082756,100.592125568623,814,13.215594845783,100.445663195352,0.148468585501
973,13.240421361973,100.296179371230,815,13.264746117682,100.149716996744,0.148468585500
974,13.289572621315,100.000233170536,816,13.313897363357,99.853770793780,0.148468585501
975,13.338723870308,99.704286968124,817,13.363048598218,99.557824589021,0.148468585500
976,13.387875126745,99.408340766948,818,13.412199846290,99.261878386455,0.148468585500
977,13.437026412719,99.112394570677,819,13.461351131842,98.965932190114,0.148468585501
978,13.486177748134,98.816448382617,820,13.510502481484,98.669986004418,0.148468585500
979,13.535329144033,98.520502204603,821,13.559653914235,98.374039832524,0.148468585500
980,13.584480598358,98.224556036293,822,13.608805418731,98.078093672546,0.148468585500
981,13.633632097823,97.928609875479,823,13.657956966391,97.782147519737,0.148468585500
982,13.682783623726,97.632663719056,824,13.707108518701,97.486201367700,0.148468585500
983,13.731935155709,97.336717563643,825,13.756260047424,97.190255211745,0.148468585501
984,13.781086675341,97.040771406179,826,13.805411540953,96.894309049946,0.148468585500
985,13.830238171487,96.744825244814,827,13.854563018563,96.598362885502,0.148468585501
986,13.879389644591,96.448879079622,828,13.903714486747,96.302416719493,0.148468585501
987,13.928541106535,96.152932912577,829,13.952865943883,96.006470551650,0.148468585500
988,13.977692575676,95.856986746727,830,14.002017402934,95.710524384124,0.148468585500
989,14.026844069988,95.561040585058,831,14.051168891404,95.414578221484,0.148468585500
990,14.075995601879,95.265094429629,832,14.100320440251,95.118632068872,0.148468585500
991,14.125147178107,94.969148281565,833,14.149472053494,94.822685926955,0.148468585500
992,14.174298800823,94.673202141221,834,14.198623717970,94.526739793547,0.148468585500
993,14.223450466152,94.377256007954,835,14.247775411553,94.230793664973,0.148468585500
994,14.272602164265,94.081309880133,836,14.296927120084,93.934847538881,0.148468585501
995,14.321753882223,93.785363755607,837,14.346078838448,93.638901414423,0.148468585500
996,14.370905607852,93.489417632356,838,14.395230561810,93.342955290795,0.148468585500
997,14.420057331120,93.193471508712,839,14.444382283615,93.047009166908,0.148468585500
998,14.469209043006,92.897525383178,840,14.493533994069,92.751063041136,0.148468585500
999,14.518360734417,92.601579254243,841,14.542685681857,92.455116911600,0.148468585500
1000,14.567512396944,92.305633120511,842,14.591837335364,92.159170776370,0.148468585500
1001,14.616664025827,92.009686981191,843,14.640988947747,91.863224634310,0.148468585500
1002,14.665815622432,91.713740836511,844,14.690140521560,91.567278485844,0.148468585500
1003,14.714967194581,91.417794687769,845,14.739292069007,91.271332333000,0.148468585500
1004,14.764118755188,91.121848537110,846,14.788443611299,90.975386179299,0.148468585500
1005,14.813270319133,90.825902387005,847,14.837595168523,90.679440028078,0.148468585500
1006,14.862421897376,90.529956239275,848,14.886746751666,90.383493881162,0.148468585500
1007,14.911573491272,90.234010094145,849,14.935898358655,90.087547738206,0.148468585500
1008,14.960725090351,89.938063949876,850,14.985049977301,89.791601597186,0.148468585500
1009,15.009876674438,89.642117803116,851,15.034201577451,89.495655453095,0.148468585500
1010,15.059028219812,89.346171649927,852,15.083353117583,89.199709299035,0.148468585500
1011,15.108179707302,89.050225487125,853,15.132504573516,88.903763130992,0.148468585500
1012,15.157331126777,88.754279313026,854,15.181655939785,88.607816948056,0.148468585500
1013,15.206482477279,88.458333127472,855,15.230807235215,88.311870753356,0.148468585500
1014,15.255633767847,88.162386931965,856,15.279958488875,88.015924551718,0.148468585501
1015,15.304785017387,87.866440729643,857,15.329109729258,87.719978347876,0.148468585500
1016,15.353936250273,87.570494524555,858,15.378260958110,87.424032142118,0.148468585500
1017,15.403087489065,87.274548320448,859,15.427412188977,87.128085936695,0.148468585501
1018,15.452238748492,86.978602119769,860,15.476563449068,86.832139736126,0.148468585500
1019,15.501390033831,86.682655923392,861,15.525714755107,86.536193543188,0.148468585500
1020,15.550541343494,86.386709731056,862,15.574866100217,86.240247356739,0.148468585500
1021,15.599692673132,86.090763542037,863,15.624017456041,85.944301172069,0.148468585500
1022,15.648844016463,85.794817355292,864,15.673168805298,85.648354986308,0.148468585500
1023,15.697995365310,85.498871169464,865,15.722320143313,85.352408798680,0.148468585500
1024,15.747146712807,85.202924983411,866,15.771471478543,85.056462610590,0.148468585500
1025,15.796298056236,84.906978796683,867,15.820622817853,84.760516423178,0.148468585500
1026,15.845449397009,84.611032609513,868,15.869774161304,84.464570236453,0.148468585500
1027,15.894600737834,84.315086422352,869,15.918925507114,84.168624050120,0.148468585500
1028,15.943752080491,84.019140235495,870,15.968076852006,83.872677863634,0.148468585500
1029,15.992903425531,83.723194049034,871,16.017228195077,83.576731676846,0.148468585500
1030,16.042054772649,83.427247862918,872,16.066379538445,83.280785490108,0.148468585500
1031,16.091206120909,83.131301676992,873,16.115530885351,82.984839303957,0.148468585500
1032,16.140357468497,82.835355490955,874,16.164682236968,82.688893118588,0.148468585500
1033,16.189508813399,82.539409304471,875,16.213833588150,82.392946933147,0.148468585500
1034,16.238660154435,82.243463117345,876,16.262984931364,82.097000746383,0.148468585500
1035,16.287811491759,81.947516929603,877,16.312136262147,81.801054557554,0.148468585500
1036,16.336962826629,81.651570741453,878,16.361287585879,81.505108367555,0.148468585500
1037,16.386114160818,81.355624553190,879,16.410438913424,81.209162178188,0.148468585500
1038,16.435265496154,81.059678365117,880,16.459590250814,80.913215990457,0.148468585500
1039,16.484416833907,80.763732177446,881,16.508741596978,80.617269804182,0.148468585500
1040,16.533568173958,80.467785990156,882,16.557892943363,80.321323617945,0.148468585500
1041,16.582719513900,80.171839802849,883,16.607044283438,80.025377430659,0.148468585500
1042,16.631870849151,79.875893614762,884,16.656195613294,79.729431241677,0.148468585500
1043,16.681022174517,79.579947425034,885,16.705346932917,79.433485050994,0.148468585501
1044,16.730173486167,79.284001233027,886,16.754498240449,79.137538858304,0.148468585500
1045,16.779324782888,78.988055038541,887,16.803649532155,78.841592662985,0.148468585500
1046,16.828476066027,78.692108841800,888,16.852800806778,78.545646464830,0.148468585500
1047,16.877627338551,78.396162643295,889,16.901952068341,78.249700264505,0.148468585500
1048,16.926778604118,78.100216443635,890,16.951103325787,77.953754063496,0.148468585500
1049,16.975929866645,77.804270243470,891,17.000254586173,77.657807862975,0.148468585500
1050,17.025081129697,77.508324043393,892,17.049405852592,77.361861663457,0.148468585500
1051,17.074232395197,77.212377843722,893,17.098557122183,77.065915464465,0.148468585500
1052,17.123383662305,76.916431644318,894,17.147708392268,76.769969265556,0.148468585500
1053,17.172534927809,76.620485444647,895,17.196859659624,76.474023066193,0.148468585500
1054,17.221686188162,76.324539244121,896,17.246010919528,76.178076865592,0.148468585501
1055,17.270837441180,76.028593042377,897,17.295162167331,75.882130662982,0.148468585500
1056,17.319988686088,75.732646839286,898,17.344313401724,75.586184458145,0.148468585500
1057,17.369139921790,75.436700634666,899,17.393464628064,75.290238251970,0.148468585500
1058,17.418291146298,75.140754428187,900,17.442615850943,74.994292045220,0.148468585501
1059,17.467442358429,74.844808219653,901,17.491767067366,74.698345837399,0.148468585500
1060,17.516593558922,74.548862009185,902,17.540918269123,74.402399627141,0.148468585500
1061,17.565744750396,74.252915797220,903,17.590069450002,74.106453413416,0.148468585500
1062,17.614895936960,73.956969584439,904,17.639220623639,73.810507198488,0.148468585500
1063,17.664047124011,73.661023371739,905,17.688371805327,73.514560984897,0.148468585500
1064,17.713198317509,73.365077160109,906,17.737523003905,73.218614774112,0.148468585500
1065,17.762349522272,73.069130950351,907,17.786674223091,72.922668566749,0.148468585500
1066,17.811500742115,72.773184743097,908,17.835825462755,72.626722362787,0.148468585500
1067,17.860651982985,72.477238539336,909,17.884976718861,72.330776161556,0.148468585500
1068,17.909803255946,72.181292340904,910,17.934127988622,72.034829962592,0.148468585500
1069,17.958954572253,71.885346149671,911,17.983279281546,71.738883767476,0.148468585500
1070,18.008105926611,71.589399964757,912,18.032430626213,71.442937580953,0.148468585500
1071,18.057257291404,71.293453781577,913,18.081582034153,71.146991404939,0.148468585500
1072,18.106408630021,70.997507594049,914,18.130733457533,70.851045231489,0.148468585500
1073,18.155559912768,70.701561397243,915,18.179884782662,70.555099041721,0.148468585500
1074,18.204711125126,70.405615188746,916,18.229035911385,70.259152819334,0.148468585500
1075,18.253862267540,70.109668968632,917,18.278186918383,69.963206576730,0.148468585500
1076,18.303013355792,69.813722739524,918,18.327337913900,69.667260332220,0.148468585500
1077,18.352164422053,69.517776506763,919,18.376488982271,69.371314099810,0.148468585499
1078,18.401315510036,69.221830277609,920,18.425640131921,69.075367880898,0.148468585500
1079,18.450466659367,68.925884058645,921,18.474791344659,68.779421672464,0.148468585500
1080,18.499617885954,68.629937852511,922,18.523942610829,68.483475472904,0.148468585500
1081,18.548769181127,68.333991657768,923,18.573093928630,68.187529281919,0.148468585500
1082,18.597920526359,68.038045471339,924,18.622245300420,67.891583099901,0.148468585500
1083,18.647071905798,67.742099290591,925,18.671396710523,67.595636924246,0.148468585500
1084,18.696223310149,67.446153113981,926,18.720548136029,67.299690751149,0.148468585500
1085,18.745374733150,67.150206940468,927,18.769699558863,67.003744577609,0.148468585499
1086,18.794526169128,66.854260769110,928,18.818850985117,66.707798404636,0.148468585499
1087,18.843677613692,66.558314599178,929,18.868002429726,66.411852234711,0.148468585500
1088,18.892829067323,66.262368430752,930,18.917153895735,66.115906068341,0.148468585500
1089,18.941980537589,65.966422265089,931,18.966305377256,65.819959904547,0.148468585500
1090,18.991132038182,65.670476104463,932,19.015456871948,65.524013742941,0.148468585500
1091,19.040283582908,65.374529951166,933,19.064608391451,65.228067585455,0.148468585500
1092,19.089435157517,65.078583802833,934,19.113759952268,64.932121434831,0.148468585500
1093,19.138586677874,64.782637645489,935,19.162911547438,64.636175289912,0.148468585500
1094,19.187737955291,64.486691447797,936,19.212063128715,64.340229142686,0.148468585501
1095,19.236888766148,64.190745172619,937,19.261214563373,64.044282971110,0.148468585503
1096,19.286039177262,63.894798831051,938,19.310365663225,63.748336743927,0.148468585512
1097,19.335189926998,63.598852545722,939,19.359516620489,63.452390493064,0.148468585515
1098,19.384343727494,63.302906767090,940,19.408668448788,63.156444386866,0.148468585522
1099,19.433505431283,63.006962301266,941,19.457823837851,62.860498872088,0.148468585851
1100,19.482676818403,62.711019444165,942,19.506986579022,62.564554578581,0.148468586954
1101,19.531851040104,62.415077058020,943,19.556158507756,62.268611811474,0.148468587349
1102,19.581011784025,62.119132432942,944,19.605338350558,61.972670359405,0.148468585310
1103,19.630136689870,61.823181857606,945,19.654493332121,61.676724778769,0.148468589147
1104,19.679209836582,61.527222695772,946,19.703570394639,61.380766268652,0.148468588710
1105,19.728237889538,61.231256059620,947,19.752557497303,61.084792854364,0.148468561709
1106,19.777248280911,60.935286497778,948,19.801481491813,60.788808999299,0.148468535627
1107,19.826273234669,60.639319348113,949,19.850415177877,60.492826747806,0.148468566931
1108,19.875337653926,60.343358738997,950,19.899471839146,60.196864867861,0.148468559556
1109,19.924448428403,60.047405818186,951,19.948678596442,59.900927893213,0.148468459774
1110,19.973583346059,59.751456903911,952,19.997910216184,59.604995051750,0.148468416670
1111,20.022688479770,59.455503048047,953,20.047049027391,59.309046791525,0.148468418712
1112,20.071688539367,59.159531784721,954,20.096009202145,59.013068942624,0.148468376273
1113,20.120506076227,58.863530372876,955,20.144727358068,58.717051163036,0.148468277451
1114,20.169087521912,58.567490127832,956,20.193179094305,58.420989669589,0.148468138420
1115,20.217422279554,58.271409503042,957,20.241385229710,58.124888065729,0.148468025421
1116,20.265543282782,57.975294052565,958,20.289414984649,57.828757797319,0.148467950251
1117,20.313522716423,57.679155619457,959,20.337354492305,57.532612894282,0.148467921934
1118,20.361472371683,57.383012359805,960,20.385321688360,57.236472476020,0.148467934066
1119,20.409538722665,57.086888034528,961,20.433467876800,56.940361153848,0.148467946640
1120,20.457899183879,56.790811647832,962,20.482013146984,56.644315042742,0.148467971360
1121,20.506763551049,56.494818106807,963,20.531188001915,56.348373058483,0.148467861771
1122,20.556377903878,56.198949527566,964,20.581250720144,56.052580069923,0.148467757846
1123,20.607021914747,55.903255717778,965,20.632458674413,55.756983631009,0.148467343581
1124,20.659001772302,55.607794181716,966,20.685159723528,55.461650040173,0.148466657940
1125,20.712647103308,55.312630989256,967,20.739704489689,55.166652223360,0.148465155003
1126,20.768315761100,55.017843375912,968,20.796483690022,54.872076769871,0.148463246820
1127,20.826395449650,54.723522153169,969,20.855845151570,54.578011960365,0.148460436323
1128,20.887295637370,54.429772639630,970,20.918216620477,54.284571698585,0.148456796667
1129,20.951436117488,54.136714823128,971,20.984033737172,53.991886851397,0.148451157640
1130,21.019245581607,53.844485631975,972,21.053782014933,53.700115062794,0.148444017975
1131,21.091168931302,53.553243394764,973,21.127871566462,53.409417374582,0.148435196329
1132,21.167667651450,53.263171394131,974,21.206744945478,53.119982632671,0.148425254984
1133,21.249208464928,52.974478485790,975,21.290843410748,52.832025568002,0.148412608965
1134,21.336258662700,52.687401383342,976,21.380685744736,52.545811129587,0.148396649479
1135,21.429283918558,52.402207306284,977,21.476750219812,52.261628020044,0.148376499064
1136,21.528733659192,52.119192529813,978,21.579474856879,51.979786350966,0.148353469267
1137,21.635026295966,51.838679232661,979,21.689253621105,51.700620811056,0.148326432465
1138,21.748547180641,51.561015799592,980,21.806511222651,51.424516082123,0.148297009529
1139,21.869659608634,51.286582260883,981,21.931535073068,51.151843140768,0.148267338238
1140,21.998721543387,51.015800514249,982,22.064611491219,50.883011954127,0.148237265641
1141,22.136098544476,50.749145826579,983,22.206101606284,50.618517999028,0.148202759735
1142,22.282161103785,50.487153532434,984,22.356437647679,50.358955945540,0.148160812154
1143,22.437275027028,50.230422902084,985,22.516017783376,50.104979635286,0.148109536702
1144,22.601791892736,49.979621268210,986,22.685194498251,49.857299162798,0.148049627082
1145,22.776026226759,49.735478376061,987,22.864225093007,49.616652385033,0.147981945356
1146,22.960219690126,49.498767122304,988,23.053290987524,49.383814812267,0.147906389254
1147,23.154515995153,49.270283773907,989,23.252493328173,49.159596221499,0.147821825329
1148,23.358949939343,49.050832324737,990,23.461826226571,48.944812465921,0.147728605683
1149,23.573442052235,48.841208508987,991,23.681155774371,48.740254686120,0.147627640664
1150,23.797794612560,48.642180249353,992,23.910214010230,48.546658284018,0.147521411442
1151,24.031688633695,48.454462720909,993,24.148618216546,48.364700549765,0.147410225948
1152,24.274685126824,48.278690885668,994,24.395878535421,48.194974911104,0.147296322712
1153,24.526236495329,48.115398171130,995,24.651407889651,48.037976565101,0.147180104078
1154,24.785704132231,47.965000180804,996,24.914528650991,47.894058516205,0.147066231371
1155,25.052377943995,47.827780148196,997,25.184494748140,47.763428205927,0.146955851912
1156,25.325499172504,47.703880722674,998,25.460530488038,47.646155751702,0.146852403619
1157,25.604287616355,47.593310155693,999,25.741853066701,47.542192640145,0.146755761470
1158,25.887968296417,47.495960008978,1000,26.027688225926,47.451348603936,0.146669138409
1159,26.175792394640,47.411626287439,1001,26.317294558705,47.373340095961,0.146590227822
1160,26.467049857783,47.340021500482,1002,26.609989619845,47.307841811524,0.146517261645
1161,26.761075843400,47.280773530688,1003,26.905146004764,47.254495558679,0.146447066233
1162,27.057256467654,47.233420770311,1004,27.202185308469,47.212849304043,0.146381536145
1163,27.355036173688,47.197417789091,1005,27.500580246548,47.182342021274,0.146322779907
1164,27.653924299545,47.172147302230,1006,27.799865355276,47.162264484676,0.146275294670
1165,27.953498694036,47.156929601867,1007,28.099648258686,47.151851270957,0.146237767667
1166,28.253407374139,47.151039704044,1008,28.399614186332,47.150336204004,0.146208504691
1167,28.553367152822,47.153732946261,1009,28.699513177701,47.157031800681,0.146183251532
1168,28.853158505109,47.164273246273,1010,28.999155898222,47.171228634541,0.146162978287
1169,29.152617821021,47.181951620224,1011,29.298402705110,47.192221112546,0.146146142274
1170,29.451629735581,47.206085268249,1012,29.597161563104,47.219328009190,0.146133100323
1171,29.750121403149,47.236005100264,1013,29.895377628027,47.251891322944,0.146122356047
1172,30.048057685657,47.271049703908,1014,30.193028072992,47.289294609802,0.146113961670
1173,30.345435240672,47.310573953670,1015,30.490124395561,47.330887053267,0.146108088611
1174,30.642276556002,47.353955964231,1016,30.786703898598,47.376030174367,0.146104510685
1175,30.938625292987,47.400594681532,1017,31.082823274031,47.424108421100,0.146102545103
1176,31.234541558020,47.449910840586,1018,31.378542896552,47.474592868556,0.146101293641
1177,31.530096180036,47.501355620129,1019,31.673933985491,47.526970618596,0.146100795427
1178,31.825364567817,47.554422400999,1020,31.969075411521,47.580740335341,0.146100788041
1179,32.120422433420,47.608649927882,1021,32.264048047796,47.635430614457,0.146101068710
1180,32.415343559880,47.663617668337,1022,32.558921747133,47.690652544422,0.146101267550
1181,32.710197557515,47.718944979227,1023,32.853757319363,47.746078037503,0.146101362325
1182,33.005046429004,47.774299646401,1024,33.148612059416,47.801401357385,0.146101310651
1183,33.299941722823,47.829406184679,1025,33.443537065459,47.856348306644,0.146100993709
1184,33.594924104353,47.884044198537,1026,33.738570565304,47.910709399660,0.146100440433
1185,33.890023255209,47.938047567213,1027,34.033732775017,47.964366806076,0.146099720800
1186,34.185255947385,47.991315812743,1028,34.329032750777,48.017260814492,0.146098981206
1187,34.480624441632,48.043825882859,1029,34.624471746103,48.069372543367,0.146098182284
1188,34.776118739383,48.095623587879,1030,34.920040415725,48.120744178472,0.146097546156
1189,35.071721592481,48.146798474414,1031,35.215711283243,48.171524800168,0.146097303983
1190,35.367413346341,48.197457448722,1032,35.511450049592,48.221908937951,0.146097389466
1191,35.663174887643,48.247707600719,1033,35.807235417222,48.272018800268,0.146097469540
1192,35.958989275762,48.297645855446,1034,36.103061844362,48.321885747498,0.146097492757
1193,36.254843128442,48.347349853060,1035,36.398926354156,48.371526235500,0.146097479102
1194,36.550727370476,48.396872662130,1036,36.694824074067,48.420968447961,0.146097456791
1195,36.846635698112,48.446251376733,1037,36.990745440924,48.470268965467,0.146097441942
1196,37.142561482404,48.495525390404,1038,37.286681371422,48.519482014795,0.146097440987
1197,37.438496830463,48.544741947431,1039,37.582622543361,48.568663543236,0.146097446467
1198,37.734434049806,48.593947253890,1040,37.878561526495,48.617858237888,0.146097449302
1199,38.030367088537,48.643177693451,1041,38.174489922654,48.667116557660,0.146097435068
1200,38.326292205370,48.692455725602,1042,38.470406348831,48.716446752137,0.146097418525
1201,38.622208013013,48.741789628345,1043,38.766315081244,48.765823078585,0.146097412177
1202,38.918115098573,48.791175821986,1044,39.062217409558,48.815237770741,0.146097410686
1203,39.214015371557,48.840602820197,1045,39.358114261891,48.864685243114,0.146097410275
1204,39.509911298132,48.890055833744,1046,39.654007821193,48.914152419580,0.146097410680
1205,39.805804948881,48.939522463155,1047,39.949900652720,48.963623949278,0.146097410990
1206,40.101697491228,48.988995722386,1048,40.245793416236,49.013095885759,0.146097410924
1207,40.397589653198,49.038471256585,1049,40.541686178822,49.062567827795,0.146097410795
1208,40.693481951254,49.087945976905,1050,40.837578946069,49.112039741959,0.146097410755
1209,40.989374529883,49.137419019173,1051,41.133471716640,49.161511636244,0.146097410752
1210,41.285267264369,49.186891129283,1052,41.429364487679,49.210983527723,0.146097410752
1211,41.581160032049,49.236363040856,1053,41.725257258688,49.260455419386,0.146097410752
1212,41.877052803315,49.285834930978,1054,42.021150029614,49.309927311541,0.146097410751
1213,42.172945574706,49.335306820359,1055,42.317042800530,49.359399203760,0.146097410751
1214,42.468838345804,49.384778711486,1056,42.612935571445,49.408871095985,0.146097410751
1215,42.764731116737,49.434250603605,1057,42.908828342360,49.458342988207,0.146097410751
1216,43.060623887644,49.483722495872,1058,43.204721113276,49.507814880429,0.146097410752
1217,43.356516658556,49.533194388119,1059,43.500613884191,49.557286772651,0.146097410751
1218,43.652409429470,49.582666280344,1060,43.796506655107,49.606758664873,0.146097410752
1219,43.948302200386,49.632138172566,1061,44.092399426022,49.656230557094,0.146097410751
1220,44.244194971301,49.681610064788,1062,44.388292196938,49.705702449316,0.146097410752
1221,44.540087742217,49.731081957009,1063,44.684184967853,49.755174341538,0.146097410752
1222,44.835980513132,49.780553849231,1064,44.980077738768,49.804646233760,0.146097410751
1223,45.131873284048,49.830025741453,1065,45.275970509684,49.854118125982,0.146097410752
1224,45.427766054963,49.879497633675,1066,45.571863280599,49.903590018203,0.146097410751
1225,45.723658825878,49.928969525897,1067,45.867756051515,49.953061910425,0.146097410752
1226,46.019551596794,49.978441418118,1068,46.163648822430,50.002533802647,0.146097410752
1227,46.315444367709,50.027913310340,1069,46.459541593345,50.052005694869,0.146097410751
1228,46.611337138625,50.077385202562,1070,46.755434364261,50.101477587091,0.146097410752
1229,46.907229909540,50.126857094784,1071,47.051327135176,50.150949479313,0.146097410752
1230,47.203122680455,50.176328987006,1072,47.347219906092,50.200421371534,0.146097410752
1231,47.499015451371,50.225800879228,1073,47.643112677007,50.249893263756,0.146097410752
1232,47.794908222286,50.275272771449,1074,47.939005447922,50.299365155978,0.146097410751
1233,48.090800993202,50.324744663671,1075,48.234898218838,50.348837048200,0.146097410752
1234,48.386693764117,50.374216555893,1076,48.530790989753,50.398308940422,0.146097410752
1235,48.682586535032,50.423688448115,1077,48.826683760669,50.447780832643,0.146097410752
1236,48.978479305948,50.473160340337,1078,49.122576531584,50.497252724865,0.146097410752
1237,49.274372076872,50.522632232503,1079,49.418469302499,50.546724617087,0.146097410751
1238,49.570264847844,50.572104124387,1080,49.714362073415,50.596196509309,0.146097410752
1239,49.866157618558,50.621576017816,1081,50.010254844330,50.645668401531,0.146097410752
1240,50.162050388326,50.671047916901,1082,50.306147615246,50.695140293753,0.146097410752
1241,50.457943157126,50.720519821772,1083,50.602040386161,50.744612185974,0.146097410752
1242,50.753835936949,50.769991660716,1084,50.897933156861,50.794084079487,0.146097410752
1243,51.049728748532,50.819463309704,1085,51.193825926615,50.843555978653,0.146097410752
1244,51.345621585648,50.868934805976,1086,51.489718702716,50.893027839856,0.146097410753
1245,51.641514280670,50.918407152110,1087,51.785611494302,50.942499608446,0.146097410753
1246,51.937406502044,50.967882331003,1088,52.081504302987,50.991971274767,0.146097410820
1247,52.233298089522,51.017361300842,1089,52.377396880864,51.041444321527,0.146097411173
1248,52.529189477756,51.066841462208,1090,52.673288975880,51.090920256126,0.146097411600
1249,52.825081971418,51.116315012303,1091,52.969180619854,51.140398888128,0.146097411188
1250,53.120977676375,51.165769350941,1092,53.265074633332,51.189863345586,0.146097411278
1251,53.416878779773,51.215191376768,1093,53.560975060726,51.239289416844,0.146097411750
1252,53.712786578320,51.264573299616,1094,53.856884855012,51.288659372642,0.146097406751
1253,54.008701135852,51.313914704637,1095,54.152804262210,51.337971681517,0.146097396153
1254,54.304621495327,51.363221302620,1096,54.448729258930,51.387250442003,0.146097388991
1255,54.600544876826,51.412509762456,1097,54.744651622668,51.436545005987,0.146097389193
1256,54.896464720825,51.461819450705,1098,55.040564657515,51.485895535654,0.146097397720
1257,55.192370716456,51.511212144852,1099,55.336463844369,51.535329011650,0.146097408519
1258,55.488251654595,51.560754672350,1100,55.632339617113,51.584902382419,0.146097408753
1259,55.784096133836,51.610514373443,1101,55.928170140471,51.634744818366,0.146097343744
1260,56.079891705258,51.660563874838,1102,56.223935160989,51.684974375500,0.146097192586
1261,56.375625439342,51.710977339513,1103,56.519633780761,51.735593462582,0.146097077018
1262,56.671285058071,51.761823524174,1104,56.815266186677,51.786597760846,0.146096982164
1263,56.966861142063,51.813152987492,1105,57.110811735706,51.838102497469,0.146096719533
1264,57.262350670537,51.864978430896,1106,57.406268842233,51.890112617366,0.146096432105
1265,57.557759657206,51.917261161402,1107,57.701646111354,51.942574119464,0.146096055844
1266,57.853104128819,51.969907331332,1108,57.996962552285,51.995377420898,0.146095761282
1267,58.148412809639,52.022754094196,1109,58.292255796271,52.048310390652,0.146095616264
1268,58.443730501321,52.075550411796,1110,58.587584744555,52.101043306324,0.146095622686
1269,58.739116354089,52.127963354807,1111,58.883014848010,52.153205849228,0.146095722311
1270,59.034639487300,52.179594988684,1112,59.178615731091,52.204388902208,0.146095506173
1271,59.330375444945,52.229990298855,1113,59.474466404740,52.254104707664,0.146094864410
1272,59.626401445684,52.278648185377,1114,59.770645629773,52.301816970957,0.146093043191
1273,59.922790734036,52.325035058171,1115,60.067221852700,52.346990173480,0.146090297853
1274,60.219607482684,52.368593726246,1116,60.364250537849,52.389072584352,0.146085581208
1275,60.516902110059,52.408748996396,1117,60.661777488270,52.427462134448,0.146078940123
1276,60.814706142251,52.444917092175,1118,60.959822739827,52.461574245269,0.146069461699
1277,61.113027282016,52.476517035664,1119,61.258380136639,52.490849310941,0.146057750434
1278,61.411845524954,52.502979987820,1120,61.557414246012,52.514731894875,0.146042322187
1279,61.711110078448,52.523761555369,1121,61.856861748229,52.532667936541,0.146023535328
1280,62.010737461099,52.538360570397,1122,62.156622381369,52.544175844020,0.146000778660
1281,62.310612035040,52.546335750099,1123,62.456565825891,52.548850498326,0.145975453493
1282,62.610589089973,52.547314235982,1124,62.756532912561,52.546347784571,0.145947022512
1283,62.910499687310,52.540999089453,1125,63.056345204920,52.536413756292,0.145917580460
1284,63.210157208733,52.527179807249,1126,63.355809703061,52.518907838058,0.145887198131
1285,63.509365557616,52.505740147296,1127,63.654729235236,52.493757089917,0.145856753136
1286,63.807927643559,52.476654525308,1128,63.952902732081,52.460929536249,0.145825414701
1287,64.105652475843,52.439974022555,1129,64.250144428310,52.420515724439,0.145796260903
1288,64.402361184914,52.395815857166,1130,64.546289435269,52.372718690380,0.145769751196
1289,64.697893580761,52.344363846965,1131,64.841194730973,52.317779756856,0.145746126874
1290,64.992112339057,52.285858545518,1132,65.134722057591,52.255897788701,0.145722952102
1291,65.284904168334,52.220579004534,1133,65.426760542330,52.187323826122,0.145702222819
1292,65.576178151315,52.148823484127,1134,65.717240778170,52.112416463939,0.145685056935
1293,65.865861189522,52.070887804163,1135,66.006116855652,52.031536332452,0.145671514743
1294,66.153893319197,51.987051800439,1136,66.293319645374,51.944901037452,0.145658460968
1295,66.440225319970,51.897577507822,1137,66.578811812083,51.852778585230,0.145647379866
1296,66.724814477597,51.802702655922,1138,66.862544040671,51.755370951685,0.145635582090
1297,67.007618249071,51.702629229210,1139,67.144464690751,51.652834504304,0.145624390914
1298,67.288593602555,51.597529829456,1140,67.424527659425,51.545327626958,0.145612972508
1299,67.567702731037,51.487568478701,1141,67.702716469923,51.433056269590,0.145603195810
1300,67.844912809006,51.372902451592,1142,67.978992441302,51.316157859928,0.145592913563
1301,68.120194311879,51.253679442557,1143,68.253322624323,51.194760676519,0.145583544969
1302,68.393523185027,51.130044274222,1144,68.525686325039,51.069013573145,0.145574180581
1303,68.664880974715,51.002139758228,1145,68.796081615715,50.939085238915,0.145566069552
1304,68.934252363577,50.870102166573,1146,69.064474381999,50.805070193783,0.145557313684
1305,69.201625161639,50.734062067387,1147,69.330857408503,50.667100952462,0.145549869603
1306,69.466990872936,50.594146402435,1148,69.595231663207,50.525320904447,0.145542603600
1307,69.730340891591,50.450472051099,1149,69.857596252228,50.379853842872,0.145536449538
1308,69.991661618374,50.303138501098,1150,70.117918118326,50.230763026121,0.145529767258
1309,70.250933592825,50.152228411628,1151,70.376185849380,50.078139740275,0.145524083900
1310,70.508130204991,49.997807623073,1152,70.632374448887,49.922052617999,0.145517878403
1311,70.763215383723,49.839923318130,1153,70.886435084469,49.762524480681,0.145511768219
1312,71.016144612884,49.678607789911,1154,71.138303298834,49.599557940808,0.145504718811
1313,71.266869222411,49.513886649956,1155,71.387943163389,49.433196886849,0.145498237289
1314,71.515338115960,49.345782318542,1156,71.635305212036,49.263468486200,0.145491137654
1315,71.761498113381,49.174314870062,1157,71.880329353366,49.090381526395,0.145484259545
1316,72.005296659379,48.999506183734,1158,72.122958491281,48.913953733348,0.145476900068
1317,72.246684028686,48.821382806546,1159,72.363163093694,48.734237999321,0.145470237545
1318,72.485611318102,48.639972959592,1160,72.600883922717,48.551250511122,0.145462868930
1319,72.722028988107,48.455304465267,1161,72.836065423541,48.365009950864,0.145455862507
1320,72.955889068227,48.267407627244,1162,73.068662869413,48.175552633637,0.145448513518
1321,73.187145976826,48.076316026781,1163,73.298649216083,47.982933223724,0.145441810603
1322,73.415753855414,47.882063142648,1164,73.525957813597,47.787162065996,0.145434269513
1323,73.641667148033,47.684682984771,1165,73.750544456543,47.588273300196,0.145427286258
1324,73.864843063318,47.484212897910,1166,73.972376946411,47.386317864598,0.145419990235
1325,74.085240611201,47.280692208465,1167,74.191421056813,47.181340815703,0.145413157156
1326,74.302818353032,47.074159709747,1168,74.407612862148,46.973358461982,0.145405573111
1327,74.517536778556,46.864656113109,1169,74.620927207025,46.762424954377,0.145398729412
1328,74.729359852871,46.652225516725,1170,74.831336686527,46.548594348980,0.145391518084
1329,74.938252666211,46.436912766647,1171,75.038801386445,46.331904906960,0.145384647528
1330,75.144180423581,46.218762458539,1172,75.243268544852,46.112385402111,0.145377212489
1331,75.347111888295,45.997822085719,1173,75.444730196735,45.890103513688,0.145370646635
1332,75.547018079437,45.774140701548,1174,75.643156275429,45.665108379361,0.145363681881
1333,75.743867486485,45.547764535167,1175,75.838503047004,45.437434052245,0.145357162797
1334,75.937624941873,45.318736366497,1176,76.030725366193,45.207116265739,0.145350390099
1335,76.128250183238,45.087094721480,1177,76.219815508386,44.974219329433,0.145344634917
1336,76.315692974563,44.852870520299,1178,76.405693285366,44.738751770426,0.145338037062
1337,76.499884673695,44.616081418825,1179,76.588275911267,44.500719509493,0.145331968280
1338,76.680732985118,44.376729445113,1180,76.767469850868,44.260126928675,0.145325258368
1339,76.858120131322,44.134801710122,1181,76.943175583907,44.016974921787,0.145318897821
1340,77.031901331409,43.890271558689,1182,77.115222736220,43.771222277109,0.145310660120
1341,77.201912662465,43.643106255445,1183,77.283399246403,43.522805125309,0.145301153725
1342,77.367983089931,43.393276756388,1184,77.447541444210,43.271705046313,0.145290097481
1343,77.529945449109,43.140765341512,1185,77.607488684791,43.017912596359,0.145278182780
1344,77.687644488973,42.885570270698,1186,77.763077049786,42.761425771193,0.145265026721
1345,77.840943345980,42.627708422932,1187,77.914207895938,42.502287103903,0.145252199802
1346,77.989738116556,42.367221813539,1188,78.060819027392,42.240565228516,0.145239066421
1347,78.133967398054,42.104179831568,1189,78.202855927660,41.976332710983,0.145225740670
1348,78.273612958930,41.838675742963,1190,78.340250060088,41.709657059614,0.145211307768
1349,78.408697824279,41.570822013437,1191,78.473042507803,41.440659141808,0.145198524264
1350,78.539273662068,41.300740976939,1192,78.601387964309,41.169510485168,0.145188251981
1351,78.665409003798,41.028557231534,1193,78.725388979790,40.896347162222,0.145179543832
1352,78.787183915510,40.754394341884,1194,78.845104714662,40.621278498349,0.145171094831
1353,78.904687091151,40.478373087386,1195,78.960612031743,40.344415675954,0.145162622799
1354,79.018009941344,40.200608896868,1196,79.071952540970,40.065851000755,0.145153348632
1355,79.127244082946,39.921210982696,1197,79.179225823268,39.785694006316,0.145144590716
1356,79.232497202078,39.640288575707,1198,79.282550345385,39.504056463658,0.145136161959
1357,79.333907432717,39.357955508433,1199,79.382117971023,39.221067699309,0.145129350203
1358,79.431640104299,39.074327726374,1200,79.478099040896,38.936842218245,0.145123043433
1359,79.525882899818,38.789520591689,1201,79.570679734649,38.651489997359,0.145117887877
1360,79.616837519566,38.503645689760,1202,79.660073447532,38.365122913187,0.145113421490
1361,79.704711819437,38.216808306900,1203,79.746499705395,38.077845485165,0.145109935006
1362,79.789713519041,37.929105992087,1204,79.830142088950,37.789744928987,0.145106771631
1363,79.872046364964,37.640628059552,1205,79.911214417346,37.500909858512,0.145104486593
1364,79.951907911784,37.351455770002,1206,79.989899958846,37.211415284360,0.145102492256
1365,80.029480873864,37.061660782691,1207,80.066389215792,36.921332086467,0.145101235997
1366,80.104923240272,36.771303560291,1208,80.140812930776,36.630712095642,0.145100068286
1367,80.178357556753,36.480431797454,1209,80.213303069050,36.339603342855,0.145099422654
1368,80.249866796962,36.189080671371,1210,80.283942077775,36.048039965370,0.145098606167
1369,80.319500221891,35.897275472430,1211,80.352753335497,35.756039665319,0.145097631872
1370,80.387283317683,35.605034889084,1212,80.419707516496,35.463608176288,0.145095981202
1371,80.453234504250,35.312375411570,1213,80.484790669806,35.170754442310,0.145094074719
1372,80.517380952451,35.019315014984,1214,80.548065427925,34.877504595241,0.145092150659
1373,80.579769061121,34.725875170033,1215,80.609592139150,34.583882894661,0.145090393370
1374,80.640470947462,34.432081745638,1216,80.669475067496,34.289921357922,0.145088989294
1375,80.699587999407,34.137965157773,1217,80.727850279801,33.995656514978,0.145087926125
1376,80.757252981551,33.843560240132,1218,80.784841854854,33.701120435929,0.145087021306
1377,80.813615510389,33.548903025424,1219,80.840569542999,33.406342465766,0.145086295162
1378,80.868822942997,33.254027060470,1220,80.895177110146,33.111354786045,0.145085905641
1379,80.923007150743,32.958961251958,1221,80.948860847216,32.816197396183,0.145085947414
1380,80.976275637877,32.663728677222,1222,81.001770519464,32.520900211255,0.145086042325
1381,81.028715236944,32.368347690281,1223,81.053905687963,32.225465349220,0.145085913201
1382,81.080397975818,32.072833292812,1224,81.105283000125,31.929897691229,0.145085666538
1383,81.131385299878,31.777198081398,1225,81.155945644190,31.634206692767,0.145085311922
1384,81.181735238416,31.481453616858,1226,81.205964794521,31.338406088729,0.145085032628
1385,81.231514147798,31.185612465881,1227,81.255456338137,31.042516703200,0.145084891617
1386,81.280808725882,30.889690186162,1228,81.304520166452,30.746556058609,0.145084840298
1387,81.329718247836,30.593703987882,1229,81.353265578362,30.450542769725,0.145084841245
1388,81.378339664182,30.297670302666,1230,81.401773379676,30.154490441079,0.145084843405
1389,81.426762031691,30.001603979185,1231,81.450114426977,29.858410824808,0.145084850436
1390,81.475061934063,29.705517644809,1232,81.498371344008,29.562317479171,0.145084858034
1391,81.523305052491,29.409422049871,1233,81.546597833903,29.266219175188,0.145084861317
1392,81.571548194740,29.113326458777,1234,81.594848702600,28.970124844202,0.145084858216
1393,81.619837837629,28.817238449475,1235,81.643167492269,28.674041590626,0.145084848174
1394,81.668208908192,28.521163733899,1236,81.691576744944,28.377973116080,0.145084833205
1395,81.716681343599,28.225105597601,1237,81.740105975490,28.081924287152,0.145084806376
1396,81.765259214586,27.929064742854,1238,81.788747633982,27.785893905512,0.145084783871
1397,81.813931866767,27.633039455042,1239,81.837480734752,27.489878563308,0.145084768689
1398,81.862677543614,27.337026181617,1240,81.886281260231,27.193874326652,0.145084764941
1399,81.911469368067,27.041020510058,1241,81.935107356567,26.897874305864,0.145084769274
1400,81.960281403007,26.745018170159,1242,81.983928696575,26.601873500614,0.145084771469
1401,82.009096874480,26.449016396947,1243,82.032734775978,26.305870178764,0.145084768902
1402,82.057912536474,26.153014655156,1244,82.081531875160,26.009865376253,0.145084765604
1403,82.106737659152,25.857014473866,1245,82.130332252905,25.713861114268,0.145084765632
1404,82.155601383212,25.561020663839,1246,82.179167227369,25.417862559449,0.145084774747
1405,82.204533776739,25.265038199293,1247,82.228055707580,25.121872836923,0.145084810415
1406,82.253516676987,24.969064086707,1248,82.276995713285,24.825891629492,0.145084863616
1407,82.302462472386,24.673083839429,1249,82.325956919274,24.529913927118,0.145084846989
1408,82.351230993916,24.377074355184,1250,82.374861889048,24.233926931781,0.145084816682
1409,82.399667463654,24.081010398745,1251,82.423328226524,23.937868016998,0.145084710262
1410,82.447638379012,23.784870699581,1252,82.471061122589,23.641689978585,0.145083919790
1411,82.495050044605,23.488640985372,1253,82.518051926044,23.345393295579,0.145082690838
1412,82.541868073476,23.192316868760,1254,82.564452864296,23.049003520843,0.145082006009
1413,82.588137498921,22.895906554220,1255,82.610477513426,22.752555029257,0.145081825041
1414,82.633993897993,22.599431996089,1256,82.656250168072,22.456067503283,0.145081767826
1415,82.679644557161,22.302925646974,1257,82.701901368711,22.159561234741,0.145081771271
1416,82.725333979536,22.006425276158,1258,82.747694138221,21.863076835454,0.145081880842
1417,82.771345478362,21.709974799326,1259,82.793914249940,21.566658839002,0.145082093775
1418,82.818021339908,21.413628412406,1260,82.840951700174,21.270369805500,0.145082148710
1419,82.865777678161,21.117454648120,1261,82.889293771637,20.974291343085,0.145081834015
1420,82.915099892712,20.821538318326,1262,82.939443896906,20.678514614482,0.145080703064
1421,82.966517242027,20.525979821153,1263,82.991977493803,20.383153154766,0.145078189442
1422,83.020590197421,20.230896963079,1264,83.047448533326,20.088330575869,0.145074273976
1423,83.077898914242,19.936427096112,1265,83.106452636085,19.794196813017,0.145068151089
1424,83.139031446778,19.642729271647,1266,83.169560542806,19.500917942118,0.145060259503
1425,83.204579499457,19.349987652214,1267,83.237341764222,19.208686533865,0.145049550290
1426,83.275128364937,19.058413500801,1268,83.310405676740,18.917733782717,0.145035415703
1427,83.351250935087,18.768247637818,1269,83.389306427010,18.628312336224,0.145017616508
1428,83.433496024459,18.479760622921,1270,83.474606450785,18.340715605736,0.144995117010
1429,83.522375771197,18.193251526813,1271,83.566776452645,18.055249091407,0.144969281888
1430,83.618353646108,17.909044922128,1272,83.666258308068,17.772251697592,0.144938755743
1431,83.721832141626,17.627485887227,1273,83.773432101851,17.492079458563,0.144904992387
1432,83.833147057548,17.348935085661,1274,83.888577143348,17.215091007797,0.144867979868
1433,83.952560546290,17.073761601984,1275,84.011937287103,16.941665022670,0.144827841302
1434,84.080261639073,16.802337358473,1276,84.143654884229,16.672167530534,0.144785661020
1435,84.216352521044,16.535022885778,1277,84.283832311505,16.406974435841,0.144740898339
1436,84.360853001099,16.272160440495,1278,84.432454430914,16.146420413464,0.144697336359
1437,84.513740118488,16.014086963096,1279,84.589473483568,15.890840837434,0.144655280156
1438,84.674981767985,15.761150751226,1280,84.754788416643,15.640546918192,0.144618068417
1439,84.844550351196,15.513721663967,1281,84.928230313833,15.395814903262,0.144583333641
1440,85.022411071287,15.272186467483,1282,85.109895312562,15.157129659911,0.144539134632
1441,85.208512124693,15.036943905697,1283,85.299846411424,14.924985902921,0.144487183924
1442,85.402778222046,14.808399909276,1284,85.498049740796,14.699851329389,0.144428032183
1443,85.605103173925,14.586960657142,1285,85.704282913296,14.482045634620,0.144373760263
1444,85.815340247550,14.373020624133,1286,85.918277865113,14.271863469746,0.144322288622
1445,86.033289043497,14.166943418180,1287,86.139826327592,14.069659047392,0.144272109925
1446,86.258706326976,13.969064248954,1288,86.368699627316,13.875786740485,0.144219345810
1447,86.491326580426,13.779705956661,1289,86.604658728645,13.690604544293,0.144163925814
1448,86.730870799509,13.599187555049,1290,86.847405028113,13.514413515522,0.144107127562
1449,86.977037151766,13.427810169155,1291,87.096641024885,13.347530774530,0.144048143571
