path_index,path_x,path_y,roi_index,roi_x,roi_y,distance_m
0,87.221872469517,8.382987274515,900,87.221892762760,8.383056662327,0.000072294427
1,87.520331964093,8.352623976283,901,87.520343857511,8.352677965093,0.000055283315
2,87.819221276789,8.326832926615,902,87.819223751937,8.326855124668,0.000022335620
3,88.118466734704,8.305568990337,903,88.118459694747,8.305549661833,0.000020570661
4,88.417997393476,8.288794515994,904,88.417981529510,8.288732955098,0.000063572080
5,88.717743860589,8.276463522430,905,88.717720427097,8.276371230945,0.000095219991
6,89.017638322129,8.268506804797,906,89.017608639524,8.268407344000,0.000103795507
7,89.317615712087,8.264824067755,907,89.317580584497,8.264744672543,0.000086819049
8,89.617615356106,8.265282813521,908,89.617574931614,8.265240219748,0.000058722816
9,89.917582475929,8.269723972301,909,89.917536744610,8.269717923590,0.000046129605
10,90.217469056376,8.277972357924,910,90.217418351304,8.277989871463,0.000053644462
11,90.517233879108,8.289848730830,911,90.517178935387,8.289874109838,0.000060521951
12,90.816841849805,8.305180438542,912,90.816783671162,8.305199043479,0.000061081078
13,91.116263072784,8.323806462331,913,91.116202670340,8.323808081543,0.000060424143
14,91.415472234912,8.345575132109,914,91.415410358904,8.345555777247,0.000064832485
15,91.714448495684,8.370337872931,915,91.714385462050,8.370299529216,0.000073779940
16,92.013175776725,8.397942393758,916,92.013111281912,8.397893351686,0.000081022872
17,92.311643299826,8.428226644776,917,92.311576760717,8.428176552177,0.000083286983
18,92.609846229317,8.461014009363,918,92.609777174200,8.460970000678,0.000081886345
19,92.907786009591,8.496112243067,919,92.907713962997,8.496080469530,0.000078741789
20,93.205470129455,8.533316593703,920,93.205394516702,8.533303259006,0.000076779571
21,93.502911390435,8.572415128467,921,93.502832055991,8.572422533118,0.000079679250
22,93.800126674534,8.613195935865,922,93.800044305627,8.613219871693,0.000085776225
23,94.097135586206,8.655453549454,923,94.097051414346,8.655486069443,0.000090235534
24,94.393959243644,8.698993370704,924,94.393874238680,8.699028616622,0.000092022382
25,94.690619305671,8.743634241531,925,94.690533827248,8.743670518171,0.000092857716
26,94.987136927752,8.789211644028,926,94.987050527587,8.789252422592,0.000095539939
27,95.283531774871,8.835580755266,927,95.283443833725,8.835630348522,0.000100961063
28,95.579821290523,8.882618217204,928,95.579732247665,8.882674051809,0.000105100588
29,95.876020168660,8.930223096416,929,95.875932242448,8.930271487658,0.000100362996
30,96.172140057526,8.978316873220,930,96.172055712416,8.978342825938,0.000088247613
31,96.468189958445,9.026839611461,931,96.468110425219,9.026835884219,0.000079620515
32,96.764177167118,9.075743315529,932,96.764102289674,9.075711145183,0.000081495783
33,97.060108726369,9.124982651603,933,97.060036884247,9.124932033583,0.000087883300
34,97.355993074939,9.174504891648,934,97.355921192552,9.174454381743,0.000087854015
35,97.651841246620,9.224242797794,935,97.651765787437,9.224213495730,0.000080948744
36,97.947666497436,9.274116848949,936,97.947584663737,9.274125329030,0.000082271903
37,98.243482692918,9.324044581627,937,98.243393997382,9.324093699873,0.000101387871
38,98.539302325667,9.373951944602,938,98.539209274084,9.374026858830,0.000119460197
39,98.835134542427,9.423784659999,939,98.835041677429,9.423858434819,0.000118602833
40,99.130983755249,9.473516372919,940,99.130894985482,9.473565751800,0.000101579257
41,99.426849518226,9.523149530146,941,99.426766665912,9.523163607394,0.000084039722
42,99.722727543171,9.572709537762,942,99.722650649051,9.572688027743,0.000079846018
43,100.018611661611,9.622233152881,943,100.018539307916,9.622184507915,0.000087185951
44,100.314496052307,9.671755141356,944,100.314425861762,9.671693568023,0.000093370166
45,100.610377042631,9.721297442119,945,100.610306504246,9.721237942817,0.000092281259
46,100.906253875985,9.770864563117,946,100.906180960236,9.770819251396,0.000085847880
47,101.202128575970,9.820444416979,947,101.202052324279,9.820419008831,0.000080373468
48,101.498005145312,9.870013113897,948,101.497925654452,9.870007033763,0.000079723051
49,101.793888335923,9.919542272100,949,101.793806663731,9.919549211523,0.000081966472
50,102.089782486912,9.969005909334,950,102.089700394327,9.969015346187,0.000082633206
51,102.385690871099,10.018384327351,951,102.385610077947,10.018385955536,0.000080809556
52,102.681615602487,10.067664681949,952,102.681536859890,10.067653973778,0.000079467362
53,102.977558069383,10.116838417662,953,102.977480802452,10.116818806323,0.000079716895
54,103.273519459938,10.165898129208,954,103.273442098995,10.165879061199,0.000079676248
55,103.569501101209,10.214835518044,955,103.569421943288,10.214827287577,0.000079584653
56,103.865504405459,10.263641704820,956,103.865422531228,10.263649907093,0.000082284063
57,104.161530378045,10.312310211569,957,104.161446285138,10.312331862407,0.000086835338
58,104.457578890182,10.360841422738,958,104.457494201915,10.360866663140,0.000088369567
59,104.753648092657,10.409246250421,959,104.753564704325,10.409263509141,0.000085155606
60,105.049734194865,10.457547596961,960,105.049653387520,10.457549017414,0.000080819829
61,105.345831714196,10.505778904693,961,105.345753774062,10.505762716628,0.000079603505
62,105.641934209628,10.553979653639,962,105.641858664529,10.553948750271,0.000081621567
63,105.938035378422,10.602188551557,963,105.937961353134,10.602148309180,0.000084256704
64,106.234130053391,10.650437317903,964,106.234056339795,10.650395153514,0.000084920728
65,106.530214765068,10.698747187599,965,106.530139831798,10.698712484608,0.000082579008
66,106.826287621187,10.747129662401,966,106.826210200376,10.747110166210,0.000079837857
67,107.122347707137,10.795590218579,967,107.122267707993,10.795586460256,0.000080087378
68,107.418394371533,10.844132699954,968,107.418313066732,10.844136892993,0.000081412851
69,107.714426651488,10.892762826647,969,107.714345971441,10.892763201953,0.000080680920
70,108.010442911987,10.941490370366,970,108.010364120999,10.941479246045,0.000079572422
71,108.306440753523,10.990329676275,971,108.306364034296,10.990305961622,0.000080300837
72,108.602417361868,11.039297495369,972,108.602342296969,11.039263738901,0.000082305760
73,108.898370282567,11.088408275483,973,108.898296378348,11.088367476835,0.000084417790
74,109.194298291290,11.137668945874,974,109.194224941675,11.137624767319,0.000085626578
75,109.490201977066,11.187075511627,975,109.490128155254,11.187034119463,0.000084634338
76,109.786083720824,11.236613312424,976,109.786008321347,11.236581313902,0.000081908403
77,110.081947322743,11.286259350106,977,110.081869925121,11.286239243540,0.000079966655
78,110.377797558345,11.335984978245,978,110.377718827977,11.335972795747,0.000079667334
79,110.673639845356,11.385757874643,979,110.673560957472,11.385746627802,0.000079685568
80,110.969479945194,11.435543769514,980,110.969401435020,11.435530277930,0.000079660970
81,111.265323659268,11.485308182924,981,111.265245041434,11.485295328164,0.000079661839
82,111.561176601425,11.535017705298,982,111.561096885648,11.535011373749,0.000079966828
83,111.857044032995,11.584640914916,983,111.856962656046,11.584644463447,0.000081454281
84,112.152930625074,11.634149748703,984,112.152847788565,11.634161982116,0.000083734960
85,112.448840091567,11.683521680338,985,112.448756594562,11.683537823719,0.000085043275
86,112.744774739389,11.732742450467,986,112.744691675298,11.732755937403,0.000084151890
87,113.040735238771,11.781807537842,987,113.040653647002,11.781812092595,0.000081718802
88,113.336720779248,11.830721337766,988,113.336641204838,11.830713641328,0.000079945743
89,113.632729603001,11.879494037670,989,113.632651910588,11.879474884618,0.000080018438
90,113.928759658553,11.928137703300,990,113.928683077099,11.928111762312,0.000080855760
91,114.224809124543,11.976663095454,991,114.224732711640,11.976636102623,0.000081040389
92,114.520876802502,12.025077246944,992,114.520799954295,12.025052892468,0.000080615057
93,114.816962305946,12.073382263734,993,114.816884980847,12.073360806416,0.000080247040
94,115.113066069010,12.121575224789,994,115.112988547429,12.121554946487,0.000080129926
95,115.409189291222,12.169648473712,995,115.409111530087,12.169629638722,0.000080009693
96,115.705333858624,12.217590054753,996,115.705255290092,12.217576168944,0.000079786151
97,116.001502105352,12.265385134237,997,116.001421607012,12.265383158928,0.000080522572
98,116.297696294269,12.313019181344,998,116.297612693276,12.313036438452,0.000085363539
99,116.593917828186,12.360482881540,999,116.593830727752,12.360521909155,0.000095444436
100,116.890166252941,12.407778450298,1000,116.890076675652,12.407832929729,0.000104843213
101,117.186438086967,12.454927155054,1001,117.186348285678,12.454983003338,0.000105751134
102,117.482726185861,12.501973541246,1002,117.482638913242,12.502013450567,0.000095964910
103,117.779019673841,12.548985975554,1003,117.778937529175,12.548993554408,0.000082493547
104,118.075304557762,12.596052604433,1004,118.075229479545,12.596015647537,0.000083681245
105,118.371565534314,12.643269484432,1005,118.371498024529,12.643184913339,0.000108212018
106,118.667788706177,12.690722960886,1006,118.667728006457,12.690595671438,0.000141021486
107,118.963964472643,12.738471419835,1007,118.963907716569,12.738319411223,0.000162258652
108,119.260089888503,12.786531154127,1008,119.260031685060,12.786387834008,0.000154687741
109,119.556169927080,12.834869655812,1009,119.556104521773,12.834770292022,0.000118958047
110,119.852217059217,12.883409284480,1010,119.852140267518,12.883379277574,0.000082446221
111,120.148249003918,12.932041451983,1011,120.148159100226,12.932091192748,0.000102746375
112,120.444285091354,12.980648395224,1012,120.444182605551,12.980774675883,0.000162635005
113,120.740341367263,13.029132222289,1013,120.740228743888,13.029320289121,0.000219210306
114,121.036425660371,13.077444657217,1014,121.036306866860,13.077670440517,0.000255127413
115,121.332534217273,13.125608155106,1015,121.332414346675,13.125840529735,0.000261470703
116,121.628650006991,13.173727164593,1016,121.628533997886,13.173935763455,0.000238687238
117,121.924742517796,13.221989209748,1017,121.924633064498,13.222157357954,0.000200633606
118,122.220768416799,13.270658162766,1018,122.220665478105,13.270785821110,0.000163990937
119,122.516672411454,13.320062875757,1019,122.516574548242,13.320158058917,0.000136517553
120,122.812387985665,13.370583155713,1020,122.812293588444,13.370654115180,0.000118093528
121,123.107837689985,13.422635739691,1021,123.107745929380,13.422685262823,0.000104271517
122,123.402932692942,13.476662938938,1022,123.402843254158,13.476690108860,0.000093474600
123,123.697571732983,13.533123853314,1023,123.697483851399,13.533129525819,0.000088064465
124,123.991639810801,13.592486839276,1024,123.991552051940,13.592474469959,0.000088626281
125,124.285006643203,13.655223589537,1025,124.284916458892,13.655200863920,0.000093003567
126,124.577524853586,13.721805076533,1026,124.577428911597,13.721781724149,0.000098743096
127,124.869027806123,13.792699547357,1027,124.868924117980,13.792677981314,0.000105907154
128,125.159326768711,13.868373247736,1028,125.159216328035,13.868343345253,0.000114417225
129,125.448208232532,13.949289842121,1029,125.448094743365,13.949232406121,0.000127195460
130,125.735432316649,14.035905768477,1030,125.735321237970,14.035797765819,0.000154929168
131,126.020732683471,14.128661846748,1031,126.020628686504,14.128485477822,0.000204747081
132,126.303819975591,14.227967275849,1032,126.303723788232,14.227718689543,0.000266546730
133,126.584389464210,14.334178087109,1033,126.584297675253,14.333865508556,0.000325776863
134,126.862132259365,14.447575189973,1034,126.862036446727,14.447218772844,0.000369070767
135,127.136749022534,14.568345982253,1035,127.136634390298,14.567978822836,0.000384638255
136,127.407962959391,14.696576008281,1036,127.407812106846,14.696233338989,0.000374404506
137,127.675527569742,14.832256178907,1037,127.675323493531,14.831968702116,0.000352547877
138,127.939227143499,14.975303224713,1038,127.938958712111,14.975087615003,0.000344300678
139,128.198870730328,15.125586710214,1039,128.198539869353,15.125435162212,0.000363917273
140,128.454278979991,15.282960600992,1040,128.453898957490,15.282847450809,0.000396509855
141,128.705266928144,15.447292469738,1041,128.704854916214,15.447188498383,0.000424928080
142,128.951627588718,15.618483401329,1042,128.951200918303,15.618361878820,0.000443638776
143,129.193118066277,15.796478498408,1043,129.192694358453,15.796314570909,0.000454313268
144,129.429452559295,15.981264606032,1044,129.429045959429,15.981040093887,0.000464466527
145,129.660304433401,16.172856099542,1045,129.659923673588,16.172561016642,0.000481717711
146,129.885312667698,16.371277795860,1046,129.884958377186,16.370912245721,0.000509066470
147,130.104090353219,16.576548795320,1047,130.103753925941,16.576122750641,0.000542860371
148,130.316235378523,16.788667460652,1048,130.315907499484,16.788190572845,0.000578728473
149,130.521341274697,17.007599847338,1049,130.521020126326,17.007073574854,0.000616521697
150,130.719006847663,17.233272434388,1050,130.718694800371,17.232694409720,0.000656875962
151,130.908845076368,17.465567973267,1051,130.908544468361,17.464936291316,0.000699562192
152,131.090490219486,17.704324725127,1052,131.090202042267,17.703638900851,0.000743909300
153,131.263604190392,17.949337523726,1053,131.263326640555,17.948599402184,0.000788579307
154,131.427884431351,18.200358828479,1054,131.427616725103,18.199569648770,0.000833349415
155,131.583072075678,18.457100847937,1055,131.582814637715,18.456261267341,0.000878162788
156,131.728958273899,18.719239868597,1056,131.728710754327,18.718351314345,0.000922385276
157,131.865389357290,18.986421813877,1057,131.865151951027,18.985485690276,0.000965758318
158,131.992269937580,19.258269085061,1058,131.992043338783,19.257286832526,0.001008051119
159,132.109564597695,19.534387857869,1059,132.109348826039,19.533361531479,0.001048762732
160,132.217299892505,19.814374856841,1060,132.217094783264,19.813306843077,0.001087530782
161,132.315565053611,20.097824282298,1061,132.315368104227,20.096717920186,0.001123755393
162,132.404509148945,20.384335324895,1062,132.404310683202,20.383196191683,0.001156292837
163,132.484333822801,20.673519810315,1063,132.484122513929,20.672353417102,0.001185379503
164,132.555281538347,20.965009236432,1064,132.555054403848,20.963818377954,0.001212325862
165,132.617622637058,21.258459865487,1065,132.617391040759,21.257244017945,0.001237708403
166,132.671643490866,21.553555531737,1066,132.671426844649,21.552313161716,0.001261118096
167,132.717634364926,21.850008840067,1067,132.717447971355,21.848739899704,0.001282556902
168,132.755879491153,22.147560605286,1068,132.755730537894,22.146266732918,0.001302418050
169,132.786653423164,22.445977636677,1069,132.786549457927,22.444660640827,0.001321093048
170,132.810224818003,22.745049810407,1070,132.810176393702,22.743711403727,0.001339282403
171,132.826866183266,23.044587549250,1071,132.826874944389,23.043230300937,0.001357276590
172,132.836862539512,23.344420638771,1072,132.836917281997,23.343047556262,0.001374173321
173,132.840516072288,23.644398100783,1073,132.840598474288,23.643011784478,0.001388763115
174,132.838149521066,23.944388506533,1074,132.838247073084,23.942990874005,0.001401032862
175,132.830110190018,24.244280540360,1075,132.830222964556,24.242873291289,0.001411760619
176,132.816770153004,24.543983601653,1076,132.816898577333,24.542568358447,0.001421058106
177,132.798520929594,24.843427862822,1077,132.798657151405,24.842005700154,0.001428671773
178,132.775766345899,25.142563527131,1078,132.775901431805,25.141135137491,0.001434763104
179,132.748914829056,25.441359324244,1079,132.749048663047,25.439925818873,0.001439739277
180,132.718374708898,25.739800687592,1080,132.718512586720,25.738363594569,0.001443692021
181,132.684551309001,26.037887815941,1081,132.684697489538,26.036448537060,0.001446683258
182,132.647841759610,26.335633307532,1082,132.647995966758,26.334192628415,0.001448908610
183,132.608630170333,26.633059648971,1083,132.608786906764,26.631617545352,0.001450596138
184,132.567285707410,26.930197023927,1084,132.567441321641,26.928753527091,0.001451860498
185,132.524161392602,27.227081316321,1085,132.524315116316,27.225636714024,0.001452758334
186,132.479591966543,27.523752110123,1086,132.479742503037,27.522306507567,0.001453419411
187,132.433891620126,27.820250802907,1087,132.434037870509,27.818804243270,0.001453933959
188,132.387350729189,28.116618722586,1088,132.387492396627,28.115171295122,0.001454343813
189,132.340232781189,28.412895448629,1089,132.340367691850,28.411446888230,0.001454829240
190,132.292773108731,28.709117627736,1090,132.292898063644,28.707667459066,0.001455542134
191,132.245175420652,29.005317661643,1091,132.245287585790,29.003865437370,0.001456549469
192,132.197605172732,29.301522103545,1092,132.197703336204,29.300067624677,0.001457787655
193,132.150184459252,29.597750521630,1093,132.150276610508,29.596295061597,0.001458374356
194,132.102989918494,29.894015057124,1094,132.103095706888,29.892561741645,0.001457160618
195,132.056054198111,30.190320706472,1095,132.056192887692,30.188872575185,0.001454757377
196,132.009371552082,30.486666332941,1096,132.009548761736,30.485224248978,0.001452931319
197,131.962905610299,30.783046015320,1097,131.963115877063,30.781609102102,0.001452216137
198,131.916599987358,31.079450787947,1098,131.916835381360,31.078017794924,0.001452198107
199,131.870392604580,31.375870891461,1099,131.870648485946,31.374441090373,0.001452517272
200,131.824229594776,31.672297908660,1100,131.824499804380,31.670870338576,0.001452917608
201,131.778072043807,31.968725775918,1101,131.778341804892,31.967298135625,0.001452903248
202,131.731895822234,32.265150735320,1102,131.732150189293,32.263720696108,0.001452485714
203,131.685689941558,32.561571072994,1103,131.685925825572,32.560138151885,0.001452206656
204,131.639454677684,32.857986828939,1104,131.639681483699,32.856552491634,0.001452158557
205,131.593199205918,33.154399432132,1105,131.593424626348,33.152964878557,0.001452156441
206,131.546936534036,33.450810911650,1106,131.547158423812,33.449375806997,0.001452157167
207,131.500677186865,33.747222910056,1107,131.500891352620,33.745786599832,0.001452189392
208,131.454426620520,34.043636278702,1108,131.454635932830,34.042199210991,0.001452231128
209,131.408186446661,34.340051268743,1109,131.408400258462,34.338614902788,0.001452192358
210,131.361956512964,34.636467856049,1110,131.362179903356,34.635032983820,0.001452157561
211,131.315735079345,34.932885768926,1111,131.315964518592,34.931451839851,0.001452169053
212,131.269518602048,35.229304454616,1112,131.269747897205,35.227870503073,0.001452168481
213,131.223303056455,35.525723285572,1113,131.223529253114,35.524288850916,0.001452159671
214,131.177085861812,35.822141859415,1114,131.177309774905,35.820707068700,0.001452157523
215,131.130866812312,36.118560144046,1115,131.131090109809,36.117125257343,0.001452157575
216,131.084646918437,36.414978297016,1116,131.084870366967,36.413543433863,0.001452157537
217,131.038426945389,36.711396437641,1117,131.038650580101,36.709961603519,0.001452157513
218,130.992207083410,37.007814595584,1118,130.992430779312,37.006379771004,0.001452157510
219,130.945987272510,37.304232761493,1119,130.946210982129,37.302797939051,0.001452157509
220,130.899767472112,37.600650929038,1120,130.899991191778,37.599216108163,0.001452157510
221,130.853547678930,37.897069097709,1121,130.853771405863,37.895634277967,0.001452157510
222,130.807327891640,38.193487267299,1122,130.807551621395,38.192052447997,0.001452157509
223,130.761108107107,38.489905437318,1123,130.761331836766,38.488470618001,0.001452157510
224,130.714888322914,38.786323607391,1124,130.715112051694,38.784888787937,0.001452157509
225,130.668668538216,39.082741777385,1125,130.668892266361,39.081306957832,0.001452157509
226,130.622448753036,39.379159947303,1126,130.622672480961,39.377725127716,0.001452157510
227,130.576228967647,39.675578117189,1127,130.576452695589,39.674143297605,0.001452157509
228,130.530009182248,39.971996287074,1128,130.530232910264,39.970561467501,0.001452157509
229,130.483789396918,40.268414456969,1129,130.484013124975,40.266979637402,0.001452157510
230,130.437569611684,40.564832626879,1130,130.437793339722,40.563397807310,0.001452157509
231,130.391349826564,40.861250796807,1131,130.391573554542,40.859815977228,0.001452157510
232,130.345130041579,41.157668966756,1132,130.345353769495,41.156234147168,0.001452157509
233,130.298910256732,41.454087136727,1133,130.299133984623,41.452652317134,0.001452157510
234,130.252690471995,41.750505306715,1134,130.252914199913,41.749070487126,0.001452157510
235,130.206470687301,42.046923476709,1135,130.206694415289,42.045488657132,0.001452157509
236,130.160250902553,42.343341646695,1136,130.160474630623,42.341906827131,0.001452157509
237,130.114031117636,42.639759816655,1137,130.114254845767,42.638324997100,0.001452157509
238,130.067811332445,42.936177986572,1138,130.068035060601,42.934743167020,0.001452157510
239,130.021591546903,43.232596156434,1139,130.021815275058,43.231161336882,0.001452157510
240,129.975371760983,43.529014326237,1140,129.975595489122,43.527579506683,0.001452157510
241,129.929151974709,43.825432495985,1141,129.929375702816,43.823997676426,0.001452157510
242,129.882932188144,44.121850665688,1142,129.883155916196,44.120415846120,0.001452157510
243,129.836712401370,44.418268835358,1143,129.836936129363,44.416834015781,0.001452157510
244,129.790492614465,44.714687005007,1144,129.790716342428,44.713252185426,0.001452157510
245,129.744272827493,45.011105174647,1145,129.744496555481,45.009670355069,0.001452157510
246,129.698053040509,45.307523344284,1146,129.698276768554,45.306088524716,0.001452157509
247,129.651833253560,45.603941513927,1147,129.652056981644,45.602506694364,0.001452157510
248,129.605613466693,45.900359683582,1148,129.605837194764,45.898924864018,0.001452157509
249,129.559393679955,46.196777853258,1149,129.559617407972,46.195343033685,0.001452157510
250,129.513173893397,46.493196022962,1150,129.513397621357,46.491761203380,0.001452157510
251,129.466954107065,46.789614192701,1151,129.467177834996,46.788179373115,0.001452157509
252,129.420734320989,47.086032362480,1152,129.420958048929,47.084597542895,0.001452157509
253,129.374514535167,47.382450532298,1153,129.374738263151,47.381015712720,0.001452157510
254,129.328294749567,47.678868702151,1154,129.328518477613,47.677433882583,0.001452157510
255,129.282074964141,47.975286872032,1155,129.282298692245,47.973852052473,0.001452157509
256,129.235855178854,48.271705041934,1156,129.236078906984,48.270270222379,0.001452157509
257,129.189635393696,48.568123211856,1157,129.189859121801,48.566688392297,0.001452157509
258,129.143415608689,48.864541381801,1158,129.143639336721,48.863106562231,0.001452157509
259,129.097195823880,49.160959551778,1159,129.097419551816,49.159524732193,0.001452157509
260,129.050976039310,49.457377721792,1160,129.051199767171,49.455942902195,0.001452157509
261,129.004756254991,49.753795891845,1161,129.004979982833,49.752361072244,0.001452157510
262,128.958536470881,50.050214061930,1162,128.958760198773,50.048779242338,0.001452157509
263,128.912316686882,50.346632232033,1163,128.912540414877,50.345197412457,0.001452157509
264,128.866096902847,50.643050402130,1164,128.866320630968,50.641615582573,0.001452157510
265,128.819877118623,50.939468572198,1165,128.820100846854,50.938033752658,0.001452157510
266,128.773657334095,51.235886742218,1166,128.773881062380,51.234451922687,0.001452157509
267,128.727437549227,51.532304912185,1167,128.727661277480,51.530870092649,0.001452157510
268,128.681217764079,51.828723082109,1168,128.681441492197,51.827288262552,0.001452157509
269,128.634997978776,52.125141252008,1169,128.635221706688,52.123706432419,0.001452157510
270,128.588778193455,52.421559421905,1170,128.589001921178,52.420124602286,0.001452157510
271,128.542558408204,52.717977591813,1171,128.542782135858,52.716542772183,0.001452157510
272,128.496338623008,53.014395761729,1172,128.496562350768,53.012960942116,0.001452157509
273,128.450118837744,53.310813931634,1173,128.450342565745,53.309379112059,0.001452157509
274,128.403899052210,53.607232101498,1174,128.404122780485,53.605797281965,0.001452157510
275,128.357679266197,53.903650271287,1175,128.357902994668,53.902215451784,0.001452157510
276,128.311459479571,54.200068440980,1176,128.311683208085,54.198633621484,0.001452157510
277,128.265239692347,54.496486610580,1177,128.265463420731,54.495051791064,0.001452157509
278,128.219019904697,54.792904780113,1178,128.219243632818,54.791469960556,0.001452157510
279,128.172800116901,55.089322949624,1179,128.173023844727,55.087888130021,0.001452157510
280,128.126580329263,55.385741119159,1180,128.126804056881,55.384306299524,0.001452157510
281,128.080360542015,55.682159288755,1181,128.080584269603,55.680724469116,0.001452157509
282,128.034140755262,55.978577458429,1182,128.034364483001,55.977142638812,0.001452157510
283,127.987920968969,56.274995628174,1183,127.988144696958,56.273560808597,0.001452157509
284,127.941701183006,56.571413797970,1184,127.941924911227,56.569978978429,0.001452157510
285,127.895481397218,56.867831967794,1185,127.895705125558,56.866397148272,0.001452157509
286,127.849261611498,57.164250137629,1186,127.849485339811,57.162815318102,0.001452157509
287,127.803041825834,57.460668307472,1187,127.803265554011,57.459233487924,0.001452157509
288,127.756822040314,57.757086477337,1188,127.757045768315,57.755651657762,0.001452157510
289,127.710602255087,58.053504647249,1189,127.710825982938,58.052069827650,0.001452157509
290,127.664382470305,58.349922817229,1190,127.664606198069,58.348487997617,0.001452157510
291,127.618162686059,58.646340987294,1191,127.618386413818,58.644906167681,0.001452157509
292,127.571942902347,58.942759157441,1192,127.572166630185,58.941324337840,0.001452157510
293,127.525723119077,59.239177327658,1193,127.525946847053,59.237742508078,0.001452157510
294,127.479503336102,59.535595497920,1194,127.479727064220,59.534160678363,0.001452157510
295,127.433283553270,59.832013668205,1195,127.433507281462,59.830578848659,0.001452157510
296,127.387063770462,60.128431838493,1196,127.387287498617,60.126997018942,0.001452157510
297,127.340843987605,60.424850008774,1197,127.341067715630,60.423415189203,0.001452157509
298,127.294624204657,60.721268179041,1198,127.294847932530,60.719833359446,0.001452157509
299,127.248404421568,61.017686349286,1199,127.248628149362,61.016251529678,0.001452157509
300,127.202184638246,61.314104519494,1200,127.202408366097,61.312669699895,0.001452157510
301,127.155964854540,61.610522689643,1201,127.156188582575,61.609087870072,0.001452157510
302,127.109745070260,61.906940859701,1202,127.109968798518,61.905506040166,0.001452157510
303,127.063525285220,62.203359029642,1203,127.063749013637,62.201924210131,0.001452157510
304,127.017305499304,62.499777199446,1204,127.017529227760,62.498342379941,0.001452157510
305,126.971085712517,62.796195369114,1205,126.971309440890,62.794760549596,0.001452157510
306,126.924865925015,63.092613538670,1206,126.925089653206,63.091178719125,0.001452157509
307,126.878646137075,63.389031708159,1207,126.878869865031,63.387596888576,0.001452157510
308,126.832426349018,63.685449877629,1208,126.832650076756,63.684015058012,0.001452157510
309,126.786206561124,63.981868047124,1209,126.786430288749,63.980433227490,0.001452157510
310,126.739986773568,64.278286216672,1210,126.740210501242,64.276851397046,0.001452157509
311,126.693766986395,64.574704386280,1211,126.693990714265,64.573269566684,0.001452157510
312,126.647547199544,64.871122555938,1212,126.647770927655,64.869687736380,0.001452157510
313,126.601327412901,65.167540725629,1213,126.601551141180,65.166105906097,0.001452157509
314,126.555107626365,65.463958895336,1214,126.555331354675,65.462524075809,0.001452157509
315,126.508887839902,65.760377065055,1215,126.509111568109,65.758942245511,0.001452157510
316,126.462668053560,66.056795234792,1216,126.462891781593,66.055360415222,0.001452157509
317,126.416448267454,66.353213404566,1217,126.416671995326,66.351778584971,0.001452157509
318,126.370228481711,66.649631574397,1218,126.370452209493,66.648196754787,0.001452157510
319,126.324008696410,66.946049744297,1219,126.324232424196,66.944614924688,0.001452157510
320,126.277788911549,67.242467914265,1220,126.278012639422,67.241033094670,0.001452157509
321,126.231569127039,67.538886084288,1221,126.231792855054,67.537451264715,0.001452157510
322,126.185349342741,67.835304254345,1222,126.185573070904,67.833869434794,0.001452157510
323,126.139129558520,68.131722424413,1223,126.139353286776,68.130287604877,0.001452157510
324,126.092909774296,68.428140594480,1224,126.093133502533,68.426705774942,0.001452157509
325,126.046689990054,68.724558764545,1225,126.046913718165,68.723123944987,0.001452157510
326,126.000470205843,69.020976934615,1226,126.000693933779,69.019542115030,0.001452157509
327,125.954250421735,69.317395104701,1227,125.954474149537,69.315960285094,0.001452157510
328,125.908030637775,69.613813274810,1228,125.908254365546,69.612378455198,0.001452157510
329,125.861810853951,69.910231444940,1229,125.862034581799,69.908796625340,0.001452157510
330,125.815591070170,70.206649615077,1230,125.815814798167,70.205214795500,0.001452157510
331,125.769371286280,70.503067785196,1231,125.769595014432,70.501632965644,0.001452157510
332,125.723151502113,70.799485955273,1232,125.723375230374,70.798051135738,0.001452157510
333,125.676931717541,71.095904125286,1233,125.677155445835,71.094469305757,0.001452157509
334,125.630711932516,71.392322295229,1234,125.630935660766,71.390887475693,0.001452157509
335,125.584492147086,71.688740465109,1235,125.584715875228,71.687305645555,0.001452157510
336,125.538272361381,71.985158634946,1236,125.538496089377,71.983723815369,0.001452157510
337,125.492052575564,72.281576804765,1237,125.492276303423,72.280141985167,0.001452157510
338,125.445832789782,72.577994974590,1238,125.446056517565,72.576560154980,0.001452157510
339,125.399613004119,72.874413144433,1239,125.399836731925,72.872978324827,0.001452157510
340,125.353393218585,73.170831314297,1240,125.353616946500,73.169396494708,0.001452157509
341,125.307173433121,73.467249484171,1241,125.307397161178,73.465814664604,0.001452157510
342,125.260953647629,73.763667654041,1242,125.261177375795,73.762232834491,0.001452157510
343,125.214733862018,74.060085823892,1243,125.214957590216,74.058651004348,0.001452157509
344,125.168514076230,74.356503993716,1244,125.168737804383,74.355069174164,0.001452157510
345,125.122294290259,74.652922163512,1245,125.122518018321,74.651487343945,0.001452157510
346,125.076074504138,74.949340333283,1246,125.076298232115,74.947905513704,0.001452157510
347,125.029854717912,75.245758503039,1247,125.030078445861,75.244323683455,0.001452157510
348,124.983634931620,75.542176672784,1248,124.983858659609,75.540741853207,0.001452157509
349,124.937415145283,75.838594842522,1249,124.937638873347,75.837160022957,0.001452157509
350,124.891195358911,76.135013012255,1250,124.891419087037,76.133578192699,0.001452157510
351,124.844975572521,76.431431181985,1251,124.845199300658,76.429996362431,0.001452157509
352,124.798755786156,76.727849351719,1252,124.798979514246,76.726414532157,0.001452157510
353,124.752535999891,77.024267521468,1253,124.752759727888,77.022832701892,0.001452157510
354,124.706316213815,77.320685691247,1254,124.706539941707,77.319250871655,0.001452157509
355,124.660096428001,77.617103861067,1255,124.660320155822,77.615669041464,0.001452157509
356,124.613876642471,77.913522030931,1256,124.614100370298,77.912087211329,0.001452157509
357,124.567656857176,78.209940200832,1257,124.567880585104,78.208505381245,0.001452157510
358,124.521437072016,78.506358370754,1258,124.521660800098,78.504923551191,0.001452157509
359,124.475217286867,78.802776540677,1259,124.475441015081,78.801341721135,0.001452157509
360,124.428997501625,79.099194710586,1260,124.429221229877,79.097759891050,0.001452157509
361,124.382777716232,79.395612880472,1261,124.383001444417,79.394178060925,0.001452157509
362,124.336557930693,79.692031050334,1262,124.336781658757,79.690596230769,0.001452157509
363,124.290338145064,79.988449220183,1263,124.290561873020,79.987014400600,0.001452157510
364,124.244118359425,80.284867390030,1264,124.244342087329,80.283432570439,0.001452157510
365,124.197898573843,80.581285559886,1265,124.198122301755,80.579850740297,0.001452157509
366,124.151678788345,80.877703729755,1266,124.151902516311,80.876268910174,0.001452157510
367,124.105459002915,81.174121899634,1267,124.105682730953,81.172687080065,0.001452157509
368,124.059239217513,81.470540069519,1268,124.059462945612,81.469105249958,0.001452157510
369,124.013019432103,81.766958239401,1269,124.013243160227,81.765523419845,0.001452157510
370,123.966799646673,82.063376409281,1270,123.967023374769,82.061941589720,0.001452157510
371,123.920579861239,82.359794579160,1271,123.920803589266,82.358359759589,0.001452157509
372,123.874360075838,82.656212749044,1272,123.874583803785,82.654777929460,0.001452157510
373,123.828140290501,82.952630918938,1273,123.828364018396,82.951196099346,0.001452157510
374,123.781920505231,83.249049088843,1274,123.782144233130,83.247614269252,0.001452157509
375,123.735700719989,83.545467258752,1275,123.735924447957,83.544032439171,0.001452157510
376,123.689480934699,83.841885428653,1276,123.689704662781,83.840450609091,0.001452157509
377,123.643261149272,84.138303598534,1277,123.643484877458,84.136868778987,0.001452157509
378,123.597041363637,84.434721768381,1278,123.597265091867,84.433286948841,0.001452157510
379,123.550821577770,84.731139938193,1279,123.551045305967,84.729705118648,0.001452157509
380,123.504601791702,85.027558107973,1280,123.504825519818,85.026123288415,0.001452157510
381,123.458382005517,85.323976277735,1281,123.458605733552,85.322541458165,0.001452157509
382,123.412162219330,85.620394447497,1282,123.412385947325,85.618959627920,0.001452157510
383,123.365942433270,85.916812617278,1283,123.366166161278,85.915377797703,0.001452157510
384,123.319722647482,86.213230787102,1284,123.319946375521,86.211795967532,0.001452157510
385,123.273502862132,86.509648956994,1285,123.273726590125,86.508214137417,0.001452157510
386,123.227283077390,86.806067126981,1286,123.227506805185,86.804632307373,0.001452157510
387,123.181063293366,87.102485297080,1287,123.181287020857,87.101050477424,0.001452157510
388,123.134843510032,87.398903467286,1288,123.135067237304,87.397468647597,0.001452157510
389,123.088623727152,87.695321637563,1289,123.088847454499,87.693886817886,0.001452157510
390,123.042403944274,87.991739807841,1290,123.042627672027,87.990304988227,0.001452157509
391,122.996184160766,88.288157978020,1291,122.996407889105,88.286723158497,0.001452157510
392,122.949964375925,88.584576147992,1292,122.950188104786,88.583141328550,0.001452157510
393,122.903744589135,88.880994317659,1293,122.903968318279,88.879559498262,0.001452157510
394,122.857524800042,89.177412486968,1294,122.857748529172,89.175977667568,0.001452157510
395,122.811305008676,89.473830655922,1295,122.811528737510,89.472395836476,0.001452157510
396,122.765085215439,89.770248824584,1296,122.765308943785,89.768814005063,0.001452157509
397,122.718865420986,90.066666993057,1297,122.719089148816,90.065232173455,0.001452157510
398,122.672645626050,90.363085161455,1298,122.672869353551,90.361650341801,0.001452157510
399,122.626425831298,90.659503329881,1299,122.626649558782,90.658068510224,0.001452157510
400,122.580206037256,90.955921498417,1300,122.580429764961,90.954486678796,0.001452157509
401,122.533986244290,91.252339667122,1301,122.534209972233,91.250904847537,0.001452157510
402,122.487766452617,91.548757836028,1302,122.487990180614,91.547323016452,0.001452157510
403,122.441546662329,91.845176005150,1303,122.441770390207,91.843741185555,0.001452157510
404,122.395326873433,92.141594174490,1304,122.395550601191,92.140159354876,0.001452157510
405,122.349107085904,92.438012344042,1305,122.349330813696,92.436577524434,0.001452157509
406,122.302887299693,92.734430513800,1306,122.303111027634,92.732995694215,0.001452157510
407,122.256667514718,93.030848683750,1307,122.256891242759,93.029413864181,0.001452157510
408,122.210447730831,93.327266853871,1308,122.210671458861,93.325832034299,0.001452157510
409,122.164227947820,93.623685024128,1309,122.164451675815,93.622250204551,0.001452157510
410,122.118008165459,93.920103194486,1310,122.118231893531,93.918668374921,0.001452157510
411,122.071788383569,94.216521364917,1311,122.072012111825,94.215086545381,0.001452157510
412,122.025568602059,94.512939535408,1312,122.025792330455,94.511504715894,0.001452157510
413,121.979348820942,94.809357705960,1313,121.979572549278,94.807922886437,0.001452157510
414,121.933129040340,95.105775876593,1314,121.933352768383,95.104341057024,0.001452157509
415,121.886909260442,95.402194047335,1315,121.887132988072,95.400759227701,0.001452157510
416,121.840689481420,95.698612218214,1316,121.840913208694,95.697177398525,0.001452157510
417,121.794469703309,95.995030389235,1317,121.794693430460,95.993595569526,0.001452157510
418,121.748249925896,96.291448560365,1318,121.748473653278,96.290013740692,0.001452157510
419,121.702030148711,96.587866731530,1319,121.702253876627,96.586431911941,0.001452157510
420,121.655810371110,96.884284902630,1320,121.656034099655,96.882850083139,0.001452157510
421,121.609590592449,97.180703073565,1321,121.609814321440,97.179268254144,0.001452157510
422,121.563370812251,97.477121244261,1322,121.563594541319,97.475686424851,0.001452157510
423,121.517151030338,97.773539414689,1323,121.517374759122,97.772104595235,0.001452157510
424,121.470931246875,98.069957584875,1324,121.471154975168,98.068522765345,0.001452157510
425,121.424711462292,98.366375754887,1325,121.424935190095,98.364940935280,0.001452157510
426,121.378491677123,98.662793924807,1326,121.378715404616,98.661359105152,0.001452157510
427,121.332271891847,98.959212094711,1327,121.332495619308,98.957777275051,0.001452157510
428,121.286052106794,99.255630264650,1328,121.286275834470,99.254195445023,0.001452157510
429,121.239832322138,99.552048434650,1329,121.240056050089,99.550613615066,0.001452157510
430,121.193612537935,99.848466604721,1330,121.193836265998,99.847031785155,0.001452157510
431,121.147392754153,100.144884774857,1331,121.147616482096,100.143449955273,0.001452157509
432,121.101172970694,100.441302945044,1332,121.101396698425,100.439868125426,0.001452157510
433,121.054953187399,100.737721115257,1333,121.055176915071,100.736286295630,0.001452157510
434,121.008733404067,101.034139285464,1334,121.008957131925,101.032704465866,0.001452157510
435,120.962513620467,101.330557455629,1335,120.962737348627,101.329122636078,0.001452157510
436,120.916293836337,101.626975625711,1336,120.916517564692,101.625540806190,0.001452157510
437,120.870074051397,101.923393795667,1337,120.870297779772,101.921958976150,0.001452157510
438,120.823854265414,102.219811965461,1338,120.824077993750,102.218377145937,0.001452157510
439,120.777634478272,102.516230135073,1339,120.777858206630,102.514795315553,0.001452157510
440,120.731414690026,102.812648304514,1340,120.731638418448,102.811213485004,0.001452157510
441,120.685194900904,103.109066473818,1341,120.685418629289,103.107631654302,0.001452157510
442,120.638975111242,103.405484643038,1342,120.639198839420,103.404049823489,0.001452157510
443,120.592755321437,103.701902812235,1343,120.592979049324,103.700467992641,0.001452157510
444,120.546535531914,103.998320981477,1344,120.546759259572,103.996886161847,0.001452157510
445,120.500315743069,104.294739150824,1345,120.500539470628,104.293304331179,0.001452157510
446,120.454095955199,104.591157320323,1346,120.454319682736,104.589722500675,0.001452157510
447,120.407876168418,104.887575489992,1347,120.408099895978,104.886140670347,0.001452157510
448,120.361656382620,105.183993659814,1348,120.361880110296,105.182558840188,0.001452157510
449,120.315436597521,105.480411829745,1349,120.315660325443,105.478977010157,0.001452157510
450,120.269216812745,105.776829999727,1350,120.269440540991,105.775395180189,0.001452157510
451,120.222997027921,106.073248169701,1351,120.223220756413,106.071813350202,0.001452157510
452,120.176777242749,106.369666339621,1352,120.177000971297,106.368231520131,0.001452157509
453,120.130557457055,106.666084509460,1353,120.130781185480,106.664649689950,0.001452157510
454,120.084337670823,106.962502679214,1354,120.084561399058,106.961067859675,0.001452157510
455,120.038117884189,107.258920848906,1355,120.038341612259,107.257486029341,0.001452157510
456,119.991898097400,107.555339018574,1356,119.992121825340,107.553904198989,0.001452157509
457,119.945678310729,107.851757188260,1357,119.945902038557,107.850322368657,0.001452157510
458,119.899458524400,108.148175358000,1358,119.899682252144,108.146740538384,0.001452157510
459,119.853238738536,108.444593527812,1359,119.853462466266,108.443158708193,0.001452157510
460,119.807018953151,108.741011697698,1360,119.807242680971,108.739576878094,0.001452157510
461,119.760799168165,109.037429867647,1361,119.761022896164,109.035995048071,0.001452157510
462,119.714579383454,109.333848037639,1362,119.714803111639,109.332413218092,0.001452157510
463,119.668359598892,109.630266207654,1363,119.668583327173,109.628831388122,0.001452157510
464,119.622139814395,109.926684377679,1364,119.622363542632,109.925249558140,0.001452157510
465,119.575920029949,110.223102547712,1365,119.576143758034,110.221667728149,0.001452157510
466,119.529700245600,110.519520717760,1366,119.529923973519,110.518085898172,0.001452157510
467,119.483480461427,110.815938887836,1367,119.483704189238,110.814504068231,0.001452157509
468,119.437260677494,111.112357057949,1368,119.437484405276,111.110922238339,0.001452157510
469,119.391040893798,111.408775228099,1369,119.391264621615,111.407340408495,0.001452157509
470,119.344821110242,111.705193398271,1370,119.345044838146,111.703758578680,0.001452157510
471,119.298601326644,112.001611568436,1371,119.298825054687,112.000176748867,0.001452157510
472,119.252381542790,112.298029738562,1372,119.252605270990,112.296594919017,0.001452157510
473,119.206161758483,112.594447908616,1373,119.206385486799,112.593013089090,0.001452157510
474,119.159941973595,112.890866078581,1374,119.160165701929,112.889431259057,0.001452157510
475,119.113722188091,113.187284248449,1375,119.113945916336,113.185849428911,0.001452157510
476,119.067502402029,113.483702418230,1376,119.067726130121,113.482267598668,0.001452157510
477,119.021282615533,113.780120587943,1377,119.021506343479,113.778685768359,0.001452157510
478,118.975062828748,114.076538757612,1378,118.975286556619,114.075103938016,0.001452157509
479,118.928843041801,114.372956927255,1379,118.929066769697,114.371522107663,0.001452157509
480,118.882623254774,114.669375096885,1380,118.882846982767,114.667940277308,0.001452157510
481,118.836403467710,114.965793266510,1381,118.836627195805,114.964358446949,0.001452157510
482,118.790183680630,115.262211436133,1382,118.790407408773,115.260776616579,0.001452157510
483,118.743963893563,115.558629605757,1383,118.744187621681,115.557194786199,0.001452157510
484,118.697744106564,115.855047775392,1384,118.697967834608,115.853612955823,0.001452157510
485,118.651524319715,116.151465945050,1385,118.651748047671,116.150031125468,0.001452157510
486,118.605304533099,116.447884114745,1386,118.605528260993,116.446449295153,0.001452157510
487,118.559084746771,116.744302284485,1387,118.559308474667,116.742867464893,0.001452157510
488,118.512864960750,117.040720454272,1388,118.513088688721,117.039285634692,0.001452157510
489,118.466645175024,117.337138624106,1389,118.466868903096,117.335703804541,0.001452157510
490,118.420425389573,117.633556793982,1390,118.420649117695,117.632121974425,0.001452157510
491,118.374205604385,117.929974963900,1391,118.374429332457,117.928540144335,0.001452157510
492,118.327985819456,118.226393133857,1392,118.328209547407,118.224958314274,0.001452157510
493,118.281766034778,118.522811303854,1393,118.281989762621,118.521376484254,0.001452157510
494,118.235546250320,118.819229473886,1394,118.235769978137,118.817794654281,0.001452157510
495,118.189326466004,119.115647643939,1395,118.189550193898,119.114212824346,0.001452157510
496,118.143106681694,119.412065813993,1396,118.143330409736,119.410630994424,0.001452157510
497,118.096886897220,119.708483984022,1397,118.097110625411,119.707049164476,0.001452157510
498,118.050667112410,120.004902153998,1398,118.050890840695,120.003467334467,0.001452157510
499,118.004447327143,120.301320323903,1399,118.004671055434,120.299885504373,0.001452157510
500,117.958227541373,120.597738493730,1400,117.958451269597,120.596303674189,0.001452157510
501,117.912007755145,120.894156663485,1401,117.912231483274,120.892721843929,0.001452157510
502,117.865787968577,121.190574833187,1402,117.866011696619,121.189140013618,0.001452157510
503,117.819568181830,121.486993002862,1403,117.819791909809,121.485558183282,0.001452157510
504,117.773348395081,121.783411172536,1404,117.773572123010,121.781976352949,0.001452157510
505,117.727128608483,122.079829342233,1405,117.727352336371,122.078394522640,0.001452157510
506,117.680908822143,122.376247511971,1406,117.681132550001,122.374812692373,0.001452157510
507,117.634689036102,122.672665681755,1407,117.634912763961,122.671230862157,0.001452157510
508,117.588469250334,122.969083851582,1408,117.588692978251,122.967649031993,0.001452157510
509,117.542249464758,123.265502021439,1409,117.542473192795,123.264067201869,0.001452157510
510,117.496029679271,123.561920191310,1410,117.496253407446,123.560485371761,0.001452157510
511,117.449809893788,123.858338361181,1411,117.450033622045,123.856903541645,0.001452157510
512,117.403590108283,124.154756531049,1412,117.403813836503,124.153321711508,0.001452157510
513,117.357370322798,124.451174700920,1413,117.357594050854,124.449739881353,0.001452157510
514,117.311150537412,124.747592870807,1414,117.311374265246,124.746158051205,0.001452157510
515,117.264930752147,125.044011040712,1415,117.265154479873,125.042576221094,0.001452157509
516,117.218710966882,125.340429210618,1416,117.218934694848,125.338994391036,0.001452157510
517,117.172491181148,125.636847380450,1417,117.172714910089,125.635412561021,0.001452157510
518,117.126271392305,125.933265549797,1418,117.126495125300,125.931830731000,0.001452157510
519,117.080051598799,126.229683718418,1419,117.080275340150,126.228248900923,0.001452157511
520,117.033831818039,126.526101889026,1420,117.034055554942,126.524667070838,0.001452157510
521,116.987612107671,126.822520070609,1421,116.987835771180,126.821085240977,0.001452157512
522,116.941392579230,127.118938280561,1422,116.941615994459,127.117503412215,0.001452157544
523,116.895173265659,127.415356524016,1423,116.895396258900,127.413921589871,0.001452157700
524,116.848953870686,127.711774754778,1424,116.849176601417,127.710339779701,0.001452157860
525,116.802733476734,128.008192829772,1425,116.802956881185,128.006757959747,0.001452157545
526,116.756510587428,128.304610515655,1426,116.756736506056,128.303176037675,0.001452159186
527,116.710283636092,128.601027568083,1427,116.710513990195,128.599593781788,0.001452172907
528,116.664051753291,128.897443851395,1428,116.664287744017,128.896010944179,0.001452210285
529,116.617815967347,129.193859525910,1429,116.618057769127,129.192427525059,0.001452272198
530,116.571581489476,129.490275404457,1430,116.571828604781,129.488844232337,0.001452349686
531,116.525360979583,129.786693461361,1431,116.525611021465,129.785262745398,0.001452401153
532,116.479177277624,130.083117255363,1432,116.479422986859,130.081685863591,0.001452327592
533,116.433061370028,130.379551603938,1433,116.433292603493,130.378117957384,0.001452174700
534,116.387047757944,130.676001848340,1434,116.387260734793,130.674565361373,0.001452189363
535,116.341174599280,130.972473859092,1435,116.341376206396,130.971035601155,0.001452319291
536,116.295478822163,131.268973261663,1436,116.295682187771,131.267535259316,0.001452311372
537,116.249998567279,131.565505799701,1437,116.250200671931,131.564067587935,0.001452342719
538,116.204765362240,131.862076123230,1438,116.204948960304,131.860635064146,0.001452707655
539,116.159803988325,132.158687779199,1439,116.159959313004,132.157242410196,0.001453690927
540,116.115127145213,132.455342425710,1440,116.115239049209,132.453890483172,0.001456248481
541,116.070732435935,132.752039425164,1441,116.070800951323,132.750580967307,0.001460066327
542,116.026585414737,133.048773380739,1442,116.026592127412,133.047305707189,0.001467688901
543,115.982598844397,133.345531163501,1443,115.982546791056,133.344054771969,0.001477308873
544,115.938608262444,133.642288351091,1444,115.938515788592,133.640805960881,0.001485271742
545,115.894363447809,133.939007738038,1445,115.894273106792,133.937525594797,0.001484893965
546,115.849511661925,134.235635976595,1446,115.849451403893,134.234158115152,0.001479089407
547,115.803603598618,134.532102563695,1447,115.803586189903,134.530630618200,0.001472048438
548,115.756084756152,134.828315216193,1448,115.756105588153,134.826847997897,0.001467366178
549,115.706314657278,135.124157903888,1449,115.706385488727,135.122696509067,0.001463110357
550,115.653579243024,135.419486384092,1450,115.653699517292,135.418029736100,0.001461605032
551,115.597111564144,135.714123968300,1451,115.597295107766,135.712673146498,0.001462385778
552,115.536098531226,136.007853907065,1452,115.536330994574,136.006404410451,0.001468018951
553,115.469692781283,136.300411760960,1453,115.469983033451,136.298963314061,0.001477242276
554,115.397021634245,136.591476482470,1454,115.397384689542,136.590030380563,0.001490979502
555,115.317206507130,136.880663706021,1455,115.317668693447,136.879224570428,0.001511531491
556,115.229376692023,137.167518295872,1456,115.229954345621,137.166088919829,0.001541687241
557,115.132696915609,137.451512253937,1457,115.133394915089,137.450092353469,0.001582188552
558,115.026378147670,137.732039916456,1458,115.027196492982,137.730627650259,0.001632233091
559,114.909712238621,138.008424438523,1459,114.910651311273,138.007018034924,0.001691102755
560,114.782093757708,138.279925333696,1460,114.783155659210,138.278524042444,0.001758195659
561,114.643038117649,138.545749715680,1461,114.644228238374,138.544354355209,0.001833962427
562,114.492191438475,138.805064581913,1462,114.493498918235,138.803667988402,0.001913106573
563,114.329337992321,139.057012021381,1463,114.330777586417,139.055622364236,0.002000894335
564,114.154407052568,139.300728564944,1464,114.155996891088,139.299358732706,0.002098577347
565,113.967476268846,139.535367221209,1465,113.969219667582,139.534022064617,0.002202018485
566,113.768769530828,139.760120164450,1466,113.770655791656,139.758793897223,0.002305854434
567,113.558645666182,139.974237103645,1467,113.560656151732,139.972916158291,0.002405607777
568,113.337579865063,140.177037215654,1468,113.339711706848,140.175723002116,0.002504377491
569,113.106154941526,140.367930840537,1469,113.108413020626,140.366635041096,0.002603462581
570,112.865033409985,140.546419496752,1470,112.867423744262,140.545158249789,0.002702673095
571,112.614932117939,140.712091102772,1471,112.617452506460,140.710871418684,0.002799997781
572,112.356602850108,140.864615493385,1472,112.359252836787,140.863450978381,0.002894568119
573,112.090818273071,141.003742199122,1473,112.093611239975,141.002672690965,0.002990737672
574,111.818361328050,141.129300528960,1474,111.821288515924,141.128328963874,0.003084212633
575,111.540015060830,141.241198033950,1475,111.543059100920,141.240305813024,0.003172103127
576,111.256550044922,141.339408555925,1476,111.259696152780,141.338578659794,0.003253724365
577,110.968713759145,141.423954560783,1477,110.971957651570,141.423196628123,0.003331261020
578,110.677225533223,141.494894005046,1478,110.680568500665,141.494243891817,0.003405595180
579,110.382775451516,141.552313246554,1479,110.386219360566,141.551820274305,0.003479012961
580,110.086021643615,141.596302075943,1480,110.089561621501,141.595998860882,0.003552940023
581,109.787595263858,141.626954123199,1481,109.791223209590,141.626863747944,0.003629071220
582,109.488105400300,141.644380745456,1482,109.491810884444,141.644525170461,0.003708297631
583,109.188140545585,141.648737013896,1483,109.191912019901,141.649128793797,0.003791768717
584,108.888264017458,141.640251189552,1484,108.892089239999,141.640858036012,0.003873059529
585,108.589003239015,141.619250926633,1485,108.592872969375,141.620030920844,0.003947556716
586,108.290835204145,141.586175729291,1486,108.294743455801,141.587083533001,0.004012298416
587,107.994171154973,141.541580423454,1487,107.998114237980,141.542576210737,0.004066877907
588,107.699345787645,141.486114408594,1488,107.703319205103,141.487177319652,0.004113128519
589,107.406612015286,141.420497340326,1489,107.410607633234,141.421629760248,0.004152991412
590,107.116143641367,141.345484205463,1490,107.120144803476,141.346721283351,0.004188037717
591,106.828038850134,141.261850137994,1491,106.832017298301,141.263260955197,0.004221191182
592,106.542323540527,141.170384487457,1492,106.546233014605,141.172081796154,0.004262023508
593,106.258952842283,141.071893780994,1493,106.262728021603,141.074031167183,0.004338248335
594,105.977810799702,140.967210052816,1494,105.981387196463,140.969921376705,0.004487971816
595,105.698709784956,140.857199599578,1495,105.702034556728,140.860578398380,0.004740294156
596,105.421391117198,140.742769896929,1496,105.424443314356,140.746829579098,0.005079067513
597,105.145531546735,140.624865723458,1497,105.148350599178,140.629483644903,0.005410384011
598,104.870755299734,140.504458182508,1498,104.873467918178,140.509325676393,0.005572324070
599,104.596650020781,140.382530782592,1499,104.599490385511,140.387114426055,0.005392351917
600,104.322790395515,140.260052607858,1500,104.326104818550,140.263582634945,0.004842157711
601,104.048757257585,140.137963250856,1501,104.052999262979,140.139432133937,0.004489123218
602,103.774157912733,140.017152994856,1502,103.779858799399,140.015358692202,0.005976590231
603,103.498648930047,139.898432146898,1503,103.506402817472,139.891983179339,0.010085234393
604,103.221955954201,139.782497944212,1504,103.232384258280,139.769863976088,0.016381900882
605,102.943886700475,139.669905180796,1505,102.957574836759,139.649537103958,0.024540245089
606,102.664334873271,139.561045979543,1506,102.681804104441,139.531431767178,0.034382780744
607,102.383273247896,139.456146761094,1507,102.404972499441,139.415836133330,0.045779954438
608,102.100736391076,139.355288577117,1508,102.127035503762,139.302924819000,0.058596983645
609,101.816803937695,139.258428849609,1509,101.847990833401,139.192779535794,0.072680498541
610,101.531581907664,139.165435007502,1510,101.567864069459,139.085415979129,0.087860344674
611,101.245183470133,139.076129789927,1511,101.286685280908,138.980838706776,0.103936474953
612,100.957717163305,138.990323974219,1512,101.004481537735,138.879059578391,0.120692470746
613,100.669282787471,138.907830566360,1513,100.721280358539,138.780089964152,0.137918123717
614,100.379977266862,138.828445960097,1514,100.437089381723,138.684000303376,0.155326563760
615,100.089898299659,138.751935559007,1515,100.151905014810,138.590901080523,0.172559948958
616,99.799135591927,138.678065777008,1516,99.865732336687,138.500886196963,0.189282143895
617,99.507772358005,138.606601031278,1517,99.578584771553,138.414031994844,0.205176099256
618,99.215886365062,138.537301992677,1518,99.290459852520,138.330479635024,0.219856072595
619,98.923550904788,138.469923873960,1519,99.001391644156,138.250248104453,0.233059272319
620,98.630834130373,138.404221817403,1520,98.711474424024,138.173140482895,0.244747707074
621,98.337798335216,138.339957316113,1521,98.420750060607,138.099133591418,0.254709746813
622,98.044500300370,138.276900233159,1522,98.129267675459,138.028170000199,0.262777922718
623,97.750994225642,138.214818475760,1523,97.837082413401,137.960157052713,0.268818928760
624,97.457335855855,138.153460965085,1524,97.544254099011,137.894966760828,0.272716032949
625,97.163579909912,138.092572220980,1525,97.250845362726,137.832438863035,0.274380435110
626,96.869775006819,138.031920107948,1526,96.956919560178,137.772386542485,0.273773345638
627,96.575966470544,137.971285616235,1527,96.662538241308,137.714606609385,0.270885186104
628,96.282200143536,137.910447140001,1528,96.367760473988,137.658882554556,0.265716598649
629,95.988538920330,137.849103184270,1529,96.072643636879,137.604981156414,0.258203733184
630,95.694945671040,137.787434820075,1530,95.777239571811,137.552675288018,0.248765600507
631,95.401469703088,137.725210977167,1531,95.481591015230,137.501768352397,0.237373189774
632,95.108155044501,137.662231547187,1532,95.185733348771,137.452090202702,0.224003968615
633,94.815030626556,137.598372887793,1533,94.889696602486,137.403489827143,0.208696946048
634,94.522102715927,137.533618840656,1,94.434477080913,137.330496055345,0.221217354257
635,94.229353220088,137.468062635625,2,94.138098518448,137.284023050449,0.205421492262
636,93.936745786830,137.401874853442,3,93.841629499669,137.238130623543,0.189365469155
637,93.644237083559,137.335251819163,4,93.545094719245,137.192665018475,0.173666934481
638,93.351786574215,137.268373643658,5,93.248522018471,137.147447401570,0.159018000549
639,93.059375956526,137.201321254061,6,92.951939463858,137.102294462724,0.146112646130
640,92.766985714384,137.134180013954,7,92.655371364338,137.057046714132,0.135673538605
641,92.474590989197,137.067058303856,8,92.358841013723,137.011552307938,0.128370449891
642,92.182176236123,137.000023917264,9,92.062371023216,136.965666312529,0.124634401522
643,91.889731757841,136.933119343704,10,91.765983673497,136.919249659544,0.124522915632
644,91.597262323689,136.866323923009,11,91.469701321140,136.872167626861,0.127694785508
645,91.304765407640,136.799648974308,12,91.173547829977,136.824281925883,0.133509681263
646,91.012232377965,136.733132665142,13,90.877548618237,136.775451858950,0.141175880726
647,90.719664180385,136.666771197408,14,90.581731642669,136.725529895027,0.149926547038
648,90.427072615318,136.600512804212,15,90.286128753768,136.674355819353,0.159116193374
649,90.134480441812,136.534257091447,16,89.990785351622,136.621705146660,0.168212488554
650,89.841921782936,136.467853633152,17,89.695740415165,136.567407299674,0.176861315163
651,89.549444276900,136.401093933967,18,89.401042008841,136.511259597612,0.184823447136
652,89.257113344004,136.333696019305,19,89.106743537032,136.453052538441,0.191981919745
653,88.965017807841,136.265286583914,20,88.812903584743,136.392573895097,0.198345144778
654,88.673273505770,136.195396986662,21,88.519585133618,136.329615193078,0.204045687699
655,88.382001390891,136.123567703805,22,88.226854866396,136.263976560923,0.209248873880
656,88.091339151988,136.049313096997,23,87.934782074588,136.195472166826,0.214178878924
657,87.801452303218,135.972091856858,24,87.643438441276,136.123930686625,0.219142444065
658,87.512536852012,135.891318339186,25,87.352898584285,136.049192300268,0.224518516186
659,87.224800171633,135.806447197515,26,87.063234600440,135.971128443664,0.230701856577
660,86.938451540553,135.717009923351,27,86.774514002196,135.889644964367,0.238072203058
661,86.653698078822,135.622621211497,28,86.486809356525,135.804644246279,0.246949854872
662,86.370736631570,135.522991907993,29,86.200201959634,135.716014591617,0.257565197040
663,86.089745619156,135.417935183484,30,85.914785583117,135.623621838680,0.270033357822
664,85.810876964761,135.307367920547,31,85.630669289888,135.527305932833,0.284337010133
665,85.534248257170,135.191308960702,32,85.347979607341,135.426880651955,0.300316552373
666,85.259935592650,135.069874885335,33,85.066861483974,135.322137420046,0.317669636352
667,84.987958708629,134.943292610458,34,84.787478488887,135.212851012168,0.335937569260
668,84.718271695577,134.811898550236,35,84.510009500758,135.098793251569,0.354516165279
669,84.450793985876,134.676060280068,36,84.234637359527,134.979762855777,0.372771969985
670,84.185396614551,134.536197957382,37,83.961547423064,134.855586515635,0.390022450216
671,83.921908619167,134.392768284339,38,83.690935100324,134.726100338452,0.405535478973
672,83.660130204252,134.246239537407,39,83.422998474326,134.591165219341,0.418575182488
673,83.399843391241,134.097075674617,40,83.157934752796,134.450671189325,0.428426863509
674,83.140821295921,133.945725163580,41,82.895936381839,134.304540975763,0.434416169378
675,82.882836210512,133.792612942137,42,82.637186901394,134.152732725095,0.435924123154
676,82.625665977758,133.638135496632,43,82.381856654977,133.995241836219,0.432397876553
677,82.369098685009,133.482658393443,44,82.130098510633,133.832101839564,0.423357774688
678,82.112936890178,133.326513922992,45,81.882043764625,133.663384296810,0.408403335177
679,81.857003447152,133.169995357061,46,81.637798457221,133.489197661389,0.387222079302
680,81.601150575979,133.013345086777,47,81.397440094269,133.309685414847,0.359604714095
681,81.345269377054,132.856741090125,48,81.161015049635,133.125023368470,0.325461269656
682,81.089296033678,132.700287756206,49,80.928536713719,132.935416334005,0.284831541532
683,80.833212004705,132.544015660035,50,80.699984471638,132.741094305216,0.237885619476
684,80.577038632436,132.387890062023,51,80.475303662794,132.542308182899,0.184918793266
685,80.320827512294,132.231826415330,52,80.254406494973,132.339325259708,0.126363574992
686,80.064649160509,132.075708987268,53,80.037173565976,132.132424955183,0.063020705419
687,79.808575208110,131.919420385715,54,79.823456007188,131.921894790256,0.015085120452
688,79.552663642180,131.762866047188,55,79.613078252552,131.708026587911,0.081592226592
689,79.296952254535,131.605984975449,56,79.405841724438,131.491112594658,0.158280069890
690,79.041458221150,131.448750186570,57,79.201529932143,131.271441060771,0.238875446105
691,78.786182027763,131.291161979194,58,78.999914841863,131.049291439148,0.322774029261
692,78.531112071954,131.133240174499,59,78.800762826593,130.824930669969,0.409592822277
693,78.276228668216,130.975017445271,60,78.603839757940,130.598610677405,0.499010101106
694,78.021507182124,130.816534165265,61,78.408914980003,130.370567054744,0.590738068457
695,77.766920290239,130.657834750313,62,78.215763907128,130.141018949990,0.684513815700
696,77.512439657829,130.498964987741,63,78.024169027956,129.910170171138,0.780093766357
697,77.258036663761,130.339970920131,64,77.833919724404,129.678211059688,0.877249914465
698,77.003682380922,130.180898930623,64,77.833919724404,129.678211059688,0.970561251079
699,76.749348065576,130.021795014912,65,77.644811559943,129.445320559492,1.064977777935
700,76.495005374204,129.862704490160,66,77.456645856739,129.211667837836,1.161292874480
701,76.240626573366,129.703671712851,67,77.269230356110,128.977412873853,1.259157513220
702,75.986184761866,129.544739772985,68,77.082380450749,128.742706476899,1.358271841848
703,75.731654089552,129.385950188058,69,76.895919804809,128.507690688593,1.458373890373
704,75.477009943994,129.227342641384,70,76.709680681733,128.272499301952,1.559231525635
705,75.222229077427,129.068954808310,71,76.523504122814,128.037258386709,1.660636700212
706,74.967281029970,128.910836223408,72,76.337239948800,127.802086849988,1.762416696567
707,74.712149023977,128.753014658163,73,76.150746666097,127.567096976927,1.864393714477
708,74.456814974361,128.595520212122,74,75.963891211472,127.332395014169,1.966408922419
709,74.201259762456,128.438384918294,75,75.776548620006,127.098081740553,2.068319992889
710,73.945466630802,128.281637249843,76,75.588601552503,126.864253087847,2.169993141369
711,73.689418168989,128.125307057223,77,75.399939720851,126.631000793918,2.271306933889
712,73.433091658053,127.969433220621,78,75.210459211293,126.398413101785,2.372159276503
713,73.176468764895,127.814047845344,79,75.020061702727,126.166575520839,2.472448175480
714,72.919531433635,127.659182983635,80,74.828653599964,125.935571648412,2.572077658407
715,72.662261388202,127.504871486995,81,74.636145082429,125.705484066010,2.670957118550
716,72.404639409383,127.351148258068,82,74.442448935591,125.476395437710,2.769000867198
717,72.146645290493,127.198050392134,83,74.247479172406,125.248389828288,2.866126185919
718,71.888259656338,127.045614170357,84,74.051149829758,125.021553935165,2.962248088524
719,71.629463488048,126.893875896365,85,73.853374236577,124.795977980202,3.057278967328
720,71.370214623981,126.742912397183,86,73.654064741178,124.571756255384,3.151172853065
721,71.110526354557,126.592706185352,87,73.453132864805,124.348987329014,3.243775511367
722,70.850373147768,126.443306830866,88,73.250489853555,124.127773909516,3.335004184593
723,70.589730860792,126.294762560377,89,73.046048276473,123.908221723983,3.424773337077
724,70.328561777670,126.147146660609,90,72.839727751716,123.690434416124,3.513031397726
725,70.066836363524,126.000519515702,91,72.631446415074,123.474521717038,3.599706876312
726,69.804546426722,125.854904619039,92,72.421109610438,123.260611072948,3.684665778286
727,69.541707311048,125.710283247841,93,72.208612204935,123.048846805432,3.767708275600
728,69.278361493170,125.566586413868,94,71.993846920544,122.839383114701,3.848571025883
729,69.014573737276,125.423702247552,95,71.776712422532,122.632376626135,3.926946503502
730,68.750422012543,125.281491884230,97,71.334993480712,122.226339417523,4.001745402809
731,68.485985081310,125.139812426644,98,71.110292072323,122.027572867034,4.070997698290
732,68.221331438884,124.998538116971,99,70.882994663238,121.831780327262,4.136762746226
733,67.956517578300,124.857564319535,100,70.653112360276,121.639029359975,4.198879696311
734,67.691564563519,124.716852216670,101,70.420671221843,121.449372021497,4.257281994225
735,67.426462522858,124.576421075116,103,69.948243924827,121.079519020800,4.311346125840
736,67.161176698642,124.436337438091,104,69.708343101935,120.899390267189,4.358675484115
737,66.895659691235,124.296692536434,105,69.466050949503,120.722491169466,4.402479600431
738,66.629846851816,124.157611681224,106,69.221421049601,120.548839217161,4.442915205133
739,66.363666895086,124.019234836028,107,68.974509800679,120.378446625234,4.480160652649
740,66.097064840967,123.881673419606,109,68.474064183190,120.047487454455,4.511220221657
741,65.829871143068,123.745265680047,110,68.220637110751,119.886946002472,4.538985861026
742,65.561896468143,123.610399781199,111,67.965140650436,119.729718753555,4.564566555330
743,65.292971856304,123.477439631136,112,67.707621050692,119.575827527694,4.588366565313
744,65.022971133902,123.346679039891,114,67.186668321326,119.278189792221,4.608057104385
745,64.751822038259,123.218316430334,115,66.923297825842,119.134541597167,4.625205291019
746,64.479046678156,123.093449876069,116,66.658027675071,118.994432588047,4.642187082876
747,64.204260556307,122.973073487755,117,66.390869743500,118.857957761967,4.659982529382
748,63.927733286918,122.856757901126,119,65.850902524756,118.596402418336,4.674313720442
749,63.649184481921,122.745378458474,120,65.578079749384,118.471637859194,4.688869337354
750,63.368375140159,122.639820883519,121,65.303341820168,118.351149764472,4.704975666259
751,63.085604122151,122.539663440822,123,64.748037461531,118.123987495588,4.718249533587
752,62.800297466518,122.446975804370,124,64.467457335758,118.017815025104,4.732534969569
753,62.512847604660,122.361155183262,126,63.900534114102,117.821461446359,4.747050987019
754,62.223209009113,122.283065223210,127,63.614285608470,117.731688680690,4.759214487400
755,61.931499887036,122.213099846328,129,63.036590196543,117.569768014372,4.773023684608
756,61.637816963502,122.151931969676,130,62.745335196282,117.497882425588,4.784012311310
757,61.342555267218,122.098933421545,132,62.158555987422,117.372838557581,4.796022293376
758,61.045723086606,122.055518843974,133,61.863277233213,117.319855487596,4.805715577058
759,60.747860978663,122.019913528585,135,61.269613328495,117.233210492834,4.815054669163
760,60.449055899887,121.993281183426,136,60.971510575799,117.199573837821,4.822093840200
761,60.149687869481,121.974040289053,138,60.373480292263,117.151557280016,4.827672878411
762,59.849864978269,121.963940147150,139,60.073835951224,117.137062983397,4.832070586269
763,59.549908971264,121.959638355768,141,59.473967513836,117.126660148269,4.833574811577
764,59.249942884963,121.963178544257,142,59.173997062923,117.130516158620,4.833259097280
765,58.950116951760,121.973230458285,144,58.574559988449,117.155654631534,4.832192036663
766,58.650507764480,121.988369527074,145,58.275297997390,117.176626449763,4.826349947048
767,58.351211419841,122.008822844917,146,57.976461977547,117.202984183555,4.820427614180
768,58.052235620079,122.033552927473,148,57.380379950665,117.271189828890,4.809521007675
769,57.753629125900,122.062390921432,149,57.083267784284,117.312692299358,4.796771969655
770,57.455416471357,122.095050034917,150,56.786854549417,117.358924011127,4.783081094514
771,57.157550000694,122.130750476810,152,56.196352647381,117.465130228720,4.763602906561
772,56.860017722389,122.169136341946,153,55.902358531129,117.524845765159,4.741998111370
773,56.562803779185,122.209921669343,154,55.609242042044,117.588731281542,4.718546448520
774,56.265838565195,122.252484225538,156,55.025664766009,117.728082174577,4.691294594345
775,55.969010209946,122.295991947793,157,54.735180342801,117.803034808006,4.659291791788
776,55.672210683680,122.339695807676,158,54.445537793997,117.881178273494,4.624186953497
777,55.375354466571,122.383012703933,159,54.156720985769,117.962320806023,4.585584413876
778,55.078410492338,122.425723778446,160,53.868738417224,118.046376142268,4.543345930898
779,54.781352323012,122.467633526950,162,53.295441660017,118.223344384938,4.496879008757
780,54.484172475735,122.508671781944,163,53.010260084846,118.316460238145,4.443765898872
781,54.186885267531,122.548924824444,164,52.726177223806,118.412875583814,4.386407563134
782,53.889520140566,122.588598091787,165,52.443306354942,118.512790239510,4.324782533539
783,53.592113277525,122.627957377466,166,52.161778278396,118.616427426959,4.258900181215
784,53.294708016109,122.667328819516,168,51.603346237253,118.835806712793,4.188229497208
785,52.997354662058,122.707090181336,169,51.326770632900,118.952013990158,4.109920704835
786,52.700104581950,122.747615752312,170,51.052188819659,119.072856133384,4.027342128068
787,52.402996151973,122.789165134025,171,50.779780429961,119.198520197003,3.940502549669
788,52.106088121048,122.832120812609,173,50.242195377857,119.464903175696,3.848668701312
789,51.809425865145,122.876739929525,174,49.977352466771,119.605812543869,3.749061069023
790,51.513053077172,122.923240948709,175,49.715340356587,119.751917779505,3.645416528915
791,51.217014443915,122.971822739602,176,49.456279198267,119.903193437280,3.537891236363
792,50.921356485926,123.022670101701,177,49.200258862813,120.059560267193,3.426688914921
793,50.626099819233,123.075801293304,179,48.697518131620,120.386986284534,3.308950509933
794,50.331399583370,123.131934228791,180,48.450788746068,120.557638087468,3.188055480165
795,50.037279232142,123.191025723569,181,48.207056441512,120.732544776323,3.064937851134
796,49.743767305295,123.253067815575,182,47.966146511190,120.911320114908,2.940020064764
797,49.450887570148,123.318027269565,183,47.727809554425,121.093512732703,2.813798637603
798,49.158707604831,123.386067117086,184,47.491741430029,121.278636738153,2.687013031227
799,48.867325108256,123.457445787578,185,47.257601166391,121.466194004567,2.560526280348
800,48.576826271825,123.532339478057,186,47.025030038160,121.655694175236,2.435132264050
801,48.287116149989,123.610227766012,187,46.793670703624,121.846672386783,2.310953672594
802,47.998056816194,123.690501863443,188,46.563181172654,122.038699734554,2.187994146571
803,47.709504281063,123.772580264410,189,46.333245759531,122.231390386163,2.066241457066
804,47.421367582724,123.856108522304,190,46.103576694796,122.424398470719,1.945858806829
805,47.133539797862,123.940696177160,191,45.873877998825,122.617371237872,1.827002119018
806,46.845939572558,124.026054733228,192,45.643838954855,122.809938001510,1.709966607933
807,46.558487672751,124.111911530903,192,45.643838954855,122.809938001510,1.591137124320
808,46.271136644698,124.198105353504,193,45.413151280429,123.001727002223,1.472229616844
809,45.983854040629,124.284526996404,194,45.181514389354,123.192368146340,1.355197354551
810,45.696602212602,124.371050907800,195,44.948640822064,123.381496252265,1.240429223303
811,45.409337618772,124.457532409896,196,44.714260753772,123.568753678378,1.128299375989
812,45.122021859304,124.543843722388,197,44.478125674078,123.753792561453,1.019207110574
813,44.834621420624,124.629872581456,198,44.240011519893,123.936277097060,0.913583947988
814,44.547107633920,124.715521798534,199,43.999721231009,124.115885889617,0.811908306002
815,44.259457135160,124.800710704179,200,43.757086680431,124.292314343964,0.714732770247
816,43.971651744193,124.885374833473,201,43.511969965672,124.465277078455,0.622727437388
817,43.683678192442,124.969465238858,201,43.511969965672,124.465277078455,0.532625024037
818,43.395527919889,125.052948133059,202,43.264264046806,124.634510303789,0.438543522744
819,43.107193787700,125.135793840969,203,43.013892717377,124.799774073568,0.348732524735
820,42.818669944781,125.217976398164,204,42.760809917377,124.960854305423,0.263551803915
821,42.529963597880,125.299515430160,205,42.504998432843,125.117564489038,0.183655668141
822,42.241079344179,125.380421848278,206,42.246468063487,125.269747030883,0.110805927194
823,41.952025327562,125.460719625948,207,41.985253319212,125.417274137563,0.054695611251
824,41.662814128418,125.540449436887,208,41.721410700482,125.560048110240,0.061787266122
825,41.373464189814,125.619674320835,209,41.455015643793,125.698000951811,0.113073873049
826,41.084001695751,125.698487054046,210,41.186159229585,125.831093215704,0.167393416324
827,40.794462301820,125.777016886166,211,40.914944751626,125.959312039115,0.218512112936
828,40.504890909846,125.855428676487,212,40.641484261256,126.082668355578,0.265133203132
829,40.215337869236,125.933908152421,213,40.365895183002,126.201193284151,0.306771651840
830,39.925851709895,126.012633860992,214,40.088297053979,126.314933627431,0.343181640831
831,39.636469525452,126.091740820235,215,39.808808354331,126.423946213786,0.374247371993
832,39.347206949633,126.171284049985,216,39.527543608200,126.528291340980,0.399969394138
833,39.058049792667,126.251209781968,217,39.244611383420,126.628026972292,0.420471666190
834,38.768949320475,126.331340406385,218,38.960113391819,126.723204695025,0.436006104182
835,38.479822829356,126.411376918043,219,38.674144492493,126.813867531623,0.446944742428
836,38.190560387045,126.490919968582,220,38.386793362151,126.900049517701,0.453755846773
837,37.901037019697,126.569506603210,221,38.098143561402,126.981776730626,0.456965695367
838,37.611127574036,126.646654778892,222,37.808274737194,127.059069308897,0.457113496301
839,37.320720841002,126.721906960112,223,37.517263774122,127.131944046263,0.454708188379
840,37.029730037434,126.794865466014,224,37.225185517025,127.200416137988,0.450193505108
841,36.738096824028,126.865209763970,225,36.932113050751,127.264499598229,0.443930927031
842,36.445787871817,126.932688781034,226,36.638117722783,127.324206625633,0.436207512788
843,36.152786729917,126.997093449137,227,36.343269259235,127.379547244985,0.427263969853
844,35.859085028147,127.058221039209,228,36.047635968867,127.430529339879,0.417330717770
845,35.564676152027,127.115842487413,229,35.751284946129,127.477158738226,0.406659901070
846,35.269553158722,127.169681620487,230,35.454282281881,127.519439446798,0.395544417239
847,34.973711343403,127.219412253631,231,35.156693484808,127.557375806430,0.384319954066
848,34.677154516173,127.264675426152,232,34.858584452699,127.590980499907,0.373352143460
849,34.379902728431,127.305113953017,234,34.261059811849,127.645186221509,0.360239901480
850,34.081998243965,127.340414542969,235,33.961766729315,127.665724866550,0.346817565506
851,33.783507074754,127.370344016399,236,33.662200939215,127.681801431803,0.334246765324
852,33.484515800514,127.394773555017,237,33.362425829646,127.693330984481,0.322556196150
853,33.185125048603,127.413692323825,238,33.062508508474,127.700229263388,0.311670071786
854,32.885441160759,127.427211836001,239,32.762520012704,127.702431956274,0.301422831322
855,32.585567487489,127.435561123858,240,32.462534013875,127.699911336186,0.291578926515
856,32.285596675232,127.439071706043,241,32.162624171300,127.692693261998,0.281861899462
857,31.985605180837,127.438151180674,242,31.862860247420,127.680873353821,0.271993330832
858,31.685650948506,127.433244824793,243,31.563304663862,127.664603249655,0.261716132710
859,31.385774482536,127.424792023064,244,31.264009870665,127.644083487967,0.250829358894
860,31.086002507951,127.413187381426,245,30.965016785215,127.619552819180,0.239215883681
861,30.786352685509,127.398755271124,246,30.666354133154,127.591278580834,0.226858716713
862,30.486837814999,127.381743123682,247,30.368038108398,127.559552327031,0.213844530171
863,30.187468385581,127.362334333021,248,30.070072757483,127.524683414774,0.200347093421
864,29.888252929241,127.340677536728,249,29.772451034847,127.486991634628,0.186595535824
865,29.589196297644,127.316924802437,250,29.475156813863,127.446796438824,0.172834156922
866,29.290296646095,127.291268512409,251,29.178166754777,127.404410839259,0.159293121798
867,28.991542467868,127.263966442162,252,28.881451492205,127.360141293668,0.146183531852
868,28.692911212698,127.235347349673,253,28.584977159722,127.314285061408,0.133719565232
869,28.394370346531,127.205797228692,254,28.288707194563,127.267125797691,0.122171580408
870,28.095881134325,127.175728011347,255,27.992603702650,127.218931838590,0.111949982501
871,27.797404718458,127.145531502117,256,27.696628587624,127.169955319320,0.103693545569
872,27.498908292242,127.115533767603,257,27.400744193951,127.120433465147,0.098286302349
873,27.200369490206,127.085961290344,258,27.104913673974,127.070590694682,0.096685407707
874,26.901778283565,127.056922980763,259,26.809101808353,127.020637318968,0.099526771823
875,26.603136436099,127.028409999611,260,26.513275796040,126.970767842361,0.106759322423
876,26.304455134014,127.000312849924,261,26.217406134815,126.921158083212,0.117656301807
877,26.005751611714,126.972452498571,262,25.921467964535,126.871958751789,0.131159164087
878,25.707045639085,126.944618319074,263,25.625443972051,126.823278547059,0.146226441984
879,25.408356634628,126.916602861538,264,25.329322468238,126.775195137149,0.161995506030
880,25.109701907612,126.888224749331,265,25.033095010546,126.727768931389,0.177805191683
881,24.811096119254,126.859336715546,266,24.736753397622,126.681061448398,0.193155147838
882,24.512551008490,126.829828626889,267,24.440286692655,126.635154848571,0.207653584867
883,24.214075217117,126.799627716893,268,24.143679824302,126.590163057277,0.220977272492
884,23.915674290538,126.768695989161,269,23.846912886283,126.546239948534,0.232840762597
885,23.617350704626,126.737027014015,270,23.549962009449,126.503578786296,0.242980063509
886,23.319103774873,126.704643921536,271,23.252801033815,126.462407452325,0.251146492087
887,23.020929317497,126.671599912477,272,22.955404510401,126.422974615768,0.257114835256
888,22.722819089386,126.637981026780,273,22.657752037254,126.385523928911,0.260707321603
889,22.424760215050,126.603909458824,274,22.359828937754,126.350292138617,0.261797280124
890,22.126734799989,126.569546108793,275,22.061627433829,126.317501621172,0.260317868900
891,21.828719989404,126.535090739526,276,21.763147102611,126.287356096543,0.256265988412
892,21.530688423043,126.500780744838,277,21.464395057930,126.260035884873,0.249705622399
893,21.232608834339,126.466891119324,278,21.165386243156,126.235687609257,0.240777781019
894,20.934447075044,126.433733534241,279,20.866142296292,126.214424550812,0.229699745348
895,20.636167438257,126.401655951572,280,20.566689989982,126.196332853251,0.216759522335
896,20.337734023894,126.371045727633,281,20.267057909909,126.181516652086,0.202277985865
897,20.039112599019,126.342333177466,282,19.967276781545,126.170110700339,0.186603768182
898,19.740272923980,126.315997546186,283,19.667382288759,126.162235966920,0.170163650529
899,19.441192663749,126.292564200555,284,19.367414033719,126.158036112747,0.153431068100
900,19.141863078240,126.272584183220,285,19.067416757206,126.157669948950,0.136921641654
901,18.842295158480,126.256594113391,286,18.767440651697,126.161244321394,0.121222027782
902,18.542524084423,126.245051406252,287,18.467538317505,126.168802503167,0.106942790603
903,18.242608355449,126.238264561939,288,18.167756421663,126.180186692080,0.094740967690
904,17.942622109134,126.236326322051,289,17.868125302178,126.195030153287,0.085177155395
905,17.642641258035,126.239062238126,290,17.568650679542,126.212764012332,0.078525170396
906,17.342726952556,126.246012578865,291,17.269307035778,126.232593866338,0.074636090637
907,17.042911888535,126.256449456191,292,16.970045208698,126.253626027653,0.072921360240
908,16.743194552573,126.269431952784,293,16.670795745855,126.274832152637,0.072599926809
909,16.443542173684,126.283861129473,294,16.371482633991,126.295114152516,0.072932899219
910,16.143900612595,126.298521759176,295,16.072041219993,126.313393939227,0.073382246113
911,15.844209520708,126.312119789742,296,15.772430086670,126.328624999206,0.073652624463
912,15.544420276821,126.323302395428,297,15.472640936939,126.339787219874,0.073647967188
913,15.244516118791,126.330678101754,298,15.172704926974,126.345757027131,0.073377253019
914,14.944533160150,126.332837112218,299,14.872711503034,126.345377182790,0.072908187474
915,14.644580980708,126.328370536614,300,14.572822474584,126.337539555849,0.072341925015
916,14.344861103708,126.315901601221,301,14.273282162800,126.321144320693,0.071770682657
917,14.045679242064,126.294140240330,302,13.974423760844,126.295166326552,0.071262868711
918,13.747446064276,126.261950209250,303,13.676668647948,126.258687597034,0.070852574410
919,13.450666161089,126.218394066508,304,13.380522005191,126.210903099945,0.070543016569
920,13.155916605051,126.162761474900,305,13.086549476302,126.151204947882,0.070323195800
921,12.863813457387,126.094601382289,306,12.795338246749,126.079250165274,0.070174883938
922,12.574973772036,126.013728116797,307,12.507478849892,125.994890792504,0.070074312709
923,12.289981829527,125.920196216362,308,12.223550725665,125.898128184790,0.070000639839
924,12.009364099487,125.814258074492,309,11.944089284718,125.789137091649,0.069941870307
925,11.733578511011,125.696306327701,310,11.669545020067,125.668291855117,0.069893480645
926,11.463015571205,125.566817401808,311,11.400288339610,125.536081212994,0.069852837354
927,11.198004985454,125.426309183644,312,11.136645737780,125.392999385222,0.069817619166
928,10.938828259990,125.275305776805,313,10.878896230346,125.239551903198,0.069786729793
929,10.685741625318,125.114299670851,314,10.627294383762,125.076216247092,0.069759782187
930,10.438996922296,124.943730704287,315,10.382080979836,124.903435121272,0.069736350038
931,10.198853069502,124.763985656561,316,10.143502755575,124.721600021291,0.069715129843
932,9.965587168955,124.575399557872,317,9.911832847556,124.531040849437,0.069693773633
933,9.739499794315,124.378264345252,318,9.687402107234,124.332006689129,0.069670221395
934,9.520915316132,124.172841583083,319,9.470551434988,124.124740313029,0.069643755676
935,9.310174682248,123.959380021189,320,9.261638445872,123.909476146005,0.069614387880
936,9.107616810444,123.738139126149,321,9.061008747908,123.686471924008,0.069583124897
937,8.913561384381,123.509404409441,322,8.868968896012,123.456029798168,0.069550982362
938,8.728300273374,123.273490540406,323,8.685832750531,123.218450504786,0.069519033491
939,8.552113540169,123.030724823281,324,8.511857878298,122.974082850350,0.069489793569
940,8.385284739037,122.781435946805,325,8.347265940044,122.723299897282,0.069463870688
941,8.228116169229,122.525947185040,326,8.192333434351,122.466438004215,0.069438798361
942,8.080942577423,122.264574152656,327,8.047406140049,122.203802841529,0.069410697214
943,7.944126860942,121.997634665002,328,7.912919413046,121.935672969702,0.069376916108
944,7.818048742620,121.725460569704,329,7.789263713628,121.662380545991,0.069337344092
945,7.703075808297,121.448413811779,330,7.676806264586,121.384294218479,0.069292215809
946,7.599515559390,121.166902726741,331,7.575860816043,121.101825939651,0.069242581557
947,7.507569088076,120.881387290013,332,7.486600966280,120.815450430727,0.069190545193
948,7.427305541188,120.592369110442,333,7.409080200505,120.525676181895,0.069138337854
949,7.358666117925,120.300370243210,334,7.343206425126,120.233032899039,0.069089217838
950,7.301468462681,120.005913978937,335,7.288720147198,119.938055103215,0.069045974263
951,7.255416416878,119.709507275917,336,7.245254524353,119.641251220250,0.069008355979
952,7.220123719380,119.411624779552,337,7.212424986996,119.343081471668,0.068974310696
953,7.195137608505,119.112698114882,338,7.189803730239,119.043961642265,0.068943113690
954,7.179956457086,118.813110242646,339,7.176872869189,118.744263816983,0.068915447042
955,7.174043100937,118.513193161894,340,7.173054791067,118.444308933513,0.068891317856
956,7.176821341369,118.213227581626,341,7.177774069632,118.144364379376,0.068869792473
957,7.187665942056,117.913442143935,342,7.190425578279,117.844646831726,0.068850639605
958,7.205904011427,117.614012520851,343,7.210333307063,117.545321004994,0.068834170370
959,7.230821429484,117.315061710428,344,7.236791258075,117.246500148029,0.068820975669
960,7.261665522899,117.016661402142,345,7.269018939583,116.948243792722,0.068811641570
961,7.297652109893,116.718835008643,346,7.306207682193,116.650563090261,0.068805905684
962,7.337982955432,116.421563563083,347,7.347555026570,116.353429644932,0.068803018454
963,7.381870505303,116.124794585107,348,7.392274609048,116.056783598527,0.068802177802
964,7.428560275008,115.828452193954,349,7.439616982984,115.760543845068,0.068802577275
965,7.477352862251,115.532447807570,350,7.488897677986,115.464619731503,0.068803565847
966,7.527619066465,115.236689484502,351,7.539496801587,115.168917852418,0.068804612541
967,7.578815473733,114.941090417541,352,7.590897198261,114.873354039421,0.068805413947
968,7.630496216151,114.645575488075,353,7.642673884438,114.577855860852,0.068805839259
969,7.682320305692,114.350085618821,354,7.694493105692,114.282365142474,0.068805813537
970,7.734051040310,114.054579396530,355,7.746139031321,113.986844098660,0.068805451123
971,7.785551133968,113.759032905556,356,7.797511181079,113.691275347254,0.068805010239
972,7.836763673282,113.463436458024,357,7.848575468372,113.395653247367,0.068804666631
973,7.887688653144,113.167790332296,358,7.899365500822,113.099983898052,0.068804515089
974,7.938359784847,112.872100586914,359,7.949936172773,112.804276943318,0.068804501219
975,7.988820756262,112.576374897982,360,8.000348537487,112.508542957874,0.068804519028
976,8.039109143377,112.280619808080,361,8.050615174333,112.212784167686,0.068804526421
977,8.089250214820,111.984839705171,362,8.100739784699,111.917001273189,0.068804527974
978,8.139256498535,111.689036783628,363,8.150731200084,111.621195837884,0.068804525251
979,8.189135215227,111.393212324308,364,8.200589020164,111.325367855480,0.068804517280
980,8.238895178172,111.097367865821,365,8.250320141985,111.029518546859,0.068804504807
981,8.288552612851,110.801506179515,366,8.299940854792,110.733650698430,0.068804493805
982,8.338128755103,110.505630859382,367,8.349483677018,110.437769796008,0.068804492397
983,8.387646436510,110.209745748716,368,8.398983399226,110.141881679651,0.068804495446
984,8.437128658378,109.913854705334,369,8.448460725279,109.845989817323,0.068804496692
985,8.486595851042,109.617961148747,370,8.497930082136,109.550096622518,0.068804496326
986,8.536063572675,109.322067680563,371,8.547400462929,109.254203598913,0.068804495920
987,8.585540805363,109.026175802637,372,8.596878516133,108.958311858199,0.068804495784
988,8.635030832056,108.730286064346,373,8.646370911757,108.662422516176,0.068804495331
989,8.684533716170,108.434398476848,374,8.695881118977,108.366536153963,0.068804494169
990,8.734047537435,108.138512719361,375,8.745405084992,108.070652094263,0.068804493495
991,8.783569268832,107.842628285654,376,8.794933450249,107.774768770917,0.068804493746
992,8.833095385821,107.546744585978,377,8.844459632156,107.478885082105,0.068804493754
993,8.882622515089,107.250861055740,378,8.893983566998,107.183001017179,0.068804493559
994,8.932148392812,106.954977316012,379,8.943506901607,106.887116851787,0.068804493508
995,8.981672496599,106.659093279363,380,8.993030130195,106.591232668651,0.068804493510
996,9.031195594987,106.363209074435,381,9.042553313541,106.295348477943,0.068804493509
997,9.080718557100,106.067324846698,382,9.092076491197,105.999464286282,0.068804493508
998,9.130241656567,105.771440641950,383,9.141599680506,105.703580096571,0.068804493509
999,9.179764830800,105.475556449716,384,9.191122881653,105.407695908842,0.068804493508
1000,9.229288025871,105.179672260970,385,9.240646088668,105.111811722095,0.068804493508
1001,9.278811229446,104.883788073648,386,9.290169296736,104.815927535524,0.068804493509
1002,9.328334436118,104.587903886843,387,9.339692503325,104.520043348706,0.068804493508
1003,9.377857642130,104.292019699928,388,9.389215707705,104.224159161518,0.068804493508
1004,9.427380846150,103.996135512680,389,9.438738910130,103.928274974002,0.068804493509
1005,9.476904048448,103.700251325143,390,9.488262111380,103.632390786290,0.068804493509
1006,9.526427249795,103.404367137448,391,9.537785312407,103.336506598541,0.068804493509
1007,9.575950450969,103.108482949723,392,9.587308514139,103.040622410910,0.068804493509
1008,9.625473652916,102.812598762128,393,9.636831717296,102.744738223517,0.068804493509
1009,9.674996857626,102.516714574995,394,9.686354922419,102.448854036454,0.068804493508
1010,9.724520068710,102.220830388929,395,9.735878130433,102.152969849874,0.068804493508
1011,9.774043290305,101.924946204622,396,9.785401343853,101.857085664199,0.068804493508
1012,9.823566523593,101.629062022273,397,9.834924566732,101.561201480107,0.068804493508
1013,9.873089762490,101.333177840862,398,9.884447801798,101.265317298055,0.068804493508
1014,9.922612990852,101.037293657688,399,9.933971040336,100.969433116584,0.068804493508
1015,9.972136182537,100.741409468375,400,9.983494254910,100.673548931102,0.068804493509
1016,10.021659305913,100.445525267629,401,10.033017402528,100.377664734414,0.068804493508
1017,10.071182333769,100.149641050895,402,10.082540442665,100.081780519736,0.068804493508
1018,10.120705256816,99.853756816620,403,10.132063356395,99.785896283901,0.068804493508
1019,10.170228096391,99.557872568373,404,10.181586159735,99.490012029589,0.068804493509
1020,10.219750909967,99.261988315775,405,10.231108915644,99.194127767339,0.068804493509
1021,10.269273784800,98.966104073430,406,10.280631731883,98.898243515187,0.068804493508
1022,10.318796819952,98.670219857917,407,10.330154736899,98.602359294631,0.068804493508
1023,10.368320103170,98.374335683925,408,10.379678043238,98.306475124508,0.068804493508
1024,10.417843689606,98.078451560683,409,10.429201710861,98.010591014855,0.068804493508
1025,10.467367587223,97.782567489525,410,10.478725728003,97.714706963703,0.068804493508
1026,10.516891753868,97.486683463397,411,10.528250018806,97.418822958356,0.068804493507
1027,10.566416107770,97.190799468611,412,10.577774472639,97.122938980296,0.068804493507
1028,10.615940547803,96.894915488241,413,10.627298971065,96.827055009700,0.068804493507
1029,10.665464976569,96.599031505985,414,10.676823409627,96.531171029084,0.068804493508
1030,10.714989318742,96.303147509236,415,10.726347718022,96.235287026681,0.068804493508
1031,10.764513529437,96.007263490480,416,10.775871866970,95.939402997590,0.068804493508
1032,10.814037592458,95.711379447008,417,10.825395860800,95.643518942536,0.068804493508
1033,10.863561512648,95.415495379628,418,10.874919722070,95.347634865295,0.068804493507
1034,10.913085305775,95.119611290981,419,10.924443475153,95.051750769946,0.068804493507
1035,10.962608988357,94.823727183832,420,10.973967133462,94.755866658734,0.068804493507
1036,11.012132570277,94.527843059835,421,11.023490698317,94.459982531880,0.068804493508
1037,11.061656051912,94.231958919052,422,11.073014163886,94.164098388408,0.068804493508
1038,11.111179425554,93.936074760194,423,11.122537519307,93.868214226501,0.068804493507
1039,11.160702679012,93.640190581220,424,11.172060749689,93.572330043665,0.068804493507
1040,11.210225798318,93.344306379793,425,11.221583838882,93.276445837197,0.068804493508
1041,11.259748768079,93.048422153336,426,11.271106773937,92.980561604931,0.068804493508
1042,11.309271571293,92.752537899004,427,11.320629546062,92.684677345396,0.068804493507
1043,11.358794191892,92.456653614107,428,11.370152145967,92.388793057035,0.068804493508
1044,11.408316620614,92.160769297095,429,11.419674560416,92.092908737634,0.068804493508
1045,11.457838862687,91.864884948844,430,11.469196781789,91.797024385919,0.068804493507
1046,11.507360945870,91.569000573999,431,11.518718826882,91.501140004699,0.068804493507
1047,11.556882926177,91.273116181936,432,11.568240752678,91.205255603513,0.068804493507
1048,11.606404887247,90.977231786653,433,11.617762654370,90.909371198292,0.068804493507
1049,11.655926930281,90.681347405089,434,11.667284651202,90.613486808995,0.068804493507
1050,11.705449154701,90.385463053883,435,11.716806865475,90.317602456090,0.068804493508
1051,11.754971635042,90.089578745511,436,11.766329389267,90.021718154991,0.068804493507
1052,11.804494402663,89.793694485222,437,11.815852253614,89.725833910890,0.068804493507
1053,11.854017439363,89.497810269968,438,11.865375417875,89.429949716987,0.068804493507
1054,11.903540683671,89.201926089463,439,11.914898783448,89.134065556779,0.068804493507
1055,11.953064047287,88.906041928927,440,11.964422228359,88.838181409850,0.068804493506
1056,12.002587438087,88.610157772941,441,12.013945646080,88.542297258369,0.068804493507
1057,12.052110782589,88.314273609205,442,12.063468970416,88.246413091259,0.068804493506
1058,12.101634040332,88.018389430949,443,12.112992177720,87.950528904560,0.068804493507
1059,12.151157206466,87.722505237360,444,12.162515282166,87.654644700646,0.068804493506
1060,12.200680303495,87.426621032204,445,12.212038326042,87.358760486593,0.068804493507
1061,12.250203367072,87.130736821449,446,12.261561359500,87.062876270798,0.068804493506
1062,12.299726432385,86.834852610985,447,12.311084422070,86.766992059874,0.068804493507
1063,12.349249525280,86.538968405137,448,12.360607533119,86.471107857065,0.068804493507
1064,12.398772658093,86.243084205971,449,12.410130692172,86.175223662291,0.068804493506
1065,12.448295829771,85.947200013309,450,12.459653886024,85.879339473340,0.068804493507
1066,12.497819029870,85.651315825405,451,12.509177099807,85.583455287726,0.068804493507
1067,12.547342244454,85.355431639925,452,12.558700321520,85.287571103439,0.068804493507
1068,12.596865461575,85.059547454869,453,12.608223541027,84.991686918783,0.068804493507
1069,12.646388674458,84.763663269104,454,12.657746751152,84.695802732557,0.068804493506
1070,12.695911881850,84.467779082420,455,12.707269950428,84.399918544514,0.068804493507
1071,12.745435085992,84.171894895192,456,12.756793144262,84.104034355561,0.068804493507
1072,12.794958290006,83.876010707943,457,12.806316341614,83.808150167197,0.068804493506
1073,12.844481495876,83.580126521004,458,12.855839548236,83.512265980384,0.068804493507
1074,12.894004703221,83.284242334313,459,12.905362763032,83.216381794939,0.068804493507
1075,12.943527908966,82.988358147353,460,12.954885977652,82.920497609465,0.068804493507
1076,12.993051108157,82.692473959296,461,13.004409181554,82.624613422197,0.068804493507
1077,13.042574295901,82.396589769324,462,13.053932367956,82.328729232000,0.068804493507
1078,13.092097469843,82.100705577041,463,13.103455536334,82.032845038786,0.068804493507
1079,13.141620631960,81.804821382780,464,13.152978691572,81.736960843373,0.068804493507
1080,13.191143788928,81.508937187656,465,13.202501842316,81.441076647208,0.068804493506
1081,13.240666950772,81.213052993349,466,13.252024999557,81.145192452130,0.068804493506
1082,13.290190128437,80.917168801689,467,13.301548175311,80.849308260150,0.068804493507
1083,13.339713331349,80.621284614255,468,13.351071379925,80.553424073002,0.068804493506
1084,13.389236565207,80.325400432001,469,13.400594619525,80.257539891708,0.068804493507
1085,13.438759830119,80.029516254945,470,13.450117893737,79.961655716208,0.068804493507
1086,13.488283119654,79.733632082009,471,13.499641195236,79.665771545276,0.068804493506
1087,13.537806421646,79.437747911159,472,13.549164510861,79.369887376707,0.068804493507
1088,13.587329720941,79.141863739857,473,13.598687822254,79.074003207430,0.068804493507
1089,13.636853003429,78.845979565742,474,13.648211110477,78.778119034275,0.068804493507
1090,13.686376260295,78.550095387339,475,13.697734363169,78.482234855173,0.068804493507
1091,13.735899491347,78.254211204615,476,13.747257580518,78.186350670156,0.068804493507
1092,13.785422705939,77.958327019136,477,13.796780775947,77.890466481470,0.068804493506
1093,13.834945920766,77.662442833697,478,13.846303972493,77.594582292970,0.068804493507
1094,13.884469154607,77.366558651440,479,13.895827196405,77.298698109052,0.068804493506
1095,13.933992422167,77.070674474826,480,13.945350468976,77.002813933277,0.068804493506
1096,13.983515729799,76.774790304920,481,13.994873796848,76.706929766758,0.068804493507
1097,14.033039074909,76.478906141286,482,14.044397169360,76.411045607711,0.068804493507
1098,14.082562448471,76.183021982415,483,14.093920564022,76.115161452371,0.068804493507
1099,14.132085838443,75.887137826290,484,14.143443959298,75.819277297134,0.068804493507
1100,14.181609232651,75.591253670874,485,14.192967344013,75.523393140129,0.068804493507
1101,14.231132620524,75.295369514398,486,14.242490718291,75.227508981378,0.068804493506
1102,14.280655993220,74.999485355382,487,14.292014084238,74.931624821232,0.068804493507
1103,14.330179342661,74.703601192473,488,14.341537435836,74.635740658684,0.068804493507
1104,14.379702660379,74.407717024255,489,14.391060758925,74.339856491365,0.068804493507
1105,14.429225937523,74.111832849246,490,14.440584037013,74.043972316514,0.068804493506
1106,14.478749166870,73.815948666237,491,14.490107258915,73.748088132258,0.068804493507
1107,14.528272346030,73.520064474827,492,14.539630424063,73.452203938504,0.068804493507
1108,14.577795480558,73.224180275948,493,14.589153542644,73.156319736955,0.068804493507
1109,14.627318585537,72.928296072123,494,14.638676633192,72.860435530715,0.068804493507
1110,14.676841685634,72.632411867480,495,14.688199720292,72.564551323897,0.068804493507
1111,14.726364811640,72.336527667175,496,14.737722830819,72.268667121001,0.068804493506
1112,14.775887991891,72.040643475948,497,14.787245993899,71.972782926900,0.068804493507
1113,14.825411241185,71.744759296277,498,14.836769234995,71.676898745857,0.068804493507
1114,14.874934551611,71.448875126839,499,14.886292563287,71.381014579409,0.068804493507
1115,14.924457889035,71.152990961919,500,14.935815947315,71.085130422289,0.068804493507
1116,14.973981196727,70.857106792022,501,14.985339309113,70.789246261449,0.068804493506
1117,15.023504405405,70.561222605554,502,15.034862550560,70.493362080465,0.068804493507
1118,15.073027449511,70.265338391540,503,15.084385587703,70.197477865286,0.068804493506
1119,15.122550286850,69.969454142919,504,15.133908376836,69.901593608597,0.068804493506
1120,15.172072915313,69.673569859339,505,15.183430924330,69.605709311464,0.068804493506
1121,15.221595376534,69.377685547766,506,15.232953285923,69.309824983217,0.068804493506
1122,15.271117742726,69.081801220289,507,15.282475560085,69.013940640336,0.068804493507
1123,15.320640094752,68.785916890441,508,15.331997862181,68.718056302131,0.068804493507
1124,15.370162501906,68.490032569819,509,15.381520285062,68.422171984142,0.068804493506
1125,15.419685009975,68.194148266088,510,15.431042862372,68.126287692000,0.068804493506
1126,15.469207637965,67.898263982428,511,15.480565570877,67.830403421816,0.068804493506
1127,15.518730381643,67.602379718131,512,15.530088369057,67.534519166641,0.068804493506
1128,15.568253222394,67.306495470081,513,15.579611229287,67.238634921851,0.068804493506
1129,15.617776138424,67.010611234631,514,15.629134146705,66.942750686633,0.068804493507
1130,15.667299114065,66.714727009158,515,15.678657126144,66.646866461796,0.068804493506
1131,15.716822142876,66.418842792584,516,15.728180169512,66.350982247659,0.068804493506
1132,15.766345226053,66.122958585110,517,15.777703271699,66.055098043367,0.068804493506
1133,15.815868371820,65.827074388112,518,15.827226425809,65.759213847765,0.068804493506
1134,15.865391593408,65.531190203804,519,15.876749631089,65.463329660727,0.068804493506
1135,15.914914898571,65.235306033485,520,15.926272895552,65.167445483596,0.068804493506
1136,15.964438249340,64.939421870798,521,15.975796231563,64.871561318439,0.068804493506
1137,16.013961512487,64.643537693446,522,16.025319630660,64.575677163842,0.068804493506
1138,16.063484423912,64.347653457225,523,16.074843009246,64.279793005811,0.068804493508
1139,16.113006742229,64.051769121735,524,16.124366189436,63.983908814574,0.068804493522
1140,16.162528975973,63.755884772090,525,16.173888962032,63.688024555117,0.068804493537
1141,16.212052820944,63.460000692122,526,16.223411521364,63.392140259966,0.068804493513
1142,16.261580419806,63.164117240493,527,16.272935029281,63.096256123585,0.068804493635
1143,16.311112837282,62.868234595489,528,16.322462536087,62.800372656559,0.068804494173
1144,16.360648652530,62.572352519307,529,16.371998159133,62.504490548212,0.068804494192
1145,16.410183226851,62.276470235373,530,16.421539566358,62.208609408277,0.068804493321
1146,16.459709039653,61.980586484813,531,16.471075654810,61.912727377909,0.068804493530
1147,16.509217277871,61.684699793192,532,16.520592406773,61.616842111047,0.068804495373
1148,16.558700974585,61.388808996382,533,16.570079594528,61.320951898166,0.068804496729
1149,16.608159627303,61.092914012376,534,16.619535251244,61.025056413379,0.068804495214
1150,16.657603991411,60.797016640243,535,16.668969397339,60.729157333967,0.068804490407
1151,16.707057390844,60.501120778083,536,16.718405770957,60.433258626956,0.068804485949
1152,16.756552121124,60.205231827232,537,16.767881896080,60.137366565341,0.068804488023
1153,16.806122426915,59.909355529569,538,16.817442408550,59.841488628654,0.068804492761
1154,16.855796015133,59.613496555619,539,16.867124551446,59.545631092362,0.068804482689
1155,16.905585680401,59.317657094599,540,16.916940586214,59.249796070295,0.068804451205
1156,16.955482646225,59.021835711274,541,16.966873143228,58.953980690980,0.068804412657
1157,17.005453490888,58.726026796739,542,17.016878459379,58.658177600600,0.068804384466
1158,17.055442093525,58.430220881308,543,17.066891596714,58.362375833179,0.068804372528
1159,17.105376121478,58.134405749998,544,17.116832927548,58.066561938436,0.068804368848
1160,17.155175751247,57.838567969077,545,17.166616717232,57.770721497697,0.068804355831
1161,17.204761756248,57.542694316389,546,17.216162211385,57.474841065213,0.068804317252
1162,17.254062353918,57.246772984671,547,17.265401163866,57.178909474815,0.068804248277
1163,17.303018332073,56.950794456741,548,17.314280268234,56.882918243412,0.068804153523
1164,17.351586667956,56.654752081068,549,17.362761979394,56.586861666729,0.068804040178
1165,17.399742857752,56.358642388777,550,17.410826336438,56.290737047545,0.068803916078
1166,17.447481863095,56.062465151661,551,17.458473485944,55.994545009228,0.068803790019
1167,17.494818945930,55.766223405839,552,17.505722433215,55.698289180753,0.068803669764
1168,17.541790844530,55.469923527630,553,17.552614968945,55.401976718212,0.068803565165
1169,17.588457241592,55.173575367370,554,17.599216276674,55.105618302950,0.068803484218
1170,17.634901479114,54.877192295272,555,17.645613541808,54.809227865028,0.068803430623
1171,17.681230023508,54.580791106837,556,17.691919402924,54.512823129601,0.068803406615
1172,17.727572145313,54.284392039043,557,17.738271110193,54.216425568005,0.068803408599
1173,17.774079693034,53.988018894752,558,17.784829921764,53.920060492556,0.068803429034
1174,17.820928237196,53.691699493764,559,17.831776051348,53.623756569771,0.068803459161
1175,17.868319279168,53.395466433446,560,17.879310277631,53.327546500456,0.068803483521
1176,17.916482427862,53.099358028863,561,17.927663407068,53.031469126001,0.068803469591
1177,17.965677047015,52.803419398929,562,17.977097766390,52.735570536697,0.068803349752
1178,18.016192432201,52.507703580692,563,18.027910991422,52.439905862035,0.068803017995
1179,18.068346231149,52.212272629712,564,18.080429883705,52.144539722741,0.068802335322
1180,18.122477792364,51.917198060046,565,18.135002114043,51.849546463703,0.068801141861
1181,18.178937094496,51.622560511618,566,18.191985410920,51.555009921134,0.068799279329
1182,18.238073688404,51.328449195610,567,18.251737283734,51.261023067062,0.068796632536
1183,18.300227422876,51.034961297128,568,18.314604026886,50.967687070502,0.068793228672
1184,18.365723536232,50.742201846840,569,18.380902607797,50.675108185502,0.068789269550
1185,18.434871964352,50.450284201366,570,18.450928421614,50.383399525783,0.068784952189
1186,18.507971313165,50.159331532905,571,18.524969998847,50.092684843869,0.068780349479
1187,18.585315780191,49.869479296273,572,18.603315335068,49.803101055032,0.068775394481
1188,18.667203033560,49.580878489492,573,18.686261613001,49.514802235824,0.068769911655
1189,18.753941249768,49.293699415225,574,18.774117039635,49.227962244519,0.068763639441
1190,18.845850197066,49.008134368563,575,18.867206235178,48.942778873037,0.068756244511
1191,18.943257794050,48.724399207067,576,18.965861801283,48.659474146350,0.068747397420
1192,19.046493569125,48.442733776778,577,19.070416964788,48.378294517130,0.068736795415
1193,19.155878903511,48.163400657086,578,19.181196045956,48.099509624449,0.068724244288
1194,19.271716439800,47.886682603210,579,19.298496496205,47.823406642050,0.068709669492
1195,19.394278664975,47.612878305073,580,19.422585861844,47.550288867495,0.068693049801
1196,19.523798483497,47.342297408457,581,19.553688640969,47.280468892027,0.068674500054
1197,19.660461977827,47.075254952153,582,19.691978871896,47.014262442836,0.068654211849
1198,19.804403503691,46.812065487549,583,19.837579477373,46.751984147945,0.068632445668
1199,19.955703585419,46.553037441551,584,19.990555208851,46.493938970726,0.068609510344
1200,20.114387738800,46.298467016718,585,20.150919314443,46.240420176382,0.068585652231
1201,20.280428499571,46.048633306540,586,20.318632978700,45.991703071625,0.068561168842
1202,20.453748971062,45.803794127019,587,20.493607453802,45.748039859741,0.068536391545
1203,20.634226486204,45.564181927897,588,20.675709334034,45.509656509991,0.068511662233
1204,20.821697770296,45.330000983699,589,20.864763954872,45.276748694581,0.068487243704
1205,21.015964238582,45.101425148978,590,21.060568082057,45.049485528031,0.068463326510
1206,21.216798379881,44.878597193423,591,21.262888721019,44.828003275608,0.068440222575
1207,21.423950180314,44.661629125007,592,21.471468606988,44.612404662526,0.068418188956
1208,21.637153337249,44.450603412003,593,21.686038658536,44.402765921480,0.068397369371
1209,21.856131961756,44.245575928865,594,21.906320959712,44.199136753824,0.068377865529
1210,22.080606350817,44.046579324020,595,22.132036500724,44.001546062601,0.068359746588
1211,22.310299765936,43.853629006452,596,22.362908297022,43.810004265422,0.068343072604
1212,22.544944543464,43.666730152701,597,22.598669187407,43.624512294300,0.068327775720
1213,22.784286631051,43.485884537536,598,22.839068216600,43.445071022055,0.068313726009
1214,23.028089725324,43.311098451195,599,23.083870239920,43.271683764269,0.068300683408
1215,23.276137704314,43.142389824971,600,23.332864927117,43.104372531372,0.068288303681
1216,23.528235428341,42.979794230440,601,23.585862648583,42.943177896318,0.068276294842
1217,23.784207456767,42.823368487581,602,23.842692771588,42.788162077496,0.068264363769
1218,24.043895987565,42.673193342482,603,24.103203342767,42.639414491467,0.068252275837
1219,24.307158470584,42.529375755945,604,24.367254205660,42.497046471917,0.068239870898
1220,24.573863452129,42.392047929233,605,24.634714391204,42.361192119853,0.068226957714
1221,24.843886113713,42.261365045826,606,24.905458014856,42.232006171411,0.068213213656
1222,25.117102755560,42.137499622165,607,25.179363171067,42.109667342905,0.068198204580
1223,25.393384775176,42.020632514759,608,25.456303807370,41.994365929628,0.068181655207
1224,25.672593098807,41.910941607757,609,25.736139958703,41.886282706281,0.068163515348
1225,25.954573144550,41.808587332321,610,26.018715613965,41.785579915680,0.068143947663
1226,26.239151743500,41.713697816481,611,26.303853830045,41.692380430396,0.068123351010
1227,26.526136671857,41.626355764980,612,26.591358532059,41.606759119002,0.068102272956
1228,26.815319393295,41.546590718768,613,26.881016886623,41.528732447837,0.068081410607
1229,27.106480009972,41.474376668382,614,27.172604290470,41.458254199160,0.068061402316
1230,27.399393081182,41.409633356561,615,27.465892904778,41.395225932756,0.068042636626
1231,27.693833811403,41.352232067585,616,27.760657502434,41.339502938726,0.068025262987
1232,27.989583213956,41.302001541635,617,28.056681049190,41.290904711385,0.068009257713
1233,28.286432224864,41.258733813785,618,28.353757705880,41.249218459909,0.067994575912
1234,28.584184913248,41.222190457517,619,28.651695444876,41.214204641666,0.067981211636
1235,28.882660771088,41.192108828669,620,28.950317839370,41.185601241068,0.067969313554
1236,29.181696253545,41.168209525213,621,29.249464373001,41.163118647069,0.067959068967
1237,29.481145471931,41.150204205067,622,29.548992515990,41.146457505235,0.067950416829
1238,29.780880113084,41.137804257612,623,29.848777965769,41.135325526415,0.067943082853
1239,30.080788582983,41.130729108290,624,30.148713164527,41.129444274950,0.067936732146
1240,30.380774510743,41.128712530392,625,30.448705403702,41.128553230031,0.067931079741
1241,30.680754902023,41.131506352429,626,30.748674813036,41.132408498910,0.067925902131
1242,30.980658344246,41.138877761687,627,31.048552600789,41.140784277552,0.067921019385
1243,31.280423716223,41.150602754372,628,31.348279694283,41.153465803198,0.067916351544
1244,31.579999464181,41.166459828542,629,31.647806142033,41.170239357932,0.067911931233
1245,31.879343265205,41.186225285235,630,31.947091017148,41.190886524653,0.067907915932
1246,32.178421785899,41.209671392552,631,32.246103072565,41.215172740180,0.067904501990
1247,32.477210238683,41.236567925857,632,32.544820132855,41.242856826983,0.067901753050
1248,32.775691497525,41.266687032964,633,32.843227565588,41.273703648567,0.067899583091
1249,33.073854876100,41.299808848150,634,33.141316848400,41.307489742479,0.067897819143
1250,33.371694933363,41.335724863648,635,33.439083880254,41.344009358020,0.067896266540
1251,33.669210594141,41.374238131914,636,33.736527842775,41.383074972187,0.067894784112
1252,33.966404999084,41.415158650845,637,34.033651474103,41.424508271733,0.067893326721
1253,34.263286001424,41.458295947698,638,34.330462560862,41.468125779863,0.067891941630
1254,34.559866984323,41.503451498763,639,34.626975319897,41.513728719066,0.067890720726
1255,34.856167617273,41.550412984025,640,34.923210757785,41.561101085177,0.067889750301
1256,35.152213982486,41.598952978332,641,35.219196658994,41.610009596018,0.067889084150
1257,35.448037718215,41.648833033644,642,35.514966639385,41.660208380781,0.067888725217
1258,35.743674409670,41.699810976097,643,35.810558346201,41.711447256019,0.067888614482
1259,36.039161614644,41.751649130667,644,36.106010566371,41.763484942958,0.067888650006
1260,36.334536773783,41.804122491150,645,36.401360372490,41.816101122676,0.067888739548
1261,36.629835247763,41.857026030722,646,36.696641737765,41.869100231443,0.067888831404
1262,36.925088783421,41.910179973464,647,36.991885356189,41.922309295049,0.067888898766
1263,37.220324377893,41.963433545594,648,37.287117352190,41.975582819251,0.067888925944
1264,37.515563470645,42.016667723994,649,37.582358080278,42.028807908620,0.067888908952
1265,37.810821488265,42.069796814966,650,37.877622139124,42.081903392682,0.067888851657
1266,38.106107778627,42.122768521120,651,38.172918313858,42.134819957166,0.067888767323
1267,38.401426068029,42.175561531653,652,38.468248943168,42.187543896619,0.067888686185
1268,38.696775610163,42.228179423545,653,38.763611027706,42.240091352663,0.067888637440
1269,38.992152753268,42.280642165305,654,39.058998875617,42.292493804923,0.067888625223
1270,39.287552560086,42.332977158153,655,39.354406461370,42.344784884125,0.067888633140
1271,39.582970391159,42.385210322088,656,39.649829192818,42.396990332352,0.067888644124
1272,39.878403306883,42.437358103307,657,39.945264982394,42.449121832740,0.067888651351
1273,40.173850742906,42.489423555605,658,40.240714129238,42.501177576215,0.067888654665
1274,40.469314322581,42.541397313180,659,40.536178993830,42.553144025553,0.067888655259
1275,40.764797202725,42.593261223377,660,40.831663862027,42.604996599621,0.067888652820
1276,41.060303289523,42.644992734518,661,41.127173982080,42.656705055455,0.067888644005
1277,41.355836523146,42.696568922601,662,41.422713440816,42.708245552726,0.067888627973
1278,41.651400364583,42.747969406845,663,41.718284784313,42.759602876404,0.067888608887
1279,41.946997478964,42.799178186420,664,42.013889856174,42.810765701365,0.067888589846
1280,42.242629611466,42.850184408334,665,42.309530058910,42.861725128716,0.067888571167
1281,42.538297699957,42.900981785185,666,42.605206292613,42.912475077215,0.067888552296
1282,42.834002131237,42.951567170215,667,42.900918935522,42.963012441838,0.067888533187
1283,43.129742855892,43.001939937009,668,43.196667851359,43.013337101222,0.067888514275
1284,43.425519351259,43.052102242150,669,43.492452398346,43.063451916296,0.067888496047
1285,43.721330592715,43.102059243016,670,43.788271437718,43.113362731024,0.067888478926
1286,44.017175068223,43.151819060654,671,44.084123341655,43.163078373822,0.067888463295
1287,44.313050810806,43.201392631039,672,44.380006000265,43.212610660129,0.067888449475
1288,44.608955396298,43.250793755866,673,44.675916828181,43.261974390873,0.067888437595
1289,44.904885857525,43.300039649160,674,44.971852778978,43.311187295517,0.067888427498
1290,45.200838563955,43.349151690177,675,45.267810358743,43.360269969539,0.067888418991
1291,45.496809178195,43.398155706712,676,45.563785514235,43.409246557466,0.067888412559
1292,45.792792776286,43.447081249515,677,45.859773334592,43.458146555354,0.067888409793
1293,46.088784147234,43.495959752345,678,46.155768102985,43.507004482576,0.067888411338
1294,46.384778227973,43.544821845535,679,46.451764093326,43.555855006154,0.067888414257
1295,46.680770606957,43.593694246098,680,46.747756566833,43.604726832255,0.067888414165
1296,46.976758020876,43.642596706078,681,47.043742446800,43.653638574024,0.067888409645
1297,47.272738722850,43.691539772325,682,47.339720498573,43.702597664146,0.067888402916
1298,47.568712533746,43.740524493976,683,47.635691147013,43.751601490822,0.067888397346
1299,47.864680499333,43.789544521968,684,47.931656089288,43.800639770317,0.067888395074
1300,48.160644320113,43.838589569609,685,48.227617716686,43.849698052965,0.067888395555
1301,48.456605788627,43.887648810633,686,48.523578306399,43.898762595522,0.067888396293
1302,48.752566384975,43.936713313152,687,48.819539219832,43.947825185313,0.067888396002
1303,49.048527070679,43.985777276682,688,49.115500751448,43.996884045906,0.067888395462
1304,49.344488263183,44.034838183005,689,49.411462663105,44.045940613744,0.067888395276
1305,49.640449957887,44.083896059710,690,49.707424683781,44.094996523861,0.067888395275
1306,49.936411942493,44.132952187438,691,50.003386697619,44.144052475230,0.067888395277
1307,50.232374008048,44.182007826792,692,50.299348694033,44.193108531726,0.067888395274
1308,50.528336052068,44.231063596068,693,50.595310684403,44.242164624682,0.067888395273
1309,50.824298060920,44.280119577519,694,50.891272674644,44.291220718418,0.067888395273
1310,51.120260052765,44.329175661579,695,51.187234665340,44.340276809412,0.067888395273
1311,51.416222041646,44.378231763520,696,51.483196656132,44.389332899820,0.067888395273
1312,51.712184031643,44.427287858729,697,51.779158646916,44.438388990281,0.067888395273
1313,52.008146023106,44.476343945088,698,52.075120637694,44.487445080778,0.067888395273
1314,52.304108016438,44.525400020179,699,52.371082628499,44.536501171109,0.067888395273
1315,52.600070006209,44.574456116748,700,52.667044619423,44.585557260723,0.067888395273
1316,52.896031969641,44.623512372223,701,52.963006610443,44.634613349761,0.067888395273
1317,53.191993890320,44.672568885636,702,53.258968600167,44.683669446611,0.067888395275
1318,53.487955825031,44.721625314389,703,53.554930579464,44.732725606376,0.067888395279
1319,53.783917876196,44.770681040558,704,53.850892531705,44.781781929371,0.067888395274
1320,54.079880046244,44.819736049483,705,54.146854523853,44.830838011598,0.067888395281
1321,54.375842268304,44.868790744602,706,54.442816857955,44.879892030697,0.067888395267
1322,54.671804820337,44.917843448838,707,54.738779792507,44.928942426932,0.067888395267
1323,54.967768676007,44.966888286700,708,55.034742904449,44.977991752803,0.067888395436
1324,55.263735281083,45.015916529753,709,55.330705765890,45.027042590177,0.067888401482
1325,55.559705408422,45.064923505134,710,55.626669405506,45.076088731605,0.067888431913
1326,55.855677231694,45.113920237888,711,55.922635137962,45.125122242681,0.067888482993
1327,56.151644272034,45.162945851136,712,56.218599640419,45.174163172596,0.067888509015
1328,56.447593891801,45.212076491092,713,56.514551204755,45.223282074868,0.067888488463
1329,56.743506742456,45.261428022441,714,56.810468207857,45.272608616609,0.067888463929
1330,57.039357757798,45.311148715339,715,57.106321666416,45.322314602099,0.067888453249
1331,57.335119684533,45.361396358452,716,57.402080998132,45.372577313994,0.067888373715
1332,57.630769119827,45.412301434963,717,57.697720639873,45.423539091544,0.067888076729
1333,57.926293678652,45.463926419066,718,57.993226926533,45.475268572087,0.067887437034
1334,58.221698607524,45.516231753133,719,58.288606109415,45.527719315756,0.067886507528
1335,58.517011306628,45.569055695551,720,58.583891870705,45.580693905954,0.067885622872
1336,58.812282914002,45.622109191093,721,58.879145417689,45.633847812446,0.067885120833
1337,59.107586839094,45.674982414439,722,59.174449695030,45.686718411653,0.067885014064
1338,59.403014328411,45.727159782686,723,59.469901242971,45.738757839591,0.067885007647
1339,59.698667368266,45.778041095347,724,59.765602795329,45.789353971832,0.067884700562
1340,59.994650051227,45.826963979804,725,60.061656914324,45.837839270127,0.067883662553
1341,60.291059924299,45.873221421488,726,60.358159087084,45.883497099369,0.067881420156
1342,60.587979799927,45.916073486911,727,60.655188705857,45.925577024585,0.067877494537
1343,60.885469649909,45.954757139511,728,60.952799639797,45.963313182606,0.067871447692
1344,61.183558459041,45.988497384309,729,61.251012619659,45.995933807261,0.067862833503
1345,61.482236468047,46.016520623183,730,61.549808548646,46.022667868991,0.067851121638
1346,61.781448592100,46.038068614216,731,61.849122148911,46.042757026371,0.067835768589
1347,62.081089577600,46.052412197538,732,62.148836629337,46.055477374002,0.067816357362
1348,62.381001239838,46.058866226400,733,62.448781598627,46.060155515529,0.067792619835
1349,62.680972322656,46.056806636230,734,62.748733840658,46.056183435097,0.067764383724
1350,62.980741567893,46.045687276604,735,63.048421062960,46.043030699589,0.067731613401
1351,63.280004116770,46.025054514418,736,63.347528957364,46.020263383193,0.067694601230
1352,63.578421250223,45.994561559502,737,63.645712159342,45.987561999071,0.067653974727
1353,63.875633834880,45.953984760306,738,63.942607934771,45.944730219144,0.067610476912
1354,64.171279234882,45.903238015670,739,64.237851395222,45.891697515385,0.067565047763
1355,64.465010125540,45.842379824346,740,64.531094048383,45.828530987748,0.067519442633
1356,64.756512203974,45.771607842502,741,64.822025903837,45.755451338572,0.067476495826
1357,65.045517411376,45.691239462815,742,65.110392081855,45.672819083692,0.067439107622
1358,65.331809774206,45.601679666749,743,65.395995475983,45.581084563281,0.067408920770
1359,65.615221921024,45.503378645766,744,65.678687932793,45.480730917499,0.067385860872
1360,65.895621939494,45.396783447590,745,65.958352216222,45.372218559222,0.067368548737
1361,66.172893247542,45.282292069794,746,66.234880271469,45.255942420793,0.067354993414
1362,66.446913840478,45.160222320354,747,66.508151398237,45.132203538489,0.067343081437
1363,66.717540062706,45.030800104229,748,66.778014329283,45.001197451298,0.067330928841
1364,66.984597148095,44.894164622458,749,67.044277582701,44.863022280026,0.067317158043
1365,67.247876478889,44.750384959795,750,67.306711966730,44.717707256255,0.067301165950
1366,67.507138208412,44.599482198176,751,67.565064297794,44.565253930247,0.067283030227
1367,67.762116983314,44.441451524525,752,67.819064111821,44.405655439133,0.067263178445
1368,68.012528665947,44.276280767050,753,68.068428771117,44.238908797002,0.067241995087
1369,68.258076451873,44.103963707574,754,68.312863471475,44.065016867080,0.067219594623
1370,68.498455192008,43.924507771493,755,68.552063036068,43.883992567006,0.067195853588
1371,68.733354284139,43.737937999789,756,68.785713485376,43.695861810491,0.067170616046
1372,68.962461715943,43.544301325722,757,69.013499347416,43.500672625693,0.067143899891
1373,69.185469611629,43.343671283670,758,69.235111422072,43.298502311667,0.067115910006
1374,69.402079445574,43.136150840508,759,69.450250777772,43.089458357968,0.067086997037
1375,69.612005006824,42.921871828687,760,69.658632965977,42.873678815967,0.067057684495
1376,69.814971731789,42.700990700067,761,69.859992105776,42.651331953888,0.067028539787
1377,70.010712567793,42.473682020349,762,70.054075654853,42.422607527580,0.066999709932
1378,70.198962550748,42.240132472945,763,70.240629247365,42.187701891106,0.066970736288
1379,70.379455325168,42.000537985053,764,70.419391536470,41.946814999467,0.066940721190
1380,70.551924474913,41.755105198334,765,70.590092828117,41.700151140909,0.066908681154
1381,70.716112691380,41.504057749020,766,70.752469112244,41.447929932476,0.066873919640
1382,70.871790925324,41.247646504887,767,70.906283702882,41.190398476867,0.066836280685
1383,71.018783813197,40.986159247013,768,71.051357138656,40.927843428370,0.066796378910
1384,71.156994188094,40.719924899094,769,71.187598247635,40.660597701022,0.066755710553
1385,71.286422063887,40.449310924702,770,71.315030251770,40.389039435544,0.066716420912
1386,71.407174220623,40.174714150988,771,71.433799895079,40.113580209541,0.066680471932
1387,71.519463111309,39.896547103249,772,71.544158687632,39.834642299148,0.066648902922
1388,71.623595759950,39.615222566595,773,71.646442351949,39.552640520200,0.066621913039
1389,71.719956438052,39.331139468458,774,71.741055294532,39.267970674682,0.066599236120
1390,71.808988415183,39.044672396417,775,71.828454206789,38.981001127839,0.066580383636
1391,71.891179138589,38.756165540777,776,71.909132730985,38.692067632392,0.066564805560
1392,71.967050110047,38.465930315590,777,71.983611871007,38.401471918094,0.066552061830
1393,72.037148646944,38.174244941535,778,72.052438444610,38.109483473940,0.066541908582
1394,72.102041176664,37.881355403138,779,72.116183442978,37.816341618045,0.066534171286
1395,72.162307905539,37.587477398663,780,72.175433398115,37.522256434100,0.066528586141
1396,72.218537691049,37.292798793754,781,72.230778409905,37.227409866684,0.066524784716
1397,72.271320977036,36.997482072626,782,72.282803983013,36.931958225951,0.066522431626
1398,72.321241001251,36.701666820343,783,72.332091512622,36.636036484277,0.066521234272
1399,72.368865307841,36.405472473835,784,72.379208169938,36.339760583158,0.066520879224
1400,72.414738274160,36.109001226884,785,72.424694836770,36.043229542027,0.066521031772
1401,72.459373194114,35.812340646126,786,72.469052559469,35.746527208279,0.066521415461
1402,72.503242243884,35.515565598536,787,72.512739554500,35.449725216332,0.066521837299
1403,72.546763520039,35.218739240545,788,72.556165704706,35.152884906667,0.066522134414
1404,72.590287219922,34.921913219929,789,72.599677712189,34.856057199603,0.066522152387
1405,72.634083402140,34.625127311537,790,72.643540889780,34.559281233286,0.066521801641
1406,72.678333151297,34.328408728571,791,72.687925256015,34.262582798085,0.066521136470
1407,72.723125748399,34.031771629957,792,72.732898450123,33.965973043088,0.066520370812
1408,72.768465396040,33.735217648163,793,72.778435562661,33.669449312245,0.066519758207
1409,72.814288660849,33.438737986187,794,72.824444236085,33.372998346244,0.066519440528
1410,72.860489494926,33.142316898879,795,72.870791935924,33.076600167452,0.066519388752
1411,72.906946862909,32.845935887902,796,72.917341830082,32.780233662871,0.066519453670
1412,72.953549553719,32.549577681330,797,72.963981181074,32.483881219314,0.066519500680
1413,73.000212209432,32.253228906669,798,73.010636647484,32.187531312271,0.066519492018
1414,73.046880961131,31.956881091405,799,73.057273822242,31.891178526199,0.066519460587
1415,73.093530886717,31.660530312176,800,73.103889070714,31.594822290264,0.066519441664
1416,73.140157694190,31.364175894747,801,73.150493725550,31.298464388150,0.066519438088
1417,73.186767762183,31.067818844008,802,73.197096009901,31.002106113264,0.066519438383
1418,73.233369934598,30.771460551531,803,73.243698722756,30.705747905762,0.066519438353
1419,73.279970728466,30.475102042271,804,73.290302326269,30.409389838317,0.066519438224
1420,73.326572838582,30.178743739988,805,73.336906138736,30.113031803731,0.066519438202
1421,73.373176254431,29.882385643032,806,73.383509837404,29.816673751250,0.066519438202
1422,73.419780324572,29.586027648967,807,73.430113766374,29.520315734985,0.066519438202
1423,73.466384652388,29.289669695423,808,73.476718100673,29.223957782460,0.066519438202
1424,73.512989067730,28.993311755643,809,73.523322695279,28.927599870871,0.066519438202
1425,73.559593438850,28.696953808909,810,73.569927359407,28.631241970214,0.066519438203
1426,73.606197518807,28.400595816388,811,73.616531948568,28.334884057769,0.066519438206
1427,73.652801159791,28.104237754836,812,73.663136335850,28.038526113576,0.066519438221
1428,73.699404945658,27.807879716067,813,73.709740451744,27.742168126706,0.066519438230
1429,73.746010602738,27.511521971563,814,73.756344623015,27.445810148544,0.066519438209
1430,73.792621014673,27.215164974862,815,73.802950391854,27.149452421619,0.066519438412
1431,73.839239009018,26.918809170816,816,73.849560987458,26.853095453816,0.066519439572
1432,73.885864690249,26.622454576049,817,73.896179386106,26.556739713368,0.066519441728
1433,73.932492279791,26.326100281507,818,73.942803493348,26.260384870951,0.066519443094
1434,73.979107328083,26.029744014109,819,73.989422754763,25.964029266345,0.066519441528
1435,74.025686679186,25.733382134391,820,74.036012273550,25.667668985388,0.066519439646
1436,74.072202845339,25.437010331694,821,74.082535444070,25.371298283666,0.066519439659
1437,74.118629274525,25.140624459797,822,74.128953622297,25.074911122321,0.066519432343
1438,74.164943790939,24.844221080656,823,74.175236333596,24.778502778077,0.066519408658
1439,74.211130393867,24.547797743737,824,74.221375873723,24.482072112571,0.066519384014
1440,74.257179788114,24.251353061076,825,74.267384847405,24.185621152944,0.066519372981
1441,74.303087589180,23.954886418399,826,74.313270401931,23.889151065273,0.066519368052
1442,74.348852328293,23.658397658026,827,74.359029669968,23.592661459694,0.066519366012
1443,74.394476085265,23.361887170318,828,74.404661175132,23.296152163391,0.066519374556
1444,74.439969812296,23.065356703169,829,74.450172994101,22.999624471274,0.066519404904
1445,74.485366391027,22.768811345335,830,74.495592697970,22.703082652931,0.066519458498
1446,74.530739378506,22.472262374670,831,74.540990221719,22.406537438680,0.066519523431
1447,74.576216681205,22.175729388819,832,74.586495053594,22.110008689834,0.066519585192
1448,74.621986546407,21.879241447518,833,74.632309042909,21.813527612055,0.066519636990
1449,74.668298319269,21.582837743060,834,74.678711962850,21.517138282007,0.066519644883
1450,74.715457847624,21.286567883477,835,74.726042731522,21.220895937908,0.066519502418
1451,74.763817141434,20.990491730279,836,74.774663880835,20.924862978166,0.066519056364
1452,74.813762058100,20.694679274789,837,74.824960698183,20.629110568758,0.066518153540
1453,74.865700252079,20.399210746519,838,74.877341862238,20.333720786690,0.066516628940
1454,74.920051111824,20.104177080701,839,74.932228605612,20.038787003909,0.066514310474
1455,74.977239141564,19.809680915405,840,74.990045593087,19.744414463787,0.066511013430
1456,75.037689772869,19.515837936937,841,75.051219085739,19.450722039457,0.066506559160
1457,75.101822586360,19.222777519151,842,75.116166843081,19.157842180886,0.066500795908
1458,75.170043068825,18.930642625965,843,75.185289784729,18.865920633152,0.066493598936
1459,75.242734683320,18.639589138321,844,75.258965926313,18.575116037113,0.066484840592
1460,75.320251020883,18.349784401784,845,75.337546318913,18.285599322407,0.066474444327
1461,75.402907333023,18.061404645524,846,75.421341057721,17.997549674363,0.066462467214
1462,75.490973777456,17.774631781946,847,75.510611988324,17.711150885358,0.066449105018
1463,75.584672085520,17.489650228339,848,75.605569896146,17.426587994981,0.066434657861
1464,75.684174967794,17.206643879727,849,75.706373663997,17.144043808647,0.066419507769
1465,75.789608214738,16.925793593528,850,75.813129456568,16.863694963718,0.066403980615
1466,75.901053998544,16.647275004505,851,75.925902821025,16.585712671635,0.066388137548
1467,76.018551879428,16.371255413746,852,76.044728111605,16.310263345622,0.066371887912
1468,76.142098482420,16.097889916152,853,76.169603367708,16.037503684321,0.066355223679
1469,76.271648940772,15.827318073871,854,76.300488655298,15.767576455112,0.066338451489
1470,76.407120887149,15.559661830311,855,76.437297021718,15.500602131145,0.066322297632
1471,76.548400646797,15.295024941115,856,76.579896308452,15.236675061209,0.066307504765
1472,76.695353410168,15.033495356963,857,76.728133596243,14.975872456269,0.066294338246
1473,76.847837900619,14.775151579205,858,76.881860138151,14.718266852581,0.066282612877
1474,77.005722208324,14.520071734831,859,77.040942581948,14.463933578159,0.066271919791
1475,77.168897332154,14.268343415368,860,77.205273142425,14.212959177655,0.066261703570
1476,77.337283131111,14.020070387247,861,77.374778436959,13.965450447150,0.066251308039
1477,77.510824853349,13.775373675588,862,77.549418803774,13.721538156805,0.066240139584
1478,77.689485883320,13.534389591288,863,77.729176056405,13.481372392446,0.066227888480
1479,77.873240019113,13.297266510740,864,77.914036043103,13.245112229208,0.066214686102
1480,78.062063731677,13.064160591545,865,78.103971655743,13.012913185127,0.066200987637
1481,78.255929667277,12.835231375228,866,78.298942685265,12.784926213723,0.066187075706
1482,78.454803293881,12.610639089546,867,78.498909831626,12.561308872794,0.066172932205
1483,78.658642359065,12.390543926470,868,78.703830845098,12.342222677050,0.066158464428
1484,78.867398589170,12.175107369508,869,78.913657787123,12.127830880410,0.066143630205
1485,79.081019484762,11.964493965507,870,79.128337132915,11.918298647160,0.066128414951
1486,79.299448403700,11.758871713830,871,79.347810484258,11.713793824610,0.066112834854
1487,79.522622864158,11.558410570595,872,79.572011864476,11.514484288160,0.066096835332
1488,79.750473824801,11.363281758164,873,79.800871398127,11.320541930369,0.066080316866
1489,79.982924703790,11.173656581496,874,80.034311512690,11.132138619101,0.066063191948
1490,80.219889638624,10.989703999835,875,80.272245470564,10.949444001128,0.066045443704
1491,80.461271371202,10.811587114165,876,80.514573474361,10.772619685770,0.066027075332
1492,80.706959504277,10.639459342790,877,80.761184069862,10.601819310873,0.066008147343
1493,80.956828961587,10.473459985165,878,81.011949401852,10.437179676933,0.065988814965
1494,81.210739362958,10.313710197043,879,81.266725511271,10.278817546653,0.065969279624
1495,81.468535458640,10.160309838964,880,81.525353348449,10.126827093351,0.065949729766
1496,81.730048485146,10.013335346215,881,81.787661375231,9.981279693843,0.065930341672
1497,81.995098018661,9.872838247349,882,82.053466440207,9.842220810185,0.065911304738
1498,82.263494485154,9.738844942610,883,82.322576393246,9.709669892312,0.065892756989
1499,82.535041958584,9.611357434278,884,82.594794370438,9.583624086686,0.065874800122
1500,82.809540842444,9.490354439443,885,82.869920151787,9.464057032130,0.065857532812
1501,83.086790383730,9.375792864464,886,83.147752662540,9.350920309016,0.065841046865
1502,83.366591082390,9.267609881184,887,83.428092406752,9.244145724404,0.065825371641
1503,83.648746874885,9.165725430568,888,83.710744621356,9.143650461503,0.065810522157
1504,83.933066736256,9.070044164720,889,83.995519331632,9.049335368588,0.065796511354
1505,84.219366093539,8.980457740094,890,84.282233387925,8.961088957455,0.065783329532
1506,84.507467914588,8.896847023727,891,84.570711633705,8.878790238558,0.065770932018
1507,84.797203478171,8.819084099409,892,84.860787733044,8.802311218205,0.065759311217
1508,85.088412813035,8.747033809903,893,85.152303352520,8.731514170605,0.065748461880
1509,85.380945122847,8.680555919830,894,85.445109731844,8.666257870623,0.065738354549
1510,85.674658845261,8.619506423003,895,85.739067519577,8.606398500449,0.065728950705
1511,85.969421526357,8.563738411895,896,86.034046685535,8.551791094477,0.065720237311
1512,86.265109951677,8.513104779857,897,86.329926199239,8.502290452112,0.065712218290
1513,86.561610452783,8.467463382935,898,86.626594382157,8.457756276998,0.065704938799
1514,86.858818949489,8.426683059565,899,86.923947988846,8.418052272706,0.065698418926
1515,87.156640591038,8.390649808373,900,87.221892762760,8.383056662327,0.065692478880
