x,y,roi_radius,distance_to_inner_wall,distance_to_outer_wall
94.730741271277,137.377692703375,1.638303965653,1.638303965653,1.638303965653
94.434477080913,137.330496055345,1.638000271679,1.638000271679,1.638000271679
94.138098518448,137.284023050449,1.637698666283,1.637698666283,1.637698666283
93.841629499669,137.238130623543,1.637397685471,1.637397685471,1.637397685471
93.545094719245,137.192665018475,1.637096286291,1.637096286291,1.637096286291
93.248522018471,137.147447401570,1.636771444239,1.636771444239,1.636771444239
92.951939463858,137.102294462724,1.636411612505,1.636411612505,1.636411612505
92.655371364338,137.057046714132,1.636055805745,1.636055805745,1.636055805745
92.358841013723,137.011552307938,1.635828761888,1.635828761888,1.635828761888
92.062371023216,136.965666312529,1.634707287494,1.634707287494,1.634707287494
91.765983673497,136.919249659544,1.631535730358,1.631535730358,1.631535730358
91.469701321140,136.872167626861,1.631123965153,1.631123965153,1.631123965153
91.173547829977,136.824281925883,1.631873370585,1.631873370585,1.631873370585
90.877548618237,136.775451858950,1.631933227909,1.631933227909,1.631933227909
90.581731642669,136.725529895027,1.636694136281,1.636694136281,1.636694136281
90.286128753768,136.674355819353,1.645713755893,1.645713755893,1.645713755893
89.990785351622,136.621705146660,1.656271102988,1.656271102988,1.656271102988
89.695740415165,136.567407299674,1.664425097360,1.664425097360,1.664425097360
89.401042008841,136.511259597612,1.672555690756,1.672555690756,1.672555690756
89.106743537032,136.453052538441,1.664680713819,1.664680713819,1.664680713819
88.812903584743,136.392573895097,1.593305808460,1.593305808460,1.593305808460
88.519585133618,136.329615193078,1.542454665045,1.542454665045,1.542454665045
88.226854866396,136.263976560923,1.507714850621,1.507714850621,1.507714850621
87.934782074588,136.195472166826,1.485886403557,1.485886403557,1.485886403557
87.643438441276,136.123930686625,1.483327383104,1.483327383104,1.483327383104
87.352898584285,136.049192300268,1.486699983670,1.486699983670,1.486699983670
87.063234600440,135.971128443664,1.490970028083,1.490970028083,1.490970028083
86.774514002196,135.889644964367,1.497176657135,1.497176657135,1.497176657135
86.486809356525,135.804644246279,1.505187505327,1.505187505327,1.505187505327
86.200201959634,135.716014591617,1.514682889268,1.514682889268,1.514682889268
85.914785583117,135.623621838680,1.526391700169,1.526391700169,1.526391700169
85.630669289888,135.527305932833,1.539873349213,1.539873349213,1.539873349213
85.347979607341,135.426880651955,1.555374253271,1.555374253271,1.555374253271
85.066861483974,135.322137420046,1.573360452382,1.573360452382,1.573360452382
84.787478488887,135.212851012168,1.593449670679,1.593449670679,1.593449670679
84.510009500758,135.098793251569,1.615873611381,1.615873611381,1.615873611381
84.234637359527,134.979762855777,1.640966725173,1.640966725173,1.640966725173
83.961547423064,134.855586515635,1.668338734039,1.668338734039,1.668338734039
83.690935100324,134.726100338452,1.697764508532,1.697764508532,1.697764508532
83.422998474326,134.591165219341,1.729763323631,1.729763323631,1.729763323631
83.157934752796,134.450671189325,1.764431127352,1.764431127352,1.764431127352
82.895936381839,134.304540975763,1.801064261050,1.801064261050,1.801064261050
82.637186901394,134.152732725095,1.840861558844,1.840861558844,1.840861558844
82.381856654977,133.995241836219,1.884872118222,1.884872118222,1.884872118222
82.130098510633,133.832101839564,1.931372384880,1.931372384880,1.931372384880
81.882043764625,133.663384296810,1.981062406308,1.981062406308,1.981062406308
81.637798457221,133.489197661389,2.033424247350,2.033424247350,2.033424247350
81.397440094269,133.309685414847,2.088284941870,2.088284941870,2.088284941870
81.161015049635,133.125023368470,2.145636022712,2.145636022712,2.145636022712
80.928536713719,132.935416334005,2.205634765144,2.205634765144,2.205634765144
80.699984471638,132.741094305216,2.268824485838,2.268824485838,2.268824485838
80.475303662794,132.542308182899,2.335029072390,2.335029072390,2.335029072390
80.254406494973,132.339325259708,2.405167070777,2.405167070777,2.405167070777
80.037173565976,132.132424955183,2.477432771289,2.477432771289,2.477432771289
79.823456007188,131.921894790256,2.551388586950,2.551388586950,2.551388586950
79.613078252552,131.708026587911,2.611901752138,2.611901752138,2.611901752138
79.405841724438,131.491112594658,2.662940809457,2.662940809457,2.662940809457
79.201529932143,131.271441060771,2.718343282637,2.718343282637,2.718343282637
78.999914841863,131.049291439148,2.777327764874,2.777327764874,2.777327764874
78.800762826593,130.824930669969,2.837322867171,2.837322867171,2.837322867171
78.603839757940,130.598610677405,2.901931110054,2.901931110054,2.901931110054
78.408914980003,130.370567054744,2.968070282291,2.968070282291,2.968070282291
78.215763907128,130.141018949990,3.035819236549,3.035819236549,3.035819236549
78.024169027956,129.910170171138,3.106437254294,3.106437254294,3.106437254294
77.833919724404,129.678211059688,3.180005561180,3.180005561180,3.180005561180
77.644811559943,129.445320559492,3.253138840278,3.253138840278,3.253138840278
77.456645856739,129.211667837836,3.332166060084,3.332166060084,3.332166060084
77.269230356110,128.977412873853,3.410964812340,3.410964812340,3.410964812340
77.082380450749,128.742706476899,3.492210800262,3.492210800262,3.492210800262
76.895919804809,128.507690688593,3.575136838210,3.575136838210,3.575136838210
76.709680681733,128.272499301952,3.659479695871,3.659479695871,3.659479695871
76.523504122814,128.037258386709,3.745331150799,3.745331150799,3.745331150799
76.337239948800,127.802086849988,3.832776722181,3.832776722181,3.832776722181
76.150746666097,127.567096976927,3.921604059502,3.921604059502,3.921604059502
75.963891211472,127.332395014169,4.009532630099,4.009532630099,4.009532630099
75.776548620006,127.098081740553,4.098529052432,4.098529052432,4.098529052432
75.588601552503,126.864253087847,4.188285370040,4.188285370040,4.188285370040
75.399939720851,126.631000793918,4.278626596882,4.278626596882,4.278626596882
75.210459211293,126.398413101785,4.368229706390,4.368229706390,4.368229706390
75.020061702727,126.166575520839,4.457214049205,4.457214049205,4.457214049205
74.828653599964,125.935571648412,4.546572208556,4.546572208556,4.546572208556
74.636145082429,125.705484066010,4.636205295584,4.636205295584,4.636205295584
74.442448935591,125.476395437710,4.726178540684,4.726178540684,4.726178540684
74.247479172406,125.248389828288,4.816495750474,4.816495750474,4.816495750474
74.051149829758,125.021553935165,4.906337567186,4.906337567186,4.906337567186
73.853374236577,124.795977980202,4.981667022140,4.981667022140,4.981667022140
73.654064741178,124.571756255384,5.039397645282,5.039397645282,5.039397645282
73.453132864805,124.348987329014,5.095412158664,5.095412158664,5.095412158664
73.250489853555,124.127773909516,5.149749213612,5.149749213612,5.149749213612
73.046048276473,123.908221723983,5.202399761751,5.202399761751,5.202399761751
72.839727751716,123.690434416124,5.253347708739,5.253347708739,5.253347708739
72.631446415074,123.474521717038,5.302612997108,5.302612997108,5.302612997108
72.421109610438,123.260611072948,5.350090254976,5.350090254976,5.350090254976
72.208612204935,123.048846805432,5.395787956516,5.395787956516,5.395787956516
71.993846920544,122.839383114701,5.439585104492,5.439585104492,5.439585104492
71.776712422532,122.632376626135,5.481464252278,5.481464252278,5.481464252278
71.557118501175,122.427981170754,5.521631270195,5.521631270195,5.521631270195
71.334993480712,122.226339417523,5.559726746255,5.559726746255,5.559726746255
71.110292072323,122.027572867034,5.596475163104,5.596475163104,5.596475163104
70.882994663238,121.831780327262,5.630973446492,5.630973446492,5.630973446492
70.653112360276,121.639029359975,5.663887286574,5.663887286574,5.663887286574
70.420671221843,121.449372021497,5.694534163036,5.694534163036,5.694534163036
70.185702044541,121.262855903889,5.722998669506,5.722998669506,5.722998669506
69.948243924827,121.079519020800,5.748993769029,5.748993769029,5.748993769029
69.708343101935,120.899390267189,5.772622366592,5.772622366592,5.772622366592
69.466050949503,120.722491169466,5.794049537605,5.794049537605,5.794049537605
69.221421049601,120.548839217161,5.812665494499,5.812665494499,5.812665494499
68.974509800679,120.378446625234,5.823381222667,5.823381222667,5.823381222667
68.725372606352,120.211325495227,5.833497318269,5.833497318269,5.833497318269
68.474064183190,120.047487454455,5.844979175824,5.844979175824,5.844979175824
68.220637110751,119.886946002472,5.856492249712,5.856492249712,5.856492249712
67.965140650436,119.729718753555,5.869266274134,5.869266274134,5.869266274134
67.707621050692,119.575827527694,5.878406734302,5.878406734302,5.878406734302
67.448118715047,119.425303808881,5.887945832755,5.887945832755,5.887945832755
67.186668321326,119.278189792221,5.900089741272,5.900089741272,5.900089741272
66.923297825842,119.134541597167,5.909324118623,5.909324118623,5.909324118623
66.658027675071,118.994432588047,5.920424975570,5.920424975570,5.920424975570
66.390869743500,118.857957761967,5.931372824617,5.931372824617,5.931372824617
66.121828926447,118.725233572864,5.942508141300,5.942508141300,5.942508141300
65.850902524756,118.596402418336,5.954498479013,5.954498479013,5.954498479013
65.578079749384,118.471637859194,5.965702300802,5.965702300802,5.965702300802
65.303341820168,118.351149764472,5.977856892546,5.977856892546,5.977856892546
65.026665920146,118.235181710769,5.987010251614,5.987010251614,5.987010251614
64.748037461531,118.123987495588,5.997804717475,5.997804717475,5.997804717475
64.467457335758,118.017815025104,6.007627202080,6.007627202080,6.007627202080
64.184943834535,117.916900419730,6.017085139189,6.017085139189,6.017085139189
63.900534114102,117.821461446359,6.026567882596,6.026567882596,6.026567882596
63.614285608470,117.731688680690,6.036062184256,6.036062184256,6.036062184256
63.326274423793,117.647743502481,6.044393691764,6.044393691764,6.044393691764
63.036590196543,117.569768014372,6.052423325616,6.052423325616,6.052423325616
62.745335196282,117.497882425588,6.061441729714,6.061441729714,6.061441729714
62.452617924169,117.432205166449,6.069886445444,6.069886445444,6.069886445444
62.158555987422,117.372838557581,6.079116798907,6.079116798907,6.079116798907
61.863277233213,117.319855487596,6.088819889384,6.088819889384,6.088819889384
61.566916393032,117.273304928323,6.098040205970,6.098040205970,6.098040205970
61.269613328495,117.233210492834,6.107071057283,6.107071057283,6.107071057283
60.971510575799,117.199573837821,6.110434820794,6.110434820794,6.110434820794
60.672751954155,117.172371192364,6.113952380129,6.113952380129,6.113952380129
60.373480292263,117.151557280016,6.116552123715,6.116552123715,6.116552123715
60.073835951224,117.137062983397,6.116974151985,6.116974151985,6.116974151985
59.773954911540,117.128800387024,6.118911370817,6.118911370817,6.118911370817
59.473967513836,117.126660148269,6.117933879179,6.117933879179,6.117933879179
59.173997062923,117.130516158620,6.118380585430,6.118380585430,6.118380585430
58.874158965108,117.140231643409,6.117500317714,6.117500317714,6.117500317714
58.574559988449,117.155654631534,6.115439887804,6.115439887804,6.115439887804
58.275297997390,117.176626449763,6.115242322512,6.115242322512,6.115242322512
57.976461977547,117.202984183555,6.112664230115,6.112664230115,6.112664230115
57.678132150274,117.234561872487,6.111044122039,6.111044122039,6.111044122039
57.380379950665,117.271189828890,6.108273140551,6.108273140551,6.108273140551
57.083267784284,117.312692299358,6.105024726779,6.105024726779,6.105024726779
56.786854549417,117.358924011127,6.102556813440,6.102556813440,6.102556813440
56.491198414301,117.409773834506,6.098622840841,6.098622840841,6.098622840841
56.196352647381,117.465130228720,6.095672464047,6.095672464047,6.095672464047
55.902358531129,117.524845765159,6.091397205219,6.091397205219,6.091397205219
55.609242042044,117.588731281542,6.087271747418,6.087271747418,6.087271747418
55.317012850777,117.656561197591,6.083008254226,6.083008254226,6.083008254226
55.025664766009,117.728082174577,6.078296616612,6.078296616612,6.078296616612
54.735180342801,117.803034808006,6.073945348823,6.073945348823,6.073945348823
54.445537793997,117.881178273494,6.069024325361,6.069024325361,6.069024325361
54.156720985769,117.962320806023,6.044439118699,6.044439118699,6.044439118699
53.868738417224,118.046376142268,5.997927940490,5.997927940490,5.997927940490
53.581626533974,118.133358878270,5.931854228151,5.931854228151,5.931854228151
53.295441660017,118.223344384938,5.868596675185,5.868596675185,5.868596675185
53.010260084846,118.316460238145,5.809938604907,5.809938604907,5.809938604907
52.726177223806,118.412875583814,5.756816882594,5.756816882594,5.756816882594
52.443306354942,118.512790239510,5.706349687410,5.706349687410,5.706349687410
52.161778278396,118.616427426959,5.661653928434,5.661653928434,5.661653928434
51.881738640573,118.724020947367,5.621408734180,5.621408734180,5.621408734180
51.603346237253,118.835806712793,5.582731071303,5.582731071303,5.582731071303
51.326770632900,118.952013990158,5.545100390489,5.545100390489,5.545100390489
51.052188819659,119.072856133384,5.507981143218,5.507981143218,5.507981143218
50.779780429961,119.198520197003,5.470278212093,5.470278212093,5.470278212093
50.509724896010,119.329163183224,5.431147224818,5.431147224818,5.431147224818
50.242195377857,119.464903175696,5.390731686699,5.390731686699,5.390731686699
49.977352466771,119.605812543869,5.349282374214,5.349282374214,5.349282374214
49.715340356587,119.751917779505,5.306494568886,5.306494568886,5.306494568886
49.456279198267,119.903193437280,5.262043101893,5.262043101893,5.262043101893
49.200258862813,120.059560267193,5.214724099513,5.214724099513,5.214724099513
48.947333654298,120.220885721337,5.164859776474,5.164859776474,5.164859776474
48.697518131620,120.386986284534,5.113502594810,5.113502594810,5.113502594810
48.450788746068,120.557638087468,5.060844261264,5.060844261264,5.060844261264
48.207056441512,120.732544776323,5.005804316813,5.005804316813,5.005804316813
47.966146511190,120.911320114908,4.948995330654,4.948995330654,4.948995330654
47.727809554425,121.093512732703,4.890569499185,4.890569499185,4.890569499185
47.491741430029,121.278636738153,4.828426932831,4.828426932831,4.828426932831
47.257601166391,121.466194004567,4.761291340928,4.761291340928,4.761291340928
47.025030038160,121.655694175236,4.688438012240,4.688438012240,4.688438012240
46.793670703624,121.846672386783,4.603041280690,4.603041280690,4.603041280690
46.563181172654,122.038699734554,4.511065725422,4.511065725422,4.511065725422
46.333245759531,122.231390386163,4.419923400034,4.419923400034,4.419923400034
46.103576694796,122.424398470719,4.329933267226,4.329933267226,4.329933267226
45.873877998825,122.617371237872,4.241683451054,4.241683451054,4.241683451054
45.643838954855,122.809938001510,4.155163723669,4.155163723669,4.155163723669
45.413151280429,123.001727002223,4.070197319239,4.070197319239,4.070197319239
45.181514389354,123.192368146340,3.986948464739,3.986948464739,3.986948464739
44.948640822064,123.381496252265,3.906032421668,3.906032421668,3.906032421668
44.714260753772,123.568753678378,3.828090689862,3.828090689862,3.828090689862
44.478125674078,123.753792561453,3.751794810708,3.751794810708,3.751794810708
44.240011519893,123.936277097060,3.675773571876,3.675773571876,3.675773571876
43.999721231009,124.115885889617,3.587815409489,3.587815409489,3.587815409489
43.757086680431,124.292314343964,3.499150215158,3.499150215158,3.499150215158
43.511969965672,124.465277078455,3.413069344678,3.413069344678,3.413069344678
43.264264046806,124.634510303789,3.324095368662,3.324095368662,3.324095368662
43.013892717377,124.799774073568,3.239100652535,3.239100652535,3.239100652535
42.760809917377,124.960854305423,3.153189378874,3.153189378874,3.153189378874
42.504998432843,125.117564489038,3.067448334315,3.067448334315,3.067448334315
42.246468063487,125.269747030883,2.982421052299,2.982421052299,2.982421052299
41.985253319212,125.417274137563,2.898085093749,2.898085093749,2.898085093749
41.721410700482,125.560048110240,2.813936760881,2.813936760881,2.813936760881
41.455015643793,125.698000951811,2.730867235968,2.730867235968,2.730867235968
41.186159229585,125.831093215704,2.651926328097,2.651926328097,2.651926328097
40.914944751626,125.959312039115,2.572303526363,2.572303526363,2.572303526363
40.641484261256,126.082668355578,2.494046294019,2.494046294019,2.494046294019
40.365895183002,126.201193284151,2.418200950200,2.418200950200,2.418200950200
40.088297053979,126.314933627431,2.344789285072,2.344789285072,2.344789285072
39.808808354331,126.423946213786,2.269621053140,2.269621053140,2.269621053140
39.527543608200,126.528291340980,2.204625582770,2.204625582770,2.204625582770
39.244611383420,126.628026972292,2.139121295744,2.139121295744,2.139121295744
38.960113391819,126.723204695025,2.076840135299,2.076840135299,2.076840135299
38.674144492493,126.813867531623,2.018247321679,2.018247321679,2.018247321679
38.386793362151,126.900049517701,1.963071734148,1.963071734148,1.963071734148
38.098143561402,126.981776730626,1.910853298964,1.910853298964,1.910853298964
37.808274737194,127.059069308897,1.862176603063,1.862176603063,1.862176603063
37.517263774122,127.131944046263,1.821952014941,1.821952014941,1.821952014941
37.225185517025,127.200416137988,1.783165048318,1.783165048318,1.783165048318
36.932113050751,127.264499598229,1.750559981660,1.750559981660,1.750559981660
36.638117722783,127.324206625633,1.721469635483,1.721469635483,1.721469635483
36.343269259235,127.379547244985,1.695501082717,1.695501082717,1.695501082717
36.047635968867,127.430529339879,1.673858564994,1.673858564994,1.673858564994
35.751284946129,127.477158738226,1.656465786885,1.656465786885,1.656465786885
35.454282281881,127.519439446798,1.641945743894,1.641945743894,1.641945743894
35.156693484808,127.557375806430,1.632489822344,1.632489822344,1.632489822344
34.858584452699,127.590980499907,1.624398598095,1.624398598095,1.624398598095
34.560019253572,127.620256541100,1.621317905656,1.621317905656,1.621317905656
34.261059811849,127.645186221509,1.618962417008,1.618962417008,1.618962417008
33.961766729315,127.665724866550,1.620037012940,1.620037012940,1.620037012940
33.662200939215,127.681801431803,1.622406789409,1.622406789409,1.622406789409
33.362425829646,127.693330984481,1.621805467423,1.621805467423,1.621805467423
33.062508508474,127.700229263388,1.602667065244,1.602667065244,1.602667065244
32.762520012704,127.702431956274,1.580826226611,1.580826226611,1.580826226611
32.462534013875,127.699911336186,1.561188128442,1.561188128442,1.561188128442
32.162624171300,127.692693261998,1.543842488913,1.543842488913,1.543842488913
31.862860247420,127.680873353821,1.529447038758,1.529447038758,1.529447038758
31.563304663862,127.664603249655,1.519253066755,1.519253066755,1.519253066755
31.264009870665,127.644083487967,1.521470315953,1.521470315953,1.521470315953
30.965016785215,127.619552819180,1.542346512950,1.542346512950,1.542346512950
30.666354133154,127.591278580834,1.575398754393,1.575398754393,1.575398754393
30.368038108398,127.559552327031,1.621608849936,1.621608849936,1.621608849936
30.070072757483,127.524683414774,1.657915773891,1.657915773891,1.657915773891
29.772451034847,127.486991634628,1.677419610984,1.677419610984,1.677419610984
29.475156813863,127.446796438824,1.675259097757,1.675259097757,1.675259097757
29.178166754777,127.404410839259,1.668352032833,1.668352032833,1.668352032833
28.881451492205,127.360141293668,1.662187828865,1.662187828865,1.662187828865
28.584977159722,127.314285061408,1.657091332832,1.657091332832,1.657091332832
28.288707194563,127.267125797691,1.653549112850,1.653549112850,1.653549112850
27.992603702650,127.218931838590,1.651008935683,1.651008935683,1.651008935683
27.696628587624,127.169955319320,1.649016475040,1.649016475040,1.649016475040
27.400744193951,127.120433465147,1.647168568111,1.647168568111,1.647168568111
27.104913673974,127.070590694682,1.645251432141,1.645251432141,1.645251432141
26.809101808353,127.020637318968,1.642749169957,1.642749169957,1.642749169957
26.513275796040,126.970767842361,1.639988843230,1.639988843230,1.639988843230
26.217406134815,126.921158083212,1.637419765083,1.637419765083,1.637419765083
25.921467964535,126.871958751789,1.635325880076,1.635325880076,1.635325880076
25.625443972051,126.823278547059,1.633340043838,1.633340043838,1.633340043838
25.329322468238,126.775195137149,1.631392328925,1.631392328925,1.631392328925
25.033095010546,126.727768931389,1.629338789999,1.629338789999,1.629338789999
24.736753397622,126.681061448398,1.627248953959,1.627248953959,1.627248953959
24.440286692655,126.635154848571,1.625134946782,1.625134946782,1.625134946782
24.143679824302,126.590163057277,1.623016686775,1.623016686775,1.623016686775
23.846912886283,126.546239948534,1.620886495418,1.620886495418,1.620886495418
23.549962009449,126.503578786296,1.618740268077,1.618740268077,1.618740268077
23.252801033815,126.462407452325,1.616576410597,1.616576410597,1.616576410597
22.955404510401,126.422974615768,1.614397682997,1.614397682997,1.614397682997
22.657752037254,126.385523928911,1.612204847289,1.612204847289,1.612204847289
22.359828937754,126.350292138617,1.610001289401,1.610001289401,1.610001289401
22.061627433829,126.317501621172,1.607790210413,1.607790210413,1.607790210413
21.763147102611,126.287356096543,1.605567003056,1.605567003056,1.605567003056
21.464395057930,126.260035884873,1.603288247127,1.603288247127,1.603288247127
21.165386243156,126.235687609257,1.601020865255,1.601020865255,1.601020865255
20.866142296292,126.214424550812,1.598771648268,1.598771648268,1.598771648268
20.566689989982,126.196332853251,1.596546812448,1.596546812448,1.596546812448
20.267057909909,126.181516652086,1.594353750374,1.594353750374,1.594353750374
19.967276781545,126.170110700339,1.592201865343,1.592201865343,1.592201865343
19.667382288759,126.162235966920,1.590098108186,1.590098108186,1.590098108186
19.367414033719,126.158036112747,1.588050898588,1.588050898588,1.588050898588
19.067416757206,126.157669948950,1.586070429803,1.586070429803,1.586070429803
18.767440651697,126.161244321394,1.584166181985,1.584166181985,1.584166181985
18.467538317505,126.168802503167,1.582350053353,1.582350053353,1.582350053353
18.167756421663,126.180186692080,1.580629432492,1.580629432492,1.580629432492
17.868125302178,126.195030153287,1.578998452046,1.578998452046,1.578998452046
17.568650679542,126.212764012332,1.577458790893,1.577458790893,1.577458790893
17.269307035778,126.232593866338,1.575980256114,1.575980256114,1.575980256114
16.970045208698,126.253626027653,1.574588071710,1.574588071710,1.574588071710
16.670795745855,126.274832152637,1.573261345704,1.573261345704,1.573261345704
16.371482633991,126.295114152516,1.571997633476,1.571997633476,1.571997633476
16.072041219993,126.313393939227,1.570848515983,1.570848515983,1.570848515983
15.772430086670,126.328624999206,1.569490444987,1.569490444987,1.569490444987
15.472640936939,126.339787219874,1.567741842079,1.567741842079,1.567741842079
15.172704926974,126.345757027131,1.568998377010,1.568998377010,1.568998377010
14.872711503034,126.345377182790,1.573571315656,1.573571315656,1.573571315656
14.572822474584,126.337539555849,1.573878633780,1.573878633780,1.573878633780
14.273282162800,126.321144320693,1.579950356771,1.579950356771,1.579950356771
13.974423760844,126.295166326552,1.586277226854,1.586277226854,1.586277226854
13.676668647948,126.258687597034,1.594711227966,1.594711227966,1.594711227966
13.380522005191,126.210903099945,1.598522398984,1.598522398984,1.598522398984
13.086549476302,126.151204947882,1.608626205937,1.608626205937,1.608626205937
12.795338246749,126.079250165274,1.616071589997,1.616071589997,1.616071589997
12.507478849892,125.994890792504,1.614456605173,1.614456605173,1.614456605173
12.223550725665,125.898128184790,1.607171959998,1.607171959998,1.607171959998
11.944089284718,125.789137091649,1.609629191507,1.609629191507,1.609629191507
11.669545020067,125.668291855117,1.606962071931,1.606962071931,1.606962071931
11.400288339610,125.536081212994,1.608138179676,1.608138179676,1.608138179676
11.136645737780,125.392999385222,1.606204300956,1.606204300956,1.606204300956
10.878896230346,125.239551903198,1.603749671964,1.603749671964,1.603749671964
10.627294383762,125.076216247092,1.604061010873,1.604061010873,1.604061010873
10.382080979836,124.903435121272,1.604340596397,1.604340596397,1.604340596397
10.143502755575,124.721600021291,1.604387351155,1.604387351155,1.604387351155
9.911832847556,124.531040849437,1.604076290711,1.604076290711,1.604076290711
9.687402107234,124.332006689129,1.607018406199,1.607018406199,1.607018406199
9.470551434988,124.124740313029,1.608170434943,1.608170434943,1.608170434943
9.261638445872,123.909476146005,1.606620660432,1.606620660432,1.606620660432
9.061008747908,123.686471924008,1.600493100296,1.600493100296,1.600493100296
8.868968896012,123.456029798168,1.594460574068,1.594460574068,1.594460574068
8.685832750531,123.218450504786,1.585965200837,1.585965200837,1.585965200837
8.511857878298,122.974082850350,1.574029476715,1.574029476715,1.574029476715
8.347265940044,122.723299897282,1.565995753478,1.565995753478,1.565995753478
8.192333434351,122.466438004215,1.560973611252,1.560973611252,1.560973611252
8.047406140049,122.203802841529,1.552551730785,1.552551730785,1.552551730785
7.912919413046,121.935672969702,1.548322212104,1.548322212104,1.548322212104
7.789263713628,121.662380545991,1.543119904978,1.543119904978,1.543119904978
7.676806264586,121.384294218479,1.541211320552,1.541211320552,1.541211320552
7.575860816043,121.101825939651,1.536807095951,1.536807095951,1.536807095951
7.486600966280,120.815450430727,1.539781772016,1.539781772016,1.539781772016
7.409080200505,120.525676181895,1.543094200586,1.543094200586,1.543094200586
7.343206425126,120.233032899039,1.549612150623,1.549612150623,1.549612150623
7.288720147198,119.938055103215,1.553192292692,1.553192292692,1.553192292692
7.245254524353,119.641251220250,1.561823499827,1.561823499827,1.561823499827
7.212424986996,119.343081471668,1.564985178246,1.564985178246,1.564985178246
7.189803730239,119.043961642265,1.570962240154,1.570962240154,1.570962240154
7.176872869189,118.744263816983,1.572634187649,1.572634187649,1.572634187649
7.173054791067,118.444308933513,1.576837749021,1.576837749021,1.576837749021
7.177774069632,118.144364379376,1.573262356114,1.573262356114,1.573262356114
7.190425578279,117.844646831726,1.572708081417,1.572708081417,1.572708081417
7.210333307063,117.545321004994,1.566560358267,1.566560358267,1.566560358267
7.236791258075,117.246500148029,1.567106301561,1.567106301561,1.567106301561
7.269018939583,116.948243792722,1.565477432673,1.565477432673,1.565477432673
7.306207682193,116.650563090261,1.569943637763,1.569943637763,1.569943637763
7.347555026570,116.353429644932,1.577971623309,1.577971623309,1.577971623309
7.392274609048,116.056783598527,1.588300487817,1.588300487817,1.588300487817
7.439616982984,115.760543845068,1.595015829556,1.595015829556,1.595015829556
7.488897677986,115.464619731503,1.598446229428,1.598446229428,1.598446229428
7.539496801587,115.168917852418,1.597121949444,1.597121949444,1.597121949444
7.590897198261,114.873354039421,1.596929084879,1.596929084879,1.596929084879
7.642673884438,114.577855860852,1.597410202718,1.597410202718,1.597410202718
7.694493105692,114.282365142474,1.597130920800,1.597130920800,1.597130920800
7.746139031321,113.986844098660,1.596467857443,1.596467857443,1.596467857443
7.797511181079,113.691275347254,1.593580176648,1.593580176648,1.593580176648
7.848575468372,113.395653247367,1.592235406537,1.592235406537,1.592235406537
7.899365500822,113.099983898052,1.591642224600,1.591642224600,1.591642224600
7.949936172773,112.804276943318,1.591085886371,1.591085886371,1.591085886371
8.000348537487,112.508542957874,1.590545802526,1.590545802526,1.590545802526
8.050615174333,112.212784167686,1.590012657198,1.590012657198,1.590012657198
8.100739784699,111.917001273189,1.589478166278,1.589478166278,1.589478166278
8.150731200084,111.621195837884,1.588942866177,1.588942866177,1.588942866177
8.200589020164,111.325367855480,1.588403866500,1.588403866500,1.588403866500
8.250320141985,111.029518546859,1.587864059745,1.587864059745,1.587864059745
8.299940854792,110.733650698430,1.587323880109,1.587323880109,1.587323880109
8.349483677018,110.437769796008,1.586783975190,1.586783975190,1.586783975190
8.398983399226,110.141881679651,1.586244123188,1.586244123188,1.586244123188
8.448460725279,109.845989817323,1.585704261705,1.585704261705,1.585704261705
8.497930082136,109.550096622518,1.585164335993,1.585164335993,1.585164335993
8.547400462929,109.254203598913,1.584624329176,1.584624329176,1.584624329176
8.596878516133,108.958311858199,1.584084374844,1.584084374844,1.584084374844
8.646370911757,108.662422516176,1.583544479101,1.583544479101,1.583544479101
8.695881118977,108.366536153963,1.583004677764,1.583004677764,1.583004677764
8.745405084992,108.070652094263,1.582464821760,1.582464821760,1.582464821760
8.794933450249,107.774768770917,1.581922072015,1.581922072015,1.581922072015
8.844459632156,107.478885082105,1.581373304350,1.581373304350,1.581373304350
8.893983566998,107.183001017179,1.580824536256,1.580824536256,1.580824536256
8.943506901607,106.887116851787,1.580275728004,1.580275728004,1.580275728004
8.993030130195,106.591232668651,1.579726805724,1.579726805724,1.579726805724
9.042553313541,106.295348477943,1.579177852072,1.579177852072,1.579177852072
9.092076491197,105.999464286282,1.578628892308,1.578628892308,1.578628892308
9.141599680506,105.703580096571,1.578079953157,1.578079953157,1.578079953157
9.191122881653,105.407695908842,1.577531027401,1.577531027401,1.577531027401
9.240646088668,105.111811722095,1.576982104422,1.576982104422,1.576982104422
9.290169296736,104.815927535524,1.576433181244,1.576433181244,1.576433181244
9.339692503325,104.520043348706,1.575884259562,1.575884259562,1.575884259562
9.389215707705,104.224159161518,1.575335346350,1.575335346350,1.575335346350
9.438738910130,103.928274974002,1.574786433755,1.574786433755,1.574786433755
9.488262111380,103.632390786290,1.574237513647,1.574237513647,1.574237513647
9.537785312407,103.336506598541,1.573688579765,1.573688579765,1.573688579765
9.587308514139,103.040622410910,1.573139644697,1.573139644697,1.573139644697
9.636831717296,102.744738223517,1.572590754110,1.572590754110,1.572590754110
9.686354922419,102.448854036454,1.572041912471,1.572041912471,1.572041912471
9.735878130433,102.152969849874,1.571493116790,1.571493116790,1.571493116790
9.785401343853,101.857085664199,1.570944227900,1.570944227900,1.570944227900
9.834924566732,101.561201480107,1.570395283113,1.570395283113,1.570395283113
9.884447801798,101.265317298055,1.569846281757,1.569846281757,1.569846281757
9.933971040336,100.969433116584,1.569297319360,1.569297319360,1.569297319360
9.983494254910,100.673548931102,1.568748402187,1.568748402187,1.568748402187
10.033017402528,100.377664734414,1.568199542971,1.568199542971,1.568199542971
10.082540442665,100.081780519736,1.567650685501,1.567650685501,1.567650685501
10.132063356395,99.785896283901,1.567101808558,1.567101808558,1.567101808558
10.181586159735,99.490012029589,1.566552879700,1.566552879700,1.566552879700
10.231108915644,99.194127767339,1.566003925773,1.566003925773,1.566003925773
10.280631731883,98.898243515187,1.565454964630,1.565454964630,1.565454964630
10.330154736899,98.602359294631,1.564906000807,1.564906000807,1.564906000807
10.379678043238,98.306475124508,1.564357037807,1.564357037807,1.564357037807
10.429201710861,98.010591014855,1.563808089667,1.563808089667,1.563808089667
10.478725728003,97.714706963703,1.563259145981,1.563259145981,1.563259145981
10.528250018806,97.418822958356,1.562710197100,1.562710197100,1.562710197100
10.577774472639,97.122938980296,1.562161202499,1.562161202499,1.562161202499
10.627298971065,96.827055009700,1.561612158549,1.561612158549,1.561612158549
10.676823409627,96.531171029084,1.561062969145,1.561062969145,1.561062969145
10.726347718022,96.235287026681,1.560513559127,1.560513559127,1.560513559127
10.775871866970,95.939402997590,1.559964052341,1.559964052341,1.559964052341
10.825395860800,95.643518942536,1.559415389504,1.559415389504,1.559415389504
10.874919722070,95.347634865295,1.558868466429,1.558868466429,1.558868466429
10.924443475153,95.051750769946,1.558325238996,1.558325238996,1.558325238996
10.973967133462,94.755866658734,1.557783403686,1.557783403686,1.557783403686
11.023490698317,94.459982531880,1.557241618067,1.557241618067,1.557241618067
11.073014163886,94.164098388408,1.556696203447,1.556696203447,1.556696203447
11.122537519307,93.868214226501,1.556148382908,1.556148382908,1.556148382908
11.172060749689,93.572330043665,1.555597147268,1.555597147268,1.555597147268
11.221583838882,93.276445837197,1.555041880477,1.555041880477,1.555041880477
11.271106773937,92.980561604931,1.554486116500,1.554486116500,1.554486116500
11.320629546062,92.684677345396,1.553931816300,1.553931816300,1.553931816300
11.370152145967,92.388793057035,1.553379830728,1.553379830728,1.553379830728
11.419674560416,92.092908737634,1.552829854001,1.552829854001,1.552829854001
11.469196781789,91.797024385919,1.552281653663,1.552281653663,1.552281653663
11.518718826882,91.501140004699,1.551733311489,1.551733311489,1.551733311489
11.568240752678,91.205255603513,1.551184675573,1.551184675573,1.551184675573
11.617762654370,90.909371198292,1.550636461244,1.550636461244,1.550636461244
11.667284651202,90.613486808995,1.550088390084,1.550088390084,1.550088390084
11.716806865475,90.317602456090,1.549540086862,1.549540086862,1.549540086862
11.766329389267,90.021718154991,1.548990604245,1.548990604245,1.548990604245
11.815852253614,89.725833910890,1.548440227567,1.548440227567,1.548440227567
11.865375417875,89.429949716987,1.547890141967,1.547890141967,1.547890141967
11.914898783448,89.134065556779,1.547340666550,1.547340666550,1.547340666550
11.964422228359,88.838181409850,1.546792131241,1.546792131241,1.546792131241
12.013945646080,88.542297258369,1.546243509442,1.546243509442,1.546243509442
12.063468970416,88.246413091259,1.545694760002,1.545694760002,1.545694760002
12.112992177720,87.950528904560,1.545145684039,1.545145684039,1.545145684039
12.162515282166,87.654644700646,1.544596563234,1.544596563234,1.544596563234
12.212038326042,87.358760486593,1.544047415045,1.544047415045,1.544047415045
12.261561359500,87.062876270798,1.543498345323,1.543498345323,1.543498345323
12.311084422070,86.766992059874,1.542949331199,1.542949331199,1.542949331199
12.360607533119,86.471107857065,1.542400403293,1.542400403293,1.542400403293
12.410130692172,86.175223662291,1.541851504788,1.541851504788,1.541851504788
12.459653886024,85.879339473340,1.541302622585,1.541302622585,1.541302622585
12.509177099807,85.583455287726,1.540753741266,1.540753741266,1.540753741266
12.558700321520,85.287571103439,1.540204829192,1.540204829192,1.540204829192
12.608223541027,84.991686918783,1.539655877944,1.539655877944,1.539655877944
12.657746751152,84.695802732557,1.539106901807,1.539106901807,1.539106901807
12.707269950428,84.399918544514,1.538557959414,1.538557959414,1.538557959414
12.756793144262,84.104034355561,1.538009116487,1.538009116487,1.538009116487
12.806316341614,83.808150167197,1.537460338848,1.537460338848,1.537460338848
12.855839548236,83.512265980384,1.536911561595,1.536911561595,1.536911561595
12.905362763032,83.216381794939,1.536362588194,1.536362588194,1.536362588194
12.954885977652,82.920497609465,1.535813560749,1.535813560749,1.535813560749
13.004409181554,82.624613422197,1.535264494968,1.535264494968,1.535264494968
13.053932367956,82.328729232000,1.534715559600,1.534715559600,1.534715559600
13.103455536334,82.032845038786,1.534166697447,1.534166697447,1.534166697447
13.152978691572,81.736960843373,1.533617912109,1.533617912109,1.533617912109
13.202501842316,81.441076647208,1.533069031860,1.533069031860,1.533069031860
13.252024999557,81.145192452130,1.532520081241,1.532520081241,1.532520081241
13.301548175311,80.849308260150,1.531971113805,1.531971113805,1.531971113805
13.351071379925,80.553424073002,1.531422160686,1.531422160686,1.531422160686
13.400594619525,80.257539891708,1.530873229833,1.530873229833,1.530873229833
13.450117893737,79.961655716208,1.530324300701,1.530324300701,1.530324300701
13.499641195236,79.665771545276,1.529775365858,1.529775365858,1.529775365858
13.549164510861,79.369887376707,1.529226416793,1.529226416793,1.529226416793
13.598687822254,79.074003207430,1.528677505653,1.528677505653,1.528677505653
13.648211110477,78.778119034275,1.528128638378,1.528128638378,1.528128638378
13.697734363169,78.482234855173,1.527579810205,1.527579810205,1.527579810205
13.747257580518,78.186350670156,1.527030797603,1.527030797603,1.527030797603
13.796780775947,77.890466481470,1.526481548730,1.526481548730,1.526481548730
13.846303972493,77.594582292970,1.525932743882,1.525932743882,1.525932743882
13.895827196405,77.298698109052,1.525384364868,1.525384364868,1.525384364868
13.945350468976,77.002813933277,1.524836761330,1.524836761330,1.524836761330
13.994873796848,76.706929766758,1.524288594419,1.524288594419,1.524288594419
14.044397169360,76.411045607711,1.523739826394,1.523739826394,1.523739826394
14.093920564022,76.115161452371,1.523190628968,1.523190628968,1.523190628968
14.143443959298,75.819277297134,1.522641281774,1.522641281774,1.522641281774
14.192967344013,75.523393140129,1.522091806661,1.522091806661,1.522091806661
14.242490718291,75.227508981378,1.521542497427,1.521542497427,1.521542497427
14.292014084238,74.931624821232,1.520993276439,1.520993276439,1.520993276439
14.341537435836,74.635740658684,1.520444075756,1.520444075756,1.520444075756
14.391060758925,74.339856491365,1.519894875196,1.519894875196,1.519894875196
14.440584037013,74.043972316514,1.519345859490,1.519345859490,1.519345859490
14.490107258915,73.748088132258,1.518797872528,1.518797872528,1.518797872528
14.539630424063,73.452203938504,1.518250447010,1.518250447010,1.518250447010
14.589153542644,73.156319736955,1.517703577024,1.517703577024,1.517703577024
14.638676633192,72.860435530715,1.517155531817,1.517155531817,1.517155531817
14.688199720292,72.564551323897,1.516606540903,1.516606540903,1.516606540903
14.737722830819,72.268667121001,1.516056176754,1.516056176754,1.516056176754
14.787245993899,71.972782926900,1.515505870110,1.515505870110,1.515505870110
14.836769234995,71.676898745857,1.514955789864,1.514955789864,1.514955789864
14.886292563287,71.381014579409,1.514406577277,1.514406577277,1.514406577277
14.935815947315,71.085130422289,1.513857916652,1.513857916652,1.513857916652
14.985339309113,70.789246261449,1.513309939781,1.513309939781,1.513309939781
15.034862550560,70.493362080465,1.512761121307,1.512761121307,1.512761121307
15.084385587703,70.197477865286,1.512211517129,1.512211517129,1.512211517129
15.133908376836,69.901593608597,1.511660882255,1.511660882255,1.511660882255
15.183430924330,69.605709311464,1.511110724391,1.511110724391,1.511110724391
15.232953285923,69.309824983217,1.510561627454,1.510561627454,1.510561627454
15.282475560085,69.013940640336,1.510014150323,1.510014150323,1.510014150323
15.331997862181,68.718056302131,1.509466865838,1.509466865838,1.509466865838
15.381520285062,68.422171984142,1.508918289605,1.508918289605,1.508918289605
15.431042862372,68.126287692000,1.508369058886,1.508369058886,1.508369058886
15.480565570877,67.830403421816,1.507819401988,1.507819401988,1.507819401988
15.530088369057,67.534519166641,1.507270273344,1.507270273344,1.507270273344
15.579611229287,67.238634921851,1.506721224962,1.506721224962,1.506721224962
15.629134146705,66.942750686633,1.506171867769,1.506171867769,1.506171867769
15.678657126144,66.646866461796,1.505620382956,1.505620382956,1.505620382956
15.728180169512,66.350982247659,1.505067188815,1.505067188815,1.505067188815
15.777703271699,66.055098043367,1.504511234106,1.504511234106,1.504511234106
15.827226425809,65.759213847765,1.503958225054,1.503958225054,1.503958225054
15.876749631089,65.463329660727,1.503409600021,1.503409600021,1.503409600021
15.926272895552,65.167445483596,1.502868268177,1.502868268177,1.502868268177
15.975796231563,64.871561318439,1.502326647278,1.502326647278,1.502326647278
16.025319630660,64.575677163842,1.501780970188,1.501780970188,1.501780970188
16.074843009246,64.279793005811,1.501232444561,1.501232444561,1.501232444561
16.124366189436,63.983908814574,1.500682735927,1.500682735927,1.500682735927
16.173888962032,63.688024555117,1.500134040111,1.500134040111,1.500134040111
16.223411521364,63.392140259966,1.499585061465,1.499585061465,1.499585061465
16.272935029281,63.096256123585,1.499035699553,1.499035699553,1.499035699553
16.322462536087,62.800372656559,1.498485932569,1.498485932569,1.498485932569
16.371998159133,62.504490548212,1.497936492265,1.497936492265,1.497936492265
16.421539566358,62.208609408277,1.497387956727,1.497387956727,1.497387956727
16.471075654810,61.912727377909,1.496839513986,1.496839513986,1.496839513986
16.520592406773,61.616842111047,1.496291057560,1.496291057560,1.496291057560
16.570079594528,61.320951898166,1.495741935425,1.495741935425,1.495741935425
16.619535251244,61.025056413379,1.495192834023,1.495192834023,1.495192834023
16.668969397339,60.729157333967,1.494643765349,1.494643765349,1.494643765349
16.718405770957,60.433258626956,1.494094587267,1.494094587267,1.494094587267
16.767881896080,60.137366565341,1.493545472257,1.493545472257,1.493545472257
16.817442408550,59.841488628654,1.492996550621,1.492996550621,1.492996550621
16.867124551446,59.545631092362,1.492447613979,1.492447613979,1.492447613979
16.916940586214,59.249796070295,1.491899173283,1.491899173283,1.491899173283
16.966873143228,58.953980690980,1.491353825295,1.491353825295,1.491353825295
17.016878459379,58.658177600600,1.490814679907,1.490814679907,1.490814679907
17.066891596714,58.362375833179,1.490279654511,1.490279654511,1.490279654511
17.116832927548,58.066561938436,1.489717909387,1.489717909387,1.489717909387
17.166616717232,57.770721497697,1.489097597369,1.489097597369,1.489097597369
17.216162211385,57.474841065213,1.488304859932,1.488304859932,1.488304859932
17.265401163866,57.178909474815,1.487423970746,1.487423970746,1.487423970746
17.314280268234,56.882918243412,1.486396722281,1.486396722281,1.486396722281
17.362761979394,56.586861666729,1.484005889976,1.484005889976,1.484005889976
17.410826336438,56.290737047545,1.484177408356,1.484177408356,1.484177408356
17.458473485944,55.994545009228,1.484657487844,1.484657487844,1.484657487844
17.505722433215,55.698289180753,1.487386237838,1.487386237838,1.487386237838
17.552614968945,55.401976718212,1.491554786811,1.491554786811,1.491554786811
17.599216276674,55.105618302950,1.497453488636,1.497453488636,1.497453488636
17.645613541808,54.809227865028,1.503883882040,1.503883882040,1.503883882040
17.691919402924,54.512823129601,1.510463655974,1.510463655974,1.510463655974
17.738271110193,54.216425568005,1.515808603066,1.515808603066,1.515808603066
17.784829921764,53.920060492556,1.521226325298,1.521226325298,1.521226325298
17.831776051348,53.623756569771,1.527543078863,1.527543078863,1.527543078863
17.879310277631,53.327546500456,1.534946669039,1.534946669039,1.534946669039
17.927663407068,53.031469126001,1.542821191653,1.542821191653,1.542821191653
17.977097766390,52.735570536697,1.551854822833,1.551854822833,1.551854822833
18.027910991422,52.439905862035,1.561304997095,1.561304997095,1.561304997095
18.080429883705,52.144539722741,1.571233100438,1.571233100438,1.571233100438
18.135002114043,51.849546463703,1.582049327009,1.582049327009,1.582049327009
18.191985410920,51.555009921134,1.593580507659,1.593580507659,1.593580507659
18.251737283734,51.261023067062,1.605812621299,1.605812621299,1.605812621299
18.314604026886,50.967687070502,1.618632208326,1.618632208326,1.618632208326
18.380902607797,50.675108185502,1.632412909195,1.632412909195,1.632412909195
18.450928421614,50.383399525783,1.646711438618,1.646711438618,1.646711438618
18.524969998847,50.092684843869,1.661237264768,1.661237264768,1.661237264768
18.603315335068,49.803101055032,1.676742336938,1.676742336938,1.676742336938
18.686261613001,49.514802235824,1.692922565351,1.692922565351,1.692922565351
18.774117039635,49.227962244519,1.709161465020,1.709161465020,1.709161465020
18.867206235178,48.942778873037,1.725141574284,1.725141574284,1.725141574284
18.965861801283,48.659474146350,1.741285348578,1.741285348578,1.741285348578
19.070416964788,48.378294517130,1.757107244914,1.757107244914,1.757107244914
19.181196045956,48.099509624449,1.772357314110,1.772357314110,1.772357314110
19.298496496205,47.823406642050,1.787150367692,1.787150367692,1.787150367692
19.422585861844,47.550288867495,1.801113915895,1.801113915895,1.801113915895
19.553688640969,47.280468892027,1.815522478486,1.815522478486,1.815522478486
19.691978871896,47.014262442836,1.827492220199,1.827492220199,1.827492220199
19.837579477373,46.751984147945,1.840470979178,1.840470979178,1.840470979178
19.990555208851,46.493938970726,1.850930556546,1.850930556546,1.850930556546
20.150919314443,46.240420176382,1.861950665163,1.861950665163,1.861950665163
20.318632978700,45.991703071625,1.869220813109,1.869220813109,1.869220813109
20.493607453802,45.748039859741,1.877655431864,1.877655431864,1.877655431864
20.675709334034,45.509656509991,1.883185688872,1.883185688872,1.883185688872
20.864763954872,45.276748694581,1.888077188250,1.888077188250,1.888077188250
21.060568082057,45.049485528031,1.890854416366,1.890854416366,1.890854416366
21.262888721019,44.828003275608,1.894957669298,1.894957669298,1.894957669298
21.471468606988,44.612404662526,1.896738419988,1.896738419988,1.896738419988
21.686038658536,44.402765921480,1.903000734147,1.903000734147,1.903000734147
21.906320959712,44.199136753824,1.907469368693,1.907469368693,1.907469368693
22.132036500724,44.001546062601,1.919025720958,1.919025720958,1.919025720958
22.362908297022,43.810004265422,1.930528051214,1.930528051214,1.930528051214
22.598669187407,43.624512294300,1.946767561764,1.946767561764,1.946767561764
22.839068216600,43.445071022055,1.966469630725,1.966469630725,1.966469630725
23.083870239920,43.271683764269,1.987981203268,1.987981203268,1.987981203268
23.332864927117,43.104372531372,2.012157638948,2.012157638948,2.012157638948
23.585862648583,42.943177896318,2.040280121604,2.040280121604,2.040280121604
23.842692771588,42.788162077496,2.067597978540,2.067597978540,2.067597978540
24.103203342767,42.639414491467,2.100816417472,2.100816417472,2.100816417472
24.367254205660,42.497046471917,2.132416088912,2.132416088912,2.132416088912
24.634714391204,42.361192119853,2.170230814343,2.170230814343,2.170230814343
24.905458014856,42.232006171411,2.205477765192,2.205477765192,2.205477765192
25.179363171067,42.109667342905,2.246008705799,2.246008705799,2.246008705799
25.456303807370,41.994365929628,2.285145919353,2.285145919353,2.285145919353
25.736139958703,41.886282706281,2.325845401820,2.325845401820,2.325845401820
26.018715613965,41.785579915680,2.366669147039,2.366669147039,2.366669147039
26.303853830045,41.692380430396,2.407812240081,2.407812240081,2.407812240081
26.591358532059,41.606759119002,2.449425510281,2.449425510281,2.449425510281
26.881016886623,41.528732447837,2.490648055527,2.490648055527,2.490648055527
27.172604290470,41.458254199160,2.530921361175,2.530921361175,2.530921361175
27.465892904778,41.395225932756,2.570703894589,2.570703894589,2.570703894589
27.760657502434,41.339502938726,2.609716098053,2.609716098053,2.609716098053
28.056681049190,41.290904711385,2.647264095231,2.647264095231,2.647264095231
28.353757705880,41.249218459909,2.682390852324,2.682390852324,2.682390852324
28.651695444876,41.214204641666,2.716465574979,2.716465574979,2.716465574979
28.950317839370,41.185601241068,2.748849911157,2.748849911157,2.748849911157
29.249464373001,41.163118647069,2.779076219648,2.779076219648,2.779076219648
29.548992515990,41.146457505235,2.807360803370,2.807360803370,2.807360803370
29.848777965769,41.135325526415,2.835379125866,2.835379125866,2.835379125866
30.148713164527,41.129444274950,2.860078469332,2.860078469332,2.860078469332
30.448705403702,41.128553230031,2.885043999721,2.885043999721,2.885043999721
30.748674813036,41.132408498910,2.907860301243,2.907860301243,2.907860301243
31.048552600789,41.140784277552,2.934970814408,2.934970814408,2.934970814408
31.348279694283,41.153465803198,2.961494115224,2.961494115224,2.961494115224
31.647806142033,41.170239357932,2.992088689782,2.992088689782,2.992088689782
31.947091017148,41.190886524653,3.021343707084,3.021343707084,3.021343707084
32.246103072565,41.215172740180,3.053929039129,3.053929039129,3.053929039129
32.544820132855,41.242856826983,3.085823007556,3.085823007556,3.085823007556
32.843227565588,41.273703648567,3.119686689054,3.119686689054,3.119686689054
33.141316848400,41.307489742479,3.154541750271,3.154541750271,3.154541750271
33.439083880254,41.344009358020,3.189044692639,3.189044692639,3.189044692639
33.736527842775,41.383074972187,3.218843053707,3.218843053707,3.218843053707
34.033651474103,41.424508271733,3.238706638754,3.238706638754,3.238706638754
34.330462560862,41.468125779863,3.254280036185,3.254280036185,3.254280036185
34.626975319897,41.513728719066,3.265340067262,3.265340067262,3.265340067262
34.923210757785,41.561101085177,3.265770300546,3.265770300546,3.265770300546
35.219196658994,41.610009596018,3.263542014295,3.263542014295,3.263542014295
35.514966639385,41.660208380781,3.260896094022,3.260896094022,3.260896094022
35.810558346201,41.711447256019,3.257788906904,3.257788906904,3.257788906904
36.106010566371,41.763484942958,3.254642121455,3.254642121455,3.254642121455
36.401360372490,41.816101122676,3.251512485981,3.251512485981,3.251512485981
36.696641737765,41.869100231443,3.248385420267,3.248385420267,3.248385420267
36.991885356189,41.922309295049,3.245248806670,3.245248806670,3.245248806670
37.287117352190,41.975582819251,3.242108643112,3.242108643112,3.242108643112
37.582358080278,42.028807908620,3.238962087153,3.238962087153,3.238962087153
37.877622139124,42.081903392682,3.235816704868,3.235816704868,3.235816704868
38.172918313858,42.134819957166,3.232672986926,3.232672986926,3.232672986926
38.468248943168,42.187543896619,3.229530717798,3.229530717798,3.229530717798
38.763611027706,42.240091352663,3.226389224077,3.226389224077,3.226389224077
39.058998875617,42.292493804923,3.223247882237,3.223247882237,3.223247882237
39.354406461370,42.344784884125,3.220123316195,3.220123316195,3.220123316195
39.649829192818,42.396990332352,3.217275878652,3.217275878652,3.217275878652
39.945264982394,42.449121832740,3.216211622688,3.216211622688,3.216211622688
40.240714129238,42.501177576215,3.219171337976,3.219171337976,3.219171337976
40.536178993830,42.553144025553,3.222486334132,3.222486334132,3.222486334132
40.831663862027,42.604996599621,3.225822449443,3.225822449443,3.225822449443
41.127173982080,42.656705055455,3.229158846546,3.229158846546,3.229158846546
41.422713440816,42.708245552726,3.232499962277,3.232499962277,3.232499962277
41.718284784313,42.759602876404,3.235831740604,3.235831740604,3.235831740604
42.013889856174,42.810765701365,3.239163251285,3.239163251285,3.239163251285
42.309530058910,42.861725128716,3.242562340599,3.242562340599,3.242562340599
42.605206292613,42.912475077215,3.244029405117,3.244029405117,3.244029405117
42.900918935522,42.963012441838,3.242370644464,3.242370644464,3.242370644464
43.196667851359,43.013337101222,3.241892285493,3.241892285493,3.241892285493
43.492452398346,43.063451916296,3.242131545075,3.242131545075,3.242131545075
43.788271437718,43.113362731024,3.242717226789,3.242717226789,3.242717226789
44.084123341655,43.163078373822,3.243272809604,3.243272809604,3.243272809604
44.380006000265,43.212610660129,3.243792833205,3.243792833205,3.243792833205
44.675916828181,43.261974390873,3.244289317331,3.244289317331,3.244289317331
44.971852778978,43.311187295517,3.244786759868,3.244786759868,3.244786759868
45.267810358743,43.360269969539,3.245285397580,3.245285397580,3.245285397580
45.563785514235,43.409246557466,3.245784308049,3.245784308049,3.245784308049
45.859773334592,43.458146555354,3.246283197546,3.246283197546,3.246283197546
46.155768102985,43.507004482576,3.246782072098,3.246782072098,3.246782072098
46.451764093326,43.555855006154,3.247280492012,3.247280492012,3.247280492012
46.747756566833,43.604726832255,3.247778879546,3.247778879546,3.247778879546
47.043742446800,43.653638574024,3.248277367280,3.248277367280,3.248277367280
47.339720498573,43.702597664146,3.248775946784,3.248775946784,3.248775946784
47.635691147013,43.751601490822,3.249274595850,3.249274595850,3.249274595850
47.931656089288,43.800639770317,3.249773280899,3.249773280899,3.249773280899
48.227617716686,43.849698052965,3.250271957148,3.250271957148,3.250271957148
48.523578306399,43.898762595522,3.250770545523,3.250770545523,3.250770545523
48.819539219832,43.947825185313,3.251269084839,3.251269084839,3.251269084839
49.115500751448,43.996884045906,3.251767651971,3.251767651971,3.251767651971
49.411462663105,44.045940613744,3.252266220344,3.252266220344,3.252266220344
49.707424683781,44.094996523861,3.252764779318,3.252764779318,3.252764779318
50.003386697619,44.144052475230,3.253263332791,3.253263332791,3.253263332791
50.299348694033,44.193108531726,3.253761887347,3.253761887347,3.253761887347
50.595310684403,44.242164624682,3.254260441587,3.254260441587,3.254260441587
50.891272674644,44.291220718418,3.254758995493,3.254758995493,3.254758995493
51.187234665340,44.340276809412,3.255257549444,3.255257549444,3.255257549444
51.483196656132,44.389332899820,3.255756103379,3.255756103379,3.255756103379
51.779158646916,44.438388990281,3.256254657308,3.256254657308,3.256254657308
52.075120637694,44.487445080778,3.256753211238,3.256753211238,3.256753211238
52.371082628499,44.536501171109,3.257251765163,3.257251765163,3.257251765163
52.667044619423,44.585557260723,3.257750319094,3.257750319094,3.257750319094
52.963006610443,44.634613349761,3.258248872960,3.258248872960,3.258248872960
53.258968600167,44.683669446611,3.258747426397,3.258747426397,3.258747426397
53.554930579464,44.732725606376,3.259245979435,3.259245979435,3.259245979435
53.850892531705,44.781781929371,3.259744532631,3.259744532631,3.259744532631
54.146854523853,44.830838011598,3.260243070230,3.260243070230,3.260243070230
54.442816857955,44.879892030697,3.260741610399,3.260741610399,3.260741610399
54.738779792507,44.928942426932,3.261240187583,3.261240187583,3.261240187583
55.034742904449,44.977991752803,3.261738736763,3.261738736763,3.261738736763
55.330705765890,45.027042590177,3.262237261893,3.262237261893,3.262237261893
55.626669405506,45.076088731605,3.262735744880,3.262735744880,3.262735744880
55.922635137962,45.125122242681,3.263234343227,3.263234343227,3.263234343227
56.218599640419,45.174163172596,3.263732239234,3.263732239234,3.263732239234
56.514551204755,45.223282074868,3.264229476828,3.264229476828,3.264229476828
56.810468207857,45.272608616609,3.264726068451,3.264726068451,3.264726068451
57.106321666416,45.322314602099,3.265222334845,3.265222334845,3.265222334845
57.402080998132,45.372577313994,3.265718856123,3.265718856123,3.265718856123
57.697720639873,45.423539091544,3.266216360382,3.266216360382,3.266216360382
57.993226926533,45.475268572087,3.266715594493,3.266715594493,3.266715594493
58.288606109415,45.527719315756,3.267216993986,3.267216993986,3.267216993986
58.583891870705,45.580693905954,3.267719339056,3.267719339056,3.267719339056
58.879145417689,45.633847812446,3.268216603481,3.268216603481,3.268216603481
59.174449695030,45.686718411653,3.268708716392,3.268708716392,3.268708716392
59.469901242971,45.738757839591,3.269195701788,3.269195701788,3.269195701788
59.765602795329,45.789353971832,3.269666548234,3.269666548234,3.269666548234
60.061656914324,45.837839270127,3.270044966489,3.270044966489,3.270044966489
60.358159087084,45.883497099369,3.270399440101,3.270399440101,3.270399440101
60.655188705857,45.925577024585,3.271387196203,3.271387196203,3.271387196203
60.952799639797,45.963313182606,3.273258123125,3.273258123125,3.273258123125
61.251012619659,45.995933807261,3.274871366127,3.274871366127,3.274871366127
61.549808548646,46.022667868991,3.278240496734,3.278240496734,3.278240496734
61.849122148911,46.042757026371,3.286461700389,3.286461700389,3.286461700389
62.148836629337,46.055477374002,3.297933257257,3.297933257257,3.297933257257
62.448781598627,46.060155515529,3.310977809148,3.310977809148,3.310977809148
62.748733840658,46.056183435097,3.333201827224,3.333201827224,3.333201827224
63.048421062960,46.043030699589,3.317656346956,3.317656346956,3.317656346956
63.347528957364,46.020263383193,3.293614245465,3.293614245465,3.293614245465
63.645712159342,45.987561999071,3.268072811497,3.268072811497,3.268072811497
63.942607934771,45.944730219144,3.240661623168,3.240661623168,3.240661623168
64.237851395222,45.891697515385,3.209963301482,3.209963301482,3.209963301482
64.531094048383,45.828530987748,3.180234016092,3.180234016092,3.180234016092
64.822025903837,45.755451338572,3.150445521401,3.150445521401,3.150445521401
65.110392081855,45.672819083692,3.120344162546,3.120344162546,3.120344162546
65.395995475983,45.581084563281,3.091415660692,3.091415660692,3.091415660692
65.678687932793,45.480730917499,3.063799780727,3.063799780727,3.063799780727
65.958352216222,45.372218559222,3.034759523827,3.034759523827,3.034759523827
66.234880271469,45.255942420793,3.007669747460,3.007669747460,3.007669747460
66.508151398237,45.132203538489,2.983124605661,2.983124605661,2.983124605661
66.778014329283,45.001197451298,2.956602863072,2.956602863072,2.956602863072
67.044277582701,44.863022280026,2.936668558498,2.936668558498,2.936668558498
67.306711966730,44.717707256255,2.919032970546,2.919032970546,2.919032970546
67.565064297794,44.565253930247,2.903067604415,2.903067604415,2.903067604415
67.819064111821,44.405655439133,2.888872621437,2.888872621437,2.888872621437
68.068428771117,44.238908797002,2.876842318029,2.876842318029,2.876842318029
68.312863471475,44.065016867080,2.867318405521,2.867318405521,2.867318405521
68.552063036068,43.883992567006,2.860388452818,2.860388452818,2.860388452818
68.785713485376,43.695861810491,2.859347295976,2.859347295976,2.859347295976
69.013499347416,43.500672625693,2.857573324307,2.857573324307,2.857573324307
69.235111422072,43.298502311667,2.856410842808,2.856410842808,2.856410842808
69.450250777772,43.089458357968,2.862377499822,2.862377499822,2.862377499822
69.658632965977,42.873678815967,2.865974441426,2.865974441426,2.865974441426
69.859992105776,42.651331953888,2.870916233621,2.870916233621,2.870916233621
70.054075654853,42.422607527580,2.880998691360,2.880998691360,2.880998691360
70.240629247365,42.187701891106,2.889787824733,2.889787824733,2.889787824733
70.419391536470,41.946814999467,2.900009122142,2.900009122142,2.900009122142
70.590092828117,41.700151140909,2.913512063503,2.913512063503,2.913512063503
70.752469112244,41.447929932476,2.931197944714,2.931197944714,2.931197944714
70.906283702882,41.190398476867,2.944888266797,2.944888266797,2.944888266797
71.051357138656,40.927843428370,2.959495076174,2.959495076174,2.959495076174
71.187598247635,40.660597701022,2.982160993932,2.982160993932,2.982160993932
71.315030251770,40.389039435544,2.998380542821,2.998380542821,2.998380542821
71.433799895079,40.113580209541,3.020689441679,3.020689441679,3.020689441679
71.544158687632,39.834642299148,3.041445254320,3.041445254320,3.041445254320
71.646442351949,39.552640520200,3.061364299619,3.061364299619,3.061364299619
71.741055294532,39.267970674682,3.085104582280,3.085104582280,3.085104582280
71.828454206789,38.981001127839,3.102514706649,3.102514706649,3.102514706649
71.909132730985,38.692067632392,3.122452174303,3.122452174303,3.122452174303
71.983611871007,38.401471918094,3.137578730251,3.137578730251,3.137578730251
72.052438444610,38.109483473940,3.149448964197,3.149448964197,3.149448964197
72.116183442978,37.816341618045,3.154412924051,3.154412924051,3.154412924051
72.175433398115,37.522256434100,3.152764568037,3.152764568037,3.152764568037
72.230778409905,37.227409866684,3.152437076304,3.152437076304,3.152437076304
72.282803983013,36.931958225951,3.152432107571,3.152432107571,3.152432107571
72.332091512622,36.636036484277,3.152583287028,3.152583287028,3.152583287028
72.379208169938,36.339760583158,3.154079486064,3.154079486064,3.154079486064
72.424694836770,36.043229542027,3.155400222632,3.155400222632,3.155400222632
72.469052559469,35.746527208279,3.156321921813,3.156321921813,3.156321921813
72.512739554500,35.449725216332,3.157041717177,3.157041717177,3.157041717177
72.556165704706,35.152884906667,3.157769477981,3.157769477981,3.157769477981
72.599677712189,34.856057199603,3.158517824158,3.158517824158,3.158517824158
72.643540889780,34.559281233286,3.159277625493,3.159277625493,3.159277625493
72.687925256015,34.262582798085,3.160013289437,3.160013289437,3.160013289437
72.732898450123,33.965973043088,3.160747729639,3.160747729639,3.160747729639
72.778435562661,33.669449312245,3.161488054207,3.161488054207,3.161488054207
72.824444236085,33.372998346244,3.162233242521,3.162233242521,3.162233242521
72.870791935924,33.076600167452,3.162977512305,3.162977512305,3.162977512305
72.917341830082,32.780233662871,3.163712243083,3.163712243083,3.163712243083
72.963981181074,32.483881219314,3.164445165331,3.164445165331,3.164445165331
73.010636647484,32.187531312271,3.165177013804,3.165177013804,3.165177013804
73.057273822242,31.891178526199,3.165908863083,3.165908863083,3.165908863083
73.103889070714,31.594822290264,3.166640860585,3.166640860585,3.166640860585
73.150493725550,31.298464388150,3.167372829522,3.167372829522,3.167372829522
73.197096009901,31.002106113264,3.168104735492,3.168104735492,3.168104735492
73.243698722756,30.705747905762,3.168836626870,3.168836626870,3.168836626870
73.290302326269,30.409389838317,3.169568531044,3.169568531044,3.169568531044
73.336906138736,30.113031803731,3.170300421796,3.170300421796,3.170300421796
73.383509837404,29.816673751250,3.171032307207,3.171032307207,3.171032307207
73.430113766374,29.520315734985,3.171764190697,3.171764190697,3.171764190697
73.476718100673,29.223957782460,3.172496078357,3.172496078357,3.172496078357
73.523322695279,28.927599870871,3.173227966532,3.173227966532,3.173227966532
73.569927359407,28.631241970214,3.173959850753,3.173959850753,3.173959850753
73.616531948568,28.334884057769,3.174691715193,3.174691715193,3.174691715193
73.663136335850,28.038526113576,3.175423577278,3.175423577278,3.175423577278
73.709740451744,27.742168126706,3.176155444371,3.176155444371,3.176155444371
73.756344623015,27.445810148544,3.176887302890,3.176887302890,3.176887302890
73.802950391854,27.149452421619,3.177619143973,3.177619143973,3.177619143973
73.849560987458,26.853095453816,3.178350966701,3.178350966701,3.178350966701
73.896179386106,26.556739713368,3.179082851428,3.179082851428,3.179082851428
73.942803493348,26.260384870951,3.179814714704,3.179814714704,3.179814714704
73.989422754763,25.964029266345,3.180546277361,3.180546277361,3.180546277361
74.036012273550,25.667668985388,3.181277685541,3.181277685541,3.181277685541
74.082535444070,25.371298283666,3.182009050286,3.182009050286,3.182009050286
74.128953622297,25.074911122321,3.182740530919,3.182740530919,3.182740530919
74.175236333596,24.778502778077,3.183472334124,3.183472334124,3.183472334124
74.221375873723,24.482072112571,3.184204466225,3.184204466225,3.184204466225
74.267384847405,24.185621152944,3.184936479118,3.184936479118,3.184936479118
74.313270401931,23.889151065273,3.185668281176,3.185668281176,3.185668281176
74.359029669968,23.592661459694,3.186399999276,3.186399999276,3.186399999276
74.404661175132,23.296152163391,3.187131892725,3.187131892725,3.187131892725
74.450172994101,22.999624471274,3.187863906192,3.187863906192,3.187863906192
74.495592697970,22.703082652931,3.188598332745,3.188598332745,3.188598332745
74.540990221719,22.406537438680,3.189331931456,3.189331931456,3.189331931456
74.586495053594,22.110008689834,3.190061440810,3.190061440810,3.190061440810
74.632309042909,21.813527612055,3.190739249575,3.190739249575,3.190739249575
74.678711962850,21.517138282007,3.191339970181,3.191339970181,3.191339970181
74.726042731522,21.220895937908,3.191852686272,3.191852686272,3.191852686272
74.774663880835,20.924862978166,3.192613994234,3.192613994234,3.192613994234
74.824960698183,20.629110568758,3.192867717218,3.192867717218,3.192867717218
74.877341862238,20.333720786690,3.189430207304,3.189430207304,3.189430207304
74.932228605612,20.038787003909,3.181620383035,3.181620383035,3.181620383035
74.990045593087,19.744414463787,3.164445813200,3.164445813200,3.164445813200
75.051219085739,19.450722039457,3.140405882006,3.140405882006,3.140405882006
75.116166843081,19.157842180886,3.111860909665,3.111860909665,3.111860909665
75.185289784729,18.865920633152,3.083573530057,3.083573530057,3.083573530057
75.258965926313,18.575116037113,3.061614334024,3.061614334024,3.061614334024
75.337546318913,18.285599322407,3.038496285857,3.038496285857,3.038496285857
75.421341057721,17.997549674363,3.016045437301,3.016045437301,3.016045437301
75.510611988324,17.711150885358,2.993196174451,2.993196174451,2.993196174451
75.605569896146,17.426587994981,2.970561398478,2.970561398478,2.970561398478
75.706373663997,17.144043808647,2.948115699463,2.948115699463,2.948115699463
75.813129456568,16.863694963718,2.927274484297,2.927274484297,2.927274484297
75.925902821025,16.585712671635,2.904336765049,2.904336765049,2.904336765049
76.044728111605,16.310263345622,2.882756068988,2.882756068988,2.882756068988
76.169603367708,16.037503684321,2.860806296387,2.860806296387,2.860806296387
76.300488655298,15.767576455112,2.840178001564,2.840178001564,2.840178001564
76.437297021718,15.500602131145,2.817061258889,2.817061258889,2.817061258889
76.579896308452,15.236675061209,2.795498344517,2.795498344517,2.795498344517
76.728133596243,14.975872456269,2.773952040542,2.773952040542,2.773952040542
76.881860138151,14.718266852581,2.752181598407,2.752181598407,2.752181598407
77.040942581948,14.463933578159,2.728433466659,2.728433466659,2.728433466659
77.205273142425,14.212959177655,2.705948217056,2.705948217056,2.705948217056
77.374778436959,13.965450447150,2.683964404270,2.683964404270,2.683964404270
77.549418803774,13.721538156805,2.659917670276,2.659917670276,2.659917670276
77.729176056405,13.481372392446,2.634896455944,2.634896455944,2.634896455944
77.914036043103,13.245112229208,2.611155248214,2.611155248214,2.611155248214
78.103971655743,13.012913185127,2.587522324160,2.587522324160,2.587522324160
78.298942685265,12.784926213723,2.560423802220,2.560423802220,2.560423802220
78.498909831626,12.561308872794,2.534104884845,2.534104884845,2.534104884845
78.703830845098,12.342222677050,2.508038360376,2.508038360376,2.508038360376
78.913657787123,12.127830880410,2.481955376376,2.481955376376,2.481955376376
79.128337132915,11.918298647160,2.451438833486,2.451438833486,2.451438833486
79.347810484258,11.713793824610,2.423762947427,2.423762947427,2.423762947427
79.572011864476,11.514484288160,2.394668207922,2.394668207922,2.394668207922
79.800871398127,11.320541930369,2.365942043263,2.365942043263,2.365942043263
80.034311512690,11.132138619101,2.334041662182,2.334041662182,2.334041662182
80.272245470564,10.949444001128,2.306003678617,2.306003678617,2.306003678617
80.514573474361,10.772619685770,2.277051169081,2.277051169081,2.277051169081
80.761184069862,10.601819310873,2.247659519460,2.247659519460,2.247659519460
81.011949401852,10.437179676933,2.218681626799,2.218681626799,2.218681626799
81.266725511271,10.278817546653,2.191726497393,2.191726497393,2.191726497393
81.525353348449,10.126827093351,2.165185582928,2.165185582928,2.165185582928
81.787661375231,9.981279693843,2.138248480228,2.138248480228,2.138248480228
82.053466440207,9.842220810185,2.113196194006,2.113196194006,2.113196194006
82.322576393246,9.709669892312,2.089784682452,2.089784682452,2.089784682452
82.594794370438,9.583624086686,2.067078058634,2.067078058634,2.067078058634
82.869920151787,9.464057032130,2.044992117753,2.044992117753,2.044992117753
83.147752662540,9.350920309016,2.024181088989,2.024181088989,2.024181088989
83.428092406752,9.244145724404,2.005524766173,2.005524766173,2.005524766173
83.710744621356,9.143650461503,1.987990262612,1.987990262612,1.987990262612
83.995519331632,9.049335368588,1.971007153470,1.971007153470,1.971007153470
84.282233387925,8.961088957455,1.955794476542,1.955794476542,1.955794476542
84.570711633705,8.878790238558,1.941575152052,1.941575152052,1.941575152052
84.860787733044,8.802311218205,1.927572304730,1.927572304730,1.927572304730
85.152303352520,8.731514170605,1.913927077019,1.913927077019,1.913927077019
85.445109731844,8.666257870623,1.902080184659,1.902080184659,1.902080184659
85.739067519577,8.606398500449,1.889964232398,1.889964232398,1.889964232398
86.034046685535,8.551791094477,1.878168026972,1.878168026972,1.878168026972
86.329926199239,8.502290452112,1.867461805784,1.867461805784,1.867461805784
86.626594382157,8.457756276998,1.857553641831,1.857553641831,1.857553641831
86.923947988846,8.418052272706,1.847086527001,1.847086527001,1.847086527001
87.221892762760,8.383056662327,1.837790187881,1.837790187881,1.837790187881
87.520343857511,8.352677965093,1.829094845633,1.829094845633,1.829094845633
87.819223751937,8.326855124668,1.819588984151,1.819588984151,1.819588984151
88.118459694747,8.305549661833,1.808465306301,1.808465306301,1.808465306301
88.417981529510,8.288732955098,1.795816941961,1.795816941961,1.795816941961
88.717720427097,8.276371230945,1.788186616371,1.788186616371,1.788186616371
89.017608639524,8.268407344000,1.781003557748,1.781003557748,1.781003557748
89.317580584497,8.264744672543,1.773012977919,1.773012977919,1.773012977919
89.617574931614,8.265240219748,1.766382768557,1.766382768557,1.766382768557
89.917536744610,8.269717923590,1.758943855995,1.758943855995,1.758943855995
90.217418351304,8.277989871463,1.751213556720,1.751213556720,1.751213556720
90.517178935387,8.289874109838,1.744143323260,1.744143323260,1.744143323260
90.816783671162,8.305199043479,1.736872649776,1.736872649776,1.736872649776
91.116202670340,8.323808081543,1.728316823422,1.728316823422,1.728316823422
91.415410358904,8.345555777247,1.720777072334,1.720777072334,1.720777072334
91.714385462050,8.370299529216,1.712693784955,1.712693784955,1.712693784955
92.013111281912,8.397893351686,1.703467229820,1.703467229820,1.703467229820
92.311576760717,8.428176552177,1.694691941488,1.694691941488,1.694691941488
92.609777174200,8.460970000678,1.686672056267,1.686672056267,1.686672056267
92.907713962997,8.496080469530,1.680671122035,1.680671122035,1.680671122035
93.205394516702,8.533303259006,1.676277614741,1.676277614741,1.676277614741
93.502832055991,8.572422533118,1.672208895832,1.672208895832,1.672208895832
93.800044305627,8.613219871693,1.669240030230,1.669240030230,1.669240030230
94.097051414346,8.655486069443,1.667692821193,1.667692821193,1.667692821193
94.393874238680,8.699028616622,1.664651973547,1.664651973547,1.664651973547
94.690533827248,8.743670518171,1.660385878111,1.660385878111,1.660385878111
94.987050527587,8.789252422592,1.655105861847,1.655105861847,1.655105861847
95.283443833725,8.835630348522,1.651481858564,1.651481858564,1.651481858564
95.579732247665,8.882674051809,1.649194457402,1.649194457402,1.649194457402
95.875932242448,8.930271487658,1.647653531017,1.647653531017,1.647653531017
96.172055712416,8.978342825938,1.646226999169,1.646226999169,1.646226999169
96.468110425219,9.026835884219,1.644696876932,1.644696876932,1.644696876932
96.764102289674,9.075711145183,1.644131489391,1.644131489391,1.644131489391
97.060036884247,9.124932033583,1.645026135849,1.645026135849,1.645026135849
97.355921192552,9.174454381743,1.645479322131,1.645479322131,1.645479322131
97.651765787437,9.224213495730,1.645633768101,1.645633768101,1.645633768101
97.947584663737,9.274125329030,1.645961867384,1.645961867384,1.645961867384
98.243393997382,9.324093699873,1.645481081856,1.645481081856,1.645481081856
98.539209274084,9.374026858830,1.644466341281,1.644466341281,1.644466341281
98.835041677429,9.423858434819,1.642693127628,1.642693127628,1.642693127628
99.130894985482,9.473565751800,1.640213877660,1.640213877660,1.640213877660
99.426766665912,9.523163607394,1.640320777442,1.640320777442,1.640320777442
99.722650649051,9.572688027743,1.640145872014,1.640145872014,1.640145872014
100.018539307916,9.622184507915,1.640001513285,1.640001513285,1.640001513285
100.314425861762,9.671693568023,1.639212342082,1.639212342082,1.639212342082
100.610306504246,9.721237942817,1.638070692029,1.638070692029,1.638070692029
100.906180960236,9.770819251396,1.636389879708,1.636389879708,1.636389879708
101.202052324279,9.820419008831,1.634844938705,1.634844938705,1.634844938705
101.497925654452,9.870007033763,1.633968304396,1.633968304396,1.633968304396
101.793806663731,9.919549211523,1.633656983940,1.633656983940,1.633656983940
102.089700394327,9.969015346187,1.633508845767,1.633508845767,1.633508845767
102.385610077947,10.018385955536,1.633257689042,1.633257689042,1.633257689042
102.681536859890,10.067653973778,1.632727837018,1.632727837018,1.632727837018
102.977480802452,10.116818806323,1.631014484418,1.631014484418,1.631014484418
103.273442098995,10.165879061199,1.631631019556,1.631631019556,1.631631019556
103.569421943288,10.214827287577,1.631752691170,1.631752691170,1.631752691170
103.865422531228,10.263649907093,1.631098082303,1.631098082303,1.631098082303
104.161446285138,10.312331862407,1.630042535870,1.630042535870,1.630042535870
104.457494201915,10.360866663140,1.627790412871,1.627790412871,1.627790412871
104.753564704325,10.409263509141,1.628257452242,1.628257452242,1.628257452242
105.049653387520,10.457549017414,1.629364731590,1.629364731590,1.629364731590
105.345753774062,10.505762716628,1.632267742917,1.632267742917,1.632267742917
105.641858664529,10.553948750271,1.633209400654,1.633209400654,1.633209400654
105.937961353134,10.602148309180,1.633239612805,1.633239612805,1.633239612805
106.234056339795,10.650395153514,1.633308229196,1.633308229196,1.633308229196
106.530139831798,10.698712484608,1.633387965554,1.633387965554,1.633387965554
106.826210200376,10.747110166210,1.634314325741,1.634314325741,1.634314325741
107.122267707993,10.795586460256,1.635146232866,1.635146232866,1.635146232866
107.418313066732,10.844136892993,1.636217792256,1.636217792256,1.636217792256
107.714345971441,10.892763201953,1.637307175780,1.637307175780,1.637307175780
108.010364120999,10.941479246045,1.638609675849,1.638609675849,1.638609675849
108.306364034296,10.990305961622,1.638657772333,1.638657772333,1.638657772333
108.602342296969,11.039263738901,1.637756205170,1.637756205170,1.637756205170
108.898296378348,11.088367476835,1.636527353544,1.636527353544,1.636527353544
109.194224941675,11.137624767319,1.634866567947,1.634866567947,1.634866567947
109.490128155254,11.187034119463,1.632947089071,1.632947089071,1.632947089071
109.786008321347,11.236581313902,1.630944346921,1.630944346921,1.630944346921
110.081869925121,11.286239243540,1.629446623016,1.629446623016,1.629446623016
110.377718827977,11.335972795747,1.629139906773,1.629139906773,1.629139906773
110.673560957472,11.385746627802,1.628602636163,1.628602636163,1.628602636163
110.969401435020,11.435530277930,1.627854110982,1.627854110982,1.627854110982
111.265245041434,11.485295328164,1.627006262049,1.627006262049,1.627006262049
111.561096885648,11.535011373749,1.626061724425,1.626061724425,1.626061724425
111.856962656046,11.584644463447,1.626400208834,1.626400208834,1.626400208834
112.152847788565,11.634161982116,1.626012361078,1.626012361078,1.626012361078
112.448756594562,11.683537823719,1.624840249262,1.624840249262,1.624840249262
112.744691675298,11.732755937403,1.623328941279,1.623328941279,1.623328941279
113.040653647002,11.781812092595,1.621650077564,1.621650077564,1.621650077564
113.336641204838,11.830713641328,1.618661531135,1.618661531135,1.618661531135
113.632651910588,11.879474884618,1.620256521613,1.620256521613,1.620256521613
113.928683077099,11.928111762312,1.621888303146,1.621888303146,1.621888303146
114.224732711640,11.976636102623,1.622051101519,1.622051101519,1.622051101519
114.520799954295,12.025052892468,1.622471872285,1.622471872285,1.622471872285
114.816884980847,12.073360806416,1.623492207997,1.623492207997,1.623492207997
115.112988547429,12.121554946487,1.624456127032,1.624456127032,1.624456127032
115.409111530087,12.169629638722,1.625372502651,1.625372502651,1.625372502651
115.705255290092,12.217576168944,1.625646836738,1.625646836738,1.625646836738
116.001421607012,12.265383158928,1.626129994169,1.626129994169,1.626129994169
116.297612693276,12.313036438452,1.626845430321,1.626845430321,1.626845430321
116.593830727752,12.360521909155,1.627797904345,1.627797904345,1.627797904345
116.890076675652,12.407832929729,1.628766484143,1.628766484143,1.628766484143
117.186348285678,12.454983003338,1.630090143928,1.630090143928,1.630090143928
117.482638913242,12.502013450567,1.631433243467,1.631433243467,1.631433243467
117.778937529175,12.548993554408,1.632741276318,1.632741276318,1.632741276318
118.075229479545,12.596015647537,1.633620462128,1.633620462128,1.633620462128
118.371498024529,12.643184913339,1.634575928760,1.634575928760,1.634575928760
118.667728006457,12.690595671438,1.637129032697,1.637129032697,1.637129032697
118.963907716569,12.738319411223,1.638452537701,1.638452537701,1.638452537701
119.260031685060,12.786387834008,1.637837592657,1.637837592657,1.637837592657
119.556104521773,12.834770292022,1.640078321380,1.640078321380,1.640078321380
119.852140267518,12.883379277574,1.643291776561,1.643291776561,1.643291776561
120.148159100226,12.932091192748,1.644319153614,1.644319153614,1.644319153614
120.444182605551,12.980774675883,1.644395778171,1.644395778171,1.644395778171
120.740228743888,13.029320289121,1.643436316335,1.643436316335,1.643436316335
121.036306866860,13.077670440517,1.644785817900,1.644785817900,1.644785817900
121.332414346675,13.125840529735,1.644287630517,1.644287630517,1.644287630517
121.628533997886,13.173935763455,1.640076582425,1.640076582425,1.640076582425
121.924633064498,13.222157357954,1.633215429534,1.633215429534,1.633215429534
122.220665478105,13.270785821110,1.626100663827,1.626100663827,1.626100663827
122.516574548242,13.320158058917,1.619490159437,1.619490159437,1.619490159437
122.812293588444,13.370654115180,1.615791782942,1.615791782942,1.615791782942
123.107745929380,13.422685262823,1.612733045733,1.612733045733,1.612733045733
123.402843254158,13.476690108860,1.610605656551,1.610605656551,1.610605656551
123.697483851399,13.533129525819,1.607635910060,1.607635910060,1.607635910060
123.991552051940,13.592474469959,1.600488761637,1.600488761637,1.600488761637
124.284916458892,13.655200863920,1.590940420351,1.590940420351,1.590940420351
124.577428911597,13.721781724149,1.590039909786,1.590039909786,1.590039909786
124.868924117980,13.792677981314,1.585242733987,1.585242733987,1.585242733987
125.159216328035,13.868343345253,1.581442611528,1.581442611528,1.581442611528
125.448094743365,13.949232406121,1.575427380488,1.575427380488,1.575427380488
125.735321237970,14.035797765819,1.570972860042,1.570972860042,1.570972860042
126.020628686504,14.128485477822,1.565328464526,1.565328464526,1.565328464526
126.303723788232,14.227718689543,1.561008305715,1.561008305715,1.561008305715
126.584297675253,14.333865508556,1.555435145303,1.555435145303,1.555435145303
126.862036446727,14.447218772844,1.550120739731,1.550120739731,1.550120739731
127.136634390298,14.567978822836,1.545620019337,1.545620019337,1.545620019337
127.407812106846,14.696233338989,1.540185383594,1.540185383594,1.540185383594
127.675323493531,14.831968702116,1.535632440984,1.535632440984,1.535632440984
127.938958712111,14.975087615003,1.530831392984,1.530831392984,1.530831392984
128.198539869353,15.125435162212,1.526674250444,1.526674250444,1.526674250444
128.453898957490,15.282847450809,1.520992786200,1.520992786200,1.520992786200
128.704854916214,15.447188498383,1.517254919590,1.517254919590,1.517254919590
128.951200918303,15.618361878820,1.512757174733,1.512757174733,1.512757174733
129.192694358453,15.796314570909,1.508915312651,1.508915312651,1.508915312651
129.429045959429,15.981040093887,1.504372225438,1.504372225438,1.504372225438
129.659923673588,16.172561016642,1.502324376801,1.502324376801,1.502324376801
129.884958377186,16.370912245721,1.496868347514,1.496868347514,1.496868347514
130.103753925941,16.576122750641,1.493291765888,1.493291765888,1.493291765888
130.315907499484,16.788190572845,1.490680981172,1.490680981172,1.490680981172
130.521020126326,17.007073574854,1.487295575579,1.487295575579,1.487295575579
130.718694800371,17.232694409720,1.483732211321,1.483732211321,1.483732211321
130.908544468361,17.464936291316,1.479881770406,1.479881770406,1.479881770406
131.090202042267,17.703638900851,1.476748154181,1.476748154181,1.476748154181
131.263326640555,17.948599402184,1.473622943656,1.473622943656,1.473622943656
131.427616725103,18.199569648770,1.470408124949,1.470408124949,1.470408124949
131.582814637715,18.456261267341,1.466661822066,1.466661822066,1.466661822066
131.728710754327,18.718351314345,1.462523153581,1.462523153581,1.462523153581
131.865151951027,18.985485690276,1.458860672022,1.458860672022,1.458860672022
131.992043338783,19.257286832526,1.454371417231,1.454371417231,1.454371417231
132.109348826039,19.533361531479,1.450761737826,1.450761737826,1.450761737826
132.217094783264,19.813306843077,1.448138787925,1.448138787925,1.448138787925
132.315368104227,20.096717920186,1.443259528959,1.443259528959,1.443259528959
132.404310683202,20.383196191683,1.442049209094,1.442049209094,1.442049209094
132.484122513929,20.672353417102,1.438380535532,1.438380535532,1.438380535532
132.555054403848,20.963818377954,1.437131223194,1.437131223194,1.437131223194
132.617391040759,21.257244017945,1.434326515834,1.434326515834,1.434326515834
132.671426844649,21.552313161716,1.435321926810,1.435321926810,1.435321926810
132.717447971355,21.848739899704,1.432497957381,1.432497957381,1.432497957381
132.755730537894,22.146266732918,1.434722038148,1.434722038148,1.434722038148
132.786549457927,22.444660640827,1.434591432069,1.434591432069,1.434591432069
132.810176393702,22.743711403727,1.436809774349,1.436809774349,1.436809774349
132.826874944389,23.043230300937,1.438643042262,1.438643042262,1.438643042262
132.836917281997,23.343047556262,1.442011665704,1.442011665704,1.442011665704
132.840598474288,23.643011784478,1.445096333202,1.445096333202,1.445096333202
132.838247073084,23.942990874005,1.448683346328,1.448683346328,1.448683346328
132.830222964556,24.242873291289,1.454205860808,1.454205860808,1.454205860808
132.816898577333,24.542568358447,1.458325688030,1.458325688030,1.458325688030
132.798657151405,24.842005700154,1.464957699174,1.464957699174,1.464957699174
132.775901431805,25.141135137491,1.471022371788,1.471022371788,1.471022371788
132.749048663047,25.439925818873,1.478734094090,1.478734094090,1.478734094090
132.718512586720,25.738363594569,1.486716837262,1.486716837262,1.486716837262
132.684697489538,26.036448537060,1.495578674107,1.495578674107,1.495578674107
132.647995966758,26.334192628415,1.505109773592,1.505109773592,1.505109773592
132.608786906764,26.631617545352,1.514493213420,1.514493213420,1.514493213420
132.567441321641,26.928753527091,1.527871943416,1.527871943416,1.527871943416
132.524315116316,27.225636714024,1.544267552818,1.544267552818,1.544267552818
132.479742503037,27.522306507567,1.553474733805,1.553474733805,1.553474733805
132.434037870509,27.818804243270,1.554604668918,1.554604668918,1.554604668918
132.387492396627,28.115171295122,1.553814140264,1.553814140264,1.553814140264
132.340367691850,28.411446888230,1.555362128225,1.555362128225,1.555362128225
132.292898063644,28.707667459066,1.557135077657,1.557135077657,1.557135077657
132.245287585790,29.003865437370,1.558674501283,1.558674501283,1.558674501283
132.197703336204,29.300067624677,1.559396954377,1.559396954377,1.559396954377
132.150276610508,29.596295061597,1.559457002184,1.559457002184,1.559457002184
132.103095706888,29.892561741645,1.559497439559,1.559497439559,1.559497439559
132.056192887692,30.188872575185,1.559550191221,1.559550191221,1.559550191221
132.009548761736,30.485224248978,1.559604564785,1.559604564785,1.559604564785
131.963115877063,30.781609102102,1.559661068459,1.559661068459,1.559661068459
131.916835381360,31.078017794924,1.559716948353,1.559716948353,1.559716948353
131.870648485946,31.374441090373,1.559769678244,1.559769678244,1.559769678244
131.824499804380,31.670870338576,1.559819863384,1.559819863384,1.559819863384
131.778341804892,31.967298135625,1.559871048134,1.559871048134,1.559871048134
131.732150189293,32.263720696108,1.559922200933,1.559922200933,1.559922200933
131.685925825572,32.560138151885,1.559973327027,1.559973327027,1.559973327027
131.639681483699,32.856552491634,1.560024345326,1.560024345326,1.560024345326
131.593424626348,33.152964878557,1.560075351005,1.560075351005,1.560075351005
131.547158423812,33.449375806997,1.560126350277,1.560126350277,1.560126350277
131.500891352620,33.745786599832,1.560177348397,1.560177348397,1.560177348397
131.454635932830,34.042199210991,1.560228352269,1.560228352269,1.560228352269
131.408400258462,34.338614902788,1.560279375149,1.560279375149,1.560279375149
131.362179903356,34.635032983820,1.560330400165,1.560330400165,1.560330400165
131.315964518592,34.931451839851,1.560381421284,1.560381421284,1.560381421284
131.269747897205,35.227870503073,1.560432435556,1.560432435556,1.560432435556
131.223529253114,35.524288850916,1.560483449789,1.560483449789,1.560483449789
131.177309774905,35.820707068700,1.560534462397,1.560534462397,1.560534462397
131.131090109809,36.117125257343,1.560585474563,1.560585474563,1.560585474563
131.084870366967,36.413543433863,1.560636486583,1.560636486583,1.560636486583
131.038650580101,36.709961603519,1.560687498460,1.560687498460,1.560687498460
130.992430779312,37.006379771004,1.560738509743,1.560738509743,1.560738509743
130.946210982129,37.302797939051,1.560789519811,1.560789519811,1.560789519811
130.899991191778,37.599216108163,1.560840530157,1.560840530157,1.560840530157
130.853771405863,37.895634277967,1.560891540661,1.560891540661,1.560891540661
130.807551621395,38.192052447997,1.560942516722,1.560942516722,1.560942516722
130.761331836766,38.488470618001,1.560993487930,1.560993487930,1.560993487930
130.715112051694,38.784888787937,1.561044459228,1.561044459228,1.561044459228
130.668892266361,39.081306957832,1.561095429529,1.561095429529,1.561095429529
130.622672480961,39.377725127716,1.561146399557,1.561146399557,1.561146399557
130.576452695589,39.674143297605,1.561197371040,1.561197371040,1.561197371040
130.530232910264,39.970561467501,1.561248342398,1.561248342398,1.561248342398
130.484013124975,40.266979637402,1.561299313566,1.561299313566,1.561299313566
130.437793339722,40.563397807310,1.561350280477,1.561350280477,1.561350280477
130.391573554542,40.859815977228,1.561401246454,1.561401246454,1.561401246454
130.345353769495,41.156234147168,1.561452215001,1.561452215001,1.561452215001
130.299133984623,41.452652317134,1.561503185929,1.561503185929,1.561503185929
130.252914199913,41.749070487126,1.561554159505,1.561554159505,1.561554159505
130.206694415289,42.045488657132,1.561605129480,1.561605129480,1.561605129480
130.160474630623,42.341906827131,1.561656098396,1.561656098396,1.561656098396
130.114254845767,42.638324997100,1.561707066200,1.561707066200,1.561707066200
130.068035060601,42.934743167020,1.561758038213,1.561758038213,1.561758038213
130.021815275058,43.231161336882,1.561809014153,1.561809014153,1.561809014153
129.975595489122,43.527579506683,1.561859990806,1.561859990806,1.561859990806
129.929375702816,43.823997676426,1.561910965786,1.561910965786,1.561910965786
129.883155916196,44.120415846120,1.561961934474,1.561961934474,1.561961934474
129.836936129363,44.416834015781,1.562012900731,1.562012900731,1.562012900731
129.790716342428,44.713252185426,1.562063865198,1.562063865198,1.562063865198
129.744496555481,45.009670355069,1.562114834572,1.562114834572,1.562114834572
129.698276768554,45.306088524716,1.562165805727,1.562165805727,1.562165805727
129.652056981644,45.602506694364,1.562216780360,1.562216780360,1.562216780360
129.605837194764,45.898924864018,1.562267755540,1.562267755540,1.562267755540
129.559617407972,46.195343033685,1.562318731029,1.562318731029,1.562318731029
129.513397621357,46.491761203380,1.562369707514,1.562369707514,1.562369707514
129.467177834996,46.788179373115,1.562420683994,1.562420683994,1.562420683994
129.420958048929,47.084597542895,1.562471660355,1.562471660355,1.562471660355
129.374738263151,47.381015712720,1.562522632122,1.562522632122,1.562522632122
129.328518477613,47.677433882583,1.562573601423,1.562573601423,1.562573601423
129.282298692245,47.973852052473,1.562624565082,1.562624565082,1.562624565082
129.236078906984,48.270270222379,1.562675530610,1.562675530610,1.562675530610
129.189859121801,48.566688392297,1.562726499563,1.562726499563,1.562726499563
129.143639336721,48.863106562231,1.562777471149,1.562777471149,1.562777471149
129.097419551816,49.159524732193,1.562828443628,1.562828443628,1.562828443628
129.051199767171,49.455942902195,1.562879413837,1.562879413837,1.562879413837
129.004979982833,49.752361072244,1.562930383581,1.562930383581,1.562930383581
128.958760198773,50.048779242338,1.562981352737,1.562981352737,1.562981352737
128.912540414877,50.345197412457,1.563032320672,1.563032320672,1.563032320672
128.866320630968,50.641615582573,1.563083288114,1.563083288114,1.563083288114
128.820100846854,50.938033752658,1.563134254795,1.563134254795,1.563134254795
128.773881062380,51.234451922687,1.563185223120,1.563185223120,1.563185223120
128.727661277480,51.530870092649,1.563236193383,1.563236193383,1.563236193383
128.681441492197,51.827288262552,1.563287167638,1.563287167638,1.563287167638
128.635221706688,52.123706432419,1.563338142561,1.563338142561,1.563338142561
128.589001921178,52.420124602286,1.563389115926,1.563389115926,1.563389115926
128.542782135858,52.716542772183,1.563440087157,1.563440087157,1.563440087157
128.496562350768,53.012960942116,1.563491056365,1.563491056365,1.563491056365
128.450342565745,53.309379112059,1.563542025726,1.563542025726,1.563542025726
128.404122780485,53.605797281965,1.563592995762,1.563592995762,1.563592995762
128.357902994668,53.902215451784,1.563643968154,1.563643968154,1.563643968154
128.311683208085,54.198633621484,1.563694940645,1.563694940645,1.563694940645
128.265463420731,54.495051791064,1.563745913169,1.563745913169,1.563745913169
128.219243632818,54.791469960556,1.563796885270,1.563796885270,1.563796885270
128.173023844727,55.087888130021,1.563847857328,1.563847857328,1.563847857328
128.126804056881,55.384306299524,1.563898829412,1.563898829412,1.563898829412
128.080584269603,55.680724469116,1.563949799799,1.563949799799,1.563949799799
128.034364483001,55.977142638812,1.564000769069,1.564000769069,1.564000769069
127.988144696958,56.273560808597,1.564051736393,1.564051736393,1.564051736393
127.941924911227,56.569978978429,1.564102704468,1.564102704468,1.564102704468
127.895705125558,56.866397148272,1.564153674496,1.564153674496,1.564153674496
127.849485339811,57.162815318102,1.564204652067,1.564204652067,1.564204652067
127.803265554011,57.459233487924,1.564255633786,1.564255633786,1.564255633786
127.757045768315,57.755651657762,1.564306625890,1.564306625890,1.564306625890
127.710825982938,58.052069827650,1.564357611058,1.564357611058,1.564357611058
127.664606198069,58.348487997617,1.564408583207,1.564408583207,1.564408583207
127.618386413818,58.644906167681,1.564459534102,1.564459534102,1.564459534102
127.572166630185,58.941324337840,1.564510476639,1.564510476639,1.564510476639
127.525946847053,59.237742508078,1.564561430887,1.564561430887,1.564561430887
127.479727064220,59.534160678363,1.564612393679,1.564612393679,1.564612393679
127.433507281462,59.830578848659,1.564663368458,1.564663368458,1.564663368458
127.387287498617,60.126997018942,1.564714345403,1.564714345403,1.564714345403
127.341067715630,60.423415189203,1.564765322619,1.564765322619,1.564765322619
127.294847932530,60.719833359446,1.564816296951,1.564816296951,1.564816296951
127.248628149362,61.016251529678,1.564867270202,1.564867270202,1.564867270202
127.202408366097,61.312669699895,1.564918242259,1.564918242259,1.564918242259
127.156188582575,61.609087870072,1.564969205941,1.564969205941,1.564969205941
127.109968798518,61.905506040166,1.565020166402,1.565020166402,1.565020166402
127.063749013637,62.201924210131,1.565071121533,1.565071121533,1.565071121533
127.017529227760,62.498342379941,1.565122085567,1.565122085567,1.565122085567
126.971309440890,62.794760549596,1.565173058641,1.565173058641,1.565173058641
126.925089653206,63.091178719125,1.565224042655,1.565224042655,1.565224042655
126.878869865031,63.387596888576,1.565275027233,1.565275027233,1.565275027233
126.832650076756,63.684015058012,1.565326005939,1.565326005939,1.565326005939
126.786430288749,63.980433227490,1.565376981371,1.565376981371,1.565376981371
126.740210501242,64.276851397046,1.565427954257,1.565427954257,1.565427954257
126.693990714265,64.573269566684,1.565478928277,1.565478928277,1.565478928277
126.647770927655,64.869687736380,1.565529901276,1.565529901276,1.565529901276
126.601551141180,65.166105906097,1.565580870797,1.565580870797,1.565580870797
126.555331354675,65.462524075809,1.565631839541,1.565631839541,1.565631839541
126.509111568109,65.758942245511,1.565682807836,1.565682807836,1.565682807836
126.462891781593,66.055360415222,1.565733779871,1.565733779871,1.565733779871
126.416671995326,66.351778584971,1.565784753312,1.565784753312,1.565784753312
126.370452209493,66.648196754787,1.565835729294,1.565835729294,1.565835729294
126.324232424196,66.944614924688,1.565886702660,1.565886702660,1.565886702660
126.278012639422,67.241033094670,1.565937674457,1.565937674457,1.565937674457
126.231792855054,67.537451264715,1.565988636935,1.565988636935,1.565988636935
126.185573070904,67.833869434794,1.566039599142,1.566039599142,1.566039599142
126.139353286776,68.130287604877,1.566090561495,1.566090561495,1.566090561495
126.093133502533,68.426705774942,1.566141526813,1.566141526813,1.566141526813
126.046913718165,68.723123944987,1.566192493870,1.566192493870,1.566192493870
126.000693933779,69.019542115030,1.566243467657,1.566243467657,1.566243467657
125.954474149537,69.315960285094,1.566294443277,1.566294443277,1.566294443277
125.908254365546,69.612378455198,1.566345421279,1.566345421279,1.566345421279
125.862034581799,69.908796625340,1.566396396597,1.566396396597,1.566396396597
125.815814798167,70.205214795500,1.566447370197,1.566447370197,1.566447370197
125.769595014432,70.501632965644,1.566498337636,1.566498337636,1.566498337636
125.723375230374,70.798051135738,1.566549303947,1.566549303947,1.566549303947
125.677155445835,71.094469305757,1.566600269159,1.566600269159,1.566600269159
125.630935660766,71.390887475693,1.566651239396,1.566651239396,1.566651239396
125.584715875228,71.687305645555,1.566702211158,1.566702211158,1.566702211158
125.538496089377,71.983723815369,1.566753183355,1.566753183355,1.566753183355
125.492276303423,72.280141985167,1.566804151961,1.566804151961,1.566804151961
125.446056517565,72.576560154980,1.566855116834,1.566855116834,1.566855116834
125.399836731925,72.872978324827,1.566906080667,1.566906080667,1.566906080667
125.353616946500,73.169396494708,1.566957046121,1.566957046121,1.566957046121
125.307397161178,73.465814664604,1.567008018823,1.567008018823,1.567008018823
125.261177375795,73.762232834491,1.567058994523,1.567058994523,1.567058994523
125.214957590216,74.058651004348,1.567109972528,1.567109972528,1.567109972528
125.168737804383,74.355069174164,1.567160950543,1.567160950543,1.567160950543
125.122518018321,74.651487343945,1.567211927933,1.567211927933,1.567211927933
125.076298232115,74.947905513704,1.567262903467,1.567262903467,1.567262903467
125.030078445861,75.244323683455,1.567313874969,1.567313874969,1.567313874969
124.983858659609,75.540741853207,1.567364843655,1.567364843655,1.567364843655
124.937638873347,75.837160022957,1.567415807120,1.567415807120,1.567415807120
124.891419087037,76.133578192699,1.567466772424,1.567466772424,1.567466772424
124.845199300658,76.429996362431,1.567517743308,1.567517743308,1.567517743308
124.798979514246,76.726414532157,1.567568716928,1.567568716928,1.567568716928
124.752759727888,77.022832701892,1.567619692007,1.567619692007,1.567619692007
124.706539941707,77.319250871655,1.567670664333,1.567670664333,1.567670664333
124.660320155822,77.615669041464,1.567721635467,1.567721635467,1.567721635467
124.614100370298,77.912087211329,1.567772604582,1.567772604582,1.567772604582
124.567880585104,78.208505381245,1.567823573797,1.567823573797,1.567823573797
124.521660800098,78.504923551191,1.567874543146,1.567874543146,1.567874543146
124.475441015081,78.801341721135,1.567925513278,1.567925513278,1.567925513278
124.429221229877,79.097759891050,1.567976483931,1.567976483931,1.567976483931
124.383001444417,79.394178060925,1.568027455343,1.568027455343,1.568027455343
124.336781658757,79.690596230769,1.568078428495,1.568078428495,1.568078428495
124.290561873020,79.987014400600,1.568129402420,1.568129402420,1.568129402420
124.244342087329,80.283432570439,1.568180377430,1.568180377430,1.568180377430
124.198122301755,80.579850740297,1.568231350416,1.568231350416,1.568231350416
124.151902516311,80.876268910174,1.568282320719,1.568282320719,1.568282320719
124.105682730953,81.172687080065,1.568333286102,1.568333286102,1.568333286102
124.059462945612,81.469105249958,1.568384250778,1.568384250778,1.568384250778
124.013243160227,81.765523419845,1.568435219938,1.568435219938,1.568435219938
123.967023374769,82.061941589720,1.568486191562,1.568486191562,1.568486191562
123.920803589266,82.358359759589,1.568537165573,1.568537165573,1.568537165573
123.874583803785,82.654777929460,1.568588138041,1.568588138041,1.568588138041
123.828364018396,82.951196099346,1.568639109797,1.568639109797,1.568639109797
123.782144233130,83.247614269252,1.568690080197,1.568690080197,1.568690080197
123.735924447957,83.544032439171,1.568741050230,1.568741050230,1.568741050230
123.689704662781,83.840450609091,1.568792020002,1.568792020002,1.568792020002
123.643484877458,84.136868778987,1.568842989769,1.568842989769,1.568842989769
123.597265091867,84.433286948841,1.568893960006,1.568893960006,1.568893960006
123.551045305967,84.729705118648,1.568944931718,1.568944931718,1.568944931718
123.504825519818,85.026123288415,1.568995904616,1.568995904616,1.568995904616
123.458605733552,85.322541458165,1.569046878337,1.569046878337,1.569046878337
123.412385947325,85.618959627920,1.569097849977,1.569097849977,1.569097849977
123.366166161278,85.915377797703,1.569148820414,1.569148820414,1.569148820414
123.319946375521,86.211795967532,1.569199788478,1.569199788478,1.569199788478
123.273726590125,86.508214137417,1.569250757683,1.569250757683,1.569250757683
123.227506805185,86.804632307373,1.569301727669,1.569301727669,1.569301727669
123.181287020857,87.101050477424,1.569352701213,1.569352701213,1.569352701213
123.135067237304,87.397468647597,1.569403674996,1.569403674996,1.569403674996
123.088847454499,87.693886817886,1.569454648801,1.569454648801,1.569454648801
123.042627672027,87.990304988227,1.569505620757,1.569505620757,1.569505620757
122.996407889105,88.286723158497,1.569556591760,1.569556591760,1.569556591760
122.950188104786,88.583141328550,1.569607562200,1.569607562200,1.569607562200
122.903968318279,88.879559498262,1.569658531389,1.569658531389,1.569658531389
122.857748529172,89.175977667568,1.569709498601,1.569709498601,1.569709498601
122.811528737510,89.472395836476,1.569760462171,1.569760462171,1.569760462171
122.765308943785,89.768814005063,1.569811425150,1.569811425150,1.569811425150
122.719089148816,90.065232173455,1.569862396744,1.569862396744,1.569862396744
122.672869353551,90.361650341801,1.569913370848,1.569913370848,1.569913370848
122.626649558782,90.658068510224,1.569964347604,1.569964347604,1.569964347604
122.580429764961,90.954486678796,1.570015323700,1.570015323700,1.570015323700
122.534209972233,91.250904847537,1.570066300081,1.570066300081,1.570066300081
122.487990180614,91.547323016452,1.570117279912,1.570117279912,1.570117279912
122.441770390207,91.843741185555,1.570168268949,1.570168268949,1.570168268949
122.395550601191,92.140159354876,1.570219267977,1.570219267977,1.570219267977
122.349330813696,92.436577524434,1.570270295153,1.570270295153,1.570270295153
122.303111027634,92.732995694215,1.570321324248,1.570321324248,1.570321324248
122.256891242759,93.029413864181,1.570372330445,1.570372330445,1.570372330445
122.210671458861,93.325832034299,1.570423283329,1.570423283329,1.570423283329
122.164451675815,93.622250204551,1.570474187477,1.570474187477,1.570474187477
122.118231893531,93.918668374921,1.570525093342,1.570525093342,1.570525093342
122.072012111825,94.215086545381,1.570576014206,1.570576014206,1.570576014206
122.025792330455,94.511504715894,1.570626981501,1.570626981501,1.570626981501
121.979572549278,94.807922886437,1.570677952719,1.570677952719,1.570677952719
121.933352768383,95.104341057024,1.570728924682,1.570728924682,1.570728924682
121.887132988072,95.400759227701,1.570779875547,1.570779875547,1.570779875547
121.840913208694,95.697177398525,1.570830829081,1.570830829081,1.570830829081
121.794693430460,95.993595569526,1.570881796617,1.570881796617,1.570881796617
121.748473653278,96.290013740692,1.570932771769,1.570932771769,1.570932771769
121.702253876627,96.586431911941,1.570983751202,1.570983751202,1.570983751202
121.656034099655,96.882850083139,1.571034727695,1.571034727695,1.571034727695
121.609814321440,97.179268254144,1.571085709736,1.571085709736,1.571085709736
121.563594541319,97.475686424851,1.571136703704,1.571136703704,1.571136703704
121.517374759122,97.772104595235,1.571187689459,1.571187689459,1.571187689459
121.471154975168,98.068522765345,1.571238669552,1.571238669552,1.571238669552
121.424935190095,98.364940935280,1.571289623529,1.571289623529,1.571289623529
121.378715404616,98.661359105152,1.571340582423,1.571340582423,1.571340582423
121.332495619308,98.957777275051,1.571391552549,1.571391552549,1.571391552549
121.286275834470,99.254195445023,1.571442515735,1.571442515735,1.571442515735
121.240056050089,99.550613615066,1.571493472611,1.571493472611,1.571493472611
121.193836265998,99.847031785155,1.571544396302,1.571544396302,1.571544396302
121.147616482096,100.143449955273,1.571595329635,1.571595329635,1.571595329635
121.101396698425,100.439868125426,1.571646279372,1.571646279372,1.571646279372
121.055176915071,100.736286295630,1.571697267293,1.571697267293,1.571697267293
121.008957131925,101.032704465866,1.571748267244,1.571748267244,1.571748267244
120.962737348627,101.329122636078,1.571799262740,1.571799262740,1.571799262740
120.916517564692,101.625540806190,1.571850251724,1.571850251724,1.571850251724
120.870297779772,101.921958976150,1.571901233672,1.571901233672,1.571901233672
120.824077993750,102.218377145937,1.571952210601,1.571952210601,1.571952210601
120.777858206630,102.514795315553,1.572003185488,1.572003185488,1.572003185488
120.731638418448,102.811213485004,1.572054156675,1.572054156675,1.572054156675
120.685418629289,103.107631654302,1.572105125238,1.572105125238,1.572105125238
120.639198839420,103.404049823489,1.572156091542,1.572156091542,1.572156091542
120.592979049324,103.700467992641,1.572207056535,1.572207056535,1.572207056535
120.546759259572,103.996886161847,1.572258022829,1.572258022829,1.572258022829
120.500539470628,104.293304331179,1.572308994385,1.572308994385,1.572308994385
120.454319682736,104.589722500675,1.572359968103,1.572359968103,1.572359968103
120.408099895978,104.886140670347,1.572410943240,1.572410943240,1.572410943240
120.361880110296,105.182558840188,1.572461914649,1.572461914649,1.572461914649
120.315660325443,105.478977010157,1.572512885951,1.572512885951,1.572512885951
120.269440540991,105.775395180189,1.572563858493,1.572563858493,1.572563858493
120.223220756413,106.071813350202,1.572614830667,1.572614830667,1.572614830667
120.177000971297,106.368231520131,1.572665802535,1.572665802535,1.572665802535
120.130781185480,106.664649689950,1.572716769236,1.572716769236,1.572716769236
120.084561399058,106.961067859675,1.572767737039,1.572767737039,1.572767737039
120.038341612259,107.257486029341,1.572818708266,1.572818708266,1.572818708266
119.992121825340,107.553904198989,1.572869682546,1.572869682546,1.572869682546
119.945902038557,107.850322368657,1.572920658332,1.572920658332,1.572920658332
119.899682252144,108.146740538384,1.572971632881,1.572971632881,1.572971632881
119.853462466266,108.443158708193,1.573022606144,1.573022606144,1.573022606144
119.807242680971,108.739576878094,1.573073577366,1.573073577366,1.573073577366
119.761022896164,109.035995048071,1.573124548364,1.573124548364,1.573124548364
119.714803111639,109.332413218092,1.573175519286,1.573175519286,1.573175519286
119.668583327173,109.628831388122,1.573226489623,1.573226489623,1.573226489623
119.622363542632,109.925249558140,1.573277457259,1.573277457259,1.573277457259
119.576143758034,110.221667728149,1.573328421107,1.573328421107,1.573328421107
119.529923973519,110.518085898172,1.573379393368,1.573379393368,1.573379393368
119.483704189238,110.814504068231,1.573430368761,1.573430368761,1.573430368761
119.437484405276,111.110922238339,1.573481343689,1.573481343689,1.573481343689
119.391264621615,111.407340408495,1.573532309696,1.573532309696,1.573532309696
119.345044838146,111.703758578680,1.573583265170,1.573583265170,1.573583265170
119.298825054687,112.000176748867,1.573634223803,1.573634223803,1.573634223803
119.252605270990,112.296594919017,1.573685186832,1.573685186832,1.573685186832
119.206385486799,112.593013089090,1.573736165372,1.573736165372,1.573736165372
119.160165701929,112.889431259057,1.573787144417,1.573787144417,1.573787144417
119.113945916336,113.185849428911,1.573838122699,1.573838122699,1.573838122699
119.067726130121,113.482267598668,1.573889094851,1.573889094851,1.573889094851
119.021506343479,113.778685768359,1.573940065546,1.573940065546,1.573940065546
118.975286556619,114.075103938016,1.573991035936,1.573991035936,1.573991035936
118.929066769697,114.371522107663,1.574042004660,1.574042004660,1.574042004660
118.882846982767,114.667940277308,1.574092972014,1.574092972014,1.574092972014
118.836627195805,114.964358446949,1.574143938689,1.574143938689,1.574143938689
118.790407408773,115.260776616579,1.574194908808,1.574194908808,1.574194908808
118.744187621681,115.557194786199,1.574245888661,1.574245888661,1.574245888661
118.697967834608,115.853612955823,1.574296871664,1.574296871664,1.574296871664
118.651748047671,116.150031125468,1.574347856280,1.574347856280,1.574347856280
118.605528260993,116.446449295153,1.574398830457,1.574398830457,1.574398830457
118.559308474667,116.742867464893,1.574449801770,1.574449801770,1.574449801770
118.513088688721,117.039285634692,1.574500769483,1.574500769483,1.574500769483
118.466868903096,117.335703804541,1.574551736342,1.574551736342,1.574551736342
118.420649117695,117.632121974425,1.574602702791,1.574602702791,1.574602702791
118.374429332457,117.928540144335,1.574653664788,1.574653664788,1.574653664788
118.328209547407,118.224958314274,1.574704628534,1.574704628534,1.574704628534
118.281989762621,118.521376484254,1.574755596113,1.574755596113,1.574755596113
118.235769978137,118.817794654281,1.574806568909,1.574806568909,1.574806568909
118.189550193898,119.114212824346,1.574857543959,1.574857543959,1.574857543959
118.143330409736,119.410630994424,1.574908518016,1.574908518016,1.574908518016
118.097110625411,119.707049164476,1.574959490620,1.574959490620,1.574959490620
118.050890840695,120.003467334467,1.575010461240,1.575010461240,1.575010461240
118.004671055434,120.299885504373,1.575061429872,1.575061429872,1.575061429872
117.958451269597,120.596303674189,1.575112398048,1.575112398048,1.575112398048
117.912231483274,120.892721843929,1.575163368101,1.575163368101,1.575163368101
117.866011696619,121.189140013618,1.575214338676,1.575214338676,1.575214338676
117.819791909809,121.485558183282,1.575265309675,1.575265309675,1.575265309675
117.773572123010,121.781976352949,1.575316281657,1.575316281657,1.575316281657
117.727352336371,122.078394522640,1.575367253424,1.575367253424,1.575367253424
117.681132550001,122.374812692373,1.575418222638,1.575418222638,1.575418222638
117.634912763961,122.671230862157,1.575469194058,1.575469194058,1.575469194058
117.588692978251,122.967649031993,1.575520167988,1.575520167988,1.575520167988
117.542473192795,123.264067201869,1.575571153513,1.575571153513,1.575571153513
117.496253407446,123.560485371761,1.575622139637,1.575622139637,1.575622139637
117.450033622045,123.856903541645,1.575673117622,1.575673117622,1.575673117622
117.403813836503,124.153321711508,1.575724081071,1.575724081071,1.575724081071
117.357594050854,124.449739881353,1.575775032632,1.575775032632,1.575775032632
117.311374265246,124.746158051205,1.575825990728,1.575825990728,1.575825990728
117.265154479873,125.042576221094,1.575876953582,1.575876953582,1.575876953582
117.218934694848,125.338994391036,1.575927926014,1.575927926014,1.575927926014
117.172714910089,125.635412561021,1.575978899210,1.575978899210,1.575978899210
117.126495125300,125.931830731000,1.576029872305,1.576029872305,1.576029872305
117.080275340150,126.228248900923,1.576080843455,1.576080843455,1.576080843455
117.034055554942,126.524667070838,1.576131814427,1.576131814427,1.576131814427
116.987835771180,126.821085240977,1.576182785581,1.576182785581,1.576182785581
116.941615994459,127.117503412215,1.576233757341,1.576233757341,1.576233757341
116.895396258900,127.413921589871,1.576284729484,1.576284729484,1.576284729484
116.849176601417,127.710339779701,1.576335702906,1.576335702906,1.576335702906
116.802956881185,128.006757959747,1.576386675644,1.576386675644,1.576386675644
116.756736506056,128.303176037675,1.576437646985,1.576437646985,1.576437646985
116.710513990195,128.599593781788,1.576488611254,1.576488611254,1.576488611254
116.664287744017,128.896010944179,1.576539572711,1.576539572711,1.576539572711
116.618057769127,129.192427525059,1.576590534199,1.576590534199,1.576590534199
116.571828604781,129.488844232337,1.576641496240,1.576641496240,1.576641496240
116.525611021465,129.785262745398,1.576692464565,1.576692464565,1.576692464565
116.479422986859,130.081685863591,1.576743427069,1.576743427069,1.576743427069
116.433292603493,130.378117957384,1.576794374343,1.576794374343,1.576794374343
116.387260734793,130.674565361373,1.576845294898,1.576845294898,1.576845294898
116.341376206396,130.971035601155,1.576896201493,1.576896201493,1.576896201493
116.295682187771,131.267535259316,1.576947118126,1.576947118126,1.576947118126
116.250200671931,131.564067587935,1.576998081796,1.576998081796,1.576998081796
116.204948960304,131.860635064146,1.577049080575,1.577049080575,1.577049080575
116.159959313004,132.157242410196,1.577100359565,1.577100359565,1.577100359565
116.115239049209,132.453890483172,1.577151753955,1.577151753955,1.577151753955
116.070800951323,132.750580967307,1.577203368829,1.577203368829,1.577203368829
116.026592127412,133.047305707189,1.577254762220,1.577254762220,1.577254762220
115.982546791056,133.344054771969,1.577304948378,1.577304948378,1.577304948378
115.938515788592,133.640805960881,1.577295919988,1.577295919988,1.577295919988
115.894273106792,133.937525594797,1.577275166516,1.577275166516,1.577275166516
115.849451403893,134.234158115152,1.576928648013,1.576928648013,1.576928648013
115.803586189903,134.530630618200,1.576449207387,1.576449207387,1.576449207387
115.756105588153,134.826847997897,1.576633552518,1.576633552518,1.576633552518
115.706385488727,135.122696509067,1.576620057816,1.576620057816,1.576620057816
115.653699517292,135.418029736100,1.576677565497,1.576677565497,1.576677565497
115.597295107766,135.712673146498,1.577933066255,1.577933066255,1.577933066255
115.536330994574,136.006404410451,1.580904971258,1.580904971258,1.580904971258
115.469983033451,136.298963314061,1.586390321768,1.586390321768,1.586390321768
115.397384689542,136.590030380563,1.589480991694,1.589480991694,1.589480991694
115.317668693447,136.879224570428,1.596361433626,1.596361433626,1.596361433626
115.229954345621,137.166088919829,1.608306072052,1.608306072052,1.608306072052
115.133394915089,137.450092353469,1.625211088032,1.625211088032,1.625211088032
115.027196492982,137.730627650259,1.641851859310,1.641851859310,1.641851859310
114.910651311273,138.007018034924,1.648397912101,1.648397912101,1.648397912101
114.783155659210,138.278524042444,1.646999520026,1.646999520026,1.646999520026
114.644228238374,138.544354355209,1.643351932234,1.643351932234,1.643351932234
114.493498918235,138.803667988402,1.639132848793,1.639132848793,1.639132848793
114.330777586417,139.055622364236,1.635686463082,1.635686463082,1.635686463082
114.155996891088,139.299358732706,1.630712176728,1.630712176728,1.630712176728
113.969219667582,139.534022064617,1.625440168621,1.625440168621,1.625440168621
113.770655791656,139.758793897223,1.623805306805,1.623805306805,1.623805306805
113.560656151732,139.972916158291,1.617271893263,1.617271893263,1.617271893263
113.339711706848,140.175723002116,1.618395838206,1.618395838206,1.618395838206
113.108413020626,140.366635041096,1.613326589982,1.613326589982,1.613326589982
112.867423744262,140.545158249789,1.614529697607,1.614529697607,1.614529697607
112.617452506460,140.710871418684,1.610585095315,1.610585095315,1.610585095315
112.359252836787,140.863450978381,1.611820063943,1.611820063943,1.611820063943
112.093611239975,141.002672690965,1.610029398042,1.610029398042,1.610029398042
111.821288515924,141.128328963874,1.606680005740,1.606680005740,1.606680005740
111.543059100920,141.240305813024,1.604066539778,1.604066539778,1.604066539778
111.259696152780,141.338578659794,1.599874280827,1.599874280827,1.599874280827
110.971957651570,141.423196628123,1.597892279703,1.597892279703,1.597892279703
110.680568500665,141.494243891817,1.593877742731,1.593877742731,1.593877742731
110.386219360566,141.551820274305,1.591565742263,1.591565742263,1.591565742263
110.089561621501,141.595998860882,1.593542450972,1.593542450972,1.593542450972
109.791223209590,141.626863747944,1.591336481193,1.591336481193,1.591336481193
109.491810884444,141.644525170461,1.594836241565,1.594836241565,1.594836241565
109.191912019901,141.649128793797,1.594865683837,1.594865683837,1.594865683837
108.892089239999,141.640858036012,1.596392134394,1.596392134394,1.596392134394
108.592872969375,141.620030920844,1.598043327587,1.598043327587,1.598043327587
108.294743455801,141.587083533001,1.601284880991,1.601284880991,1.601284880991
107.998114237980,141.542576210737,1.601047522765,1.601047522765,1.601047522765
107.703319205103,141.487177319652,1.602472220961,1.602472220961,1.602472220961
107.410607633234,141.421629760248,1.605498174415,1.605498174415,1.605498174415
107.120144803476,141.346721283351,1.605331024663,1.605331024663,1.605331024663
106.832017298301,141.263260955197,1.601134106191,1.601134106191,1.601134106191
106.546233014605,141.172081796154,1.597215969558,1.597215969558,1.597215969558
106.262728021603,141.074031167183,1.595803095494,1.595803095494,1.595803095494
105.981387196463,140.969921376705,1.598616171764,1.598616171764,1.598616171764
105.702034556728,140.860578398380,1.602106322837,1.602106322837,1.602106322837
105.424443314356,140.746829579098,1.605473313765,1.605473313765,1.605473313765
105.148350599178,140.629483644903,1.609178439464,1.609178439464,1.609178439464
104.873467918178,140.509325676393,1.611436869249,1.611436869249,1.611436869249
104.599490385511,140.387114426055,1.611446567488,1.611446567488,1.611446567488
104.326104818550,140.263582634945,1.612962122389,1.612962122389,1.612962122389
104.052999262979,140.139432133937,1.614945810878,1.614945810878,1.614945810878
103.779858799399,140.015358692202,1.616929852533,1.616929852533,1.616929852533
103.506402817472,139.891983179339,1.618511625221,1.618511625221,1.618511625221
103.232384258280,139.769863976088,1.620243470950,1.620243470950,1.620243470950
102.957574836759,139.649537103958,1.621741349236,1.621741349236,1.621741349236
102.681804104441,139.531431767178,1.623223141223,1.623223141223,1.623223141223
102.404972499441,139.415836133330,1.624692174445,1.624692174445,1.624692174445
102.127035503762,139.302924819000,1.626126468812,1.626126468812,1.626126468812
101.847990833401,139.192779535794,1.627515166017,1.627515166017,1.627515166017
101.567864069459,139.085415979129,1.628850500069,1.628850500069,1.628850500069
101.286685280908,138.980838706776,1.630127516147,1.630127516147,1.630127516147
101.004481537735,138.879059578391,1.631341279662,1.631341279662,1.631341279662
100.721280358539,138.780089964152,1.632485543807,1.632485543807,1.632485543807
100.437089381723,138.684000303376,1.633556366824,1.633556366824,1.633556366824
100.151905014810,138.590901080523,1.634551052031,1.634551052031,1.634551052031
99.865732336687,138.500886196963,1.635465993095,1.635465993095,1.635465993095
99.578584771553,138.414031994844,1.636296334396,1.636296334396,1.636296334396
99.290459852520,138.330479635024,1.637043781188,1.637043781188,1.637043781188
99.001391644156,138.250248104453,1.637708230415,1.637708230415,1.637708230415
98.711474424024,138.173140482895,1.638280139011,1.638280139011,1.638280139011
98.420750060607,138.099133591418,1.638763233439,1.638763233439,1.638763233439
98.129267675459,138.028170000199,1.639157749053,1.639157749053,1.639157749053
97.837082413401,137.960157052713,1.639464629875,1.639464629875,1.639464629875
97.544254099011,137.894966760828,1.639685625672,1.639685625672,1.639685625672
97.250845362726,137.832438863035,1.639823396992,1.639823396992,1.639823396992
96.956919560178,137.772386542485,1.639881567226,1.639881567226,1.639881567226
96.662538241308,137.714606609385,1.639860441288,1.639860441288,1.639860441288
96.367760473988,137.658882554556,1.639770591263,1.639770591263,1.639770591263
96.072643636879,137.604981156414,1.639621709110,1.639621709110,1.639621709110
95.777239571811,137.552675288018,1.639419572845,1.639419572845,1.639419572845
95.481591015230,137.501768352397,1.639175257540,1.639175257540,1.639175257540
95.185733348771,137.452090202702,1.638899261531,1.638899261531,1.638899261531
94.889696602486,137.403489827143,1.638599150250,1.638599150250,1.638599150250
