394.054981902335 -75.918937010726 0 1.021259225572
394.017662610533 -75.919563487223 1 1.021285238610
393.967670680871 -75.920428597714 2 1.021255981473
393.917679406627 -75.921329666047 3 1.021204333385
393.867728858781 -75.923212546659 4 1.021085711597
393.817838716723 -75.925907088258 5 1.021228568571
393.767959971599 -75.928530084817 6 1.022633490334
393.718092719888 -75.930202788066 7 1.025590194184
393.668262428717 -75.930986096738 8 1.029624988823
393.618419768050 -75.932159204899 9 1.033262943159
393.568527491242 -75.934610706427 10 1.035628643074
393.518636086034 -75.937334548219 11 1.037665792199
393.468738593568 -75.940006635465 12 1.039583987848
393.418764086754 -75.941241984298 13 1.042858207195
393.368773403665 -75.942176024446 14 1.043011291486
393.318793825161 -75.943522654099 15 1.043116899398
393.268888024747 -75.946058485056 16 1.042582768257
393.218996417345 -75.948770048698 17 1.043673851900
393.169068193901 -75.950987817715 18 1.045736752487
393.119094058711 -75.951633181556 19 1.048796190941
393.069140869147 -75.950631963231 20 1.048574216429
393.019191225873 -75.949587001134 21 1.050188643258
392.969214027071 -75.949336092758 22 1.052881734254
392.919223200493 -75.950262879450 23 1.053060793885
392.869242290358 -75.950082513158 24 1.050489168831
392.819284144711 -75.949221127700 25 1.048708583559
392.769330385509 -75.948264175259 26 1.048992828385
392.719377309303 -75.949670059303 27 1.049128384603
392.669485360692 -75.952330909212 28 1.048584167451
392.619608344849 -75.954884312694 29 1.050008697060
392.569679128156 -75.953247943912 30 1.051418627846
392.519770542900 -75.950236914797 31 1.051492175897
392.469838623470 -75.947832105361 32 1.051812364234
392.419848580984 -75.948162211808 33 1.053764485316
392.369857182015 -75.949058124009 34 1.053764362974
392.319866120126 -75.949972408356 35 1.053776663614
392.269875745793 -75.950922220007 36 1.053815565300
392.219885494713 -75.951878335105 37 1.053870336858
392.169894850223 -75.952814528895 38 1.053915867570
392.119903588894 -75.953717877863 39 1.053839350940
392.069919712690 -75.954824671734 40 1.051539925625
392.020018232807 -75.957816398676 41 1.050101209366
391.970230212521 -75.962387580428 42 1.050723453279
391.920429791924 -75.966774546477 43 1.050242562354
391.870488231329 -75.969038582092 44 1.052377245549
391.820500707520 -75.970074024244 45 1.053761594015
391.770509897111 -75.971001755702 46 1.053764789825
391.720518739643 -75.971909662349 47 1.053716352757
391.670527462523 -75.972810646866 48 1.053664886456
391.620535958371 -75.973699059978 49 1.053632186243
391.570544068289 -75.974566898644 50 1.053643743092
391.520552214790 -75.975436708500 51 1.053667466712
391.470560478007 -75.976312982012 52 1.053697418190
391.420569581607 -75.977233005213 53 1.053758522761
391.370578855555 -75.978161880920 54 1.053839634637
391.320595026041 -75.979358935689 55 1.054005827913
391.270692878215 -75.981930826062 56 1.053367477410
391.220807194530 -75.984764784004 57 1.054360063689
391.170979595372 -75.988124398782 58 1.055329649705
391.121294378602 -75.992452639343 59 1.055730286607
391.071636973476 -75.997000784132 60 1.056875915135
391.021923185784 -76.001520591481 61 1.058851662237
390.972165196888 -76.006386239707 62 1.061812764228
390.922382038856 -76.011026803993 63 1.065327220537
390.872496750517 -76.014187016913 64 1.068065540751
390.822509794063 -76.015199654233 65 1.070077169105
390.772517991113 -76.016072329743 66 1.070155351698
390.722526009706 -76.016934950823 67 1.070156054193
390.672534178892 -76.017806075764 68 1.070067699803
390.622547604085 -76.018841377054 69 1.068073988146
390.572669502508 -76.022098253874 70 1.066494023123
390.522899264652 -76.026876690125 71 1.066438918578
390.473127024099 -76.031636845388 72 1.066365425064
390.423266525990 -76.034821901557 73 1.065179692188
390.373388198076 -76.037686590500 74 1.064214767104
390.323496698457 -76.040583551089 75 1.065097753680
390.273600045969 -76.043442738627 76 1.064252778179
390.223710132066 -76.046255923743 77 1.065245765852
390.173851639310 -76.049687535446 78 1.066087548403
390.124076226708 -76.054414345955 79 1.065922593716
390.074289960718 -76.059002579514 80 1.065991154832
390.024537513195 -76.063552575447 81 1.066243332291
389.974882859262 -76.068126106951 82 1.066533191154
389.925252521611 -76.072858348867 83 1.067880696189
389.875368544632 -76.075484715268 84 1.071930012876
389.825388528956 -76.076689596047 85 1.078845926713
389.775431095114 -76.078301783987 86 1.076395953963
389.725558821631 -76.081228364438 87 1.075346303342
389.675667057394 -76.083906663405 88 1.075554894951
389.625707589696 -76.085715655600 89 1.075557657889
389.575811099996 -76.088285021944 90 1.074859805600
389.525948864424 -76.091494800402 91 1.075538502614
389.476148526367 -76.095922294445 92 1.075542099505
389.426382428642 -76.100747029930 93 1.075550721432
389.376499139432 -76.103644603479 94 1.077488808488
389.326513798563 -76.104826160021 95 1.078286035460
389.276526203138 -76.105898346020 96 1.078468299092
389.226538352843 -76.106956054425 97 1.078665042156
389.176550502548 -76.108013762830 98 1.078861785220
389.126562652253 -76.109071471235 99 1.079058528283
389.076574801958 -76.110129179640 100 1.079255271347
389.026586951664 -76.111186888045 101 1.079452014411
388.976599101369 -76.112244596450 102 1.079648757475
388.926611251074 -76.113302304855 103 1.079845500538
388.876623400780 -76.114360013260 104 1.080042243602
388.826635550485 -76.115417721665 105 1.080238986666
388.776647700190 -76.116475430070 106 1.080435729729
388.726659849895 -76.117533138475 107 1.080632472793
388.676671999600 -76.118590846880 108 1.080829215857
388.626684149305 -76.119648555285 109 1.081025958921
388.576696299011 -76.120706263690 110 1.081222701984
388.526708448715 -76.121763972094 111 1.081419445049
388.476720598421 -76.122821680499 112 1.081616188112
388.426732748126 -76.123879388904 113 1.081812931176
388.376744897831 -76.124937097309 114 1.082009674240
388.326757047536 -76.125994805714 115 1.082206417303
388.276769197241 -76.127052514119 116 1.082403160367
388.226781346946 -76.128110222524 117 1.082599903431
388.176793496652 -76.129167930929 118 1.082796646495
388.126805646357 -76.130225639334 119 1.082993389558
388.076817796062 -76.131283347739 120 1.083190132622
388.026829945767 -76.132341056144 121 1.083386875686
387.976842095472 -76.133398764549 122 1.083583618750
387.926854245177 -76.134456472954 123 1.083780361813
387.876866394882 -76.135514181359 124 1.083977104877
387.826878544588 -76.136571889764 125 1.084173847941
387.776890694292 -76.137629598169 126 1.084370591004
387.726902843998 -76.138687306574 127 1.084567334068
387.676914993703 -76.139745014979 128 1.084764077132
387.626927143408 -76.140802723384 129 1.084960820196
387.576939293113 -76.141860431789 130 1.085157563259
387.526951442818 -76.142918140194 131 1.085354306323
387.476963592523 -76.143975848599 132 1.085551049387
387.426975742229 -76.145033557004 133 1.085747792450
387.376987891934 -76.146091265409 134 1.085944535514
387.327000041639 -76.147148973814 135 1.086141278578
387.277012191345 -76.148206682219 136 1.086338021642
387.227024341050 -76.149264390624 137 1.086534764705
387.177036490755 -76.150322099029 138 1.086731507769
387.127048640460 -76.151379807434 139 1.086928250833
387.077060790165 -76.152437515839 140 1.087124993897
387.027072939870 -76.153495224244 141 1.087321736960
386.977085089575 -76.154552932649 142 1.087518480024
386.927097239280 -76.155610641054 143 1.087715223088
386.877109388986 -76.156668349459 144 1.087911966151
386.827121538691 -76.157726057864 145 1.088108709215
386.777133688396 -76.158783766269 146 1.088305452278
386.727145838101 -76.159841474674 147 1.088502195342
386.677157987806 -76.160899183079 148 1.088698938406
386.627170137511 -76.161956891484 149 1.088895681470
386.577182287216 -76.163014599889 150 1.089092424533
386.527194436922 -76.164072308294 151 1.089289167597
386.477206586627 -76.165130016699 152 1.089485910661
386.427218736332 -76.166187725104 153 1.089682653724
386.377230886037 -76.167245433509 154 1.089879396788
386.327243035742 -76.168303141914 155 1.090076139852
386.277255185447 -76.169360850319 156 1.090272882916
386.227267335153 -76.170418558724 157 1.090469625979
386.177279484858 -76.171476267129 158 1.090666369043
386.127291634562 -76.172533975534 159 1.090863112107
386.077303784268 -76.173591683938 160 1.091059855171
386.027315933973 -76.174649392343 161 1.091256598235
385.977328083678 -76.175707100748 162 1.091453341298
385.927340233383 -76.176764809153 163 1.091650084362
385.877352383089 -76.177822517558 164 1.091846827426
385.827364532793 -76.178880225963 165 1.092043570490
385.777376682499 -76.179937934368 166 1.092240313553
385.727388832204 -76.180995642773 167 1.092437056617
385.677400981909 -76.182053351178 168 1.092633799681
385.627413131615 -76.183111059583 169 1.092830542745
385.577425281320 -76.184168767988 170 1.093027285808
385.527437431025 -76.185226476393 171 1.093224028872
385.477449580730 -76.186284184798 172 1.093420771936
385.427461730435 -76.187341893203 173 1.093617514999
385.377473880140 -76.188399601608 174 1.093814258063
385.327486029845 -76.189457310013 175 1.094011001127
385.277498179551 -76.190515018418 176 1.094207744191
385.227510329255 -76.191572726823 177 1.094404487254
385.177522478961 -76.192630435228 178 1.094601230318
385.127534628666 -76.193688143633 179 1.094797973382
385.077546778371 -76.194745852038 180 1.094994716446
385.027558928076 -76.195803560443 181 1.095191459509
384.977571077781 -76.196861268848 182 1.095388202573
384.927583227487 -76.197918977253 183 1.095584945637
384.877595377192 -76.198976685658 184 1.095781688700
384.827607526897 -76.200034394063 185 1.095978431764
384.777619676603 -76.201092102468 186 1.096175174828
384.727631826308 -76.202149810873 187 1.096371917892
384.677643976012 -76.203207519278 188 1.096568660955
384.627656125718 -76.204265227683 189 1.096765404019
384.577668275423 -76.205322936088 190 1.096962147083
384.527680425128 -76.206380644493 191 1.097158890146
384.477692574833 -76.207438352898 192 1.097355633210
384.427704724538 -76.208496061303 193 1.097552376274
384.377716874243 -76.209553769708 194 1.097749119338
384.327729023949 -76.210611478113 195 1.097945862401
384.277741173654 -76.211669186518 196 1.098142605465
384.227753323358 -76.212726894923 197 1.098339348529
384.177765473064 -76.213784603328 198 1.098536091593
384.127777622769 -76.214842311733 199 1.098732834656
384.077789772474 -76.215900020138 200 1.098929577720
384.027801922179 -76.216957728543 201 1.099126320784
383.977814071884 -76.218015436949 202 1.099323063847
383.927826221589 -76.219073145354 203 1.099519806911
383.877838371295 -76.220130853759 204 1.099716549975
383.827850521000 -76.221188562164 205 1.099913293039
383.777862670705 -76.222246270569 206 1.100110036102
383.727874820411 -76.223303978974 207 1.100306779166
383.677886970116 -76.224361687379 208 1.100503522230
383.627899119820 -76.225419395783 209 1.100700265294
383.577911269526 -76.226477104188 210 1.100897008358
383.527923419231 -76.227534812593 211 1.101093751421
383.477935568936 -76.228592520998 212 1.101290494485
383.427947718641 -76.229650229403 213 1.101487237549
383.377959868346 -76.230707937808 214 1.101683980613
383.327972018051 -76.231765646213 215 1.101880723676
383.277984167757 -76.232823354618 216 1.102077466740
383.227996317462 -76.233881063023 217 1.102274209804
383.178008467167 -76.234938771428 218 1.102470952867
383.128020616873 -76.235996479833 219 1.102667695931
383.078032766577 -76.237054188238 220 1.102864438995
383.028044916282 -76.238111896643 221 1.103061182059
382.978057065988 -76.239169605048 222 1.103257925122
382.928069215693 -76.240227313453 223 1.103454668186
382.878081365398 -76.241285021858 224 1.103651411250
382.828093515103 -76.242342730263 225 1.103848154314
382.778105664808 -76.243400438668 226 1.104044897377
382.728117814513 -76.244458147073 227 1.104241640441
382.678129964218 -76.245515855478 228 1.104438383505
382.628142113924 -76.246573563883 229 1.104635126568
382.578154263628 -76.247631272288 230 1.104831869632
382.528166413334 -76.248688980693 231 1.105028612696
382.478178563039 -76.249746689098 232 1.105225355760
382.428190712744 -76.250804397503 233 1.105422098823
382.378202862449 -76.251862105908 234 1.105618841887
382.328215012154 -76.252919814313 235 1.105815584951
382.278227161859 -76.253977522718 236 1.106012328015
382.228239311565 -76.255035231123 237 1.106209071078
382.178251461270 -76.256092939528 238 1.106405814142
382.128263610975 -76.257150647933 239 1.106602557206
382.078275760681 -76.258208356338 240 1.106799300269
382.028287910386 -76.259266064743 241 1.106996043333
381.978300060091 -76.260323773148 242 1.107192786397
381.928312209796 -76.261381481553 243 1.107389529461
381.878324359501 -76.262439189958 244 1.107586272524
381.828336509206 -76.263496898363 245 1.107783015588
381.778348658911 -76.264554606768 246 1.107979758652
381.728360808617 -76.265612315173 247 1.108176501715
381.678372958321 -76.266670023578 248 1.108373244779
381.628385108027 -76.267727731983 249 1.108569987843
381.578397257732 -76.268785440388 250 1.108766730907
381.528409407437 -76.269843148793 251 1.108963473970
381.478421557142 -76.270900857198 252 1.109160217034
381.428433706847 -76.271958565603 253 1.109356960098
381.378445856553 -76.273016274008 254 1.109553703162
381.328458006258 -76.274073982413 255 1.109750446225
381.278470155963 -76.275131690818 256 1.109947189289
381.228482305668 -76.276189399223 257 1.110143932353
381.178494455373 -76.277247107628 258 1.110340675417
381.128506605078 -76.278304816033 259 1.110537418481
381.078518754784 -76.279362524438 260 1.110734161544
381.028530904488 -76.280420232843 261 1.110930904608
380.978543054193 -76.281477941248 262 1.111127647672
380.928555203899 -76.282535649653 263 1.111324390736
380.878567353604 -76.283593358058 264 1.111521133799
380.828579503309 -76.284651066463 265 1.111717876863
380.778591653014 -76.285708774868 266 1.111914619927
380.728603802719 -76.286766483273 267 1.112111362990
380.678615952424 -76.287824191678 268 1.112308106054
380.628628102130 -76.288881900083 269 1.112504849118
380.578640251835 -76.289939608488 270 1.112701592182
380.528652401540 -76.290997316893 271 1.112898335245
380.478664551246 -76.292055025298 272 1.113095078309
380.428676700951 -76.293112733703 273 1.113291821373
380.378688850656 -76.294170442108 274 1.113488564437
380.328701000361 -76.295228150513 275 1.113685307500
380.278713150066 -76.296285858917 276 1.113882050564
380.228725299771 -76.297343567322 277 1.114078793627
380.178737449477 -76.298401275727 278 1.114275536691
380.128749599182 -76.299458984132 279 1.114472279755
380.078761748887 -76.300516692537 280 1.114669022818
380.028773898592 -76.301574400942 281 1.114865765882
379.978786048297 -76.302632109347 282 1.115062508946
379.928798198002 -76.303689817752 283 1.115259252010
379.878810347707 -76.304747526157 284 1.115455995073
379.828822497412 -76.305805234562 285 1.115652738137
379.778834647117 -76.306862942967 286 1.115849481201
379.728846796823 -76.307920651372 287 1.116046224264
379.678858946528 -76.308978359777 288 1.116242967328
379.628871096233 -76.310036068182 289 1.116439710392
379.578883245938 -76.311093776587 290 1.116636453456
379.528895395643 -76.312151484992 291 1.116833196519
379.478907545348 -76.313209193397 292 1.117029939583
379.428919695054 -76.314266901802 293 1.117226682647
379.378931844758 -76.315324610207 294 1.117423425710
379.328943994464 -76.316382318612 295 1.117620168774
379.278956144169 -76.317440027017 296 1.117816911838
379.228968293874 -76.318497735422 297 1.118013654902
379.178980443579 -76.319555443827 298 1.118210397965
379.128992593285 -76.320613152232 299 1.118407141029
379.079004742989 -76.321670860637 300 1.118603884093
379.029016892695 -76.322728569042 301 1.118800627157
378.979029042400 -76.323786277447 302 1.118997370220
378.929041192105 -76.324843985852 303 1.119194113284
378.879053341811 -76.325901694257 304 1.119390856348
378.829065491516 -76.326959402662 305 1.119587599411
378.779077641221 -76.328017111067 306 1.119784342476
378.729089790926 -76.329074819472 307 1.119981085539
378.679101940631 -76.330132527877 308 1.120177828603
378.629114090336 -76.331190236282 309 1.120374571667
378.579126240041 -76.332247944687 310 1.120571314731
378.529138389747 -76.333305653092 311 1.120768057794
378.479150539451 -76.334363361497 312 1.120964800858
378.429162689157 -76.335421069901 313 1.121161543922
378.379174838862 -76.336478778307 314 1.121358286985
378.329186988567 -76.337536486711 315 1.121555030049
378.279199138272 -76.338594195116 316 1.121751773113
378.229211287977 -76.339651903521 317 1.121948516177
378.179223437683 -76.340709611926 318 1.122145259240
378.129235587388 -76.341767320331 319 1.122342002304
378.079247737093 -76.342825028736 320 1.122538745368
378.029259886799 -76.343882737141 321 1.122735488432
377.979272036504 -76.344940445546 322 1.122932231495
377.929284186209 -76.345998153951 323 1.123128974559
377.879296335914 -76.347055862356 324 1.123325717623
377.829308485619 -76.348113570761 325 1.123522460686
377.779320635324 -76.349171279166 326 1.123719203750
377.729332785029 -76.350228987571 327 1.123915946814
377.679344934734 -76.351286695976 328 1.124112689878
377.629357084439 -76.352344404381 329 1.124309432941
377.579369234145 -76.353402112786 330 1.124506176005
377.529381383850 -76.354459821191 331 1.124702919069
377.479393533554 -76.355517529596 332 1.124899662132
377.429405683260 -76.356575238001 333 1.125096405196
377.379417832965 -76.357632946406 334 1.125293148260
377.329429982670 -76.358690654811 335 1.125489891324
377.279442132375 -76.359748363216 336 1.125686634387
377.229454282080 -76.360806071621 337 1.125883377451
377.179466431786 -76.361863780026 338 1.126080120515
377.129478581491 -76.362921488432 339 1.126276863579
377.079490731196 -76.363979196837 340 1.126473606642
377.029502880902 -76.365036905242 341 1.126670349706
376.979515030607 -76.366094613647 342 1.126867092770
376.929527180312 -76.367152322052 343 1.127063835833
376.879539330017 -76.368210030457 344 1.127260578897
376.829551479722 -76.369267738862 345 1.127457321961
376.779563629427 -76.370325447267 346 1.127654065025
376.729575779132 -76.371383155672 347 1.127850808088
376.679587928837 -76.372440864077 348 1.128047551152
376.629600078543 -76.373498572482 349 1.128244294216
376.579612228248 -76.374556280887 350 1.128441037280
376.529624377953 -76.375613989292 351 1.128637780343
376.479636527658 -76.376671697697 352 1.128834523407
376.429648677364 -76.377729406102 353 1.129031266471
376.379660827069 -76.378787114506 354 1.129228009535
376.329672976774 -76.379844822911 355 1.129424752599
376.279685126479 -76.380902531316 356 1.129621495662
376.229697276184 -76.381960239721 357 1.129818238726
376.179709425889 -76.383017948126 358 1.130014981790
376.129721575594 -76.384075656531 359 1.130211724854
376.079733725299 -76.385133364936 360 1.130408467917
376.029745875004 -76.386191073341 361 1.130605210981
375.979758024709 -76.387248781746 362 1.130801954045
375.929770174415 -76.388306490151 363 1.130998697108
375.879782324120 -76.389364198556 364 1.131195440172
375.829794473825 -76.390421906961 365 1.131392183236
375.779806623530 -76.391479615366 366 1.131588926300
375.729818773235 -76.392537323771 367 1.131785669363
375.679830922940 -76.393595032176 368 1.131982412427
375.629843072646 -76.394652740581 369 1.132179155491
375.579855222351 -76.395710448986 370 1.132375898554
375.529867372056 -76.396768157391 371 1.132572641618
375.479879521762 -76.397825865796 372 1.132769384682
375.429891671467 -76.398883574201 373 1.132966127746
375.379903821172 -76.399941282606 374 1.133162870809
375.329915970877 -76.400998991011 375 1.133359613873
375.279928120582 -76.402056699416 376 1.133556356937
375.229940270287 -76.403114407821 377 1.133753100001
375.179952419993 -76.404172116226 378 1.133949843064
375.129964569697 -76.405229824631 379 1.134146586128
375.079976719403 -76.406287533036 380 1.134343329192
375.029988869108 -76.407345241441 381 1.134540072255
374.980001018813 -76.408402949846 382 1.134736815319
374.930013168518 -76.409460658251 383 1.134933558383
374.880025318223 -76.410518366656 384 1.135130301447
374.830037467928 -76.411576075061 385 1.135327044510
374.780049617634 -76.412633783466 386 1.135523787574
374.730061767339 -76.413691491871 387 1.135720530638
374.680073917044 -76.414749200276 388 1.135917273702
374.630086066750 -76.415806908681 389 1.136114016765
374.580098216454 -76.416864617086 390 1.136310759829
374.530110366159 -76.417922325491 391 1.136507502893
374.480122515864 -76.418980033896 392 1.136704245956
374.430134665570 -76.420037742301 393 1.136900989020
374.380146815274 -76.421095450706 394 1.137097732084
374.330158964980 -76.422153159111 395 1.137294475148
374.280171114685 -76.423210867516 396 1.137491218211
374.230183264390 -76.424268575921 397 1.137687961275
374.180195414095 -76.425326284326 398 1.137884704339
374.130207563800 -76.426383992731 399 1.138081447402
374.080219713505 -76.427441701136 400 1.138278190466
374.030231863211 -76.428499409541 401 1.138474933530
373.980244012916 -76.429557117946 402 1.138671676594
373.930256162622 -76.430614826351 403 1.138868419658
373.880268312327 -76.431672534756 404 1.139065162722
373.830280462032 -76.432730243161 405 1.139261905785
373.780292611737 -76.433787951566 406 1.139458648849
373.730304761442 -76.434845659971 407 1.139655391913
373.680316911147 -76.435903368376 408 1.139852134976
373.630329060853 -76.436961076780 409 1.140048878040
373.580341210557 -76.438018785185 410 1.140245621103
373.530353360262 -76.439076493590 411 1.140442364167
373.480365509968 -76.440134201995 412 1.140639107231
373.430377659673 -76.441191910400 413 1.140835850295
373.380389809378 -76.442249618805 414 1.141032593358
373.330401959083 -76.443307327210 415 1.141229336422
373.280414108788 -76.444365035615 416 1.141426079486
373.230426258493 -76.445422744020 417 1.141622822549
373.180438408199 -76.446480452425 418 1.141819565613
373.130450557904 -76.447538160830 419 1.142016308677
373.080462707610 -76.448595869235 420 1.142213051741
373.030474857315 -76.449653577640 421 1.142409794804
372.980487007020 -76.450711286045 422 1.142606537868
372.930499156725 -76.451768994450 423 1.142803280932
372.880511306430 -76.452826702855 424 1.143000023996
372.830523456135 -76.453884411260 425 1.143196767059
372.780535605840 -76.454942119665 426 1.143393510123
372.730547755545 -76.455999828070 427 1.143590253187
372.680559905250 -76.457057536475 428 1.143786996250
372.630572054955 -76.458115244880 429 1.143983739314
372.580584204661 -76.459172953285 430 1.144180482378
372.530596354365 -76.460230661690 431 1.144377225442
372.480608504071 -76.461288370095 432 1.144573968505
372.430620653776 -76.462346078500 433 1.144770711569
372.380632803481 -76.463403786905 434 1.144967454633
372.330644953186 -76.464461495310 435 1.145164197697
372.280657102891 -76.465519203715 436 1.145360940760
372.230669252596 -76.466576912120 437 1.145557683824
372.180681402302 -76.467634620525 438 1.145754426888
372.130693552007 -76.468692328930 439 1.145951169951
372.080705701713 -76.469750037335 440 1.146147913015
372.030717851418 -76.470807745740 441 1.146344656079
371.980730001123 -76.471865454145 442 1.146541399143
371.930742150828 -76.472923162550 443 1.146738142206
371.880754300533 -76.473980870955 444 1.146934885270
371.830766450238 -76.475038579360 445 1.147131628334
371.780778599944 -76.476096287765 446 1.147328371397
371.730790749648 -76.477153996170 447 1.147525114461
371.680802899353 -76.478211704575 448 1.147721857525
371.630815049059 -76.479269412980 449 1.147918600589
371.580827198764 -76.480327121385 450 1.148115343653
371.530839348469 -76.481384829790 451 1.148312086717
371.480851498175 -76.482442538195 452 1.148508829780
371.430863647880 -76.483500246600 453 1.148705572844
371.380875797585 -76.484557955005 454 1.148902315908
371.330887947290 -76.485615663410 455 1.149099058971
371.280900096995 -76.486673371815 456 1.149295802035
371.230912246700 -76.487731080220 457 1.149492545099
371.180924396406 -76.488788788625 458 1.149689288163
371.130936546110 -76.489846497030 459 1.149886031226
371.080948695815 -76.490904205435 460 1.150082774290
371.030960845520 -76.491961913840 461 1.150279517354
370.980972995225 -76.493019622245 462 1.150476260418
370.930985144931 -76.494077330650 463 1.150673003481
370.880997294636 -76.495135039055 464 1.150869746545
370.831009444341 -76.496192747460 465 1.151066489609
370.781021594046 -76.497250455865 466 1.151263232672
370.731033743751 -76.498308164270 467 1.151459975736
370.681045893456 -76.499365872675 468 1.151656718800
370.631058043162 -76.500423581080 469 1.151853461864
370.581070192867 -76.501481289485 470 1.152050204927
370.531082342573 -76.502538997890 471 1.152246947991
370.481094492278 -76.503596706295 472 1.152443691055
370.431106641983 -76.504654414700 473 1.152640434118
370.381118791688 -76.505712123105 474 1.152837177182
370.331130941393 -76.506769831510 475 1.153033920246
370.281143091098 -76.507827539915 476 1.153230663310
370.231155240804 -76.508885248320 477 1.153427406373
370.181167390509 -76.509942956725 478 1.153624149437
370.131179540214 -76.511000665130 479 1.153820892501
370.081191689919 -76.512058373535 480 1.154017635565
370.031203839624 -76.513116081940 481 1.154214378628
369.981215989329 -76.514173790345 482 1.154411121692
369.931228139034 -76.515231498750 483 1.154607864756
369.881240288739 -76.516289207155 484 1.154804607819
369.831252438444 -76.517346915560 485 1.155001350883
369.781264588150 -76.518404623964 486 1.155198093947
369.731276737855 -76.519462332369 487 1.155394837011
369.681288887561 -76.520520040774 488 1.155591580074
369.631301037266 -76.521577749179 489 1.155788323138
369.581313186971 -76.522635457584 490 1.155985066202
369.531325336676 -76.523693165989 491 1.156181809266
369.481337486381 -76.524750874394 492 1.156378552329
369.431349636085 -76.525808582799 493 1.156575295393
369.381361785791 -76.526866291204 494 1.156772038457
369.331373935496 -76.527923999609 495 1.156968781520
369.281386085201 -76.528981708014 496 1.157165524584
369.231398234906 -76.530039416419 497 1.157362267648
369.181410384612 -76.531097124824 498 1.157559010712
369.131422534316 -76.532154833229 499 1.157755753776
369.081434684022 -76.533212541634 500 1.157952496840
369.031446833727 -76.534270250039 501 1.158149239903
368.981458983432 -76.535327958444 502 1.158345982967
368.931471133138 -76.536385666849 503 1.158542726031
368.881483282843 -76.537443375254 504 1.158739469094
368.831495432548 -76.538501083659 505 1.158936212158
368.781507582253 -76.539558792064 506 1.159132955222
368.731519731958 -76.540616500469 507 1.159329698286
368.681531881664 -76.541674208874 508 1.159526441349
368.631544031368 -76.542731917279 509 1.159723184413
368.581556181074 -76.543789625684 510 1.159919927477
368.531568330779 -76.544847334089 511 1.160116670540
368.481580480484 -76.545905042494 512 1.160313413604
368.431592630189 -76.546962750899 513 1.160510156668
368.381604779894 -76.548020459304 514 1.160706899732
368.331616929599 -76.549078167709 515 1.160903642795
368.281629079304 -76.550135876114 516 1.161100385859
368.231641229010 -76.551193584519 517 1.161297128923
368.181653378715 -76.552251292924 518 1.161493871987
368.131665528420 -76.553309001329 519 1.161690615050
368.081677678126 -76.554366709734 520 1.161887358114
368.031689827831 -76.555424418139 521 1.162084101178
367.981701977536 -76.556482126544 522 1.162280844241
367.931714127241 -76.557539834949 523 1.162477587305
367.881726276946 -76.558597543354 524 1.162674330369
367.831738426651 -76.559655251759 525 1.162871073433
367.781750576356 -76.560712960164 526 1.163067816496
367.731762726061 -76.561770668569 527 1.163264559560
367.681774875767 -76.562828376974 528 1.163461302624
367.631787025472 -76.563886085379 529 1.163658045688
367.581799175177 -76.564943793784 530 1.163854788751
367.531811324882 -76.566001502189 531 1.164051531815
367.481823474587 -76.567059210594 532 1.164248274879
367.431835624292 -76.568116918999 533 1.164445017942
367.381847773997 -76.569174627404 534 1.164641761006
367.331859923702 -76.570232335809 535 1.164838504070
367.281872073407 -76.571290044214 536 1.165035247134
367.231884223113 -76.572347752619 537 1.165231990197
367.181896372818 -76.573405461024 538 1.165428733261
367.131908522524 -76.574463169429 539 1.165625476325
367.081920672229 -76.575520877834 540 1.165822219388
367.031932821933 -76.576578586239 541 1.166018962452
366.981944971639 -76.577636294644 542 1.166215705516
366.931957121344 -76.578694003048 543 1.166412448579
366.881969271049 -76.579751711453 544 1.166609191643
366.831981420755 -76.580809419858 545 1.166805934707
366.781993570459 -76.581867128263 546 1.167002677771
366.732005720164 -76.582924836668 547 1.167199420835
366.682017869870 -76.583982545073 548 1.167396163898
366.607039175154 -76.585667432871 549 1.167592906962
366.557051324859 -76.586725141276 550 1.167789650026
366.507063474564 -76.587782849681 551 1.167986393089
366.457075624269 -76.588840558086 552 1.168183136153
366.407087773974 -76.589898266491 553 1.168379879217
366.357099923680 -76.590955974896 554 1.168576622281
366.307112073385 -76.592013683301 555 1.168773365344
366.232127217216 -76.593501920718 556 1.169166851472
366.182139366921 -76.594559629123 557 1.169363594536
366.132151516626 -76.595617337528 558 1.169560337599
366.082163666331 -76.596675045933 559 1.169757080663
366.032175816036 -76.597732754338 560 1.169953823727
365.982187965742 -76.598790462743 561 1.170150566790
365.932200115447 -76.599848171148 562 1.170347309854
365.882212265152 -76.600905879553 563 1.170544052918
365.832224414857 -76.601963587958 564 1.170740795982
365.782236564562 -76.603021296363 565 1.170937539045
365.732248714267 -76.604079004768 566 1.171134282109
365.682260863973 -76.605136713173 567 1.171331025173
365.632273013678 -76.606194421578 568 1.171527768236
365.582285163383 -76.607252129983 569 1.171724511300
365.532297313089 -76.608309838388 570 1.171921254364
365.482309462794 -76.609367546793 571 1.172117997428
365.432321612499 -76.610425255198 572 1.172314740491
365.382333762204 -76.611482963603 573 1.172511483555
365.332345911909 -76.612540672008 574 1.172708226619
365.282358061614 -76.613598380413 575 1.172904969683
365.232370211320 -76.614656088818 576 1.173101712746
365.182382361024 -76.615713797223 577 1.173298455810
365.132394510730 -76.616771505628 578 1.173495198874
365.082406660435 -76.617829214033 579 1.173691941937
365.032418810140 -76.618886922438 580 1.173888685001
364.982430959845 -76.619944630843 581 1.174085428065
364.932443109550 -76.621002339248 582 1.174282171129
364.882455259255 -76.622060047653 583 1.174478914192
364.832467408960 -76.623117756058 584 1.174675657256
364.782479558666 -76.624175464463 585 1.174872400320
364.732491708371 -76.625233172868 586 1.175069143383
364.682503858077 -76.626290881273 587 1.175265886447
364.632516007782 -76.627348589678 588 1.175462629511
364.582528157486 -76.628406298083 589 1.175659372575
364.532540307192 -76.629464006488 590 1.175856115638
364.482552456897 -76.630521714893 591 1.176052858702
364.432629346113 -76.632717663805 592 1.175708552076
364.382663206704 -76.634047651592 593 1.177653045372
364.332671251479 -76.634911155301 594 1.177921869961
364.282680610001 -76.635844412081 595 1.177980475589
364.232689663098 -76.636762877096 596 1.178041590704
364.182697877741 -76.637636442398 597 1.178062712017
364.132705490828 -76.638474867279 598 1.178041825595
364.082712859898 -76.639298299286 599 1.178004228936
364.032838010770 -76.641913388507 600 1.177178805869
363.983041221937 -76.645487094656 601 1.177423523074
363.933285953197 -76.649373973067 602 1.177985359011
363.883489746752 -76.652946701495 603 1.180281637676
363.833547856887 -76.654586392040 604 1.185068982629
363.783557080334 -76.655513723789 605 1.189054766580
363.733564880950 -76.656361517022 606 1.189052354560
363.683603893291 -76.658005933076 607 1.189173166552
363.633807110535 -76.661446809570 608 1.188197924722
363.584047922302 -76.665306871231 609 1.188231955409
363.534268409530 -76.669017583463 610 1.190267283311
363.484357824475 -76.671327081681 611 1.194222945153
363.434375568351 -76.672477815002 612 1.199897030514
363.384445800819 -76.674569694837 613 1.199744683940
363.334626482320 -76.677922112783 614 1.199660565110
363.284718835866 -76.680292991324 615 1.201240048558
363.234738651171 -76.681500805848 616 1.205458470595
363.184839710705 -76.683933104634 617 1.204992082535
363.135033581144 -76.687421080133 618 1.205189442288
363.085107250863 -76.689392905663 619 1.207429617158
363.035118205463 -76.690353588712 620 1.210996421701
362.985127107439 -76.691261817840 621 1.211054066312
362.935136793767 -76.692212143724 622 1.211135454523
362.885293883855 -76.695128440852 623 1.210062302377
362.835492567522 -76.698669887978 624 1.210408580865
362.785551436722 -76.700280205178 625 1.213777107056
362.735560294860 -76.701189090862 626 1.216682638809
362.685568067628 -76.702035709129 627 1.216672567300
362.635577302774 -76.702960098402 628 1.216729258896
362.585723983894 -76.705796957967 629 1.215737824607
362.535921308021 -76.709328195731 630 1.216091030937
362.485981142569 -76.710947547674 631 1.219293504975
362.435988550641 -76.711769757202 632 1.222107245631
362.385996646905 -76.712634599870 633 1.222110929785
362.336005423233 -76.713539137777 634 1.222151349560
362.286102523752 -76.715924642807 635 1.221617558084
362.236280325616 -76.719283897794 636 1.221901203793
362.186339147382 -76.720271115687 637 1.223054880877
362.136413453458 -76.719084044240 638 1.223895873320
362.086452444532 -76.719594079705 639 1.223564990031
362.036591639888 -76.722464831537 640 1.222557682063
361.986691777951 -76.725033747772 641 1.223888593987
361.936717415064 -76.726321868932 642 1.227304553321
361.886725537920 -76.727187651155 643 1.227663720549
361.846205105299 -76.727845268285 644 1.227614921199
361.836367051535 -76.728008314115 645 1.227601317320
361.794809730561 -76.728762841366 646 1.227516579486
361.753253174176 -76.729559447250 647 1.227467285214
361.711696283856 -76.730339771524 648 1.227466267510
361.670138943664 -76.731097191861 649 1.227459749741
361.628642599278 -76.732759719048 650 1.225887157567
361.587205064200 -76.735549065408 651 1.224953711687
361.545760596966 -76.738446521781 652 1.224201094213
361.504284084166 -76.740718475297 653 1.224662955067
361.462806139596 -76.742680086272 654 1.224777422171
361.421380194567 -76.743599869949 655 1.224792351862
361.379939552822 -76.743022304432 656 1.223722246347
361.338470439832 -76.743374709273 657 1.224321144094
361.297009043789 -76.745715568079 658 1.227965846326
361.255575156446 -76.748529021001 659 1.228519197641
361.214076653499 -76.750173178431 660 1.227669910266
361.172518820058 -76.750901406253 661 1.227799864393
361.130961195652 -76.751641927198 662 1.228198960703
361.089403836251 -76.752398198613 663 1.227503762557
361.047846384074 -76.753149071324 664 1.227571776176
361.006312591654 -76.754332875345 665 1.228058604284
360.964814916873 -76.756193494916 666 1.229202068854
360.923363229452 -76.758559890758 667 1.230843455853
360.881885653246 -76.760673469576 668 1.232241072567
360.840354227494 -76.762136441212 669 1.233010175078
360.798801214134 -76.763034031198 670 1.233093240206
360.757244533868 -76.763822683792 671 1.233099929553
360.715686957870 -76.764567590018 672 1.233084145670
360.674141093366 -76.765648899289 673 1.232917726539
360.632670524683 -76.767838162555 674 1.232308314111
360.591251192437 -76.770814902006 675 1.231135419998
360.549779367030 -76.772869065231 676 1.232075166230
360.508227205625 -76.773826413453 677 1.235216012434
360.466670483790 -76.774617590586 678 1.236941906448
360.425113412882 -76.775389650775 679 1.233523836018
360.383559221406 -76.776253400807 680 1.231307823707
360.342011896037 -76.777342620042 681 1.229559235869
360.300520667263 -76.779215662497 682 1.229633630747
360.259046290954 -76.781316128096 683 1.230670589742
360.217578203639 -76.783477959870 684 1.231955166948
360.176048219451 -76.784797499036 685 1.232498103070
360.134498894289 -76.785833232250 686 1.232780602022
360.092942891648 -76.786660844382 687 1.232875934988
360.051427962243 -76.788181375233 688 1.233687315979
360.009976359958 -76.790773628058 689 1.235591197487
359.968533817292 -76.793483737971 690 1.237620926602
359.927076130436 -76.795921750896 691 1.239377946710
359.885593542143 -76.797917703955 692 1.240690875717
359.844163009559 -76.800435315162 693 1.242517799391
359.802657302591 -76.802160163547 694 1.243475913740
359.761118163893 -76.803442432056 695 1.243924091392
359.719561761783 -76.804248409009 696 1.241070585605
359.678032040475 -76.805622000392 697 1.238466072632
359.636528398942 -76.807382083678 698 1.237249143347
359.595085279048 -76.809763592445 699 1.237474343956
359.553653227514 -76.812262281545 700 1.238168512415
359.512226031275 -76.814844067163 701 1.239984442694
359.470795583194 -76.817410216810 702 1.241840580833
359.429360657140 -76.819910734107 703 1.243569112253
359.387922555517 -76.822361686760 704 1.245189638752
359.346480046872 -76.824752390642 705 1.246750216275
359.305097162558 -76.827541406403 706 1.248762898648
359.263770187451 -76.830691502779 707 1.251169824854
359.222584998995 -76.834619455034 708 1.254382041017
359.181428152004 -76.838694342194 709 1.257761872042
359.140286826903 -76.842872484497 710 1.261265095694
359.099137839609 -76.847049198494 711 1.264713286660
359.058074839266 -76.852094368878 712 1.268960605601
359.017144367754 -76.858468869851 713 1.274513014810
358.976532613585 -76.865972547546 714 1.281218249475
358.935976929535 -76.871505202636 715 1.285993651241
358.895405962855 -76.875381529443 716 1.289151413278
358.854758025546 -76.880227888814 717 1.293317742499
358.814135900888 -76.887183387398 718 1.299628660573
358.773553616406 -76.894963063853 719 1.306777826750
358.733018576823 -76.901912609156 720 1.313082065060
358.692434426169 -76.907925957189 721 1.318411078503
358.651844322241 -76.913945841948 722 1.323712291257
358.610811539247 -76.918585697615 723 1.327577327166
358.569712291820 -76.922955292320 724 1.331122351317
358.528564395116 -76.927072446426 725 1.332063821007
358.487677292738 -76.932158431600 726 1.333394076415
358.446873271940 -76.937523181206 727 1.335749926007
358.406145020811 -76.943146247591 728 1.339627112882
358.365430807579 -76.948814428876 729 1.344743921319
358.324715015975 -76.954476936818 730 1.350170196302
358.283997864785 -76.960144098748 731 1.356291495676
358.243280830949 -76.965846525930 732 1.362745071178
358.202564312613 -76.971576006262 733 1.365387147344
358.161907948755 -76.978196647798 734 1.369696403385
358.121309540775 -76.985881784826 735 1.375335533349
358.080732772512 -76.993785569788 736 1.382275789522
358.040167609547 -77.001793759116 737 1.389612737947
357.999633497831 -77.009852671198 738 1.396949395136
357.959206850088 -77.017132266782 739 1.403430777486
357.918910283986 -77.023889105105 740 1.409379277614
357.878783306826 -77.031695475938 741 1.416416789876
357.838563127193 -77.040233714287 742 1.424240104644
357.798184945118 -77.048844733267 743 1.432188118298
357.757821178874 -77.058090542647 744 1.440752115997
357.717672560423 -77.068428736043 745 1.450391943365
357.677902958970 -77.080108089620 746 1.461369026599
357.638667147338 -77.093600349573 747 1.474165963099
357.599668478360 -77.107826268390 748 1.487701868106
357.560973030524 -77.122908767469 749 1.502086225653
357.522441040378 -77.138458707273 750 1.516900876944
357.483985678867 -77.154204038735 751 1.531819133920
357.445622490175 -77.170186470609 752 1.543630192402
357.407466746978 -77.186647753668 753 1.555748897847
357.369909045387 -77.204360643137 754 1.569215715836
357.332715896612 -77.222829564592 755 1.583554093850
357.295874209016 -77.242046317455 756 1.599386774190
357.259078800550 -77.261353225381 757 1.616198163676
357.222590434103 -77.281217978528 758 1.633838575690
357.186149932264 -77.301196895804 759 1.651958870572
357.149794972757 -77.321340244152 760 1.662127653836
357.113857698080 -77.342159789789 761 1.663791040099
357.078363352016 -77.363738818309 762 1.666514537454
357.042591620577 -77.384861867215 763 1.669189869421
357.006466237320 -77.405409708642 764 1.671088088347
356.970527870878 -77.426272609725 765 1.672258345646
356.935524274349 -77.448615366756 766 1.672260745710
356.901396548250 -77.472338504776 767 1.674663997179
356.867669835397 -77.496616083418 768 1.677914650431
356.834290361498 -77.521376125288 769 1.682624798851
356.800846215784 -77.546045756711 770 1.686043876213
356.766983991721 -77.570103757160 771 1.684822482373
356.732914071390 -77.593847240901 772 1.683792268239
356.699842611402 -77.618902152579 773 1.684571967603
356.667690666342 -77.645242183666 774 1.687777237689
356.635687016204 -77.671761578218 775 1.691809001683
356.603838035239 -77.698464484724 776 1.691446155232
356.571919528820 -77.725075910571 777 1.690517528648
356.539816714025 -77.751464257688 778 1.690899087471
356.507528827725 -77.777629451662 779 1.691758031354
356.475967941118 -77.804653179448 780 1.692162308684
356.445576008175 -77.832952189437 781 1.690539154950
356.415935738453 -77.862059520900 782 1.690408989463
356.386081059858 -77.890956531651 783 1.690300888737
356.355924276984 -77.919558390079 784 1.690443406892
356.326088279476 -77.948490953005 785 1.689182664890
356.296698929867 -77.977865833492 786 1.684260239514
356.267579224292 -78.007506808690 787 1.680661673045
356.238788594155 -78.037395456845 788 1.678439579436
356.210887531215 -78.068036442201 789 1.677620255656
356.183268807206 -78.098902867391 790 1.676846045341
356.154555570697 -78.128784788587 791 1.674555136769
356.124885479574 -78.157859143606 792 1.674535572805
356.095667994759 -78.187359470426 793 1.672821522071
356.067829810696 -78.218209749788 794 1.669811263755
356.040489345062 -78.249507155901 795 1.667372795407
356.013745014537 -78.281297946918 796 1.664422199910
355.986954718157 -78.313009734400 797 1.658276406910
355.959814194377 -78.344360743241 798 1.651662047917
355.932472354817 -78.375495956346 799 1.644776810730
355.905318236423 -78.406820878069 800 1.638101508474
355.880001196547 -78.439569970229 801 1.633682835673
355.856297803213 -78.473597532544 802 1.631282489730
355.833004110812 -78.507950600067 803 1.629395957776
355.809238745695 -78.541914285397 804 1.626903755246
355.785066763447 -78.575539062148 805 1.623887729013
355.760374968577 -78.608670093872 806 1.620235772199
355.736141919098 -78.642210736726 807 1.617261213809
355.712316374949 -78.676118638062 808 1.614880936100
355.689631194004 -78.710918431586 809 1.613943669384
355.667045549445 -78.745788061431 810 1.613026223365
355.644510536819 -78.780696377100 811 1.612039811340
355.621335784338 -78.815147570418 812 1.609444661677
355.598061965274 -78.849524833446 813 1.605916808996
355.574761398148 -78.883872685204 814 1.602675105465
355.552081070006 -78.918675726644 815 1.600500501664
355.529754163654 -78.953702176617 816 1.599292842301
355.508004091630 -78.989080442102 817 1.599101705979
355.486475364041 -79.024586526695 818 1.599136188933
355.464584005852 -79.059879236484 819 1.597431599705
355.442216633885 -79.094893242595 820 1.594848718614
355.419792836817 -79.129873036280 821 1.591915672837
355.397851519490 -79.165132621527 822 1.589228662794
355.376293948396 -79.200618939203 823 1.585755854823
355.354799443947 -79.236140135704 824 1.582006956531
355.333668488234 -79.271883418244 825 1.578644818527
355.312907275054 -79.307860357759 826 1.575692500505
355.292891281928 -79.344252608832 827 1.570441623245
355.273362547991 -79.380902673047 828 1.565642143489
355.253913806880 -79.417595167504 829 1.561104534183
355.234458467743 -79.454281489518 830 1.557029280241
355.215052096974 -79.490995347262 831 1.553074586179
355.196242803255 -79.527985845212 832 1.549353710415
355.179474800968 -79.565968421317 833 1.547102797502
355.163450524143 -79.604284598349 834 1.544231073959
355.147407560751 -79.642610338019 835 1.540675510962
355.130733344156 -79.680663396693 836 1.536910241593
355.113862420078 -79.718624690995 837 1.533251324970
355.097172857239 -79.756638837662 838 1.530549525877
355.080922459284 -79.794843170468 839 1.528520886634
355.065008828953 -79.833187020179 840 1.520408389593
355.049989944661 -79.871867810093 841 1.513295161331
355.035490837401 -79.910736573491 842 1.506969206850
355.020653496924 -79.949494233082 843 1.501218405987
355.005203441323 -79.988042714293 844 1.495020544123
354.989484014026 -80.026495484888 845 1.488887178513
354.974778648976 -80.065295329271 846 1.481563811436
354.961514095961 -80.104611063083 847 1.475566993168
354.949140100861 -80.144214322680 848 1.470433331164
354.937994706269 -80.184106477431 849 1.466356409547
354.927693863256 -80.224199919579 850 1.461159470614
354.916900013998 -80.264191580698 851 1.454907788865
354.905317053992 -80.304015630639 852 1.447689983765
354.893427018228 -80.343769227691 853 1.440020070352
354.882842962399 -80.383880453992 854 1.432360202584
354.873257537904 -80.424246618031 855 1.424745490503
354.863973384183 -80.464695900406 856 1.417330465753
354.854504586485 -80.505081235217 857 1.409626505188
354.844926530452 -80.545426820590 858 1.401035633325
354.835611053446 -80.585777249846 859 1.391137705994
354.827081727393 -80.626246038347 860 1.382080705468
354.818966098454 -80.666788011047 861 1.374411642983
354.811310158123 -80.707456339596 862 1.367441298936
354.803849444071 -80.748163925967 863 1.361446036845
354.796511017833 -80.788893267290 864 1.355957713642
354.789919231136 -80.829680984246 865 1.349930530616
354.783936238094 -80.870521784584 866 1.343165961577
354.778001698844 -80.911365324654 867 1.336448930536
354.772143952017 -80.952208447949 868 1.329807527237
354.766317521855 -80.993049369460 869 1.323197194549
354.761007560425 -81.033896146590 870 1.317128114818
354.756449030828 -81.074751199319 871 1.311833502020
354.752093944430 -81.115603357878 872 1.306757376179
354.746888907906 -81.156434924849 873 1.300831575979
354.740937581927 -81.197260849438 874 1.294158435549
354.734667285934 -81.237926059782 875 1.287168416598
354.728892754165 -81.278483614487 876 1.280669578319
354.723501541708 -81.318968227318 877 1.274540384924
354.718434597984 -81.359569128973 878 1.268711984430
354.713625256127 -81.400260834386 879 1.263124133245
354.709220889758 -81.441083764049 880 1.257959185639
354.705059076458 -81.481984141499 881 1.252814828691
354.701119039551 -81.522953322504 882 1.247611574506
354.697833019407 -81.564088729559 883 1.242990602391
354.694601220804 -81.605236295488 884 1.238423428083
354.691382540539 -81.646386276118 885 1.233869286719
354.687658636134 -81.687411991268 886 1.228814226006
354.683867730168 -81.728414780727 887 1.223692944080
354.680028982591 -81.769401677808 888 1.218524362230
354.676514240599 -81.810476403385 889 1.213676760887
354.673328324827 -81.851582635863 890 1.209156788301
354.670455226151 -81.892718441729 891 1.204948506634
354.667759426929 -81.933893708294 892 1.200916148520
354.665169159894 -81.975091138157 893 1.196988546670
354.662681247481 -82.016310063982 894 1.193162546881
354.660245180687 -82.057539445182 895 1.189388025588
354.658244967561 -82.098843693426 896 1.186046694998
354.656699866605 -82.140226114184 897 1.183157696036
354.655445108031 -82.181647615193 898 1.180557616220
354.654397609678 -82.223092511327 899 1.178163926953
354.653576152335 -82.264562782331 900 1.175995334773
354.653202041700 -82.306071041946 901 1.174272618626
354.652760655814 -82.347574307237 902 1.172482825044
354.652216825293 -82.389069740647 903 1.170590895425
354.651147977406 -82.430513108187 904 1.168175917570
354.649986165284 -82.471945932584 905 1.165668367172
354.648744104428 -82.513369077532 906 1.163080924949
354.648290999808 -82.554870181948 907 1.161279489040
354.648023318245 -82.596385348734 908 1.159662921313
354.647926188141 -82.637911409023 909 1.158216460995
354.648304489422 -82.679456074397 910 1.157244576421
354.648948432587 -82.721004118342 911 1.156538083659
354.649920200605 -82.762554402221 912 1.156159169842
354.650852722029 -82.804105011465 913 1.155741019584
354.651479750109 -82.845650575235 914 1.155017701263
354.651616675382 -82.887187847214 915 1.153804808397
354.651558283887 -82.928715821791 916 1.152397004025
354.651728077880 -82.970250883104 917 1.151217034356
354.652350622205 -83.011800845704 918 1.150489091710
354.653321767620 -83.053350504711 919 1.150109575922
354.654250004191 -83.094900541356 920 1.149687161681
354.654982137335 -83.136451397549 921 1.149068720943
354.655167568711 -83.177988791302 922 1.147904304606
354.655192370438 -83.219520933673 923 1.146579514092
354.655108546020 -83.261047720329 924 1.145146328830
354.655093173600 -83.268663248428 925 1.144883499377
354.657190235840 -83.313728443807 926 1.144514185808
354.660258461518 -83.363314334405 927 1.143073528290
354.663335083010 -83.412899594713 928 1.142872710633
354.666411704502 -83.462484855021 929 1.143559823387
354.669221755032 -83.512093127587 930 1.145308830476
354.670893394191 -83.561765840599 931 1.148197363138
354.672222470493 -83.611449574642 932 1.150864973252
354.674710056455 -83.661079436133 933 1.150178956610
354.677648862074 -83.710676740660 934 1.148853378102
354.680671837901 -83.760266874402 935 1.149198733638
354.683742767028 -83.809852653158 936 1.149993502371
354.686527436559 -83.859462782809 937 1.151578995518
354.688247767400 -83.909131850536 938 1.154331812165
354.689523531859 -83.958816476092 939 1.156869275961
354.691761635407 -84.008460426163 940 1.156416757492
354.694673262568 -84.058059333201 941 1.155018932606
354.697217640842 -84.107686744016 942 1.155621733189
354.698873367422 -84.157358495675 943 1.157679507373
354.700152727001 -84.207043155110 944 1.159426778688
354.701442338367 -84.256727776306 945 1.159101216607
354.702766104007 -84.306411732552 946 1.158809812372
354.704818005335 -84.356066351669 947 1.158501021146
354.707671106420 -84.405668891475 948 1.157155861285
354.710795504857 -84.455249665844 949 1.156941948037
354.713909148281 -84.504831478256 950 1.157400417274
354.716898436047 -84.554424518415 951 1.158918705453
354.718920321062 -84.604076431762 952 1.161602940267
354.720269301135 -84.653759202034 953 1.164851673861
354.722213556155 -84.703417294050 954 1.164787210426
354.725013646780 -84.753023783694 955 1.163376799856
354.728128743336 -84.802605439345 956 1.163164789056
354.731238292817 -84.852187631576 957 1.163568862097
354.734097914960 -84.901791242081 958 1.165236810027
354.735276955260 -84.951446773699 959 1.168739853866
354.735035681455 -85.001111046382 960 1.168488225030
354.735089851350 -85.050783769579 961 1.166928260534
354.735931709376 -85.100470894178 962 1.166155100222
354.737117470677 -85.150157256197 963 1.165725686352
354.738367850749 -85.199842621736 964 1.165360889509
354.739629568899 -85.249527786607 965 1.165007431276
354.740876651041 -85.299213209351 966 1.164639336386
354.742106233752 -85.348898937637 967 1.164253741377
354.742800227305 -85.398582214474 968 1.163332919710
354.742670054669 -85.448251630697 969 1.161588817493
354.742442816142 -85.497918008640 970 1.159747799373
354.742917823759 -85.547599788027 971 1.158608156077
354.744048100832 -85.597286676777 972 1.158123270163
354.745315748599 -85.646971733060 973 1.157775741945
354.746607594538 -85.696656315705 974 1.157452414510
354.748499643375 -85.746312828168 975 1.157197112538
354.751342886524 -85.795917693174 976 1.155670530475
354.754441973336 -85.845500859297 977 1.155716334725
354.757594215119 -85.895079029966 978 1.156386143261
354.760766149767 -85.944655326586 979 1.157751032275
354.763900580326 -85.994235182683 980 1.159269496065
354.767034371435 -86.043815066652 981 1.160884317066
354.770749198198 -86.093322239147 982 1.161893721157
354.775633021365 -86.142672753080 983 1.161623168314
354.780357157134 -86.192040564620 984 1.161642209557
354.783866300188 -86.241580254914 985 1.163454941272
354.786719177726 -86.291183264884 986 1.167890890360
354.788866560151 -86.340833456791 987 1.173714057506
354.790341264210 -86.390513666716 988 1.178616224677
354.791655440414 -86.440197813773 989 1.178315229869
354.792932857376 -86.489882687437 990 1.177977471622
354.794200505142 -86.539567743720 991 1.177629943402
354.795468152911 -86.589252800002 992 1.177282415185
354.796933060662 -86.638930337836 993 1.177132287090
354.799292799757 -86.688569810371 994 1.176160108230
354.802104165883 -86.738177699141 995 1.176015896126
354.804467738876 -86.787815314547 996 1.176846200305
354.805950807701 -86.837495277987 997 1.179437528762
354.807208995934 -86.887180504781 998 1.179335953264
354.808441601406 -86.936866181992 999 1.178953381079
354.809670358589 -86.986551923177 1000 1.178566960559
354.810922810005 -87.036237254483 1001 1.178204235078
354.812108240290 -87.085922459639 1002 1.177774527959
354.812468550794 -87.135606589500 1003 1.176520171742
354.812127681113 -87.185268693134 1004 1.174565721370
354.812289519348 -87.234943571638 1005 1.173113298318
354.814604431018 -87.284586742409 1006 1.172341911399
354.817465346287 -87.334190536599 1007 1.172129499343
354.819620624470 -87.383843017069 1008 1.173150523619
354.821093316505 -87.433523439465 1009 1.175459630822
354.822667444894 -87.483200924075 1010 1.175418667415
354.825283964367 -87.532824204373 1011 1.174418924906
354.828176022298 -87.582425738862 1012 1.174319174918
354.831067564267 -87.632027334057 1013 1.175068769599
354.833955586021 -87.681629226348 1014 1.176343994805
354.836842794925 -87.731231187178 1015 1.177643126112
354.838593509498 -87.780900964718 1016 1.180073240270
354.839917890252 -87.830584715771 1017 1.181371832000
354.841189760138 -87.880269692678 1018 1.181028526252
354.842427483840 -87.929955280273 1019 1.180651072506
354.843654159695 -87.979641057658 1020 1.180262570581
354.845996263954 -88.029279485974 1021 1.179442327696
354.848825870141 -88.078885886427 1022 1.179267161864
354.851327111369 -88.128516851204 1023 1.180174682733
354.852984744842 -88.178189378668 1024 1.182633626146
354.854309952260 -88.227873161185 1025 1.182846480415
354.855567355514 -88.277558400243 1026 1.182488707154
354.856800550684 -88.327244066065 1027 1.182106724726
354.858409228570 -88.376919739080 1028 1.181957651080
354.860860692818 -88.426551458038 1029 1.181287488676
354.863695373539 -88.476157597472 1030 1.181054938229
354.865870787594 -88.525805990452 1031 1.182587826068
354.867390808647 -88.575483838296 1032 1.184624885375
354.868701149853 -88.625168039939 1033 1.184320055820
354.869987359010 -88.674852747092 1034 1.183991090534
354.871272977271 -88.724537465581 1035 1.183661534297
354.872530585819 -88.774222698177 1036 1.183303966431
354.873745177760 -88.823908666602 1037 1.182903380765
354.874939210697 -88.873594969686 1038 1.182482236078
354.876196657294 -88.923280166924 1039 1.182124507496
354.877511076361 -88.972964310793 1040 1.181823755526
354.878802558304 -89.022648902046 1041 1.181500064008
354.880033123064 -89.072334593884 1042 1.181115451714
354.881230850458 -89.122020839080 1043 1.180698001413
354.883173335398 -89.171676793186 1044 1.180052013977
354.885861647873 -89.221293785089 1045 1.179761403982
354.888245641843 -89.270929616097 1046 1.180642484717
354.889112212174 -89.320597823241 1047 1.181151106204
354.888808809853 -89.370260549267 1048 1.179635912374
354.888996310116 -89.419933271664 1049 1.178778751778
354.890031729265 -89.469620380909 1050 1.178199050871
354.891303455967 -89.519305357158 1051 1.177855602034
354.892589984737 -89.568990058178 1052 1.177526956391
354.893877186485 -89.618674746274 1053 1.177198983792
354.895147794431 -89.668359741847 1054 1.176854416162
354.896389684477 -89.718045256730 1055 1.176481128923
354.897812622328 -89.767726084583 1056 1.176288946182
354.899907979114 -89.817377025447 1057 1.175829832653
354.902656969711 -89.866989940647 1058 1.175393587045
354.905590920837 -89.916587856739 1059 1.176106322068
354.908619339287 -89.966177477380 1060 1.177104497400
354.911677976947 -90.015764380074 1061 1.178336910590
354.914668179120 -90.065357372059 1062 1.179809383084
354.917573978271 -90.114957754462 1063 1.181426323720
354.920844733516 -90.164519156411 1064 1.182519360560
354.925042187646 -90.213972697986 1065 1.182518751054
354.929494264223 -90.263390270418 1066 1.182536911205
354.932771821071 -90.312933575657 1067 1.185308651013
354.934378202878 -90.362608678225 1068 1.190262782358
354.935626246023 -90.412294065551 1069 1.193137485519
354.936932745183 -90.461978371635 1070 1.192828812554
354.938444642051 -90.511655967759 1071 1.192588821217
354.940645779172 -90.561303439832 1072 1.192344492505
354.943453053445 -90.610912002108 1073 1.192031787400
354.945981459936 -90.660535771329 1074 1.193320116894
354.947502769628 -90.710214443636 1075 1.195326870609
354.949068028800 -90.759886024613 1076 1.194923109478
354.951757039150 -90.809503164131 1077 1.194287166364
354.954661036870 -90.859101958125 1078 1.194903116877
354.956817741644 -90.908752236885 1079 1.196819150163
354.958235833123 -90.958433962678 1080 1.197988419496
354.959503480891 -91.008119018960 1081 1.197640891279
354.960808894380 -91.057803190775 1082 1.197331137579
354.962477919543 -91.107474614587 1083 1.197159627089
354.965126103520 -91.157095370138 1084 1.196536309797
354.967931507689 -91.206702857835 1085 1.197258711287
354.969983921132 -91.256359868024 1086 1.199146000327
354.971346688233 -91.306042953400 1087 1.199796862136
354.972584791012 -91.355728534145 1088 1.199419787490
354.973860623079 -91.405413438066 1089 1.199080444200
354.975186627988 -91.455096807007 1090 1.198791297135
354.977205779143 -91.504756134761 1091 1.198682572011
354.979892990636 -91.554374123471 1092 1.198430224012
354.982693173502 -91.603982890723 1093 1.199215502534
354.984579874783 -91.653648707287 1094 1.201236070227
354.985912198555 -91.703332486667 1095 1.201444831916
354.987161120610 -91.753017880735 1096 1.201078576899
354.988410976745 -91.802703258563 1097 1.200713255995
354.989661239341 -91.852388629188 1098 1.200348341572
354.990911537138 -91.902073999190 1099 1.199983462352
354.992161835914 -91.951759369174 1100 1.199618584111
354.993412134689 -92.001444739158 1101 1.199253705869
354.994655675860 -92.051130227959 1102 1.198882069731
354.995879849987 -92.100816046648 1103 1.198491066056
354.997097637782 -92.150501971616 1104 1.198093675968
354.998551638713 -92.200182748777 1105 1.197932541551
355.000874551618 -92.249823777737 1106 1.197499872073
355.003524136796 -92.299444475284 1107 1.198056130999
355.006021523266 -92.349076071424 1108 1.199135187463
355.007672647794 -92.398748549487 1109 1.200596375569
355.008963780323 -92.448432984016 1110 1.200272339915
355.010224406593 -92.498118168093 1111 1.199917789755
355.011511489126 -92.547802855717 1112 1.199589698019
355.012809876105 -92.597487326078 1113 1.199272911819
355.014093689567 -92.647172077634 1114 1.198941550660
355.015335422395 -92.696857589449 1115 1.198568106386
355.016556914648 -92.746543452858 1116 1.198174420800
355.017780742116 -92.796229277814 1117 1.197783070447
355.019020864078 -92.845914824592 1118 1.197408015020
355.020269796717 -92.895600218663 1119 1.197041770581
355.021519698840 -92.945285595676 1120 1.196676495668
355.022768874947 -92.994970985537 1121 1.196310494704
355.024017683406 -93.044656381899 1122 1.195944126075
355.025296096213 -93.094341228773 1123 1.195607364017
355.026613987682 -93.144025301247 1124 1.195310084936
355.027949339580 -93.193709016458 1125 1.195030268672
355.029251126965 -93.243393404874 1126 1.194716883746
355.030514357407 -93.293078538230 1127 1.194364938030
355.031764525932 -93.342763910458 1128 1.193999929534
355.033699196632 -93.392421330952 1129 1.193564086828
355.036287472923 -93.442046099434 1130 1.194028114558
355.038917425462 -93.491668252179 1131 1.194903424201
355.040890039987 -93.541324879691 1132 1.196650437371
355.042261781512 -93.591007426528 1133 1.196412008741
355.043511863436 -93.640692800355 1134 1.196042335034
355.044761272988 -93.690378186085 1135 1.195671759599
355.046010132806 -93.740063581540 1136 1.195300913305
355.047269002905 -93.789748796038 1137 1.194948669415
355.048550376321 -93.839433592191 1138 1.194620701652
355.049847346215 -93.889118090407 1139 1.194300680938
355.051133456612 -93.938802795159 1140 1.193955853854
355.052384623055 -93.988488140660 1141 1.193566790725
355.053608507262 -94.038173964406 1142 1.193165545552
355.054831630275 -94.087859800737 1143 1.192774561636
355.056067934566 -94.137545413405 1144 1.192400536897
355.057315880290 -94.187230824919 1145 1.192030999224
355.058575409031 -94.236916026915 1146 1.191683158398
355.059857405401 -94.286600812210 1147 1.191356734955
355.060771963785 -94.324518135112 1148 1.191090130058
355.061315138627 -94.344422412575 1149 1.190986232304
355.062712241248 -94.386681122439 1150 1.190868444089
355.064354287490 -94.428930529241 1151 1.191128154782
355.066410737514 -94.471155658539 1152 1.191487718117
355.068530720239 -94.513376025794 1153 1.192412417318
355.070690669274 -94.555593366197 1154 1.193486055605
355.072879385596 -94.597808439320 1155 1.194310641028
355.075087109966 -94.640021980220 1156 1.195145478447
355.077301718795 -94.682234965084 1157 1.195987214758
355.079519009036 -94.724447731564 1158 1.196831638161
355.081078812247 -94.766699811753 1159 1.196543473767
355.082418889445 -94.808961078290 1160 1.196983741871
355.083589288727 -94.851227333257 1161 1.196780089075
355.085428401864 -94.893466605803 1162 1.197245673779
355.088318150238 -94.935584053164 1163 1.198765297569
355.092928774837 -94.977544189475 1164 1.202010000590
355.097430238096 -95.019453749827 1165 1.204939043395
355.101423146265 -95.061376221196 1166 1.206362035169
355.105379126981 -95.103288439034 1167 1.208482091881
355.109472375183 -95.145174595906 1168 1.211052244103
355.113604166581 -95.187054819517 1169 1.214327282780
355.117538926697 -95.228974443562 1170 1.217525993874
355.121045334068 -95.270985134333 1171 1.220328142699
355.124216689131 -95.313053861156 1172 1.222774093593
355.127318310431 -95.355134192559 1173 1.225135340494
355.131201944164 -95.397181376706 1174 1.228275601033
355.135695370248 -95.439183435302 1175 1.231972076819
355.140274112858 -95.481177264804 1176 1.235729533225
355.144129387571 -95.523204851972 1177 1.238755804174
355.147434937594 -95.565267750920 1178 1.239623114419
355.150628372702 -95.607339047217 1179 1.239812168979
355.153712575036 -95.649415589908 1180 1.239986235183
355.156763113472 -95.691492804173 1181 1.241101127786
355.159903903133 -95.733555574172 1182 1.242545263579
355.163142640643 -95.775610647107 1183 1.244747232296
355.166429030985 -95.817661515243 1184 1.247090160125
355.169181172228 -95.859790003998 1185 1.248992351683
355.172493836429 -95.901914313997 1186 1.251556881153
355.175928169379 -95.944054106828 1187 1.254295745588
355.179563637978 -95.986174765745 1188 1.257237763100
355.184648035630 -96.028132207307 1189 1.261564832543
355.190703833269 -96.069977839361 1190 1.266814391701
355.197009614194 -96.111785771812 1191 1.272295664876
355.205240968657 -96.153206920782 1192 1.278481789988
355.214222924450 -96.194500365790 1193 1.284501859214
355.223278934927 -96.235780060542 1194 1.285615435468
355.233855746314 -96.276651884270 1195 1.284708215499
355.245267585835 -96.317305263282 1196 1.283242009568
355.257014645046 -96.357878411859 1197 1.282160213687
355.269394745622 -96.398249099947 1198 1.281059015574
355.282230460594 -96.438483917013 1199 1.279881096984
355.295421103087 -96.478624386192 1200 1.278608037277
355.309109401578 -96.518599205067 1201 1.277751263172
355.323302034593 -96.558402738424 1202 1.276853537476
355.337834617716 -96.598096626858 1203 1.275562445680
355.352824616652 -96.637615527859 1204 1.274159320872
355.368982312852 -96.676668445586 1205 1.271947649566
355.385898877611 -96.715412599712 1206 1.269171904387
355.404472698564 -96.753375035827 1207 1.268530470402
355.423240142061 -96.791254144880 1208 1.268936195920
355.441697684204 -96.829268737943 1209 1.269325058689
355.458935867702 -96.867842591510 1210 1.268932456062
355.475574979883 -96.906692544070 1211 1.267838957343
355.492532693117 -96.945408217046 1212 1.266177322822
355.510786667646 -96.983543320348 1213 1.265043750578
355.529858809474 -97.021278818372 1214 1.264383567431
355.549064324106 -97.058948199906 1215 1.263009587313
355.568551265015 -97.096469314251 1216 1.261724818220
355.588399369487 -97.133794414696 1217 1.260578255828
355.608490330053 -97.170992200912 1218 1.259414575513
355.629065897900 -97.207912049366 1219 1.258734930629
355.651394056945 -97.243776903098 1220 1.257814675634
355.674065410003 -97.279401461198 1221 1.255135128875
355.696586583459 -97.315118008234 1222 1.254048842158
355.718248642852 -97.351405564005 1223 1.255415300747
355.739383787171 -97.388017593716 1224 1.258683545886
355.760363598057 -97.424725071390 1225 1.262402837416
355.781277032077 -97.461471699165 1226 1.266387314415
355.802159638511 -97.498236320069 1227 1.264308174495
355.823659885226 -97.534637244324 1228 1.261520723716
355.846280401821 -97.570319136669 1229 1.260447340508
355.869248701434 -97.605783253982 1230 1.260508957702
355.891893254231 -97.641466846422 1231 1.261431078862
355.913476544572 -97.677808320332 1232 1.261315190698
355.934877276934 -97.714273862739 1233 1.261647170480
355.956686205609 -97.750485889271 1234 1.261500316866
355.979819990722 -97.785855277543 1235 1.260741318230
356.003439722844 -97.820925678395 1236 1.260422290551
356.026380763351 -97.856415734829 1237 1.257354138027
356.049037852230 -97.892053807350 1238 1.253901250620
356.071265366086 -97.927920060173 1239 1.251777529588
356.093607664858 -97.963716589442 1240 1.246094774981
356.117427909590 -97.998429582607 1241 1.242185890019
356.142000179542 -98.032653532943 1242 1.239142965429
356.166710258734 -98.066797578976 1243 1.236249952214
356.191728218859 -98.100747525215 1244 1.233736633026
356.217016785271 -98.134529094543 1245 1.231582396518
356.242561450109 -98.168144872128 1246 1.229754566227
356.268173407170 -98.201720139380 1247 1.228006116559
356.293925411491 -98.235200399985 1248 1.226385038338
356.320068560496 -98.268406392044 1249 1.225208605038
356.346327029328 -98.301525221467 1250 1.224163095704
356.372638941080 -98.334603406611 1251 1.222589640519
356.398978014895 -98.367661268220 1252 1.220020448782
356.425790164531 -98.400311096260 1253 1.217796864230
356.452940227317 -98.432673673711 1254 1.214749588944
356.480209211304 -98.464940657177 1255 1.211356411679
356.508912971120 -98.495976451181 1256 1.209776647315
356.538154273841 -98.526506380124 1257 1.208897059215
356.567594382951 -98.556849806828 1258 1.208264877095
356.597002028853 -98.587222271031 1259 1.207288304416
356.626408578876 -98.617594381300 1260 1.205362521195
356.655807115756 -98.647973589152 1261 1.203074688468
356.685492986985 -98.678057374216 1262 1.201196381339
356.715481011461 -98.707824474019 1263 1.199791056344
356.745538519065 -98.737518247007 1264 1.198516713453
356.775582381501 -98.767226681957 1265 1.196172998322
356.806831025350 -98.795682754480 1266 1.192790891601
356.838871676927 -98.823132544940 1267 1.191320603811
356.872113030068 -98.849040532877 1268 1.191109363520
356.906431794047 -98.873560057246 1269 1.186995242784
356.940898311182 -98.897956371101 1270 1.183221799328
356.974970065819 -98.922891455161 1271 1.180817781709
357.007588467240 -98.949452884886 1272 1.182091334195
357.039658748961 -98.976697668054 1273 1.185731341389
357.071935200611 -99.003795946437 1274 1.190613122766
357.105505998036 -99.029385128239 1275 1.194212189405
357.139557094650 -99.054447386945 1276 1.197627011666
357.173659876427 -99.079439165434 1277 1.201102877575
357.207256761738 -99.105068064019 1278 1.204493577611
357.240629614254 -99.130982961471 1279 1.206154201937
357.273961090177 -99.156951309515 1280 1.205289722631
357.308169959523 -99.181755940863 1281 1.205449040603
357.342549091545 -99.206356727318 1282 1.206292125776
357.376912096129 -99.230976290344 1283 1.206756931951
357.410695654628 -99.256384921484 1284 1.207626961181
357.444509217176 -99.281762990720 1285 1.205286027131
357.478371600208 -99.307070839726 1286 1.202256431001
357.513046366212 -99.331232902842 1287 1.201202344417
357.548181848133 -99.354740684433 1288 1.201205276408
357.583383567383 -99.378148420934 1289 1.201655892043
357.618378498998 -99.401871063761 1290 1.201837205020
357.653196772331 -99.425859205125 1291 1.201045284812
357.688307624459 -99.449410828124 1292 1.200333877494
357.723785660580 -99.472402163095 1293 1.200083816399
357.759590307723 -99.494882725104 1294 1.199099412517
357.795346190071 -99.517447332867 1295 1.198632524522
357.831044541429 -99.540091282745 1296 1.197339753733
357.866699722043 -99.562780943733 1297 1.195436538571
357.902295227557 -99.585545565037 1298 1.193034184576
357.938182050575 -99.607865952021 1299 1.190966503531
357.974478822568 -99.629520893872 1300 1.188940526790
358.011094894579 -99.650656684249 1301 1.187185415362
358.047797805609 -99.671639847380 1302 1.185324704308
358.084723995289 -99.692208152938 1303 1.182723045577
358.121691645663 -99.712696151548 1304 1.180095578030
358.158670544749 -99.733160992933 1305 1.177614123953
358.196034448019 -99.752866745628 1306 1.176859347549
358.233632746805 -99.772145110697 1307 1.176884570626
358.271298912597 -99.791316041323 1308 1.176966068545
358.308691513845 -99.811036070690 1309 1.171461482665
358.346015670490 -99.830901507527 1310 1.166087784715
358.383585224716 -99.850300501817 1311 1.162652385196
358.422099462316 -99.867537156402 1312 1.163100143752
358.461037830827 -99.883880043236 1313 1.165174123739
358.500224854150 -99.899693256835 1314 1.167646151171
358.538559481328 -99.917375712089 1315 1.166445147201
358.576615677889 -99.935734618092 1316 1.167023458157
358.614664214598 -99.954105818890 1317 1.168049690916
358.653142302943 -99.971588331002 1318 1.167133215207
358.691897986215 -99.988483827502 1319 1.165025160533
358.730673926707 -100.005330045719 1320 1.162701079093
358.769897029555 -100.021111135262 1321 1.161075173910
358.809462906985 -100.036006020922 1322 1.160009166770
358.849238215278 -100.050342983727 1323 1.159452366503
358.889145343805 -100.064307390571 1324 1.159290744936
358.929079152908 -100.078201482809 1325 1.159000096844
358.968977197033 -100.092199854987 1326 1.159007605062
359.008846804144 -100.106277027267 1327 1.158071973342
359.048906837736 -100.119783834294 1328 1.155821639480
359.089122028922 -100.132791408915 1329 1.154150130584
359.129641210067 -100.144754399831 1330 1.153774469106
359.170479225172 -100.155631243554 1331 1.152954047146
359.211406397437 -100.166224724685 1332 1.151153226757
359.252255900940 -100.177108302945 1333 1.150011415229
359.292763255080 -100.189075363181 1334 1.151455837188
359.333207954006 -100.201216269868 1335 1.153677537753
359.373713210634 -100.213110654139 1336 1.155990300867
359.414728323502 -100.223037303126 1337 1.156161977376
359.455886956279 -100.232470463636 1338 1.155606590306
359.497044186145 -100.241899765400 1339 1.155116979164
359.538098788690 -100.251981888798 1340 1.156067812496
359.579124717081 -100.262203683742 1341 1.157485640028
359.620133097481 -100.272501657751 1342 1.160355878720
359.661163934460 -100.282684509169 1343 1.163532537541
359.702286833909 -100.292354785210 1344 1.160466727861
359.743456681563 -100.301769306150 1345 1.157143099822
359.784992331009 -100.309477419825 1346 1.156263687517
359.826654189817 -100.316426206607 1347 1.157204919459
359.868308906096 -100.323331583988 1348 1.158434171369
359.909818742207 -100.331107033615 1349 1.158221653033
359.951230116627 -100.339580933348 1350 1.154899523871
359.992687891140 -100.347864387071 1351 1.151980931590
360.034340150936 -100.355116636338 1352 1.150404602216
360.076182255522 -100.361123000290 1353 1.151100028745
360.118068704617 -100.366848167292 1354 1.153132382870
360.159908234537 -100.372927663739 1355 1.152411110607
360.201535914259 -100.380242917586 1356 1.153090685785
360.243157380739 -100.387577959562 1357 1.153776593448
360.284881941483 -100.394236041857 1358 1.152664365073
360.326865362830 -100.398992201929 1359 1.151988103609
360.368923385472 -100.403227270135 1360 1.150627835318
360.410985651244 -100.407405207404 1361 1.149480736628
360.453058148501 -100.411480406945 1362 1.149576473146
360.495134207337 -100.415518106382 1363 1.150249869994
360.537210339808 -100.419554681865 1364 1.151080876792
360.579371449212 -100.422611738762 1365 1.151348447375
360.621574084059 -100.425213755737 1366 1.151269346630
360.663779590388 -100.427770320934 1367 1.151085493772
360.705876758541 -100.431404399216 1368 1.151983522066
360.747959462157 -100.434863177066 1369 1.152702435953
360.790038717460 -100.437989203055 1370 1.153087372951
360.832229682165 -100.439673456023 1371 1.152166446717
360.874471682200 -100.440767525929 1372 1.151926428406
360.916711856564 -100.441648917120 1373 1.152014781590
360.958969621946 -100.441214621536 1374 1.151517046515
361.001240883979 -100.440279506390 1375 1.151081987440
361.043511866060 -100.439323311868 1376 1.150820455099
361.085766649586 -100.439394185146 1377 1.151857572003
361.128011393662 -100.440035260759 1378 1.153752744311
361.170252944282 -100.440753441554 1379 1.150978118751
361.212485375665 -100.439654062094 1380 1.149858836342
361.254671606300 -100.437100776519 1381 1.150570357763
361.296842393997 -100.434271590023 1382 1.151539467865
361.339071664110 -100.432385315184 1383 1.151556312817
361.381322119918 -100.430739765982 1384 1.151331730722
361.423571810323 -100.429075968013 1385 1.151125413388
361.465821500729 -100.427412170045 1386 1.150919096055
361.508071191134 -100.425748372077 1387 1.150712778722
361.550320881540 -100.424084574109 1388 1.150506461388
361.592570571945 -100.422420776140 1389 1.150300144055
361.634820262351 -100.420756978172 1390 1.150093826722
361.677069952756 -100.419093180203 1391 1.149887509389
361.719319643162 -100.417429382235 1392 1.149681192055
361.761569333567 -100.415765584266 1393 1.149474874722
361.803819023974 -100.414101786298 1394 1.149268557388
361.846068714379 -100.412437988330 1395 1.149062240056
361.888318404785 -100.410774190362 1396 1.148855922722
361.930568095190 -100.409110392393 1397 1.148649605389
361.944998966047 -100.408542102936 1398 1.148579135315
361.986173150419 -100.407015051910 1399 1.148283768956
362.035878262963 -100.405110352128 1400 1.147988402597
362.085583375506 -100.403205652345 1401 1.147693036239
362.135288488049 -100.401300952563 1402 1.147397669880
362.184993600592 -100.399396252780 1403 1.147102303521
362.234698713135 -100.397491552998 1404 1.146806937162
362.284403825679 -100.395586853215 1405 1.146511570803
362.334108938222 -100.393682153433 1406 1.146216204444
362.383814050765 -100.391777453650 1407 1.145920838086
362.433519163308 -100.389872753868 1408 1.145625471727
362.483224275851 -100.387968054086 1409 1.145330105368
362.532929388394 -100.386063354303 1410 1.145034739009
362.582634500938 -100.384158654521 1411 1.144739372650
362.632339613481 -100.382253954738 1412 1.144444006291
362.682044726024 -100.380349254956 1413 1.144148639933
362.731749838568 -100.378444555173 1414 1.143853273574
362.781454951111 -100.376539855391 1415 1.143557907215
362.831160063654 -100.374635155608 1416 1.143262540856
362.880865176197 -100.372730455826 1417 1.142967174497
362.930570288740 -100.370825756043 1418 1.142671808138
362.980275401284 -100.368921056261 1419 1.142376441779
363.029980513827 -100.367016356478 1420 1.142081075421
363.079685626370 -100.365111656696 1421 1.141785709062
363.129390738913 -100.363206956913 1422 1.141490342703
363.179095851456 -100.361302257131 1423 1.141194976344
363.228800963999 -100.359397557349 1424 1.140899609985
363.278506076543 -100.357492857566 1425 1.140604243627
363.328211189086 -100.355588157784 1426 1.140308877268
363.377916301630 -100.353683458001 1427 1.140013510909
363.427621414173 -100.351778758219 1428 1.139718144550
363.477326526716 -100.349874058436 1429 1.139422778191
363.527031639259 -100.347969358654 1430 1.139127411832
363.576736751802 -100.346064658871 1431 1.138832045473
363.626441864345 -100.344159959089 1432 1.138536679114
363.676146976889 -100.342255259306 1433 1.138241312756
363.725852089432 -100.340350559524 1434 1.137945946397
363.775557201975 -100.338445859741 1435 1.137650580038
363.825262314518 -100.336541159959 1436 1.137355213679
363.874967427061 -100.334636460176 1437 1.137059847320
363.924672539605 -100.332731760394 1438 1.136764480961
363.974377652148 -100.330827060611 1439 1.136469114603
364.024082764691 -100.328922360829 1440 1.136173748244
364.073787877234 -100.327017661047 1441 1.135878381885
364.123492989777 -100.325112961265 1442 1.135583015526
364.173198102321 -100.323208261482 1443 1.135287649167
364.222903214864 -100.321303561699 1444 1.134992282809
364.272608327407 -100.319398861917 1445 1.134696916450
364.322313439951 -100.317494162134 1446 1.134401550091
364.372018552494 -100.315589462352 1447 1.134106183732
364.421723665037 -100.313684762569 1448 1.133810817373
364.471428777580 -100.311780062787 1449 1.133515451014
364.521133890123 -100.309875363004 1450 1.133220084656
364.570839002667 -100.307970663222 1451 1.132924718297
364.620544115210 -100.306065963439 1452 1.132629351938
364.670249227753 -100.304161263657 1453 1.132333985579
364.719954340296 -100.302256563874 1454 1.132038619220
364.769659452839 -100.300351864092 1455 1.131743252861
364.819364565382 -100.298447164310 1456 1.131447886502
364.869069677926 -100.296542464527 1457 1.131152520144
364.918774790469 -100.294637764745 1458 1.130855471108
364.968479903012 -100.292733064963 1459 1.130557013449
365.018185015556 -100.290828365180 1460 1.130258555790
365.067890128099 -100.288923665397 1461 1.129960098131
365.117595240642 -100.287018965615 1462 1.129661640473
365.167300353185 -100.285114265832 1463 1.129363182814
365.217005465728 -100.283209566050 1464 1.129064725156
365.266710578272 -100.281304866267 1465 1.128766267497
365.316415690815 -100.279400166485 1466 1.128467809839
365.366120803358 -100.277495466702 1467 1.128169352180
365.415825915901 -100.275590766920 1468 1.127870894521
365.465531028444 -100.273686067137 1469 1.127572436863
365.515236140987 -100.271781367355 1470 1.127273979204
365.564941253531 -100.269876667572 1471 1.126975521546
365.614646366074 -100.267971967790 1472 1.126677063887
365.664351478617 -100.266067268008 1473 1.126378606228
365.714056591160 -100.264162568225 1474 1.126080148569
365.763761703704 -100.262257868443 1475 1.125781690911
365.813466816247 -100.260353168660 1476 1.125483233252
365.863171928790 -100.258448468878 1477 1.125184775594
365.912877041333 -100.256543769095 1478 1.124886317935
365.962582153877 -100.254639069313 1479 1.124587860276
366.012287266420 -100.252734369530 1480 1.124289402617
366.061992378963 -100.250829669748 1481 1.123990944959
366.111697491506 -100.248924969965 1482 1.123692487300
366.161402604049 -100.247020270183 1483 1.123394029642
366.211107716593 -100.245115570401 1484 1.123095571983
366.260812829136 -100.243210870618 1485 1.122797114325
366.310517941679 -100.241306170836 1486 1.122498656666
366.360223054222 -100.239401471053 1487 1.122200199007
366.409928166765 -100.237496771271 1488 1.121901741349
366.459633279308 -100.235592071488 1489 1.121603283690
366.509338391852 -100.233687371706 1490 1.121304826031
366.559043504395 -100.231782671923 1491 1.121006368372
366.608748616939 -100.229877972141 1492 1.120707910714
366.658453729482 -100.227973272358 1493 1.120409453055
366.708158842025 -100.226068572576 1494 1.120110995397
366.757863954568 -100.224163872793 1495 1.119812537738
366.807569067111 -100.222259173011 1496 1.119514080080
366.857274179654 -100.220354473228 1497 1.119215622421
366.906979292198 -100.218449773446 1498 1.118917164762
366.956684404741 -100.216545073663 1499 1.118618707103
367.006389517284 -100.214640373881 1500 1.118320249445
367.056094629827 -100.212735674099 1501 1.118021791786
367.105799742370 -100.210830974316 1502 1.117723334128
367.155504854914 -100.208926274534 1503 1.117424876469
367.205209967457 -100.207021574751 1504 1.117126418810
367.254915080000 -100.205116874969 1505 1.116827961151
367.304620192543 -100.203212175186 1506 1.116529503493
367.354325305087 -100.201307475404 1507 1.116231045834
367.404030417630 -100.199402775621 1508 1.115932588176
367.453735530173 -100.197498075839 1509 1.115634130517
367.503440642716 -100.195593376056 1510 1.115335672858
367.553145755260 -100.193688676274 1511 1.115037215200
367.602850867803 -100.191783976491 1512 1.114738757541
367.652555980346 -100.189879276709 1513 1.114440299883
367.702261092889 -100.187974576926 1514 1.114141842224
367.751966205432 -100.186069877144 1515 1.113843384566
367.801671317975 -100.184165177361 1516 1.113544926906
367.851376430519 -100.182260477579 1517 1.113246469248
367.901081543062 -100.180355777797 1518 1.112948011589
367.950786655605 -100.178451078014 1519 1.112649553931
368.000491768148 -100.176546378232 1520 1.112351096272
368.050196880691 -100.174641678449 1521 1.112052638613
368.099901993235 -100.172736978667 1522 1.111754180955
368.149607105778 -100.170832278884 1523 1.111455723296
368.199312218321 -100.168927579102 1524 1.111157265637
368.249017330865 -100.167022879319 1525 1.110858807979
368.298722443408 -100.165118179537 1526 1.110560350320
368.348427555951 -100.163213479754 1527 1.110261892662
368.398132668494 -100.161308779972 1528 1.109963435003
368.447837781037 -100.159404080190 1529 1.109664977344
368.497542893581 -100.157499380407 1530 1.109366519686
368.547248006124 -100.155594680625 1531 1.109068062027
368.596953118667 -100.153689980842 1532 1.108769604369
368.646658231210 -100.151785281059 1533 1.108471146710
368.696363343753 -100.149880581277 1534 1.108172689051
368.746068456296 -100.147975881494 1535 1.107874231392
368.795773568840 -100.146071181712 1536 1.107575773734
368.845478681383 -100.144166481930 1537 1.107277316075
368.895183793926 -100.142261782147 1538 1.106978858417
368.944888906470 -100.140357082365 1539 1.106680400758
368.994594019013 -100.138452382582 1540 1.106381943099
369.044299131556 -100.136547682800 1541 1.106083485441
369.094004244099 -100.134642983017 1542 1.105785027782
369.143709356642 -100.132738283235 1543 1.105486570123
369.193414469186 -100.130833583452 1544 1.105188112465
369.243119581729 -100.128928883670 1545 1.104889654806
369.292824694272 -100.127024183888 1546 1.104591197147
369.342529806815 -100.125119484105 1547 1.104292739489
369.392234919358 -100.123214784323 1548 1.103994281830
369.441940031902 -100.121310084540 1549 1.103695824171
369.491645144445 -100.119405384758 1550 1.103397366513
369.541350256988 -100.117500684975 1551 1.103098908854
369.591055369531 -100.115595985193 1552 1.102800451196
369.640760482074 -100.113691285410 1553 1.102501993537
369.690465594618 -100.111786585628 1554 1.102203535878
369.740170707161 -100.109881885845 1555 1.101905078220
369.789875819704 -100.107977186063 1556 1.101606620561
369.839580932248 -100.106072486280 1557 1.101308162902
369.889286044791 -100.104167786498 1558 1.101009705244
369.938991157334 -100.102263086715 1559 1.100711247585
369.988696269877 -100.100358386933 1560 1.100412789927
370.038401382420 -100.098453687150 1561 1.100114332268
370.088106494963 -100.096548987368 1562 1.099815874609
370.137811607507 -100.094644287586 1563 1.099517416951
370.187516720050 -100.092739587803 1564 1.099218959292
370.237221832593 -100.090834888021 1565 1.098920501633
370.286926945136 -100.088930188238 1566 1.098622043974
370.336632057679 -100.087025488456 1567 1.098323586316
370.386337170223 -100.085120788673 1568 1.098025128657
370.436042282766 -100.083216088891 1569 1.097726670999
370.485747395309 -100.081311389108 1570 1.097428213340
370.535452507853 -100.079406689326 1571 1.097129755681
370.585157620396 -100.077501989543 1572 1.096831298023
370.634862732939 -100.075597289761 1573 1.096532840364
370.684567845482 -100.073692589978 1574 1.096234382705
370.734272958025 -100.071787890196 1575 1.095935925047
370.783978070569 -100.069883190414 1576 1.095637467389
370.833683183112 -100.067978490631 1577 1.095339009730
370.883388295655 -100.066073790848 1578 1.095040552071
370.933093408198 -100.064169091066 1579 1.094742094412
370.982798520741 -100.062264391284 1580 1.094443636754
371.032503633284 -100.060359691501 1581 1.094145179095
371.082208745828 -100.058454991719 1582 1.093846721436
371.131913858371 -100.056550291936 1583 1.093548263778
371.181618970914 -100.054645592154 1584 1.093249806119
371.231324083457 -100.052740892371 1585 1.092951348461
371.281029196000 -100.050836192589 1586 1.092652890802
371.330734308544 -100.048931492806 1587 1.092354433143
371.380439421087 -100.047026793024 1588 1.092055975485
371.430144533630 -100.045122093241 1589 1.091757517826
371.479849646174 -100.043217393459 1590 1.091459060167
371.529554758717 -100.041312693677 1591 1.091160602509
371.579259871260 -100.039407993894 1592 1.090862144850
371.628964983803 -100.037503294112 1593 1.090563687192
371.678670096346 -100.035598594329 1594 1.090265229532
371.728375208890 -100.033693894547 1595 1.089966771874
371.778080321433 -100.031789194764 1596 1.089668314215
371.827785433976 -100.029884494982 1597 1.089369856557
371.877490546519 -100.027979795199 1598 1.089071398898
371.927195659062 -100.026075095417 1599 1.088772941240
371.976900771606 -100.024170395634 1600 1.088474483581
372.026605884149 -100.022265695852 1601 1.088176025922
372.076310996692 -100.020360996069 1602 1.087877568264
372.126016109236 -100.018456296287 1603 1.087579110605
372.175721221779 -100.016551596504 1604 1.087280652947
372.225426334322 -100.014646896722 1605 1.086982195288
372.275131446865 -100.012742196939 1606 1.086683737629
372.324836559408 -100.010837497157 1607 1.086385279970
372.374541671952 -100.008932797375 1608 1.086086822312
372.424246784495 -100.007028097592 1609 1.085788364653
372.473951897038 -100.005123397810 1610 1.085489906995
372.523657009581 -100.003218698027 1611 1.085191449335
372.573362122124 -100.001313998245 1612 1.084892991678
372.623067234667 -99.999409298462 1613 1.084594534018
372.672772347211 -99.997504598680 1614 1.084296076360
372.722477459754 -99.995599898897 1615 1.083997618701
372.772182572297 -99.993695199115 1616 1.083699161043
372.821887684840 -99.991790499332 1617 1.083400703384
372.871592797383 -99.989885799550 1618 1.083102245726
372.921297909927 -99.987981099767 1619 1.082803788066
372.971003022470 -99.986076399985 1620 1.082505330409
373.020708135013 -99.984171700202 1621 1.082206872750
373.070413247557 -99.982267000420 1622 1.081908415090
373.120118360100 -99.980362300638 1623 1.081609957433
373.169823472643 -99.978457600855 1624 1.081311499773
373.219528585186 -99.976552901073 1625 1.081013042115
373.269233697729 -99.974648201290 1626 1.080714584456
373.318938810272 -99.972743501508 1627 1.080416126798
373.368643922816 -99.970838801725 1628 1.080117669139
373.418349035359 -99.968934101943 1629 1.079819211481
373.468054147902 -99.967029402160 1630 1.079520753821
373.517759260445 -99.965124702378 1631 1.079222296164
373.567464372988 -99.963220002595 1632 1.078923838504
373.617169485532 -99.961315302813 1633 1.078625380846
373.666894657092 -99.960072072515 1634 1.078264221343
373.716620871567 -99.958863233551 1635 1.078442024763
373.766326776681 -99.956987288034 1636 1.079116724317
373.815980445821 -99.954250641317 1637 1.077985092308
373.865631480557 -99.951471477060 1638 1.076810879859
373.915282515292 -99.948692312804 1639 1.075636667410
373.964997616357 -99.947085537250 1640 1.075636301156
374.014723450694 -99.945860276942 1641 1.075255061227
374.064449665168 -99.944651437977 1642 1.075431730392
374.114172087955 -99.943255987408 1643 1.075998255990
374.163826572074 -99.940543402172 1644 1.075518847640
374.213477606809 -99.937764237911 1645 1.074344635186
374.263128641544 -99.934985073651 1646 1.073170422734
374.312824513971 -99.932897826419 1647 1.072689214434
374.362549382080 -99.931648528276 1648 1.072346577604
374.412275596555 -99.930439689311 1649 1.072455590645
374.462001811029 -99.929230850346 1650 1.072813497622
374.511727093874 -99.927968810554 1651 1.073260308808
374.561452083166 -99.926691044517 1652 1.073664443841
374.611177060023 -99.925412620666 1653 1.074003748934
374.660902099381 -99.924137467521 1654 1.074325764414
374.710627480909 -99.922880648741 1655 1.074632610666
374.760352879540 -99.921624746676 1656 1.074961652037
374.810078278173 -99.920368844611 1657 1.075307844129
374.859803936127 -99.919127370601 1658 1.075640438561
374.909530124486 -99.917916998306 1659 1.075957038359
374.959256338962 -99.916708159341 1660 1.076316732542
375.008982553436 -99.915499320376 1661 1.076708754355
375.058705692526 -99.915226945224 1662 1.076166068997
375.108412865280 -99.915480546249 1663 1.075351407393
375.158119246294 -99.915758117258 1664 1.075987865614
375.207835171173 -99.915783115649 1665 1.077455323193
375.257560920113 -99.914632219077 1666 1.080707462785
375.307287134588 -99.913423380112 1667 1.083919993777
375.357013349063 -99.912214541147 1668 1.084639504099
375.406714197979 -99.910229993841 1669 1.085360856762
375.456367513613 -99.907486344853 1670 1.084222214717
375.506018548349 -99.904707180596 1671 1.083048002268
375.555669583084 -99.901928016340 1672 1.081873789819
375.605388733667 -99.901602217564 1673 1.080657494731
375.655097978367 -99.901807121704 1674 1.079450356695
375.704806581686 -99.902031835405 1675 1.080027222929
375.754524568704 -99.901991598930 1676 1.081445825962
375.804250426499 -99.900835791333 1677 1.084604137236
375.853976640974 -99.899626952364 1678 1.087707365125
375.903702855449 -99.898418113396 1679 1.088465098061
375.953428246896 -99.897161936316 1680 1.088906045536
376.003152802183 -99.895862095236 1681 1.089352487772
376.052877319143 -99.894560262766 1682 1.089706681166
376.102601930131 -99.893263127877 1683 1.090005709303
376.152328071170 -99.892050244092 1684 1.090222501775
376.202054285644 -99.890841405127 1685 1.090508135486
376.251780500119 -99.889632566163 1686 1.090896586706
376.301506583163 -99.888415790502 1687 1.091298126725
376.351232451322 -99.887186352983 1688 1.091706784469
376.400958309436 -99.885956323988 1689 1.092096844317
376.450684167549 -99.884726294994 1690 1.092470234063
376.500409283957 -99.883455289555 1691 1.092883848437
376.550134289509 -99.882178365104 1692 1.093273763371
376.599859291442 -99.880901250548 1693 1.093607490669
376.649584287361 -99.879623821662 1694 1.093934071394
376.699309265081 -99.878345442879 1695 1.094261134080
376.749034241938 -99.877067019023 1696 1.094587155962
376.798759218795 -99.875788595168 1697 1.094911947669
376.848484724462 -99.874538630787 1698 1.095208217730
376.898210587804 -99.873308925161 1699 1.095503396600
376.947936467172 -99.872080130709 1700 1.095847693859
376.997662380653 -99.870853325324 1701 1.096218283303
377.047388563767 -99.869642592772 1702 1.096575222299
377.097114759817 -99.868432631391 1703 1.096943070344
377.146840955866 -99.867222670009 1704 1.097334433537
377.196566648905 -99.865983218441 1705 1.097756419443
377.246291681558 -99.864707773448 1706 1.098198744249
377.296016683491 -99.863430658893 1707 1.098578910006
377.345741685423 -99.862153544337 1708 1.098907259475
377.395466687356 -99.860876429781 1709 1.099233289783
377.445191689288 -99.859599315226 1710 1.099559320089
377.494916691221 -99.858322200670 1711 1.099885350396
377.544641862100 -99.857054006906 1712 1.100202458311
377.594368011248 -99.855841379922 1713 1.100468827733
377.644094207298 -99.854631418541 1714 1.100771836279
377.693820403347 -99.853421457159 1715 1.101160124938
377.743546064025 -99.852180178789 1716 1.101583937930
377.793271095158 -99.850904647899 1717 1.102028935943
377.842996097091 -99.849627533340 1718 1.102410354607
377.892721099023 -99.848350418780 1719 1.102738766589
377.942446415617 -99.847090064667 1720 1.103048033493
377.992171811165 -99.845833994506 1721 1.103360586502
378.041897209797 -99.844578092441 1722 1.103700562940
378.091622608429 -99.843322190376 1723 1.104047321895
378.141348783643 -99.842111081410 1724 1.104349546901
378.191074998042 -99.840902237784 1725 1.104665076762
378.240801212517 -99.839693398820 1726 1.105054831588
378.290527173821 -99.838469410170 1727 1.105463577670
378.340252597890 -99.837214949046 1728 1.105898476827
378.389977996522 -99.835959046981 1729 1.106299379291
378.439703395154 -99.834703144916 1730 1.106648790588
378.489431127361 -99.834163314288 1731 1.106279820892
378.539140612009 -99.834354599955 1732 1.105207689591
378.588849215329 -99.834579313652 1733 1.105240839429
378.638557818649 -99.834804027349 1734 1.105826919604
378.688285285364 -99.833818106099 1735 1.108761065077
378.738010417035 -99.832550367113 1736 1.112053403314
378.787735393892 -99.831271943262 1737 1.114501784965
378.837460613733 -99.830006369858 1738 1.114831853162
378.887186783373 -99.828794971244 1739 1.115093089621
378.936912997848 -99.827586132280 1740 1.115384906650
378.986639212323 -99.826377293315 1741 1.115773783984
379.036364831992 -99.825133714577 1742 1.116202131078
379.086089860817 -99.823858054644 1743 1.116657295176
379.135814862750 -99.822580940088 1744 1.117043611346
379.185539864682 -99.821303825533 1745 1.117372215490
379.235264845736 -99.820025620646 1746 1.117699336327
379.284989822739 -99.818747204408 1747 1.118026448456
379.334714799596 -99.817468780553 1748 1.118351577927
379.384440054686 -99.816205102276 1749 1.118661577936
379.434166225944 -99.814993790439 1750 1.118921529773
379.483892440418 -99.813784951474 1751 1.119210625714
379.533618654894 -99.812576112509 1752 1.119599377933
379.583345087838 -99.812135841369 1753 1.119224512017
379.633054499358 -99.812332097020 1754 1.118213486795
379.682763102678 -99.812556810721 1755 1.118176260643
379.732471705997 -99.812781524422 1756 1.118767142649
379.782198298867 -99.811717597227 1757 1.121729992096
379.831923411225 -99.810447348175 1758 1.125019021298
379.881648413157 -99.809170233619 1759 1.127643466678
379.931373617508 -99.807903828292 1760 1.127996127023
379.981099446514 -99.806672178560 1761 1.128277231570
380.030810164980 -99.805091778400 1762 1.128928330531
380.080525237366 -99.803597966067 1763 1.129561379859
380.130250932445 -99.803645006770 1764 1.128657062003
380.179969787622 -99.804255869374 1765 1.127189195916
380.229687620357 -99.804853352557 1766 1.126756149026
380.279414922355 -99.805157965502 1767 1.127688499785
380.329043403801 -99.802089207786 1768 1.132624842251
380.378605733535 -99.797905088533 1769 1.138418570571
380.428157723653 -99.793573019215 1770 1.137131606861
380.477832346061 -99.791218273574 1771 1.135679232336
380.527558884809 -99.790051824123 1772 1.135441475988
380.577293189097 -99.789150059276 1773 1.135446571917
380.627027262770 -99.788235789044 1774 1.135427665290
380.676761148693 -99.787311503773 1775 1.135448894144
380.726495145301 -99.786393135131 1776 1.135465737424
380.776229414352 -99.785489449289 1777 1.135467895375
380.825962065189 -99.784510840150 1778 1.135544993647
380.875666403525 -99.782896101359 1779 1.136258630220
380.925313801910 -99.780352021868 1780 1.137902486820
380.974891289471 -99.776368447029 1781 1.140652954408
381.024500802984 -99.772869143499 1782 1.138045385222
381.074143565477 -99.770070079806 1783 1.136047119481
381.123849712450 -99.768364104586 1784 1.135430346523
381.173583654159 -99.767472574357 1785 1.136134490571
381.223315503653 -99.766482885494 1786 1.135442922028
381.273016800652 -99.764803769978 1787 1.136146474333
381.322657939126 -99.762179597868 1788 1.137863241073
381.372291923347 -99.759492494517 1789 1.139650341159
381.421988475207 -99.757678859785 1790 1.140562982124
381.471721822947 -99.756942252123 1791 1.140398106037
381.521459929969 -99.756439245322 1792 1.139999581202
381.571198368526 -99.755955479791 1793 1.140073962516
381.620936954493 -99.755479938074 1794 1.140420836748
381.670675540461 -99.755004396359 1795 1.140818652557
381.720414126428 -99.754528854643 1796 1.141218024452
381.770152712396 -99.754053312927 1797 1.141617396349
381.819891298363 -99.753577771211 1798 1.142016768244
381.869629884331 -99.753102229495 1799 1.142416140140
381.919368470299 -99.752626687779 1800 1.142815512035
381.969107056266 -99.752151146063 1801 1.143214883930
382.018845642233 -99.751675604347 1802 1.143614255827
382.068584228201 -99.751200062631 1803 1.144013627722
382.118304457899 -99.751698735068 1804 1.143438814718
382.168017144487 -99.752399316302 1805 1.142662104704
382.217729528002 -99.753107022370 1806 1.142046799774
382.267461417851 -99.753236434519 1807 1.143508001752
382.317194943220 -99.752340964320 1808 1.146425103748
382.366928502257 -99.751400922290 1809 1.149631845250
382.416662061294 -99.750460880261 1810 1.151367728740
382.466397061333 -99.749598791702 1811 1.151384730609
382.516132292032 -99.748750174614 1812 1.151349033817
382.565867530159 -99.747902003674 1813 1.151313910024
382.615594815249 -99.746715559534 1814 1.151138688043
382.665263185265 -99.744419754642 1815 1.149721019952
382.714928959690 -99.742075448474 1816 1.148254812289
382.764594734115 -99.739731142307 1817 1.146788604627
382.814257448734 -99.737347271285 1818 1.145282784214
382.863917631806 -99.734931245747 1819 1.143744769567
382.913577708618 -99.732513871928 1820 1.142205404972
382.963237785431 -99.730096498109 1821 1.140666040377
383.012967047086 -99.729038431400 1822 1.140486993289
383.062702179845 -99.728185004755 1823 1.140512658065
383.112437436398 -99.727337956230 1824 1.140514592590
383.162175839586 -99.726825497160 1825 1.140096687861
383.211894363477 -99.727366423246 1826 1.138736402296
383.261612008874 -99.727952927388 1827 1.137657235586
383.311329654271 -99.728539431529 1828 1.137036235778
383.361066951752 -99.728289716225 1829 1.138788728451
383.410801143075 -99.727399315460 1830 1.141654635204
383.460535162009 -99.726482682049 1831 1.144607069584
383.510269180944 -99.725566048640 1832 1.145803864800
383.560004309240 -99.724711450221 1833 1.145828357906
383.609739562458 -99.723864199513 1834 1.145773943011
383.659474819010 -99.723017150989 1835 1.145745597435
383.709213284289 -99.722540862333 1836 1.145400267197
383.758931796306 -99.723084089024 1837 1.144042000168
383.808649441703 -99.723670593161 1838 1.142944582375
383.858367087100 -99.724257097300 1839 1.142340731179
383.908104534514 -99.723982187309 1840 1.144034189177
383.957839133361 -99.723111912993 1841 1.146877734581
384.007573574070 -99.722217801369 1842 1.149807683329
384.057308014780 -99.721323689745 1843 1.151229866260
384.107037247397 -99.721532271007 1844 1.150184882030
384.156755355080 -99.722105318690 1845 1.148703395725
384.206473000477 -99.722691822832 1846 1.147579181881
384.256196783143 -99.723114973016 1847 1.148240246706
384.305930421955 -99.722253597311 1848 1.150671631595
384.355664465965 -99.721338273197 1849 1.153601686037
384.405398509974 -99.720422949082 1850 1.156463556269
384.455136306399 -99.720140654399 1851 1.155988228680
384.504856511849 -99.720649824568 1852 1.154528392596
384.554575975398 -99.721190958869 1853 1.153388901326
384.604295438946 -99.721732093171 1854 1.153155744976
384.654033020155 -99.721446950976 1855 1.154714495752
384.703768399336 -99.720620882910 1856 1.157437023154
384.753503655888 -99.719773834387 1857 1.160229786642
384.803238912440 -99.718926785863 1858 1.161833808498
384.852973481343 -99.718039816404 1859 1.161927448554
384.902707991474 -99.717149519236 1860 1.161996916753
384.952442500351 -99.716259152711 1861 1.161985636392
385.002176380691 -99.715335393829 1862 1.161940957780
385.051909876242 -99.714392218843 1863 1.161876859299
385.101643356912 -99.713448295883 1864 1.161812012695
385.151368524278 -99.713788114651 1865 1.160786220414
385.201067080803 -99.714760702619 1866 1.158807326902
385.250764565579 -99.715756936333 1867 1.157102154594
385.300501522419 -99.715422606360 1868 1.158507174658
385.350235721157 -99.714526584257 1869 1.161062119527
385.399969744284 -99.713610169559 1870 1.164706855046
385.449704368007 -99.712726231108 1871 1.167241266899
385.499439401734 -99.711865832098 1872 1.167259958647
385.549174450979 -99.711006327162 1873 1.167208390173
385.598909230614 -99.710131163517 1874 1.167215033474
385.648643838624 -99.709246302965 1875 1.167258735212
385.698378440166 -99.708361077612 1876 1.167271557685
385.748040995168 -99.705997890463 1877 1.165786415093
385.797677182814 -99.703300544745 1878 1.163966700136
385.847312434726 -99.700592246876 1879 1.162136018200
385.897032100669 -99.700916575568 1880 1.163338981034
385.946735047457 -99.701811379959 1881 1.159546558057
385.996437218532 -99.702723544073 1882 1.157537930850
386.046172647550 -99.702039617854 1883 1.159177457061
386.095906770172 -99.701129519661 1884 1.161679883436
386.145640793300 -99.700213104964 1885 1.165170777102
386.195375902082 -99.699357308177 1886 1.167052521988
386.245111337434 -99.698521330357 1887 1.167008145198
386.294846783729 -99.697686024461 1888 1.166935774304
386.344542506776 -99.695799525187 1889 1.166131483455
386.394193256097 -99.693271348989 1890 1.164481168943
386.443842361013 -99.690720415350 1891 1.162808071482
386.493529296834 -99.688679579135 1892 1.161645660358
386.543261703726 -99.687724831648 1893 1.161569971943
386.592995756049 -99.686809942377 1894 1.161534164596
386.642733660183 -99.686193142380 1895 1.161438483557
386.692444138822 -99.686913870205 1896 1.159719443496
386.742153596885 -99.687683698651 1897 1.158131135148
386.791863054948 -99.688453527096 1898 1.157010535849
386.841599327747 -99.687808923191 1899 1.158528980406
386.891333465885 -99.686900290400 1900 1.161709485639
386.941067489013 -99.685983875703 1901 1.165006536876
386.990801861070 -99.685086036931 1902 1.166840868770
387.040536365547 -99.684195429498 1903 1.166829347461
387.090270874424 -99.683305062974 1904 1.166818067100
387.140005776410 -99.682436949725 1905 1.166829043487
387.189741184336 -99.681599281835 1906 1.166781708325
387.239476610353 -99.680762704538 1907 1.166729147944
387.289211665465 -99.679903569306 1908 1.166746182756
387.338945752925 -99.678990631097 1909 1.166862960762
387.388679805248 -99.678075741826 1910 1.166863278488
387.438413853122 -99.677160619820 1911 1.166827238365
387.488147877123 -99.676244250765 1912 1.166789950965
387.537881900251 -99.675327836067 1913 1.166752617916
387.587615025614 -99.674366748149 1914 1.166670602756
387.637264227991 -99.671838486917 1915 1.165020175884
387.686910342418 -99.669252599357 1916 1.163312077111
387.736556456845 -99.666666711797 1917 1.161603978338
387.786283179519 -99.665508935231 1918 1.161325192095
387.836017077892 -99.664587328148 1919 1.161282665266
387.885751130215 -99.663672438872 1920 1.161246857915
387.935486193229 -99.662813887870 1921 1.161267397901
387.985221607732 -99.661976607272 1922 1.161240298817
388.034957033750 -99.661140029980 1923 1.161149775183
388.084654863924 -99.659288605481 1924 1.160378891405
388.134306134453 -99.656766832916 1925 1.158734988737
388.183955776521 -99.654222239566 1926 1.157068240069
388.233604425242 -99.651665937380 1927 1.155389766837
388.283250626635 -99.649081064919 1928 1.153682684542
388.332896741062 -99.646495177359 1929 1.151974585769
388.382562991051 -99.644157687192 1930 1.150515201448
388.432295143963 -99.643216335484 1931 1.150452902229
388.482029627921 -99.642324596350 1932 1.150440249033
388.531764111879 -99.641432857216 1933 1.150427595837
388.581435481672 -99.639181341983 1934 1.149054263503
388.631085791140 -99.636645127224 1935 1.147395903912
388.680735433208 -99.634100533878 1936 1.145729155248
388.730384800487 -99.631552694739 1937 1.144059156440
388.780033914068 -99.629001863286 1938 1.142386161303
388.829683018984 -99.626450929646 1939 1.140713063842
388.879360036597 -99.624261099668 1940 1.139401506942
388.929093534832 -99.623380288179 1941 1.139399762263
388.978828981127 -99.622544982283 1942 1.139443550499
389.028562018060 -99.621580180095 1943 1.139357820087
389.078213954202 -99.619082650844 1944 1.137738168710
389.127863059119 -99.616531717204 1945 1.136065071249
389.177512164035 -99.613980783564 1946 1.134391973787
389.227234069090 -99.612659087974 1947 1.133949208979
389.276968242057 -99.611755751994 1948 1.133924955252
389.326702750933 -99.610865385469 1949 1.133913674891
389.376412116373 -99.609227161379 1950 1.133154209407
389.426060279692 -99.606671550172 1951 1.131476418469
389.475706394119 -99.604085662612 1952 1.129768319696
389.525391382487 -99.602014548691 1953 1.128575601179
389.575124331283 -99.601086531044 1954 1.128526648005
389.624858840160 -99.600196164519 1955 1.128515367644
389.674593349037 -99.599305797995 1956 1.128504087283
389.724327857914 -99.598415431470 1957 1.128492806922
389.774062366790 -99.597525064946 1958 1.128481526561
389.823796875667 -99.596634698421 1959 1.128470246200
389.873531061365 -99.595726851791 1960 1.128441482753
389.923265089411 -99.594810695835 1961 1.128404408490
389.972999112539 -99.593894281138 1962 1.128367075441
390.022733403542 -99.592992057895 1963 1.128343936364
390.072467905644 -99.592101322246 1964 1.128332286816
390.122202414521 -99.591210955717 1965 1.128321006451
390.171936807135 -99.590314221623 1966 1.128303357461
390.221670842127 -99.589398438679 1967 1.128266656275
390.271404865254 -99.588482023982 1968 1.128229323225
390.321139070280 -99.587575197490 1969 1.128201580098
390.370874476468 -99.586737579652 1970 1.128243056043
390.420609922763 -99.585902273756 1971 1.128172727656
390.470345369059 -99.585066967860 1972 1.128073724054
390.520079465618 -99.584154609121 1973 1.128183947009
390.569813489658 -99.583238242142 1974 1.128260070765
390.619547512786 -99.582321827445 1975 1.128222737715
390.669218123800 -99.580058486536 1976 1.126837568142
390.718867853501 -99.577515367255 1977 1.125172294861
390.768516958418 -99.574964433615 1978 1.123499197399
390.818225333633 -99.573308862985 1979 1.122722370585
390.867959984914 -99.572448516794 1980 1.122741108386
390.917695431209 -99.571613210899 1981 1.122784896622
390.967430357668 -99.570746536131 1982 1.122655025329
391.017164408891 -99.569831665563 1983 1.122717089606
391.066898432018 -99.568915250866 1984 1.122724189984
391.116632734689 -99.568013655744 1985 1.122701679135
391.166367760544 -99.567152831200 1986 1.122719945277
391.216102809788 -99.566293326263 1987 1.122715695941
391.265837573802 -99.565417270813 1988 1.122665455560
391.315571648415 -99.564503596795 1989 1.122707972333
391.365305700738 -99.563588707524 1990 1.122672164987
391.415039993335 -99.562686568472 1991 1.122649110115
391.464775383610 -99.561847922470 1992 1.122689557776
391.514510809628 -99.561011345173 1993 1.122621097305
391.564246188709 -99.560171840669 1994 1.122532752411
391.613980254873 -99.559257866793 1995 1.122628748534
391.663714278001 -99.558341452095 1996 1.122699438647
391.713448301129 -99.557425037397 1997 1.122662105597
391.763182349909 -99.556509962864 1998 1.122626112954
391.812916402146 -99.555595069100 1999 1.122590301115
391.862650454469 -99.554680179829 2000 1.122554493768
391.912385548042 -99.553823439851 2001 1.122576845036
391.962120964570 -99.552986281761 2002 1.122574002135
392.011856390588 -99.552149704465 2003 1.122460240356
392.061590669150 -99.551246960250 2004 1.122506819981
392.111324174022 -99.550304279096 2005 1.122574032765
392.161057654693 -99.549360356135 2006 1.122509186161
392.210792472108 -99.548487533998 2007 1.122515452900
392.260527899771 -99.547651107489 2008 1.122558120368
392.310263346066 -99.546815801593 2009 1.122441530683
392.359998085735 -99.545938417514 2010 1.122424405555
392.409732130961 -99.545023202761 2011 1.122527264582
392.459466154089 -99.544106788064 2012 1.122530146787
392.509200177217 -99.543190373367 2013 1.122492813738
392.558934200344 -99.542273958669 2014 1.122455480688
392.608668223472 -99.541357543973 2015 1.122418147639
392.658402650777 -99.540462716331 2016 1.122402405416
392.708138064978 -99.539625533598 2017 1.122444316540
392.757873511274 -99.538790227703 2018 1.122367024032
392.807608786914 -99.537944349755 2019 1.122291901001
392.857342849858 -99.537030176348 2020 1.122377411750
392.907076872986 -99.536113761651 2021 1.122448895139
392.956810896232 -99.535197353118 2022 1.122411568255
393.006544947625 -99.534282415309 2023 1.122375712362
393.056278999948 -99.533367526037 2024 1.122339905016
393.106013052271 -99.532452636766 2025 1.122304097670
393.155748267114 -99.531603223668 2026 1.122333776816
393.205483687607 -99.530766305060 2027 1.122325308406
393.255219113625 -99.529929727763 2028 1.122211548011
393.304953567777 -99.529036468734 2029 1.122243119155
393.354687603669 -99.528120735011 2030 1.122354732285
393.404421626796 -99.527204320314 2031 1.122330310423
393.454118701595 -99.525336888215 2032 1.121341455517
393.503769799661 -99.522812639754 2033 1.119695074293
393.553419441729 -99.520268046409 2034 1.118028325629
393.603103880017 -99.518187948443 2035 1.116826614747
393.652837757811 -99.517313223833 2036 1.116830962706
393.702573183828 -99.516476646536 2037 1.116873479380
393.752308424147 -99.515628614082 2038 1.116901422110
393.802042513200 -99.514715790877 2039 1.116787853006
393.851776565523 -99.513800901606 2040 1.116834991105
393.901510293868 -99.512869357348 2041 1.116782525648
393.951162027801 -99.510368723253 2042 1.115159766338
394.000811132717 -99.507817789609 2043 1.113486668873
394.050460237634 -99.505266855964 2044 1.111813571408
394.100107322889 -99.502692256911 2045 1.110116776535
394.149753465491 -99.500106696777 2046 1.108409005636
394.199399579918 -99.497520809217 2047 1.106700906863
394.249106546733 -99.495836456521 2048 1.105895277587
394.298839830927 -99.494898933920 2049 1.105836826872
394.348573883250 -99.493984044649 2050 1.105801019525
394.398308352825 -99.493091532506 2051 1.105787593186
394.448043384743 -99.492231039682 2052 1.105806191104
394.497778433988 -99.491371534746 2053 1.105806634008
394.547513047185 -99.490486982430 2054 1.105766667707
394.597247093631 -99.489571815116 2055 1.105784226397
394.646981122620 -99.488655706281 2056 1.105747199265
394.696638452727 -99.486222237518 2057 1.104191693697
394.746269194225 -99.483465537233 2058 1.102312537194
394.795908021796 -99.480796852138 2059 1.100521525038
394.845639189929 -99.479828015184 2060 1.100431727463
394.895373218918 -99.478911906350 2061 1.100394700333
394.945107247907 -99.477995797516 2062 1.100357673201
394.994841276896 -99.477079688682 2063 1.100320646070
395.044575305885 -99.476163579848 2064 1.100283618939
395.094309334874 -99.475247471014 2065 1.100246591809
395.144043363863 -99.474331362180 2066 1.100209564679
395.193777786256 -99.473436264508 2067 1.100193552380
395.243513450117 -99.472615082304 2068 1.100251465947
395.293249152243 -99.471796180672 2069 1.100144701130
395.342983628608 -99.470904206970 2070 1.100104895165
395.392717138201 -99.469961784460 2071 1.100203232210
395.442450618871 -99.469017861499 2072 1.100170580064
395.492184794090 -99.468109489509 2073 1.100141291152
395.541919355353 -99.467222035832 2074 1.100132924110
395.591653927974 -99.466335199598 2075 1.100125174616
395.641388524771 -99.465449709662 2076 1.100118771636
395.691123126192 -99.464564477577 2077 1.100112626548
395.740855040022 -99.463548856257 2078 1.099976065092
395.790488089732 -99.460836054327 2079 1.098140840880
395.840118077011 -99.458070761757 2080 1.096253080105
395.889789080898 -99.455798154784 2081 1.094858652858
395.939520752741 -99.454815415790 2082 1.094754964316
395.989254233411 -99.453871492829 2083 1.094690117712
396.038988075513 -99.452945736200 2084 1.094643440989
396.088722654921 -99.452059328584 2085 1.094636120167
396.138457256462 -99.451174103231 2086 1.094629981813
396.188191843181 -99.450288051602 2087 1.094718775909
396.237926416206 -99.449401237847 2088 1.094665890714
396.287660988827 -99.448514401618 2089 1.094659989362
396.337376167892 -99.447233138615 2090 1.095049606431
396.387030741767 -99.444778426312 2091 1.096611985150
396.436659253088 -99.442021507655 2092 1.098476031272
396.486289873567 -99.439270867078 2093 1.100347794216
396.535919522622 -99.436505235377 2094 1.102264825212
396.585544382069 -99.433689017835 2095 1.104242230706
396.635163349242 -99.430767075157 2096 1.106312839155
396.684730271197 -99.427428264954 2097 1.108771076968
396.734119815329 -99.422734731059 2098 1.112579097593
396.781082915283 -99.416186035940 2099 1.118252288596
396.784996399962 -99.415679152394 2100 1.118680051897
396.828011441183 -99.410055426051 2101 1.123433153748
396.871041616296 -99.404522471150 2102 1.128073245258
396.914078088893 -99.399045323264 2103 1.129715186054
396.957117390401 -99.393584842785 2104 1.131157676779
397.000156903262 -99.388107226118 2105 1.132655939814
397.043190987533 -99.382551215922 2106 1.134278058661
397.086225763935 -99.376997755926 2107 1.135893918082
397.129139006048 -99.370496639466 2108 1.138402501473
397.171793559529 -99.362460186587 2109 1.142283458971
397.214349923660 -99.353994241253 2110 1.146372659486
397.256898206320 -99.345529087286 2111 1.147949562858
397.299483417167 -99.337266236807 2112 1.149127993421
397.342251953711 -99.329818057045 2113 1.149658498697
397.385061805333 -99.322578505922 2114 1.150131642608
397.427855502038 -99.315230992850 2115 1.150769210527
397.470627949302 -99.307773500694 2116 1.151469068198
397.513124125385 -99.298913376211 2117 1.153420160399
397.555338310572 -99.288757700557 2118 1.151906922396
397.597566823823 -99.278659192537 2119 1.147043228873
397.639865926164 -99.268858509542 2120 1.143447309649
397.682444124167 -99.260696671666 2121 1.142230381004
397.725060057369 -99.252865816134 2122 1.141673950489
397.767575655161 -99.244664898594 2123 1.140867032940
397.809733866493 -99.235006631762 2124 1.138628458932
397.851790223168 -99.224663144375 2125 1.135754660897
397.893820441493 -99.214158667911 2126 1.132732060054
397.935830730167 -99.203551482912 2127 1.129763462963
397.977835901905 -99.192915258524 2128 1.126850920767
398.019785219747 -99.182090597426 2129 1.123758871738
398.061247141581 -99.169886413015 2130 1.119069532099
398.102693594194 -99.157629181306 2131 1.114102153939
398.144128130037 -99.145305404173 2132 1.109050501261
398.185942831980 -99.134020424450 2133 1.106221779588
398.227787423362 -99.122820235768 2134 1.103992062554
398.269623706214 -99.111603890609 2135 1.102708524997
398.311088907169 -99.099423450142 2136 1.102095457898
398.352548180864 -99.087239258559 2137 1.102577569694
398.393962391358 -99.074822478178 2138 1.103232946293
398.435125527393 -99.061537857460 2139 1.103460957672
398.475860619923 -99.046640855268 2140 1.100472673984
398.516508687245 -99.031468775184 2141 1.096391662020
398.557163555738 -99.016299854280 2142 1.093062019637
398.597898556751 -99.001377288431 2143 1.091111962753
398.638783005093 -98.986962076797 2144 1.090109519616
398.679079061983 -98.971272580193 2145 1.088595160829
398.719247571769 -98.955279154248 2146 1.086908054928
398.759233784630 -98.938666315376 2147 1.084847252141
398.799644794149 -98.922862834591 2148 1.085202045118
398.840151105365 -98.907260218542 2149 1.087512074070
398.880522753887 -98.891335285217 2150 1.086991719589
398.919332196540 -98.871869983302 2151 1.090285897262
398.957676870094 -98.851506963993 2152 1.091489374374
398.995979515091 -98.831061600952 2153 1.091954255516
399.033943174503 -98.809995957063 2154 1.090236964102
399.072216212024 -98.789541263332 2155 1.087956064483
399.110561190231 -98.769237827644 2156 1.085816988615
399.149683662895 -98.750411065579 2157 1.085317672835
399.189079934104 -98.732155653857 2158 1.085444858350
399.228488839411 -98.713926761882 2159 1.084992854421
399.267758077898 -98.695399195045 2160 1.085386784236
399.306716650556 -98.676246391141 2161 1.086525871284
399.345257804493 -98.656273871742 2162 1.088212451019
399.383264021319 -98.635307505052 2163 1.090326701890
399.420747638277 -98.613402331383 2164 1.093379729375
399.458059257048 -98.591220613789 2165 1.094822991327
399.495029153002 -98.568511473074 2166 1.096286259085
399.531893800563 -98.545649286855 2167 1.097930873794
399.569031791580 -98.523206374699 2168 1.097471000610
399.606477486640 -98.501238018722 2169 1.095469422500
399.643401253346 -98.478541671154 2170 1.094051896648
399.680387811623 -98.455973854588 2171 1.093089849126
399.717196472732 -98.433079505626 2172 1.092337620408
399.753688107028 -98.409614388849 2173 1.091261638153
399.790036832782 -98.385906785910 2174 1.090186956485
399.826307954184 -98.362071131500 2175 1.089670344919
399.862509767306 -98.338118879552 2176 1.089168305717
399.898598270675 -98.313984755425 2177 1.088702504844
399.934639715628 -98.289777536854 2178 1.089149000125
399.969930309300 -98.264507250476 2179 1.088553000079
400.004772332810 -98.238625634511 2180 1.087242287054
400.039531656026 -98.212626040995 2181 1.083117439450
400.074576507221 -98.187013632559 2182 1.079418838590
400.110153300740 -98.162167244810 2183 1.078147440459
400.145971391360 -98.137693553947 2184 1.077748180739
400.181541386419 -98.112924821997 2185 1.078104992256
400.216142061553 -98.086806980354 2186 1.077663944854
400.250410316587 -98.060207175788 2187 1.076950482722
400.284423856833 -98.033244582221 2188 1.076090211763
400.318367045853 -98.006184613332 2189 1.075841887144
400.352124373965 -97.978883554338 2190 1.075483001734
400.385712186113 -97.951372460173 2191 1.074622727924
400.418744322448 -97.923217409786 2192 1.070702999151
400.451851435237 -97.895158162510 2193 1.066978952095
400.485296833048 -97.867549732994 2194 1.064949961510
400.518920174220 -97.840182740941 2195 1.063577062395
400.552625621795 -97.812931657938 2196 1.063880574982
400.586060432054 -97.785281649569 2197 1.064171752147
400.619589235021 -97.757704222630 2198 1.064759047819
400.652872812322 -97.729819915735 2199 1.064487649761
400.685955650058 -97.701697694063 2200 1.064887286639
400.716959906709 -97.671398956858 2201 1.063320919448
400.747907306051 -97.641035000228 2202 1.059897100572
400.778904971684 -97.610716666452 2203 1.055601542073
400.811460092265 -97.581993608441 2204 1.053887730368
400.844357891332 -97.553670229317 2205 1.053052150375
400.877289138471 -97.525394482397 2206 1.053524121891
400.908695880223 -97.495578723877 2207 1.053614872628
400.939898274381 -97.465516726909 2208 1.054478277108
400.970181329106 -97.434441811957 2209 1.054455561861
401.000733789628 -97.403593498573 2210 1.054166856526
401.031101351029 -97.372565247057 2211 1.054620969545
401.061468912430 -97.341536995540 2212 1.055167979988
401.090525370275 -97.309286660451 2213 1.055987175023
401.119371054170 -97.276851507473 2214 1.054681226157
401.148212432645 -97.244412632669 2215 1.053369591736
401.177841988351 -97.212674108620 2216 1.053111845102
401.207493838039 -97.180954972897 2217 1.052883763425
401.237145761073 -97.149235905190 2218 1.053372423962
401.266797684106 -97.117516837482 2219 1.053204248623
401.295518844034 -97.084980037920 2220 1.054274669590
401.323959152545 -97.052214093054 2221 1.055706830851
401.351460273940 -97.018630767031 2222 1.058383430944
401.378830523448 -96.984942009950 2223 1.060635471492
401.405703743497 -96.950880959213 2224 1.062267389060
401.431598574859 -96.916042270462 2225 1.064945317692
401.457485668973 -96.881197333294 2226 1.065823512854
401.483858845670 -96.846704387851 2227 1.063731700840
401.510782782273 -96.812650527585 2228 1.062348631847
401.537936147124 -96.778783050918 2229 1.062933978840
401.565087679805 -96.744921553419 2230 1.063801668142
401.590879546705 -96.710012095088 2231 1.064681600910
401.616137435015 -96.674753366421 2232 1.066307743559
401.640888381833 -96.639152666107 2233 1.068600396289
401.664526333050 -96.602772804839 2234 1.071591426223
401.687193231555 -96.565857970629 2235 1.072489228782
401.709707346918 -96.528869131401 2236 1.073755579315
401.732387873837 -96.491976100439 2237 1.076829647567
401.755577802839 -96.455346704542 2238 1.080909027794
401.779205416869 -96.418943991459 2239 1.083899425262
401.802333255208 -96.382200118311 2240 1.085782830079
401.825517911302 -96.345489829774 2241 1.086187899215
401.848834713262 -96.308863498696 2242 1.086423727149
401.872847896558 -96.272705701214 2243 1.085979775285
401.896593143168 -96.236389098271 2244 1.086485749635
401.919650128134 -96.199645431359 2245 1.088586077001
401.940394676328 -96.161525609010 2246 1.093269777530
401.960931678975 -96.123297756169 2247 1.094539365536
401.981703034458 -96.085194838793 2248 1.096411189878
402.003504559730 -96.047690057233 2249 1.096539054131
402.025562331028 -96.010321065952 2250 1.097371211088
402.047083143503 -95.972626579306 2251 1.099292066123
402.066927538231 -95.934009805712 2252 1.102217142040
402.086481663825 -95.895241679583 2253 1.102439446959
402.105950901152 -95.856431973336 2254 1.102741899303
402.125450640305 -95.817638260616 2255 1.103074512903
402.144935258997 -95.778837195790 2256 1.103457988676
402.165033789374 -95.740363695999 2257 1.103226407509
402.186349998979 -95.702607427622 2258 1.102592980684
402.207714673599 -95.664876715812 2259 1.102210328245
402.227685875655 -95.626333477100 2260 1.104862098062
402.246048832640 -95.586994948055 2261 1.110183234843
402.264371114820 -95.547635432310 2262 1.109926800636
402.283066853633 -95.508446810048 2263 1.109679552000
402.302010266690 -95.469376157544 2264 1.108949580320
402.320946599993 -95.430302020247 2265 1.106532311746
402.339523840125 -95.391070870620 2266 1.103670932276
402.358319487186 -95.351959170438 2267 1.102379127134
402.377364641259 -95.312982983952 2268 1.101971744930
402.395901265525 -95.273801445916 2269 1.101805927439
402.413877112310 -95.234323794068 2270 1.101438721491
402.431474060039 -95.194653236301 2271 1.101464324118
402.448169708540 -95.154600018454 2272 1.100818217339
402.464452775805 -95.114362102650 2273 1.101003602128
402.480290727915 -95.073939563967 2274 1.101068231643
402.495841504393 -95.033399343443 2275 1.101195580487
402.511273468103 -94.992813278886 2276 1.101195580487
402.526077146491 -94.951995404400 2277 1.101776524231
402.540133714307 -94.910915964021 2278 1.102501492121
402.553948017986 -94.869755437282 2279 1.103013033787
402.567430034884 -94.828483275564 2280 1.103645043062
402.580675272829 -94.787133634635 2281 1.103225191026
402.594036868281 -94.745822706126 2282 1.102518008849
402.607421094072 -94.704520091169 2283 1.102826406773
402.620245988041 -94.663037882957 2284 1.103095248896
402.631061527024 -94.621106135014 2285 1.102790060888
402.640568267067 -94.578866327670 2286 1.102500847745
402.649602102950 -94.536546876742 2287 1.103431429859
402.658562565447 -94.494218826103 2288 1.105766925408
402.667102950474 -94.451781822226 2289 1.107981819202
402.675564353996 -94.409327235235 2290 1.111279316495
402.683252762011 -94.366680079159 2291 1.114090153986
402.689076058554 -94.323720965648 2292 1.115155323196
402.694628781810 -94.280742176038 2293 1.116109877591
402.701102359618 -94.237967755021 2294 1.118030670458
402.708030722470 -94.195286753684 2295 1.120713220923
402.715686689488 -94.152647078334 2296 1.125289808228
402.720943281534 -94.109552444412 2297 1.127746223536
402.726255136542 -94.066458690248 2298 1.130944476131
402.732390164875 -94.023484699668 2299 1.133871029735
402.739058145422 -93.980601190025 2300 1.135593811092
402.745741535830 -93.937719899858 2301 1.137276636802
402.752416120958 -93.894870485241 2302 1.138887223518
402.757595343066 -93.851919403374 2303 1.138986166841
402.761391679512 -93.808822296084 2304 1.138077060156
402.764280608911 -93.765612246862 2305 1.137818038870
402.767241104291 -93.722399733054 2306 1.139265598242
402.771012404472 -93.679185358490 2307 1.142157104533
402.774972307667 -93.635978930414 2308 1.146004764326
402.778036271086 -93.592670562025 2309 1.149849102608
402.780854912756 -93.549342756961 2310 1.152517954031
402.784672733809 -93.506095852387 2311 1.153639770488
402.789568674009 -93.462952536073 2312 1.153754008529
402.794292988259 -93.419793770447 2313 1.152729559854
402.797310657289 -93.376478728497 2314 1.151558285724
402.799358502916 -93.333107117672 2315 1.151428841539
402.801226635335 -93.289726871813 2316 1.151519163537
402.804264250444 -93.246445244516 2317 1.152455849816
402.806996489109 -93.203187789770 2318 1.153533623416
402.809508790241 -93.159928051263 2319 1.155083126659
402.812017101664 -93.116648172893 2320 1.157810911700
402.814817788882 -93.073369111069 2321 1.161096493002
402.817122294545 -93.030012385995 2322 1.160555808343
402.817553789990 -92.986618742524 2323 1.159749430441
402.817646340408 -92.943215322274 2324 1.160337538575
402.818536814139 -92.899808249492 2325 1.160546505829
402.819481851362 -92.856420452102 2326 1.161187384877
402.820244342118 -92.813035279950 2327 1.162485286842
402.820480641157 -92.769659700456 2328 1.163542004626
402.820198033025 -92.726310204420 2329 1.164477456975
402.819737183046 -92.682978013035 2330 1.165929591562
402.819684278753 -92.639624615873 2331 1.168966960282
402.819978747940 -92.596251985006 2332 1.172617163679
402.819873418084 -92.552839902746 2333 1.175376088722
402.818993828049 -92.509428261895 2334 1.175447212744
402.818110328780 -92.466016377323 2335 1.175420544631
402.817282607237 -92.422603373624 2336 1.175424604334
402.816486207840 -92.379189793537 2337 1.175446046299
402.815706891647 -92.335775894975 2338 1.175455448947
402.815000498445 -92.292360766257 2339 1.175440445252
402.814326744829 -92.248945100063 2340 1.175436679714
402.813311386315 -92.205537169852 2341 1.175196484291
402.812860042546 -92.197031149714 2342 1.174960015967
402.809899048489 -92.152769303965 2343 1.174315767404
402.805933056537 -92.103657648405 2344 1.174310474395
402.802609315907 -92.054500937516 2345 1.174928129238
402.801294839613 -92.005250925566 2346 1.175336879891
402.800351683463 -91.955988419570 2347 1.175390676610
402.798259751110 -91.906762262487 2348 1.175920404390
402.795425818139 -91.857578860621 2349 1.176213081697
402.792323869936 -91.808414505294 2350 1.176959968755
402.790065040305 -91.759199673856 2351 1.177312503761
402.788397783092 -91.709959287692 2352 1.176651047442
402.786796276903 -91.660716690744 2353 1.176316765267
402.784268374408 -91.611519628409 2354 1.176765336646
402.781071123341 -91.562363895644 2355 1.177395016281
402.778822865486 -91.513158740807 2356 1.174369718831
402.778007516182 -91.463920586681 2357 1.171061612826
402.777849530445 -91.414690688271 2358 1.168261338147
402.777890195082 -91.365469192507 2359 1.165780958438
402.778066280119 -91.316254230513 2360 1.163648109125
402.778255936055 -91.267039964431 2361 1.161575270092
402.778364315836 -91.217821582318 2362 1.159424128926
402.778402437563 -91.168599774642 2363 1.157201793153
402.778426847758 -91.119377330432 2364 1.154988375761
402.778451706153 -91.070154906818 2365 1.153494416203
402.778472707264 -91.020932306997 2366 1.153550056945
402.778155091097 -90.971702244123 2367 1.153696588234
402.776923790462 -90.922455008244 2368 1.153365395658
402.775210170269 -90.873219582589 2369 1.153908984296
402.772234638668 -90.824057797619 2370 1.154304063971
402.767586151455 -90.775072689267 2371 1.154302160006
402.762935569850 -90.726105324492 2372 1.156273488922
402.760710903325 -90.676884937682 2373 1.158888336963
402.759075592532 -90.627644400089 2374 1.159326166247
402.756464488371 -90.578447246837 2375 1.159790797683
402.752086141045 -90.529423142292 2376 1.160125015403
402.747306031257 -90.480457353625 2377 1.161707784830
402.743489104846 -90.431363326124 2378 1.164768045166
402.740243006557 -90.382211598354 2379 1.166986942212
402.737432330238 -90.333024957688 2380 1.162307803194
402.736740053497 -90.283790480671 2381 1.160587535454
402.736782717262 -90.234569652021 2382 1.160674700611
402.736314379718 -90.185330950845 2383 1.160876650999
402.735076874851 -90.136085483997 2384 1.160588203587
402.733558224407 -90.086841350638 2385 1.161211673850
402.731097876744 -90.037637775372 2386 1.161565051644
402.728030796624 -89.988471196970 2387 1.160986931420
402.725741767525 -89.939260347046 2388 1.156738685560
402.724908453172 -89.890025440522 2389 1.155553547674
402.724816844321 -89.840798423222 2390 1.155606843167
402.724198420006 -89.791560677694 2391 1.155693825733
402.722930474993 -89.742314065087 2392 1.155229210235
402.721469011484 -89.693068908704 2393 1.154684323325
402.719955165968 -89.643824614767 2394 1.154112669423
402.718407443426 -89.594580921210 2395 1.154409335295
402.716459244236 -89.545352007782 2396 1.154736161930
402.713773938271 -89.496158378416 2397 1.155275078244
402.710692926075 -89.446992258799 2398 1.156210523716
402.707497043460 -89.397835897744 2399 1.157261155749
402.704204774634 -89.348688045989 2400 1.158408453254
402.700919716147 -89.299539574700 2401 1.159548520271
402.697721557489 -89.250383346133 2402 1.160601431958
402.694600017643 -89.201220581702 2403 1.161577512795
402.691820516610 -89.152036751051 2404 1.160923011882
402.690074419391 -89.102797898883 2405 1.160093264293
402.688570394993 -89.053553426827 2406 1.159586992334
402.687014549042 -89.004309890608 2407 1.159022685019
402.685425411199 -88.955067014062 2408 1.158318377701
402.683855797067 -88.905823747616 2409 1.157579480298
402.682346124498 -88.856579364725 2410 1.156894077487
402.680850450212 -88.807334743387 2411 1.156222674988
402.679354775927 -88.758090122048 2412 1.155586855204
402.677859101644 -88.708845500709 2413 1.155004721176
402.676340847861 -88.659601268438 2414 1.154425944144
402.674794800914 -88.610357543854 2415 1.154254875757
402.673241089653 -88.561113963339 2416 1.155020561031
402.670762568946 -88.511908813006 2417 1.155352386464
402.667800102314 -88.462733635675 2418 1.156169004263
402.664740504722 -88.413565707290 2419 1.157082976651
402.661631545898 -88.364401857146 2420 1.158046441102
402.658499316968 -88.315239950297 2421 1.159033238240
402.655781834915 -88.266048136595 2422 1.158578970352
402.653810664067 -88.216819397010 2423 1.157808791778
402.652229705899 -88.167576497913 2424 1.158571033120
402.650260547204 -88.118347088020 2425 1.158683669419
402.647647719139 -88.069148820346 2426 1.159149974555
402.644718642327 -88.019970672240 2427 1.159933104790
402.642229524505 -87.970767562360 2428 1.158758967046
402.640416294725 -87.921531446763 2429 1.157854192598
402.638865570524 -87.872287826160 2430 1.157263005300
402.637329255205 -87.823043926445 2431 1.156698513046
402.635767094699 -87.773800509474 2432 1.156261340188
402.634198738506 -87.724557213447 2433 1.157453224258
402.632228153373 -87.675331613887 2434 1.157392496300
402.629369872885 -87.626148727776 2435 1.158104690992
402.626374032733 -87.576976376615 2436 1.158780197628
402.623919565631 -87.527770629213 2437 1.157155377443
402.622258082561 -87.478529526013 2438 1.156404259117
402.620764320483 -87.429284874992 2439 1.155932817481
402.619237175754 -87.380040816089 2440 1.155508779848
402.617645957597 -87.330797982631 2441 1.155923421848
402.615988047322 -87.281557107771 2442 1.156456639647
402.613823119799 -87.232333643356 2443 1.156474371701
402.610986847798 -87.183148579124 2444 1.157164483892
402.608019165684 -87.133973482008 2445 1.157176496223
402.605780444252 -87.084752683913 2446 1.155861670255
402.604144892672 -87.035510935737 2447 1.156548055185
402.602621615416 -86.986266802592 2448 1.156941740656
402.600186844865 -86.937057536137 2449 1.157229678119
402.597237261955 -86.887881372295 2450 1.158033381443
402.594183015972 -86.838713013687 2451 1.157447311179
402.592142343642 -86.789487952710 2452 1.156223539711
402.590578681037 -86.740244939124 2453 1.155516643927
402.589088116772 -86.691000233055 2454 1.154908382624
402.587583008228 -86.641755773366 2455 1.154542164462
402.586067166269 -86.592511498157 2456 1.155150000380
402.584458380561 -86.543269112338 2457 1.155782059271
402.582025404684 -86.494064998589 2458 1.156068428317
402.578998088561 -86.444894866353 2459 1.156950053861
402.576240778633 -86.395706246620 2460 1.155976192758
402.574202386020 -86.346480161306 2461 1.154902372415
402.572606617189 -86.297237558324 2462 1.154336062152
402.571063945620 -86.247993779671 2463 1.153836584022
402.569482975305 -86.198750741550 2464 1.154145475720
402.567882038031 -86.149508110463 2465 1.155182708167
402.565894000476 -86.100281028849 2466 1.155023560671
402.563208279140 -86.051086353842 2467 1.155562846392
402.560252070023 -86.001910242396 2468 1.156373171914
402.556790815347 -85.952787792431 2469 1.157690401725
402.552259150046 -85.903785646263 2470 1.160082268017
402.547747519763 -85.854784314964 2471 1.162454153837
402.544427331099 -85.805652565786 2472 1.161047470901
402.542644446821 -85.756415005093 2473 1.160192824914
402.541172648276 -85.707170006234 2474 1.159950202469
402.539647810248 -85.657925893112 2475 1.160150647970
402.538072593653 -85.608682818397 2476 1.161394884547
402.536234635138 -85.559447948634 2477 1.161085461187
402.533475626765 -85.510257473961 2478 1.161698147369
402.530496582313 -85.461083118812 2479 1.162531363069
402.527452385174 -85.411913937164 2480 1.163429895018
402.524264195486 -85.362756822831 2481 1.164472808605
402.521045153115 -85.313602405281 2482 1.164218509852
402.518748939615 -85.264385598996 2483 1.163328164770
402.517078554960 -85.215145203692 2484 1.164575506869
402.515547346982 -85.165901222208 2485 1.164602488176
402.513132207089 -85.116692426173 2486 1.164870834130
402.510250908885 -85.067511064401 2487 1.165606091100
402.507345881832 -85.018331051919 2488 1.164810425048
402.505270233897 -84.969107503950 2489 1.164760841087
402.503645212339 -84.919865666681 2490 1.165771185161
402.501721077317 -84.870633224709 2491 1.165547962239
402.499140445854 -84.821433590212 2492 1.165982041796
402.496217363874 -84.772255035110 2493 1.166759165158
402.493190906288 -84.723084459183 2494 1.167639913645
402.490094374426 -84.673919585386 2495 1.168590918330
402.486980677252 -84.624756121712 2496 1.168809886669
402.484501037291 -84.575555482405 2497 1.167901369034
402.482746897759 -84.526317007146 2498 1.169098375638
402.481033013714 -84.477077314037 2499 1.169065363693
402.478739385384 -84.427864770395 2500 1.169212150206
402.475748748699 -84.378691611378 2501 1.170056999253
402.472902812349 -84.329510220592 2502 1.168507621790
402.470808464030 -84.280285618646 2503 1.169222996228
402.469253019812 -84.231042152537 2504 1.170112053148
402.467405344984 -84.181813955400 2505 1.169812627661
402.464464907988 -84.132637151479 2506 1.170607165866
402.461259526149 -84.083481549016 2507 1.171667321157
402.458132547727 -84.034319266639 2508 1.172648856411
402.455129035336 -83.985146834895 2509 1.173506600625
402.452230914477 -83.935967171164 2510 1.172557039132
402.449934298363 -83.886750041864 2511 1.172830532398
402.448259784859 -83.837509095036 2512 1.173935331958
402.446659078420 -83.788267541406 2513 1.173388590641
402.443922441409 -83.739075503995 2514 1.173978858611
402.440809417167 -83.689911981989 2515 1.174946398920
402.437675911828 -83.640750182393 2516 1.175934475928
402.434546503969 -83.591588036689 2517 1.176918444266
402.431418292433 -83.542425790090 2518 1.176497412034
402.429074027870 -83.493211803692 2519 1.176503643378
402.427341072184 -83.443973202956 2520 1.177684035759
402.425667579804 -83.394732211891 2521 1.177210035751
402.423050561330 -83.345536864452 2522 1.177680654577
402.419985936890 -83.296369623124 2523 1.177568076478
402.417331294011 -83.247173751448 2524 1.177114888462
402.415451868001 -83.197941711602 2525 1.178498176569
402.413936218168 -83.148697561774 2526 1.178208161428
402.411671619062 -83.099485164741 2527 1.178325952685
402.408673429053 -83.050313468312 2528 1.179178411619
402.405494501754 -83.001155550545 2529 1.180212036604
402.402409481296 -82.951989837849 2530 1.181151504262
402.399415197744 -82.902816681927 2531 1.181607381136
402.396693639591 -82.853624946202 2532 1.180849854023
402.394606746926 -82.804400775279 2533 1.182333699559
402.392995825023 -82.755158420015 2534 1.181978383482
402.390889413516 -82.705940926680 2535 1.181937915331
402.387860786879 -82.656771003396 2536 1.182820859249
402.384662957989 -82.607614761601 2537 1.183873440905
402.381565119974 -82.558450058608 2538 1.184825757947
402.378568089303 -82.509277115631 2539 1.185307537831
402.375774946288 -82.460090943355 2540 1.184249496538
402.373650156118 -82.410866527039 2541 1.184938587864
402.372041301852 -82.361624106718 2542 1.185762932561
402.370358493055 -82.312386031442 2543 1.185298367187
402.367809236379 -82.263182625337 2544 1.185700937399
402.364808014474 -82.214010019671 2545 1.186556385724
402.361754317251 -82.164841625597 2546 1.187464443053
402.358800984295 -82.115665275137 2547 1.188271884730
402.355878761926 -82.066486547583 2548 1.188111384631
402.352958176893 -82.017307696095 2549 1.186687109540
402.351057264488 -81.968073411892 2550 1.187566005025
402.349524145970 -81.918829550310 2551 1.188961888287
402.348033429642 -81.869584847700 2552 1.188305124124
402.345658649776 -81.820372634759 2553 1.188532999487
402.342831576333 -81.771187274650 2554 1.189213908965
402.339917518674 -81.722007934942 2555 1.189981982387
402.336996933642 -81.672829083454 2556 1.190756598257
402.334076348609 -81.623650231965 2557 1.191531214129
402.331155763577 -81.574471380478 2558 1.192305829999
402.328210318229 -81.525294427637 2559 1.193105365309
402.325241777167 -81.476119253887 2560 1.193928051923
402.322265421658 -81.426944686548 2561 1.194758571988
402.319314869404 -81.377768129586 2562 1.195563226605
402.316388035002 -81.328589752648 2563 1.196344106589
402.313467092544 -81.279410928208 2564 1.195140262742
402.311064223471 -81.230203138620 2565 1.195455024782
402.309284922871 -81.180965611942 2566 1.196874690884
402.307699537900 -81.131722663430 2567 1.196444961025
402.305701326016 -81.082496261617 2568 1.196296007816
402.303008662631 -81.033302118490 2569 1.196842252171
402.300056328436 -80.984125703008 2570 1.197648693202
402.296696749366 -80.934989256196 2571 1.198863734026
402.292595616399 -80.885929092512 2572 1.200822948628
402.288329555291 -80.836889839612 2573 1.202947845966
402.283894354261 -80.792272063041 2574 1.205434408688
402.283130446277 -80.784861240978 2575 1.205874630296
402.278718812564 -80.742453379345 2576 1.208433955291
402.274066611694 -80.700092808422 2577 1.211235679805
402.269376754644 -80.657740013026 2578 1.214075363577
402.264503093083 -80.615428136049 2579 1.217100460448
402.259001191269 -80.573219950205 2580 1.220757719534
402.252049100254 -80.531143416521 2581 1.225869527429
402.244262159671 -80.489167117821 2582 1.231819759951
402.236954697325 -80.447165792332 2583 1.237289879102
402.231584105554 -80.405017508037 2584 1.240149814078
402.226591508092 -80.362869304849 2585 1.239335852914
402.220977480470 -80.320795734667 2586 1.239809599324
402.212885503799 -80.278898499266 2587 1.243169496097
402.204876353629 -80.236985115559 2588 1.247847812561
402.197344040673 -80.195017359599 2589 1.253456292583
402.190881557640 -80.152933528228 2590 1.258453799877
402.184312203017 -80.110878770634 2591 1.263016824032
402.177269597673 -80.068967416988 2592 1.264291769038
402.169936615187 -80.027148322049 2593 1.266523591264
402.162378779567 -79.985381189736 2594 1.269325926162
402.154189013499 -79.943686774277 2595 1.273995883884
402.144970063507 -79.902132342834 2596 1.279967407286
402.135608510049 -79.860623208197 2597 1.286088568936
402.126107384523 -79.819144241639 2598 1.292381050512
402.116390508612 -79.777723680725 2599 1.298925967934
402.106558065249 -79.736352398053 2600 1.305502045551
402.096594301014 -79.695061715521 2601 1.310258583986
402.086609398383 -79.653786939454 2602 1.314319047590
402.076395001165 -79.612544501235 2603 1.318465835636
402.065114386248 -79.571455332777 2604 1.323546838232
402.054077393081 -79.530266899556 2605 1.328390641272
402.043005233346 -79.489079163095 2606 1.333385343121
402.031635443077 -79.447962831091 2607 1.338823235689
402.019847728541 -79.407007498908 2608 1.344677634531
402.007962149238 -79.366128110962 2609 1.348325583839
401.996145871036 -79.325259011892 2610 1.351595113918
401.984124938904 -79.284445063907 2611 1.354791349668
401.970203874788 -79.244326344611 2612 1.359790366765
401.955407492864 -79.204515488189 2613 1.365775834564
401.940565323723 -79.164785117208 2614 1.372119988854
401.926546026689 -79.124866366877 2615 1.377833884946
401.913810753379 -79.084421757574 2616 1.382182458618
401.900952130759 -79.043927467505 2617 1.384689339934
401.885630399434 -79.004047655539 2618 1.389424814431
401.869483499646 -78.964475719922 2619 1.395228570938
401.852839542814 -78.925157123107 2620 1.402565544035
401.836020077630 -78.885981201426 2621 1.410531300189
401.819085579526 -78.846898782613 2622 1.412894552903
401.802214011517 -78.807805159937 2623 1.415278810099
401.785622360844 -78.768644857033 2624 1.417675950562
401.768691584771 -78.729674293841 2625 1.420729937701
401.751066965889 -78.691004273738 2626 1.424668317944
401.731477352803 -78.653082939392 2627 1.430877270086
401.711873041754 -78.615157095388 2628 1.436464992624
401.691986917680 -78.577337669601 2629 1.439041042072
401.671575318478 -78.539783247837 2630 1.440762485394
401.651398719683 -78.502126326383 2631 1.441631396078
401.632111906312 -78.464064289420 2632 1.442563774303
401.612611748069 -78.426208567153 2633 1.444241949555
401.592138558509 -78.388946461976 2634 1.446847105446
401.568421867463 -78.353385976251 2635 1.445742490627
401.544734929136 -78.317811372299 2636 1.445508134632
401.521941441363 -78.281688379409 2637 1.446623751434
401.500205189245 -78.244954757307 2638 1.449347943460
401.478172319925 -78.208399666270 2639 1.451747817299
401.454845873909 -78.172591155180 2640 1.452658356194
401.431019049209 -78.137102777952 2641 1.452975129936
401.407187403632 -78.101617520132 2642 1.453279033644
401.383325592890 -78.066152352122 2643 1.451595004224
401.358859137591 -78.031124355649 2644 1.450515166323
401.333319186987 -77.996862729898 2645 1.450972766987
401.307027562499 -77.963174196854 2646 1.448560182025
401.280907532107 -77.929370771384 2647 1.447440036463
401.255576391876 -77.895004375859 2648 1.448416341773
401.230310713378 -77.860594897160 2649 1.449707507020
401.204569579701 -77.826520211802 2650 1.451289402534
401.178073135038 -77.792989430516 2651 1.452244295697
401.151524113344 -77.759499544279 2652 1.453249170142
401.124658775968 -77.726258803706 2653 1.453851534942
401.097355324537 -77.693369437218 2654 1.453892377536
401.070143965340 -77.660411973512 2655 1.454047568182
401.043361712943 -77.627119788285 2656 1.454746707227
401.016464150031 -77.593946199136 2657 1.455281354895
400.989328724868 -77.560970556832 2658 1.455507002693
400.961503042311 -77.528539501612 2659 1.455402239921
400.933836817807 -77.495958311746 2660 1.455765512480
400.906115299771 -77.463430748683 2661 1.454358619579
400.877843559882 -77.431383849002 2662 1.453644490325
400.849611891785 -77.399303369348 2663 1.449136965783
400.821062763460 -77.367494633881 2664 1.445015602928
400.792382447945 -77.335799848751 2665 1.442145077348
400.763479523751 -77.304310518077 2666 1.440284890177
400.733898980891 -77.273490913939 2667 1.439752155657
400.703026254999 -77.243975258091 2668 1.442265215223
400.672064634114 -77.214531499025 2669 1.440757548983
400.641750599570 -77.184412318350 2670 1.437617938215
400.612214400920 -77.153537064665 2671 1.433839252683
400.582271634026 -77.123080930334 2672 1.431084031950
400.550852341384 -77.094121195849 2673 1.430571668214
400.518482427388 -77.066215508243 2674 1.431310935487
400.486114846686 -77.038304356107 2675 1.431755973126
400.453976799634 -77.010122918625 2676 1.431630238969
400.421836547236 -76.981949941386 2677 1.430784484948
400.389625528502 -76.953859238087 2678 1.429719050231
400.357262524405 -76.925940238605 2679 1.427260971466
400.324828929108 -76.898101725184 2680 1.424111843298
400.292269732599 -76.870411726886 2681 1.420458894757
400.259386773509 -76.843100537991 2682 1.416752806008
400.226475882764 -76.815823307900 2683 1.412112739039
400.193197200183 -76.789009876233 2684 1.407691059065
400.159072213797 -76.763273868757 2685 1.404894557686
400.124784756091 -76.737748975989 2686 1.402811066766
400.090294909657 -76.712501611151 2687 1.401753052793
400.055328634368 -76.687915906152 2688 1.400039973334
400.020109404579 -76.663699911976 2689 1.392631276804
399.984406916749 -76.640195299912 2690 1.386146266297
399.948506336922 -76.616993178453 2691 1.380104530601
399.912583444081 -76.593838010395 2692 1.374328279229
399.876930182149 -76.570287995973 2693 1.368487402581
399.841157382415 -76.546930607956 2694 1.363353341776
399.804996835846 -76.524162879234 2695 1.356682039916
399.768352259358 -76.502154640395 2696 1.349656912328
399.731464542291 -76.480631340711 2697 1.340985747215
399.693593029122 -76.460923865188 2698 1.332257845489
399.655599610860 -76.441477606093 2699 1.324866456047
399.617524503785 -76.422172146562 2700 1.317951771918
399.578939139496 -76.403789472559 2701 1.312722750910
399.540309442442 -76.385496788837 2702 1.307643922885
399.501860210060 -76.366822049712 2703 1.301594753196
399.463337297023 -76.348313154696 2704 1.295097941862
399.424024539564 -76.331555130841 2705 1.287516280519
399.384309397693 -76.315748345651 2706 1.280994056783
399.344551373371 -76.300048383742 2707 1.274660096166
399.304784355519 -76.284371236798 2708 1.267615209700
399.264851676616 -76.269247982617 2709 1.258033930074
399.224227039803 -76.256156724330 2710 1.250685061906
399.183640606339 -76.242946335230 2711 1.243472666992
399.143438137728 -76.228554790952 2712 1.235138936888
399.103522577699 -76.213388423582 2713 1.225898301963
399.063707372827 -76.198028882167 2714 1.216215773485
399.023809933603 -76.182967673746 2715 1.206664210606
398.983749159050 -76.168302847561 2716 1.197588629995
398.943369559110 -76.154623796166 2717 1.189766842349
398.902534235990 -76.142435682914 2718 1.183625802745
398.861667521830 -76.130320585549 2719 1.177643183895
398.820674153221 -76.118527485263 2720 1.171895088411
398.779511427905 -76.107185130297 2721 1.166379353670
398.738087869234 -76.096871024779 2722 1.161983749014
398.696326918947 -76.088263325016 2723 1.159818564929
398.654525863355 -76.079897576846 2724 1.158299469110
398.612736046727 -76.071453871297 2725 1.157634542962
398.570978120620 -76.062785686635 2726 1.157862301662
398.529216034355 -76.054146277734 2727 1.152673038796
398.487433098990 -76.045651643830 2728 1.147481793904
398.446265112914 -76.035503424561 2729 1.141496068726
398.405305385030 -76.024852106436 2730 1.135383403303
398.364517352210 -76.013693777167 2731 1.129620286777
398.323774636365 -76.002369587425 2732 1.123688285567
398.282241161250 -75.993152368537 2733 1.119912820849
398.240352157098 -75.985074128086 2734 1.117265121450
398.198316287152 -75.977541893081 2735 1.115041227585
398.156389759147 -75.969424749637 2736 1.110532958393
398.114747336407 -75.959817097595 2737 1.103505369958
398.073128191709 -75.950179385124 2738 1.096720312192
398.031329341744 -75.941848056030 2739 1.092188164971
397.989244620606 -75.935767492212 2740 1.090792138531
397.947126511445 -75.929692520308 2741 1.089817525308
397.904987496873 -75.923110459184 2742 1.083988795595
397.862905169318 -75.915882503944 2743 1.076563673110
397.820809264018 -75.908717360883 2744 1.069808524160
397.778696284170 -75.901642738426 2745 1.064431078663
397.736553409268 -75.894716271269 2746 1.059485874698
397.694387902454 -75.887994424277 2747 1.055192769866
397.652100388668 -75.882306590894 2748 1.051938395593
397.609672319799 -75.877754507540 2749 1.049824134960
397.567190824842 -75.873423197386 2750 1.047932407358
397.524778308158 -75.868151818819 2751 1.043860293165
397.482410866430 -75.862490536243 2752 1.037503959685
397.440139669232 -75.856627662364 2753 1.031304361183
397.397755942266 -75.852705997546 2754 1.027459258015
397.355398814342 -75.849452229031 2755 1.025268871278
397.313058423970 -75.845852274658 2756 1.024133914769
397.270584069081 -75.841863613547 2757 1.022649763942
397.228073801249 -75.837816755988 2758 1.019312112853
397.185534875395 -75.833964954314 2759 1.014698705616
397.142968014533 -75.830326478059 2760 1.010298089002
397.100320589686 -75.827894842706 2761 1.007102675971
397.057616657671 -75.826796777332 2762 1.005027951351
397.014876705794 -75.827493636726 2763 1.002111748568
396.972135087081 -75.828003157896 2764 0.998786978984
396.929445734859 -75.827315050660 2765 0.994625615850
396.886842791813 -75.823947201010 2766 0.988900476381
396.844280119113 -75.820292198466 2767 0.984074850094
396.801684404805 -75.817456085576 2768 0.980277345745
396.759038121411 -75.816186092684 2769 0.977092829596
396.716296705693 -75.816546825443 2770 0.973471269210
396.673557212618 -75.817203275764 2771 0.970397105734
396.630818402203 -75.817967565521 2772 0.968448646106
396.588095848877 -75.819011933869 2773 0.967176491267
396.545426248574 -75.821191915721 2774 0.968440440106
396.502800239107 -75.823909457777 2775 0.970194844652
396.460158685300 -75.826292490598 2776 0.969238351637
396.417438118492 -75.827707731075 2777 0.966821028688
396.374749036260 -75.829490014564 2778 0.965064635776
396.332115513813 -75.832089625199 2779 0.965468979963
396.289569227103 -75.836213156018 2780 0.968073874379
396.247013452615 -75.840218391992 2781 0.971176357115
396.204411765187 -75.843492220309 2782 0.970887514896
396.161753268162 -75.845657157962 2783 0.969475351575
396.119105142990 -75.848038417830 2784 0.967824960597
396.076561969740 -75.851891645179 2785 0.964692660050
396.034122514674 -75.856887241210 2786 0.960626551543
395.991709672300 -75.861853977391 2787 0.957429657163
395.949220638788 -75.865644456078 2788 0.955935725280
395.906669799079 -75.868632161066 2789 0.956610925296
395.864050078807 -75.871138106886 2790 0.958020119766
395.821389673345 -75.873277695191 2791 0.960014424447
395.778726875363 -75.875396311390 2792 0.962029834295
395.736079945943 -75.877084386222 2793 0.964472235198
395.693457337731 -75.877344752745 2794 0.968333307005
395.650836799369 -75.877598419145 2795 0.972576578779
395.608204713746 -75.878462860308 2796 0.977579898218
395.565545727227 -75.880622750496 2797 0.981618015013
395.522887697543 -75.882628620625 2798 0.986520923781
395.480238857335 -75.883826571202 2799 0.992122209815
395.437616867146 -75.884105764419 2800 0.996182502707
395.394993613812 -75.884331823723 2801 0.999946504138
395.352372724130 -75.884416518165 2802 1.003903731086
395.309754043455 -75.884422068003 2803 1.007989474112
395.267132947823 -75.884865882222 2804 1.011653774123
395.224466852794 -75.886884103602 2805 1.013757897935
395.181804001271 -75.888936496419 2806 1.015837124448
395.139157670641 -75.890392884968 2807 1.018509838147
395.096540821630 -75.890581630193 2808 1.022382486797
395.053878980061 -75.890426069411 2809 1.026500333153
395.011168410209 -75.890736453366 2810 1.030096857193
394.968432016039 -75.891622102160 2811 1.033134578502
394.925693778106 -75.892414771207 2812 1.036330896411
394.882954113567 -75.893128669006 2813 1.035292654546
394.840215849659 -75.893889231687 2814 1.033616281379
394.797519484736 -75.895318005001 2815 1.032978893616
394.754909083600 -75.898190421178 2816 1.034828979104
394.712284205341 -75.900566952144 2817 1.036003137341
394.669590283564 -75.901072343832 2818 1.032461359879
394.626877334421 -75.900521595281 2819 1.027639034819
394.584184429990 -75.900355913847 2820 1.023121964631
394.541546183316 -75.901622578615 2821 1.020144802970
394.498963632339 -75.905289769202 2822 1.019829833591
394.456404201955 -75.909241302037 2823 1.020825969487
394.413859742011 -75.913366536888 2824 1.022010692690
394.371277946354 -75.917004774568 2825 1.021215590820
394.328590684486 -75.918078694782 2826 1.023436114607
394.285866725163 -75.917761486444 2827 1.024152775026
394.243154315667 -75.917199631867 2828 1.022792890241
394.200425019028 -75.917023911021 2829 1.021808023033
394.157689309951 -75.917312149780 2830 1.021303752975
394.114948818180 -75.917948778982 2831 1.021186727673
394.072208979192 -75.918650988510 2832 1.021239442340
394.054981902335 -75.918937010726 2833 1.021259225572
